Date,Open,High,Low,Close,Volume,SMA_50,EMA_12,EMA_26,RSI,MACD,ADI,OBV,SO_K,SO_D,ADX,BB_High,BB_Low,ATR,VWAP
2020-04-01,69.46746717114614,70.60062594058955,66.5606754526072,66.9548110961914,38149007,,,,,,-30705409.128802974,38149007.0,,,0.0,,,0.0,68.0387041631294
2020-04-03,65.9202008562128,65.9202008562128,63.85095843387514,64.34363555908203,35346301,,,,,,-49220125.994060434,2802706.0,,,0.0,,,0.0,66.4353837456874
2020-04-07,67.54603148461406,68.2850471134713,65.92019559759699,66.26506805419922,42066469,,,,,,-79017269.49330226,44869175.0,,,0.0,,,0.0,66.57664175785378
2020-04-08,65.52605150496018,70.55135620707262,64.44216343472505,66.60993957519531,82179303,,,,,,-102875829.00973377,127048478.0,,,0.0,,,0.0,66.8361826915806
2020-04-09,68.5806522946852,75.13325936945405,68.08797518406583,73.5074234008789,112677273,,,,,,-42203488.234981194,239725751.0,,,0.0,,,0.0,68.7987360558143
2020-04-13,74.88692178950969,76.46348706049443,71.63524981000796,73.16255187988281,70409900,,,,,,-68068275.62733279,169315851.0,,,0.0,,,0.0,69.71485229201953
2020-04-15,74.29570661498468,77.5473708957413,70.89623018616157,71.83232116699219,81121081,,,,,,-126355164.54056576,88194770.0,,,0.0,,,0.0,70.36643052480358
2020-04-16,70.69916528906616,74.29570969580422,69.96014962402366,73.55669403076172,47910164,,,,,,-94778005.33097768,136104934.0,,,0.0,,,0.0,70.57670641056774
2020-04-17,77.1532324350224,77.1532324350224,73.60595150466993,75.7244644165039,58333485,,,,,,-83435451.92795552,194438419.0,,,0.0,,,0.0,71.08159635443661
2020-04-20,75.72447009567908,82.1785432260314,74.39424340586048,79.27174377441406,125425355,,,,,,-51682324.75972065,319863774.0,,,0.0,,,0.0,72.44381552001153
2020-04-21,76.85762916442035,76.85762916442035,72.91621228419366,73.55669403076172,58248325,,,,,,-90999899.6947754,261615449.0,,,0.0,,,0.0,72.59873522331965
2020-04-22,73.35961541767382,75.4288652020059,71.48744849684883,74.78838348388672,56529293,,72.59009229821365,,,,-52842670.04820328,318144742.0,,,0.0,,,0.0,72.68983920121325
2020-04-23,75.6259336931503,77.49810814804285,74.29570704702996,74.54204559326172,50366856,,72.89039280514412,,,,-95460778.97128038,267777886.0,,,0.0,,,0.0,72.85144754871511
2020-04-24,73.90156764527879,75.77374219582377,72.91621341000841,73.11328125,40047438,,72.92468333512194,,56.70506094306129,,-129984519.6121966,227730448.0,50.537607225196965,,0.0,,,4.947884400698446,72.8997001839556
2020-04-27,74.78838517498441,75.08398692396182,73.70449706008874,74.14790344238281,27835340,,73.1128710439313,,59.0861833219238,,-139925755.8096897,255565788.0,56.18277108129657,,0.0,,,4.735228777360115,72.94212788306874
2020-04-28,74.54204217579034,77.05469072156534,74.09862830230853,75.822998046875,34825405,,73.5298136597688,,62.66622981921759,,-134121521.64302301,290391193.0,64.16661543145561,56.96233124598305,0.0,,,4.608145466067022,73.04052736109224
2020-04-29,76.31567967924983,78.13859096089784,75.42886691457947,77.00543212890625,40784783,,74.06452419348226,,64.994720503302,,-127447693.32130662,331175976.0,70.83333150285385,63.72757267186868,0.0,,,4.472543936084976,73.1958566755182
2020-04-30,84.69118178595512,92.3769467637622,84.69118178595512,91.88426971435547,170634033,,76.80602350438582,,81.02880344883759,,21310190.160835475,501810009.0,97.97160185316955,77.65718292915967,0.0,,,5.251041843140046,75.58975013181208
2020-05-04,85.72581538811565,85.92288322102596,80.30636728886697,82.67121887207031,91159477,,77.70836125326036,,62.06998175387297,,6916678.435884774,410650532.0,56.70332460435919,75.16941932012753,0.0,,,5.702960456164936,76.1217627063577
2020-05-05,84.74045337841183,85.52873967271498,79.2224718712556,79.71514892578125,57122148,,78.01709781826358,,57.427128679670446,,-41280136.067080684,353528384.0,43.51647222816135,66.06379956189669,0.0,86.52595391695615,62.321648927282126,5.746053837971681,76.35381127898876
2020-05-06,80.35563974975102,82.7204838666188,79.17321017366102,81.9814682006836,53739248,,78.6270009540205,,59.903419937960535,,-9932250.89111083,407267632.0,53.62638784534294,51.28206155928783,0.0,87.19472632118337,63.15554223350412,5.588998113327832,76.54681257324764
2020-05-07,81.68586835996177,83.41023828757038,80.89758195742104,81.2917251586914,31159970,,79.03695852396987,,58.78277056375819,,-31316518.436363548,376107662.0,46.933997823066214,48.02561929885684,0.0,87.2304145326344,64.81466298201403,5.369259414529368,76.66470264637296
2020-05-08,83.26243774819065,83.70584417292308,79.37029129838523,79.86296844482422,35362751,,79.16403697333209,,56.42789676175678,,-58642269.424101084,340744911.0,40.09440457093829,46.884930079782485,0.0,87.07911839078245,66.32574916292849,5.295423233101403,76.7705627038785
2020-05-11,80.2570982580436,89.32236159784506,80.20783505760896,84.83899688720703,152588401,,80.03710772931285,,62.11959029347822,,-56167963.60525649,493333312.0,63.91512242065458,50.31450827155303,0.0,87.47399020579152,67.75378307912058,5.592849655952791,77.53820094486774
2020-05-12,84.69119196327232,86.41556184341293,82.27707713813788,84.93753051757812,77551590,,80.79101892750751,,62.22481697495535,,-34010406.712202236,570884902.0,64.38681221000276,56.13211306719855,0.0,88.34756266423372,68.0232213323483,5.488966445190095,77.86320225072025
2020-05-13,91.14527037017788,91.14527037017788,84.98680615597668,85.92288970947266,68086031,,81.5805375093483,77.74268091795093,63.32207983366558,3.837856591397369,-81398350.77846694,638970933.0,66.83548899741426,65.04580787602387,0.0,89.24307491242132,68.40374286711969,5.540307402862213,78.23455718723592
2020-05-14,82.72048235806604,84.05071654661515,81.3409924876026,82.57268524169922,46340453,,81.73317562201767,78.10045901600637,57.23476922553412,3.6327166060113,-85611119.2330123,592630480.0,49.620287458633534,60.28086288868352,0.0,89.38301353324891,69.33784065376281,5.471849532791345,78.34924698547636
2020-05-15,83.45949648474853,84.0999782087009,81.58732954687271,83.1146240234375,38592209,,81.94570614531303,78.47187864618645,57.93915708803258,3.473827499126571,-77287363.78516288,631222689.0,50.39578155349101,55.617186003179604,49.30924744352652,89.61691419248965,70.05973299378965,5.2604780420082635,78.4462192731548
2020-05-18,83.26243087546378,83.26243087546378,78.43419373536722,79.46881866455078,44221170,,81.56464653288806,78.54572605495417,51.76236368799529,3.0189204779338894,-102556554.6043104,587001519.0,29.380111598160447,43.13206020342833,47.87018602614893,89.62362296469449,70.4274596463895,5.229603691871714,78.49217843448508
2020-05-19,81.29171940244495,84.39558655588763,80.30636522786986,80.60197448730469,65378983,,81.41654314125985,78.69804075364681,53.42436191187485,2.718502387613043,-158483061.840862,652380502.0,30.523266462983244,36.76638653821158,46.69969545970992,89.68675394634269,70.49735173603037,5.207972563262081,78.60290593665263
2020-05-20,80.06002982915093,83.16389710451999,79.5180820047835,82.2278060913086,36351053,,81.54135282588273,78.95950485273288,55.77858585956385,2.5818479731498485,-140798832.63921127,688731555.0,27.20848851167004,29.03728885760458,45.38780909869372,89.67309514201789,71.37812174640986,5.0963898872959685,78.65886907871497
2020-05-21,81.88293193975252,83.9521742416473,81.68586410820289,82.8682861328125,37290144,,81.74549641156423,79.24904420681285,56.70695734297907,2.496452204751378,-139177543.54293823,726021699.0,34.88368865074764,30.87181454180031,44.29838038010234,89.73517807920067,72.12402907411965,4.894241333449428,78.73643775735906
2020-05-22,82.17853703209056,82.6712141036047,80.79903972831985,81.58732604980469,29252676,,81.72116250975508,79.4222502692567,54.253753511904094,2.2989122404983817,-143796312.93461895,696769023.0,24.806178147036537,28.966118436484745,43.01189090053212,89.58657246629373,72.97716273268087,4.692455981381086,78.77879163305562
2020-05-26,82.67121325430456,84.44484618294125,81.3902498744652,81.88292694091797,38014864,,81.7460493453186,79.60452261530568,54.74034372084237,2.141526730012913,-169548311.5437647,734783887.0,27.131715940615297,28.940527579466494,42.13255993341498,89.13156772902293,74.30913203904346,4.575466004745012,78.84829376154062
2020-05-27,82.86829261083544,84.74046722753317,82.76975868735798,83.31170654296875,57947903,,81.98691968341862,79.87912883216961,57.11477590277115,2.107790851249007,-195624691.05079892,792731790.0,38.37214539517395,30.103346494275268,41.36867345678835,88.74546407197822,75.61161600614678,4.452757024878597,78.9775805590279
2020-05-28,84.74046816771057,86.85898137543465,83.31170746729435,85.72582244873047,96179680,,82.5621354934666,80.31221724821116,60.85189408794726,2.2499182452554436,-160893247.51737025,888911470.0,57.36436749499514,40.95607627692814,41.03076594329939,88.72197784899298,76.62538466931757,4.388079725420547,79.25031007694209
2020-05-29,84.29706174831425,86.21849958924041,83.41024139186504,85.72582244873047,80813537,,83.0488565635072,80.71322504084222,60.85189408794726,2.3356315226649826,-108435352.71641436,969725007.0,57.36436749499514,51.03362679505475,40.71699468077394,88.70065267022196,77.518748880071,4.275235330560177,79.45558943288664
2020-06-01,87.5979902486624,89.8643004075154,86.7111699614347,88.23847198486328,71070852,,83.84725893602352,81.27065074039933,64.5779239140915,2.576608195624189,-110656115.6239602,1040795859.0,77.13176885934259,63.95350128311096,41.02064419083329,87.50868489190964,78.3461368854341,4.265466946861945,79.71871893461854
2020-06-02,88.68188255191467,95.87497158818806,88.43554398927047,95.08668518066406,125407771,,85.57640143519899,82.29406069893746,72.31267871567393,3.2823407362615313,-11824916.534295231,1166203630.0,95.48021072124084,76.6587823585262,42.046501207400105,90.54840540402446,76.54796300417865,4.506254993752148,80.38984040600364
2020-06-03,98.5354266589201,99.96418733841186,95.97350706931947,97.3037338256836,90598067,,87.38060641835047,83.40588833795569,74.27139448920153,3.97471808039478,-42024272.20096211,1256801697.0,87.64303621366594,86.75167193141647,43.38715482772198,93.4172803422263,75.43794655596706,4.532772648323266,80.99533371145436
2020-06-04,97.55006540366236,99.91491697758535,95.38228917953222,97.05738830566406,72078707,,88.86934209332179,84.41711055778595,73.64793934864886,4.452231535535844,-60827491.1230426,1184722990.0,86.49883931067802,89.87402874852826,44.41831418948827,95.63352859113144,74.72929031755996,4.532762301875398,81.43971501318192
2020-06-05,98.97883131996356,110.80308230975264,97.59934138527989,109.12798309326172,187209208,,91.98605609331254,86.24754556041378,81.73734007334896,5.738510532898758,78880936.6913286,1371932198.0,94.824971476418,89.65561566692065,46.187890063196505,101.17322135506038,71.97322334708807,5.190828852033483,83.03913971572526
2020-06-08,112.3303869573498,117.40496295939295,111.6899051773073,113.75914764404297,136943010,,95.33576248573262,88.28544201105298,83.79299729230951,7.050320474679637,41103430.39029405,1508875208.0,90.37710356859974,90.5669714518986,48.160423536177696,106.72012784728405,69.81593477478627,5.411268210183322,84.46859421950067
2020-06-09,115.7298515264957,116.17326544143255,108.63530406406802,109.8177261352539,79473751,,97.56375689335127,89.88042602025305,75.95687659146401,7.683330873098214,-13437447.50040219,1429401457.0,79.97397348905822,88.39201617802532,49.13047457427639,110.1268370457548,68.9070985011202,5.563174864981979,85.1688078719028
2020-06-10,109.37431993776497,111.34502840511207,106.91093435358107,109.76846313476562,84038431,,99.44140400741502,91.3536139546614,75.8613846291814,8.087790052753618,10840378.44736192,1345363026.0,79.13862252176433,83.16323319314077,49.563528673230515,113.03925323929792,68.47777556929583,5.482526235449767,85.81230546871971
2020-06-11,108.29043050549359,109.52212328304094,103.46219331397678,104.59535217285156,55485897,,100.23431910978988,92.33448345230511,66.41850539055943,7.899835657484772,-23894672.899590608,1289877129.0,65.00672662814337,74.70644087965532,49.076584942446495,114.6390257073015,68.74524934763014,5.541365062973987,86.15858123315397
2020-06-12,96.56470878391802,104.69388069684989,96.56470878391802,103.75779724121094,92989560,,100.77639266847004,93.18065484407592,65.00761240098453,7.595737824394121,47679178.44140735,1196887569.0,62.106693211743554,68.75068078721709,47.122535655805805,115.87183287889656,69.63095337598625,5.72620840939955,86.59502623655156
2020-06-15,103.11732057452755,103.11732057452755,98.58469266834464,99.0280990600586,69318356,,100.50742442102212,93.61379886007464,57.5704174373486,6.893625560947484,-8076977.991504386,1127569213.0,46.94166156781661,58.018360469234516,45.30806131821088,116.37968151587047,70.71445224267445,5.686700992504316,86.87537507406225
2020-06-16,100.50613862291804,101.98417007325507,90.65259562067118,93.36231994628906,215476711,,99.4081775787555,93.59517079238681,50.166379952921055,5.813006786368689,-120499609.81759149,912092502.0,29.479767578440917,46.176040786000364,42.19560191620486,116.1452898087514,72.33819407796734,6.089906239652857,87.38299628126829
2020-06-17,91.63794077046808,94.98814656023143,90.45551873533087,94.00279235839844,110830038,84.22610733032226,98.57657985254673,93.62536498246175,50.93457284814178,4.951214870084982,-57856560.845311135,1022922540.0,31.15939910109899,35.860276082452174,39.27367510150564,115.9063620902632,73.91720358356491,5.9786720671705496,87.55566119814591
2020-06-18,93.60864665783023,95.77642283652821,92.77109711231765,94.93887329101562,58964344,84.78578857421876,98.01693268923424,93.72266189420648,52.096849677219396,4.2942707950277565,-31757579.23901333,1081886884.0,26.80575623263058,29.148307637390165,36.69085157129303,115.72108496339128,75.37358743040754,5.766290185530551,87.66449335515817
2020-06-19,95.08667717910394,102.37829952331248,94.19985692467961,100.9988021850586,135462757,85.51889190673828,98.47568184243798,94.2616352490844,58.8866321714623,4.214046593353572,58006865.286366984,1217349641.0,43.36731160795873,33.77748898056277,35.28181817952863,115.88283565611056,77.02488834291287,5.938586786466431,88.06537524236168
2020-06-22,100.85099718902924,103.3636533144699,99.52077057106592,101.1466064453125,68545834,86.21652267456055,98.88659331980328,94.77163311547167,59.03913049211684,4.114960204331609,47461383.30784696,1285895475.0,39.670902379634185,36.6146567400745,34.106652216463026,115.70368839592632,79.15996364264791,5.788893640533398,88.29498853383942
2020-06-23,101.4914819345952,104.44754451521447,100.40759382523264,102.87097930908203,68638552,86.94174346923828,99.49957577969232,95.37158468536873,60.86301881112557,4.1279910943235905,62528413.67969613,1354534027.0,46.069449412488794,43.03588780002724,33.16570065422989,115.42286954053796,81.53958773485266,5.663969144065429,88.5380553428381
2020-06-24,103.7085278355685,109.17724656222613,102.67390293560976,103.26512145996094,125457492,87.53689743041993,100.07889049973366,95.9562911131163,61.287333964308786,4.122599386617367,-40118414.28420064,1479991519.0,47.53197363971197,44.42410847727832,32.905151824632014,115.02213118400651,83.93566758308334,5.723924464247639,89.03591993952247
2020-06-25,102.32902546424626,104.74314760672257,100.161249373291,102.2797622680664,63198285,88.1192416381836,100.41748615640023,96.42469638385334,59.54912114787088,3.9927897725468853,-44875252.14628893,1416793234.0,43.87564891664127,45.82569065628068,32.12215531555763,114.54005228346269,86.07314046556074,5.642351162046491,89.23592166727494
2020-06-26,103.85633377674988,104.49681550777245,98.88029207917751,99.9149169921875,56327855,88.6808935546875,100.34016782344443,96.68323124372995,55.482086730273245,3.6569365797144826,-80450695.86542168,1360465379.0,36.78159818959697,42.729740248650074,31.124110039511663,113.58939003631839,88.44271216705074,5.640506323942809,89.39211555266183
2020-06-29,99.91491438113631,99.91491438113631,96.61397941385901,97.99346923828125,43274006,89.16962905883788,99.97913727188087,96.78028590999301,52.35342831665504,3.1988513618878613,-87555524.62881243,1317191373.0,36.08486088045805,38.914035995565435,29.725108011835385,112.74262416155483,90.2649777671561,5.4733942706846435,89.48006912122842
2020-06-30,100.25979012448065,100.80173794302672,95.87496692953873,96.81105041503906,50764363,89.59136077880859,99.4917392939052,96.78256476221866,50.467418742183426,2.7091745316865428,-119029491.65702897,1266427010.0,33.33331670987796,35.39992525997767,28.571604797768096,112.65572837870664,90.5243100734418,5.434349752313454,89.57702248645066
2020-07-01,97.55006707809108,99.96418189265819,96.76178070070065,99.2744369506836,50857376,89.99141464233398,99.45830816417879,96.96714788729012,54.17149854855709,2.491160276888664,-90079812.88509405,1317284386.0,47.10525810915615,38.84114523316406,27.5004946704199,112.63428496966668,90.74282379498175,5.274924855145174,89.68155320534682
2020-07-02,99.27444246069341,101.44221884235067,98.92956997056471,100.06272888183594,48083736,90.52153533935547,99.55129596689528,97.1964501831824,55.32286582813031,2.354845783712875,-94793769.2494025,1365368122.0,51.31583065054252,43.91813515652555,26.769068248307885,112.60719265457453,91.07045016769109,5.0776194277623725,89.79409312537224
2020-07-03,101.34367213522484,104.79241163678677,100.60465652774727,101.93488311767578,87310642,91.06446533203125,99.91800168239996,97.5474452153671,58.0203346047986,2.3705564670328556,-126636536.67315117,1452678764.0,61.315731584634435,53.24560678144437,26.646942571083475,111.7171292140365,91.24120361067054,5.052766808275834,90.03641584989055
2020-07-06,103.46218599091975,108.2904228406938,102.96950891477252,107.40360260009766,91970198,91.72169647216796,101.06963259281498,98.27753094756937,64.72097613192274,2.7921016452456087,-65323114.653195865,1544648962.0,90.52628059478306,67.71928094332002,27.04650792207106,110.17649613783486,92.14628218247763,5.145822016471704,90.35653930914884
2020-07-07,108.19189652548444,110.95088383503268,106.46752663789574,107.452880859375,85835716,92.40848846435547,102.05167078767036,98.95718649659202,64.77553636230974,3.094484291078345,-113428807.63905543,1630484678.0,80.75883381356148,77.53361533099299,27.769777270100843,109.65397545592498,92.43231833679963,5.098503100804935,90.68159863816815
2020-07-08,107.89628154819862,109.22650817334389,102.67390144336964,103.80706024169922,55887256,93.0016716003418,102.32173070367479,99.316436403637,57.669456041262784,3.0052943000377894,-149986615.53981134,1574597422.0,57.352921516004606,76.21267864144973,27.456435653559033,108.49701844019728,92.99313506322068,5.202367645745601,90.85135523648401
2020-07-09,104.74315462835335,107.3543372482495,103.11731869231859,105.38362884521484,54492650,93.59288421630859,102.79279195621942,99.7658580659761,59.72693786297438,3.0269338902433134,-146184856.71294758,1629090072.0,63.07186471829766,67.06120668262126,27.165475581055926,108.62188141912532,92.94709975152898,5.133414139330265,91.01365966999384
2020-07-10,105.13729618156268,107.00947077280144,103.85634015846192,106.02411651611328,64694173,94.17325790405273,103.28991881158771,100.22943276598627,60.56551102452478,3.0604860456014364,-121924580.39871669,1693784245.0,67.32028075105671,62.58168899511966,26.895298370874475,108.96601319838874,92.8295998997558,4.99196531611664,91.20621575220277
2020-07-13,107.25580827334004,110.45820957581897,105.28509977950685,106.41825866699219,81893001,94.46393768310547,103.77120186626532,100.68786431420894,61.10226761075614,3.0833375520563777,-167940600.0239349,1775677246.0,69.93466336771384,66.7756029456894,27.205070963098017,109.6306709755038,92.90395808333408,5.004904207559174,91.4716291628114
2020-07-14,105.33436278681053,105.97484450394441,102.57536809038264,103.60999298095703,46924623,94.8827131652832,103.74640049929481,100.90431828952362,55.32415563686301,2.842082209771192,-186302363.9066084,1728752623.0,51.307168246592745,62.8540374551211,26.7449699308296,109.36227186108532,94.19712450121936,4.921903233919915,91.58878158495986
2020-07-15,105.23583407511119,105.23583407511119,100.99880790706924,101.68855285644531,49687046,95.32218124389648,103.42980855424103,100.96240973892522,51.72033397030197,2.4673988153158177,-219812314.14712924,1679065577.0,38.56207196782837,53.26796786071165,25.90711523717278,108.85803752988882,95.46993488222056,4.87298344350006,91.6966869177499
2020-07-16,102.42756149226345,102.42756149226345,99.12662657373839,101.44220733642578,44333785,95.71139602661133,103.12402375150023,100.99795030170303,51.259309743944364,2.126073449797204,-201946472.54619694,1634731792.0,36.92803855172644,42.26575958871585,24.657681516587616,108.324487621037,96.6538181956134,4.7606942631447025,91.77702051073423
2020-07-17,102.13196597005692,105.38363037156685,101.787093498062,104.84169006347656,42080157,96.18239532470703,103.3882801071889,101.28267176553811,56.96069664714766,2.105608341650793,-172547922.35360566,1676811949.0,59.47713290108535,44.989081140213386,24.079060565691695,108.56059237006873,96.80200223442345,4.702174889715871,91.87643206097296
2020-07-20,104.7924152707072,104.7924152707072,102.32902982702505,103.51145935058594,39786731,96.65536514282226,103.40723076001922,101.44776714220832,54.28482019672638,1.959463617810897,-174139245.89024532,1637025218.0,47.56945231833381,47.99154125704854,23.54176968271691,108.64564666924497,96.95343322577457,4.545780985911274,91.96544219279211
2020-07-21,104.44754149173697,108.09334889523532,103.95486440922878,106.86165618896484,66008143,97.09581832885742,103.93868082601085,101.84879596048658,59.451310567639425,2.0898848655242688,-147421692.74866536,1703033361.0,65.98352150046938,57.67670223996284,23.65821965101125,109.10782536098709,96.89032222202071,4.548360168678282,92.14463848886895
2020-07-22,106.91092796291687,108.14262068138365,102.7231727201298,103.60999298095703,50735592,97.469267578125,103.88811346523333,101.97925499903995,53.17036862172092,1.9088584661933794,-181552881.03362185,1652297769.0,37.916685235651634,50.489886351484934,23.410192249124467,109.12992060564773,96.9027141294597,4.610580725290823,92.26529445637806
2020-07-23,103.90559999350171,104.89095421825812,103.16658432493439,104.49681854248047,30722413,97.84074615478515,103.98176040019443,102.16574118744295,54.579755245865265,1.8160192127514847,-164874785.38821825,1683020182.0,45.41673823624378,49.77231499078827,23.179881090229603,109.26368916441706,96.99065119813176,4.404422808721744,92.33357758459391
2020-07-24,103.1665827598333,103.9548691347421,101.19587434021734,102.23049926757812,39363520,98.23390243530274,103.71233561056115,102.17053808226777,50.40482618051453,1.5417975282933867,-174715611.75973684,1643656662.0,26.250043662361765,36.52782237808572,22.375127498383897,109.21792508186208,97.26797350822581,4.325602908260414,92.40736665398188
2020-07-27,102.47683552210191,102.96951261595817,99.81638222234045,100.21051788330078,29644533,98.5758203125,103.17359442175186,102.0253514008628,46.95712236348601,1.1482430208890548,-196949117.5269494,1614012129.0,9.565224111788948,27.07733533679816,21.2335358260273,109.00879089494455,97.69881255964529,4.241854871500221,92.45425426526455
2020-07-28,100.80173909035118,105.6299687243995,100.50612981911489,104.89095306396484,64271161,99.08426300048828,103.43780344363078,102.2376181907222,54.69052176795505,1.2001852529085824,-151217725.38827312,1678283290.0,50.86956067098543,28.89494281504538,20.79483990455601,108.57828460660184,98.93730911288057,4.325968869328686,92.58547531678366
2020-07-29,106.51679096337415,107.15727271763146,103.31438970974378,104.20121002197266,44561639,99.55624771118164,103.55525060952952,102.3830694374815,53.453700579695884,1.1721811720480275,-175212427.2578438,1633721651.0,44.78265258527892,35.072479122684435,20.71699229695101,108.36459317510365,99.64367785150769,4.291462736368614,92.68444268402256
2020-07-30,104.84168972179563,105.18656219266661,101.34367926008248,102.13196563720703,33378340,99.95433090209961,103.33628369071067,102.36446915597969,49.814080059338956,0.9718145347309814,-194897042.42957366,1600343311.0,26.521793670988714,40.72466897575102,20.044489287890723,108.17759002611804,100.0376046760304,4.25942132181258,92.74553895685865
2020-07-31,102.47684305646736,103.85634052422031,100.80174382126074,103.11732482910156,33809018,100.35931167602538,103.30259771200159,102.4202362428776,51.50733311366021,0.8823614691239783,-177447234.7399523,1634152329.0,44.26243193725243,38.52229273117335,19.258112996237486,108.14199919993935,100.19143967335167,4.173362420465937,92.80490001786875
2020-08-03,101.49148207311666,112.7245213983326,101.39294815715937,111.39429473876953,194765344,100.9554510498047,104.54747417765819,103.08498131664739,62.84690110328573,1.4624928610108014,-28409354.60285139,1828917673.0,90.21740735075318,53.66721098633144,20.243946961280653,109.2647925384573,99.46771554870091,4.684663193373601,93.33183215844608
2020-08-04,111.29575748306435,113.4142705851239,109.17725189866098,109.8177261352539,95906477,101.5141470336914,105.35828217113445,103.5837031550627,59.97027977760285,1.7745790160717547,-95321091.58098471,1733011196.0,74.82758916022831,69.76914281607797,21.262849825819668,109.77392075879295,99.19507185595315,4.652688585737124,93.61590063698802
2020-08-05,110.75381439256668,115.92692398035527,110.35967120615636,113.70987701416016,99371050,102.12211044311523,106.64314291621531,104.33379010758843,64.31307572697617,2.3093528086268833,-75095104.27730685,1832382246.0,86.23853251184333,83.76117634094162,22.57508302367999,111.60738933956867,98.35188495242352,4.7567249614059985,93.94254866119353
2020-08-06,114.49815220800106,115.97618347153457,113.80840729208104,115.08937072753906,60092530,102.7093814086914,107.94256257949588,105.13049978314032,65.7320977335765,2.812062796355562,-64168924.50112594,1892474776.0,94.51222988253194,85.19278385153453,23.80069811434607,113.42694569473619,97.50290278548843,4.578837925403742,94.15100983289184
2020-08-07,115.28644757513689,117.94690105057751,114.30109332235794,117.3556900024414,56489390,103.34197875976562,109.39073602917982,106.03606942901447,67.98440500506001,3.354666600165345,-26000386.262981527,1948964166.0,96.73913883139775,92.49663374192433,25.224414027304938,115.53546329680289,96.52754253205454,4.512192911319159,94.35780063929903
2020-08-10,118.19322723734884,122.87365944794453,117.94688869994907,122.0361099243164,71093810,104.01793151855469,111.33617816689315,107.22125761385166,72.06757261708482,4.114920553041486,20921571.729236193,2020057976.0,96.36752633264925,95.8729650155263,27.155614441023054,118.6058539724328,95.01893698215706,4.584034092332298,94.6634596687081
2020-08-11,123.16927286694174,123.9575592203525,119.62199931190497,120.50881958007812,50224665,104.52637420654297,112.74735376892161,108.20552146320178,68.97616586908372,4.541832305719836,-8756611.697565679,1969833311.0,85.71428542792937,92.94031686399212,29.06708082143015,120.76066806930862,94.55400554519332,4.566285936340528,94.87850021882937
2020-08-12,119.22786308477697,124.54877748630653,118.8337198850977,123.51415252685547,50713617,105.05058258056641,114.40378434706528,109.33949413458353,71.56129227490374,5.064290212481751,23595134.751508094,2020546928.0,95.81672155725869,92.6328444392791,30.551408002666456,123.2433112248155,94.25392235672746,4.648341055259694,95.09969932219758
2020-08-13,124.2531678803208,129.96821794884158,122.57806868316007,129.2292022705078,95489249,105.69401885986328,116.68461787374875,110.81280584835571,75.70684416693997,5.871812025393041,99986514.52415097,2116036177.0,97.54901928679507,93.02667542399438,32.5160463181767,126.73884447682826,93.53708859812292,4.844184498861253,95.58086259291865
2020-08-14,129.22919669393073,130.70722798681737,121.88831094632278,122.77513122558594,75032834,105.96696182250976,117.62161992787756,111.69890402444683,64.30632566453619,5.922715903430728,40044113.6229648,2041003343.0,73.73573398826225,89.03382494410533,34.410674460519445,128.31765171862227,93.75162547253984,5.128093966120778,95.9241544546892
2020-08-17,122.67659247474334,124.40096224848472,118.83370976116002,121.74050903320312,61154250,106.12658905029296,118.25529517485073,112.44272661768804,62.676917743799535,5.812568557162692,42750135.736387394,1979849093.0,70.01647288512525,80.4337420533942,35.095342055759424,129.46702276906183,94.42515939036201,5.159462431921058,96.1655928065935
2020-08-18,122.18392514494786,125.63266496758753,121.78978194740067,123.76049041748047,62153763,106.4054443359375,119.10224828910147,113.28107949174674,64.56474375636375,5.82116879735473,44343797.02591286,2042002856.0,76.77102456900616,73.50774381413123,35.88894652935014,130.87066364994786,94.71140193232752,5.068940539239868,96.42592372358182
2020-08-19,125.13998137367018,125.73119238056582,122.92293445956973,123.31707763671875,45128613,106.67641662597656,119.75068357335027,114.02448676174467,63.801851391557676,5.726196811605604,11882919.973641936,1996874243.0,75.28831063497657,74.02526936303599,36.63888165556993,131.89517798120434,95.65759606664722,4.907463209365312,96.61367386756422
2020-08-20,121.6419723805228,123.80975612038073,119.32639152552157,119.9176025390625,43530882,106.98286163330079,119.77636341422908,114.46101385636081,58.130813156559526,5.315349557868274,-20167326.747638762,1953343361.0,63.19327812092886,71.75087110830385,36.10642945154347,132.33037894042067,96.7644735070891,4.8771704511863,96.77296708235512
2020-08-21,122.38099025931862,122.38099025931862,118.39031020687808,119.12932586669922,48650204,107.29029220581054,119.67681917614756,114.8068147460155,56.86854136482508,4.870004430132056,-50798916.30747323,1904693157.0,46.22426856067368,61.56861910552636,35.3177494632069,132.34038002885808,98.4443550785638,4.813849708418745,96.94093890750065
2020-08-24,120.21321312965955,121.19856733564038,119.03079108954498,119.4249267578125,31294253,107.69822875976563,119.63806649640371,115.14889711725974,57.24348032761081,4.4891693791439735,-70713598.79939678,1935987410.0,44.552059244145006,51.323201975249184,34.58540375975152,131.8675260032975,100.83864999157554,4.624844461109935,97.04732620139129
2020-08-25,120.01614499327773,126.47021803326058,119.32639254023465,125.23851776123047,90263366,108.33575271606445,120.49967438330015,115.89627642422053,63.891590484304395,4.603397959079615,-11575688.639573455,2026250776.0,67.63850966659285,52.80494582380385,34.8280253102853,132.40614439184586,102.33478807275377,4.804771677675363,97.39879705948138
2020-08-26,128.5887253809552,136.96423622952318,126.47021982750111,135.88034057617188,197510376,109.17330368041992,122.86593072066503,117.37657747251322,72.36281060270153,5.489353248151815,145134172.126444,2223761152.0,95.217363903183,69.13597760464029,36.248616300449974,134.7617999114947,103.14704560852483,5.299125019862316,98.4010054679644
2020-08-27,138.04813041540905,144.69927131268722,137.2598440427433,142.13734436035156,181380747,110.11727310180665,125.83076358830913,119.21070835309384,75.9373216996548,6.62005523521529,201590188.36082473,2405141899.0,90.4235559522994,84.42647650735842,38.13832270221309,137.82950805656856,104.07987533576542,5.550539713908961,99.48063183281256
2020-08-28,142.03879143838458,144.05877040644322,138.44225488780782,140.7085723876953,95194825,110.91146850585938,128.11965724975315,120.80314272602727,73.59653766600275,7.316514523725871,183219400.28564197,2309947074.0,84.83140816947447,90.15744267498563,39.893050075278836,139.71729993058037,105.95120821761299,5.555252271389421,100.02198023114593
2020-08-31,142.3836702716267,145.78313897693212,136.17593631154554,141.1027069091797,160564488,111.71059051513672,130.11704950504955,122.30681414700152,73.83613074996842,7.810235358048033,187336438.4394882,2470511562.0,82.91365923891327,86.0562077868957,40.86519880854685,142.1181038193136,106.52124554592078,5.844677299532075,100.90276444571255
2020-09-01,141.29977328521727,143.02414297680616,138.34371095677915,141.6939239501953,58811543,112.48704940795898,131.89810711199505,123.74289635464551,74.21412262230895,8.155210757349536,212718488.9703334,2529323105.0,85.0719505420077,84.27233931679848,41.76790834658144,143.9394315679314,107.88753757879712,5.76151692242457,101.21598250811499
2020-09-02,142.1866144097735,149.42895877604252,139.37834891888,148.09873962402344,74947929,113.38372177124023,134.39051211384557,125.54703289311794,77.9334126130037,8.84347922072763,267827388.90108392,2604271034.0,95.71431356279925,87.89997444790674,43.12548220549913,147.1716156632801,108.09423974443472,6.067880703477281,101.6535843075921
2020-09-03,149.37969905372552,152.92696506514127,147.35971998643114,149.62603759765625,110156350,114.33064727783203,136.7344391113549,127.3306628712319,78.72158151890821,9.403776240123008,247356070.71258724,2714427384.0,90.44224902199743,90.40950437560146,44.62207599944736,150.21890115013903,108.50062094458754,6.032121015993913,102.3432143708697
2020-09-04,145.7338718521766,151.39965817895978,144.8470591368915,145.63534545898438,95560889,115.24505584716798,138.10380931868252,128.6865652851395,71.53215024570716,9.417244033543028,174787384.117195,2618866495.0,78.88730209662353,88.34795489380673,45.294879099077654,152.0167596596957,109.53072798068511,6.069298017856369,102.89297941249069
2020-09-07,147.80313260705307,149.77384104181377,145.83242417229235,147.2119140625,82617101,116.22942474365234,139.50505620234674,130.05881334272175,72.59690520245157,9.446242859624988,150002001.68981227,2701483596.0,83.4522161277762,84.26058908213238,45.91962483444864,154.02573638102697,110.03933167317226,5.931383558211585,103.3608179306349
2020-09-08,147.26118869254245,147.40900085026354,139.13201618319658,140.21591186523438,76286731,117.09752197265625,139.61441861202175,130.811191011056,61.58867262447702,8.803227600965755,93695217.89369652,2625196865.0,63.195470864006765,75.1783296961355,44.74937170735088,154.62000868903965,111.41576859367518,6.098926494558397,103.73296901001638
2020-09-09,138.93492360912495,139.67393916023732,133.71254404086892,138.04811096191406,105355010,117.87299545288086,139.37344820431287,131.34725915556402,58.62235995735513,8.026189048748847,141584100.36387867,2519841855.0,56.91865884438047,67.85544861205447,42.53663658202498,154.99395498592662,112.49521814029406,6.127815160973187,104.16875205355879
2020-09-10,140.70858631531053,142.38368549048914,135.97888302897923,141.20126342773438,79606504,118.69576614379883,139.6546505463777,132.077185397947,61.525073271597655,7.57746514843069,191797508.40688485,2599448359.0,65.40700538695349,61.84037836511357,40.8607606369142,155.72413961847568,112.96223962346771,6.147599968154382,104.51700888305837
2020-09-11,141.00419294961966,144.65000050622834,139.57541732209359,142.18661499023438,65135339,119.50080078125,140.04418353774025,132.82603203441275,62.412460646543934,7.218151503327505,193694766.62279186,2664583698.0,68.03521705784759,63.45362709639385,39.6079876976673,156.26410593226117,114.36342168614699,6.07095591215298,104.81502533331611
2020-09-14,145.04414016033337,148.88703069207,143.36904097048978,146.37437438964844,84505930,120.28021621704102,141.01805905341843,133.8296129496154,66.00144151808519,7.188446103803017,201239930.7206445,2749089628.0,75.23281637013146,69.55834627164417,38.96817227137915,157.0508059911206,116.04010816293211,6.11591732570174,105.23613632398302
2020-09-15,147.2119167352704,147.2119167352704,144.40366618593725,146.2265625,42886817,121.05568984985352,141.81936727596943,134.74790550890316,65.76275955170007,7.071461767066268,214030639.11078328,2706202811.0,65.12826196179898,69.46543179659268,38.374057946968726,157.70562111600046,117.63190024630426,5.879655413103983,105.44524016599127
2020-09-16,147.01484090846895,152.040153249465,146.37436670446294,149.2318878173828,85056501,121.96418640136719,142.95975505157148,135.82079308730906,68.27485751646576,7.138961964262421,214770080.28689364,2791259312.0,80.76925012161071,73.71010948451372,38.3779057273701,158.46596325872625,119.46303912164487,5.874936508558341,105.88661596552652
2020-09-17,148.59142373318042,148.7884915758873,144.05878817435948,145.487548828125,48119360,122.76626480102539,143.34864640181047,136.53684906811026,62.15575770260093,6.811797333700213,195722753.94979528,2743139952.0,61.28212123790494,69.05987777377155,37.840118029338676,157.8419178388083,122.64407917046904,5.82480530387727,106.11479066031188
2020-09-18,146.5221731212574,148.29581376807093,144.10805822976994,145.73388671875,46270863,123.56046020507813,143.7156064505704,137.2181111163058,62.394548881300324,6.497495334264585,185379722.26041391,2789410815.0,62.56416814586962,68.20517983512843,37.34074373830949,156.3893148087515,126.75713828573093,5.707873177764678,106.33141557024244
2020-09-21,145.58608696477535,145.58608696477535,133.51549769020005,135.4369354248047,64734493,124.14083374023437,142.44196475429874,137.08617217619462,48.592344798996194,5.355792578104115,141254545.7985373,2724676322.0,9.898467217811016,44.58158553386186,34.77328123332219,153.6154462675406,131.13220769364105,6.17291002424934,106.57131247425036
2020-09-22,135.9788795899318,136.12667670579611,127.75116600641626,131.15065002441406,87298020,124.69164688110351,140.70483941123956,136.64650386865532,44.20841262240334,4.058335542584246,124822228.06904513,2637378302.0,13.50298359971883,28.655206321133164,33.03379061777606,152.28674334768115,133.05212383981885,6.330238643901521,106.82376412554258
2020-09-23,133.51551426418143,134.6979364756944,126.02682271673294,129.47555541992188,74981613,125.24738693237305,138.97725725872914,136.11532250208248,42.5912299105902,2.8619347566466615,109484980.96695675,2562396689.0,13.257559230447121,12.219670015992326,31.650079598788185,153.19722464687322,131.5011640250018,6.497444009262947,107.02279859522817
2020-09-24,126.026808082604,126.9136283970904,120.36102123483491,121.00150299072266,62420957,125.63857284545898,136.21175660211276,134.99578031605583,35.51363385918678,1.2159762860569288,59266642.91040403,2499975732.0,2.021778108036421,9.594106979400795,31.0652065364833,155.58744801046228,126.99735652444981,6.6843790218218055,107.13418155340814
2020-09-25,121.88831160242773,126.47021765622708,121.29710058562186,125.38632202148438,65040759,126.04946548461913,134.54630512816993,134.28396859053203,40.97897814883539,0.262336537637907,97052115.08883418,2565016491.0,15.863126503367194,10.380821280616917,30.522110121485902,156.41758061944145,124.63499887884959,6.597545853513421,107.26047732081301
2020-09-28,127.01215099622317,132.33307272381748,125.63266112350166,130.90431213378906,61830817,126.5973225402832,133.9859985136498,134.03362366781033,47.05963479551978,-0.04762515416052793,132513974.5236914,2626847308.0,33.281501822982534,17.055468811462053,28.960541867217422,156.44631499695495,123.58642502379699,6.622489057000542,107.41504732840917
2020-09-29,132.973549919213,134.0081748645681,128.78579445469526,129.77114868164062,63366932,127.05551239013671,133.33756007795608,133.7178847799459,46.01128918096786,-0.3803247019898208,93059078.5663816,2563480376.0,29.704498982042576,26.28304243613077,27.234389199042454,156.41880886778821,122.42165362610827,6.522481296491421,107.57991947214187
2020-09-30,129.62334744279568,132.43159787916724,128.3916546982524,131.34771728515625,48859088,127.6102668762207,133.03143041752534,133.54231681736889,47.75512122649102,-0.5108863998435424,115701254.6184847,2612339464.0,34.68117764478982,32.555726149938316,25.692289822173535,155.43840522387796,121.72695503613181,6.345157145378807,107.70476040237138
2020-10-01,133.90962859102584,134.50084711996357,130.6087010711735,131.54478454589844,40491744,128.15122619628906,132.80271566804427,133.39435146392663,47.9812977373647,-0.5916357958823539,94686504.51647864,2652831208.0,35.30325043596092,33.22964235426444,23.897491274290584,153.99919949338374,121.35803546145024,6.16994206705104,107.81385674052586
2020-10-05,134.94425233208963,135.4862001397108,130.1160228503264,131.9389190673828,55268322,128.74539459228515,132.66982388332713,133.28654165677523,48.46185729268429,-0.6167177734481015,76939630.94091405,2708099530.0,36.547396018303125,35.51060803301795,22.323028371410807,153.06900688472913,120.91858543094472,6.112816011503424,107.96299241982945
2020-10-06,135.97889385322216,143.66466042590176,134.0081852466537,142.63003540039062,161987221,129.59378494262694,134.20216411672152,133.97865230445043,59.41455852512826,0.2235118122710844,204215214.50621745,2870086751.0,70.29553131465667,47.38205925630691,22.102049854886822,152.37476038126596,121.15464406819696,6.513739250575961,108.5218377775788
2020-10-07,142.1373531530935,142.38369172008325,137.7525296677383,138.93495178222656,68273641,130.27466491699218,134.93028529602998,134.3457855991005,55.05934532825284,0.5844996969294698,170804643.31141123,2801813110.0,65.33796473817392,57.393630690377904,21.896855518114553,152.26398722141568,121.13732121974643,6.396865427867131,108.74861051644837
2020-10-08,140.7578478193968,141.3983220094965,137.5554467982758,138.8856658935547,40900948,130.96835403442384,135.53880538795684,134.68207302831934,55.001432663144385,0.8567323596375047,158219588.51853225,2760912162.0,66.31387949876373,67.31579185053145,21.664390510320665,152.32463857636347,121.1604253579627,6.214437555249529,108.88110859025255
2020-10-09,139.08272478346916,140.56075592903338,135.9788653919084,136.42227172851562,37097190,131.65416015625,135.67472328650433,134.8109766357413,52.05432932997983,0.8637466507630336,128302460.54011127,2723814972.0,63.67178847275353,65.10787756989707,21.103730194892133,151.95085122949257,121.05631353491175,6.0978270539549175,108.99391926195091
2020-10-12,137.60470023340122,137.60470023340122,131.05210118811965,133.9096221923828,39279109,132.2700061035156,135.4031692720241,134.74420963993697,49.16083078924323,0.658959632087118,123281781.88831495,2684535863.0,58.1394212571811,62.708363076232786,19.60402068323884,151.34815280177818,120.83131268284095,6.130310767621107,109.09807929340603
2020-10-13,133.41694999300205,135.09206412769234,130.90430886158978,132.13600158691406,38973506,132.6848402404785,134.90052808969946,134.55100904341674,47.16774929249786,0.34951904628272246,107233867.6530208,2645562357.0,50.52850439167863,57.44657137387109,18.22374658224443,149.96423577979797,120.79139242454774,5.991556803226925,109.19454313355506
2020-10-14,131.79113058056367,132.6779433890368,126.91363006333617,128.78579711914062,45791440,133.06420166015624,133.95980024807503,134.1239563082852,43.57414701973504,-0.1641560602101606,91187245.660611,2599770917.0,36.15218985854899,48.27337183580291,17.66349806174029,148.46549515723655,120.54605650902323,5.9753251262607625,109.2913467368797
2020-10-15,129.5740781473582,132.3823436498478,124.64730711513926,125.09071350097656,64002864,133.29181838989257,132.59532536390603,133.4548272114475,39.95815148559063,-0.8595018475414804,34522234.1664482,2535768053.0,16.96033426285104,34.54700950435956,17.516669587328636,146.08162780084334,120.5158064337758,6.101018798292747,109.41127678564666
2020-10-16,127.50483393043447,128.14532321409473,124.15463549470248,125.8790054321289,62553775,133.5076110839844,131.56204537440186,132.89365522779428,41.08145850413396,-1.3316098533924219,26027236.33328901,2598321828.0,8.83837895393419,20.65030102511141,17.461538016876535,144.18651460014428,120.45006529487523,5.9502808640855696,109.51850246964456
2020-10-19,127.89897557003441,128.49017905684272,125.92826721005025,126.37167358398438,33157664,133.68793075561524,130.76352663741454,132.41054547640096,41.81413790564816,-1.647018838986412,4347187.83420755,2631479492.0,11.363584091256302,12.387432436013848,17.326510955190923,141.75126602822007,120.94909255332287,5.711773204130444,109.57774236585792
2020-10-20,126.22388030029238,128.39165655497524,124.499502915339,127.75116729736328,27465829,133.80223190307618,130.3000867389451,132.0654063520278,43.91715102675575,-1.7653196130826814,22773513.23046434,2658945321.0,18.43427579074717,12.878746278645892,17.460022711769827,141.30233888788538,120.62944288091343,5.581800378095145,109.62637031424076
2020-10-21,129.13066302788678,131.1506420215395,126.42093914343604,128.34237670898438,39252663,133.9589030456543,129.99890058048962,131.78962637846902,44.83733787684143,-1.7907257979794053,15413568.72877806,2698197984.0,21.46456106053002,17.08747364751117,16.886203578424098,141.2241805741615,120.42677386309437,5.520936270952882,109.70242366017443
2020-10-22,127.80043561168691,132.6286801705137,126.5687428724931,131.54478454589844,48808592,134.11951568603516,130.2367288828602,131.77148994642675,49.65587021334367,-1.534761063566549,46762105.71147241,2747006576.0,37.87872684559245,25.925854565623222,16.000476094298556,141.31302444201842,120.54485290783511,5.559436344314861,109.80411342059034
2020-10-23,132.9242803646102,136.86569730690036,132.13600900440213,134.9935302734375,68711352,134.23480224609375,130.96854448141056,132.0101596002794,54.286918195071614,-1.0416151188688332,61077007.11614892,2815717928.0,55.555514751814094,38.29960088597886,15.450155328088815,141.0871263004045,122.16995377772051,5.542398945506794,109.97614417364716
2020-10-26,136.37302927407916,138.73788861818406,129.32775203451476,131.7418670654297,88531579,134.41413696289064,131.08751718664428,131.9902860791794,49.649518311834626,-0.9027688925351356,17969936.819973566,2727186349.0,41.621636780972345,45.0186261261263,14.375200296770052,140.9613289929924,122.93130558952711,5.8186659196612585,110.18198371689789
2020-10-27,132.1852681682726,134.74719526233983,128.93361113351938,133.66329956054688,56856159,134.6525927734375,131.48379139801392,132.11421300372515,52.24547898898543,-0.6304216057112342,53625354.59218284,2784042508.0,55.142872480815235,50.77334133786724,13.462344292847794,141.11569880479618,123.05283452039914,5.818302934601201,110.30763521967455
2020-10-28,136.9642291204474,141.15198432736756,131.54478120560958,132.82574462890625,152359338,134.83389785766602,131.69024574122813,132.16691905003486,51.01086825640559,-0.4766733088067383,-58104731.230627514,2631683170.0,51.01448007903358,49.25966311360707,13.64558772276176,141.2099177195767,123.26407520034518,6.088938662255257,110.67807103102281
2020-10-29,130.06675737876435,131.05211160133075,128.09604893363155,129.9682159423828,66632704,134.9669206237793,131.4253180798673,132.00405215317176,46.93569076497245,-0.5787340733044459,-40336281.293127716,2565050466.0,34.20286601701051,46.78673952561979,13.058291751936967,141.18830937098335,123.14773341466115,5.991849878899503,110.80123252903753
2020-10-30,131.24917743545976,132.53014091230654,128.39165624775788,130.7072296142578,51128530,135.1827131652832,131.314842931312,131.90799122436331,48.09067420860424,-0.5931482930513141,-34249732.86093318,2616178996.0,38.55068330987434,41.256009801972816,12.78637195277167,141.16537358672267,123.08691370575778,5.859466649303014,110.89880025897449
2020-11-02,131.69258346945165,132.03746345528802,129.17994227523118,130.90431213378906,40388690,135.418212890625,131.2516843470777,131.8336446250615,48.41314664415207,-0.5819602779837965,-25893349.579444658,2656567686.0,39.71017307190417,37.48790746626301,12.533874996403894,141.12916551274793,123.01966108637315,5.645041972928287,110.97583284458659
2020-11-03,133.02281433502293,135.38765835352092,131.59405378070906,132.13600158691406,52071476,135.67243438720703,131.3877331532064,131.85604143705058,50.48345641450547,-0.46830828384418055,-63087143.07858272,2708639162.0,46.95653522667722,41.73913053615192,12.922776721055314,139.2050246150126,123.89439860276083,5.562063704842828,111.08590180628659
2020-11-04,133.6140279773502,134.99351776520598,132.03745533239123,133.9096221923828,44675934,135.8458564758301,131.77571608231045,132.00815853003814,53.384604223111104,-0.23244244772769207,-51173742.46542385,2753315096.0,57.391224912284244,48.01931107028855,13.283899751088773,138.26671313197104,124.33017712681801,5.375920756840822,111.18205612913633
2020-11-05,134.9935284551764,135.97888267747697,134.00817423287586,135.63400268554688,38928602,135.84092971801758,132.36929863665452,132.27673957859434,56.07892648568773,0.09255905806017495,-25870388.76675491,2792243698.0,66.86390751449879,57.07055588448676,13.805311625516838,137.5153019051696,124.75642203281869,5.139730737430346,111.27094742397863
2020-11-06,135.63399921821284,140.2159052559664,135.63399921821284,136.9642333984375,67966815,135.7374674987793,133.07621167692884,132.62396134302716,58.09127485652793,0.4522503339016737,-54372500.78548903,2860210513.0,74.85209065656049,66.36907436111453,15.0168306623322,137.63590943816837,124.69001066681209,5.099886116024861,111.43996858994971
2020-11-09,138.54081608916812,139.4276289162061,136.66863395885815,138.93495178222656,40277460,135.7019950866699,133.9775563085131,133.09144211630118,60.946084056172836,0.8861141922119202,-28479832.25016768,2900487973.0,84.94993045327624,75.55530954144518,16.141812625089322,138.6404617123484,124.18799135161642,4.9326796046907955,111.54191165405268
2020-11-10,141.94028701493198,144.55146984232601,140.65932344410515,143.86172485351562,68794369,135.75717544555664,135.49819762312887,133.88924083757632,66.99850265703614,1.6089567855525502,15931809.883333702,2969282342.0,96.16440270728974,85.3221412723755,17.94020043592272,141.0408334898219,122.96019190080308,4.981525208648557,111.74435318024611
2020-11-11,144.3543888958469,149.2811598479236,143.51683181986917,148.7392120361328,78583629,135.8980812072754,137.535276763591,134.98923870413606,71.67806791782401,2.5460380594549576,79738963.43923838,3047865971.0,97.4418457661925,92.85205964225283,20.161656052491804,144.47494013791578,121.52142674440842,5.037439695748975,112.00273587773214
2020-11-12,148.73921138024025,151.59674754103094,147.80312791053586,148.9855499267578,56145517,135.91581741333007,139.29685725023205,136.02600249840435,71.8948272909862,3.2708547518276987,58593104.74936792,3104011488.0,88.88885110227758,94.16503319191993,22.460579771030062,147.02335290365988,121.36249762124247,4.948595405373696,112.1968771257444
2020-11-13,147.80312545028283,147.80312545028283,143.22123457544865,144.2065887451172,32566537,135.8074284362793,140.05220055713747,136.63197185001272,61.983770426063415,3.4202287071247497,40033698.823076025,3071444951.0,68.55345060428587,84.96138249091867,23.273642704212143,148.0511477680254,122.16746108817577,5.0068611157976575,112.29542491390409
2020-11-14,146.52215551129873,148.5914051897711,145.83241063024485,146.6699676513672,11749453,135.82812088012696,141.07031857163435,137.3755270945575,64.68616988539317,3.6947914770768477,35417885.73586125,3083194404.0,79.0356024219956,78.82596804285303,24.13262479591385,149.34661111981447,122.90182714312498,4.962429353573105,112.33294537256323
2020-11-17,150.26651092722446,157.01619300594894,149.9709016691578,155.6859588623047,82644841,135.99760177612305,143.31887861635286,138.73185537364986,72.41509279915007,4.5870232427029975,86854084.24292436,3165839245.0,95.40031978983964,80.99645760537372,25.864273686251927,152.67149853348985,122.37041888594376,5.346986210788009,112.64882833305458
2020-11-18,156.52350685788687,176.18131840438514,156.22789761693664,170.9589385986328,171801183,136.61246231079102,147.57119553670364,141.1190467236486,80.28624728331363,6.452148813055032,168724719.66805023,3337640428.0,89.07215583856537,87.8360260168002,28.693366890263256,160.10044372293754,119.2031298854609,6.429012877308898,113.49982524706267
2020-11-19,168.88970334750366,173.76721865078267,164.1107445133588,165.490234375,109449407,137.16130477905273,150.3279707425954,142.92431988300797,72.3279788960065,7.4036508595874295,90546425.74109155,3228191021.0,77.25367870079513,87.24205144306673,31.320382008273775,164.3056490160341,118.39246957527449,6.659545824459967,114.02840604933789
2020-11-20,167.55949663545812,169.0375280405895,163.12540242006395,166.6234130859375,66935703,137.6697477722168,152.83496187234033,144.67980826841014,72.92682505374698,8.155153603930188,102818039.38160983,3295126724.0,78.56359792618375,81.6298108218481,33.53088515493474,168.1630832102705,117.69802366228808,6.6061586670360795,114.33758642940954
2020-11-23,167.01754434501848,171.35309700415647,163.12539808858352,168.19996643066406,54566251,138.1900148010254,155.19880872746705,146.4220422063549,73.77708230772461,8.776766521112165,115561050.11128223,3349692975.0,81.91967938849315,79.24565200515735,35.70940392236385,171.6989577463088,117.80795906277325,6.7219829705029985,114.59316660141343
2020-11-24,169.33312930593652,172.9296662072327,168.59411363838424,169.5301971435547,47695247,138.6531312561035,157.40363771455745,148.1337573868882,74.50465278924051,9.269880327669256,88461440.3606252,3397388222.0,84.22901258255315,81.57076329907669,37.817406629905705,175.0314416564384,118.06216491094445,6.579677028079117,114.82623160508932
2020-11-25,172.436990633889,174.21063125890007,166.7712037987755,168.93898010253906,54366608,139.1073796081543,159.17830577424692,149.6748849954549,73.52819689524932,9.50342077879202,65778626.62304795,3343021614.0,82.13855207395338,82.76241468166657,39.30742050409255,177.69460867160348,119.01032144314263,6.6410877732252205,115.08774039163488
2020-11-26,169.08678623838284,172.4369844944357,168.54483842290938,171.20529174804688,39094724,139.5468476867676,161.02861130867768,151.26972994009134,74.88690701795096,9.758881368586344,80129835.30375266,3382116338.0,87.40650824876674,84.59135763509109,40.69100481583747,180.0927730209196,120.73586467439293,6.444734794532443,115.27682937060952
2020-11-27,172.09210253555182,181.1573730731457,172.09210253555182,177.70863342285156,125926062,140.1912693786621,163.59476855701212,153.22816723511062,78.32490707672822,10.366601321901499,110242716.39011031,3508042400.0,91.484183357262,87.00974789332737,42.50749890768908,183.26096869761534,122.26780937855652,6.695259546715755,115.94500145035532
2020-12-01,179.67934330051014,179.7285989819636,175.49158797576578,177.11741638183594,48881250,140.81893997192384,165.6751759146773,154.99774124597917,77.28900560513611,10.67743466869814,98874951.56065445,3459161150.0,89.35063806888252,89.41377655830377,44.19424342155129,185.59923558451618,124.55085291646036,6.519670365250187,116.20241104775954
2020-12-02,181.30517693462906,184.60611959403116,178.4476557035886,180.91104125976562,88107889,141.72842208862303,168.01915519853705,156.9172449507041,79.19081006080602,11.101910247832961,81253373.76065461,3547269039.0,91.07143022722818,90.63541721779092,46.01370609392868,188.1111167748887,126.91647569337303,6.588886997174832,116.69000789179793
2020-12-03,182.29052782943836,183.27588203392182,180.5661579715923,182.14273071289062,33332481,142.7482637023926,170.19201296997608,158.7857994516068,79.78275750795196,11.40621351836927,86707927.70270458,3580601520.0,94.04761211723935,91.4898934711167,47.703207146850545,190.30335766059596,129.54754565971655,6.311803930400166,116.87447633606801
2020-12-04,183.76856082808948,186.0348785263294,179.53153470273867,181.45297241210938,47995639,143.78781204223634,171.92446826876582,160.46484930053293,78.437114123415,11.459618968232888,67073277.49908807,3532605881.0,88.6029232681353,91.24065520420095,49.41120192633294,191.82206386799982,132.61073642496893,6.32548535134235,117.13966734610318
2020-12-07,181.7485680828077,183.71927636244848,180.02419833812203,180.86175537109375,29802472,144.98501708984375,173.2994355152778,161.9757312316856,77.23466176563451,11.323704283592207,50781356.4856766,3502803409.0,85.65570520488247,89.43541353008573,50.99719707870946,192.6817709212667,136.1407815689677,6.137599113698357,117.30123778268364
2020-12-08,182.24126526435086,182.98028095077183,176.32913977298304,179.1374053955078,42143391,146.0600387573242,174.19758472762086,163.2469663549317,73.68654720635153,10.950618372689178,44225794.09985315,3460660018.0,76.85953786534596,83.70605544612125,51.35785046076038,192.81499001892385,140.02780783263867,6.174280689704816,117.52107640412208
2020-12-09,180.31982497575672,183.67002336008844,178.98959074459748,180.0242156982422,40300535,147.0424368286133,175.09398949233184,164.48972556554727,74.33943946872772,10.604263926784569,21742389.515631285,3500960553.0,73.7634258253016,78.75955629851002,51.748972839004566,193.10448958519495,143.35455735084022,6.067577255832398,117.73461160175225
2020-12-10,180.02421415952142,180.02421415952142,173.81647952602503,174.99891662597656,38368777,147.9469921875,175.07936289750796,165.2681841626161,64.56334143140847,9.811178734891854,-2009568.9239355475,3462591776.0,51.82796951531957,67.48364440198905,50.69641448554137,192.8890010953475,146.196016299672,6.077588607002737,117.92182177817449
2020-12-11,175.34377827089463,178.79251799819357,173.91501767664747,176.23060607910156,43065542,148.8446499633789,175.25647723313776,166.0802154156891,65.75212789654415,9.176261817448648,-4184464.885397053,3505657318.0,57.20430031632568,60.93189855231562,49.719038871611254,192.40044002364553,149.40908298660835,5.991868015184407,118.13064502591997
2020-12-14,178.34911466381274,178.84179177614374,174.1120884907039,175.0481719970703,33186273,149.71471771240235,175.22443027374277,166.74450849579142,63.54811485805874,8.479921777951347,-24234555.37318527,3472471045.0,42.96671489399581,50.666328241880365,48.817748045179805,190.15071727012196,154.74296406532727,5.901713391631222,118.28969033042532
2020-12-15,173.86574665240818,177.06814782210654,170.71261620007522,176.2798614501953,41190341,150.6015365600586,175.38680430088934,167.45083093685838,64.86911365202567,7.935973364030957,6737982.806946635,3513661386.0,49.36055963309559,49.843858281139035,47.06167839304112,187.1450795603891,160.70959115494293,5.9341289795169425,118.48141697635236
2020-12-16,178.34911699215544,181.10811186428995,177.46230419250728,179.8764190673828,51259394,151.34646423339845,176.07751426496526,168.37124487245276,68.46306648693881,7.706269392512496,23362622.564546466,3564920780.0,64.78876307583559,52.372012534309,46.011426034868336,185.5956218831364,164.67809485270345,5.855137653415349,118.73840071397454
2020-12-17,181.30516646482573,181.30516646482573,178.00422399604267,179.03884887695312,34101954,152.14854217529296,176.5331042052711,169.161437761675,66.75046454498889,7.371666443596098,10638036.046550065,3530818826.0,54.340752687748875,56.16335846556003,45.06325642066647,185.94695728478956,165.13475047888232,5.6726951402273285,118.90807946310518
2020-12-18,178.25056562633247,178.84178415004405,174.06281035009178,177.90570068359375,46065197,152.92894287109374,176.7442728942438,169.80916094107639,64.40322255676605,6.9351119531674215,38657154.0783387,3484753629.0,46.94531610513821,55.35827728957424,43.16197688115102,185.52437570298142,166.79887869154985,5.62293395355833,119.1263322851527
2020-12-21,173.422332023269,174.9496339771271,160.1200508737569,162.14002990722656,75582907,153.44329803466798,174.49746628085654,169.2410771607912,42.17954626896349,5.256389120065336,-16335034.17192243,3409170722.0,7.7946844198639615,36.36025107091703,41.22232651863153,186.35789875646242,165.51701732019774,6.491699371863938,119.41220799408852
2020-12-22,162.1400287818817,166.72191957634377,154.40499267154132,162.53416442871094,110009846,154.01578887939453,172.65695830360337,168.74426881026676,42.71176535992376,3.9126894933366145,18868116.54807762,3519180568.0,25.700920308376748,26.813640277792988,40.103890472144144,187.1528840525753,164.15545182388956,6.907787052788117,119.78212569858931
2020-12-23,162.58343928963302,167.21460091688147,161.0068665914877,166.721923828125,56930071,154.70750732421874,171.74387607660668,168.59446547825624,48.17068103413966,3.1494105983504426,66761672.71907043,3576110639.0,38.94080178831616,24.1454688388523,38.971586951037004,187.37115709086106,163.65635145406083,6.857783286545663,119.98814085738748
2020-12-24,169.48091619338692,175.39304117687718,169.48091619338692,173.37306213378906,73831319,155.5992526245117,171.99452008540396,168.9484356008883,55.43412116825831,3.04608448451566,90141515.29730205,3649941958.0,64.705894444664,43.11587218045232,36.52276915123209,187.25380774590067,164.2171090021462,6.987307148131842,120.29818355978705
2020-12-28,177.2159705922825,184.65538326553394,176.3784134528227,183.6207733154297,98012135,156.7698538208008,173.78317442848484,170.03527543159507,63.84200623113865,3.7478989968897736,163650883.60936964,3747954093.0,96.57984597954344,66.74218073750788,34.78378072337849,188.16563916231388,164.5468257424713,7.294093861247059,120.77232053322255
2020-12-29,185.1480526594758,185.69000048969144,178.44765596510462,180.7632293701172,71318085,157.86753829956055,174.85702903488982,170.8299386863004,60.418993594413806,4.027090348589411,137937439.58213454,3676636008.0,84.25197414617244,81.8459048567933,33.28826142906623,188.46251017352773,164.55541432598397,7.290397480057043,121.11319611838674
2020-12-30,180.41836251612582,182.68466517905367,177.75789411127647,181.45297241210938,38576159,158.96916427612305,175.87178955446205,171.61683007339738,60.96306608680455,4.254959481064674,157225519.08213466,3715212167.0,86.45668205611271,89.09616739394288,31.79006681223711,188.8712718023258,164.58020830021326,7.121567022037054,121.29296448182045
2020-12-31,182.14273336924438,184.753916035082,180.12275421353172,181.15737915039062,48978310,160.0372885131836,176.6849571846049,172.32353741243392,60.57875565799353,4.36141977217099,130131212.64055175,3666233857.0,85.51184207577151,85.40683275935224,30.6599968224398,188.90102823048926,164.57508566111233,6.943680936287998,121.52491907628445
2021-01-01,182.241237568488,184.26121647811766,181.79783123108402,183.76853942871094,27334421,161.14581176757812,177.77473906831352,173.17131533956555,62.80911851767062,4.60342372874797,146531865.24055186,3693568278.0,93.8582049518755,88.6089096945866,29.610646117628015,189.14634519189093,164.49234957129266,6.669406392819357,121.65629249791908
2021-01-04,188.99093759551417,190.17335962237328,185.98560429390133,188.49826049804688,63980597,162.2848812866211,179.42451159596482,174.30664461056418,66.5057191662273,5.117866985400639,159328076.5244518,3757548875.0,95.31681408147864,91.56228703637522,29.364760660103723,190.37932999550512,163.96389357627223,6.650507378593856,121.98611213244124
2021-01-05,184.35977095610838,191.06016727422744,182.3397919034498,190.37042236328125,75752593,163.39241912841797,181.10849786785965,175.49655407372842,67.86718692064275,5.611943794131236,223097248.33186877,3833301468.0,98.1182877494856,95.76443559427993,28.464213303305062,191.9878247872688,163.3062654837273,6.798355092321269,122.37069089668775
2021-01-06,191.60212450862704,194.70599931368895,187.85777547657298,192.5382080078125,75621947,164.60834594726563,182.86691481246777,176.7588988095865,69.41732300154615,6.108016002881271,250843248.76844934,3908923415.0,94.62099960647303,96.01870047914576,28.07011296660617,194.05770969817246,162.5764608340541,6.80191714552089,122.77202297082393
2021-01-07,194.11477727053884,197.4157198524621,192.2426103059122,193.86843872070312,66024848,165.81244873046876,184.55945695219629,178.02627213633588,70.36217276269973,6.533184815860409,226319580.27942395,3974948263.0,91.75256647757277,94.83061794451048,28.01332788644285,196.14512707675317,161.8734657577195,6.685573745594391,123.13276403765042
2021-01-08,195.8391586319623,198.54888283944857,194.21333012159565,195.24794006347656,53991568,167.06089263916016,186.20383896931634,179.30195124205,71.35068344299725,6.901887727266342,198096451.3531866,4028939831.0,92.52231109805588,92.96529239403391,28.08876865436409,198.4352899742636,161.60820520395905,6.542350200819466,123.43119353259401
2021-01-11,196.97229655484276,222.09882839830783,196.7259580073578,217.41839599609375,182483100,168.80989624023437,191.00607851189747,182.1253915942014,81.83603261551654,8.880686917696067,313255689.2172643,4211422931.0,93.0858809344092,92.45358617001263,29.961275313252052,206.55401011639398,157.6082640535279,7.992960067534595,124.64149615407204
2021-01-12,223.67540192759955,248.70339242872166,220.81788078053467,234.31723022460938,390577839,170.8820962524414,197.66933262154546,185.99145371497238,86.03227905589588,11.677878906573085,300834564.73574096,4602000770.0,83.59551639387264,89.73456947544592,32.68601395408144,218.20514891041762,151.88403108225816,9.656676950755545,127.76377394865375
2021-01-13,239.34253026826823,245.15612909623235,234.90843634784514,239.04693603515625,164649387,173.04494873046875,204.03511776210095,189.9214894423934,86.94157085720313,14.113628319707544,269171490.5275068,4766650157.0,87.81096369055624,88.1641203396127,35.216128406280156,228.5328160081143,147.83307144305758,9.741121373674646,129.08769788298122
2021-01-14,239.29328316054352,246.1414921204055,235.1055276412012,241.5103302001953,86819519,175.2324353027344,209.8005350602693,193.74288505408242,87.40159206667003,16.05765000618689,283124654.9680266,4853469676.0,90.05452565575814,87.15366858006234,37.59470052412443,237.57972497214058,144.94955359231255,9.833610166926764,129.78080213335534
2021-01-15,242.39714755009373,260.7739984538924,239.04694908588422,256.4877014160156,250038029,177.68399688720703,216.98317603807646,198.39064922904043,89.76288942768444,18.59252680903603,434508030.5075973,5103507705.0,94.83678851011032,90.90075928547492,40.18572582870111,249.04459058360078,141.22957323475862,10.683141538432578,131.92588837685176
2021-01-18,257.81791204490537,258.60621342168463,237.61815160076196,242.3478546142578,173383224,179.81827392578126,220.8854342805659,201.6467385168343,75.39560084181772,19.238695763731613,339269340.67558134,4930124481.0,77.80413332383317,87.5651491632339,42.373536895547225,255.3756687283697,141.34271048305607,11.419207272896156,133.29867900644487
2021-01-19,247.81660038301243,257.86722602520615,247.6195325348997,254.86187744140625,136861059,182.1762268066406,226.11257938223366,205.58860065939518,78.65222428448926,20.52397872283848,395855713.4289489,5066985540.0,92.66952287200115,88.43681490198156,44.40507574333291,262.50201035931644,143.48855360552733,11.712076139899882,134.42741451986683
2021-01-20,256.19209888894477,273.43579785262375,255.05894754259936,270.8738708496094,205145151,184.81500518798828,232.9989319156761,210.42454659941106,81.94514919827412,22.57438531626505,543802063.4355414,5272130691.0,97.20429523104217,89.22598380895886,46.67017485798617,271.7980382684786,145.026496338455,12.202207873565426,136.26075218361763
2021-01-21,276.88452688461007,294.6209022722363,275.8991726964086,286.34393310546875,283614463,187.66464935302736,241.2058551756442,216.04820485911904,84.44210757522568,25.15765031652515,576641815.050837,5555745154.0,92.6283511629143,94.16738975531922,49.132128630058574,283.2534699231544,145.53326561151354,13.026838127069821,139.07406908894697
2021-01-22,291.61558738346264,302.4051978261013,274.27334745735357,285.11224365234375,316008609,190.39210998535157,247.96068417205953,221.16405958454308,83.45252795998815,26.796624587516447,504142571.04300624,5239736545.0,85.59705517099738,91.8099005216513,51.521703820206774,292.64776114831784,147.31289253820555,14.105767572903957,142.12021312840562
2021-01-25,292.551651790619,295.1135786881803,273.2879894837968,275.0616149902344,164346913,192.9136312866211,252.13005814408643,225.15647109607576,75.66071033580516,26.97358704801067,366506494.948388,5075389632.0,76.1290282443623,84.78481152609133,53.60546810695558,298.97903059777013,150.1257072562338,14.657183403723925,143.59082810982576
2021-01-27,270.8738598385878,270.9724012713566,261.8086193657019,263.5822448730469,126586833,195.3011444091797,253.89193302546497,228.00282470918472,67.86662673530893,25.889108316280243,288920748.6644038,4948802799.0,64.7584957588805,75.49485972474673,54.05564387893399,302.12292251199966,155.26371689229723,14.556884276638824,144.57564264769775
2021-01-28,256.2413457718403,269.39583025791734,255.2559915791847,262.8924865722656,129156876,197.62559478759766,255.27663357112658,230.58724410644996,67.41723082515976,24.689389464676623,299271240.36576957,4819645923.0,63.47903766505533,68.12218722276606,53.71929165049246,304.2717227062491,161.25886811406343,14.527095305359811,145.54014023240805
2021-01-29,269.00173788712425,274.7167810960352,256.78334994593735,258.85260009765625,138442348,199.6889276123047,255.82678226751574,232.68097417987263,64.71432934601555,23.145808087643104,192777251.5175271,4681203575.0,58.787934316007004,62.34182257998096,53.60452329140634,304.8866870902497,168.41342582478933,14.770405008555388,146.56474827337877
2021-02-01,265.799290690076,277.86987942391636,251.61019647829855,275.5050354003906,165655500,201.77984954833985,258.85420582641956,235.85312686287398,70.04541739856562,23.00107896354558,328596182.6640146,4846859075.0,67.02899004426521,63.09865400844253,52.91038274161258,306.9235071570629,175.55025535514415,15.59106771834556,147.81779237568819
2021-02-02,289.30000389116293,324.0337400122991,286.1468583710654,317.2840576171875,251965965,204.8157260131836,267.84341379423,241.8850476594898,78.72859744276857,25.958366134740203,490784886.2766913,5098825040.0,92.42674962373944,72.7478913280039,53.636499045778876,316.5908806410341,178.76146158308703,17.94375606788577,150.3042089263037
2021-02-03,334.23213768912495,336.8925758356797,321.42253381650886,326.1522216796875,224190114,208.0063021850586,276.8139996227619,248.1270605498748,80.05052351416083,28.6869390728871,403678984.4483748,5323015154.0,89.44821139181556,82.96798368660676,54.55613534441995,326.15750998816185,182.77301216759986,18.06266765007194,152.7099958876942
2021-02-04,324.1815259313335,329.60097393322513,317.727468066421,321.3732604980469,121033002,211.06976806640625,283.6692705266519,253.55270499048015,77.263938167475,30.116565536171777,356973010.6435153,5201982152.0,84.36725726969847,88.7474060950845,55.07722322287488,332.33626501587923,189.47776238890592,17.62058466555281,153.94384567334743
2021-02-05,322.80206393647023,325.1669081635344,308.02174992903684,311.2734069824219,103512235,213.9046322631836,287.91606075061657,257.8283125454388,71.59191002083165,30.087748205177775,292723905.72908753,5098469917.0,74.19358606136666,82.6696849076269,54.71301162325415,334.3998861755701,199.1546380553869,17.58662563476315,154.93518823732262
2021-02-08,314.0816504154551,334.2814114617824,313.34263476741876,331.0297546386719,102123614,217.14644775390624,294.5489367333943,263.250641589382,75.39670362832788,31.298295144012343,363129244.00448966,5200593531.0,93.43270826193893,83.99785053100136,54.62158272111255,338.3030507019754,208.8296549865012,17.973866980805816,155.97020180568444
2021-02-09,332.0643622835205,333.5423935696489,317.48113228863605,320.28936767578125,105981081,220.12812927246094,298.50900303222306,267.4757324105968,69.91451037134142,31.033270621626286,294208742.0991016,5094612450.0,80.53149046144497,82.71926159491686,54.536684454838216,341.088624505296,216.33117835114936,17.83725228796346,157.01591740051302
2021-02-10,321.2254864927935,327.7780862614202,314.8206838479985,324.0830078125,93466949,223.0556167602539,302.4434653061118,271.66886392184887,70.72422370042806,30.77460138426295,334367520.5388542,5188079399.0,84.97981866863682,86.31467246400693,54.20746881061931,345.07005830705594,221.32632230817845,17.488691582639046,157.9189613198943
2021-02-11,321.6688879109117,326.49711743614995,318.663539583832,320.2401123046875,55257166,225.91807067871093,305.18141099820036,275.2667341724295,68.70696274469731,29.91467682577087,301352283.37131125,5132822233.0,80.47373483658448,81.99501465555544,53.9017685695589,347.64624930932297,226.8694489328645,16.799040601901826,158.4468323121488
2021-02-12,321.6196316257348,325.6595901959981,316.545063087638,320.63427734375,64093642,228.71253540039064,307.5587750513618,278.6272929258606,68.8052460305107,28.93148212550119,294769608.5288152,5196915875.0,80.93592297208517,82.1298254924355,53.39662727216813,349.42386508196404,233.00422787457896,16.250146780934557,159.0516955016683
2021-02-15,325.0683503934633,330.8819342635602,319.2547665233663,328.46783447265625,78680452,231.63903747558595,310.77555342386864,282.31918489228997,70.7700771005869,28.456368531578676,340777879.82829654,5275596327.0,90.12135751077133,83.843671773147,53.12506271917379,352.89021492501183,236.73589133719517,15.919933992310224,159.81199210310544
2021-02-16,330.5370956630975,332.9511955366721,322.70351733615297,324.3786315917969,65943843,234.4975506591797,312.86833468047297,285.4346994626238,68.34990691657896,27.433635217849144,296392768.34186953,5209652484.0,85.32645977026235,85.46124675103964,52.95105252427748,353.0438032543108,244.78538070565014,15.514772864325147,160.44571493797957
2021-02-17,322.11229597633474,329.3546556754701,320.6835503665649,325.314697265625,52150941,237.3866094970703,314.7831596935733,288.3887733739573,68.61449948454558,26.39438631961599,299948374.56767195,5261803425.0,86.42406713169099,87.29062813757491,52.549319404864384,353.73635864740976,251.13810729497305,15.02593946750944,160.9388172827868
2021-02-18,326.6449177372948,326.89125628762457,316.3972400577005,319.1069641113281,49204247,240.18600067138672,315.44836037322784,290.6641949100589,64.74865142459947,24.78416546316896,276154786.121132,5212599178.0,79.14503340740549,83.63185343645294,51.66576028849115,354.49425805148513,255.20351721706953,14.70223066482477,161.38918951687725
2021-02-19,317.23479832838694,317.23479832838694,296.98575137323786,307.28271484375,80274683,242.73117065429688,314.1921072148466,291.8951963866286,58.040743839761326,22.296910828218017,277522017.458019,5132324495.0,41.65052250453046,69.07320768120898,48.929529957200046,354.81388588761166,256.9777675547711,15.232157955772305,162.0561664315184
2021-02-22,307.8739532186223,309.3026988655604,297.72478621077767,300.0403747558594,57723298,245.23199981689453,312.01491760577164,292.4985429324975,54.32819927762235,19.51637467327413,242888098.6265383,5074601197.0,7.65438850063443,42.816648137523465,46.388744649572594,354.7173185091016,258.56714804363276,14.97114043427305,162.51623251284616
2021-02-23,303.9817706449532,324.0829903071884,303.9817706449532,319.2547607421875,133310157,248.09248291015626,313.1287396267587,294.48048499247454,61.385263375573736,18.64825463428417,312157162.3836677,5207911354.0,59.70938526380881,36.33809875632458,44.92394634665789,354.93910742904,262.7646736988897,15.619102942634191,163.66814340688487
2021-02-24,320.2401211139424,325.16689220800305,311.86461025403923,316.9391784667969,50821757,250.93030303955078,313.7149609867646,296.14409191649844,60.17846307917087,17.570869070266156,300110477.73309183,5157089597.0,53.50066749371668,40.28814708605332,43.62352735898266,352.7359308533441,270.3035436339606,15.453615729157734,164.10907437073672
2021-02-25,320.5850010753428,329.7980690345188,318.5157512019016,328.270751953125,64514912,253.97012084960937,315.9543134431278,298.5238445118041,63.91689809497345,17.430468931323674,347158282.60775393,5221604509.0,83.88375619472254,65.69793631741602,42.67440784892873,349.99133275449765,279.585968270893,15.268278217626603,164.69243291473234
2021-02-26,318.26940949079165,328.07369589809196,314.1801955377747,318.22015380859375,91901339,256.73699554443357,316.30290426858403,299.9828303856404,58.656992132625184,16.320073882943632,308703168.81574285,5129703170.0,58.08630431993175,65.15690933612366,41.35169141514779,341.85205815149783,293.6619982449866,15.184155231749726,165.48867761100604
2021-03-01,325.16687436220303,326.9897855810854,317.9738009878943,323.49176025390625,61190868,259.62605377197264,317.4088821124798,301.72423259810455,60.493394160587115,15.684649514375224,322412321.68110824,5190894038.0,73.69854452573898,71.88953501346444,40.123454726636915,334.5464465149967,305.7662823668392,14.743571614709824,166.02337674309607
2021-03-02,326.2507558683107,342.11496324955186,321.6688652142925,340.6861877441406,127708761,262.8816635131836,320.9900060558122,304.6103033496628,65.82548433025812,16.37970270614943,432272479.076787,5318602799.0,96.83403399703258,76.2062942809011,39.85489639650623,338.1859657448066,304.4669761497247,15.150894930463362,167.21224955047435
2021-03-03,343.54373217290174,351.771445669779,341.42522667949135,343.39593505859375,92006451,266.50678161621096,324.43707205624014,307.4833131058799,66.59076381352756,16.953758950360225,375316104.64821553,5410609250.0,84.71223059463166,85.08160303913441,40.05841557932056,341.5283511206057,302.8489621118162,14.860492287261577,168.11249148721672
2021-03-04,334.03509485370364,340.34135611705256,332.35998057987433,334.232177734375,59863169,269.94074188232423,325.94401139133777,309.4647104857684,61.56950259077482,16.479300905569346,343537231.17826056,5350746081.0,67.98567918028316,83.17731459064915,39.31458906756858,342.86274253587817,302.8004624201765,14.587311015222852,168.66099266276797
2021-03-05,328.1229453428898,332.9019191795761,315.01774664122803,320.3879089355469,86738909,273.01406158447264,325.08922639813915,310.2738362968631,54.84145693947705,14.815390101276023,308889300.115692,5264007172.0,42.71581817625427,65.13790931705637,37.15493640603804,342.64944991704084,303.92520523432637,14.91781959221743,169.38861224836234
2021-03-08,326.89126328049,326.89126328049,314.130914072188,316.5450439453125,81925952,275.87750122070315,323.77473679001196,310.73837019674824,53.10668547911215,13.036366593263722,257962482.21128365,5182081220.0,35.701459702609824,48.800985686382425,35.08207001993669,341.79578180267714,303.33040227935413,14.763714564794904,170.05368154361832
2021-03-09,320.24010758994984,323.541050097694,305.0656592751969,310.5836486816406,74702208,278.41675872802733,321.7453386194933,310.7269093437773,50.44108429146749,11.01842927571596,227882441.7575336,5107379012.0,24.82016059667106,34.41247949184506,32.66741366773223,341.99317186245804,302.1624403201592,15.028834297487919,170.63028444471237
2021-03-10,314.82067370506076,319.69818912874103,312.061693913673,316.74212646484375,58643853,281.1363366699219,320.97561367262415,311.17248098237485,53.062158029584296,9.8031326902493,241124602.11237246,5166022865.0,36.06119324630554,32.19427118186215,30.42523276925666,341.73506318615836,301.6864608616932,14.606384736745953,171.08948381967585
2021-03-12,320.2893878532354,321.718163548085,309.5490325115438,312.89923095703125,48360842,283.7652618408203,319.7330932548406,311.30038838790495,51.24101098684716,8.432704866935637,219391531.18400577,5117662023.0,28.076563654715063,29.65263916589723,28.535132897799315,341.72826616040106,300.95916975268483,14.432295186731325,171.46223903232217
2021-03-15,315.31332754564323,315.7074631909508,305.509041739022,313.8845520019531,45081385,286.41980529785155,318.8333176774733,311.49180791487146,51.69875460630332,7.341509762601845,248356821.8414896,5162743408.0,20.72159174938023,28.28644955013362,27.08877075487606,341.64845510904934,300.36400826985687,14.129875634245433,171.80068597982543
2021-03-16,316.2986784205678,317.1854911309871,310.4850950182394,315.2640686035156,39267404,289.04971588134765,318.284202435326,311.7712346325488,52.37290310695328,6.5129678027772115,265103385.7683546,5202010812.0,21.83543007318204,23.544528492425787,25.610957119409758,340.83548891156573,299.8565978804265,13.599198525567022,172.09963385761938
2021-03-17,313.933872104424,315.3133620492644,299.5476939468012,301.3213195800781,47262481,291.3061770629883,315.67452814990327,310.9971668508843,45.46590625035353,4.677361299018969,228474890.87653193,5154748331.0,3.396204935036413,15.317742252532904,25.053832072394886,341.18491831103216,297.2014372797882,13.75394635248818,172.43533196022423
2021-03-18,306.4451706479349,311.9631604422157,295.3599353753006,302.5037536621094,73731921,293.54884368896484,313.6482551517811,310.36802513319725,46.11493544150231,3.2802300185838362,218191780.98864985,5228480252.0,12.663760019039964,12.631798342419481,24.817504883809782,341.00140040537826,295.10386082509046,13.957466260661533,172.94738414459565
2021-03-19,299.0549788545147,306.4451348393874,285.94978093625576,304.4251708984375,109932681,295.78658294677734,312.2293191128051,309.92781370840027,47.214300271792915,2.3015054044048497,306455155.60814226,5338412933.0,28.06885853917358,14.709607831083327,25.178302100909683,341.01262655002796,293.6244553591517,14.424458235123682,173.6782916880808
2021-03-22,301.961800534627,302.9964103955332,295.7047954765621,298.611572265625,56385019,297.8814456176758,310.13428113631585,309.089573601528,44.27121453129539,1.0447075347878467,295025517.906089,5282027914.0,19.236510320165966,19.989709626126512,25.51332808821673,341.59337064936005,292.17659700200716,14.01702374846309,174.05038453081536
2021-03-23,300.533013735988,307.67683127561395,299.5476595925913,302.8978576660156,60240483,300.03444396972657,309.0209852178081,308.6309279766752,46.899362512266,0.3900572411329222,284437707.5173064,5342268397.0,25.748477797353768,24.35128221889778,25.300334849603672,341.3753936994917,292.68032224289107,13.663326267143509,174.4589790015258
2021-03-24,299.1042414710895,300.53301702288985,288.9058500318926,290.1375427246094,61523819,301.4888269042969,306.1158402188545,307.2610475876333,40.739747588788724,-1.145207368778813,235948609.4169035,5280744578.0,7.699283895407613,17.561424004309128,25.775020626756348,342.55255236133365,288.5914417792913,13.686803507642043,174.84087226697832
2021-03-25,289.69411328664125,289.69411328664125,278.1162022964438,281.36785888671875,84528317,302.4298394775391,302.308458475449,305.34303360978777,37.13043961735959,-3.034575134338752,198899852.29097912,5196216261.0,5.935226871652144,13.127662854804518,26.785259293798738,344.5977806677478,282.9890815148694,13.56784185910801,175.31699132369533
2021-03-26,286.2453765713748,296.9857306420283,286.2453765713748,292.0589599609375,80924011,303.4900799560547,300.7316125501396,304.3590281543174,43.681071200564986,-3.627415604177827,205581609.7920107,5277140272.0,28.585833381231872,14.073448049430553,26.938190637153607,343.4209377640693,280.5447452193291,13.714272565979545,175.80540709547935
2021-03-30,296.09894702279723,296.8872183809641,288.4131960334837,292.699462890625,45257233,304.5138626098633,299.4958972179066,303.49535665330313,44.05714299454084,-3.9994594353965454,206107729.70268583,5322397505.0,32.1041485003717,22.208402917751915,27.080198313125983,343.0862721305176,278.32734176108397,13.339968978943892,176.07888813259578
2021-03-31,294.6209031059777,302.9964137293918,293.1428718194929,297.3798828125,58569012,305.33170623779296,299.1703565401517,303.0423585910214,46.850118082539225,-3.872002050869696,197907925.03193367,5380966517.0,44.18076610104575,34.95691599421645,26.558933051070976,341.71903848581536,277.08338766164553,13.122610540359814,176.44653512961142
2021-04-01,302.2573826756543,305.3119865261097,298.61156032662336,303.24273681640625,44088352,306.54960388183594,299.79687658265243,303.0572014225314,50.20384121748912,-3.26032483987899,214765230.27126718,5425054869.0,57.62707410097676,44.63732956746475,25.834178865008624,336.5507075561172,278.5073734985703,12.751860052734807,176.73213943742186
2021-04-05,302.30664517585046,307.1349046309799,292.84726926768315,300.582275390625,66178755,307.4640118408203,299.91770716849436,302.8738735683162,48.70206625274059,-2.956166399821825,220241869.89992085,5358876114.0,57.50315340861212,53.10366453687822,25.579944186551632,329.39443483902073,281.38228024886985,12.861558289203519,177.15095665800817
2021-04-06,301.66616417707877,309.2041173397066,300.3359300729393,303.24273681640625,63031783,308.11138916015625,300.42925019125005,302.9011967718784,50.30303360450961,-2.471946580628355,198531093.4067975,5421907897.0,64.31275119025639,59.81432623328177,25.113312829418156,323.8692583762231,283.8085126198706,12.576317501886649,177.560341649646
2021-04-07,302.2573823690089,306.10025749991837,300.63155405254207,303.2919921875,39073986,308.4503503417969,300.86967203682696,302.93014458044297,50.333938241010046,-2.060472543616015,197474865.52424884,5460981883.0,67.6820221176891,63.16597557218588,24.680012283508496,321.51997154028163,284.44820778100745,12.068630783707338,177.81096929974845
2021-04-08,303.390548351099,315.1162571695374,302.99641269017957,309.3519592285156,62459774,308.9351446533203,302.17463929708674,303.4058345543743,54.11461454144668,-1.2311952572875384,200521872.7551555,5523441657.0,84.42083948039341,72.13853759611298,23.276844898766644,320.35552587979197,284.8933449698174,12.07228890482523,178.22798819295426
2021-04-09,308.61296264444235,320.2401307479645,307.92320264227357,313.53973388671875,75462572,309.70470703125,303.9231153877994,304.1564937641776,56.57470069634333,-0.23337837637819803,193881313.8069917,5598904229.0,84.09360876928407,78.7321567891222,21.758642026467182,320.81283605254373,284.73164331757346,12.089763133458494,178.74643925979348
2021-04-12,303.3413039883881,303.3413039883881,278.7567040619481,282.3532409667969,105342538,310.080126953125,300.6046731691836,302.54143800140866,39.56340175750541,-1.9367648322250375,119360373.61220747,5493561691.0,10.05850789825872,59.52431871597875,22.18598975019453,319.97349088468405,282.13209993562845,13.710710754266506,179.32694827836656
2021-04-13,283.0430179440534,300.08963502087556,276.4411322161505,298.41455078125,116874853,310.7905682373047,300.2677312633477,302.2357426517673,48.20172774979067,-1.9680113884195976,219678134.10741368,5610436544.0,50.16876938211001,48.10696201655094,22.70841856428846,318.47295771408614,282.1841650886483,14.420553043584974,179.98431366270705
2021-04-15,298.56234605465534,303.0456959886117,292.15754325150266,299.0550231933594,75262749,311.59461669921876,300.0811607910418,302.00013380299634,48.517730898253085,-1.918973011954563,239771009.54262525,5685699293.0,51.63106859802509,37.286115292797945,22.89407137198632,316.6338257634187,282.54034415845626,14.168238735979552,180.42774430322817
2021-04-16,297.5769745857485,310.38657945202243,295.75406326373076,305.4598083496094,75330709,312.19371215820314,300.9086450308214,302.2564059916343,51.691590399787444,-1.3477609608129342,264373989.22393766,5761030002.0,66.25420011003398,56.01801269672304,22.353275511671917,314.825010731002,283.3687331654824,14.201401411144703,180.88989633923637
2021-04-19,290.6794874585813,300.0403523089424,288.5116962018272,296.9857482910156,65791784,311.78774597167967,300.3051224554667,301.8659869026996,47.51755826628156,-1.560864447232916,295301718.66532576,5695238218.0,46.90658865166124,54.93061911990677,22.323188602656423,314.599130025759,283.16105674181915,14.397595035190237,181.26239086071132
2021-04-20,303.1935067718131,303.6368981302658,289.89122474698985,293.684814453125,56740291,311.1383978271484,299.2866135320295,301.259974128657,45.96068815292288,-1.973360596627515,269880283.8404771,5638497927.0,39.37003770634008,50.84360882267845,21.946272731980454,314.2214902902951,282.65680255638455,14.351029202910647,181.5832589700191
2021-04-22,289.6941511719973,298.06966234533735,287.9205255400108,290.236083984375,61022978,310.515654296875,297.8942243708519,300.443389673525,44.326620601537655,-2.5491653026731456,236702486.11905858,5577474949.0,31.496043815258375,39.257556724419906,21.733142380028433,313.646997909105,281.8123862461685,14.050894031654641,181.91533768701328
2021-04-23,286.7380598418567,295.60624725964607,286.2453827630906,289.6941223144531,58158986,310.0840686035156,296.632670208329,299.6471476469271,44.06150407374787,-3.014477438598135,221397489.80326876,5519315963.0,30.258660112230977,33.708247211276486,21.65509329769872,313.5725871684128,280.9950519917434,13.7158919220047,182.22552230117196
2021-04-26,292.6502117273249,294.62092022380523,290.28536754567364,291.0736389160156,30583139,309.2849462890625,295.77743462489616,299.01207292611883,44.96382998053968,-3.234638301222674,201935337.9892802,5549899102.0,33.40831340980688,31.72100577909875,21.582619149821124,312.98173422089855,280.4034830642577,13.088099492529514,182.39014098076296
2021-04-27,291.3692472526807,298.06964374497954,290.778028722037,297.08428955078125,35040532,308.8208447265625,295.97848922887846,298.8692741575753,48.836347738783786,-2.89078492869686,227505448.12402764,5584939634.0,47.13157384097795,36.93284912100528,21.109354886297893,313.0490041741929,281.0308877935805,12.674064887559016,182.58383672769682
2021-04-28,299.05501664001156,304.9671421749047,298.56233951210385,301.41986083984375,44668126,308.3675817871094,296.8156233228731,299.05820650441,51.48792678749959,-2.2425831815369293,222694950.6678414,5629607760.0,57.030364759481024,45.85675067008862,19.913450117873758,312.4294493046194,283.65564285846654,12.331835440170764,182.8436212311605
2021-04-29,304.37590340517295,305.45979902875456,296.83794986262035,297.4784240722656,36647292,307.91234802246095,296.9175926689335,298.94118558351045,49.0016653414337,-2.023592914576966,191492348.0673113,5592960468.0,48.03144492181577,50.731127840758255,18.968292568466985,312.441231932593,284.1858066416258,12.066836420596726,183.05283120899293
2021-04-30,293.83262229006874,296.8871961269699,288.26534723431087,289.54632568359375,36121668,307.2905889892578,295.7835515942658,298.2452700353685,44.359251887665,-2.4617184411026756,166104126.8804532,5556838800.0,29.921217166470424,44.99434228258908,18.855267644324222,312.5975400558499,283.7141847976658,11.862996450408014,183.24361365102183
2021-05-03,285.062948308065,290.43314054313373,280.82593742084174,288.7087707519531,35376618,306.49540771484374,294.6951237723716,297.53886268104145,43.886456335926724,-2.843738908669877,188781446.11122248,5521462182.0,36.139275027252474,38.030645705179566,19.321681125533217,312.74027107488774,282.70434257257324,11.701868355542585,183.42137138333638
2021-05-04,292.00975411575183,295.3599527365025,283.83129534706046,285.2108154296875,38640006,305.71205139160156,293.23599941195863,296.625673995756,41.87888970174145,-3.3896745837973867,159388772.64426237,5482822176.0,25.83463741868047,30.63170987080113,19.176260587604077,312.552849905823,281.0885716029661,11.68949614367826,183.61759964559548
2021-05-05,289.20145176777913,289.5955874255697,284.27468086883914,287.2307434082031,29350536,304.95037231445315,292.3121138729193,295.9297532114928,43.486561871702634,-3.617639338573497,162649980.17135227,5512172712.0,21.666667390395542,27.880193278776176,19.041227230955588,312.31732882295887,279.988939487588,11.234596887467712,183.76459768347166
2021-05-06,287.2307482454292,297.57696730744294,286.048311181521,296.83795166015625,45032502,304.5049920654297,293.00839660941733,295.99702717065304,50.499771196578614,-2.988630561235709,201909090.50263202,5557205214.0,54.166666009571,33.889323606215676,18.00916175067975,311.67310570257035,279.99268409235157,11.255601118785872,184.00337093735558
2021-05-07,298.56231754973936,301.4691244188195,296.0989320914082,298.31597900390625,41591323,304.32565734863283,293.824947747031,296.16880138052363,51.4970198148561,-2.3438536334926425,194659149.94183764,5598796537.0,70.99999935635917,48.94444425210858,16.796558080642562,311.1008653630273,280.06732311353517,10.83521477654483,184.23328740711472
2021-05-10,300.0403477559621,311.0763265982238,299.54767066605086,310.23876953125,53260388,304.5296252441406,296.3501510984493,297.21102124354036,58.721410364011525,-0.8608701450910416,240180801.59275877,5652056925.0,97.23125192848757,74.13263909813925,16.55476406123023,311.3065533306972,279.95031617613876,10.972724263528594,184.5476988665752
2021-05-11,305.01640221275795,316.0523820636518,303.5876565638091,310.92852783203125,58472304,304.3631005859375,298.59297828823117,298.2271328426878,59.10094357574524,0.3658454455433571,250580877.7227131,5710529229.0,85.45452348775038,84.56192492419905,16.73360791233309,310.61048046245264,280.3852684389145,11.079295780408174,184.9001020909841
2021-05-12,313.5889689439645,329.8473129740522,311.6182605766811,321.2254638671875,111584920,304.44882629394533,302.0748991465321,299.93071291857666,64.3679252646009,2.1441862279554584,256612495.02001038,5822114149.0,82.41206206564708,88.36594582729502,17.841929690898265,315.07967872556975,279.8032924658365,11.63925930623766,185.62415716281555
2021-05-14,324.52641222209894,324.6742093381737,305.4598024122423,307.6768493652344,81305325,304.0369482421875,302.93673764171706,300.50450080351425,54.43459122334667,2.4322368382028117,194069937.32770255,5740808824.0,54.77388514985099,74.21349023441617,18.184699852024284,316.09831147851884,279.7108895712858,12.180341279072925,186.11484807984885
2021-05-17,310.78068623402135,319.10694065128973,306.839269718509,316.397216796875,51162423,304.0004895019531,305.00758058866444,301.68173902524467,58.837611434215006,3.3258415634197718,222630508.8740082,5791971247.0,72.56279321950535,69.91624681166782,18.502986430212733,318.67483253116535,278.8685878789909,12.186579111480626,186.42534733917657
2021-05-18,321.1761917857273,331.7194629699382,319.25473919749373,327.58099365234375,86153088,304.0822741699219,308.480413367692,303.6002023309557,63.68433058337651,4.880211036736284,251575444.0399734,5878124335.0,91.8683776119968,73.06835199378439,19.61181842317293,323.29335490227294,276.46218403815675,12.410555330165096,186.99391640363862
2021-05-19,308.4158594155338,318.2201455689734,307.5290466645659,309.8446350097656,119407026,303.4654431152344,308.6902936203187,304.06275289975645,53.02175674691119,4.627540720562251,183893225.79132104,5758717309.0,57.018446405191256,73.8165390788978,19.411913685722997,324.2868884223177,276.754539189987,12.956369019994579,187.69404673372756
2021-05-20,311.3719087936046,311.96312729278014,301.61690880438505,303.1934814453125,54043899,302.66139404296877,307.8446302087793,303.99836242164946,49.66371665062302,3.8462677871298183,146319911.22137463,5704673410.0,43.94968472540386,64.27883624753065,18.68234320084006,324.57600597179413,277.4162883397293,12.769929696308902,187.99247343645942
2021-05-21,307.4305086688537,311.0763312165735,304.96712318272506,308.514404296875,40358753,302.14703857421875,307.9476723761786,304.33288404203654,52.26815827002097,3.6147883341420766,152829374.6953705,5745032163.0,54.40469406923378,51.790941733276306,18.004884893448757,325.16555323388786,278.65457310888553,12.420852558805482,188.21924378828706
2021-05-24,310.1402360241287,311.1748459111304,305.6568864196228,307.28271484375,31963997,301.8849346923828,307.8453712173434,304.55139002734865,51.60257287915329,3.2939811899947813,139701316.94113606,5713068166.0,48.971219114857156,49.108532636498275,17.383977359715733,325.453373029841,280.1256125658621,11.927788768284202,188.39801829461757
2021-05-25,310.92849827735057,314.327982213552,309.25341422015373,310.6329040527344,37382263,301.7666918945313,308.27422242278817,305.0018725477476,53.34292407884466,3.272349875040561,122643326.58639115,5750450429.0,55.55557854123782,52.977163908442925,17.076684643087496,326.00880026383123,281.52611184554377,11.579037239821186,188.61228590271082
2021-05-26,311.47049103758746,315.31336667987324,310.1895124430749,310.8792724609375,28639717,301.77260437011716,308.67499935173424,305.43723550428024,53.47541846075844,3.237763847454005,101714418.98749703,5779090146.0,54.369027946682856,52.96527520092595,16.876996708693294,326.6823490762234,282.2320613241672,11.11795273960527,188.77690172194306
2021-05-27,312.40652091727685,318.7128115274771,311.91384384276887,313.933837890625,49484106,301.7164385986328,309.48405143464055,306.0666134588243,55.17502766561146,3.417437975816256,81634070.79864238,5828574252.0,50.06917460055784,53.331260362826185,16.990109456710602,327.63300927135947,282.53279883410926,10.88335176295772,189.0665587534633
2021-05-28,317.9245405736507,319.7474519378064,311.8646179917279,314.0816650390625,26618815,301.7400872802734,310.19137660455164,306.66032098328634,55.26021008872186,3.5310556212652955,69988339.23614246,5855193067.0,45.17620353795298,49.87146869506457,17.186758380967937,328.50466821265957,283.32146398948885,10.669029061752058,189.22228936978743
2021-05-31,314.0324093551495,315.0670192823223,307.5290653355098,314.0816650390625,30917309,301.7440295410156,310.7898825175533,307.2100501726031,55.260210088721855,3.579832344950205,92822685.18588226,5886110376.0,41.40763659497397,45.551004911161606,16.802457618066576,328.6835518875337,285.59611425016163,10.445380839256373,189.39838350344533
2021-06-01,314.5250883149987,320.92989093361984,312.65289118536305,313.4411926269531,32595728,301.7075720214844,311.19777638053785,307.6716162803327,54.73753620550114,3.526160100205118,66435791.341637716,5853514648.0,39.28000181492505,41.954613982617346,17.000139208585686,328.3267801862703,288.42612813892504,10.290496475613546,189.58868961157992
2021-06-02,311.3226740416312,319.648899056744,310.9777940547111,318.2694091796875,26323777,302.0465338134766,312.2857198880993,308.4566379765812,57.96526874071706,3.8290819115181307,84383846.01123577,5879838425.0,55.319227344363284,45.33562191808744,16.95847364414607,327.3305846886765,292.7281830115188,10.174825656072072,189.74271813941016
2021-06-03,320.5357047375077,322.9005788408487,318.90987634442826,320.8805847167969,21408371,302.4140704345703,313.608006784822,309.37693032770824,59.6414794025894,4.2310764571137724,84119449.54018974,5901246796.0,63.993493065301294,52.864240741529876,17.23171922639366,326.1202950899557,297.303456741099,9.778850227864153,189.87225072546835
2021-06-04,320.3878841976738,331.9657950387891,319.50107150907434,330.04437255859375,41278749,302.92645446777345,316.1366784423253,310.9078519744405,64.92730789016503,5.228826467884801,112672057.26736253,5942525545.0,93.668886346092,70.99386891858553,18.252686397668434,328.1892560917307,298.55513782916773,9.970698320853483,190.13321310222045
2021-06-07,334.77412365969974,345.8593595424713,334.77412365969974,340.4399108886719,64986814,303.76302124023437,319.8756372802248,313.0954118940132,69.76505971841372,6.780225386211612,114116208.68958493,6007512359.0,87.75056859783298,81.80431600307543,20.095178210234053,332.8851529473659,298.0716341620091,10.388147511069487,190.58139600733602
2021-06-08,341.1789071281103,351.42658525588377,332.5570574894938,347.5837097167969,44104954,304.65673828125,324.13841765508204,315.6501006216268,72.5655709852717,8.488317033455246,140256765.1723302,6051617313.0,92.28488154740612,91.2347788304437,22.098389376115364,339.47499573243675,295.2162853954929,10.99396038644952,190.89111478340448
2021-06-09,350.98315681506705,353.6435949515945,334.774069178331,338.32135009765625,59334814,305.62041442871094,326.3204072616319,317.329452434666,64.25531550287647,8.99095482696589,103230646.79966193,5992282499.0,68.52227719648032,82.85257578057315,24.071176550146994,342.42108062984624,295.0094827246459,11.556500771221947,191.3014497864232
2021-06-10,340.14428812562556,342.75547078953673,337.3852782724959,339.70086669921875,24351860,306.7870745849609,328.3789394827991,318.9865942320403,64.90004901469354,9.392345250758808,99879480.91118234,6016634359.0,70.94460387278649,77.25058753889098,25.903050354604936,345.043190294706,294.2349133429893,11.11462161020901,191.4666586192662
2021-06-11,340.9325437538979,347.73148153139726,339.30671538306893,345.61297607421875,36441967,307.85815490722655,331.03032972763293,320.95891881294244,67.59746528645273,10.071410914690489,117993934.81453975,6053076326.0,82.58549107139832,74.01745738022173,27.86756293914984,348.6889214315826,294.3827948770111,10.922489077217532,191.72029470815679
2021-06-14,344.92323296457846,352.65826961202345,336.1043307307474,350.7368469238281,38482142,309.01890258789064,334.06210160397063,323.16469126560065,69.76605167429328,10.89741033836998,147542799.81509557,6091558468.0,93.69667640119984,82.40892378179488,29.933203517919544,353.0983613580674,293.4073179632217,11.32473549179314,191.99121328519524
2021-06-15,350.5397727656193,355.46654399212133,346.35201722309256,347.5344543457031,35526159,310.02199401855466,336.13477125654487,324.9698589011638,66.75881611136572,11.164912355381091,121234332.59216228,6056032309.0,83.45326064552164,86.57847603937329,31.982898659290658,355.8882518434008,292.61277354722426,11.166863440167115,192.24577973908055
2021-06-16,344.9725362108904,350.7861203943114,343.0018276693493,344.2335205078125,27550588,310.8418096923828,337.38073267981684,326.39679679795256,63.71035766882287,10.983935881864284,102402291.8344141,6028481721.0,76.5673460534421,84.57242770005452,33.297783811272176,358.02426778503656,293.9156461553932,10.925251246223898,192.43791185223247
2021-06-17,343.2974010820753,347.731495031366,337.23747869883607,340.5876770019531,29236974,311.64191772460936,337.8741087293763,327.44797310936,60.42821607530511,10.426135620016282,91833034.28906596,5999244747.0,68.96193248554152,76.32751306150176,33.57581455588134,358.7019019800884,296.9774315160053,10.894448752388616,192.63577773752877
2021-06-18,340.5876681221731,341.81936085375236,324.181526951662,332.45849609375,49440514,312.2262329101562,337.04093755466454,327.81912296005555,53.77596093068282,9.221814594608986,88794772.51783545,5949804233.0,48.283447094511274,64.60424187783163,32.105889530678,358.63953897683325,299.43420369894795,11.376119120224454,192.94900267618323
2021-06-21,326.05370184893076,330.8819314604602,321.4225551075145,329.4039001464844,29123887,312.74847106933595,335.8660087226368,327.93651386275394,51.4825552449638,7.92949485988288,108817421.68469054,5920680346.0,41.41745074360675,52.88761010788653,30.429539525845875,358.01411177686134,302.2717494291934,11.351820682082387,193.12551999699187
2021-06-22,332.16290055814335,339.25743262172296,331.22680205758076,332.951171875,26708459,313.22045532226565,335.41757228453883,328.30797001180923,53.93923862376656,7.109602272729603,93578861.64256865,5947388805.0,38.40967033946221,42.70352272586009,29.60390878707371,357.66472791891215,304.85296006936915,11.244800095879258,193.2957100231939
2021-06-23,336.00578300140404,338.2228299566919,329.40389781740845,330.3399963378906,25741628,313.55646057128905,334.63640675428525,328.4584904804079,51.85767079076279,6.177916273877372,73301999.55867432,5921647177.0,30.137028879365957,36.654716654144984,28.620035243477158,356.9419384060104,307.52182196996614,11.071523813265271,193.45723900426754
2021-06-24,330.0936592833854,332.4585033656192,328.4678308562637,329.748779296875,15580223,314.50437133789063,333.88446406852984,328.55406742977584,51.37424836249972,5.330396638753996,67723831.25468831,5906066954.0,24.457252108683594,31.001317109170596,27.59102281830439,356.311151063924,309.7341034526775,10.565748720128862,193.55311937128832
2021-06-25,330.98045897979125,337.7793967241008,330.98045897979125,334.675537109375,22426352,315.22959106445313,334.00616761327524,329.0075096282647,55.12818054538246,4.998657985010539,69673970.38255696,5928493306.0,38.92899285915616,31.174424615735248,27.11760997507733,355.66039059545125,312.4442511281815,10.384667913492931,193.6951826650669
2021-06-28,335.80871047988916,339.9472102855281,332.6063092235762,337.7794189453125,17843975,316.0040789794922,334.58666781820403,329.6572806887867,57.36149908520377,4.929387129417307,76979180.68498765,5946337281.0,48.04626124523807,37.14416873769262,26.866390765923178,354.8409244150532,315.63349269920457,10.167255995525716,193.8098563974501
2021-06-29,337.631625173045,341.4252450207337,334.6263067617186,336.5477294921875,22462297,316.62583740234373,334.8883696142015,330.1676843038535,56.16685691850433,4.720685310348017,67212856.61197102,5923874984.0,44.42832605761993,43.80119338733806,26.763620892574913,353.2536381495508,319.53143265123043,9.926661871489246,193.9547099526423
2021-06-30,336.9911564625239,340.2920992431679,333.8872965618626,334.6263122558594,18277841,317.37864868164064,334.8480530975335,330.4979530410391,54.268109557594215,4.350100056494398,53152978.91966324,5905597143.0,38.784400949898775,43.75299608425227,26.554291617689785,351.926211185606,322.49454992279243,9.67510050076182,194.07132754472994
2021-07-01,336.498497081305,342.31208149991664,336.20290281636585,339.2082214355469,27944816,318.28911682128904,335.51884822645866,331.143158107299,57.921195828168,4.375690119159685,52702227.23980355,5933541959.0,52.24319156112246,45.151972856213725,26.5561707380301,350.8020326324034,325.45149214787006,9.533005410997209,194.25297343522456
2021-07-02,340.2427990026383,340.4891375568165,335.5131107906672,339.8486633300781,18304387,319.28136840820315,336.1849736270155,331.7880103460234,58.42115112745261,4.396963280992111,66294626.67997085,5951846346.0,54.124410288757595,48.38400093325962,26.439541777557015,350.75078169188225,326.4831721655396,9.207506936365215,194.3711976681259
2021-07-05,341.96716586736017,344.9725142442155,338.9618475611288,341.0310974121094,18399524,320.30810791015625,336.93053113241456,332.47268346202975,59.38073240150388,4.457847670384808,60563651.54568874,5970245870.0,66.77847908820426,57.71536031269478,26.7814227064552,350.8008236018605,326.4922489079051,8.979161203988179,194.49234032244655
2021-07-06,342.9032484898421,352.9538729738279,306.93782156490175,312.25872802734375,164083830,320.7318096923828,333.13486911624983,330.97535342983076,37.002565448856956,2.15951568641907,-65573649.593302734,5806162040.0,11.56315307273377,44.155347483231886,26.315875555209296,352.95936762646585,320.80120671435446,11.624653361483748,195.43572861079986
2021-07-07,311.37194536708813,314.4265495794347,301.764741356553,312.4558410644531,112183313,321.03924072265625,329.95348018520417,329.6035376990621,37.17723628673237,0.34994248614208345,11688804.351444744,5918345353.0,20.88548754418056,33.07570656837287,26.247504824739302,354.841672551425,316.33235088607495,11.698735851583605,196.00101559830222
2021-07-08,310.1894752814296,310.1894752814296,300.5330166119821,301.8632507324219,87360324,321.0481085205078,325.6319064232377,327.5487016274591,32.036614373231515,-1.916795204221387,-51602720.156841755,5830985029.0,2.5376047107234965,11.662081775879287,26.2699634366713,357.7886728437841,309.60158899703623,11.714742180218423,196.41678318736405
2021-07-09,301.32128776756326,304.3266359746758,297.4291569080614,301.81396484375,48807214,321.1348193359375,321.9676077187011,325.6424248286658,32.01443294664439,-3.6748171099646925,-38355303.12449329,5782177815.0,7.897038015457871,10.440043423453986,26.510676837957067,358.63800129636394,304.3723594214095,11.370651957818138,196.64124106453872
2021-07-12,306.24808673018237,307.4305238501638,301.6169398299428,302.9471740722656,32282319,321.40283630371096,319.04138715771103,323.96129514300657,33.16033972561367,-4.919907985295538,-55864275.42269182,5814460134.0,9.937947557747812,6.790863427976402,26.334272964270067,357.4439862614424,300.78740717117483,10.973718533704059,196.79314915782456
2021-07-13,305.4598060104758,307.67685298958406,303.63689470241746,306.3959045410156,25736308,321.7565789794922,317.09592829360406,322.66015509841463,36.65937822758319,-5.564226804810573,-46448375.437399626,5840196442.0,16.14911028510896,11.328031952771559,26.137885868280318,355.71109636591115,298.4064420862373,10.52771570396223,196.91609316800682
2021-07-14,305.4598399303424,308.71149716586604,304.1296055810364,305.01641845703125,21863250,322.1526910400391,315.23754216490056,321.35321164349733,35.85092007206322,-6.115669478596772,-59848478.175125286,5818333192.0,13.664656186594643,13.250571343150481,25.81108474447395,354.1453695846046,296.05045866246564,10.103013981167043,197.0203650150496
2021-07-15,305.95245425265034,308.268042448719,303.09493331884323,305.70611572265625,23617599,322.52219848632814,313.7711688660937,320.1941675012128,36.603690059273,-6.422998635119086,-59623603.57527171,5841950791.0,14.906800792625738,14.906855754776457,25.604646301397775,352.65928357070976,294.04838854843086,9.750877920360521,197.13250877611887
2021-07-16,306.543700685388,310.82999751217756,305.9524821453784,306.6914978027344,25148606,322.7192694091797,312.6819887025,319.19396974576995,37.72802407308913,-6.511981043269941,-77151438.67163303,5867099397.0,16.681473676879634,15.084310218700013,25.025417739497147,351.91707920449136,292.2138930855477,9.420378196729148,197.2540115366012
2021-07-19,304.42520159344184,305.75540574834525,301.51839458471835,304.32666015625,21346348,322.83948303222655,311.3965535415385,318.0926875539536,36.07449082060132,-6.696134012415143,-70201323.97597225,5845753049.0,12.42240165626213,14.670225375255844,24.93552999168289,351.42194354948697,290.2013047415287,9.117001412535354,197.3532508902667
2021-07-20,302.5037667974197,303.4891210866621,296.6408967481768,297.72479248046875,27672567,322.5892034912109,309.2932056859893,316.58395458554736,31.874550581807043,-7.290748899558082,-89114196.26086082,5818080482.0,1.9247708164965582,10.342882049879451,25.301887601652613,350.70009682457095,287.4005135269916,9.014770126502345,197.4761039178035
2021-07-22,301.02570335682276,302.9471560447965,296.6408652076639,298.118896484375,21338361,322.3330108642578,307.57408119343324,315.21617250397907,32.38065783055164,-7.642091310545823,-100450238.69792807,5839418843.0,2.6246711645176277,5.657281212425448,25.64207968469263,349.89630900408105,284.98219136212987,8.82130732011879,197.57058828300276
2021-07-23,296.09892006696833,297.4784098534887,290.679472278721,291.2214050292969,33435130,321.7329296875,305.0582848604892,313.4387823206693,28.403522350645886,-8.380497460180095,-128555244.16964653,5805983713.0,0.8702335863963806,1.8065585224701983,26.481604334758515,349.36236095065806,281.66340198879504,8.722601383371304,197.70940847598928
2021-07-26,290.6794786017275,292.6501869312308,286.73806194272106,288.8565673828125,27502360,321.35652404785156,302.56571294084665,311.6178775104577,27.171297567620627,-9.052164569611023,-136347635.45667458,5778481353.0,3.1993951400764518,2.23143329699683,27.5717350386274,347.7684787321309,278.675387234666,8.52185306945262,197.8188643852946
2021-07-27,288.7087748511692,293.29066577580886,284.3732224716244,287.1322021484375,55132877,320.77122375488284,300.19132666509137,309.8041237799377,26.276155090126295,-9.61279711484633,-157365243.76842627,5723348476.0,9.180280329415181,4.416636351962681,28.762718366772685,345.0891826810418,276.2899616060676,8.55010951479061,198.03475723321577
2021-07-28,285.75273113269185,286.63954393932346,279.446469976992,280.2840270996094,36139725,319.8252844238281,297.12866519347875,307.61744995176525,23.031069397390382,-10.4887847582865,-185088793.91976035,5687208751.0,2.6687794151832422,5.016151628224968,30.218654385027808,342.55848235641884,273.1942916914327,8.488368275980246,198.16612195718076
2021-07-29,283.33857868475883,291.0736149096193,283.33857868475883,288.6102294921875,57733359,319.40059631347657,295.8181366240493,306.20950769550024,33.744808376613676,-10.39137107145092,-164128246.45562908,5744942110.0,29.199265458357388,13.682775067651946,30.734318580682075,338.93421300071776,272.21695277076657,8.652741099839512,198.38894654914446
2021-07-30,289.69412262303945,295.6062475745301,288.9551070041031,289.6448669433594,30589609,319.1296240234375,294.8684028270201,304.9824972694157,34.95639953898959,-10.11409444239564,-188373233.31983262,5775531719.0,32.496018667542984,21.45468784702788,30.43227479022604,333.309326868034,272.8855034542316,8.534403741446873,198.51147023662858
2021-08-02,294.7687136025862,295.0150521615171,291.2707180940174,292.5024108886719,19273390,318.80938415527345,294.5044040672742,304.05804642639765,38.31167783331082,-9.553642359123444,-194966720.7451046,5794805109.0,41.60125370560163,34.43217927716734,30.15180555623115,326.08089951854146,275.37930555958354,8.308388132640504,198.58976886262388
2021-08-03,294.1282214533039,300.0403465076417,293.33995014097474,299.2520751953125,31063992,318.6487713623047,295.2348150100493,303.7020485574284,45.467409431695074,-8.467233547379067,-171211804.9250871,5825869101.0,63.10828250940086,45.7351849608485,29.05292599094299,315.9850528328995,281.2972500235458,8.253355810235455,198.72185391664914
2021-08-04,300.286699601905,301.9618138100506,292.84728724297065,293.7833557128906,26186248,318.3117803955078,295.0115135797172,302.96733056894413,41.28845292819726,-7.955816989226946,-192019359.71092975,5799682853.0,45.682837022781705,50.13079107926141,27.730852074961433,313.9971088381237,281.43765678687623,8.31486800715292,198.8314114978705
2021-08-05,291.17216923253943,296.493075955659,288.4624451533872,295.3106689453125,20704901,318.00040832519534,295.05753748211646,302.4001704486751,42.86779348770082,-7.342632966558654,-177411519.00263292,5820387754.0,50.549444929459916,53.113521487214165,27.03317925392899,311.68591033066514,282.03433808242085,8.294565349661411,198.91539784624382
2021-08-06,295.655517578125,298.95646018342245,293.2906734970813,295.655517578125,16001898,317.6348419189453,295.1495344199639,301.9005665323381,43.239060970480914,-6.751032112374162,-180055344.81753173,5836389652.0,61.61042674627071,52.61423623283745,25.982729240695626,311.20246886787305,281.89700622978324,8.106795445138536,198.98195060709338
2021-08-09,296.3452830226345,299.74476712545817,291.7141061391681,293.7341003417969,16985859,317.227890625,294.93177533101516,301.2956431108165,41.61632630669132,-6.363867779801353,-188496119.72912458,5819403793.0,59.42618515583874,57.19535227718979,25.206974360545495,310.64032392364385,281.6511647238171,8.101357269506503,199.0518389324067
2021-08-10,293.53699717020106,295.80332977223867,286.73805950533307,289.8912048339844,15173990,316.74408142089845,294.15630294685656,300.4508699051253,38.503910079807156,-6.294566958268717,-193114264.3374717,5804229803.0,44.444382716560284,55.16033153955659,25.079414713739318,309.8790578442675,281.1068338793653,8.170208197892153,199.11142433434097
2021-08-11,290.97509761088327,293.43848323261653,282.2547365664477,291.1229248046875,20802022,316.29771606445314,293.6896293865229,299.75991100879656,40.051480720324506,-6.070281622273683,-180926224.5382266,5825031825.0,51.859988966952024,51.91018561311702,25.434934170870438,308.31870797656165,281.1398857734383,8.385460945626201,199.19131916713502
2021-08-12,292.9458080508801,302.89789204280277,292.9458080508801,301.5184020996094,33652880,315.96269592285154,294.89405595776697,299.890169608116,51.210927713267814,-4.996113650349059,-156602809.51403922,5858684705.0,94.11767039405038,63.47401402585424,24.23690186480712,307.69224781319406,281.4165443010637,8.627568537946848,199.334899787388
2021-08-13,304.27737860310674,306.9378470908926,298.6115916985397,302.7500915527344,34922863,315.6000860595703,296.1026768185312,300.10201567808775,52.34289363965772,-3.9993388595565307,-156809402.9251194,5893607568.0,84.7670215980532,76.91489365301855,22.578512422678525,307.09822526426694,281.7149644329987,8.606046170404422,199.4888911796348
2021-08-16,301.46912209068915,303.3412890104382,298.61157092459416,299.2520751953125,14348786,314.9842401123047,296.58719964572833,300.0390571238081,48.87472342865101,-3.4518574780797735,-167271928.24496156,5879258782.0,72.0429723700749,83.64255478739284,21.038582123089082,305.65512286242097,282.4141245741025,8.329165592935821,199.55058319423313
2021-08-17,298.3652172882253,298.3652172882253,288.511676029425,293.3399353027344,25539214,314.04224060058596,296.08762051603696,299.54282587780267,43.61474932832547,-3.4552053617657066,-167782587.82176822,5853719568.0,44.910055907696254,67.2400166252748,20.806251734644185,304.103207927355,282.8673670238169,8.501396562432367,199.65259736256723
2021-08-18,292.5516760417161,293.3892331833168,288.3146647192082,289.0536804199219,18004320,312.87164001464845,295.0054758858654,298.7658521401819,40.234017891285525,-3.7603762543164976,-180542924.90783975,5835715248.0,27.544923265407867,48.16598384772635,20.611338555299106,303.6499157055702,282.453548039547,8.256623126837809,199.72196666983675
2021-08-20,285.26002641479045,286.44246342299704,276.8845161400902,278.9537658691406,32578752,311.6842883300781,292.5359820371385,297.2982901941789,33.62083954145747,-4.762308157040366,-199015389.9084626,5803136496.0,6.88525918287654,26.44674611866023,21.491605857752862,304.0627600275823,280.1241906560114,8.536090352051655,199.8340874628189
2021-08-23,282.9937404926695,284.07760606469,270.9724071299285,272.89385986328125,24498294,310.34814819335935,289.51411708731433,295.4905546141124,30.392923841229745,-5.976437526798065,-216329922.07423055,5778638202.0,5.342497507157509,13.257559985147315,22.748530287335374,305.7879752765273,276.56622089046493,8.862455250816641,199.913228127172
2021-08-24,274.42113899721284,277.3772015357825,264.5183415212539,275.70208740234375,37589121,308.9499304199219,287.38918944347273,294.02474222805546,33.57559936355078,-6.635552784582728,-188534214.76401278,5816227323.0,26.364630447495134,12.864129045843072,24.339300075119706,306.5993475758708,274.4394005930745,9.147912733938924,200.02884792459054
2021-08-25,278.658138059221,284.9644285957744,278.31328816759043,280.2347106933594,31538128,307.5398876953125,286.2885004049938,293.0032584106706,38.4661220061319,-6.714758005676799,-201850484.35819647,5847765451.0,37.049864115706015,22.91899735678623,24.679704727936365,306.8163163316813,273.5326826917562,9.15608619533119,200.1370958385669
2021-08-26,280.6781322519219,283.141517597172,277.52498698175305,280.13616943359375,17864053,306.1919219970703,285.34198794785533,292.0501407086649,38.39992913488697,-6.708152760809583,-203104175.94245172,5829901398.0,36.81756235159456,33.41068563826525,25.057219637387895,306.8266136347742,273.5075996220617,8.903260796766032,200.19760034483215
2021-08-27,278.7567063472083,282.5995818396553,277.57429931063797,281.5649719238281,13477390,304.9385510253906,284.76090855954345,291.2734615394177,40.011825923170576,-6.512552979874272,-195176261.5203737,5843378788.0,40.18583001772461,38.01775216167508,25.407769196164313,306.8840378775653,272.74564962243477,8.626262349069695,200.2433647100381
2021-08-30,285.8512525779573,289.20145076347774,285.65416971443483,287.6741638183594,17217097,303.8802807617187,285.2091016762844,291.0068468934134,46.46256969827547,-5.797745217129034,-192784856.15145057,5860595885.0,54.58767608474675,43.86368948468865,24.754851814612326,306.81102342458075,272.62159376291925,8.55556352696826,200.30678887980196
2021-08-31,287.477092934474,287.67417580620923,281.90984762013346,283.0922546386719,36951003,302.8929559326172,284.88343290126704,290.4205808004696,42.749582753276606,-5.53714789920258,-214576720.43524298,5823644882.0,43.78625556331816,46.18658722192985,24.510310696462415,306.5248895796021,271.96671198289795,8.356189574047368,200.4374826099117
2021-09-01,284.7673483516683,293.0443171685267,283.092234274292,290.9258117675781,33103168,302.1233941650391,285.8130296499303,290.45800531655175,50.092715195021476,-4.6449756666214626,-195566931.8698403,5856748050.0,62.25313070415674,53.54235411740723,23.542808545632735,305.5152008079136,272.143774411813,8.470181954060745,200.56090274804694
2021-09-02,290.92581714291543,291.9604269876556,287.4278218862963,288.8565673828125,14907001,301.2415020751953,286.28126622421985,290.33938028442293,48.32931533709204,-4.058114060203081,-201076109.73324028,5841841049.0,57.375081427112214,54.47148923152904,22.644413691290886,305.1137948026568,272.05250158406193,8.188926464582071,200.61661614416636
2021-09-03,288.21608692042673,292.10824781478044,287.72340984876786,291.2214050292969,16594135,300.4591302490234,287.04128757884706,290.4047154507099,50.475042830882295,-3.363427871862825,-191194372.78313807,5858435184.0,68.78164908906572,62.80328707344491,21.788630645214642,304.6708680698363,272.0865019252809,7.917205857541393,200.6792058300362
2021-09-06,293.14288361296923,294.5716592756352,291.66485226702144,293.0936279296875,16622865,299.7260272216797,287.9724168635917,290.60389415285636,52.168541574983806,-2.6314772892646374,-191476046.30712768,5875058049.0,84.42518182525443,70.19397078047747,20.6260683591492,304.35106489834766,272.15011613192576,7.590995028169746,200.7437428055907
2021-09-07,292.9950940774326,293.43848545032046,286.6395470970777,290.2853698730469,14325904,298.8382238769531,288.3282557881233,290.58029976175936,49.437779455045444,-2.2520439736360913,-190437873.04214206,5860732145.0,85.7377164224623,79.64818244559416,20.172634888086453,304.0130411061168,272.1432668772816,7.534419551389247,200.7974922879625
2021-09-08,289.2014420111234,294.42380695956604,287.32927514681126,290.9258117675781,14920479,297.9011517333984,288.7278797849625,290.60589324367186,50.0795518799049,-1.878013458709347,-190230630.99185157,5875652624.0,87.8687353660792,86.01054453793199,19.594769768084593,304.0946681929923,272.16510048376557,7.502998998629642,200.85388699930053
2021-09-09,289.69410985756014,299.05497395159693,289.2506884774889,294.5716247558594,34020970,297.0616296386719,289.6269174727928,290.8996511334635,53.68358819479793,-1.272733660670724,-187324195.3228887,5909673594.0,87.01856874789391,86.8750068454785,18.348652076113417,304.46594930836756,272.13868936350747,7.667376604020957,200.98705687285337
2021-09-13,294.6209050265043,297.5769676187435,291.1721653355586,296.7886962890625,16339860,296.30487731933596,290.72872959837275,291.33587670054493,55.774581469708416,-0.6071471021721777,-175006393.33483288,5926013454.0,93.43804678378736,89.44178363258685,17.191542790711612,303.5742183181176,272.55744977270274,7.577192723961238,201.0514885484111
2021-09-14,297.82329333114666,302.7008084263573,297.7740376516485,301.6169128417969,23234649,295.55305114746096,292.40383471274566,292.09743493323026,60.008805424131104,0.3063997795154023,-161995046.6200502,5949248103.0,95.69469625074447,92.05043726080861,16.555082452540308,303.3094367223634,272.7089134973632,7.458258396342207,201.1483182952489
2021-09-15,301.61692799341296,308.41586598992876,301.61692799341296,307.3812561035156,26808872,294.90370300292966,294.70805338824874,293.2295698347329,64.39205825076549,1.4784835535158436,-143345308.89337298,5976056975.0,96.65075931915271,95.26116745122819,16.67982280608131,305.24454123586565,271.5867270746812,7.411165164327184,201.26553010092306
2021-09-16,308.8100021849346,310.3865749288568,303.14421549972536,307.08563232421875,26249369,294.22479370117185,296.6122963014749,294.25594483395406,64.00460653369274,2.356351467520824,-141023959.85008398,5949807606.0,89.93991564911384,94.09512373967034,17.02317617641901,307.7090118156574,270.4968261970379,7.399107611813204,201.38121086747597
2021-09-17,307.4304897893189,310.7314321521427,301.5183649856782,304.0802917480469,24972069,294.06122497558596,297.7612186778706,294.983674234998,60.04885481337409,2.7775444428726246,-152107795.81609687,5924835537.0,76.9230577981961,87.83791092215422,17.051472676287975,309.5720728073217,270.13642633818614,7.528676151431155,201.4895402269437
2021-09-20,300.4344636986992,305.7061142289389,292.9457664093455,294.5716247558594,19632688,293.70354064941404,297.2705119206381,294.9531520513581,49.60315143310338,2.3173598692800397,-166737490.15156832,5905202849.0,43.93157885425678,70.26485076718892,15.929050639276506,309.79343040188513,271.47685463229453,7.902366984871314,201.56825049723292
2021-09-21,294.22676740740394,298.2667256040888,288.8073193576282,297.5277099609375,19439330,293.61682983398435,297.3100808499149,295.14386004466024,52.37669193745832,2.1662208052546816,-150335553.53294578,5924642179.0,52.22827286971915,57.69430317405735,15.427191023607739,309.4031574449747,274.3305125989706,8.013584074984832,201.6437337025854
2021-09-22,298.71012575272476,309.20414218068123,298.5623286338626,305.558349609375,29545253,293.69171752929685,298.57904527444725,295.9153037161206,58.98108844479373,2.663741558326649,-141034192.87908912,5954187432.0,78.5276970608818,58.22918292828592,15.082867851179104,310.2072100156319,276.5120862490165,8.275216085324754,201.7699833546199
2021-09-23,308.61295383545234,319.2547673867613,308.61295383545234,316.7913818359375,52701665,293.96860168457033,301.3809432069842,297.4616798731441,66.069317245582,3.9192633338401492,-112731474.43822831,6006889097.0,92.4471288896891,74.4010329400967,15.724681930888977,313.78406394742933,276.59089943147694,8.662444777614862,202.01724561235534
2021-09-24,320.3386728735242,322.16158425119863,311.4211988635158,313.29339599609375,28901243,294.1065515136719,303.2136282514626,298.6343995859552,62.45027481393193,4.579228665507401,-131556947.84161954,5977987854.0,75.03468560480329,82.00317051845808,16.563642824129765,315.68931503506184,278.00137100009437,8.81086910690543,202.15326903087697
2021-09-27,318.4171839126914,328.71414669054633,318.4171839126914,326.7926940917969,56305136,294.54207702636717,306.84117684228323,300.7201991789805,69.41338276784643,6.12097766330271,-96265318.87746403,6034292990.0,95.4332242794588,87.63834625798374,17.850864838764434,320.72409788331237,277.4893603686408,9.283003506015941,202.4383168044755
2021-09-28,329.10831933491136,331.07902783392285,319.747453964607,324.4771423339844,28497009,294.91749755859377,309.55440230254493,302.47997274601784,67.11437773505455,7.074429556527093,-100973580.86248656,6005795981.0,84.9098906977745,85.12593352734554,19.21774290281212,324.53409711380164,277.35965898971403,9.429329960537363,202.58262038333945
2021-09-29,320.2401287532232,328.1229626917641,319.2547745109056,325.4132385253906,19740150,295.29193237304685,311.99422325990577,304.17873317411954,67.58182852303833,7.815490085786223,-93296855.86248669,6025536131.0,86.59673452349455,88.97994983357597,20.407022654305063,327.4434376966558,278.6824167955317,9.389248404846017,202.68169997527232
2021-09-30,326.39858460143546,332.95118413478093,324.28007904758124,328.46783447265625,30268517,295.774755859375,314.5286249849443,305.97792586290007,69.12412234818831,8.55069912204425,-94328696.56782514,6055804648.0,89.84377628746928,87.1168005029128,21.875076973364944,331.0155955458862,278.8644612168091,9.337952453585567,202.8386758580392
2021-10-01,327.77804389882783,332.3599345691924,320.9298507676098,328.41851806640625,29877695,296.38863037109377,316.6655316128615,307.64019195204867,69.06699139413843,9.025339660812847,-85056351.8316449,6025926953.0,89.73205882344804,88.7241898781373,22.674335870904095,333.8029929520862,280.0332588789685,9.487390407013923,202.99160603960974
2021-10-04,331.86726577522785,338.22281207257544,330.2414374414434,336.9911193847656,29553072,297.16607482910155,319.7925451162314,309.8143347248425,73.21169079292736,9.97821039138887,-64624591.477068566,6055480025.0,97.50747666341238,92.36110392477657,23.87299242683867,338.07609354717925,280.3371297194223,9.510026378382154,203.15211903608875
2021-10-05,335.4638251223107,346.3519762154878,333.8872525023691,339.8979187011719,31861985,298.13960510253906,322.8856795139145,312.0427483527187,74.46125213880323,10.842931161195793,-65757976.20096279,6087342010.0,88.7842627504791,92.00793274577985,25.525648153140818,342.33653527686374,280.7571170668863,9.721076188006192,203.33113616904964
2021-10-06,341.9179058502031,343.5930200108599,330.0936555037984,331.1282653808594,25272592,298.9850390625,324.15376964729063,313.4564903548032,64.66159754496692,10.697279292487451,-87156715.72613636,6062069418.0,73.54452756190318,86.61208899193157,26.440624018268075,343.8809073849521,283.2970345095792,9.990953925081572,203.46750582719525
2021-10-07,336.1043363733521,377.3906729040868,334.2814250201343,370.9858703613281,163238084,300.6621124267578,331.358708218681,317.71792591084204,78.50671583785177,13.640782307838947,27576337.599577904,6225307502.0,92.76974478122507,85.03284503120246,28.88248636937056,355.1374441629053,280.046503591001,12.581772039234846,204.51407666158346
2021-10-08,380.2481769727583,391.7275473043117,374.43459324958684,377.3414001464844,93728117,302.6032598876953,338.4329685152661,322.1344795579266,79.86159356350188,16.298488957339487,-34641889.75789697,6319035619.0,86.02204110422306,84.11210448245045,31.548540481368093,365.8798168318786,277.5811084610902,13.164622389502613,205.18586045484642
2021-10-11,384.43593707923526,414.73557888397914,382.3174315525406,409.6610107421875,113404983,305.02427551269534,349.3911288578694,328.61792631231634,85.02965949550895,20.773202545553033,43259441.04578326,6432440602.0,95.63189621460508,91.47456070001776,34.49908914629757,384.3275839431072,270.4205727951741,14.895304985787766,206.08837943748856
2021-10-12,416.8048459462381,429.3188568953327,407.5425220504468,414.68634033203125,97349265,307.52510498046877,359.4365460077404,334.99336438785076,85.64646049296095,24.44318161988963,9781848.11176753,6529789867.0,87.87754683709007,89.84382805197275,37.46844851622111,400.1681093589015,265.88699012840317,15.38680711858049,206.91507927516986
2021-10-13,456.1204584033359,516.1777795405774,456.1204584033359,499.4760437011719,197949387,311.6645776367188,380.9810841144222,347.17726655920785,91.79162753256425,33.80381755521432,97633138.53862084,6727739254.0,91.84312622130217,91.78418975766579,40.963510552420345,440.3478171826772,244.91676106439306,21.537137982149464,209.1562320191915
2021-10-14,522.2377584250379,522.2377584250379,484.7942965002238,490.3122863769531,103630901,315.48578186035155,397.8012690778885,357.7798606197816,87.43476384979155,40.02140845810692,24546115.33403258,6624108353.0,84.3364821611025,88.01905173983158,44.23944208778598,467.21358419038165,236.37365946196212,22.673303978054076,210.35056880709695
2021-10-18,499.5745781989874,517.3109537563479,496.22437994116626,502.1365051269531,72322623,319.6528448486328,413.85284385466764,368.4729453980906,88.21223776726677,45.37989845657705,-7221754.2301461175,6696430976.0,90.0970746855371,88.7588943559806,47.28137851348264,492.06049661550776,231.33236837472657,22.98225850672127,211.1957789970127
2021-10-19,504.94475067802443,509.82226579206986,469.0778352431445,474.8421630859375,57428637,323.2434747314453,423.2358160440938,376.35214670830146,76.45263882225387,46.88366933579232,-48400931.52373309,6639002339.0,76.65045885858585,83.69467190174184,48.23373442190188,506.0948103051637,235.32510851807842,24.250985081164423,211.8166062699542
2021-10-20,474.7436390085992,489.72103479724734,464.34816428209825,479.7689514160156,55444814,326.9257434082031,431.9332214859279,384.0126507607247,77.0474385856667,47.92057072520322,-36450716.34379421,6694447153.0,78.90355748901193,81.88369701104497,48.823800814364404,518.7629570327813,240.88108593596874,24.33111975502047,212.39880381239837
2021-10-21,484.54790113854597,502.92474994136893,478.635776264461,500.5599060058594,52608672,331.06225952148435,442.49117295053276,392.6457807788828,79.41096149822168,49.84539217164996,5913694.1580188945,6747055825.0,89.23149484218554,81.59517039659447,49.59419594573673,533.5750029581499,245.56919565024864,24.328109320869572,212.9822082147345
2021-10-22,502.4320869589931,503.22038834001864,480.2616180594145,483.7103576660156,42742785,334.938642578125,448.83258598368394,399.3913049927445,72.86261114912033,49.44128099093945,-23987920.890429378,6704313040.0,79.9486946654747,82.69458233222407,50.314534756206186,543.4213559147612,252.414740276645,24.23029938942204,213.4460676962852
2021-10-25,486.6664183348714,488.73566810508606,466.31886074744347,472.8714599609375,33107841,338.57361328125,452.53087428787677,404.83427943483287,68.92519778915019,47.696594853043905,-37740426.4551964,6671205199.0,74.30766923701228,81.16261958155752,50.06546516158259,549.451461647162,262.34244094072864,24.100764244294936,213.78728371698367
2021-10-26,476.41875676430993,502.53064312264337,476.1724182137596,501.2004089355469,58027770,342.56725341796874,460.0184950029029,411.9725112497006,73.02774481271759,48.045983753202336,14430308.50380157,6729232969.0,89.05126456151802,81.10254282133502,50.13416173994437,559.0776085261512,270.15706554611455,24.497794166967147,214.42257351324733
2021-10-27,498.3428545900209,499.1311258710594,488.7356517580828,490.6078186035156,30361263,346.32440795898435,464.72454478761256,417.79734883146466,69.34141416779937,46.9271959561479,-4995166.603059016,6698871706.0,83.17165521984103,82.17686300612378,50.197951419851734,564.7781472764142,281.0695944228046,23.63829152485979,214.75325441842074
2021-10-28,486.6664464976548,486.6664464976548,471.54125310540513,474.004638671875,25182748,349.8194592285156,466.1522515390376,421.96085178260614,63.89689035197024,44.19139975643145,-21975068.353299957,6673688958.0,67.36665301050398,79.86319093062103,49.151739312325155,566.4490909843571,294.25779072951013,23.311739665806268,215.0117605032314
2021-10-29,474.940730536669,484.4001369930179,460.85017732285564,476.6158447265625,31054342,353.4849774169922,467.7620351063491,426.00936977845475,64.3707055453387,41.75266532789436,-11450364.421151092,6704743300.0,67.39436312205841,72.6442237841345,47.55855513423943,566.8129792786349,308.7087034606229,23.328755380403123,215.3256592626013
2021-11-01,479.32556350292646,482.52796465883705,462.91939198614705,478.5865478515625,34315690,357.275634765625,469.42734475945883,429.90397556164794,64.746740652256,39.523369197810894,9070090.242051842,6739058990.0,61.941566229558234,65.56752745404022,46.07916982601696,565.1489694854938,325.38951623227973,23.063028044137898,215.6726065793041
2021-11-02,499.081928921099,502.5306688050553,479.37484386992037,480.705078125,51580720,361.3106610107422,471.16238066184974,433.6670201959703,65.17228449517195,37.49536046587946,-36584307.47507751,6790639710.0,37.183338874386266,55.506422742000986,45.34445018950907,562.3226845439528,342.5871970478441,23.125963251948964,216.21817319941724
2021-11-03,476.7143526507088,487.75033178190245,474.54659144071917,477.7982482910156,22950198,365.4087487792969,472.1832833740291,436.9360000548625,64.0301967036761,35.24728331916657,-48230713.27468162,6767689512.0,27.608305562568418,42.24440355550432,44.363370274592626,556.6916036024901,362.0083109482912,22.41723304403713,216.4535177854375
2021-11-04,482.6264959868985,486.32157439656936,480.85287037850645,482.5279846191406,5531940,369.54526672363284,473.774775873277,440.3131840966609,65.10181804049152,33.4615917766161,-50373685.26993077,6773221452.0,38.39445481558383,34.395366417512854,43.45236749645593,544.8010134383882,389.03887303622116,21.424811119859744,216.51087116942645
2021-11-08,486.66645330464644,497.4560942649486,483.0699163414207,494.0566101074219,31736426,373.82170471191404,476.8950580631455,444.29417861597653,67.63304137813896,32.60087944716895,-33636027.94594925,6804957878.0,67.80685452171619,44.603204966622826,42.978331370140445,538.0396829449385,408.1072775042804,20.96076101457033,216.84964435591905
2021-11-09,497.60386949602014,513.0246867359106,496.1258382004874,502.1857604980469,50458762,378.2626965332031,480.78593536082263,448.58244394057436,69.32269313485895,32.20349142024827,-47905794.42828636,6855416640.0,79.22562883715086,61.80897939148364,43.00230861937131,528.3190154167411,430.31238106763396,20.8184264155645,217.41050305991516
2021-11-10,498.83555945845956,508.3935071444809,492.8741786279955,503.2696533203125,26615777,382.6967901611328,484.24496889305186,452.63334833907345,69.55093491173159,31.611620553978412,-38864920.958397046,6882032417.0,81.30306633385001,76.11184989757237,42.79312655984719,522.1812401534307,445.81102058875666,20.439919422773134,217.70312578727754
2021-11-11,502.5306572993353,511.39884536932357,493.66246922934704,496.07659912109375,29256213,386.8648388671875,486.065219697366,455.8513669155194,66.03943291197847,30.213852781846583,-60156902.960451804,6852776204.0,67.51653670446181,76.0150772918209,42.6930939370941,509.51971082288077,466.611575798213,20.246809188287664,218.02280220730097
2021-11-12,499.5253289674951,502.0872258579177,490.0659225339665,499.62384033203125,20731808,391.1954705810547,488.1511613334683,459.09377235377957,66.92625279656045,29.05738897968871,-47921750.335731186,6873508012.0,74.31533797895912,74.37831367242366,42.32164123677251,509.54291275628316,466.60315352789655,19.65927305512077,218.24639833235236
2021-11-15,498.83554302752,507.35888055994496,497.11117324915324,498.0472717285156,18014977,395.33789978027346,489.6736398557832,461.9792167519082,66.10008297104542,27.69442310387501,-62645495.05049811,6855493035.0,71.29361602842911,71.04183023728336,42.1630015683931,510.3515997561078,466.56796506322814,18.987018359097267,218.44289173395748
2021-11-16,499.47607179056115,519.1338713694197,498.7863418462267,511.4481201171875,55897781,399.78973083496095,493.02355989599926,465.6435799641511,69.54184269739338,27.37997993184814,-48975586.46400718,6911390816.0,86.81320500019801,77.47405300252876,42.40592502720607,512.3062696909315,465.54445662742796,19.136988450654894,219.07011445387744
2021-11-17,512.6305283354391,528.8396171366209,512.6305283354391,522.3855590820312,48463415,404.41301391601564,497.5407905400042,469.8466895284385,72.03718872186457,27.694101011565692,-39106036.643012665,6959854231.0,90.50726396295015,82.8713616638591,42.92272273638114,517.9166773674868,464.68838855048193,19.01231049128193,219.6331524078254
2021-11-18,523.6665001777658,526.376224220312,493.95804707298777,502.23504638671875,47197742,408.59584228515627,498.2629837471911,472.2458270734963,61.96490239832031,26.017156673694785,-62202751.84139335,6912656489.0,60.86955441495531,79.39667445936784,41.966775814148995,518.8940204500531,465.957654964986,19.969872395284956,220.15454869939614
2021-11-22,504.74768867487734,504.74768867487734,471.39344300893293,478.9806823730469,40044849,412.36974853515625,495.29647584347657,472.7447052438334,52.79135758733208,22.55177059964319,-84029239.21476437,6872611640.0,24.364738364041198,58.58051891398224,39.70223901488364,518.1578797846794,464.5358732670784,20.925899057474915,220.56095378117087
2021-11-23,477.3055737200846,492.0366312004945,470.01395857394283,488.2430114746094,27553684,416.3160925292969,494.21132747903545,473.8927279275946,55.61022583203269,20.318599551440855,-65968335.76104388,6900165324.0,30.988268293237567,38.74085369074471,37.523042780674174,518.1984591285585,464.94855930405873,21.004240026694685,220.83816847314134
2021-11-24,491.6917384827446,494.4507181734365,478.19237411538984,481.4933166503906,20915837,420.0545263671875,492.2547104284747,474.45573449965354,53.12097907802129,17.798975928821164,-78391059.83860296,6879249487.0,19.5142024023695,24.9557363532161,35.615969588752755,517.6661164422823,466.3430876592803,20.665247457505536,221.04923502382655
2021-11-25,483.6118419095118,487.8981388051144,479.37483076756524,485.5332946777344,15336539,423.82941833496096,491.22064646682236,475.2762945128447,54.435652829619116,15.944351953977673,-71564954.58773063,6894586026.0,26.381916468059394,25.6281290545555,33.84511591054,516.6676945604707,465.7747981153106,19.797966070365796,221.2035252548081
2021-11-26,478.8821487026979,479.6211643642761,451.2922306704437,453.46002197265625,51787989,426.8662805175781,485.41131962156607,473.6602743246826,43.90798988736903,11.75104529688349,-115427085.64146273,6842798037.0,2.795440827858263,16.230519899429066,32.19815780123296,519.6760470176655,459.0516659950298,20.829615923003285,221.67813252263292
2021-11-29,450.3068731708136,463.8554935342681,436.6104556902463,454.69171142578125,42819150,429.81248962402344,480.68522605298375,472.2551955914306,44.35306408865672,8.430030461553145,-101412106.36179905,6885617187.0,19.60470576982105,16.260687688579583,31.299267454138338,521.6900922837856,455.1063280043004,21.28786034593318,222.05325137665596
2021-11-30,459.71697036491867,470.99928750173433,448.9766160573509,451.8834228515625,35471800,432.7084454345703,476.2541794066113,470.7461753884774,43.50544596124641,5.5080040181338745,-127519949.81335661,6850145387.0,16.559802693420867,12.986649763700074,30.043492014203203,523.7830800183748,450.54009808221116,21.340346852965343,222.37058858173347
2021-12-01,460.99796626800526,471.3934409997824,456.7609251859994,468.2895812988281,28256188,435.9926312255859,475.0288566207985,470.5642054559108,49.56895996195192,4.464651164887698,-111251207.35613555,6878401575.0,34.34827457148816,23.504261011576705,28.853696846240474,524.017820376925,449.2756610683875,21.20960908834067,222.63155847691618
2021-12-02,472.37881567869414,473.4134556709595,464.7916060885395,472.0832214355469,21012008,439.54286315917966,474.57568197691364,470.676725158106,50.88174801579677,3.898956818807619,-96722933.99547687,6899413583.0,38.461550760087704,29.78987600833226,27.62043581344841,524.0470208254468,448.38427495092037,20.31048340934634,222.82894009524694
2021-12-03,472.9700315606801,477.60120848129503,470.30956310490143,473.0685729980469,20948900,443.0536804199219,474.34381905708796,470.85389907217575,51.23681355971119,3.4899199849122056,-101818561.00509422,6920362483.0,39.52992387228706,37.44658306795432,26.20268466690845,524.0762463277173,447.88208191935297,19.380566406992575,223.02824735357706
2021-12-06,473.06854576241994,473.85681707472196,459.1750458710803,460.35748291015625,17473075,446.1496630859375,472.1920750344831,470.076386763878,46.560931408376135,2.1156882706050624,-116477151.18851735,6902889408.0,25.747851164967344,34.57977526578072,25.473749518894994,524.5617506710149,445.179527405157,19.0449381781818,223.18815254168942
2021-12-07,469.86616698504247,477.79825644744153,464.1018387696386,474.74365234375,21280797,449.30870849609374,472.58462538975493,470.4221101401648,51.91005665675513,2.1625152495901148,-104688531.1029781,6924170205.0,41.34613830970995,35.541304448988136,24.52443739199138,523.5949042045555,444.2150780952491,18.930354989546334,223.38886594505138
2021-12-08,477.4041192243135,488.6864370629211,476.4187650050682,486.66644287109375,20581817,452.77616943359374,474.7510588484224,471.6253940461596,55.85401671189837,3.125664802262804,-90884715.76477498,6944752022.0,55.7628904654027,40.95229331336001,22.92891513229148,521.9564450079547,444.30160552915464,18.574099970233817,223.59179977289008
2021-12-09,490.70640132056866,491.19907843032826,482.3801461373816,486.7157287597656,16951593,455.9746301269531,476.59177729632137,472.7431966175378,55.87012837112375,3.8485806787835486,-91168750.92643942,6961703615.0,73.53582010120813,56.88161629210695,21.29304590971185,520.0673469423251,444.5353111387295,17.87730227899902,223.76052431748167
2021-12-10,480.606519259989,489.52396289407227,479.4240821715405,487.2084045410156,14567815,459.22925537109376,478.2251045647359,473.8146935007584,56.042832245664044,4.410411063977506,-83280742.67579634,6976271430.0,87.47876769313477,72.25915941991522,19.961080003039473,519.1721247062897,444.5437139167572,17.32177216782279,223.90458998290546
2021-12-13,492.13514235620306,498.9833356578667,486.962033067542,488.0951843261719,21921272,462.4828942871094,479.74357837418756,474.8725076359742,56.3737775929353,4.871070738213348,-101069331.58743279,6998192702.0,82.54345263943694,81.18601347792664,18.964425167893335,517.8283869294738,444.7345860929871,16.943167198001497,224.1260131055277
2021-12-14,484.74500152699716,484.74500152699716,476.22166380210916,482.2323303222656,17722547,465.55818420410156,480.1264632892765,475.4176796868106,53.505614066601844,4.708783602465928,-93795961.88363957,6980470155.0,73.14376802177965,81.05532945145046,17.888293376280735,516.2277974684661,444.75368141337,16.581049578434442,224.29788108946482
2021-12-15,480.65575177183837,490.41078210472216,480.113819006955,484.4493713378906,16263723,468.6788012695313,480.7915260659863,476.08669388318685,54.44939298326354,4.704832182799464,-96363953.14354399,6996733878.0,76.69826320746922,77.46182795622862,16.70621873248386,512.0240844071498,446.25751959675654,16.132186258386778,224.4578074881645
2021-12-16,487.75031330221464,489.22834455464556,480.26161560910657,484.7449951171875,13581352,471.6338787841797,481.3997520738634,476.72804953014986,54.5817814557446,4.671702543713536,-96363907.59742382,7010315230.0,77.17222525547845,75.67141882824247,15.608577991815332,503.7049783384939,450.812569268928,15.62036787889765,224.5910808748886
2021-12-17,480.852861272753,481.69041837720954,461.3428596673952,463.3135681152344,27341178,474.1021917724609,478.6172622340743,475.7343842401561,44.487215803253676,2.882877993918214,-118408972.07079366,6982974052.0,28.67005108996512,60.84684651763761,15.580359143990478,499.77458521195615,450.85081456831733,16.176208419675838,224.84252845339384
2021-12-20,453.1644331867067,453.2629746300994,433.5558887766168,440.50262451171875,33007516,476.2896789550781,472.75347181525035,473.12462426027184,36.705905747022896,-0.3711524450214938,-128146229.58317171,6949966536.0,10.61746417785517,38.819913507766266,16.797581061085626,502.0808808287004,444.6967131654402,17.146313485314533,225.11269299988285
2021-12-21,445.4786337592181,454.1497385727224,443.2615868394516,446.9566650390625,18838054,477.8090948486328,468.78473231122143,471.18625691055263,39.90851218064476,-2.4015245993311964,-134198259.9560776,6968804590.0,20.481887802787025,19.923134356869124,17.86148354335834,501.3543320392573,441.29462731132867,16.896370669292327,225.27060435775456
2021-12-22,451.4400604396037,465.2350204534686,451.4400604396037,463.60919189453125,22730750,479.5344506835938,467.98849532403835,470.6249928352918,47.31572059674563,-2.636497511253424,-116825452.63643652,6991535340.0,45.93378551429778,25.677712498313344,18.038568899679817,500.2600856702552,440.60046120474476,16.995083865371885,225.471069410796
2021-12-23,469.02860472936845,470.99931315260113,464.0525779889557,465.43206787109375,12116814,480.6498718261719,467.5951987928161,470.24033172683266,48.07032421087802,-2.6451329340165444,-124129927.6245151,7003652154.0,48.719888386187314,38.37852056775739,17.80719258055692,498.4967319458159,440.35369224852,16.309015107707456,225.58085181757198
2021-12-24,467.9447218622138,467.9447218622138,453.26294972229067,460.75164794921875,15487368,481.5711779785156,466.5423448168781,469.5374662618242,46.23902671410611,-2.9951214449461077,-123818082.26307002,6988164786.0,41.566285204375994,45.40665303495371,18.109254651298453,498.2272734545362,441.35231333745594,16.192783467151433,225.7174393721426
2021-12-27,458.879471343424,465.5306123148163,453.3614817085884,464.2496337890625,12557565,480.86664978027346,466.189620043368,469.14577496754555,47.83840296001152,-2.9561549241775538,-113904251.08782253,7000722351.0,46.912643661848065,45.73293908413714,18.389740859844164,497.9863653688802,442.54901365944016,15.90537969137118,225.82825727975927
2021-12-28,468.2403430975713,475.72901120463814,465.7276717634735,473.1671142578125,22860916,480.5237463378906,467.2630806917441,469.44365195200976,51.7770418931901,-2.1805712602656513,-102755228.5290109,7023583267.0,60.54221487977307,49.673714581999064,17.907699501930335,497.74929478681963,444.91445338212566,15.5892366716715,226.0387209818438
2021-12-29,471.73831899626913,474.54658445507135,467.304225136252,469.0285949707031,10263884,479.8615881347656,467.53469827312244,469.4129069904315,49.89412061849832,-1.8782087173090645,-108131552.77816695,7013319383.0,54.21685834458571,53.8905722954023,17.46008966958178,497.77118384844385,444.966465687689,14.993031146467775,226.13261601127832
2021-12-30,465.6291256808312,469.4227454504951,461.73699454544504,463.5106201171875,11923961,479.6349572753906,466.9156093260555,468.97570055537636,47.418077049017384,-2.0600912293208467,-114552175.87213002,7001395422.0,45.78312736998312,53.51406686478065,17.367390605295565,497.55969645599185,444.32069294830507,14.47108255779508,226.23919512772417
2021-12-31,465.7769514997579,476.51730647619667,464.9393943992129,475.3348693847656,15541446,479.5462756347656,468.2108801043186,469.4467500982941,52.821082712330146,-1.2358699939754842,-102185185.17679667,7016936868.0,73.48352650500182,57.82783740652357,16.736894716545603,497.7275258465312,444.3794931964376,14.366482829310373,226.38225307835646
2022-01-03,486.2723278919928,493.5146877257859,484.7942965002238,490.3122863769531,32748423,479.3413232421875,471.6110964539547,470.9923453781948,58.62106064142522,0.6187510757599171,-93489259.65648095,7049685291.0,94.65899683623138,71.30855023707213,16.05384654468877,500.0072025018425,445.0952968878059,14.638863937289653,226.70429868527594
2022-01-04,489.5239448998299,491.6917361254258,476.96067909702595,482.4294128417969,24100985,479.3157043457031,473.275452821315,471.8395355606838,54.80240653103439,1.4359172606311859,-99695823.4078742,7025584306.0,81.51184633737121,83.2181232262015,14.907918761721836,500.71669915969375,445.15437627975933,14.645449158083238,226.93554221154523
2022-01-05,479.8182601410517,485.5333027160551,476.46803166195485,482.5772399902344,15420105,479.50981994628904,474.7064970011488,472.6349210739839,54.861788599327326,2.071575927164929,-94332295.28168422,7041004411.0,81.75839421863017,85.97641246407761,13.876124713688691,500.1630051133352,445.29915003803194,14.24686500779874,227.08202917968
2022-01-06,474.44806995751264,485.73038811455507,470.1125172845908,481.6904296875,16563230,479.11962036132815,475.7809481836644,473.3056994897999,54.40004542446778,2.4752486938645006,-86338064.39126444,7024441181.0,80.27936141898024,81.18320065832722,13.338116935774986,499.4834793439791,445.4761459001615,14.344793995096278,227.23773736351714
2022-01-07,482.8728015655215,488.24299384902235,476.6650822895349,483.4147644042969,15532165,478.97575927734374,476.9553814483771,474.054519113096,55.18978352328908,2.900862335281147,-83760369.80814753,7039973346.0,79.90189034437161,80.6465486606607,12.652142974572016,498.9281194560987,445.65214177437,14.147159535409935,227.3856599258655
2022-01-10,485.8781761736415,497.50534404375367,484.10452051965217,496.32293701171875,25193771,479.4221252441406,479.93500538119895,475.704031550031,60.679673830630755,4.230973831167944,-63012488.56116176,7065167117.0,97.43319276573737,85.87148150969642,12.13941123910846,500.530652307914,444.8723841911094,14.143118114270425,227.63449092521816
2022-01-11,495.6331524640708,500.46138193120646,490.85417867767825,493.9580383300781,16269193,479.76896911621094,482.0923950656419,477.05618020040487,59.24752131793231,5.036214865237014,-68769300.29947427,7048897924.0,86.22127198559818,87.85211836523574,11.863199766927279,502.36161374750657,444.2139935522981,13.819124195645982,227.7964101162589
2022-01-12,498.4414329721591,504.3535582301372,496.1258445653262,499.8209228515625,16255334,480.19365661621094,484.8198608788604,478.742457433824,61.663232486340846,6.0774034450364525,-70424045.57072236,7065153258.0,91.12824154780117,91.59423543304558,11.870691551784676,505.0210183443279,443.091744106844,13.57458103167549,227.96102368704928
2022-01-13,496.6185095977021,506.27496858940805,487.55323906092326,504.45208740234375,27572553,480.6685968017578,487.8402034209348,480.6468744685291,63.503600012428734,7.193328952405693,-48220813.61198206,7092725811.0,96.55497814542049,91.3014972262733,11.180022193220037,508.4611247397627,441.6223469399248,13.942234495733297,228.2390994331665
2022-01-14,501.54531609035286,507.8516073825669,498.2443733200339,502.43212890625,12655602,481.1612744140625,490.0851150340602,482.2605970194714,62.1032382814921,7.8245180145888185,-49843361.22245378,7080070209.0,88.24780662160464,91.97700877160878,10.657325057587611,511.98465688095945,442.01067087782957,13.63259160764756,228.36814883568255
2022-01-17,507.26034888134825,519.1831712267938,504.50136904761905,517.3109741210938,27942414,481.85693420410155,494.2737087397577,484.85692124922116,67.74539426442328,9.416787490536535,-29027280.349496696,7108012623.0,96.7409543787657,93.84791304859696,10.969763133059256,515.8202120901868,445.85595062953973,13.855338087140145,228.66386681389812
2022-01-18,520.1685014408101,520.7596898988606,499.7223719086893,503.31890869140625,19353195,482.04218017578125,495.6652779630883,486.2244758745682,58.86917144663594,9.440802088520059,-41763236.62038559,7088659428.0,70.45072051856896,85.14649383964645,10.84805600772384,516.26707961538,451.045307469581,14.368336651642375,228.8642132056008
2022-01-19,502.53067109027535,514.5520050544105,497.4068169254184,513.2217407226562,21799071,482.2628997802734,498.36627223379105,488.2242732707229,62.6037276821276,10.141998963068147,-23346867.09890051,7110458499.0,86.49604214966587,84.5625723490002,10.536124004689285,519.8013973431023,452.4722446246711,14.566683185738786,229.08990690496876
2022-01-20,512.3349725080766,515.5373739342896,504.5013939141666,508.147216796875,18364451,482.3604510498047,499.871032935804,489.7000468652527,59.61656372614836,10.170986070551294,-29577636.167238057,7092094048.0,75.09737967399965,77.3480474474115,10.323594302899865,521.8316607544062,454.71349610594524,14.314490102480514,229.2804390443627
2022-01-21,502.9247972270078,506.3242513068544,487.0113322921824,494.5000305175781,17946821,482.32891967773435,499.0447248714616,490.0556012098694,52.3781775635599,8.989123661592203,-33606485.83705305,7074147227.0,48.151776247656,69.91506602377386,10.4351406591871,521.1224490375342,458.7975460796532,14.80173255978138,229.45745954723736
2022-01-24,492.381526661953,496.9141321177904,466.4174363760688,471.4427490234375,25228959,481.7652978515625,494.7982670486887,488.67687141828185,42.900769925796375,6.121395630406823,-50520878.051432535,7048918268.0,9.247523467647557,44.16555979643442,11.712503344568384,520.435332139489,460.20397450113603,15.922801358491398,229.6894211750687
2022-01-25,466.8607960844561,485.2869311851148,460.8008739223605,483.365478515625,22565698,481.4716619873047,493.03937650514035,488.283434906974,48.1274842179578,4.755941598166373,-31496699.226669736,7071483966.0,37.63350597534868,31.6776018968841,13.164517756853483,520.0997651538329,461.5593779125734,16.534462494510176,229.89505210782536
2022-01-27,473.70903961044655,495.33757669215294,469.6198256258541,487.15911865234375,26676094,480.98588195800784,492.13472145086394,488.2001522214458,49.705051887590734,3.9345692294181163,-21787043.30149036,7098160060.0,43.96058244431298,30.28053729576976,13.654812856960021,519.3240480716307,464.14814736293954,17.190411678209365,230.14513125784248
2022-01-28,493.1697775512125,501.89016824331577,488.0459236782751,490.0166320800781,21784640,480.33850341796875,491.8088615476661,488.3347062850482,50.91595083052841,3.4741552626178986,-37369658.64401442,7119944700.0,48.72637606647912,43.44015482871362,13.595355467119514,517.4606834139086,468.66211321695084,17.014742957692413,230.35644011375518
2022-01-31,497.6038785351468,512.3841917589631,490.9034819019331,510.1671447753906,27306578,480.4971453857422,494.63321281346987,489.95192395099946,58.50314535970247,4.68128886247041,-15699762.745260078,7147251278.0,82.3336319255844,58.34019681212552,12.783984653119578,518.8626792903178,470.7433448796041,17.397087009206167,230.63206059587776
2022-02-01,500.55994619514235,507.211087212499,485.7796328232385,496.91412353515625,48030231,480.8558142089844,494.9841221552678,490.46764243871473,52.730004884772455,4.516479716553079,-13822773.148159336,7099221047.0,60.23009131292675,63.763366434996776,12.358906158991177,519.1183030941812,471.147904791561,17.896403076559448,231.1016558248006
2022-02-02,501.1511898689763,506.9155183871339,497.75170559475805,498.9833984375,14311040,481.0706219482422,495.5993954294574,491.0984391793655,53.50154657282751,4.5009562500918605,-24286766.959075462,7113532087.0,63.68125169467073,68.74832497772731,11.964190414443376,519.268261984987,472.65334446032546,17.332473917660746,231.2436643821307
2022-02-03,501.6438414996381,506.7676654225446,495.48537759905975,497.1112060546875,15249245,481.38297973632814,495.8319816794928,491.54382931827826,52.66400819571398,4.288152361214543,-35141042.27992375,7098282842.0,60.55878779620703,61.49004360126819,11.754397812182678,519.1722964913231,474.20270656043476,16.900317768076754,231.39401856542838
2022-02-04,496.42142589344394,500.3628426296225,491.6917378382789,493.268310546875,12663199,481.5376800537109,495.4375707360132,491.6715686685447,50.90255641575768,3.7660020674684915,-43199417.69000433,7085619643.0,54.14956265520582,59.46320071536121,11.824232990078547,518.7508381269222,475.7819530107731,16.31251684116724,231.51657190469786
2022-02-07,495.53459810545235,496.9633736572117,485.28692091646764,487.3561706542969,13392910,482.2156030273438,494.1942784157492,491.3519095563782,48.229894819202286,2.8423688593709926,-51845462.1613036,7072226733.0,44.28922803002695,52.99919282714662,12.318828109155188,518.5037819337879,476.4231498289074,15.981369405422729,231.6434898303299
2022-02-08,490.70640436227643,491.19908147508994,472.1324711950814,485.5332946777344,23378623,482.83243469238283,492.8618193791315,490.920901046849,47.403454542049985,1.9409183322824788,-42361106.84585752,7048848110.0,45.1845126195204,47.87443443491774,13.545994551889025,518.5973861634099,475.250581365887,16.20174375360743,231.8588149618045
2022-02-09,489.2283506017671,496.3229127293773,487.4547251051761,493.9087829589844,12430730,483.6729418945313,493.02289069910887,491.1422256329331,51.5144341759629,1.8806650661757658,-36698252.45525969,7061278840.0,60.485981071877916,49.98657390714178,14.199112379030396,518.5962820788196,475.24675991336795,15.815163346324255,231.97753086387408
2022-02-10,499.2789897143648,503.02332368020876,496.81560419193477,500.01800537109375,14537945,484.30751037597656,494.09906218710654,491.7996907987228,54.31911288857138,2.299371388383747,-36236701.32838394,7075816785.0,76.02677201369448,60.56575523503096,14.20135935170297,518.6115784525531,475.2511717915876,15.336547444531407,232.12016760610933
2022-02-11,495.87952853538815,499.57460698945215,489.7210644452815,491.5439758300781,13534899,484.6967254638672,493.70597197833297,491.78074894919354,49.99876565151536,1.9252230291394312,-44763671.17629055,7062281886.0,59.598923057064155,65.37055871421221,14.649984614547378,517.8000954748817,474.77184361203246,14.976575550337179,232.24968690081909
2022-02-14,479.8675036123309,481.34553493762553,461.9340448371727,464.5452575683594,22157389,484.52625915527346,489.2197082229524,489.76330514320586,39.27940773181456,-0.5435969202534352,-60959883.99174753,7040124497.0,7.258904240824023,47.62819977052758,16.402154471915136,519.738084678916,469.045167274209,16.02181522480634,232.44172195532508
2022-02-15,469.1763802135589,498.09653100513276,460.45598982872133,496.6184997558594,30623088,485.2514794921875,490.35798384339967,490.2710973367357,52.3490913865396,0.0868865066639728,-32741749.77820443,7070747585.0,69.63944173479624,45.49908967756149,16.712523577323953,516.4674690058222,470.2465355107793,17.566009935635275,232.72426842439242
2022-02-16,496.6185454053429,500.46142099256866,489.3269299194689,491.14984130859375,20176993,485.57960327148436,490.4798080688141,490.3361894827992,50.35875412593628,0.1436185860148953,-46312087.81813131,7050570592.0,59.10825012024352,45.335532031954614,16.830481979882453,515.414364718594,470.0827330597263,17.106615731168453,232.91641300687158
2022-02-17,498.4906775088008,504.00866697366354,491.00197966867444,492.6278381347656,27943077,485.69883117675784,490.81027423280665,490.50594123479675,50.9020770513211,0.30433299800989744,-67269298.66423965,7078513669.0,61.95448159222354,63.56739114908779,16.678773856230205,512.3506427375261,471.08706478200514,16.813763700727073,233.18432222800084
2022-02-18,490.7064031962793,495.28829432043295,484.30160074492227,485.92742919921875,15476803,485.68306518554687,490.05906730456235,490.16679219512434,48.32008140304292,-0.10772489056199674,-78165537.6344885,7063036866.0,54.47842223794635,58.51371798347116,16.89819512719911,509.9330661663139,471.28266259345173,16.397544406068757,233.32831550543835
2022-02-21,482.97136336626187,493.07124408879366,478.9806908163405,487.2084045410156,22592161,485.68306518554687,489.62050380247825,489.94765236889407,48.85421998899256,-0.3271485664158149,-74373804.4699965,7085629027.0,57.58219151677156,58.005031782313836,17.377890495626243,509.5361112817875,470.9504548803219,16.232759325096215,233.53650179020872
2022-02-22,473.51193856919974,479.1777250970019,464.5452395990896,471.2456359863281,27957544,485.34607421875,486.79360106153206,488.56231782203736,42.90341011913596,-1.7687167605052991,-76727136.95850867,7057671483.0,23.29789630640322,45.11950335370707,18.49610492926025,509.5648250585566,470.9020297998418,16.69207401201263,233.77864302749717
2022-02-23,474.69437891482306,478.29091567815374,468.3388323894266,470.0139465332031,17703998,485.10170654296877,484.2121157494815,487.1883643932348,42.47350777832101,-2.9762486437533084,-88471334.06239215,7039967485.0,21.945738657288867,34.275275493487904,19.534446903348975,510.6431380683915,468.4885635917648,16.21064610320652,233.93208277793104
2022-02-24,449.2722601692766,454.79021964077344,399.51187299717026,421.6823425292969,57265685,483.8463659667969,474.59215063868385,482.3360664773876,29.8386197746172,-7.743915838703742,-99801957.6281414,6982701800.0,21.216411229911895,22.15334873120135,22.43787107534377,522.6493444769685,449.9346795708831,20.08860520555126,234.32965793002674
2022-02-25,438.3348297337075,458.8794711857402,435.1324285263598,453.0166015625,48876182,483.2117980957031,471.27283539619407,480.16425426147,41.904722114115906,-8.89141886527591,-75059701.42749283,7031577982.0,51.202268059406414,31.454805982202416,24.844616848296045,523.5168314174164,445.3671895786774,21.310642594900695,234.70959444001102
2022-02-28,438.4826116003767,450.651741779141,433.99926209428503,447.4000549316406,34475468,482.8935278320312,467.60009994010886,477.73727653333447,40.558293966435315,-10.137176593225604,-54048105.23259924,6997102514.0,45.82741738970756,39.415365559675315,27.10291797731813,521.6708375017913,440.93647450992734,21.146835228708856,234.97055536587908
2022-03-02,446.3162067644858,447.59715522449545,438.0392072453869,441.0445556640625,25791134,482.9043664550781,463.51463158994784,475.0192972096847,39.0300783689986,-11.50466561973684,-63619995.53046304,6971311380.0,39.745413315010495,45.591699588041514,29.199911882838638,521.7966298641816,435.2237253604278,20.31905756802312,235.16368735671801
2022-03-03,451.7849399559154,451.7849399559154,428.62911424388915,430.6983642578125,29599672,482.57920043945313,458.4659750773116,471.73626513917566,36.61161582914625,-13.270290061864046,-87929498.01028772,6941711708.0,29.844447924074775,38.472426209597636,31.356336169183493,522.0048998281711,428.18695197846955,20.52168386402334,235.37935173006318
2022-03-04,425.5252153548368,425.5252153548368,408.67565259710625,411.1390380859375,38765185,481.52979736328126,451.18490784786945,467.2475816537506,32.510335486117626,-16.06267380588116,-115359837.64083782,6902946523.0,11.126815135957942,26.90555879168109,33.745003223926716,524.1611806133412,417.4334543964244,20.62890013521498,235.63046887183262
2022-03-07,395.8660482416298,395.8660482416298,381.8247509486784,388.22955322265625,44836205,479.9857470703125,441.4994686747597,461.39439436255844,28.485318172370143,-19.894925687798718,-119292838.07943423,6858110318.0,5.241935667431174,15.404399575821321,36.369797127330976,528.7898933494322,402.3008659279116,21.249284921075276,235.8773289162061
2022-03-08,384.78078902292646,389.6583040106207,370.8380340519691,386.0124816894531,55543383,478.4909637451172,432.96300913855873,455.8105489793654,28.12245029459605,-22.84753984080669,-85268945.0739411,6802566935.0,11.39474019501488,9.254496999468023,38.94734844765326,531.6618824500486,389.29450793081077,21.075783852330733,236.16913190410222
2022-03-09,389.1656508512408,403.2562037936681,383.7954584670341,399.95526123046875,48376222,477.2050762939453,427.88489407577566,451.6731202572249,33.83112793401048,-23.78822618144926,-53303927.01976654,6850943157.0,21.864600730418438,12.833758864288187,40.33731769415885,531.0386871470158,381.35989988911695,20.96042395763811,236.4457460456364
2022-03-10,420.7462663423774,428.5798446877749,407.9366610438975,413.45465087890625,59776817,476.01082702636717,425.66485666087266,448.8421225254976,38.89161714114168,-23.17726586462493,-81123670.51158138,6910719974.0,34.24389530002161,22.501078741818333,40.039017830871,527.1247419357321,377.22843189239296,21.50786392190011,236.83110664629532
2022-03-11,407.5424988540067,414.9819109576265,401.4332908499177,412.0258483886719,51510243,474.8707720947266,423.56654769591864,446.11499110795495,38.555517493827054,-22.548443412036306,-52090624.457035705,6859209731.0,33.69609153215754,29.934862520865888,39.93250757470967,521.2919832550979,374.2619748747849,20.939346506600735,237.14865600920382
2022-03-14,412.61708442464993,412.8634229825154,398.08310951058763,405.67034912109375,40721277,473.7139666748047,420.8132863767148,443.1190917015208,37.02286316976706,-22.305805324805988,-51004657.458915696,6818488454.0,32.15101938461885,33.36366873893269,39.92279807697571,516.299482052175,370.66711340680934,20.499415575552664,237.39314562536973
2022-03-15,403.8474625936201,417.9873026980608,402.0245511392799,407.591796875,47706136,472.3591052246094,418.7792110687587,440.48744023288964,37.827536019249834,-21.708229164130955,-65434352.20933856,6866194590.0,34.20453901915142,33.350549978642626,39.590406059080685,514.3830210470495,366.8882283425989,20.17536814578325,237.68488944083174
2022-03-16,420.7955075114397,422.2735388410487,414.53853227259435,418.677001953125,27191170,470.9263995361328,418.7634865894304,438.8718522121663,42.4000825367474,-20.108365622735903,-63529274.7459985,6893385760.0,54.33687756421883,40.23081198932972,39.007861708959254,506.3628951190777,367.11420449029737,19.78296627580221,237.85972009788117
2022-03-17,425.672999287079,429.3188217258887,423.25886955453973,427.4466247558594,26704541,469.82674377441407,420.09935399965025,438.02553906725467,45.79641303884463,-17.926185067604422,-53325247.06113733,6920090301.0,64.29766771966543,50.94636143434525,38.018349255687546,498.6081252232596,368.4986527308419,19.130027239870888,238.03885212219632
2022-03-21,429.1217547218276,429.91002605472033,420.8447854439584,421.6823425292969,18270995,468.6088458251953,420.34289069651896,436.8149319162949,43.96152390556245,-16.472041219775917,-68220048.97912109,6901819306.0,62.81192333362435,60.482156205836226,37.192143917814505,489.2683476569854,370.7438807365693,18.411113909220244,238.1595763086859
2022-03-22,421.83016708331525,434.9846525421349,415.03122866535114,433.9007568359375,30441493,467.6530523681641,422.4287162564295,436.59906709552763,48.657339451145965,-14.170350839098148,-41085798.2606153,6932260799.0,77.90627952944895,68.3386235275796,36.65086313252528,480.90748632567943,373.9020748315471,18.52127890690335,238.36449975054143
2022-03-23,437.0045979445521,440.45333772539976,428.234951373093,429.4173583984375,25466395,466.5731042480469,423.50389197058456,436.06708867352097,47.09777865604359,-12.563196702936409,-61623286.367355496,6906794404.0,72.36758921456511,71.02859735921284,35.76177060008802,470.5006268041001,378.52982973886867,18.071072295860738,238.53986047414745
2022-03-24,423.70229286194433,429.0231993628302,421.28816311855155,426.8554382324219,17109723,465.18375427246093,424.0195144724057,435.38474419640255,46.186786501013984,-11.365229723996833,-54103639.30239396,6889684681.0,80.46708298973111,76.91365057791508,35.228656759703746,463.03023810760976,381.56119865996834,17.36093822329111,238.6532709837951
2022-03-25,430.5998057214702,430.5998057214702,421.3867375025494,425.7715759277344,15104414,463.82002502441406,424.28906238861015,434.6726576579827,45.78331335396609,-10.383595269372563,-54830559.65460245,6874580267.0,78.9101519020324,77.24827470210955,34.61420074553542,454.5326590736406,385.63454063339066,16.778947508693232,238.7533806744368
2022-03-28,425.67300250220154,428.5798093392042,420.25355455367816,426.3627624511719,16757901,462.3508618164062,424.60809316746577,434.0571098648856,46.0600980909956,-9.449016697419836,-46996971.7387009,6891338168.0,79.75937109988405,79.71220199721587,34.09597113331136,454.87037759638883,385.76486410282996,16.17518374275272,238.8638180296214
2022-03-29,429.6144472476551,432.91538995508205,425.08181174422003,427.34814453125,18710736,460.80878295898435,425.0296395311249,433.5601494698015,46.54990227029054,-8.53050993867663,-54881300.3614276,6910048904.0,76.8696016058265,78.51304153591434,33.25524409407993,450.39253479472166,387.6758612013721,15.579354776189096,238.98920783412908
2022-03-30,432.02857163777054,436.01924421761413,427.89007186779423,429.2695617675781,18149488,459.34553161621096,425.68193525980996,433.2423281585257,47.550038621334764,-7.560392898715747,-66870988.9858359,6928198392.0,73.60463601677765,76.74453624082942,32.21621925617507,447.1119157003656,389.14343097932186,15.085907984058741,239.11235220190224
2022-03-31,429.61444693353747,431.88074964828553,426.2642485449697,427.39739990234375,14248045,457.5472601318359,425.9458528971228,432.80937050991963,46.63440125030237,-6.863517612796841,-75369834.89028335,6913950347.0,69.18605734936351,73.22009832398925,31.34666942467019,444.8382475530225,390.0523835504931,14.40952177829139,239.20763412071696
2022-04-01,427.64368888658606,435.77286039191864,424.5398294168561,434.68896484375,19380324,456.17466125488284,427.29094704275775,432.948599719833,50.622481875337385,-5.657652677075248,-59729596.17132637,6933330671.0,86.39522814834731,76.39530717149619,30.191290741352248,445.47564691474935,389.8140442473601,14.182629578060759,239.33923980846617
2022-04-04,437.8914122857929,442.91672485556495,434.83680816921583,440.2070007324219,18657201,454.7143664550781,429.278032225783,433.48625905409887,53.457160780755885,-4.208226828315844,-53586352.8227567,6951987872.0,93.37348965123871,82.98492504964986,28.507584775960517,448.4146060582124,389.7818813685454,13.757281751900345,239.4707996599834
2022-04-05,443.4094021992378,455.13511148771494,441.7342879849019,451.34149169921875,28530470,453.578251953125,432.6724106063116,434.8088688796633,58.61944018175235,-2.136458273351707,-41209181.990435034,6980518342.0,90.65532155210946,90.1413464505652,26.914782204479206,451.1842421374237,393.3234391369903,13.840912394999824,239.68177946715605
2022-04-06,449.2229607735308,455.9233871821166,445.9713040358242,449.46929931640625,24974477,452.6776373291016,435.25654733094154,435.8948266897924,57.46529859150576,-0.6382793588508662,-48627414.45412381,6955543865.0,84.21680806342319,89.41520642225714,25.491288482882,451.54467287467133,399.30869016243804,13.563138877235009,239.86703912208455
2022-04-07,449.81419700138827,452.37612396228985,441.9313633189981,442.9167175292969,19950241,452.10711669921875,436.43503505376543,436.41496675197794,53.4953905486532,0.020068301787489418,-64813461.20646507,6935593624.0,68.19275351413137,81.02162770988802,23.835125064941273,451.9697174783334,403.17979118865884,13.340397574810492,240.0114883748832
2022-04-08,443.4093877352075,449.56785145375204,443.1137935049668,445.4293518066406,16315704,451.34839416503905,437.8187760926693,437.08269897824925,54.78529053194592,0.7360771144200271,-69421813.29092681,6951909328.0,74.33729165660577,75.5822844113868,22.297259033996312,453.846800420676,404.50017833908964,12.86259302835654,240.1296407809932
2022-04-11,450.30686709997735,452.17903405629016,444.39474193017463,445.4293518066406,14339854,450.513798828125,438.9896338948187,437.7009695581301,54.78529053194592,1.288664336688612,-79949848.73758487,6966249182.0,70.58008237720352,71.0367091826469,21.0908361766206,455.16765747226975,406.5196716292927,12.49985724962504,240.23402655472069
2022-04-12,444.19769629165063,444.19769629165063,428.62911073459844,431.8807678222656,22698696,449.35108154296876,437.89596219134904,437.26984350362164,46.68705331700946,0.6261186877273985,-93166838.71378115,6943550486.0,32.596769908355164,59.17138131405485,20.486651815248504,453.56125735133213,410.74711362034753,12.807027522654835,240.3891392380394
2022-04-13,435.3294654113977,436.3641053444725,423.80083952881944,424.7369079589844,16817981,447.6424768066406,435.8714923094468,436.3414779077226,43.07176532100539,-0.4699855982757981,-107478659.08577004,6926732505.0,12.569034040635735,38.581962108731496,20.259047845022742,451.6034875073225,414.41939457275566,12.789615972154706,240.5000111587966
2022-04-18,423.7022909570462,429.9592959190248,417.4452859950676,427.4466247558594,15298361,446.2531268310547,434.5753588396641,435.6825998964735,44.81728659692117,-1.1072410568094142,-98323772.60144933,6942030866.0,25.992287696769313,23.719363881920092,20.463602434785635,451.0565498035637,415.8432945567879,12.769929825854884,240.5989543383322
2022-04-19,430.35345561022876,433.80219538043093,410.8927097640879,418.7262878417969,12669041,444.64798461914063,432.1370402246076,434.4265767813123,40.51224112302776,-2.289536556704718,-102328810.96907261,6929361825.0,17.396092012981114,18.652471250128745,21.051688012888775,451.59836279609357,414.42944787285177,13.494183810889751,240.67912014115709
2022-04-20,424.68765779191966,435.2309597003861,421.9779337572844,434.0977783203125,19639290,443.3877160644531,432.43869223933143,434.4022213397567,49.68673445170705,-1.9635291004252622,-86047980.81687056,6949001115.0,51.53168881029118,31.640022840013888,21.44387775740623,451.47829563856095,415.7910586094859,13.709218671439714,240.80964461812624
2022-04-21,437.98995010932657,442.7689240830245,434.5904660273599,441.4879455566406,14124872,442.35210876464845,433.830885057379,434.92708980026663,53.40719185841757,-1.0962047428876076,-76347820.07583185,6963125987.0,67.94309467861454,45.62362516729564,21.023005859641227,452.18378264242966,415.8442904776875,13.349356320816307,240.90794815949639
2022-04-22,435.5758143889367,440.6996682843266,431.5851418860482,432.4226989746094,14362036,441.25343933105466,433.61424104464527,434.74157936873644,48.65442795868424,-1.1273383240911699,-88070327.8036348,6948763951.0,47.81182617053332,55.762203219813046,20.849052782978625,452.2289080134296,416.0996991643048,13.10317398865746,241.0054341295748
2022-04-25,426.41200685290653,429.6144078286938,416.95260103337966,418.9233093261719,14729009,439.9212396240234,431.3540977033417,433.5698556618798,42.577968211945475,-2.215757958538063,-98214433.45608833,6934034942.0,17.83361926256257,44.529513370570164,21.609849605562314,452.780177912498,414.7552163746114,13.272239985269763,241.09857579945586
2022-04-26,427.5451938668923,431.04321942154553,425.27889116887724,428.5305480957031,13577513,438.6136749267578,430.9197054560127,433.19657361994075,47.59419102149259,-2.276868163928043,-96473799.30682358,6947612455.0,39.168494330830704,34.93797992130889,22.162213165877386,452.7230914034082,415.088200100498,13.189930707420043,241.18741392908854
2022-04-27,422.9632847291103,426.60910724890937,418.87407086757787,423.9486389160156,13701069,437.09228759765625,429.8472336806285,432.51154141965003,45.55046058997138,-2.664307739021524,-92197704.77475685,6933911386.0,28.99341049375508,28.665174695716143,23.045480710015333,452.8240404008482,414.74583874954243,12.9375411731847,241.27451445714337
2022-04-28,428.43197308199996,432.7675554054828,424.49055647564995,429.6636657714844,13875650,435.85468139648435,429.8189924638371,432.3005876679341,48.51984219761038,-2.4815952040970046,-88728842.6854713,6947787036.0,45.249303535411705,37.80373611999919,23.187046535825612,452.8095563560009,414.9918749184132,12.643353695776307,241.36546482455356
2022-04-29,433.75293648880654,441.1923487669567,429.61443676693045,431.1910095214844,21991752,435.1875964355469,430.0300720111674,432.21839669412304,49.31536264560852,-2.188324682955624,-104731328.74044974,6969778788.0,49.16470551782739,41.13580651566475,22.476910299703608,452.8299057149686,415.16367033483607,12.567250717508445,241.51328956732797
2022-05-02,431.5359022471778,436.462673456436,422.2242926334297,426.5105895996094,18945234,433.7854382324219,429.48861317862,431.79559616860354,46.92246036102997,-2.30698298998351,-112270083.3061374,6950833554.0,37.82821576700937,44.08074160674951,22.324057740540887,452.85156670238666,415.05332831714463,12.686617153615435,241.63675469258743
2022-05-04,431.5358965026067,434.1470791946287,414.53853605693337,417.2975158691406,14934742,432.30839172363284,427.6130597463924,430.7216642945693,42.54615642203765,-3.1086045481768565,-123002100.87228465,6935898812.0,19.23077224412687,35.4078978429879,22.659395556059028,453.3194987744084,412.84625134766196,13.18104043819257,241.7306348714408
2022-05-05,422.7169564345274,427.6437274885429,417.49459114552064,420.0564880371094,12240729,430.8569647216797,426.45051025265656,429.93165123846114,44.22381267740777,-3.4811409858045863,-129063095.06215169,6948139541.0,28.74801311515082,28.602333708762377,22.97078067046873,452.79363183965745,411.35706701288166,12.978552665421832,241.8073955070322
2022-05-06,412.715602827568,414.0458369799238,401.0391498223026,402.5664367675781,25142225,429.1897448730469,422.77603740879835,427.90459831469207,36.873205234085475,-5.128560905893721,-148300758.57738036,6922997316.0,3.65994538032546,17.212910246534406,24.15848650492486,452.11715503503996,407.15603832433504,13.4098944903779,241.95098612444096
2022-05-09,401.18692865521837,401.43326718811124,389.21488197074876,398.0338134765625,18076956,427.4062530517578,418.9695414192236,425.6919475859417,35.23854231859981,-6.722406166718088,-140282705.46421677,6904920360.0,16.467349910441676,16.291769468639345,25.769111925155414,451.5597070453956,402.569937729995,13.405727369410146,242.0479986109835
2022-05-10,394.141653288529,402.51716342091026,383.8939763171516,386.0124816894531,16540303,425.7015899658203,413.89922453772044,422.7527278899055,31.27808679031277,-8.853503352185044,-153059880.21234813,6888380057.0,3.5983138035657225,7.908536364777643,27.47008469328288,453.4500890945872,394.989132096819,13.778403064720752,242.1335412179354
2022-05-11,390.2002772409782,391.1856314764352,372.0204795685463,382.4652404785156,29215175,423.95061584472654,409.06322699015044,419.76846956313585,30.199512751071836,-10.705242572985412,-150431267.14487067,6859164882.0,14.763237526489883,11.60963374683245,29.462914188692142,453.83557662648445,388.30723343210934,14.163170839232764,242.27534705558398
2022-05-12,376.40533001036266,379.01651280390104,360.83674461933623,366.8473815917969,33511538,422.8539166259766,402.5684815442499,415.84838897266627,25.95568512206239,-13.27990742841638,-161783480.86065492,6825653344.0,7.480047018772413,8.61386611627603,31.64585529092377,455.62771556315255,378.6568974739568,14.696408340657523,242.42255136273633
2022-05-13,381.33207692694396,413.2082914387086,381.33207692694396,398.3786926269531,71425747,421.76115844726564,401.92389863389656,414.5543373915024,43.28437531366156,-12.630438757605816,-156815761.51942977,6897079091.0,46.71976323972248,22.98768259499495,30.751298613435956,454.15664591632907,376.7777596012491,16.95815844824711,242.8061939943587
2022-05-16,405.8673880452356,405.8673880452356,390.4466008643397,399.413330078125,24938704,420.8014239501953,401.53765731762405,413.43278129421515,43.74956571775119,-11.895123976591094,-152752235.8553339,6922017795.0,48.00733672280047,34.06904899376514,29.920638841482987,453.24996821133925,375.15207951815296,16.848346214864883,242.9405058352543
2022-05-17,402.4186592463516,419.41601961790695,399.0684608973873,417.93798828125,24651585,420.33929260253905,404.0607851581819,413.7665003302918,51.430871142318765,-9.705715172109933,-131681995.98166776,6946669380.0,71.06068614332568,55.26259536861624,28.254908517040366,452.3470848257848,375.1040992562464,17.098289965268794,243.08459581997948
2022-05-18,417.79015329358657,421.0910956603843,407.98586762083033,409.06976318359375,20490516,419.9067205810547,404.83139716209143,413.41859387498084,48.04821683718393,-8.587196712889408,-148783089.17969894,6926178864.0,60.024461362581675,59.69749474290264,26.60306253608419,451.8435582482972,374.6419733679137,16.813071256289167,243.20458401877093
2022-05-19,394.14169664263767,400.84209345731244,390.3973625527826,392.81146240234375,17706724,419.5401690673828,402.9821764298225,411.89213969182254,42.52602313339746,-8.90996326200002,-158304671.76526925,6908472140.0,39.7915218511295,56.958889785678984,25.98406592221175,449.51220668416363,372.8446933402504,16.94588049732645,243.29711898984843
2022-05-20,403.99521823134717,415.22824999243556,403.99521823134717,411.8780517578125,23504236,420.0131390380859,404.35077263412865,411.8910961411551,49.81096000944643,-7.540323507026471,-148820488.6998893,6931976376.0,67.49180859440494,55.76926393603873,24.513971955341027,445.43413064875915,373.9617799957721,17.336659575381116,243.43248443584034
2022-05-23,415.47457964703847,424.83544425934974,413.40532987650823,415.27752685546875,16345308,420.59843994140624,406.03181174510405,412.1419428607339,51.00342007786615,-6.110131115629827,-159811233.26634794,6948321684.0,74.26071992649247,60.514683457342336,22.911657773572326,443.1492697933372,374.5321236392799,17.023854784392267,243.53069887130493
2022-05-24,417.6916759585195,421.2389574034103,409.907383110687,419.51458740234375,14525617,420.98962646484375,408.10608492314094,412.6880646786309,52.517693340113446,-4.581979755489954,-149706456.22286963,6962847301.0,87.83190059321464,76.52814303803738,21.323939594823962,443.21453617735597,374.52598506287836,16.61726332070163,243.61741009334813
2022-05-25,422.17504913601533,422.71698195642705,407.3947350815948,410.8927307128906,13540006,420.9383880615234,408.53479966002556,412.5550769774649,49.18646133961236,-4.020277317439366,-157064225.08459246,6949307295.0,78.21406743436111,80.10222931802276,19.995231132496837,441.153577934583,374.82316156737016,16.524762145996675,243.69665951179843
2022-05-26,415.8194614439977,416.4599356429977,399.0684404853532,414.4892272949219,17712299,420.98765563964844,409.4508654500096,412.6983473713506,50.59425884397874,-3.247481921341034,-143366046.22624946,6967019594.0,83.83370752433356,83.29322518396981,19.235633912763404,440.0198976367036,375.0109007031401,16.586671646828663,243.79798652738324
2022-05-27,419.81017134857797,426.9047340641024,418.9726442822753,423.3081970214844,16867431,421.34041259765627,411.58276261485184,413.48426216024944,53.962443541468474,-1.9014995453975985,-141794544.06061274,6983887025.0,94.5563092310766,85.53469472992379,17.87090018117209,438.945253216251,375.4499982485928,16.288731298425226,243.90193636795144
2022-05-30,430.5997782370897,438.679694570932,429.6144240534808,435.9206848144531,18500266,421.9069903564453,415.32705833786747,415.14621939389417,58.337023545318694,0.18083894397329914,-134555368.2383839,7002387291.0,96.4556716334691,91.61522946295979,17.250005486150194,439.95417228981927,374.9140467043214,16.22321460206968,244.02323196023772
2022-05-31,437.44799873495555,442.91670238690057,433.9499733656107,437.0538330078125,22308219,422.27452697753904,418.66963905632053,416.76900558751777,58.716574821979336,1.9006334688027664,-141419475.90657085,7024695510.0,92.85712427424652,94.62303504626409,16.8990190101498,442.0072122445703,373.91533109039057,15.704894203442553,244.17176687447196
2022-06-01,438.5811475445049,439.4679602843173,433.161699603779,438.0884704589844,11930669,422.48736389160155,421.6571515798073,418.3482252076264,59.083104383086955,3.308926372180906,-134708456.81597176,7036626179.0,92.16000439743587,93.82426676838385,16.517592209270468,445.3174817174161,372.6841570765292,15.03356323752082,244.2506745360334
2022-06-02,438.48262033804286,439.0738388739718,429.26955252580416,432.7182922363281,12742438,422.7080828857422,423.3588655269644,419.41267461715984,56.289616683174714,3.9461909098045567,-138486376.56774604,7023883741.0,80.5816101596401,88.53291294377419,15.880681286349827,447.12197292050496,372.1458462933622,14.660043459709879,244.33347292164893
2022-06-03,438.3840671873644,438.5318642997406,424.19497305740845,425.574462890625,12780122,422.54155700683594,423.6997266598353,419.86910337815726,52.7187347456362,3.8306232816780152,-148807102.3055757,7011103619.0,66.97932694689054,79.9069805013222,14.92454160956636,448.7433890324579,372.825232793714,14.636961158468614,244.4145797323756
2022-06-06,421.63304519660835,427.59445599388965,418.3813884494534,426.01788330078125,11896105,422.4735675048828,424.05636614305774,420.3245685576109,52.918384073200144,3.7317975854468273,-140982404.40356806,7022999724.0,67.82362623084344,71.79485444579139,14.085225986606888,450.2224134235349,374.1446153850589,14.249540186037729,244.48779622589052
2022-06-07,426.16570162456304,431.7822327262464,422.815503279096,429.4666442871094,11153869,422.5257916259766,424.888716626758,421.00175935238855,54.52668559426966,3.886957274369479,-135589335.98538032,7034153593.0,74.39027576836813,69.73107631536739,13.155605550864552,451.1098879454294,377.6025571229299,13.87219656183149,244.55792777116832
2022-06-08,432.2749101938257,433.949994332626,425.6730248632979,429.2695617675781,12844475,422.59575134277344,425.56269280226877,421.6141891609211,54.412296962791146,3.9485036413476564,-137271361.1237995,7021309118.0,68.87643881993678,70.36344693971616,12.450815677366535,450.90170232180776,382.4911748754579,13.472537483795534,244.63933075707382
2022-06-09,425.57447193943557,429.2695501805234,419.85942962146913,422.2242736816406,13043367,422.51298156738284,425.04908986063367,421.65938060690036,50.34621676997731,3.389709253733315,-143758907.9765416,7008265751.0,52.80901041933949,65.35857500254815,11.775249411546469,444.93015626079944,394.0004101454506,13.18236567396078,244.71931082188246
2022-06-10,416.804826589855,422.5691546738395,415.819472389879,421.7808532714844,11914234,422.4016357421875,424.5462842315338,421.66837858205474,50.092497663635335,2.8779056494790325,-134627621.9658138,6996351517.0,51.79774933183763,57.827732857037994,11.449564735315837,444.19651729371355,397.07426517698957,12.722888288960757,244.79078517161952
2022-06-13,408.82344710038655,412.0258482154074,399.65966516873004,400.7435607910156,17442641,421.83111572265625,420.88432677914636,420.1183920790148,39.83559021333679,0.7659347001315382,-149012568.90619385,6978908876.0,3.82026614743261,36.14234196620327,12.193658790858175,444.0293709948209,397.37443454717123,13.394195418517441,244.88582844196264
2022-06-14,397.09771169004415,405.8181016953766,391.8753468648008,399.2162170410156,19626627,421.2674920654297,417.55077143481856,418.57008281694084,39.20789487149282,-1.0193113821222823,-147972330.20357963,6959282249.0,14.38220067066281,23.333405383311046,13.307156837024639,444.89477797882597,394.63685043914273,13.433378233664465,244.98916713785053
2022-06-15,403.9952284687656,410.3014894356166,401.4825872467827,408.0351867675781,15192826,420.73441650390623,416.0868353321662,417.78972014661764,44.63284330214578,-1.7028848144514654,-140588082.0427669,6974475075.0,31.660287501143014,16.62091810641284,13.931709741189977,444.9350001057086,394.4931706706586,13.265656388017073,245.07302822215658
2022-06-16,413.84876546517734,414.7355782341922,384.3866807949954,387.1949462890625,22261032,419.6741754150391,411.6419293255349,415.5234406016136,36.37260780653863,-3.8815112760786974,-158729367.1456567,6952214043.0,4.7979915566193405,16.94682657614175,15.377702794128039,445.93849950790246,392.92801965713664,14.485887891672766,245.1872632201623
2022-06-17,382.2681858084138,388.67298830763036,377.04579034360086,383.2535400390625,24824899,418.31241638183593,407.2744848199237,413.1330775969802,35.05138454698411,-5.858592777056458,-157046287.2355412,6927389144.0,9.424113774804013,15.294130944188817,17.03590719656584,448.7382065784843,387.26586141467976,14.281695753983962,245.30391304930873
2022-06-20,384.8300997695881,387.19497408422444,371.133681372012,377.0950927734375,17049013,416.86493225097655,402.6315014281566,410.4635972396807,33.032340353759665,-7.832095811524141,-161439260.36348644,6910340131.0,8.723895965999564,7.648667099141001,18.816903177620045,451.63618595254957,380.5496386324114,14.408809822428854,245.3812864635494
2022-06-21,383.30280291209533,393.15634540340886,381.33209441383264,391.77685546875,14743366,415.8421350097656,400.9615558959402,409.0793941455377,41.660099074537946,-8.117838249597526,-150135998.09909236,6925083497.0,30.384348308498584,16.17745268310075,19.89919145329327,451.74037510990354,377.67167628169807,14.526841451539033,245.45328642509682
2022-06-22,390.5943997591084,391.1856182945852,384.7808159799383,387.3427429199219,12426604,414.68040283203123,398.8663538996297,407.46927183252916,39.98461988877747,-8.602917932899459,-152621295.5618702,6912656893.0,24.049701110326552,21.05264846160826,20.904173423561268,452.42375252229056,374.63330009001413,13.988927025629936,245.51349932286433
2022-06-23,390.495851888238,403.89667483212355,388.7714820627173,401.2362365722656,26514004,413.7965405273437,399.2309512338814,407.00756551695406,47.15601625558702,-7.776614283072661,-135434626.65624404,6939170897.0,47.92155696742026,34.11853546208183,20.6668961144316,452.1229486536435,373.6088048863956,14.17214166038506,245.65100038970027
2022-06-24,403.99521038787674,406.8034757912829,400.2015908127928,403.3054504394531,14806456,413.2250341796875,399.8577972655078,406.7333347704725,48.149751301326475,-6.8755375049646545,-136318646.52109244,6953977353.0,51.215627837967695,41.062295305238194,20.20096685067002,451.0267983393361,372.7046805424999,13.631409040249705,245.73043149136203
2022-06-27,411.43463961046695,413.30683667166886,406.31081574523444,408.4293212890625,12018949,412.89888244628906,401.17649326913164,406.8589634014792,50.625764295584894,-5.682470132347532,-141058540.65398136,6965996302.0,59.372539009787126,52.83657460505839,19.231684690922073,448.07660059462484,372.905741934672,13.372121696818708,245.79726481639995
2022-06-28,405.2761690718803,412.075137085566,403.15766356311354,410.9912414550781,13238339,412.56977478027346,402.686454528508,407.16505807211615,51.86350213213726,-4.478603543608131,-131038372.756119,6979234641.0,68.55932645360372,59.715831100452874,18.553224235125725,444.75216582070755,373.6239175533159,13.05393254150683,245.87054233453247
2022-06-29,406.01521535715995,413.7502523990135,405.52253822163584,410.8434753417969,13104313,412.41211853027346,403.9413808074756,407.4375334254258,51.78286996374985,-3.4961526179502016,-127193330.44972642,6966130328.0,77.203127376246,68.37833094654565,17.777011937711702,440.85434266054216,374.7972412017626,12.709202658354746,245.94359039726092
2022-06-30,412.173631358648,417.7901620751717,403.99520389344434,405.7688293457031,20121916,411.84553955078127,404.2225267364337,407.31392571581665,48.96728823538462,-3.091398979382973,-142141074.56813475,6946008412.0,74.23437741489481,73.33227708158154,16.700797802460745,437.4709200409511,375.4857175322911,12.78675662430993,246.05504748764014
2022-07-01,404.6356761139926,408.52783703888355,396.4079629386121,406.6556701660156,14725989,411.1488940429688,404.59685649483094,407.265166045461,49.48422055595556,-2.668309550630056,-131964556.71741013,6960734401.0,76.13516548752035,75.85755675955374,16.295439037737005,435.26511989359335,375.7996384071879,12.73912215830718,246.13386222183573
2022-07-04,405.5224999206393,408.82344243100687,399.06844208310014,402.4679260253906,11525133,410.5497985839844,404.26932873030165,406.9098149328632,47.06008503166518,-2.640486202561533,-135456987.88882035,6949209268.0,67.15946891222895,72.50967060488139,15.890695238789027,432.5760943320894,376.1336682411528,12.525970600421434,246.19533039697214
2022-07-05,408.92200507006595,412.6663391123372,404.19231679871024,405.9659423828125,16771012,410.2906512451172,404.5303462153033,406.8398984476743,49.29453833494748,-2.3095522323709474,-145207603.9413958,6965980280.0,74.656854708807,72.65049636951879,15.138363410178863,428.9735084213099,377.3861839615026,12.359716492316087,246.28705221245195
2022-07-06,407.936639395697,411.1882962321958,404.635696806752,410.2522277832031,12196920,409.9250848388672,405.41063568728794,407.09266358363936,51.96968391246511,-1.6820278963514284,-136495454.25790706,6978177200.0,83.84375722651093,75.22002694918233,14.43976956932657,425.3712673181245,379.08669166625043,11.944922416110925,246.3541402987425
2022-07-07,413.75024536189295,426.6091364227417,413.15902679519434,424.5398864746094,17616800,409.93690979003907,408.35359734687586,408.385050464452,59.617694121121104,-0.03145311757612035,-124299214.16347043,6995794000.0,96.2699721052489,84.9235280135223,14.391486994797376,425.905422714275,378.78409754939685,12.2600642892129,246.45854136758223
2022-07-08,429.8607647122653,437.34946255862656,423.01254107427326,435.0831298828125,23730027,410.0452990722656,412.46583312163534,410.36268597692316,64.15371474059387,2.1031471447121817,-108071514.02586459,7019524027.0,95.95423214108162,92.02265382428051,15.084709912935251,429.31848744120083,376.7012604836039,12.408411231722928,246.60730408213516
2022-07-11,431.6344326544567,434.7383227097035,427.10182699850384,430.6490783691406,12619654,410.0344604492187,415.2632554674054,411.86538170968,61.04796619355073,3.3978737577253924,-108967181.88316047,7006904373.0,87.25402949178775,93.15941124603944,15.728416908348992,433.400783288769,375.6095163938482,12.092189206907623,246.68589867837093
2022-07-12,426.6583619584042,428.6290703277271,421.8793881486716,424.2442321777344,9518822,409.98913330078125,416.6449441920714,412.78233359620253,56.772576187518524,3.8626105958688868,-111815903.34412697,6997385551.0,73.02228242692021,85.41018135326323,15.765111011721228,435.77363455339895,375.73946664289014,11.85486785073344,246.74323516119642
2022-07-13,426.36277716801555,429.4666369042727,419.4160119700245,420.84478759765625,10181698,410.06007873535157,417.29107394677675,413.379552411125,54.58742693876847,3.9115215356517297,-119102783.94809903,6987203853.0,59.68717532539545,73.32116241470116,15.54054667546539,437.1196121235454,375.6744491557515,11.725993356698782,246.8039474526227
2022-07-14,421.7315975897351,424.93399873965717,417.10042082159833,421.7808532714844,10744547,410.09456604003907,417.981809227501,414.00187099337387,55.09990210961769,3.9799382341271325,-117007954.87648465,6997948400.0,61.97352458596461,64.89432744609346,15.086110208193002,438.21791209666475,378.03473988087427,11.447963682510215,246.86725556521134
2022-07-15,424.34277906074175,435.28021666509295,423.40671061566417,433.7529296875,15774084,410.7182958984375,420.40813545211626,415.464912378124,61.14004071295672,4.943223073992272,-105291906.13184485,7013722484.0,91.2154344503581,70.95871145390608,15.496002569642751,440.44416606444906,380.85842487793377,11.594492233302956,246.9651953664409
2022-07-18,437.44800995259396,447.15372478460665,436.7089943011844,444.29620361328125,21185764,411.6435437011719,424.0832228615262,417.60056358072825,65.53691870303741,6.482659280797975,-95698354.92408301,7034908248.0,94.36894615948907,82.51930173193729,16.650275933317825,443.0569611132467,384.96574091312044,11.72351386643179,247.10507998372447
2022-07-19,440.206994458516,445.23230695666643,437.9406917978914,442.4732971191406,11553440,412.77276000976565,426.9124650550054,419.4429882872773,64.1846992812802,7.469476767728111,-92888123.09488267,7023354808.0,90.776712191906,92.12036426725109,17.722101199587534,446.2293011473315,386.86304504407474,11.406949673027736,247.1809541641394
2022-07-20,447.6956811629437,454.00194194963876,445.133754260986,446.8088684082031,17154184,414.05963256835935,429.9734501862666,421.47009051845697,65.98245524629314,8.503359667809605,-103561791.05006921,7040508992.0,87.51071958397164,90.88545931178892,19.229413430859235,448.8166459367424,390.222312803492,11.415642184275622,247.29741190420057
2022-07-21,446.31618756554417,448.8288286946414,443.5079221402675,448.1883544921875,10931800,415.6864520263672,432.7757431564082,423.44922118317777,66.55764958783777,9.326521973230456,-95261698.94226295,7051440792.0,89.41704520633964,89.23482566073913,20.425660322755732,452.42529924816495,391.30887128406164,10.980303924996928,247.37089118553658
2022-07-22,449.91272399527105,453.2136665079433,445.6756829846122,448.23760986328125,10340910,416.6836303710937,435.15449188054254,425.2853981224447,66.57937895664897,9.869093758097847,-98573499.57981893,7061781702.0,88.42727270303487,88.45167916444875,21.793590774796854,455.479112225201,392.7482742494084,10.734423896306511,247.44111522360078
2022-07-25,449.32151958060274,450.89809233009805,439.76357171916925,442.9659729003906,12505062,417.55468322753904,436.35625819128836,426.59507032821847,61.94061361324122,9.761187863069893,-103885395.97900444,7049276640.0,77.6447063832678,85.16300809754746,22.311291520312402,457.364223098773,394.3168285369692,10.763002233065247,247.52407650574273
2022-07-26,442.1284065061545,442.1284065061545,433.3094750872724,434.68896484375,11563528,417.88970275878904,436.0997515224363,427.1946180701097,55.41256359100892,8.905133452326595,-111831304.64009275,7037713112.0,52.714009191414995,72.92866275923926,22.040756670517165,458.004217560493,396.04660641411635,10.683966203069032,247.5976815522019
2022-07-27,434.68898769954967,438.4826072822964,429.7129611507751,437.5465087890625,10081023,418.45923767089846,436.3223295634557,427.96142479003214,57.09381288913139,8.360904773423556,-103902439.27542463,7047794135.0,55.407168437638624,61.92196133744051,21.394764234717417,458.730343962645,397.9907833566909,10.547229055101338,247.66130775067435
2022-07-28,433.80217981419366,442.67036747649405,421.1403725266735,435.77288818359375,36380444,419.31846618652344,436.2378001204,428.54005170807375,55.69018885884798,7.697748412326234,-90832113.06610349,7011413691.0,50.600806663784745,52.907328097612826,19.932072981788064,458.5353605706261,401.1861726324989,11.331712333295568,247.88805507308484
2022-07-29,438.63042052671926,446.06986285390417,438.63042052671926,443.0152587890625,16004096,419.94121032714844,437.28048606942497,429.61228926962843,60.01317076522225,7.668196799796533,-87970447.51874062,7027417787.0,70.22701822384283,58.74499777508877,18.882862421917004,458.8066832058189,404.5508088596108,11.2578025002252,247.99266670412703
2022-08-01,445.3308309380151,473.95535766256756,444.44398812497553,472.1817321777344,43084536,421.07929443359376,442.6499085476264,432.76558133689554,71.90214805839548,9.884327210730874,-50064649.89985665,7070502323.0,96.88043715571392,72.56942068111387,19.79248875436301,464.2293430805589,406.09952960010514,12.663680812602333,248.30400258579118
2022-08-02,471.88611545000134,472.87146963973646,462.37745353318263,469.2749328613281,19065689,422.07450134277343,446.7460661343498,435.46997774611276,69.67861866712724,11.276088388237042,-44067446.97762642,7051436634.0,91.767777678953,86.29174435283663,20.637141777348585,467.7727679543032,408.88700377421236,12.508704762170296,248.4444563633977
2022-08-03,468.04326248444926,469.274955280461,452.86881325171,460.9486999511719,19125906,423.07562072753905,448.93108672155324,437.35729050204304,63.61057726256296,11.5737962195102,-44354657.90431268,7032310728.0,75.37316790314475,88.0071275792706,20.48924482230829,468.8974252943867,412.8319936509258,12.787093138354631,248.58059861759773
2022-08-04,466.22034825402426,467.00864968098017,449.7649506432699,462.0325927734375,18540405,424.0264880371094,450.94670303722773,439.18509067029447,64.04948834530651,11.761612366933264,-36514754.01687899,7050851133.0,77.42541277167354,81.52211945125713,20.066643564900456,471.166304062015,414.3123855131803,13.105422131165748,248.7115203776219
2022-08-05,462.0325719219648,465.97398866699433,457.2043424234283,458.43603515625,11917799,424.7290447998047,452.0989079786158,440.61108655814303,61.4029628999132,11.487821420472756,-45084854.37275193,7038933334.0,70.61568328309471,74.47142131930435,19.67422811159318,472.89305781001354,414.9209222925255,12.795723853480055,248.7959644897327
2022-08-08,459.17504296249336,464.98862654810847,457.647756028099,461.39208984375,10561754,425.2384729003906,453.5286282655595,442.15042013485464,62.76479716933193,11.378208130704877,-44872209.73787829,7049495088.0,76.21268322523994,74.75125976000277,19.30984233352214,474.7141268751777,416.17415437482225,12.40609147251787,248.87102822208556
2022-08-10,463.11647081638995,470.2110330358692,456.56387144555936,468.5851745605469,13360759,425.8690997314453,455.8450200032499,444.1085500923133,65.916211777109,11.736469910936592,-34694926.38050764,7062855847.0,89.83208442035325,78.88681697622934,19.374857531331035,476.8893448885515,418.4330305997298,12.49473933807444,248.96759565091727
2022-08-11,475.4826510740102,477.8967808612494,468.63445751435194,469.6690673828125,12777503,426.5007116699219,457.9717965231826,446.0019217434614,66.37798779025633,11.96987477972118,-44617912.17073811,7075633350.0,85.50346345044426,83.84941036534586,19.975650774238833,478.0933387839469,422.11146468285,12.267372692547875,249.0628322666974
2022-08-12,468.7822825883713,474.3988138194668,463.1164956732202,470.555908203125,13482890,427.2574639892578,459.9078137047122,447.82073555528837,66.77462858009008,12.08707814942386,-40319920.70557616,7089116240.0,87.06600210702136,87.46718332593964,19.90998357615132,478.6744600699215,426.4078488900395,12.197011653526356,249.16201830730068
2022-08-16,472.57590027384873,484.2030682961924,471.1964103497677,482.67578125,16796376,428.3994903564453,463.4105779424488,450.4025907919337,71.68994484984196,13.007987150515135,-27468122.566152282,7105912616.0,97.57814500703506,90.04920352150027,20.51740493021296,482.7367993049981,427.23779481121284,12.300593684922145,249.291061474742
2022-08-17,483.71037218820123,487.1591118983421,477.1085170711631,478.2909240722656,15948755,429.444951171875,465.69986196242064,452.4683932571435,67.78293881679213,13.231468705277166,-39664279.855244,7089963861.0,86.56716576160169,90.40377095855274,21.26643331164401,485.7426758265401,427.6313903355692,12.139879480797633,249.41425374843166
2022-08-18,476.91143569471495,479.67041544321165,472.2310032163061,477.69970703125,12070974,430.4096124267578,467.5459919730098,454.33737946263284,67.2507580264842,13.208612510376952,-33988534.20845631,7077892887.0,85.67163663359572,89.93898246741087,21.396727902334447,488.108458281613,428.7882488717073,11.804131819805344,249.50566751490084
2022-08-19,479.62116610776087,480.95140031756216,461.24431593717134,464.1018371582031,16636593,431.1062579345703,467.01612200150106,455.06067262526767,56.30186523271657,11.955449376233389,-45800525.39262685,7061256294.0,52.487334629382346,74.90871234152662,20.394054801567872,488.5709615423106,430.05504248600965,12.368628431275736,249.62722963597898
2022-08-22,461.63843370042815,462.08185511003325,445.9220224885677,447.9420166015625,15050653,431.62061279296876,464.08164424766437,454.5333647716599,46.593452186111364,9.548279476004495,-57088487.13599295,7046205641.0,8.189203653362782,48.78272497211365,19.646581557163348,488.5775683943288,430.023801844929,12.783713162587144,249.72867332746708
2022-08-23,442.4240718434605,455.33221892918783,441.0445818652008,453.7063903808594,17779238,432.2591235351563,462.485451345079,454.4721074093784,49.91136480401225,8.013343935700618,-43355543.5062196,7063984879.0,27.45730793864505,29.377948740463427,19.289084091854704,488.53302119937075,430.6152270916449,12.89113629840142,249.84722051771377
2022-08-24,452.2775467583705,458.0911301252361,450.99659841453666,456.4160461425781,12214113,433.3725732421875,461.5516966985404,454.6161028710969,51.43860812429618,6.935593827443483,-36909158.63345276,7076198992.0,33.33323415923408,22.993248583747345,18.704215812457335,488.24014898042446,432.2531066348099,12.477093113565562,249.9306687900889
2022-08-25,459.17506708616816,461.9340468773202,450.7010147695947,452.47467041015625,11255809,434.4377423095703,460.1552311157121,454.45747824436063,49.09376508564504,5.697752871351497,-44610463.57248716,7064943183.0,24.786306044409283,28.52561604742951,17.809745675613424,486.8636364898869,435.40818968198806,12.388231613148418,250.0074606040589
2022-08-26,458.18972746991585,463.55992017496396,457.1551175329114,458.2389831542969,11252560,435.4418182373047,459.8604237370329,454.7375897191707,52.503865845903,5.1228340178621465,-52054549.332703605,7076195743.0,37.28629843292104,31.80194621218817,16.829183078544826,485.580372518831,438.7607010895675,12.295161481124083,250.08589942246397
2022-08-29,444.3947387924894,450.20832248762343,443.55718171855625,446.7103271484375,11647725,436.6321258544922,457.83733195417204,454.1429776768942,45.88367835105105,3.694354277277853,-52658463.315179616,7064548018.0,12.28624747810475,24.78628398514506,16.95446665325477,484.05424493908316,441.3805725657997,12.465635763596692,250.16206552848834
2022-08-30,451.9327063675839,465.48132687395804,450.4054193569333,464.20037841796875,14421066,438.2510626220703,458.8162621793715,454.8879703243812,55.12758474631058,3.9282918549903343,-40688014.925503775,7078969084.0,50.21366700718079,33.262070972735565,15.761318160931777,483.1048147407693,444.4485147270041,12.91601890373411,250.26261104365457
2022-09-01,455.72630676709167,467.4520154568122,455.38142679108927,460.0618591308594,13385159,439.91039794921875,459.0078924796004,455.27122134708327,52.828098415474685,3.736671132517131,-43692846.5377487,7065583925.0,41.23923035102245,34.57971494543603,14.768219800896187,482.163811786765,444.177530376321,12.855631029590455,250.3562639711921
2022-09-02,463.954065096553,464.8901336128018,453.41076235537497,454.9873352050781,10806707,441.1746075439453,458.389345206597,455.25019274397175,50.07021244741609,3.1391524626252476,-51531174.787932724,7054777218.0,30.235054612628655,40.562650656943994,13.741765355370063,481.5518151302352,443.36076726722575,12.757326760150194,250.43066655742967
2022-09-05,453.01660355711294,457.15510331769525,450.3068794466571,452.277587890625,9378108,442.4733044433594,457.4490748502936,455.029999791872,48.610851472033296,2.4190750584215834,-55511820.03786019,7045399110.0,24.358929858661295,31.944404940770834,13.046206708524442,481.6225770825098,442.42289410889646,12.335247982356478,250.49378471222198
2022-09-06,455.9234139005191,456.9087681297654,449.91274708799165,451.0458984375,9805875,443.46949768066406,456.4639707867869,454.73488117302963,47.9270638581626,1.7290896137572531,-62141163.57147026,7035593235.0,21.687994142218304,25.427326204502787,12.434111582535795,481.6487542376553,441.29804752015724,11.953874629457712,250.55953689362173
2022-09-07,446.56251902963237,449.8141757416846,437.15236872365944,439.3201599121094,20764508,444.1897918701172,453.8264614214519,453.593049968517,41.88639958577333,0.23341145293488808,-75795609.41196677,7014828727.0,4.949404380784799,16.9987761272215,12.8659399493042,482.87155118137935,438.16366305201905,12.092421421199344,250.6913834929531
2022-09-08,445.8235132128586,445.9220245749,433.5558415763688,435.7236328125,19336014,444.7356781005859,451.0414108662285,452.26938943844164,40.21226552662952,-1.2279785722131464,-88352418.91598135,6995492713.0,4.5738277883136504,10.403742103772286,13.514975687136712,484.05162584831913,434.4167426819543,12.111975819580191,250.81162954393048
2022-09-09,440.9459879581837,443.06449339458453,434.1470502473664,439.3694152832031,14294289,445.3032415771484,449.24571923807076,451.31383579731283,42.711884627137486,-2.068116559242071,-85904241.75088263,7009787002.0,17.151120735159193,8.891450968085916,14.117651729409758,483.634629958489,431.9121626440501,11.883794914411473,250.9006409698233
2022-09-12,441.1430880363717,446.3654532760316,440.4533280670775,444.3947448730469,8962633,445.9742669677734,448.49941548960555,450.80131054366353,46.059497338106546,-2.3018950540579795,-82916697.41754936,7018749635.0,31.97677512190147,17.90057454845814,14.2994163924735,482.39233377238037,430.6270265791821,11.534669420012687,250.95785604133144
2022-09-13,447.64641666009146,452.2283379065556,446.90740098429075,450.10980224609375,10661280,446.86108642578125,448.74716729829606,450.7500877068065,49.66202358197677,-2.0029204085104197,-80745013.21473277,7029410915.0,48.837254399606046,32.65505008555561,13.82976744963425,480.6759379146978,430.29881184116164,11.27030682097669,251.02799124816775
2022-09-14,441.04454887884816,448.04056975968325,440.453330340776,443.6064758300781,10360461,447.6001025390625,447.956291687801,450.22093127149327,45.904937018086386,-2.264639583692258,-82494162.75727896,7019050454.0,29.651235237225734,36.821754919577785,13.942473513123616,475.88539425166726,431.18242496219995,11.155032898429623,251.0941413595508
2022-09-15,445.77421388220375,449.1736977465322,439.5172089813824,440.69964599609375,10356713,448.36473693847654,446.8398846583076,449.51565088072294,44.2919877770473,-2.675766222415348,-90314516.81775664,7008693741.0,21.07554806900087,33.18801256861092,13.91936341172761,471.5495595845824,431.75913182166755,11.047994031766777,251.1599128688638
2022-09-16,439.46796127054733,439.8620969257237,422.81548175670724,426.1656799316406,20992324,448.76873168945315,443.6592377772819,447.7860234030132,37.2453413639985,-4.126785625731316,-103055531.7038819,6987701417.0,7.505507030277094,19.41076344550127,15.116162811081564,468.1439555571191,430.01133313916995,11.536291903739615,251.28371261959947
2022-09-19,425.1803446072511,425.2788860430694,417.8394436628391,419.2189636230469,15236142,448.94806640625,439.89919559970724,445.66994490079344,34.42614211631472,-5.770749301086198,-112641099.12280431,6972465275.0,2.780585465185225,10.453880188154434,16.522491367331167,468.6633515357339,425.00364980703955,11.307002215529753,251.36901202490785
2022-09-20,424.29353874724063,436.85680521808877,424.29353874724063,427.89007568359375,17557661,449.0150701904297,438.05163868953593,444.3529175513712,40.48208080944355,-6.3012788618352715,-120146155.34060174,6990022936.0,20.25823628432746,10.181442926596631,16.57764560458135,469.15570788949015,422.50609936148646,11.759205028352048,251.47236106095684
2022-09-21,427.59446826908186,429.61443235626894,419.268213228423,421.38671875,10831068,448.74114196777344,435.48780485268423,442.65171764015855,37.672011570250156,-7.163912787474317,-126541655.70395279,6979191868.0,7.53926263553918,10.192694795017326,16.96700960739472,469.5269697185437,418.90287036934694,11.658277464030181,251.5338194898811
2022-09-22,418.7755545874161,428.23496136398626,416.3614246562503,425.8701171875,13600786,448.64556274414065,434.008160596502,441.4086361251468,40.72670541311297,-7.40047552864479,-118358588.17477372,6992792654.0,23.309230359351243,17.035576426406,17.52030853460866,468.5507669419927,416.82448025039014,11.673653124294882,251.61096133975093
2022-09-23,425.5744554040045,425.5744554040045,414.39067968139244,416.9033508300781,13441609,448.4987451171875,431.3766514016676,439.5934298069936,36.83809088179051,-8.21677840532601,-125760315.12350427,6979351045.0,5.909652198350031,12.252715064413522,18.165951739353957,468.65896722616645,413.15914800820855,11.659780580138644,251.68512364255318
2022-09-26,409.9073678262579,411.77953488633926,387.3920172091761,391.6783142089844,33230938,447.91541564941406,425.2692149104856,436.04416198491884,28.572934188744,-10.774947074433271,-147310058.52750033,6946120107.0,6.610950395865842,11.943277651189078,20.159086617299497,471.49889869475817,403.6631496450856,12.934891511621743,251.8441050032968
2022-09-27,397.9845716732394,398.0831131114019,384.6330337444114,392.9592590332031,21932747,447.33898376464845,420.29845246782673,432.85268769219914,29.438706734105466,-12.554235224372405,-142088022.608932,6968052854.0,12.317756968471027,8.279453187562337,22.119278654587102,473.66307211954995,396.12386940877036,12.97169064414808,251.9451927540549
2022-09-28,389.1163527838882,400.6450085141802,387.0963887788733,393.2548522949219,18114880,446.5290222167969,416.13789859507216,429.91951469980825,29.650616068945126,-13.781616104736088,-143734829.88165927,6986167734.0,12.75505548407456,10.561254282803848,23.64824803272951,471.6912716651053,391.0011172509103,13.012899864945137,252.02963076431257
2022-09-29,404.98058353706205,407.19763052722845,393.74755146767717,396.3587341308594,20725995,445.5702728271484,413.0949502159625,427.43353095396014,31.961270937383333,-14.338580737997631,-156413383.8842371,7006893729.0,17.34691563532422,14.139909362623307,24.34317986434345,468.9905737185549,387.33150269746073,13.079319748328098,252.12981956403252
2022-09-30,392.1709726546363,402.2708532317971,386.7515245400621,398.67431640625,20951277,444.6942932128906,410.8763911683144,425.30321876524084,33.710549299539665,-14.426827596926444,-145172841.2554819,7027845006.0,20.772571165826932,16.958180761741943,25.346245486529238,466.15350802303993,384.5372665130929,13.25360610142859,252.22875497684544
2022-10-03,399.56111658344327,400.5957264353732,389.7075748674521,391.8260803222656,20332430,443.5946374511719,407.9455741150761,422.8234307324279,31.159078907498838,-14.877856617351767,-157593117.6459526,7007512576.0,11.144983847110476,16.421490216087246,26.277663564273187,463.6555951667305,380.9900286125664,13.084645063320911,252.32339947602895
2022-10-04,400.05379742597427,402.9606042877374,396.999193451208,401.92596435546875,12761425,442.6693896484375,407.01948030590574,421.27547026006056,38.54651242505216,-14.255989954154813,-149261342.02248785,7020274001.0,26.79385295832887,19.570469323755464,26.859551073455957,459.89773363475865,379.83589673633514,12.94535069918883,252.38549488381338
2022-10-06,403.60109279657945,411.53318220533845,403.50255136087685,408.0351867675781,12771199,441.86534118652344,407.1757428384707,420.2947085198767,42.56167307642574,-13.118965681405996,-147615942.90097156,7033045200.0,42.37289513012279,26.770577311854083,26.434611217219395,457.6090278093232,378.9961052473174,12.706912638523178,252.45054358227134
2022-10-07,407.34543179854325,407.9366503494064,402.71428496980155,406.1137390136719,10670854,441.12829650878905,407.0123576346555,419.2442663342319,41.640171196992064,-12.231908699576422,-144394594.74923533,7022374346.0,41.13204516469573,36.76626441771583,26.095708489523638,455.61956187920515,378.0245817975527,12.179340435612707,252.50411724161228
2022-10-10,397.49187160110336,397.49187160110336,387.2934497879762,390.1510009765625,32914630,440.2375372314453,404.41830276417966,417.0892096410712,34.883131259784236,-12.670906876891536,-158864166.91542178,6989459716.0,10.56600677515666,31.35698235665843,26.742855894829408,453.36901411627986,375.35328812981385,12.653693920618633,252.65410188097334
2022-10-11,391.1856176285232,393.64900312996224,385.56908665699257,387.5890808105469,14641301,439.238388671875,401.82919169439,414.9040149128842,33.93145475345709,-13.074823218494203,-166184762.92561913,6974818415.0,6.571709989818353,19.423253976556953,27.437742682387718,449.6297899678951,373.4119458719487,12.32699553150085,252.71941650729832
2022-10-12,388.7714791427777,392.3680459512069,385.37202526894316,390.7421875,14287344,438.3377746582031,400.1234987414069,413.1142499193372,36.23713698200885,-12.990751177930349,-158538107.98092476,6989105759.0,14.011201084710551,10.382972616561892,28.094296190980703,443.27386884240735,373.83110552282704,11.9462116136982,252.78335282193245
2022-10-13,390.74221163775707,397.59043563039677,388.77150315879595,393.1563415527344,12584114,437.34059631347657,399.051628404688,411.63588633662596,38.02059586792593,-12.584257931937941,-158608393.03426045,7001689873.0,20.81829956758681,13.800403547371943,28.056302599120336,437.36325383606413,374.6967071014359,11.722834532119816,252.84113163713766
2022-10-14,401.03918302999307,403.206974425973,389.51052618245313,390.4466247558594,12875470,435.70589416503907,397.7277816894836,410.0663114047173,36.77717745284483,-12.338529715233676,-169723887.17998928,6988814403.0,21.415618097718117,18.748372916671865,27.370678762119663,431.1703837040927,375.8642751093838,11.86380694007696,252.90071051153438
2022-10-17,388.2295781663335,393.0578080228049,386.7515467773754,390.298828125,9543556,434.1263720703125,396.5848657564861,408.6020533839975,36.706664546897464,-12.017187627511362,-168530914.23794886,6979270847.0,21.062316398804462,21.0987446880365,26.94594825499027,427.88088457425454,375.56708905855794,11.466839390459286,252.94348186390317
2022-10-18,395.12703609053705,400.7435670856596,394.8314418573723,398.3294372558594,14215544,432.8739868164063,396.85326137177435,407.84111885598725,43.09131870344586,-10.987857484212896,-165924789.01447883,6993486391.0,49.529200938701294,30.669045145074662,25.69801150710496,425.59756274630445,375.76145824978926,11.393832216902167,253.01082556483968
2022-10-19,400.250872722632,400.98988834429815,391.48119662236235,393.20556640625,8648435,431.4974462890625,396.2920775309245,406.75700385971044,40.298139738963265,-10.464926328785964,-171436493.86736238,6984837956.0,29.943404859166797,33.511640732224215,24.824741837294454,420.6701135150417,377.22045655331766,11.25917932440457,253.05099086683
2022-10-20,391.18560513228846,394.04312620855086,387.34272988692703,392.2695007324219,10747183,430.17411560058594,395.67321956192404,405.6838554799113,39.79070125668675,-10.010635917987258,-166378967.61315942,6974090773.0,26.36533040281172,35.279312066893304,24.35676870329189,416.7684199172218,378.2104283493797,10.933551967063087,253.09946577246495
2022-10-21,391.18560499480884,396.3587143807604,388.91930243492686,392.22021484375,10279618,428.7906781005859,395.1419880668204,404.6865487661216,39.762310891887545,-9.5445606993012,-167536327.33220333,6963811155.0,26.176937019477403,27.495224093818678,23.64891704112475,410.118347003828,381.49551102839854,10.683970536975261,253.14622963904304
2022-10-24,400.05381428306225,400.05381428306225,394.28948606806074,395.71826171875,2871205,427.33333984375,395.23064555173266,404.022231207057,42.87749923193063,-8.791585655324354,-168984189.44153965,6966682360.0,39.54808449397434,30.69678397208786,22.561082081999114,405.29842688063815,384.19692224045565,10.480372601427904,253.1596780256342
2022-10-25,398.4279777194898,404.48790004959153,397.2948264009543,398.6250305175781,17979661,425.91245910644534,395.7528586234012,403.62243856339194,45.40414982187322,-7.869579939990729,-180313947.9809325,6984662021.0,50.659094629708214,38.794705381053355,21.05745060035041,405.676049507137,384.51397124481616,10.35817729638602,253.24585754255108
2022-10-27,402.56643935239225,405.67032908469315,398.08308984892716,401.7289123535156,14614841,424.5359191894531,396.6722515049573,403.48217736266037,48.04674194556437,-6.809925857703092,-180883333.2985527,6999276862.0,72.4890709517459,54.23208335847619,19.575780147294644,406.44581475789903,384.62117132608535,10.160253149198875,253.31664031398918
2022-10-28,402.02453095136894,405.17767655570816,400.152363904691,403.8966979980469,12488938,422.96033752441406,397.78370481158646,403.5128825949112,49.87168553600188,-5.729177783324758,-174761386.92552066,7011765800.0,91.26217095405741,71.47011217850388,18.199943298028575,407.5065850705413,384.62458558375556,9.793471685043036,253.37758137061593
2022-10-31,408.2815288275949,410.20295152248644,405.57180471093744,406.7049560546875,9928218,421.5286181640625,399.15620500283273,403.7493324808206,52.21347304771029,-4.593127477987878,-179831122.12394407,7021694018.0,85.91274674137541,83.2213295490596,17.501791652121856,408.92988337152786,384.2359094751518,9.54438467357136,253.4274203696605
2022-11-01,408.82343917015675,416.2135954460838,406.7541893987726,415.1789855957031,17324893,420.27820373535155,401.6212481709666,404.5959734522934,58.51181786278474,-2.974725281326755,-166296002.9987395,7039018911.0,96.64540474288984,91.27344081277425,17.474065381778797,412.17336420674076,382.6428955588842,9.541831439130283,253.51725842051837
2022-11-02,416.8540979554694,418.8740921837955,413.99657668215133,415.96728515625,12433578,419.3155126953125,403.82833078408714,405.43829283777166,59.05249057483468,-1.6099620536845123,-168682270.01850495,7051452489.0,90.95088203388603,91.1696778393838,17.70447840466735,415.19351212541346,382.03686812361,9.208666015024132,253.5831120606512
2022-11-03,413.25754624516577,417.1004216182876,408.4293166701858,410.1536865234375,10987519,418.55974609375,404.80146243629486,405.7875812589321,53.513717056258756,-0.9861188226372519,-175299746.9906368,7040464970.0,72.85269411241894,86.81632696306497,17.15250050991839,416.3065918831571,381.74656058266316,9.170268795958252,253.63969518979738
2022-11-04,412.0751457233648,419.7608965904329,410.79416719843726,419.12042236328125,12277023,417.86802673339844,407.0043793481389,406.7751991185135,59.77976864993432,0.22918022962539908,-164776566.77408624,7052741993.0,98.05971874399576,87.28776496343362,16.921091175259388,418.6042875973474,380.5573884280432,9.201478886746619,253.7047330284227
2022-11-07,421.9779483137459,431.09247492647717,421.9779483137459,428.62908935546875,15058076,417.3122875976562,410.331257810805,408.3940058027324,65.14516834728789,1.937252008072619,-157857991.31462666,7067800069.0,94.36937159569389,88.42726148403624,17.733390510293678,423.4452652573624,377.96794580220796,9.399377006492998,253.78965682009022
2022-11-09,432.7675631093492,434.7382714476056,425.67300106337717,426.80615234375,14471443,416.7989172363281,412.86585696971963,409.75786850947446,63.39903709297512,3.107988460245167,-168711597.56640968,7053328626.0,83.26399732409338,91.89769588792772,18.767900681339597,427.3901931903386,377.68853300595043,9.375512247759815,253.872058526779
2022-11-10,414.34145296835635,414.3907086515177,403.20696221767054,406.16302490234375,26251660,415.75739807128906,411.8346520362772,409.4915837978351,47.78067545573905,2.343068238442072,-181085698.200101,7027076966.0,39.70899877010977,72.44745589663239,17.641750189332978,427.3853728432002,379.5507477622686,10.391489239068362,254.0033172397202
2022-11-11,413.8487760685692,419.26822432661,408.62641068452524,417.2975158691406,19296401,415.1691418457031,412.67509262594854,410.0698009883022,54.31770283829521,2.60529163764636,-168936120.46320233,7046373367.0,61.93551283609442,61.63616964343256,16.598549679088343,428.688235244502,380.90341819788085,10.585325680868209,254.10412846323044
2022-11-14,417.79019640597653,431.28956147847623,417.29751928757327,427.34814453125,17996083,414.4320971679688,414.9324852267642,411.3496782877798,59.27370513683464,3.5828069389843904,-161078667.05738774,7064369450.0,81.72966914330925,61.12472691650452,16.5624877865897,431.68044965776977,381.3303840824646,10.82866281861588,254.20401121927546
2022-11-15,428.53054212738147,432.0778233158209,427.74227078356125,430.7475891113281,10696024,413.84581176757814,417.36557813208174,412.7865605710056,60.82190251750994,4.579017561076114,-156946151.10901788,7075065474.0,89.34210692604425,77.66909630181601,16.58545478345209,434.6643022343444,382.3766279414368,10.393021101898384,254.2650122886307
2022-11-16,430.55055126054083,431.78224407216766,423.3081915140497,425.2296142578125,8206169,413.2506573486328,418.57542984373265,413.7082682515098,57.03201289306166,4.867161592222828,-161430955.47323775,7066859305.0,74.05917315074517,81.71031640669959,16.15610419479133,435.971714955376,384.56229383368645,10.25595192019978,254.31087650312804
2022-11-17,415.8194549328963,421.2881584849259,413.4546109663598,416.9526062011719,15621809,412.5441577148438,418.32576466795405,413.94858958111445,51.81632589346862,4.3771750868396,-163101227.62186053,7051237496.0,48.57539816075357,70.6588927458477,15.15037050781488,436.4509304775726,385.94539520602115,10.364455589574991,254.39329255919128
2022-11-18,417.79016147241344,420.20429117898175,414.98189611820317,417.59307861328125,9851962,411.8751013183594,418.2130437364659,414.2185517316453,52.18075018043846,3.9944920048206427,-163101284.3495929,7061089458.0,45.62486223043629,56.08647784731172,14.21647494133675,436.4005960136102,388.4344808906867,9.99716555180382,254.4453409699576
2022-11-21,419.3667414776008,421.3374498209442,413.84875210211464,414.9326477050781,9497812,411.38735107421877,417.70836742394476,414.27144772967733,50.473082080433024,3.4369196942674307,-169849716.67074993,7051591646.0,37.187436150844974,43.79589884734498,13.239705870071015,435.68951550303905,391.4118760985234,9.817989278019942,254.4952143943215
2022-11-22,414.8341273029202,420.15503408555486,414.34145019210916,418.4799499511719,6407614,411.0424774169922,417.82707242813353,414.5831886349732,52.69599256385629,3.2438837931603075,-167134590.04080445,7057999260.0,48.43753116030315,43.749943180528184,12.332706018181403,434.7908807198214,394.9364843924833,9.531960321978925,254.52904121583677
2022-11-23,420.5984568934529,423.01255670197276,416.65703999403314,417.8394470214844,6568241,410.6118780517578,417.82897621172594,414.82439295989997,52.2400690159279,3.004583251825977,-171258864.74403074,7051431019.0,46.40620754790008,44.01039161968277,11.715477721707638,433.87676182140456,398.06272182117357,9.30507149240469,254.56402247354276
2022-11-24,418.28287027556854,419.0218859474335,414.5385362330359,417.198974609375,6768613,410.0679626464844,417.73205288828734,415.00028789689816,51.75783864683977,2.731764991389184,-169994431.50542954,7044662406.0,44.37498072049855,46.406239809567296,10.901455099723,432.94044176559106,400.8564362861668,8.960662793975608,254.59956281895074
2022-11-25,418.7755220147124,428.7768608204686,417.790167845266,426.8554382324219,18764073,409.6028753662109,419.13565063353883,415.87844718101104,58.04603622048653,3.25720345252779,-157793518.82807297,7063426479.0,74.99998126401948,55.26038984413941,11.134400801597293,433.14936060014475,403.16017003950367,9.14760732376975,254.70258868798157
2022-11-28,428.62909403964403,433.9007452333371,426.06716700367286,426.90472412109375,10701208,409.26884033203123,420.33089270854725,416.69520843583194,58.076072804933716,3.6356842727153094,-166206405.28135994,7074127687.0,75.15628904151285,64.84375034201032,11.797285677298689,433.24066281427713,405.36967043767595,9.053748102762212,254.7628388893802
2022-11-29,426.16567814794126,431.4865846471089,423.25887132076394,426.80615234375,8630105,408.99097045898435,421.32708649857847,417.44416724382586,57.98665576499079,3.8829192547526077,-167394975.4396309,7065497582.0,76.88589612441743,75.68072214331663,12.058295009226395,433.3354853304138,407.2849675504456,8.994745618732406,254.81090354010396
2022-11-30,428.6290776544581,434.5412028634851,426.9539634836509,432.9646301269531,14727892,409.12694946289065,423.1174778260207,418.5938311610945,61.930384323909266,4.523646664926218,-158787779.4744765,7080225474.0,93.91632112793089,81.98616876462042,12.578821366217381,435.1011250351766,407.29789229880777,8.904767397375457,254.8949134109212
2022-12-01,436.51194527294723,437.1031638540336,430.4520224757212,431.8315124511719,8909310,409.37920043945314,424.45809853758243,419.5744001455447,60.799530918526926,4.883698392037729,-164001391.80873212,7071316164.0,77.7083552304402,82.83685749426287,13.292266538803565,436.4104476228538,407.57499244062274,8.743794110299524,254.9461668017639
2022-12-02,432.57050510377417,434.6890106750094,428.6290882007785,429.0232238769531,8352658,409.4018634033203,425.16042551287023,420.27431301453794,57.97407978202678,4.886112498332295,-171267540.69159913,7062963506.0,65.83325831623327,79.15264489153482,13.694764113385117,436.5803651948303,409.2920286039979,8.552088993437481,254.99355816227913
2022-12-05,429.1217523958523,431.09246078802613,421.5345130577336,422.4706115722656,12857807,409.4235412597656,424.7466079835464,420.43700179659186,51.9121111245075,4.309606186954568,-181606778.98365512,7050105699.0,38.12495694231336,60.55552349632899,13.128239217421548,436.6381962901684,409.56921642955814,8.623936046069986,255.0640771653502
2022-12-06,422.5198717062816,425.03254297515565,419.1204177363329,420.84478759765625,8461831,409.3230346679687,424.1463279241787,420.46720815222625,50.50111910090327,3.6791197719524575,-185132541.90032166,7041643868.0,31.250016296550662,45.0694105183658,12.307702329451038,436.03706742976544,409.3919151141798,8.430235274123755,255.10953580301475
2022-12-07,421.73158813372555,421.73158813372555,412.9619419646956,413.9472961425781,12133315,409.26391357421875,422.5772461116248,419.98425170706713,44.9225524830773,2.5929944045576576,-194539267.39000914,7029510553.0,4.081625124027837,24.485532787630657,12.013658946066494,435.7778221230621,408.36527480076603,8.454478909474197,255.17254274293634
2022-12-08,414.83411663244533,415.2282522968313,409.26687143760734,411.08978271484375,9539923,409.65214294433594,420.8099440505816,419.32540215208763,42.812589156414134,1.4845418984939442,-198244826.29506657,7019970630.0,6.548685615045165,13.960109011874593,12.126387280239578,435.01130274311237,409.62446996196576,8.276400477313464,255.2207100652923
2022-12-09,413.1590125286177,414.7848710485535,403.55180888103973,407.24688720703125,9920219,409.9378955078125,418.7233199208046,418.43069734134275,40.08577378996531,0.2926225794618631,-201638599.40358043,7010050411.0,11.013201490567988,7.214504076547034,12.781850846016999,435.975116477811,407.6555933610562,8.487590598042058,255.26970077395464
2022-12-12,405.965936590492,410.7941662299919,402.0245197303901,408.0844421386719,8009229,410.2344873046875,417.0865694927842,417.6643080670708,40.968262610894925,-0.5777385742866272,-198578897.3372338,7018059640.0,17.275246976257222,11.612378027290163,13.531249328329588,435.964191043578,405.7401485560314,8.507737448153467,255.3088288614654
2022-12-13,413.7995031394305,415.3267901020665,411.1390348044775,412.3707275390625,9717894,410.5547271728516,416.36105534605775,417.272190990922,45.400475255924185,-0.9111356448642596,-202580383.1019397,7027777534.0,29.494320738864857,19.260923068563393,13.574667238376408,434.7589533033659,405.1077001390169,8.417352484956409,255.35814755860434
2022-12-14,414.3906930906636,415.1789944860163,411.2375777211235,411.7795104980469,6314883,410.8168310546875,415.6562022925176,416.8653257692275,44.89971580204964,-1.2091234767099195,-207158711.8199267,7021462651.0,27.80891625478123,24.859494656634478,13.61498386913417,434.2833699890625,404.2382730773437,8.097642790666148,255.39013590645737
2022-12-15,412.71561244825824,416.60774349365965,409.6117527341569,410.59710693359375,7542601,411.19225158691404,414.87787992960625,416.40101326288425,43.857831761964434,-1.5231333332779968,-212576629.17596063,7013920050.0,24.438194284212905,27.24714375928637,13.835813930659492,434.4097675192735,403.47632562037495,8.018953359868764,255.4282146715329
2022-12-16,411.23759847981574,421.5345322554986,407.0498429557252,415.42535400390625,50949198,411.4622393798828,414.9621067102678,416.32874220666366,49.05629263009777,-1.3666354963958725,-204604912.5586703,7064869248.0,38.20225840623009,30.149789648408113,13.299698083891935,434.36794125902077,403.3013794196902,8.480791641290526,255.68887269703586
2022-12-19,415.72092708783964,416.6570255973568,409.4146662807921,411.8780517578125,9809103,411.5390966796875,414.48763671758235,415.9990614326747,45.70765660310901,-1.511424715092346,-207741161.9162032,7055060145.0,28.089831501728323,30.24342806405714,12.801876226179202,434.4243334918907,402.93952759209367,8.392332189524392,255.73832212612945
2022-12-20,411.878040755129,411.878040755129,402.02449911026946,404.4878845214844,12341042,411.50657958984374,412.94921330279806,415.1463816614754,39.63725349486753,-2.197168358677345,-213911682.91620314,7042719103.0,7.0224606016476905,24.43818350320207,13.235853386980947,434.8983404220081,401.06631411900753,8.496705079382867,255.79790810169018
2022-12-21,406.5571241633129,408.3307495869995,395.1270101256049,396.7035827636719,11606059,411.63763122558595,410.4498855275479,413.7802484097862,34.44760764841462,-3.330362882238319,-222746133.90186894,7031113044.0,3.985068035419934,13.032453379598687,14.326421606885473,436.21898278942285,397.63208532581154,8.832921820955134,255.85163904874736
2022-12-22,398.18163558543654,398.7728541156285,384.48521831066927,388.6729736328125,14908929,411.65930908203126,407.0995913898963,411.92045027815857,30.073129068563745,-4.820858888262251,-228915345.9018689,7016204115.0,8.9852029417483,6.664243859605346,16.18015087019036,438.38430155979364,392.6141664577845,9.222544248383997,255.91610185015188
2022-12-23,384.2881160995608,384.2881160995608,371.4785122295754,372.8087463378906,19902886,411.3006402587891,401.82407676651087,409.0232870233239,23.6766312356784,-7.199210256813046,-244684536.88993418,6996301229.0,2.483910342126756,5.151393773098367,18.66144754614086,441.6624279976286,383.93137083049646,9.791966902302075,255.99284068577418
2022-12-26,374.680956792723,384.97792082224595,369.7049298155735,379.164306640625,16979026,411.0207995605469,398.3379582856054,406.81151069867957,30.091844331479095,-8.473552413074174,-240631532.55793446,7013280255.0,18.181788204050626,9.883633829308598,21.05488928003117,441.98283186304144,378.8369252170367,10.183468624042815,256.05918468892037
2022-12-27,384.2881359593549,391.6290367386228,382.8101046672035,388.3773498535156,14372461,410.9794140625,396.8055569883608,405.4460173027415,38.20088963956512,-8.640460314380675,-236857802.2346054,7027652716.0,36.026554630792376,18.897417725656624,22.262715787790167,440.510345886248,376.4665309448067,10.346415872182458,256.1197319985779
2022-12-28,388.22956020214446,390.1017271940706,384.6822790186599,385.569091796875,8443917,410.8848193359375,395.0768700358246,403.97365245045506,36.799675658464984,-8.89678241463048,-242538274.23008883,7019208799.0,30.60830342985825,28.27221542156712,23.38426897356638,437.55401874645594,374.683304251591,9.994489608127328,256.15505597793344
2022-12-29,383.30277289251364,384.2881270644739,377.4399035411014,380.2481689453125,15627403,410.52319396972655,392.79553140651507,402.2162092278519,34.23717744878037,-9.420677821336824,-245348953.28619725,7003581396.0,20.342118467837945,28.992325509496226,24.893002960194877,434.57495159727665,372.5040370501843,9.861253797244919,256.2173174472491
2022-12-30,385.27347611526625,386.4559131341503,381.33205947981594,382.2681579589844,9198673,410.30444580078125,391.17593549151036,400.73857580052834,36.05753085575113,-9.56264030901798,-251186537.39233953,7012780069.0,24.239483908781107,25.063301935492472,25.95462845912008,431.23420849303125,371.16927356263284,9.60028882521584,256.2547295336049
2023-01-02,386.75154999618917,390.2002899324609,385.27351859492984,389.0178527832031,10501357,410.2394128417969,390.8439227671554,399.87037409554125,41.84977038728179,-9.02645132838586,-245725883.02849674,7023281426.0,37.262340551454024,27.281314309357725,26.36513085287555,428.3383843540857,370.71982182267215,9.481134764377318,256.2990288527074
2023-01-03,390.2002311092586,392.5158193029454,387.2441687523703,388.1309814453125,9431220,410.15762817382813,390.4265471791796,399.00078945478356,41.32013137152066,-8.574242275603979,-251984007.41994277,7013850206.0,35.55121159012621,32.351012016787145,26.39860770394059,425.35947383973206,370.42735172179135,9.180457320534302,256.33913016384514
2023-01-04,389.01784729189006,389.01784729189006,379.3613876348885,379.9526062011719,16121049,409.8423150634766,388.8151716441015,397.589812917479,36.70670693394396,-8.774641273377483,-266131027.88043484,6997729157.0,19.771859908584656,30.861804016721663,27.05336074283563,423.6828978906437,368.7044586767391,9.21445748742482,256.4042620073257
2023-01-05,382.21890526948346,383.05646239108734,376.8979983655072,381.2335510253906,10443908,409.49448547363284,387.6487684719921,396.37823796250944,37.87664981690112,-8.729469490517317,-261869933.81469253,7008173065.0,24.55400769200606,26.625693063572342,27.839051230093112,422.0344640651795,367.367269333258,8.9961722401502,256.4456269882447
2023-01-06,380.4452621844275,382.7115648134992,375.41994975624283,376.4053039550781,8715469,408.9880133056641,385.9190047001592,394.8987613693664,35.23302032600925,-8.979756669207234,-268229868.7096872,6999457596.0,15.88778724222624,20.07121828093902,28.676326597544257,420.96307694487706,365.35449812836515,8.874418155657782,256.47950799772207
2023-01-09,380.69161170179575,386.9486170587878,379.36137748091954,383.7462158203125,14693099,408.5850036621094,385.58472948787505,394.0726468842513,41.87554437427308,-8.487917396376247,-265940015.43607578,7014150695.0,36.3520724940736,25.597955809435337,28.757050682758525,419.15068518210023,364.73306725930604,8.99362493766149,256.5390102665454
2023-01-10,394.1416892222541,411.6317266814916,394.1416892222541,406.8527526855469,54021379,408.58795959472656,388.85673305674766,395.019321388051,56.86994308780306,-6.162588331303368,-241440215.91442302,7068172074.0,88.60162389407449,46.94716121012482,27.400259915959428,418.14264756294176,365.1893073931129,10.343045360769892,256.79320192127466
2023-01-11,409.66103482243835,413.8487904399858,407.4932434156929,412.0751647949219,22224361,408.52588317871096,392.4287994780052,396.2827171959674,59.41808525145307,-3.85391771796219,-231620041.8283399,7090396435.0,95.98216916242463,73.6452885168576,26.324993415328805,418.2026252846874,365.15889510105484,10.103973388889111,256.90242666383796
2023-01-12,414.14436977630027,414.3414526500436,404.0444889447594,406.2122802734375,12479034,408.3307830810547,394.5493349849948,397.01824038689114,55.45690900264999,-2.468905401896336,-238844722.7064392,7077917401.0,81.78806981280263,88.79062095643395,24.959128882845636,417.420803157922,365.5022345618046,10.117758411488762,256.9625212632424
2023-01-13,406.95129795004937,410.25224064246163,402.0245267884265,405.4732666015625,10449630,408.2371746826172,396.22993984908214,397.64453862501495,54.959544876106406,-1.4145987759328023,-240534190.24749172,7067467771.0,77.21520139477042,84.99514678999925,23.475899204350807,415.40377408066905,366.5240548988232,9.982755228813502,257.01204727228594
2023-01-16,407.4439710566264,408.8234609541806,401.63038715724684,406.9512939453125,11462140,407.9937921142578,397.8793789408099,398.33392790799996,55.81309120247795,-0.4545489671900782,-235038634.48250255,7078929911.0,81.0126584143076,80.00530987396026,22.054976562495632,414.39674550844614,367.0384076897961,9.78349226939352,257.0662922968263
2023-01-17,406.951287683111,413.3068343495109,406.4586105793784,409.21759033203125,12337969,407.6055621337891,399.62371915484397,399.1401251245949,57.15386316215186,0.483594030249094,-237435279.19099212,7091267880.0,86.83539448105827,81.68775143004547,21.197068124032807,415.2646596740312,366.64346410526565,9.57383023373202,257.1261519522041
2023-01-18,409.8087964690677,409.8580822203239,401.4825717103284,402.41864013671875,13310316,407.11781188964846,400.05370699820935,399.38297808845596,52.05114670356597,0.670728909753393,-247770405.4307956,7077957564.0,69.36702946477469,79.0716941200469,19.8175257007537,415.9451675921855,366.53446192441606,9.48823596775084,257.1885298449229
2023-01-19,400.5464935969057,401.8274420647837,394.24023255317036,394.8807067871094,13126520,406.89216552734376,399.2578608118863,399.0494765105785,47.037067387482,0.2083843013078308,-258680775.25636938,7064831044.0,50.00001434673828,68.73414609752378,19.02526996898484,416.2747354544556,366.82566737757566,9.394676797450668,257.2468240116069
2023-01-20,398.0831015276654,406.4586123271336,395.3241217631491,397.24554443359375,23906114,406.49112609863283,398.94827367676436,398.9158519122833,48.70645554817341,0.03242176448105738,-274336175.1104683,7088737158.0,56.0759298963946,58.480991235969235,17.769952639393306,416.04369728110527,369.5003853604963,9.550621707634495,257.3549088248146
2023-01-23,401.0391503021382,404.93131133209124,399.06844194684516,402.41864013671875,13113183,405.9925360107422,399.4821762090651,399.175317706686,52.25193480516178,0.3068585023791002,-272462920.90255934,7101850341.0,69.36702946477469,58.480991235969235,16.604300833344023,416.688650321736,371.18086566947494,9.417417792696138,257.4151517516196
2023-01-24,403.9952371902256,417.79019650891627,403.9952371902256,415.96728515625,30197475,405.6969299316406,402.0183468163243,400.41916714739443,60.04207390276866,1.599179668929878,-250246233.48266807,7132047816.0,95.69766170278145,73.71354035465028,16.59926016866124,419.83031203458637,370.798197486898,9.842713405517665,257.5636890801871
2023-01-25,417.5438662433556,420.9926061415308,411.5824850190458,412.9126892089844,22975581,405.4505914306641,403.6943994921182,401.34461322603073,57.75428354519341,2.349786266087449,-266726209.65151533,7109072235.0,82.27025244208752,82.4449812032146,16.865170228070305,421.91053845664044,371.4523308060549,9.811813956729619,257.678389042338
2023-01-27,431.5851543490185,446.75960353346636,428.7768887689239,439.0738525390625,63360467,405.89301635742186,409.13739226857115,404.1393716936627,68.74017020049693,4.998020574908423,-257525837.90157574,7172432702.0,88.59650847722358,88.85480754069756,18.718560218074582,429.7444060864118,369.5010315356585,11.528606840140501,258.0399892399647
2023-01-30,439.0738269394638,443.4093793007241,431.24024921023516,437.1523742675781,18316743,406.2842022705078,413.4473894991876,406.5847792917305,67.35474294875404,6.862610207457067,-258044944.67713457,7154115959.0,81.74152398161276,84.20276163364133,20.439565208792846,435.512851299898,369.22100795303174,11.574358500879674,258.14371196267774
2023-01-31,437.2016684691763,448.1390759801651,434.44265868004845,445.4786376953125,25154475,406.8951220703125,418.375273837053,409.46580584014396,70.16117300014767,8.90946799690903,-242662649.78218988,7179270434.0,95.06401600535987,88.46734948806545,22.2691841285288,442.6447179068949,367.7352198372457,11.7259341293966,258.29026316346756
2023-02-01,450.1097988625184,454.74097575763915,431.24027142971204,440.10845947265625,23798589,407.3276922607422,421.71884085791504,411.7356320351449,66.2078109083892,9.983208822770166,-248500044.13340297,7155471845.0,75.81431977532785,84.20661992076687,24.270665213121724,447.30466276746336,368.2730227794117,12.56698914357735,258.4282076210886
2023-02-02,440.2069751192539,442.6211048622029,434.2455944234482,438.2855224609375,11344554,407.73661376953123,424.2675611045339,413.7022905852036,64.87154876228234,10.565270519330284,-248900505.325556,7144127291.0,72.80123776151201,81.22652451406663,26.12918336310087,450.1834700406178,371.2275071322337,12.26759780751859,258.49258721395535
2023-02-03,440.4533429438524,444.19767700774264,435.8714517662796,438.9260559082031,13067403,408.1711553955078,426.5227141512522,415.5707176461666,65.13780025868854,10.951996505085617,-252379951.6776357,7157194694.0,73.85995772648975,74.15850508777658,27.930521088716052,452.45896809427325,374.72125956685954,11.986071195657477,258.5672144510385
2023-02-06,437.94068007736695,440.4533212238847,433.1124205085706,435.52655029296875,6795084,408.3445776367187,427.9079197115163,417.0489274718557,62.43317494150082,10.858992239660608,-254705770.85358873,7150399610.0,68.24100920589824,71.63406823130003,29.186289729104633,452.53970398131446,380.5526483136074,11.654273304204379,258.60528961838895
2023-02-07,435.2309736784935,436.906057820419,426.5598384467999,429.072509765625,9023645,408.3879333496094,428.0870874121484,417.93956319732007,57.547743440802755,10.147524214828309,-259346471.0958983,7141375965.0,57.57330466955621,66.55809053398143,29.419231244678098,451.8458625162412,385.7791191732119,11.560840880591144,258.654258198362
2023-02-08,429.07249742249246,434.5412011915516,425.22959199491174,433.6543884277344,8668267,408.52489807128904,428.9435952607001,419.1036243254989,59.944095536454356,9.839970935201166,-252329289.2420725,7150044232.0,65.14656479732757,63.65362622426071,29.45341669739258,453.3108247662523,386.99432049741955,11.400181474594621,258.70135274244024
2023-02-09,433.5558557974385,434.2456157780932,427.20030906488535,430.35345458984375,7349418,408.47267456054686,429.16049669595293,419.93694508582075,57.42897483494053,9.223551610132176,-253100204.58176824,7142694814.0,58.95521299384692,60.5583608202436,29.48516033205603,454.2913486096715,387.8416256334926,11.089118991638426,258.74113643854866
2023-02-10,431.5358680327853,441.24158248900477,424.88472742762343,439.3201599121094,14798390,408.6224475097656,430.72352180613086,421.37273877665694,62.082984944560486,9.350783029473916,-241778517.22919047,7157493204.0,72.3008550357377,65.46754427563742,30.040787078959823,456.1200835373634,389.3236786696678,11.46538585376292,258.82330579383097
2023-02-13,438.97529228167144,440.3547821355475,432.4719486041146,434.5904541015625,8333767,408.7337921142578,431.3184344669665,422.35182880072404,58.45299126862614,8.966605666242458,-245632897.18300968,7149159437.0,60.29120429628283,63.84909077528918,30.55672620108478,456.9745617313104,391.3809192257208,11.209489259310777,258.8697183501123
2023-02-14,435.5265539304605,437.7928565493605,428.03785603879845,434.0977783203125,8565559,408.9663354492188,431.7460258290197,423.22189913550835,58.07208992578175,8.524126693511334,-243556402.03211096,7140593878.0,52.16886159814895,61.586973643389854,30.3328218742303,457.6067579215534,393.4633714729778,11.105597205828726,258.9167237978955
2023-02-15,432.0778351132792,438.3840962478999,431.7329551144571,437.64508056640625,9857016,409.3023413085937,432.65357271169455,424.2902829452045,60.08870604658494,8.363289766490027,-235889834.03211096,7150450894.0,42.73930534652711,51.73312374698633,30.17774217596831,458.52526540193503,395.3876130160337,10.787421772086871,258.97159453768893
2023-02-16,438.4826447516919,441.68504608976605,434.0485505912815,435.1324462890625,7670688,409.7260443115234,433.03493787744344,425.0934061558607,57.96213374163316,7.941531721582749,-241383024.32419765,7142780206.0,34.3235317048747,43.077232883183626,30.3300020038216,458.2373240304434,398.94693500275974,10.562355609686703,259.01452071632616
2023-02-17,429.61440030113823,435.96994646228217,429.61440030113823,433.457275390625,6955445,410.17339416503904,433.0999128794714,425.7129520251025,56.52582199874935,7.386960854368908,-239927262.59260046,7135824761.0,28.712743370315664,35.25852680723919,29.74288655242336,455.84679387961677,405.1951220139379,10.261869220505076,259.05256462569736
2023-02-20,435.32949524581784,438.77823511783964,429.8607911912905,436.5119323730469,9717197,410.7586950683594,433.62483895540606,426.5128764953206,58.54320378653858,7.111962460085465,-235149173.79763836,7145541958.0,38.94395845352792,33.99341117623946,29.475603103421417,452.77484656936707,412.193708118133,10.165838842365366,259.1063083897187
2023-02-21,438.67967930904246,438.67967930904246,428.8753934949807,430.1070861816406,8957930,411.19914794921874,433.08364622098065,426.7791142498628,52.990717948120604,6.304531971117854,-241856370.37801754,7136584028.0,27.040710339725116,31.565804054522932,29.060683226947663,448.84809878237706,418.88930050961517,10.140013626057964,259.1551212241106
2023-02-22,428.92466784097945,429.46663068906935,421.9779328141449,423.1603698730469,7209130,411.4149407958984,431.5569883212985,426.51105911083937,47.705806025061655,5.045929210459121,-246788911.67947078,7129374898.0,5.321560179089259,23.768742990780794,27.593018072231626,447.7452518605915,420.7114559030803,9.996380750446377,259.19264437408305
2023-02-23,422.3720587190671,430.05783928312263,420.94331321574356,426.8554382324219,9278920,411.7164593505859,430.8336729230098,426.53656867540104,50.53192572082122,4.297104247608729,-244030313.84163293,7138653818.0,28.503525007222628,20.288598508679033,26.079742150214763,444.9635685099559,424.8874141560597,9.933391130227283,259.241231471104
2023-02-24,429.0232136428056,430.3041921480968,420.74624435808283,421.4852600097656,7895024,411.93422241210936,429.39545555174146,426.16239766313174,46.59106888965143,3.2330578886097214,-250704459.3780558,7130758794.0,3.5294075618690335,12.451497582727008,24.707665876783672,445.4633990057569,422.628724407329,9.906573748783472,259.2821102180172
2023-02-27,421.4852554356628,421.7808496648785,407.0005367916232,411.82879638671875,10438928,411.86229125976564,426.69289260327645,425.1006494204345,40.47801641619949,1.592243182841969,-254323253.7705037,7120319866.0,13.920507145113612,15.317813238068458,24.20277135406412,447.63701225092336,417.9227533740766,10.25469797196003,259.33264343283366
2023-02-28,412.86342945318336,418.5784720569821,412.86342945318336,414.5385437011719,9652088,411.91550109863283,424.82299277218345,424.3182712190076,42.74809434219488,0.5047215531758411,-258317168.68150797,7129971954.0,21.73306488136567,13.060993196116138,23.733940725824535,446.9000098345392,415.5657463910467,10.004339236124553,259.3798802871607
2023-03-01,415.3268008164956,421.73160320156614,415.3268008164956,419.7608947753906,7595114,412.22096130371096,424.04420846498454,423.9806877787397,46.94752999744777,0.06352068624482854,-255395970.98920023,7137567068.0,36.789789568828304,24.147787198435896,22.815395992570405,446.08638119999466,414.3446185558647,9.803533540715247,259.4178909870976
2023-03-02,419.76087894106433,420.00721748504384,413.4053324781441,414.29217529296875,5661103,412.5727331542969,422.5438956692898,423.2630201872011,43.36077061951593,-0.7191245179113253,-259536142.1600983,7131905965.0,21.022752372443087,26.515202274212385,22.193970584327946,445.86259681198214,412.1690682270804,9.574844359728425,259.4456715386797
2023-03-03,416.4106912307254,424.1949834021452,415.77021701439395,421.7315979003906,8027522,413.2339056396484,422.41892678176686,423.1495814992892,49.06201340690468,-0.7306547175223272,-256203084.17243382,7139933487.0,42.47158575069189,33.428042563987795,20.97591269796323,444.64327076162465,411.6689484766566,9.598270341831858,259.4862216633103
2023-03-06,424.6384035327827,434.98462260877204,423.7023050167056,433.6543884277344,11307064,414.4508184814453,424.14745934268495,423.92771534584074,56.60162591297331,0.21974399684421542,-247562323.95217445,7151240551.0,76.84655823439411,46.78029878584306,20.455613567583917,444.4018089611364,411.72319409062146,9.859324225156826,259.54692325138706
2023-03-08,432.5704946348665,434.78754158914546,429.7129734634762,432.8660888671875,7850052,415.52485412597656,425.4887869618392,424.5898170881627,56.01131464731549,0.8989698736764922,-245657015.78430983,7143390499.0,74.57378696993489,64.63064365167367,19.972478660803123,444.7215436131521,411.7828173487619,9.517555932336284,259.5894527070262
2023-03-09,432.6690554713824,435.57583245496704,424.9832743095206,425.8701171875,5696737,416.27470947265624,425.54745315040236,424.684654132558,50.934347497177626,0.8627990178443383,-250399854.66700876,7137693762.0,59.379946911729284,70.26676403868612,18.84606956260301,444.1703900188545,411.5555438190361,9.594341804701296,259.6196523463419
2023-03-10,426.6583787362677,431.38806698038303,424.49058741651726,429.4666442871094,10417015,417.15266052246096,426.1504056329727,425.0388756254877,53.27890854122075,1.111530007484987,-245786550.6695113,7148110777.0,70.69771782983966,68.2171505705013,17.731075782396896,444.1035284387235,411.5337243688937,9.401708787498759,259.6747294665622
2023-03-13,429.7129881010144,430.5998008988091,412.96196609808584,416.213623046875,8780169,417.87196960449216,424.6216698504961,424.38515321225714,44.7862295621928,0.2365166382389816,-251329349.79243064,7139330608.0,29.08249884032013,53.053387860629726,17.630530816281542,442.7982640725037,410.52833504859007,9.990003502729081,259.7187813061533
2023-03-14,416.65702910765134,417.98726329057416,407.3454198978154,410.5478210449219,9189043,418.43756286621095,422.45646234194624,423.3601656443064,41.724205183269504,-0.9037033023601566,-254987959.62254688,7130141565.0,12.41381469885935,37.39801045633974,18.0775774106515,442.60556557847684,408.3167702369529,10.036563494874057,259.7625677967662
2023-03-15,415.8194552358289,418.7755177138087,404.09374675396674,405.325439453125,7681009,418.7637145996094,419.82092035905066,422.02426000051514,39.07248858550763,-2.2033396414644812,-261380208.1953006,7122460556.0,3.91236054325055,15.136224694143372,18.78280752574738,442.7795016986817,405.2656002300292,10.36836402808605,259.79853329858264
2023-03-16,407.2469115621084,412.37076584216106,399.0684830730591,409.6117858886719,11854885,419.1933306884766,418.2502842866847,421.10481747371193,42.313047925383366,-2.8545331870272435,-254442883.68227074,7134315441.0,28.879946076933628,15.068707106347873,19.857457773336375,441.2859314274838,403.9558410334537,10.577929652444329,259.8531255895147
2023-03-17,412.8634033203125,417.24824146974413,408.47856517088087,412.8634033203125,8658701,419.8515466308594,417.42153336878124,420.4943423512379,44.715245804074996,-3.0728089824566496,-254442883.68227074,7142974142.0,37.78669358583944,23.526333402007896,20.10434755660231,439.7051997961955,403.309668367867,10.44876869861711,259.8945567773424
2023-03-20,409.51322699422997,410.84346122857426,399.56114318439023,404.7342529296875,10075022,420.3215606689453,415.46964407045914,419.3269283200119,40.20741378924967,-3.8572842495527766,-255278812.3881136,7132899120.0,15.519532238175044,27.395390633649395,21.067397406992605,438.7960456151157,401.3465203028531,10.65258951556748,259.94027459018184
2023-03-21,406.8034673052884,407.8380771357187,401.728899441129,406.5078430175781,7391950,420.9236114501953,414.09090544693896,418.37736644575756,41.590932858510904,-4.2864609988185975,-251105961.4489569,7140291070.0,20.377704956596418,24.56131026020366,21.961657982355025,436.5807612403752,400.56139574204667,10.328060099783356,259.9738710923621
2023-03-22,409.90737896839437,412.27222321754834,407.69033184657013,410.00592041015625,5728054,421.4488055419922,413.46244621051085,417.7572593320093,44.32709925736661,-4.294813121498464,-251044346.83393168,7146019124.0,29.95954930246853,21.952262165746692,22.107746641221205,435.1263332971057,400.0057071081677,10.002082964082417,260.0007234685564
2023-03-23,409.90734028763774,416.3121424796321,409.90734028763774,413.0111999511719,9817460,421.5719744873047,413.3930237090741,417.4056993778732,46.63980198292328,-4.0126756687990905,-251346440.96347648,7155836584.0,38.1915343462936,29.509596201786213,21.661107917685808,434.52923620217746,399.58788721090843,9.745134337504698,260.047670987984
2023-03-24,412.8633792139903,414.3906660825953,408.72487985233175,410.3999938964844,6877960,421.5384710693359,412.9325575840603,416.8867582311036,44.89473412774946,-3.954200647043308,-254157404.10800776,7148958624.0,31.038985342060652,33.06335633027429,21.368387737964177,433.3293028200433,399.14227615944884,9.453752329844617,260.080135300176
2023-03-27,409.9073589840479,412.3707445548655,404.24157217116743,406.01519775390625,7433933,421.53452941894534,411.8683483794212,416.0814574550149,42.049552808198,-4.213109075593707,-258347461.0707356,7141524691.0,19.02826361940633,29.41959443592022,21.547310100106493,432.9315645718036,397.9930081821026,9.359139476548433,260.11436567399664
2023-03-28,408.08444518126976,408.42932517322487,394.58511037714703,395.71826171875,9553659,421.33942932128906,409.3837196623948,414.573072585662,36.24111450381752,-5.189352923267165,-266337182.83449244,7131971032.0,2.764409320362067,17.61055276060971,22.53334792038957,434.0965394626555,395.2169798244538,9.679501999371963,260.1559578473106
2023-03-29,395.7182419669032,404.58642952560587,395.7182419669032,403.2069396972656,10478506,421.2645422363281,408.4334458216057,413.73113681615115,42.465651120750586,-5.297690994545462,-259118642.26655346,7142449538.0,23.427001838652536,15.073224926140341,23.448954467795286,434.16100073399895,394.0193581527198,9.621550967895587,260.20206874736346
2023-03-31,405.3254748665408,415.5731530047559,404.9805948665197,414.6370544433594,11037881,421.3729315185547,409.3878471480293,413.79824182557394,50.421551853345036,-4.410394677544616,-250031667.62743875,7153487419.0,55.677124461618,27.289511873544228,22.694807238889123,433.73885471747457,393.92912013604104,9.817598277866637,260.25424463166877
2023-04-03,416.8048367609891,418.7262895260803,413.35609697691467,418.0365295410156,6948329,421.68528930664064,410.71841367002725,414.11218906375484,52.52426396826443,-3.3937753937275943,-244868257.60879222,7160435748.0,96.94511893698825,58.68308174575296,21.60112984139048,434.0100476467685,394.0323626315518,9.499926440102277,260.2881491974231
2023-04-05,418.03652327470684,422.47061721633605,416.952627630406,420.3028259277344,8821326,422.1937316894531,412.1929386327514,414.57075475738293,53.92714718039615,-2.377816124631522,-242978004.36959463,7169257074.0,92.22610045747794,81.61611461869477,20.135127471135338,433.8378315932235,394.06170148783116,9.215502379089973,260.33205275430515
2023-04-06,420.25357144226854,432.8660933283472,417.543847359112,431.2402648925781,10907492,422.8736260986328,415.1232965188786,415.8055332859159,60.0609665386789,-0.6822367670372955,-234385278.84601462,7180164566.0,95.75290833612705,94.97470924353111,19.698315717764324,433.2613709192526,394.3967498082865,9.651698349814628,260.3887903278394
2023-04-10,445.4293578502318,466.3681347773808,445.3801021680646,454.54388427734375,50462653,423.9161309814453,421.1880023278732,418.67504076676244,69.40655545692394,2.512961561110785,-240781985.75606063,7230627219.0,83.52779003276636,90.50226627545715,21.389405862674977,440.0520255309775,389.7738747375772,11.471424888028062,260.6950888149643
2023-04-11,456.95799057887064,456.95799057887064,449.124412997841,451.9819641113281,14495222,424.63642456054686,425.92553490994317,421.1422202737673,67.53557763591095,4.783314636175874,-244702004.45006388,7216131997.0,79.958812287093,86.41317021866216,22.959703854377725,445.8152531724181,386.62183178851933,11.211578651813891,260.78165759413895
2023-04-12,452.6224809385752,461.73700775483985,451.4893295647322,458.6824035644531,13552440,425.55181884765625,430.96505316448315,423.9229745915959,69.82652865032244,7.042078572887249,-239228924.32963672,7229684437.0,89.29310755969951,84.25990329318631,24.634075687444533,452.21862889143233,383.1400319972396,11.142728618834875,260.8644699097746
2023-04-13,458.14042988571873,465.08716470314164,456.4653157812084,462.623779296875,12733670,426.0228173828125,435.83562641562037,426.789700866061,71.11765802948655,9.045925549559342,-233771637.1867796,7242418107.0,94.78378695828032,88.01190226835763,26.33737394432447,459.68604679434685,380.313629719325,10.962665783341901,260.94383395022254
2023-04-17,464.10183402147356,466.0725424461932,458.97798008895285,465.2349853515625,10710167,426.5844696044922,440.35860471345757,429.6374997168389,71.97330451419248,10.721104996618692,-225590273.48819113,7253128274.0,98.42142423604177,94.16610625134057,27.963679714430423,466.7394673990153,378.72892554532064,10.686372681477506,261.0112153191625
2023-04-18,468.04327934539344,476.27099353327446,461.24434088060656,466.07257080078125,16140056,426.99634826660156,444.3145994961228,432.33639387120496,72.2572171039929,11.978205624917848,-231358371.99456272,7269268330.0,87.51507318222805,93.57342812551674,29.907065187886758,472.83100164846803,378.71210443063353,10.996392679419676,261.11489585857174
2023-04-19,466.07251903756634,468.5359044447416,460.99795111290973,462.5252380371094,7368610,427.44468383789064,447.11623619473613,434.5726045501608,69.06615311524989,12.543631644575328,-235741030.44853696,7261899720.0,83.17242225331319,89.70297322386104,31.677376196238612,477.4532575673728,379.3811937265725,10.749361297449118,261.1613166169682
2023-04-20,466.762290092549,472.6744152105262,462.525249048958,469.8168640136719,14264206,428.0753106689453,450.60864047457244,437.18329043634685,71.82093950015758,13.425350038225588,-229509149.12991327,7276163926.0,92.09884343508081,87.59544629020736,33.492612311504224,482.9030356855434,379.6267616777378,10.706491002875383,261.2530299093298
2023-04-21,469.71833700443784,469.71833700443784,460.35747254613324,464.29888916015625,8478118,428.58276733398435,452.71483258004685,439.19185330477717,66.96115564884698,13.522979275269677,-230847799.34043956,7267685808.0,85.13755999600608,86.80294189480007,34.85273299774256,486.28630110108304,382.1999598852451,10.617412464637043,261.3065693573976
2023-04-24,464.29890914406866,469.02859725621806,461.4413579194121,468.2403259277344,8020593,429.2370428466797,455.1033700181526,441.3435920175888,68.59576371606305,13.759778000563813,-224493794.99506834,7275706401.0,88.73527465727993,88.65722602945563,36.115702206392434,489.74821739441313,384.91129188293064,10.400971526934823,261.35755315127244
2023-04-25,468.24032992920206,469.42273693203214,464.9886430125155,466.6144714355469,6888352,429.9878820800781,456.87430869775176,443.2155090115116,67.12054617781892,13.658799686240172,-226330707.54758558,7268818049.0,84.6514535884563,86.17476274724747,37.30906934132257,492.4846554445117,387.8357089353711,9.974765983547808,261.4014843682762
2023-04-26,466.0725268541279,472.4773290201994,465.67839119649426,471.1963806152344,7791425,430.7387219238281,459.07770437736446,445.2881661673429,69.13507498489851,13.789538210021533,-221475156.85176206,7276609474.0,91.4451235451267,88.27728393028768,38.579909770127344,495.5025512214822,390.63633122480684,9.74792111498762,261.4518228669677
2023-04-27,471.4919962329548,474.9407360173129,469.5212877847502,474.5466003417969,7085793,431.62258483886717,461.45753452573865,447.45545758767287,70.55564433663416,14.002076938065784,-215420008.92512625,7283695267.0,97.06372043626351,91.0534325232822,39.889055425871845,498.168841309716,394.3847017811043,9.438744480528694,261.49828832986066
2023-04-28,474.3495087063664,480.8528524794344,471.34419040661953,477.8475341796875,9947813,432.39313232421875,463.97907293403847,449.7067225204147,71.92665125645308,14.27235041362377,-211760429.5845878,7293643080.0,91.52781142322758,93.34555180153929,41.394711259370744,500.03144055342284,399.7053361799756,9.44373859426342,261.56462119717355
2023-05-02,475.4334166495518,476.9114479966489,467.5998384816876,473.21636962890625,11542592,433.1656506347656,465.4001955024796,451.4481778617845,67.19907072893191,13.952017640695146,-209378613.05274954,7282100488.0,75.9317414430096,88.17442443416694,42.098531365216296,498.2275678374092,409.25901968700487,9.501164101673169,261.6400689647078
2023-05-03,473.2163606643885,477.995334610262,470.7529751325593,476.6158447265625,8529233,434.0160119628906,467.1256799984924,453.31244948139766,68.81917522803045,13.813230517094723,-204098594.80809003,7290629721.0,85.57050608273428,84.34335298299051,42.816418939240315,496.3856271859132,418.44185084143055,9.339820914246705,261.6964577228144
2023-05-04,476.5172799666474,479.2762595990002,471.73830625469463,473.7582702636719,5650101,434.73827575683595,468.1460785008277,454.82695472452906,65.87380426718829,13.319123776298625,-206720552.71784177,7284979620.0,70.90898394720372,77.47041049098256,43.5615549787562,494.5942746421457,426.14532496722927,9.211116087822335,261.73376098183
2023-05-05,474.5958373075694,477.6011856149308,469.1763892887397,470.11248779296875,4830674,435.43787658691406,468.4486030073109,455.95921643330234,62.21528368446325,12.489386574008563,-210477732.11198166,7280148946.0,50.900903581320506,69.12679787041954,43.73732612310317,491.341862789813,434.6053326447573,9.15495039056296,261.76525088895954
2023-05-08,472.9700085071179,494.9433947907617,471.0978415709019,493.1697692871094,23515333,436.63212646484374,472.25185935804916,458.71555368173244,72.58528004736934,13.536305676316715,-190460526.74618906,7303664279.0,94.87182822216688,72.22723858356373,44.88681418397887,490.4887975856936,442.74509218481427,10.274661576793674,261.92866925119984
2023-05-09,494.64782266030033,505.2896362988458,494.2044012292673,496.2736511230469,19818780,437.8273608398438,475.94751962958725,461.49763497368167,73.63429943499,14.449884655905578,-202880274.04143652,7323483059.0,79.934228795615,75.23565353303415,46.35920210879367,491.15650008569526,448.58072830785943,10.406461965003869,262.0736807038613
2023-05-10,500.5599325702281,505.38819219679425,496.9633957617518,502.0379638671875,12481404,439.2659783935547,479.9614341276796,464.5006222991266,75.50860447272242,15.460811828553005,-200325650.729012,7335964463.0,92.56012705193892,89.12206135657362,47.72998261502462,496.5460166248253,447.9406197277138,10.31418190134269,262.16602296078946
2023-05-11,504.50134391276026,506.61987947201766,498.0965416951178,504.1072082519531,11454020,440.8849151611328,483.6761686083371,467.43444348081744,76.1636766561869,16.241725127519658,-195624897.38612944,7347418483.0,94.56865436316357,89.02100340357254,49.04982207189969,501.010768153666,448.6883926129356,10.186264463882486,262.2512245897345
2023-05-12,506.3735296415786,512.8768430765409,502.82621856148927,508.39349365234375,19766717,442.51567626953124,487.4788339997227,470.4684471972268,77.50582254703343,17.01038680249593,-193493124.1943477,7367185200.0,91.28354790374561,92.8041097729494,50.503619482158335,506.18750260684243,448.48276716854815,10.176575896108854,262.4012261859399
2023-05-15,516.1777769036908,529.2830359602235,513.86221857543,523.0752563476562,38270067,444.54747619628904,492.9552066686356,474.3652478750364,81.37440908823591,18.58995879359918,-186034931.26899353,7405455267.0,90.3447574073587,92.06565322475599,52.3141380288817,514.5784956656568,446.136921814812,10.94178778266392,262.70769412427023
2023-05-16,526.1298549448566,528.1005632243457,511.2509713499674,513.517333984375,16514882,446.5812469482422,496.11861087105706,477.26540240165406,72.61853217604352,18.853208469403,-198107128.63241607,7388940385.0,75.21297063380668,85.6137586483037,53.55743925828831,519.1300879926561,446.41356435109384,11.363773789214946,262.83745698737664
2023-05-17,514.8475833452522,516.2763590019243,504.99404108027136,507.9501037597656,13684847,448.44947814941406,497.938840546243,479.53834324299567,68.02704107291973,18.400497303247334,-204620884.41300425,7375255538.0,65.41532690830243,76.9910183164893,53.71136607026874,521.9521158497997,447.7792897898487,11.357955512960519,262.94155963118067
2023-05-18,511.20174888608335,513.2710287987428,499.6731227443835,501.00335693359375,12293322,450.07432739257814,498.4103046058354,481.12834425711407,62.699833245881365,17.281960348721327,-214508983.5561912,7362962216.0,54.15335102161278,64.92721618790732,53.072670746204764,523.02304467417,450.5561728551268,11.517951980203291,263.03307437594765
2023-05-19,502.3335187290164,518.6904332181767,497.3574924474882,517.2616577148438,19343560,452.13371704101564,501.310512776452,483.80488599472363,68.84843416976842,17.50562678172838,-197756496.67380148,7382305776.0,80.51109745151768,66.69325846047765,52.761925361648984,526.824112506508,451.499584392906,12.219022608095093,263.1807754649186
2023-05-22,517.2617251536706,519.2816893363113,511.7437052733162,514.8475952148438,9978339,453.9960369873047,503.3931408438969,486.10434593695476,67.08028670722437,17.288794906942144,-199517342.56253427,7372327437.0,75.98361987439182,70.21602278250747,52.5039167561158,529.1220579683066,454.2565095365761,11.88466271201652,263.2581838801207
2023-05-23,514.8475189353344,523.2230288127513,513.5173149524766,520.7596435546875,12256902,455.73814208984373,506.0649104917108,488.6714050197498,69.16858269521522,17.39350547196102,-193482233.64875203,7384584339.0,85.81955095229137,80.77142275940032,52.469475739308685,532.1659595009683,456.46453976660985,11.729023508320678,263.3546647235458
2023-05-24,519.429522973367,521.8929086269612,511.5466888818657,512.581298828125,7648284,457.3324462890625,507.06743177423607,490.4425082648146,63.19630722526846,16.62492350942148,-199600878.63215044,7376936055.0,72.21316101132246,78.0054439460019,52.117019374716115,533.0115282158525,460.2156537909834,11.630251810947454,263.4139317765138
2023-05-25,510.4134600041587,510.4134600041587,501.6438139062427,507.3095703125,11543712,458.9612353515625,507.1046838570459,491.69192026834685,59.62263724532801,15.412763588699079,-196228627.20883018,7365392343.0,62.235297349533006,73.42266977104897,50.33838560874199,533.1387275366449,463.69977343991764,11.580768461728514,263.5001791042364
2023-05-26,507.3588773443261,512.1378209290128,504.6984091034589,510.85687255859375,8360570,460.5890399169922,507.681943657284,493.1115463639207,61.21209470614823,14.570397293363328,-190747171.5174341,7373752913.0,47.47183422914392,60.64009752999983,48.81768232791398,533.5396576040816,466.9298705941605,11.284957273430328,263.5633189294189
2023-05-29,517.3109838581357,517.4094952271322,512.0886183350563,513.81298828125,6596504,462.5410272216797,508.6251812917403,494.6449865059451,62.53563526162593,13.98019478579522,-193068134.67021522,7380349417.0,52.134220604024385,53.9471173942338,47.793517571522834,534.1720600342908,469.89401357410765,10.946933373080908,263.61416867105123
2023-05-30,513.8129644198855,515.8329285205127,510.4134803698674,511.2017517089844,5134688,464.5541058349609,509.0215767405471,495.8714135580221,60.569539485055124,13.150163182525034,-196709118.04450497,7375214729.0,43.36420852466805,47.65675445261215,46.59732437186077,533.4148588310658,474.44975298534047,10.552113000049797,263.6534273177222
2023-05-31,512.3349436446355,519.7743560489344,508.8369481582433,518.5919189453125,12327284,466.8194354248047,510.4939370797418,497.55441395708067,64.01749191955668,12.939523122661114,-187047225.72307444,7387542013.0,66.51234140885884,54.00359017918379,45.78577167412517,533.3320996994136,478.7301195388677,10.579634063667031,263.7488593737328
2023-06-01,519.7743330067557,528.3961821324602,515.1924119863113,527.361572265625,12511265,469.17443115234374,513.08895787757,499.7623516095654,67.63431347567729,13.326606268004582,-176496654.9902896,7400053278.0,93.98142213669118,67.95265735673938,45.611327900381525,533.1919081840381,484.2306412544385,10.767072355272882,263.84868210882786
2023-06-02,529.1351961108796,533.3229513873624,524.9474408343968,528.0513305664062,12294728,471.47818969726563,515.3908613681601,501.85783153229437,67.90754935462576,13.533029835865761,-179678749.25752297,7412348006.0,85.34254538564605,81.94543631039872,45.73882026949821,530.116771674995,493.0996620408254,10.596246512250932,263.9486356801694
2023-06-05,531.1059375893878,540.7623971536722,530.0220719773382,538.249755859375,15008325,474.14849975585935,518.9076143668086,504.55352963059664,71.71033290392778,14.354084736211973,-171692658.0417154,7427356331.0,94.21115813683797,91.17837521972508,46.24872643320169,533.7670799095577,493.95735246348937,10.747305089037718,264.07403328034997
2023-06-06,541.4028762821083,548.8422884509953,537.3628879843453,547.610595703125,15395092,476.97055480957033,523.3234576493188,507.7429419322654,74.676458555012,15.580515717053402,-159601226.92963102,7442751423.0,97.6076573212286,92.38712028123757,47.08786512824357,539.5757236680404,493.28240316301435,10.799597616010022,264.2064413849358
2023-06-07,550.615882516931,566.5786316454518,544.0633135574301,559.6318969726562,20855239,479.9630743408203,528.9093713913708,511.5865682315536,77.88346701135839,17.32280315981717,-151615076.54782045,7463606662.0,89.96443174255086,93.9277490668725,48.480120455249526,548.1960147996713,490.4215053419303,11.636434792582282,264.393376542183
2023-06-08,561.6519447662927,568.1060033314092,548.8423390084649,551.5028076171875,21527339,482.73290649414065,532.385284656881,514.5433267045635,71.30713471478182,17.841957952317557,-167196214.58847198,7442079323.0,75.01858446460578,87.53022450946177,49.81732478121747,552.8728337692038,490.4842463089212,12.18123690189385,264.5856851694668
2023-06-09,556.1339773295994,558.153941566781,551.1086344381634,554.064697265625,9361533,485.60620056152345,535.7205789043801,517.4708356350125,72.10649893785265,18.249743269367627,-168701942.52443218,7451440856.0,78.87324178269199,81.28541932994956,51.059014512473425,557.5284452308944,490.39575520855885,11.814384775231257,264.6687453805544
2023-06-12,558.6958085407887,560.5680055006861,552.4388336832938,555.8875732421875,7599572,488.60364807128906,538.8231934178889,520.3165199022106,72.68951640161897,18.506673515678244,-169853392.82746246,7459040428.0,81.61596812428351,78.50259812386045,52.28924532641445,561.9293303181896,489.2761018107167,11.551155278242765,264.73656917253305
2023-06-13,559.3856350466028,562.686547817848,552.5374107936253,553.9661865234375,12845897,491.7686065673828,541.1528846648964,522.8090878000793,71.00486901549448,18.343796864817136,-179082449.14091694,7446194531.0,78.72502105292139,79.73807698663232,53.500055788091785,565.5058636177106,489.7444537651018,11.45101111724133,264.8511817998475
2023-06-14,557.7104379965529,562.8342915046285,555.7397297350809,561.9474487304688,12713256,494.9434167480469,544.3520483672921,525.7082256467748,73.72858702338709,18.643822720517278,-169547587.96948487,7458907787.0,90.28735488875287,83.54278135531929,54.62935420160303,569.8721248786421,490.77792700124064,11.266517821809163,264.965990714801
2023-06-15,563.4255464603286,566.5786920792808,559.4348737878464,560.1246337890625,12475759,497.8531683349609,546.7785999706414,528.2575892128702,72.06360804771651,18.521010757771137,-179614192.87514585,7446432028.0,86.53366496390474,85.18201363519303,55.805566226600945,572.4559675952352,494.1062119701945,10.972039283925252,265.0792821110065
2023-06-16,561.307066933109,563.8197082171304,557.759755583976,561.454833984375,8736313,500.72153442382813,549.0364821266004,530.7166443811299,72.55075760933528,18.319837745470522,-177696507.92512503,7455168341.0,88.77800679021877,88.53300888095883,56.56444375023637,575.7718634647088,495.20963372767415,10.621175951727329,265.15828824317276
2023-06-19,562.2924312958384,564.8050726250933,555.9368843044869,557.759765625,6280388,503.4706732177734,550.3785257417388,532.7198385473424,68.95376033091225,17.658687194396407,-181394992.70952168,7448887953.0,82.54360951734314,85.95176042382225,56.900916974855825,577.8620645553297,497.4106496780687,10.49596254950441,265.2147684470829
2023-06-20,557.7597800409569,575.397645768757,554.2617843634471,574.7078857421875,18074902,506.34002563476565,554.1215042033463,535.8300642654791,75.06118038330806,18.291439937867153,-164499824.4941716,7466962855.0,98.85431883038278,90.05864504598158,57.66244425965974,582.8413963697095,497.8261420824388,11.25595532491909,265.38195585822524
2023-06-21,576.3830054760524,577.3191040822591,566.0860410902848,572.885009765625,9146332,508.70684814453125,557.0081973667737,538.5748750432678,73.38893636995456,18.43332232350599,-162574265.45132926,7457816523.0,91.53340940185807,90.9771125831947,58.44080373066778,586.1088626230478,500.5890469228506,11.254320158280176,265.4675960660345
2023-06-22,575.4468146690208,576.1365745915646,559.8782313688954,561.0113525390625,11229179,510.88743591308594,557.6240673932797,540.2368363392525,63.470005461359015,17.38723105402721,-172238214.799792,7446587344.0,65.52056055648389,85.30276292957494,58.00022104514177,586.0614784475604,506.00660932099436,11.611750377165105,265.5704728032542
2023-06-23,561.6518829233096,562.7850642874604,549.5320385305822,551.4534912109375,9362695,512.7428576660157,556.6747479806116,541.067699663081,56.81349416884236,15.607048317530598,-178886061.77442503,7437224649.0,35.26510916865299,64.10635970899834,55.98361589168756,584.7258724251518,511.40187720863736,11.728984332858897,265.65302934805237
2023-06-26,551.7983192410209,560.6665065145372,549.630528101468,559.5333251953125,6986621,514.6810485839844,557.1145290905656,542.4355237765797,60.57748739961487,14.679005313985954,-173334222.19667345,7444211270.0,46.518249585233605,49.10130643679019,54.111053963480074,583.7397642178139,516.9600191073814,11.679483910016774,265.71503434889934
2023-06-27,561.6519078945266,568.4508760992231,560.1246208749931,564.7064819335938,9404450,516.670478515625,558.2825218356469,544.0852243808029,62.81228474282191,14.197297454844033,-172388308.90077972,7453615720.0,55.7090768000466,45.8308118513111,52.94530101625618,581.6775799391801,524.3726764084761,11.482202981009193,265.80069719929486
2023-06-28,570.5200610216285,581.3589568268753,567.0713214472318,578.0580444335938,16720940,518.9101879882812,561.3249099276387,546.6017295698985,67.87414025322745,14.723180357740262,-163393540.04201087,7470336660.0,89.62855164753404,63.951959344271444,52.61567884902128,581.9561113685425,530.0407575279419,11.851508117600078,265.958523763435
2023-06-30,579.7331352925584,590.2271818646822,579.3882853696714,586.8276977539062,12488047,521.3962371826171,565.2484157470645,549.581430916862,70.69562511412832,15.666984830202523,-158738932.05873445,7482824707.0,91.64646237299928,78.99469694019334,52.72071510489138,584.7499002836794,533.1935811616331,11.874195925706388,266.0800906773645
2023-07-03,591.2125489440907,593.4788516867931,581.3590064616892,582.1472778320312,11131048,523.6428454589844,567.8482406832132,551.9937158735412,67.29847107023403,15.854524809672057,-168422059.51233524,7471693659.0,74.2152546659453,85.1634228954929,52.95642457469802,585.159650027573,538.1934261443021,11.891742304234779,266.18843096317653
2023-07-04,585.6945878153534,587.6652963071397,580.8663279539771,582.7877807617188,6917886,526.0126232910156,570.1466314645218,554.2747577171099,67.5284282621073,15.871873747411883,-171429825.3917868,7478611545.0,75.67270489654747,80.51147397849738,53.09920598509774,586.5086218829908,541.2982567791184,11.527972736301047,266.25532903672695
2023-07-05,583.3297220303867,584.3150762905732,576.3829865243224,579.6346435546875,8715919,528.2405096435547,571.6063256322395,556.1532677791527,65.10139533965084,15.453057853086875,-172999789.1321709,7469895626.0,68.49781101784167,72.79525686011151,52.53763476252381,587.8013161027117,543.207967344554,11.271123952726029,266.338602843656
2023-07-06,582.1472514216571,596.0900374582106,579.9302044636979,592.0007934570312,14356681,530.7482360839844,574.7439360668228,558.8086400515881,69.70075299403476,15.935296015234712,-165909021.29798532,7484252307.0,91.21688196364308,78.4624659593441,52.60550531651667,592.0264120070015,542.2197610887017,11.641428949211539,266.47970528978084
2023-07-07,591.2125371065999,615.6493099454228,583.526786152464,609.14599609375,21066726,533.5072283935547,580.0365606863501,562.5373330917482,74.68270194275763,17.499227594601848,-153372355.50671816,7505319033.0,90.16397120977817,83.29288806375433,53.37383839288587,599.8604734823369,540.1500184610223,13.104364295193491,266.69513912355774
2023-07-10,614.8609759981341,625.5027885544686,608.5054298429817,609.58935546875,23802524,536.2080834960938,584.583144499027,566.0226680826372,74.79810004790343,18.560476416389747,-174139094.22272235,7529121557.0,79.05321050441763,86.81135455927965,54.357575204312795,606.2936387548219,539.26931900885,13.382435324928732,266.94672274482434
2023-07-11,615.7971096536176,621.216557668562,613.038129965168,619.2951049804688,12051173,539.0370349121093,589.9234461115565,569.9687745195135,77.2434733433447,19.954671592042928,-167750564.36033115,7541172730.0,91.82885048252383,87.01534406557323,55.2710451006378,614.1419377095306,537.7617732279693,13.257061530277538,267.07517470814605
2023-07-12,620.7238376257316,621.5613645681359,610.279047907629,612.3483276367188,10785502,541.8196740722656,593.3734278846583,573.1080006763436,71.86834878443639,20.26542720831469,-174579747.57789868,7530387228.0,82.68483473756169,84.52229857483441,55.73182655453042,618.7791615192077,538.9627635296204,13.116008325293922,267.1890343803613
2023-07-13,615.8463864219033,617.3244177493158,606.4855213482904,611.5601196289062,9689708,544.5185595703125,596.1713804606965,575.9563057839408,71.26240911498985,20.21507467675565,-175196322.3478739,7520697520.0,81.64731963133373,85.38700161713979,55.63008198343605,622.8785187880369,539.8246733506351,12.953357473560457,267.29039780328714
2023-07-14,613.8756667326278,616.8317293332665,610.4269270318827,615.7478637695312,7010179,547.3583514404297,599.1831471235942,578.9038285976883,72.58493731836685,20.279318525905865,-170558766.65650538,7527707699.0,87.1429627551692,83.8250390413549,55.53560488170557,627.0285584603049,541.2369566764138,12.485603532690698,267.3642352530384
2023-07-17,617.7185889181704,617.8171002843636,608.1113852056145,609.4415893554688,7580645,550.1449334716797,600.761369005421,581.1658849501164,67.54391929171737,19.59548405530461,-176061500.78528056,7520127054.0,75.4333904282209,81.4078909382413,55.10139177064351,629.4537937762865,543.6103968975416,12.287040071694872,267.44346049356
2023-07-18,611.3138033642953,611.7571646656861,598.1100323014692,603.1353149414062,10359400,552.3442443847656,601.1265914571111,582.7932501346563,62.84369945855244,18.33334132245477,-178791618.44364175,7509767654.0,61.720157441858795,74.76550354174965,53.336329902423856,630.168091478874,547.4336541265948,12.38418952116073,267.5493246371452
2023-07-19,605.0074290586758,616.1419185749925,601.2138397570687,611.5107421875,11128348,554.6489862060547,602.7241531079402,584.9204717682003,66.20708292450664,17.80368133973991,-174568022.63821346,7520896002.0,71.51444877896441,69.55599888301474,51.97980437681133,632.6068047300686,548.6752265199315,12.565895899500944,267.6647571015481
2023-07-20,613.5308254054091,614.4668637957132,607.1752786968407,612.5454711914062,7834891,556.859136352539,604.2351251207812,586.9667680217711,66.60922064270693,17.268357099010018,-170862247.9877651,7528730893.0,73.62099025743211,68.9518654927518,50.7201735315997,634.7939784534495,550.4540989391286,12.189159413741768,267.7464016723016
2023-07-21,611.905016324161,621.7585592601379,608.6533591835394,616.58544921875,12914610,559.108701171875,606.1351749820071,589.1607444067326,68.20036061267908,16.974430575274482,-168143392.08249366,7541645503.0,81.84573437359184,75.66039113666282,50.01359782781729,636.1749947623927,554.6304922981543,12.254590889660108,267.8825666529054
2023-07-24,618.7531702447599,625.1579724239259,617.0780561081133,620.0341186523438,12247844,561.341513671875,608.2734740082127,591.4476610175187,69.53493029275857,16.825812990693976,-171429412.35045257,7553893347.0,88.86666949763246,81.44446470955216,49.55713330598794,635.5792512528034,562.0842985518842,11.991586055054094,268.0134920284718
2023-07-25,626.6852936917741,633.0900962216427,624.0740809115584,630.0847778320312,13988137,563.4817041015625,611.629059211877,594.3096696704456,73.08069969535956,17.319389541431406,-166766637.81195706,7567881484.0,94.34664313596474,88.35301566906304,49.56053612097198,636.8133509588253,567.9053441095342,12.0676140203573,268.16642848396015
2023-07-26,630.6267056951486,655.6547271339246,629.6413514674999,631.7105712890625,31673714,565.8455688476563,614.718522608367,597.0801068273802,73.61564611341802,17.63841578098686,-193401415.09941837,7599555198.0,66.80321728438562,83.3388433059943,50.44672608266517,637.8177142302188,573.6013897736875,13.063739852219253,268.5217525721429
2023-07-27,637.5241788628724,638.9529545068118,627.4242981312736,634.2725219726562,11696851,568.3720172119141,617.7268302028731,599.835100541845,74.47639910166339,17.89172966102808,-191201997.31006247,7611252049.0,62.84243886682548,74.66409976239198,50.97692072568314,640.294178430774,576.7463733270384,12.954091032456319,268.65087025255616
2023-07-28,638.5226951734381,638.5226951734381,624.4870449165816,627.946533203125,9299530,570.9108807373046,619.2990922029118,601.917428887125,68.5312460638769,17.381663315786795,-195917255.8988191,7601952519.0,51.84926427801286,60.49830680974136,51.07638459828378,641.7857611064084,579.366674196326,13.031345262770623,268.75255111155076
2023-07-31,632.7898876375701,638.0779388486568,628.5396709233041,636.8424072265625,7502361,573.302495727539,621.9980637450119,604.5044643196759,71.92519990507886,17.493599425336015,-190358519.11411902,7609454880.0,67.30833317973934,60.66667877485926,51.16874390855581,643.6500850175423,582.9718632246452,12.824206718682136,268.8354852242782
2023-08-01,637.5343011591037,645.3428849481877,634.569025339759,636.199951171875,8924219,575.7295428466797,624.1829695029908,606.8522781605795,71.32689960955409,17.330691342411228,-196580876.41783825,7600530661.0,66.19188611792408,61.78316119189211,51.563619468121615,644.4487749517551,587.514390331448,12.67775335366403,268.93522540808976
2023-08-02,636.5458476784488,636.8423631815054,609.3147446765759,615.4429931640625,15762687,577.6232098388672,622.8383577585403,607.4886274200968,55.31662507684637,15.349730338443464,-205325327.33256432,7584767974.0,30.120866768099436,54.54036202192098,49.08954418749301,640.8673823127441,594.6766179313964,13.738458007325857,269.10261276516496
2023-08-03,615.7889378798303,619.1990170975514,607.0413984475239,611.7858276367188,11458920,579.607300415039,621.1379685090293,607.8069385472539,53.056913511725185,13.331029961775357,-207840713.88417378,7573309054.0,23.765518915457594,40.02609060049374,46.591628800488465,638.8564760489834,598.666027613126,13.625540910375976,269.22147886526136
2023-08-04,617.617495374963,617.7657832944296,606.2011957654199,607.8815307617188,11806739,581.6187396240234,619.0985165479045,607.8124638964736,50.67684320815595,11.286052651430964,-216216413.65616855,7561502315.0,16.980711234458358,23.622365639338494,44.1949639881262,638.9214082318981,598.4746488970081,13.478329954564101,269.34313317254555
2023-08-07,611.8352303133331,611.8352303133331,601.4567651787775,602.4451904296875,9893466,583.4505059814453,616.5364663758712,607.4148880841191,47.48285633469472,9.121578291752144,-224225409.94188288,7551608849.0,2.2618122737327715,14.33601414121627,41.5299450492091,639.4290174522906,597.2526231727094,13.256911038849212,269.4434036143384
2023-08-08,605.4598623383204,607.6344099092231,598.2443702278281,600.2706298828125,8863640,585.1796588134765,614.0340299923237,606.8856837729112,46.22776305994239,7.148346219412474,-229263712.29951036,7542745209.0,3.529432256097408,7.590651921429541,38.763799567739206,639.8888626938001,594.8903304214343,12.9807059418882,269.53233144168473
2023-08-09,603.5324226209748,616.7773448632967,598.3431901521731,615.3441162109375,13362350,587.2625061035156,614.2355817182643,607.5122343238761,55.089416376075214,6.723347394388156,-217979168.76071957,7556107559.0,29.785123982208816,11.858789504013027,36.922561564193146,639.9420900346822,595.1366819379741,13.370237996833584,269.6695700163905
2023-08-10,615.7889532142451,621.0275951646151,591.0783210627907,611.0939331054688,53116980,589.1125463867188,613.7522511624496,607.7775453447348,52.46400878454182,5.974705817714835,-200098176.5932457,7502990579.0,30.99523999621465,21.43659874484032,34.548871841786344,639.9445724347879,595.0875808855246,14.55445486147579,270.2101461663833
2023-08-11,612.5765598408417,617.5186861808243,602.9394134778756,604.7185668945312,9347707,590.6596862792969,612.36245358277,607.5509543484234,48.71374141789092,4.81149923434657,-207164424.8146357,7493642872.0,21.122646275352047,27.301003417925198,32.34473138526574,640.0719895276922,593.8572341051203,14.556227564438135,270.3052851331939
2023-08-14,604.9162700327671,604.9162700327671,587.618827670719,600.320068359375,14492164,592.1050610351563,610.5097789330168,607.0153331640494,46.25698510443777,3.4944457689674664,-200373851.26178965,7479150708.0,18.668439439865,23.595441903810595,31.01142960770077,640.5336866553735,592.4833848778296,14.752028621410274,270.4479805451561
2023-08-16,599.6776223482508,614.1580163317498,590.3864006946785,611.588134765625,14562074,593.5718286132812,610.6756798303412,607.3540592086105,52.82125737089855,3.3216206217307445,-188960305.8354037,7493712782.0,41.52394725077972,27.105010988665615,28.976475894182986,640.2885489506052,593.5738045650198,15.39628483681463,270.5946365511034
2023-08-17,612.8236538951121,614.8005043915479,603.9278266611508,606.64599609375,12119293,594.7525366210938,610.0557284862502,607.3016100889912,49.94011756224239,2.754118397259049,-195019952.33540383,7481593489.0,32.9622852592827,31.0515573166425,27.033462328439857,640.3651636206525,593.0107152855974,15.07317004349909,270.717715410036
2023-08-18,605.7069655372934,612.9224576107564,603.828993807865,608.6722412109375,11190760,595.7333435058594,609.8428842900483,607.4031383202464,51.117376091026664,2.4397459698019475,-194290145.9850602,7492784249.0,36.4725116930341,36.986248067698874,25.237702978456724,640.3664207187683,592.6221351894349,14.646048169169969,270.8312903769802
2023-08-21,609.8583826991842,616.0854497436648,607.6838350711477,613.31787109375,9580365,596.9696447753906,610.377497644464,607.8412666738393,53.80000883502967,2.536230970624729,-191021523.3502803,7502364614.0,44.520507800587374,37.98510158430142,23.590449334359185,640.2430022422005,592.4187958535025,14.200017205123334,270.92957966188175
2023-08-22,614.6028185994969,619.2484294174488,611.4398456811875,613.0213623046875,8534395,598.1487780761719,610.7842460537292,608.2249774613094,53.59783191241302,2.559268592419812,-196098879.78352034,7493830219.0,51.60648127033048,44.19983358798401,22.34896466324845,639.87052559201,592.0899968689274,13.743486243061762,271.0176560247855
2023-08-23,615.5418512352883,615.5418512352883,606.0529925536639,606.7943115234375,8248333,599.1669128417968,610.170409972146,608.1190022066523,49.39928137125094,2.05140776549365,-203058407.47466883,7485581886.0,57.396561714591485,51.174516928503145,20.842443413906693,638.1054165248198,591.5260593052584,13.439584274387665,271.1014725732782
2023-08-24,610.8468039087675,611.8352291578108,602.5934772107316,603.87841796875,7096025,600.1651574707031,609.2024112023927,607.8048848556966,47.522035576571184,1.3975263466960541,-208181219.64778724,7478485861.0,48.668632570781426,52.55722518523449,19.7705859959352,635.8183428213982,591.0299176766486,13.139739108151343,271.1728307215884
2023-08-25,603.7795142829506,609.5618379479936,586.4326639451959,598.0960693359375,16075509,600.8881298828124,607.4937432229381,607.0857133357146,43.95485836995488,0.4080298872235062,-208043855.8225981,7462410352.0,33.714203149490665,46.593132478287885,20.04753643158438,632.7924698978516,590.4381453365233,13.85327017205465,271.3304814344506
2023-08-28,598.3926437817547,601.4567377885618,594.5871705418376,595.4273681640625,7479254,601.5941845703124,605.6373778292649,606.2221322118885,42.37394207938522,-0.5847543826236006,-213693576.40335324,7454931098.0,26.00006388744474,36.1276332025723,20.30470469325862,630.8930651170582,589.0856336134106,13.354434248816757,271.4035819305598
2023-08-29,596.6134784952012,603.4336371000446,596.6134784952012,600.1224365234375,6956667,602.3675366210938,604.7889253206761,605.7703029016329,46.05029916046393,-0.9813775809568597,-213491860.7516416,7461887765.0,39.571613804964194,33.09529361396656,20.312688254057672,625.4373208674685,590.8693807926877,12.972422440757141,271.47215026552163
2023-08-30,604.1255203065173,605.8058552845739,597.9972717370281,598.5408935546875,5676055,603.1831591796876,603.8276896643702,605.2347910981555,45.00865690660472,-1.4071014337853285,-218377598.96308535,7456211710.0,35.00001064518618,33.52389611253173,20.03910947233307,618.3414825266293,594.1993133718081,12.603576805527762,271.5281984301537
2023-08-31,601.7532840358115,602.5934817009728,592.1161377858277,594.0435791015625,10544271,603.569873046875,602.3224418854767,604.4058124317412,42.09289617285571,-2.0833705462645185,-225042363.14641473,7445667439.0,23.192861866354768,32.58816210550174,20.263655853781962,617.6182955367634,592.7825589554242,12.451703027643285,271.6308352274344
2023-09-01,597.2065722863757,607.7827349551608,594.933206185104,604.1255493164062,10297492,604.1946838378906,602.5998430286966,604.3850522009756,49.92461310316359,-1.7852091722789964,-220606539.77746186,7455964931.0,53.915808808940874,37.36956044016063,19.848925871303162,616.8662401234529,592.7685865367033,12.543663943782928,271.73286787785986
2023-09-04,608.4745714128971,608.4745714128971,598.9857129627848,601.9509887695312,8392665,605.0134765625,602.5000192965173,604.2047512060537,48.40400530000526,-1.7047319095364628,-223753775.81264612,7447572266.0,47.28923613699244,41.46596893742939,19.381512528412664,616.5453624618402,592.4964099990972,12.32546355137789,271.81619537499324
2023-09-05,602.939397679955,611.7364064661054,601.0119563921256,604.0761108398438,8560651,606.0659289550781,602.7424949185676,604.1952222900381,50.00655902201058,-1.452727371470587,-227422584.9641478,7456132917.0,53.765154159107084,51.656733035013495,18.553904732215823,616.5915644982713,592.6133000036818,12.211105445849457,271.90178117377593
2023-09-06,604.0761303155455,605.4598895018827,598.5903217820836,603.1865234375,6520064,606.9389929199219,602.8108069984033,604.1205038565168,49.31604222195152,-1.3096968581135116,-225217928.52392268,7449612853.0,51.054300429073166,50.702896908390926,18.031904647556434,616.5931551637467,592.9032986936751,11.829567036845859,271.9663126069118
2023-09-07,603.8290138145597,609.3641711239501,602.0003908913452,607.78271484375,6520293,607.800517578125,603.5757158976875,604.3917787444601,52.93233896723055,-0.8160628467726383,-221498250.96541503,7456133146.0,65.06034703534925,56.626600541176536,17.062338784712704,615.2842590420179,593.4560546786853,11.51058226511436,272.0315961557488
2023-09-08,610.7974032154118,621.6206719088526,607.0908084798971,619.98974609375,16190749,608.6391516113281,606.1009513124663,605.5471837332964,60.90969892332631,0.5537675791699712,-208942210.6657493,7472323895.0,95.36510899739739,70.49325215393996,16.801104285958264,617.3878847843156,592.2420102352156,11.72624520538873,272.19836675507
2023-09-11,627.3041332248645,628.0454521909404,623.2021441477681,627.5017700195312,8780510,609.4526330566406,609.3933849597071,607.1734493841286,64.85705507932205,2.219935575578461,-202133000.73600173,7481104405.0,98.69347334238108,86.37297645837593,17.103071785085337,621.948623399127,589.9595919329042,11.464063840517422,272.2913727537474
2023-09-12,630.6153061584652,631.6037314032276,608.1286318401186,613.6143798828125,12541377,610.0819750976563,610.042768794031,607.6505553469941,54.000679084709304,2.392213447036852,-208812947.06172648,7468563028.0,60.17505776871676,84.74454670283177,15.95242382499141,622.7261079498364,590.5115385345387,12.321994963559677,272.420954479828
2023-09-13,613.8120875933934,621.2252770570817,612.3788588980088,618.6553955078125,6988358,610.7993273925781,611.3677882884589,608.46572869224,56.8257816853441,2.902059596218919,-205884820.4369456,7475551386.0,71.3348906189889,76.73447391002894,14.883965004904192,623.7942599293261,590.1501126292677,12.073739477524905,272.49304265663733
2023-09-14,620.8298495591666,623.4986096888505,616.0854206223327,617.370361328125,5722295,611.5540417480469,612.291261063792,609.1253311097129,55.88357046943198,3.165929954079161,-209623405.13087463,7469829091.0,63.95483043861458,65.1549262754401,13.972339891307602,624.9277951920111,590.08901389002,11.740843019595827,272.55231608498036
2023-09-15,621.4229435393037,629.1326481357164,619.8908965247421,626.90869140625,18917805,612.2521997070312,614.5400965010932,610.4426170576045,61.0464526662276,4.097479443488737,-199810449.84064683,7488746896.0,88.11008834200331,74.46660313320228,13.657616339399613,627.788056367113,589.0523977344495,11.74237471873837,272.7517043070474
2023-09-18,628.5395995101037,636.7435164829617,625.8214302503283,633.234619140625,11108349,612.7339721679688,617.4161769071751,612.1309135081987,64.05123103775637,5.28526339897644,-195839575.39516708,7499855245.0,92.13734383516,81.40075420525932,14.008946529877793,631.5406993975103,587.2914295087398,11.68378268401659,272.87087533801366
2023-09-20,633.2841058451808,639.511173209457,629.6269201459414,631.1095581054688,11777925,613.1643762207032,619.5228509376818,613.5367390339223,62.31234394206373,5.986111903759479,-204084122.89516708,7488077320.0,82.27321695428145,87.50688304381494,14.553584634675499,634.3568953993637,586.2840530869645,11.555244853980799,272.997664683728
2023-09-21,631.1095346250536,634.2725075534388,616.7773682161838,619.7920532226562,9266854,613.1743151855469,619.5642666738316,614.0000956404953,53.91708203213787,5.564171033336379,-210157330.33169225,7478810466.0,55.7648737636955,76.72514485104567,13.685927236803986,635.2914535337221,586.6492691225279,11.979523031357525,273.09464839068346
2023-09-22,620.7310926527327,623.4986714459554,611.835264891786,613.2684936523438,6551917,613.1927185058594,618.5956862089873,613.9459029006322,49.75584112389141,4.649783308355154,-215099015.22024614,7472258549.0,35.869663895706275,57.96925153789443,12.985979440722142,635.556891072674,587.3228391519353,11.95694328298695,273.1617366185312
2023-09-25,616.6290499799218,617.963460225464,610.7479681780122,611.5386962890625,6390681,613.1922900390625,617.5099954520758,613.7675912997752,48.682918588283954,3.742404152300651,-220089018.04550144,7465867868.0,31.642485567436864,41.09234107561291,12.434549720899938,635.4404013637502,588.7835915561716,11.618268194734439,273.22661771997895
2023-09-26,611.5386719589916,618.4576482306139,610.7973530727463,612.6259155273438,6271108,613.1298510742188,616.7585985405786,613.6830227240395,49.42116224095818,3.0755758165391853,-223366217.2205267,7472138976.0,34.29936879532095,33.9371727528214,11.870060253641006,635.0090296573436,590.9348179989064,11.335555834958237,273.29036250971774
2023-09-27,612.7742877340154,614.7017291691438,609.6113146518422,612.9719848632812,5960490,613.200458984375,616.1760425902253,613.6303532528722,49.66936173133931,2.54568933735311,-221456526.46393144,7478099466.0,29.249173954547217,31.73034277243504,11.466652845845823,634.8502449911255,592.3785574991089,10.889474312268478,273.3506554571809
2023-09-28,615.6901341299322,616.5796806891766,605.163380713685,606.991943359375,6768196,613.2775915527344,614.7631042470175,613.1386191866872,45.51317602372493,1.6244850603303576,-226056582.10131356,7471331270.0,5.323668605238855,22.957403785035705,11.539167029601645,634.373524735593,593.70038273511,10.927104716784415,273.4185174873738
2023-09-29,611.5386887127786,625.673157132014,609.8583537921843,622.9055786132812,8969405,613.50548828125,616.015792611058,613.8620976627311,56.05206293197912,2.1536949483269154,-220226455.16508764,7480300675.0,51.654550730677165,28.742464430154442,10.852824147315316,633.9470368290703,597.0130705928046,11.480969649345457,273.51105546225165
2023-10-03,625.2778249324061,625.3272944606991,611.4398706376,613.2684936523438,6894577,613.5199487304687,615.5931312327942,613.8181269952951,49.773472386208,1.7750042374991608,-225305348.80441245,7473406098.0,23.597187329160814,26.858468888358974,10.215505756620866,633.6963331346742,598.1780687207945,11.652859233185001,273.5815781450515
2023-10-04,613.6144159455,613.6144159455,601.2590996598356,606.4977416992188,7612709,613.3181945800782,614.1938405353211,613.2758762326227,45.884684873404794,0.9179643026983513,-226462495.4409847,7465793389.0,13.695053766399138,29.64893060874574,10.386448468095939,633.3074058699789,599.0216712784587,11.703034736933533,273.65724514251104
2023-10-05,611.835191674631,614.1579667361055,607.5355662361786,612.42822265625,7893892,613.1660766601562,613.922207015464,613.2130870788174,49.59911450901147,0.7091199366466299,-222692308.41901186,7473687281.0,29.198738682559576,22.16365992603987,10.479751438634791,632.914514345513,600.2497739845651,11.414262615501624,273.7366702934866
2023-10-06,619.7426230516087,620.0885477527777,612.8236463987199,615.2453002929688,7922379,612.869287109375,614.1257598273878,613.3636213909767,51.30879916085057,0.7621384364110781,-225333057.5600326,7481609660.0,36.56324830336321,26.485680250774,9.870366270760778,632.3429546952224,602.0272113204027,11.146124221289199,273.8174485482906
2023-10-09,613.6143637384168,614.8004860666624,606.5965688167194,610.2042846679688,6381189,612.4391613769532,613.522455956708,613.1295964485317,48.16052210904717,0.3928595081762296,-226101923.5675553,7475228471.0,23.38483689395115,29.715607959958007,9.93338645528066,632.1980330322339,602.414289965813,10.967739025214927,273.8814360451461
2023-10-10,612.8237116287003,625.179028395408,610.4514666780143,623.2515869140625,9833429,612.2187426757813,615.0192453347624,613.8793735200526,55.731667996021244,1.1398718147098634,-218842357.0061803,7485061900.0,57.49358195104855,39.14722238278767,9.553825842954028,632.5454179436273,602.3930891364508,11.253953646802374,273.9826555543603
2023-10-11,625.673195823886,630.4176250534948,625.2778015844641,626.66162109375,7701931,612.1930444335937,616.8103800669144,614.8262066736598,57.47958645136494,1.9841733932545367,-222397031.80518714,7492763831.0,76.94607450337321,52.60816444945766,9.679331680224314,632.3956568807405,602.4588353067595,10.961959681990226,274.06368715288744
2023-10-12,629.6268628083607,632.7898355663851,627.6994215707608,629.5774536132812,5928732,612.0477453613281,618.7745452278939,615.9188916321503,58.97136250303546,2.855653595743547,-223951129.9631903,7498692563.0,89.81190301861426,74.75051982434536,10.005434146560589,633.977321665043,602.4734778955038,10.616692167036291,274.12649113989767
2023-10-13,626.6121592242399,661.2564499551042,625.6731432310628,659.37841796875,28011678,612.5113146972657,625.0212948803332,619.1381158052318,70.40105998673698,5.883179075101452,-198896278.18979347,7526704241.0,96.86980845468713,87.87592865889155,12.14263788514474,644.1407594207612,596.3823423858794,12.400021778250945,274.43853860091355
2023-10-16,660.8117279803868,669.9546620846821,653.5962352935464,658.4889526367188,20005816,613.3722338867187,630.1701653043925,622.0529926075642,69.77626326836032,8.117172696828334,-206934830.56997463,7506698425.0,83.30938849142265,89.9970333215747,14.51211013202671,651.3675108841003,593.2674500533997,12.682764993456999,274.6681645258594
2023-10-17,662.2449431903914,663.1345500813777,647.0726391457898,648.1104736328125,10263992,614.0987268066406,632.930212739534,623.9831763872122,62.77559138161502,8.947036352321788,-215872414.40909722,7496434433.0,68.20145627926502,82.79355107512497,16.01109393891911,654.494268748446,592.2608704117102,12.924132560752062,274.7834571146781
2023-10-18,650.9768942623729,664.4689240666049,646.2324647728574,660.7623291015625,14908778,615.1563427734375,637.2120767952307,626.7075580697567,67.1079830769197,10.504518725473986,-207024111.26110774,7511343211.0,86.61873830179918,79.37652769082898,17.47056743384838,659.6933738292405,589.8145363270096,13.303584470251739,274.9527381014395
2023-10-19,655.2765739356121,664.5183264893799,650.9768876228006,661.058837890625,10633043,616.3286157226562,640.8808092714453,629.252097315747,67.20431818844725,11.628711955698236,-201824005.0990618,7521976254.0,87.05036558396444,80.62352005500958,18.82844544416626,664.557078627126,587.9457595076397,13.32057406998942,275.0739145062733
2023-10-20,658.9336996939176,668.5708456276666,652.8548604350007,655.5236206054688,11759568,617.4336755371094,643.1335494766797,631.1981360779486,63.46729433611843,11.935413398731157,-209589745.62778667,7510216686.0,78.99276027472511,84.22062138682962,20.312034515569874,668.2571941016072,587.8188007714398,13.491674864466313,275.2078859541676
2023-10-23,655.9684353561745,659.526742092489,637.534280479064,639.8570556640625,8564004,617.9239343261719,642.6294735055078,631.8395375287718,54.26905433246901,10.789935976736047,-216344742.85764095,7501652682.0,56.186971387640035,74.0766990821099,20.028869866929035,669.3026811786749,589.4321698955439,14.098873917963363,275.3020026677629
2023-10-25,642.476432304799,644.3544644691665,628.6878875765193,630.467041015625,8229559,618.311396484375,640.7583300455259,631.7378711203905,49.62661168812156,9.020458925135358,-222705144.56852758,7493423123.0,37.675490166582755,57.618407276316,18.985984136258757,669.4023440792741,591.2253414676009,14.210852701869351,275.3896805897416
2023-10-26,627.6499954458645,628.2924959506299,616.9256062693269,619.2977905273438,8889373,618.6029809570313,637.4567085811901,630.8163836690537,44.725527029834176,6.640324912136407,-227884227.19262537,7484533750.0,20.046723402654557,37.96972831895914,18.134198299324385,669.2371232614943,592.0577497853807,14.163037133614266,275.4809139826246
2023-10-27,622.7079177561608,636.4964622864996,621.1758706591655,633.6300048828125,10232856,619.2691796875,636.8679849352858,631.0248000552581,51.36320900261881,5.843184880027707,-221480472.12495908,7494766606.0,42.6676919580891,33.46330184244217,16.9594057153674,669.4187954838438,593.9418795649843,14.37986817829581,275.5885847231237
2023-10-30,636.3481752920893,636.3481752920893,614.6522285999076,621.2252807617188,12786883,619.4619226074219,634.4614150624293,630.2989097372181,46.192803024108635,4.162505325211214,-226519470.21922565,7481979723.0,18.10627817560392,26.940231178782554,16.102516617130448,668.7530221376051,596.0309866514574,14.902445215001944,275.7206279060857
2023-10-31,634.5689876368498,634.5689876368498,620.0391249196143,621.37353515625,11395766,619.7564733886719,632.4478950768632,629.6377708793686,46.26242649929131,2.810124197494588,-235822081.30088404,7493375489.0,12.1537265773175,24.30923223700354,15.306833883053278,668.7623913674369,595.8684130759226,14.875832179447196,275.8386441144913
2023-11-01,622.707875168571,626.4638788578188,619.0506898677168,620.4345092773438,8785264,619.99171875,630.5996818769372,628.9560477977371,45.857680946271785,1.6436340792000692,-241327456.21182147,7484590225.0,10.45574365010187,13.571916134341123,14.645109643397152,668.500280821817,596.8471251840423,14.342786237351117,275.92870114544473
2023-11-02,624.6847475981283,630.8129961118224,622.8067155229244,629.083251953125,9934305,620.3070263671875,630.3663849655816,628.965470327766,50.18092209137412,1.4009146378156174,-235685732.73045978,7494524530.0,26.094734795333057,16.23473500758417,13.643712310653353,667.6258214356403,599.9801355956097,14.059621994288795,276.032122980266
2023-11-03,654.3374753031492,658.2911760602678,638.7203693782674,640.0053100585938,23087856,620.8467053222656,631.8492965183526,629.7832362337532,55.0610551988017,2.0660602845994163,-255741876.66279095,7517612386.0,45.84442286010102,27.464967101845343,14.47837557223354,667.6271328751131,602.7365328963713,15.141643573778369,276.284612742212
2023-11-06,645.2933617519595,645.2933617519595,635.7550948569216,638.5720825195312,10801301,621.4822607421875,632.8835712877648,630.4342618845516,54.30925032685101,2.449309403213192,-260163165.02696034,7506811085.0,44.3628847292373,38.76734746155716,14.992886622788498,667.4939870588271,605.2023569353134,14.74140238243977,276.4007653429788
2023-11-07,637.5343017578125,642.3776097321003,635.8539667262011,637.5343017578125,6588073,622.1553784179688,633.5990682831567,630.9601907640524,53.73710021477207,2.6388775191043123,-263357376.70048895,7500223012.0,42.43816777816181,44.215158455833404,15.4706468840181,666.4579035215195,608.9714421816054,14.154419569829729,276.4713239392475
2023-11-08,640.499600903877,641.537435413677,634.4702306441295,635.1126708984375,6551864,622.8957104492188,633.8319302239692,631.267781885118,52.35114444817263,2.5641483388511688,-268718053.7145144,7493671148.0,37.94689742876047,41.58264997871989,15.779507093777216,666.3128045918135,610.3026495097491,13.648189941238142,276.5411675222909
2023-11-09,636.5458722900287,646.08420025318,635.2609315079764,641.8339233398438,10155047,623.8238415527344,635.0630060879499,632.0504590299124,55.761520592027665,3.012547058037512,-266538741.741342,7503826195.0,50.4124479415749,43.59917104949909,16.364308479172177,666.5862047315305,611.5464795946413,13.456999899345599,276.650574411671
2023-11-10,641.8338862679203,645.3922532227176,636.5458355235397,643.5142211914062,6425792,624.6916772460937,636.3631930269432,632.8996265974305,56.59785837201369,3.4635664295127526,-262841250.30613804,7510251987.0,64.31711531818624,50.89215356284057,16.90733833703893,666.9909131921561,612.5354478918282,13.12767259933362,276.71991358944547
2023-11-13,645.4416754306891,646.4301006610577,641.7844900125876,645.6887817382812,3279829,625.6346350097656,637.7978989825338,633.8469714226787,57.71207045241486,3.9509275598550175,-260608172.52364343,7513531816.0,71.12122300054537,61.950262086768866,17.485350630690647,664.9542935238924,613.2031039370452,12.521811031414797,276.75556828497633
2023-11-15,652.3606777442758,665.7044188799542,648.9505984994198,663.7769775390625,11324434,627.0293029785156,641.7946802989228,636.0640089127812,65.6186413160312,5.73067138614158,-251889374.94065553,7524856250.0,96.22456680052558,77.22096837308577,19.166531643792336,666.0997099574233,612.5864899937485,13.057084325004668,276.88358684705065
2023-11-16,666.1986511266834,677.5655420583702,663.1345568330971,672.5245971679688,17501373,628.3972839355469,646.5223598172375,638.7647932279804,68.6694763337189,7.757566589257181,-246614950.47149503,7542357623.0,91.98747512522986,86.4444216421003,21.250086683064044,670.80921351374,610.3183987909475,13.155220103595267,277.08725728667105
2023-11-17,674.6002098685221,679.6906238620087,671.7337526108658,673.6611938476562,9563220,629.8314880371094,650.6975650526866,641.3497117924007,69.05371877356606,9.347853260285888,-251545056.77574402,7551920843.0,90.72942991589171,92.98049061388241,23.271056810629283,673.6218980784779,608.795600700819,12.783909471277237,277.19957528633
2023-11-20,674.1060034861457,678.8010233051475,662.9368105087844,666.4951171875,8324354,631.0798681640625,653.1279576888118,643.2123344142599,63.74552091976617,9.915623274551876,-256135143.61551237,7543596489.0,78.23957612527944,86.9854937221337,24.13982750915978,674.6376373083343,608.3234894006501,13.003931137354796,277.2959116640391
2023-11-21,669.1638985070516,675.3909655559288,667.1870479944754,673.8095092773438,7291057,632.4923278808594,656.3097348562783,645.4787918115253,66.57023697849831,10.830943044752985,-251655057.784786,7550887546.0,90.30158148717884,86.42352917611669,24.946543157795244,677.9706708278611,606.8190447483107,12.710496653860082,277.3808356469629
2023-11-22,676.0334771162575,679.3940868451658,668.2248933329073,673.3153076171875,9279642,633.8029797363281,658.9259768194951,647.540755945278,66.19496276963892,11.385220874217111,-252476215.80598083,7541607904.0,88.79240820300531,85.77785527182122,25.91439331326787,682.0726474781117,606.0628932933727,12.600403572317111,277.4892840138724
2023-11-23,675.2921550697737,677.960915358742,669.2133155409396,672.0797729492188,5885370,634.8447802734376,660.9496377625295,649.3584609085328,65.20530067580901,11.591176853996672,-254504490.65111762,7535722534.0,83.16942783730423,87.42113917582948,26.813111314778162,685.4802385932146,606.8165753716291,12.32520330413749,277.55793659452155
2023-11-24,673.5129860614658,674.0566078804675,663.4804456934339,665.902099609375,6951690,635.6127868652344,661.7115549697364,650.5839156271137,60.347124470820425,11.127639342622729,-258272684.21579486,7528770844.0,69.50817259328474,80.49000287786478,26.92519028643338,686.677102972876,610.2801419001709,12.200271795772924,277.6379166804359
2023-11-28,669.6087208593511,691.3540771121513,666.4457478841146,689.4266357421875,16015860,637.1290319824219,665.9754135501134,653.4611541541562,69.62727352117463,12.514259395957197,-244735483.5314749,7544786704.0,96.61161913330284,83.0964065212973,28.01035337500988,692.7322085757468,609.8046993832376,13.146822203416026,277.82894484630964
2023-11-29,694.615877606493,706.1310564503366,686.3130809785456,704.104736328125,16122864,638.8380187988281,671.841463208269,657.2125306114872,73.75458449180599,14.628932596781851,-231909634.7888995,7560909568.0,97.17234611879665,87.76404594846144,29.638091422745408,700.4498445207665,610.3750089948584,13.623333151157095,278.02887449026224
2023-11-30,708.008944869054,708.9479608564552,688.9323509472977,698.2235717773438,24275245,640.4550830078125,675.9002491419728,660.2503855126618,69.66947141003455,15.649863629311085,-233647803.67459336,7536634323.0,85.4460287326906,93.07666466159674,31.254536691058465,705.1258269532148,613.3840302245196,14.079924348157126,278.3294328650326
2023-12-01,699.8050792635082,702.7703550230993,694.862952997523,697.2846069335938,10565415,641.8626013183593,679.1901503406838,662.9936611734715,69.01224965402659,16.196489167212235,-237741869.7440056,7526068908.0,83.89086802461715,88.83641429203483,32.75552158306345,708.1854167660201,618.0094501773392,13.63902989654421,278.4599891351722
2023-12-04,707.712508487918,708.7009337791022,696.642133160916,697.432861328125,9348036,643.1465661621094,681.9967212618286,665.5447130367792,69.06187531774056,16.45200822504944,-245863953.7430851,7535416944.0,82.8551154613511,84.0640040728863,34.381050923199425,711.131065263411,621.8987626174484,13.526156376661493,278.57615489813253
2023-12-05,697.7293947010028,706.6252217800873,696.839787861619,700.7440795898438,9601509,644.5392565917969,684.8809302353694,668.1520735221914,70.20939595697304,16.72885671317806,-247803647.74754867,7545018453.0,86.32626344839731,84.35741564478855,35.89047102475426,714.8009884778066,624.3027163561778,13.258961915361976,278.69553890373123
2023-12-06,700.8429071888366,716.4106047817561,700.7934979923747,714.0878295898438,12148825,646.4251721191406,689.374299366827,671.5547221197952,74.33987202021635,17.819577247031816,-239268678.97603673,7557167278.0,95.65623643600995,88.27920511525282,37.65784086700901,720.1805954687608,626.474684072255,13.43093072082986,278.8497233563289
2023-12-07,716.608312904444,719.0793760523904,707.7124855718372,713.5936279296875,10451801,648.4316748046875,693.1003499149595,674.6687151427502,73.93102717416762,18.431634772209236,-238905115.8829131,7546715477.0,90.22889661420592,90.73713216620443,39.390924411058464,724.0921498990622,630.1690622591409,13.283499275095817,278.98321327940505
2023-12-08,713.6924867386282,719.1782351719744,699.3109104689282,706.279296875,8557203,650.3264868164063,695.1278802165042,677.0102397155094,67.97267490910446,18.117640500994753,-241459507.94077817,7538158274.0,77.06505769684608,87.65006358235401,39.84590790496704,725.0912748285514,636.2865999273081,13.753772519949413,279.09113569907237
2023-12-11,709.4916334253364,718.0909451786926,708.2561018610235,712.4569091796875,6403209,652.3231066894531,697.7938846723786,679.6359189350782,70.16007338797134,18.1579657373004,-242392645.6114648,7544561483.0,87.93250853361691,85.07548761488967,40.268392577882146,726.9001744520365,641.5399988878073,13.615049361645351,279.1727366890255
2023-12-12,716.4106069249144,716.4106069249144,704.7472010766212,707.1194458007812,6461539,654.2060559082031,699.2285863844405,681.671735739945,65.96790360855297,17.556850644495512,-246225732.5105808,7538099944.0,78.3496086934667,81.11572497464326,40.18059531795558,726.8289704982285,647.9717253025528,13.47564625354877,279.25438404181347
2023-12-13,707.7124909385712,713.0994207076826,705.2414277718863,711.9627075195312,5807736,656.3054711914062,701.1876819436852,683.9155114273218,67.8454022127066,17.272170516363417,-242098255.11056703,7543907680.0,87.04521719803049,84.44244480837139,40.099069290880905,726.5384060016464,654.8896823772599,13.07438530228074,279.32785875291506
2023-12-14,715.6199360536427,716.3118458476102,710.282415161544,711.4191284179688,6732352,658.0757421875,702.7617506320365,685.952816389592,67.39600068637716,16.80893424244448,-246292140.65700856,7537175328.0,86.0692734367939,83.82136644276373,40.22661044114956,727.7560153292598,658.4362881375371,12.571174258265419,279.41350753159054
2023-12-15,715.5210539338647,725.5041247063871,712.9017029216371,723.9226684570312,12082079,660.2888256835937,706.0172764512665,688.7653980242171,71.99173805431977,17.251878427049405,-237242380.312282,7549257407.0,97.32221518021909,90.14556860501453,40.86703940632177,731.4474133265255,659.8846972691777,12.679304403276342,279.5700043604257
2023-12-18,724.4169158200467,726.2454784666078,719.6724261870495,722.3411865234375,5450397,662.6056945800781,708.5286472316005,691.2524934686038,70.63553874767075,17.276153762996728,-238266887.26530805,7543807010.0,90.22274596876517,91.20474486192609,41.50093139541742,734.1843715414782,662.0157383218032,12.243143537296481,279.64088213579544
2023-12-19,724.1203504240096,724.1203504240096,717.5967675775094,720.5126342773438,4511101,664.7673828125,710.3723375463303,693.4199113062882,69.0166297775788,16.952426240042087,-238745305.76705596,7539295909.0,84.63585185589926,90.72693766829452,41.75211601835189,735.0586205549534,666.5432410173121,11.834603487953895,279.69926202688606
2023-12-20,722.4894552901044,724.5157150057604,694.9123664264855,697.0869140625,8107602,666.4042150878906,708.3284262411256,693.6915411400818,52.43605912255466,14.636885101043845,-245661801.51665094,7531188307.0,7.086622353474376,60.6484067260463,39.180669690613634,733.983894541496,669.9457075092853,13.103799565905394,279.80052297212586
2023-12-21,694.862939152205,703.659947861852,688.1910688260637,700.6452026367188,7702232,668.2130334472656,707.1463918404477,694.2066271768697,54.23458235863594,12.93976466357799,-240961760.83137342,7538890539.0,32.72717650410256,41.48321690449209,36.571925292060236,732.5535936231734,674.1089979295609,13.272733813754172,279.894868031121
2023-12-22,708.503184224147,722.5388343860291,703.7587552433005,716.311767578125,12062238,670.0742370605469,708.5564496462442,695.84404498437,61.19239003147964,12.712404661874189,-236898675.68988752,7550952777.0,73.89603207009378,37.903276975890265,35.19167377975116,731.4802236623282,679.6055673532969,13.888512237722468,280.04844013088746
2023-12-26,718.9805488989581,719.079367292196,708.3055079669266,711.2213745117188,7229143,671.7654321289062,708.9664380870864,696.9831064308404,58.10149324632615,11.983331656246037,-240214788.90458518,7543723634.0,60.519413921266114,55.714207498487504,33.91001166117845,726.3662596604632,689.2514588453961,13.666037029690107,280.14014423444456
2023-12-27,719.5735701388576,733.2632354942273,716.7565823542675,732.3242797851562,15052800,673.8203686523437,712.5599521944818,699.6009711237526,65.81132601294688,12.958981070729124,-226874499.89971703,7558776434.0,97.91677263712674,77.44407287616224,33.574254208822396,729.4112585571073,690.4962243530489,14.264310169177136,280.3373985952516
2023-12-28,734.0540439428444,749.176938364838,730.4956768073404,745.173828125,14906199,675.5362768554687,717.5774715684076,702.9767383090302,69.49247719350247,14.60073325937742,-218356644.3925058,7573682633.0,93.4360036675499,83.95739674198094,34.01426484755257,736.5627859905511,687.4516060992927,14.579806696914309,280.5387445414552
2023-12-29,746.2610796668613,793.6066742831623,745.2726543957793,770.9223022460938,41170191,677.7849438476562,725.784368595744,708.009743045109,75.24450879353334,17.77462555063505,-215830867.06458113,7614852824.0,78.48101147955698,89.9445959280779,35.75268314165071,750.3743399789073,680.9099251578114,16.99788094414631,281.12803908730405
2024-01-01,775.9138173685401,789.4552552915378,772.0095255848332,781.448974609375,12570717,680.4517138671876,734.3481541363026,713.4496861239435,77.14198816770698,20.898468012359103,-214798181.47628605,7627423541.0,88.46688816037283,86.7946344358266,37.36692870045612,763.8298708010815,675.8708311032154,17.107528951381862,281.3117454076237
2024-01-02,791.2344233913105,794.6939118133837,769.9832802271467,775.32080078125,13791090,682.7428833007813,740.6516382355252,718.0327316541144,73.6049698585343,22.618906581410783,-222631493.66056344,7613632451.0,81.80977099884535,82.91922354625842,38.986448896904186,772.6161940632205,674.8733017863888,17.650607711014374,281.51273905140977
2024-01-03,776.9517005426818,780.8559925712768,767.2651445993084,772.4049682617188,8559060,684.9698059082032,745.5367659318626,722.0603047361592,71.91536803166785,23.47646119570345,-224716776.71791425,7605073391.0,79.07197317322448,83.11621077748093,40.237118388780644,779.3357021210883,675.3198825957087,17.36062487251109,281.6357756066942
2024-01-04,788.7633856252945,792.5193896815813,782.1409240812484,786.5394287109375,14298444,687.5901220703125,751.8448678978741,726.8365361416984,74.92070947812925,25.00833175617572,-226895553.9861898,7619371835.0,92.34341274493767,84.40838563900253,41.68694903245125,788.5565750084214,673.3441696204849,17.557324625893337,281.84684032566366
2024-01-05,789.7517943039256,796.5719528292658,777.9895094062206,781.7949829101562,11091198,690.4288806152343,756.4525778997637,730.9075321986212,72.13051141306777,25.5450457011425,-233444049.05363998,7608280637.0,86.36570456587809,85.92703016134676,42.639176024121305,795.4238817516499,673.2969983753031,17.63054739711847,282.0099175303763
2024-01-08,789.1587730584691,791.0861541046436,778.3849133016114,779.9663696289062,7668471,693.4188671875,760.0700843196319,734.5415201564201,71.03248889336004,25.52856416321174,-239202887.41668817,7600612166.0,84.67849441062971,87.7958705738152,43.52338680210065,800.7561651233118,675.333422279032,17.27845406896945,282.1220913656541
2024-01-09,790.6908294301263,799.8337634392776,783.9695494675157,790.5425415039062,12872757,696.8437622070312,764.758154655674,738.6897439599377,73.54121604245444,26.06841069573636,-241408550.61702055,7613484923.0,91.67771615728122,87.57397171126304,44.59335728217174,807.4624112414967,676.4357393932689,17.463378336212443,282.3133988626992
2024-01-10,790.7402017795283,801.6128795539968,783.4753003071547,799.0924072265625,9980044,700.1530102539062,770.0403473588876,743.164015313021,75.39627846478412,26.87633204586666,-234202242.22817782,7623464967.0,97.77778867110473,91.37799974633857,45.63635822673921,814.5025494531633,678.5928973241805,17.511535544114558,282.4625720129792
2024-01-11,804.0839679547668,808.0376690879186,799.0924323399008,806.2091064453125,11075167,703.8526867675781,775.6047718337222,747.8340220635611,76.85114187500568,27.77074977016116,-227654990.40969872,7634540134.0,98.2464694201449,95.90065808284366,46.78246368195099,821.9827837333858,680.5373029365362,16.899658852488958,282.6311514987994
2024-01-12,808.6800907427363,809.0754246202599,799.784264061197,806.999755859375,7664094,707.5652111816406,780.4347693761304,752.2166690113992,77.01376387868441,28.218100364731185,-223415252.36505204,7642204228.0,97.94019005887878,97.98814938337618,47.87541167900492,828.2489968522483,683.8291525618141,16.35619468867282,282.74793367068014
2024-01-15,810.5086798834755,810.9040741026986,800.920943189848,803.0460815429688,4835856,711.2174426269531,783.9134327864132,755.9818106804044,74.20643730095932,27.93162210600883,-226192262.6691511,7637368372.0,91.65352956961726,95.94672968288035,48.94314535134255,833.3935201331944,686.5969705894618,15.900975847542659,282.8215470765659
2024-01-16,803.0460631800826,817.427637727323,803.0460631800826,809.3719482421875,10159066,714.8232165527344,787.8301274719169,759.9366356849808,75.73078534901558,27.89349178693601,-227414187.10050842,7647527438.0,90.7333397292735,93.44235311925655,50.1198181215825,838.6139318556727,690.0796350388584,15.792447183235359,282.9776027530966
2024-01-17,801.6128818542566,804.2816421086585,794.6939050688313,796.2259521484375,7895439,717.9476293945313,789.1217928067662,762.6247332007924,66.88458107348788,26.497059605973732,-232786364.51919648,7639631999.0,70.61646389485496,84.33444439791528,50.17589356394088,840.7771602316432,695.4877384499976,15.712846896815417,283.09616614147586
2024-01-18,797.6591296202527,813.4245234919911,787.7748777042643,809.5696411132812,11500495,721.3675805664062,792.2676156231531,766.1021337869028,70.63424824897719,26.165481836250365,-224742685.7176606,7651132494.0,84.33491614145218,81.89490658852691,50.55664659457204,840.7240773394136,706.7890940473052,16.422618246166227,283.27050611526874
2024-01-19,814.314154682746,816.4392931972424,810.0145287834627,814.0176391601562,5706888,724.8972473144531,795.6137730903844,769.6514304812177,71.78127416030051,25.962342609166626,-223337934.72201744,7656839382.0,93.20209512221719,82.71782505284146,51.012572928003614,839.5188632786211,719.3315517604414,15.740263520294434,283.3586208179586
2024-01-23,815.3520068075414,818.0207066997912,787.0830086700497,791.1849975585938,9436209,728.0186938476562,794.9324230085704,771.2465095239863,59.034163051275996,23.685913484584034,-230271874.52081385,7647403173.0,47.12755010363252,74.88818712243399,49.09562132168319,835.9531917756003,730.3845462615091,16.82579455668351,283.50020645379925
2024-01-24,793.1124236838991,802.6012817006085,779.3732889420318,801.5140380859375,7217542,731.2122961425781,795.9449791743192,773.4885486767234,62.29609879811201,22.45643049759576,-223730002.3072376,7654620715.0,58.76548859430492,66.36504460671823,46.69226173602112,829.3569677410217,746.0100366535096,17.283094428247313,283.60755327646706
2024-01-25,804.578141316483,804.7264292332133,791.0367035307995,802.4530029296875,10109720,734.3910717773438,796.946213598222,775.6340638065726,62.587735114737555,21.312149791649404,-216978085.6509858,7664730435.0,61.11107130786719,55.668036668601566,44.5839874987421,824.6293803577629,757.7504963512214,17.026425233544916,283.75928389821433
2024-01-29,802.453005186301,834.0332036001362,801.662277061789,831.265625,12823686,738.1026086425782,802.2261230446494,779.754920191271,70.20385160966778,22.471202853378372,-206347142.5066111,7677554121.0,95.0266601448319,71.6344066823347,44.00371409157216,826.1831899235383,764.805866472946,18.12246104103079,283.9601656221407
2024-01-30,833.2424805978767,875.695356888619,833.0941926798178,848.9089965820312,19734613,741.8052490234375,809.4081035888619,784.8774443683644,73.73044776338554,24.530659220497455,-211429619.09309053,7697288734.0,72.19083759555349,76.10952301608422,44.65753239105458,835.874500826828,762.9132250032502,20.001551815858516,284.28636522535135
2024-01-31,855.1855570467909,886.1232559818698,855.1855570467909,873.9656372070312,24562392,745.8340698242188,819.340031837811,791.4765697638213,77.75685533614127,27.863462073989695,-206171843.04147002,7721851126.0,88.61112643688085,85.27620805908877,45.48597207712992,851.9052858900887,756.1341061997549,21.231030928999946,284.70553605086843
2024-02-01,889.5827474143604,889.7310353370725,866.1570563333773,868.3316040039062,14505885,749.7274780273438,826.877196786441,797.1695352630868,74.97420785673609,29.707661523354204,-218001579.18846852,7707345241.0,80.60903558453971,80.47033320565805,46.33039262211775,862.2332701273351,755.1072022847743,21.398384362906747,284.9540621170899
2024-02-02,875.7447572624022,885.3819032932244,866.7006422404629,868.5786743164062,13003437,753.7691491699219,833.292808714128,802.4591011188883,75.01643189942688,30.83370759523973,-228390538.32056263,7720348678.0,80.83291684396266,83.35102628846111,47.11449741389215,870.3232268087816,756.6346162087966,21.204304126467797,285.1762214889565
2024-02-05,923.1891836323833,939.0039876346511,904.7550285857641,916.072509765625,38686871,758.6144091796875,846.0281473374353,810.8749091667947,81.48377377447933,35.15323817064052,-241509453.5864782,7759035549.0,85.63466923540668,82.35887388796971,48.736356487265034,890.8317243705908,749.0794267524561,24.72009049730902,285.8882172790325
2024-02-06,925.5614234336656,930.4046709363461,917.654021474655,928.6749267578125,12714803,763.7216015625,858.7430364790317,819.600836395759,82.75913085330441,39.14220008327277,-232244413.13175553,7771750352.0,93.52940194997956,86.66566267644966,50.242368483968434,910.2478975686113,744.3512479392011,23.97809554540988,286.12394895703284
2024-02-07,933.0734043519021,933.0734043519021,917.3080100833968,922.991455078125,7913010,768.7398352050782,868.6274085711999,827.2594007426009,80.080274597059,41.36800782859905,-234452122.48252565,7763837342.0,89.96901430134098,89.71102849557576,51.67666988403882,924.223671939649,744.6779821130854,23.391474025630988,286.2703111352428
2024-02-08,926.1544530868912,928.8232133098697,908.1651015908636,913.6014404296875,11576253,773.6938220214844,875.5464903955826,833.6551073860887,75.71935909493723,41.89138300949389,-239935617.86285883,7752261089.0,84.08667793036595,89.19503139389552,52.304987036229974,934.2793033065956,746.9282406387168,23.19623386087207,286.4817626767967
2024-02-09,915.2817965814976,916.6656160857752,895.5627004533395,904.4091186523438,7904881,777.9934716796874,879.9868947427766,838.8961452576632,71.60825171128764,41.090749485113406,-241212989.72076866,7744356208.0,78.32818545202115,84.12795922790939,51.98226918137532,941.4403920233394,750.2988230645512,23.046711130269475,286.62348074713134
2024-02-12,905.4963143415507,914.2933228769225,897.4900942402656,901.0484008789062,7286778,781.9323449707031,883.2271264560273,843.500016044422,70.10953183743281,39.727110411605395,-245413623.85016322,7737069430.0,76.22287751253212,79.54591363163978,51.68260260186743,947.2458245037508,753.9773200274992,22.60074809501143,286.7537924211374
2024-02-13,901.0484435287757,908.4616329840761,883.6521830718134,896.4028930664062,8574218,785.8959313964843,885.2541674730087,847.4187476756802,67.99119080557017,37.83541979732854,-245174476.98032144,7728495212.0,73.31271809423298,75.9545936862621,50.4388136400902,951.5038241160909,758.6596341358623,22.75851251052938,286.9050457656051
2024-02-14,889.5827283599195,909.3018242376357,883.9981015448508,907.6708984375,6570939,790.1036572265625,888.7028953136996,851.8818699543335,70.33269750716538,36.821025359366104,-239450584.40715206,7735066151.0,78.82431282907116,76.11996947861212,49.31177917828426,956.226156243911,764.3997836974952,22.940313237833347,287.02169895662325
2024-02-15,913.0084000420736,916.2701912461442,905.7434383802876,909.8948364257812,6430799,794.3528967285156,891.9631939463275,856.1791267299964,70.78691475842416,35.784067216331096,-240809200.79970178,7741496950.0,78.80530897172203,76.98077996500875,48.50057639969932,960.5807310601774,770.0974976995883,22.05363035412073,287.13774025071893
2024-02-16,914.2934019732837,937.8179120339929,913.4037950723192,927.7359619140625,12826164,798.892734375,897.4666967105943,861.4796330399272,74.19960019294946,35.98706367066711,-238576313.29469422,7754323114.0,89.36073313578406,82.33011831219244,48.38448032220757,965.3028593045241,778.5263704318041,22.472876443698656,287.3748728580474
2024-02-19,932.0355963644795,932.0355963644795,920.2733118234858,921.8053588867188,4632214,803.0470849609375,901.2111062761519,865.9482053248747,71.22115814153045,35.262900951277174,-242001828.0637356,7749690900.0,79.48108950822643,82.54904387191085,48.27667682167952,968.7175941513174,786.3352073623546,21.707834164934017,287.4602546006512
2024-02-20,923.6339660884445,923.8316631997218,909.7466037050206,915.627685546875,4733639,807.0877661132813,903.4290415485709,869.6281668228006,68.1522860592867,33.80087472577031,-242782495.70720467,7744957261.0,67.91038185109194,78.91740149836751,47.38636198135246,970.3352152568136,794.8785908955301,21.16335025991739,287.5463456915895
2024-02-21,915.6276796935117,926.3521295426931,905.8917153943979,910.3890380859375,6011018,811.1699609375,904.4998102466274,872.6474906200699,65.57200431290181,31.85231962655746,-246150997.53380597,7738946243.0,60.423754402083695,69.27174192046739,46.27979126047211,966.2648345978778,810.8693756072003,21.113140537658662,287.6552538426046
2024-02-22,913.9474331193364,923.0408971720591,904.0137110767622,921.5088500976562,6437014,815.3509997558593,907.1165856083242,876.2668505813725,68.31429234468611,30.849735026951635,-240750585.4167326,7745383257.0,68.39283258211815,65.57565627843128,45.11179960914819,962.3483626299305,826.7853287763194,20.96414379177568,287.7722060986754
2024-02-23,922.2995888285518,928.9220501567828,918.6424636181871,926.5498657226562,7047473,819.7396081542969,910.1063210105291,879.9915183696157,69.50033860352477,30.114802640913354,-236955754.08432463,7752430730.0,79.1970928348358,69.33789327301258,44.26685506353487,955.0664807768464,846.4768969087004,20.200961130834255,287.9019344178116
2024-02-26,926.2533301377493,934.0619141867668,919.9274443764516,926.1051025390625,5600234,824.0224560546875,912.5676720149189,883.4073394192044,69.25403047705255,29.16033259571452,-237660674.4649368,7746830496.0,78.37597735810272,75.32196759168558,43.687733899681184,950.4593739042631,860.56795153519,19.767640322225752,288.00530718147303
2024-02-27,925.907359354923,953.8303728609562,924.6718277838596,951.5570068359375,12810206,828.8252136230469,918.5660312181526,888.455462931555,74.76545051295665,30.11056828659764,-226847981.51072767,7759640702.0,96.76058041415818,84.77788353569893,43.84093924797249,951.8520224563214,869.4401040085223,20.438419233287956,288.24780331603733
2024-02-28,954.9670962933733,964.7030610464333,939.3005196068291,946.9608154296875,15219187,833.2859765625,922.9344595583888,892.7891927462314,72.24686425939994,30.145266812157388,-232888285.76936227,7744421515.0,78.10974284288253,84.41543353838117,44.30185202994909,954.7842109713781,873.8074333157313,20.79299939088197,288.5387301442953
2024-02-29,947.8998516644028,948.146957986526,931.9862286511487,939.2017211914062,10346657,837.6231872558594,925.4371151942377,896.2271578162444,68.07761545338391,29.209957377993305,-233995727.77469316,7734074858.0,68.53662724910585,81.13565016871554,44.12538069414864,953.7642884957379,881.9143675101216,20.46212295834592,288.73322007537365
2024-03-01,947.8503952964446,969.0521287452563,945.6264385080103,966.0868530273438,10645369,842.5346716308594,931.6909210147155,901.4019500541035,73.7337819329747,30.288970960612005,-226045387.5131616,7744720227.0,96.52777798097051,81.05804935765299,44.575235937084116,957.0041911646107,888.4252827123424,21.13271471516764,288.939493736629
2024-03-04,981.7533983109608,983.4831425314936,968.7555818937668,975.7734375,6084495,848.1084020996094,938.4728466278361,906.91094912417,75.42341200599708,31.56189750366616,-226331215.86398616,7750804722.0,92.25038764116431,85.77159762374691,45.343337906680325,966.862217267991,884.5373493823996,20.865827200094945,289.060099679395
2024-03-05,1015.1127219385515,1053.2659120883106,993.7132913514093,1010.07177734375,59811033,854.29693359375,949.4880667379767,914.55249195525,80.2643778588696,34.93557478272669,-253283310.55326104,7810615755.0,71.05963298911854,86.61259953708448,47.141599692118625,984.9968643739619,874.5423873350226,24.910587727824637,290.3175081676284
2024-03-06,1013.1358730771062,1018.7204998260313,997.3210692046831,1005.8709716796875,14214823,860.0881176757813,958.1623598059322,921.3168237866898,78.23184225117566,36.84553601924233,-256139387.3791264,7796400932.0,68.24506433579766,77.18502832202687,48.811414207168475,998.1821941635703,869.6450092055702,24.659790791647747,290.61091663901783
2024-03-07,1013.1358567460964,1034.881211720159,1002.3125884546321,1027.2703857421875,16877082,866.4090979003906,968.7943637961253,929.1652357833934,80.88704200356858,39.629128012731826,-247150175.43557513,7813278014.0,82.5828187658608,73.96250536359236,50.53818537159485,1014.8421599866903,864.3519379137005,25.224707396924828,290.96585332802596
2024-03-11,1022.7730055486182,1023.959067560283,1009.1821586519827,1016.1011352539062,7502450,872.0846350097656,976.0723286357838,935.6049320404684,75.6971101549446,40.46739659531545,-247626896.80325696,7805775564.0,75.0993442089817,75.30907577021341,52.14161573856219,1025.5558535130199,864.8074460475269,24.71495880358768,291.12242924496013
2024-03-12,1015.9035063653935,1024.9969702784908,999.5944296340093,1004.7342529296875,8763820,877.2758435058594,980.4818554502306,940.7256224767068,70.72374906447453,39.756232973523765,-252844261.60213786,7797011744.0,67.48345496434723,75.05520597972993,52.957759521231935,1032.0498382446922,868.6820465209329,24.764071792222953,291.303570965851
2024-03-13,1007.2053511876423,1009.1822017297183,952.3971578428515,961.9354858398438,16564155,881.0961071777343,977.6285678178633,942.2967234665688,55.84599695219479,35.331844351294535,-263843770.25977373,7780447589.0,38.80798699819497,60.463595390508,51.098648896350305,1031.576405270428,875.7087387725408,27.05128408469751,291.6288957079593
2024-03-14,953.7809443518123,970.6335825741492,944.3414954057546,956.5485229492188,22931801,884.5980981445313,974.3854839919179,943.3524123171355,54.29771169029764,31.033071674782377,-265481778.59619707,7757515788.0,28.15710023907462,44.8161807338723,49.01381365403778,1031.1117962908143,881.0611102033263,26.997055733533013,292.0673545928261
2024-03-15,957.1910146878519,968.4096168913775,929.1197140881804,934.9019775390625,23390913,887.7897216796875,968.3110983837863,942.7264541854264,48.48121215635784,25.58464419835991,-281987847.8234781,7734124875.0,11.23046741092786,26.06518488273251,46.429371327892724,1030.038748633542,884.6348719719269,27.875116238509015,292.50524637366135
2024-03-18,934.9020048096505,963.5169280535305,925.8085407120185,961.1941528320312,12121719,891.5655053710938,967.2161836835163,944.0944318629527,54.81287123671717,23.121751820563645,-271359485.10414726,7746246594.0,28.401248195604197,22.596271948535588,43.89133345679536,1030.4387832953373,887.5806564019283,28.577492745866373,292.7340384157345
2024-03-19,957.3392258159403,959.365485432261,940.5854064278194,946.6642456054688,9483750,894.7680017089843,964.0543470561244,944.2847884364724,51.076948904701304,19.769558619652003,-274703730.46868783,7736762844.0,16.36288640527349,18.664867337268543,41.53458400506208,1029.8915952097177,890.613733159423,28.008296578605332,292.91257486800833
2024-03-20,949.7778220606866,953.9786292635164,910.5373285943978,929.5645141601562,13900321,897.7233923339844,958.7482189182831,943.1943977493379,47.01561634931428,15.553821168945205,-276427436.90987813,7722862523.0,13.331026694151955,19.365053765009907,39.000473715586665,1029.0502627997805,892.8487484306883,29.110654013641998,293.16709886483676
2024-03-21,939.9924319950468,958.0311931768655,935.0503056438636,953.7315673828125,11074207,901.1986962890625,957.9764263743646,943.9749288332989,52.7356241970114,14.001497541065646,-269497103.4654581,7733936730.0,30.26320147726884,19.98570485889812,36.48281241466204,1027.2888607445027,898.9444034156536,29.064655799575373,293.3753106545289
2024-03-22,953.7315454199941,974.7849911254713,939.3499098062829,968.4590454101562,13638296,904.7570263671874,959.5891369952557,945.7885670982514,55.86273671214693,13.800569897004266,-260728282.4001003,7747575026.0,40.5817218933086,28.058650021576494,34.26233076334123,1026.746263994817,904.1820196965892,29.519686193833447,293.6362114506095
2024-03-26,965.6914489697641,983.4831030961262,964.7030237405218,974.7849731445312,9461531,908.2708776855469,961.926957941298,947.9364490276055,57.17343680764771,13.990508913692565,-260031104.8003946,7757036557.0,45.013859857211806,38.61959440926311,32.51796816284428,1026.5848713281116,909.1669231054822,28.752571419674236,293.8207395016415
2024-03-27,980.1224463226199,983.483116278565,965.3949464067172,967.3223876953125,6640537,911.4931433105469,962.7570240573002,949.3724444844727,55.0948936205869,13.384579572827533,-265256435.58739176,7750396020.0,45.667754354657255,43.75444536839259,30.89820338482796,1025.4422243787478,914.431298570471,27.990828451972355,293.9497607022414
2024-03-28,971.1278255579801,988.3264493481931,967.6683371208779,981.30859375,9862996,914.9793200683594,965.611111702331,951.7380851708081,58.1646469578083,13.873026531522896,-262094640.6392511,7760259016.0,56.91575924488726,49.199124485585465,29.58379226634443,1026.4725513335345,916.3761303070905,27.491773680608663,294.14328846863424
2024-04-01,988.42524929532,998.161213869403,976.0205244824016,980.7649536132812,8629407,918.5336975097656,967.9424719963233,953.8882235739542,57.99867980915587,14.054248422369142,-267025733.7125806,7751629609.0,61.35579666823586,54.64643675592682,28.741434937044566,1027.1204259066567,919.1086695523276,27.109553373922434,294.3139746442333
2024-04-02,987.4367967044844,996.3326237018221,981.9016395931716,993.0214233398438,7995931,922.2066870117187,971.8007722030188,956.7869791121682,60.71996155099242,15.01379309085064,-262699147.70280656,7759625540.0,72.06391137681601,63.445155763313075,27.959245988408977,1028.121018621202,923.4900470526262,26.285133139252316,294.47329992957657
2024-04-03,992.3790069308453,1002.7080634412326,981.06152511475,997.4694213867188,8040366,926.2315563964844,975.7497951543573,959.8004933547275,61.69003843757394,15.949301799629893,-258550452.4010034,7767665906.0,88.12631617769736,73.84867474091645,27.488418333701926,1030.3089191872389,924.4404033225267,25.9538049383402,294.6342028139924
2024-04-04,1004.2400865835239,1005.2285118655942,986.5967194300439,999.8909912109375,9138276,930.0379833984375,979.4638253169081,962.7701598625949,62.236827497769326,16.69366545431319,-254647929.97293428,7776804182.0,94.36323375601928,84.85115377017758,27.153370863867913,1032.405285463888,924.7557924169713,25.430804045283782,294.81790016251756
2024-04-05,999.8909678646821,1000.7805747292508,992.7743542628929,995.4430541992188,4519120,933.6664916992188,981.922168221879,965.1903742579004,60.52795210295205,16.73179396397859,-256154348.7097288,7772285062.0,89.66592524422276,90.71849172597983,26.842255356164905,1030.3228353342784,925.3753702321278,24.186190932503365,294.90859074794764
2024-04-08,998.3589094824612,1004.635446003254,992.3789487989623,1001.4724731445312,5188052,937.8722412109375,984.9299074407486,967.8779371383915,62.04915086650288,17.051970302357063,-253644005.91034707,7777473114.0,96.03338073165098,93.35417991063105,26.725699124535144,1029.6663457088898,925.5920100040007,23.334069951916813,295.01314604333425
2024-04-09,1009.1821586219285,1017.5837730668711,993.3673549608601,996.8268432617188,8539041,941.7784973144531,986.7602052593593,970.0223005549343,60.12643295053135,16.737904704424977,-259743320.91034713,7768934073.0,80.60941686812406,88.76957428133262,27.16004756679971,1023.8506800276684,928.3633214371753,23.3970948200664,295.1859228154061
2024-04-10,1000.5334503821217,1009.1821712424265,998.3094935894719,1001.7689819335938,4554077,945.7648168945312,989.0692478246261,972.3739065829832,61.49343605648861,16.69534124164295,-261399348.9103472,7773488150.0,85.22623407884967,87.28967722620825,27.563371120331094,1021.0982272206157,929.6825589121967,22.608397188683643,295.27809870239224
2024-04-12,1002.2632069650912,1017.0895857663498,1001.7689943383825,1006.7111206054688,11575194,949.2737268066406,991.7833820986019,974.9174039179821,62.86450201439978,16.865978180619777,-265506675.813573,7785063344.0,86.82637140921643,84.22067411873007,28.25997110841658,1021.4582716303111,929.5202012700796,22.087840520403102,295.51407470619523
2024-04-15,986.5472259957671,995.2948257273225,967.1741150681369,987.2391357421875,12632409,952.0403295898437,991.0842672745382,975.8301247938492,54.613551540756994,15.254142480688984,-260111834.3062842,7772430935.0,61.21291208180653,77.75517252329091,26.55061867451159,1022.5542076343423,930.9546302562827,23.334209450183728,295.762298283234
2024-04-16,978.5410150660564,993.2685756869106,970.7324313194065,981.30859375,9574762,954.1871887207031,989.5803175015322,976.2359373091197,52.35950500364251,13.344380192412586,-260699767.2822128,7762856173.0,31.401918885449753,59.81373412549093,24.963362843028385,1022.8698387203412,933.1150062503618,23.2772048014209,295.9499195505006
2024-04-18,984.817504583355,991.4893752300405,955.0659277570192,960.1068725585938,13540490,956.0226940917969,985.0459413564648,975.0411917720436,45.18034805481986,10.004749584421234,-270492294.5048381,7749315683.0,8.063209434987057,33.55934680074781,23.705925735344113,1020.4867661194338,938.0185683532223,24.216222135106648,296.2100950046674
2024-04-19,952.8419977125757,956.7462897481947,933.0734915359662,952.05126953125,15381310,957.6921459960937,979.9698379987394,973.3382345690218,42.78022975076613,6.631603429717643,-261212127.32417667,7733934373.0,22.45617651663331,20.640434945690068,23.49672191971404,1021.0113519329276,936.5796942096505,24.417447769929566,296.49591616844293
2024-04-22,967.4211953398994,967.4211953398994,954.8187736381536,962.2813720703125,7187959,958.6163232421875,977.2485355482122,972.5192077172655,46.65581067797276,4.729327830946659,-259887301.58592412,7741122332.0,34.56133384630262,21.693573265974354,22.695282379570887,1019.9223444768597,939.2304143122028,23.7711962012667,296.63231542265635
2024-04-23,964.7031022374588,982.9889704663451,962.7756608178646,975.3286743164062,7994116,959.5493981933594,976.9531722817806,972.727316354239,51.19597681100385,4.225855927541602,-257952291.89576766,7749116448.0,50.00004971582961,35.67252002625521,21.15284489584978,1015.1846201411976,948.54455466349,23.552367786607125,296.78672686888837
2024-04-24,980.9132549822925,984.3727434022622,976.5641596942831,980.1719360351562,4671450,960.6930078125,977.4483667053769,973.2787696639365,52.801850902276605,4.169597041440397,-258307070.0336603,7753787898.0,55.731023073170576,46.76413554510096,19.652425047083835,1013.9358058476421,952.4374058222797,22.516060736553474,296.8778153377652
2024-04-25,981.0121062965727,991.6870874278145,978.0468304085226,989.6608276367188,8366455,962.2141955566407,979.3272068486602,974.4922554396982,55.865877912788065,4.83495140896207,-252426288.33681512,7762154353.0,66.95911441267519,57.56339573389183,18.602900448497422,1014.3468784689599,954.1465114236182,21.882074756749073,297.04234624468523
2024-04-26,996.1349477237272,997.271660884532,985.0645729375667,987.9310302734375,7937500,963.8846337890625,980.6508719909336,975.4877202421974,55.162840125151206,5.163151748736254,-256636035.21464142,7754216853.0,64.91226599145833,62.534134492434724,17.90148709787819,1014.7218261842229,955.0861694212458,21.19100427033595,297.19918914046633
2024-04-29,991.4399033628109,994.108663518531,987.4367932935744,989.0182495117188,4764750,965.6440307617188,981.9381608402853,976.4899816695693,55.54153816293976,5.448179170716003,-259141975.23742777,7758981603.0,66.19875944359961,66.02337994924441,17.250174700874616,1014.7282862930817,957.2492954940276,20.153923267094566,297.29331866667184
2024-04-30,993.3674292094546,1007.65018689915,985.9542394392348,996.23388671875,9047011,967.6406506347656,984.137503283126,977.9524931546938,58.07255811837739,6.185010128432168,-259615949.0667102,7768028614.0,74.73693619123301,68.61598720876368,17.30767897141119,1015.7237171314894,957.746393952495,20.264067852296034,297.473632201163
2024-05-02,1008.1937383324754,1018.0779906690683,999.8415330423167,1015.9035034179688,12695047,969.805302734375,989.0245802269479,980.7636791001216,64.07637196595675,8.260901126826298,-249948377.95250008,7780723661.0,97.44191510652314,79.45920358045196,17.816125296098278,1019.9725575317095,957.0114085327436,20.376927573583338,297.731799828797
2024-05-03,1025.9854028771927,1028.1598901502045,984.4715426451676,1001.670166015625,11871773,971.6408093261718,990.9700549636675,982.3123077605294,57.64390216617236,8.657747203138115,-252473120.71552327,7768851888.0,72.14141610090073,81.44008913288566,17.311966826303756,1020.87607581588,956.9727645161512,22.042028997258598,297.9708562276715
2024-05-06,1003.2516217831238,1007.9960508844392,993.367369351763,1004.437744140625,5724760,973.1748449707031,993.0420071447379,983.9512289738698,58.51594707299549,9.090778170868134,-249533362.5038548,7774576648.0,75.0520091671372,81.54511345818706,16.84381967578027,1021.7374625686683,956.8082100387536,21.512504178359855,298.0856134063663
2024-05-07,1004.4377709187378,1006.1675151403406,970.68302383427,977.1077880859375,8877426,974.2808935546875,990.5905888279995,983.4443074266155,48.00517354288515,7.146281401383931,-255196123.89335403,7765699222.0,46.309774259741005,64.50106650925967,16.12436401716602,1020.6269039338534,955.6404483610685,22.510503258910624,298.25912685638735
2024-05-08,975.5263334971053,1003.2516502891104,965.6914899827201,1000.3851928710938,7519352,975.9760437011719,992.0974509884755,984.6991878299102,55.3598910321664,7.398263158565328,-248824472.1237714,7773218574.0,70.79004181051002,64.05060841246278,15.697019282122207,1021.1664527484116,955.5951134136977,23.585478762302035,298.4071240112808
2024-05-09,999.2979173642198,1031.1251618204851,995.6407319114912,1018.3745727539062,19189798,978.1357543945312,996.1400851062341,987.1936607872433,60.061668758046935,8.946424318990807,-243425580.68172854,7792408372.0,86.99605113346853,68.03195573457322,15.256257723833937,1024.1213081029732,954.3304680200735,24.435403844208597,298.79832885577497
2024-05-10,1024.996950837266,1038.1924033631462,1018.4733685313968,1034.5352783203125,13383183,980.3962829589843,1002.0470379084,990.7004472711743,63.75496527671145,11.346590637225631,-235006532.50067237,7805791555.0,95.61357103571387,84.46655465989751,15.147426402235661,1031.1426018777518,951.0800177511545,24.10557718456798,299.07674983972663
2024-05-13,993.3673548816423,997.0245402937104,936.2363887263264,948.64111328125,58974762,980.8381079101563,993.8307418119155,987.5849410496984,41.68863994808252,6.245800762217073,-269911943.5025183,7746816793.0,12.166741313997825,64.92545449439343,16.075176736090903,1032.1848256396388,944.7250071240331,29.40509949952642,300.18432596901334
2024-05-14,953.929179132135,956.7956364720498,942.2163641187824,953.4844360351562,16325689,981.3856945800782,987.6236178462601,985.0589777152878,42.88896931935235,2.5646401309722933,-261001937.1565669,7763142482.0,16.917145467356285,41.56581927235603,16.936659188956487,1031.2017671511453,940.3853971554953,28.346111846222197,300.4857349677778
2024-05-15,959.7114858183328,961.6883362715025,934.1606575139006,936.335205078125,19668239,981.0812585449219,979.7330928050085,981.4498093717942,39.76748398621935,-1.716716566785749,-277562793.1050102,7743474243.0,2.0902730666229683,10.391386615992394,17.942669613752454,1033.4957681467024,933.0010030935321,28.28765233989218,300.84470773230936
2024-05-16,942.1669330194763,943.3530553507873,908.3627783848992,925.5614013671875,31240770,980.6532702636719,971.3989864299591,977.3099272973789,37.90119994734196,-5.910940867419754,-278092275.7705205,7712233473.0,13.2470712945292,10.751496609502851,19.476002814396107,1036.6618002672353,924.2602517347176,28.76641124174903,301.39787191191544
2024-05-17,933.0734491652408,942.3646707778115,930.1081733734021,934.7537841796875,13205512,980.5643115234375,965.7612630068404,974.1576203997721,40.468293440837996,-8.39635739293169,-281287151.4156903,7725438985.0,20.32741433182919,11.888252897660486,20.899812214993783,1038.2448009951643,920.141942168898,27.911901110954386,301.6351347116574
2024-05-21,942.9576394965796,945.5769904044336,937.7189980095582,940.2888793945312,10055258,980.0483520507812,961.8424347587928,971.6488247697542,42.022468291758884,-9.806390010961422,-284765457.1722257,7735494243.0,24.590767334482592,19.388417653613693,22.050060949635483,1038.946456398969,918.2640477514216,26.691280047653787,301.8172305664596
2024-05-22,940.9808727737467,943.8473302361518,931.6402417503277,936.532958984375,9495279,979.2635424804688,957.9486692550363,969.0476495263928,41.23578170620387,-11.098980271356481,-286649139.80191386,7725998964.0,21.69780633980549,22.205329335372454,23.27103554952087,1040.0486283947946,914.5870344470022,25.65669493609452,301.9880541720868
2024-05-23,939.0039710430717,952.298302488314,934.1112540755832,951.2109985351562,11211074,978.0863269042969,956.912104528901,967.7264161196345,45.527524210297805,-10.814311590733496,-276778563.1495551,7737210038.0,33.003422876278236,26.43066551685547,23.923689487838775,1039.868188593775,912.3557066698969,25.123148755854253,302.1923346905168
2024-05-24,951.3593261154413,959.7115317455176,946.9114123829535,949.431884765625,9590588,976.9575451660156,955.761301488397,966.3712656489671,45.09759747725774,-10.609964160570144,-282592184.4662165,7727619450.0,31.63307788003463,28.778102365372817,24.116144570580634,1039.3397287383314,909.8101613983874,24.242932370619247,302.3686522384017
2024-05-27,953.7315241877664,955.2635712215077,940.9808146477243,947.4055786132812,6916555,975.3602490234375,954.475805661456,964.96639994262,44.58123046116295,-10.490594281164022,-283286238.49447006,7720702895.0,30.072335366387797,31.569612040900253,24.48515739328465,1037.8742630554273,907.0501021789478,23.531491242273834,302.49494086344527
2024-05-28,947.8998176385066,950.7662750037173,935.0502893493507,936.5823364257812,6618946,973.769873046875,951.7229642405829,962.8638767191505,41.82641372343194,-11.140912478567657,-288614710.31214803,7714083949.0,21.73583883155344,27.813750692658658,25.017880729225368,1036.6928692055824,903.0966266440271,22.973240843137603,302.61442324142644
2024-05-29,935.989361579469,939.4982593725125,927.9336711524778,932.6781005859375,8184019,972.32875,948.7929852167913,960.6278933018755,40.84590263281816,-11.83490808508418,-290083660.88276356,7705899930.0,18.7286393264344,23.51227117479191,25.737975053720948,1035.1521188309607,899.0033621260703,22.158337084344538,302.76037664005906
2024-05-30,932.579256456452,940.437249538437,910.3396875425461,913.2555541992188,10170912,971.3551513671875,943.3256881371648,957.1188311461232,36.28842256076529,-13.793143008958396,-298283846.9367351,7695729018.0,3.768612760869722,14.744363639619223,26.916074972355027,1033.4597839045257,892.3978638005525,22.725424578026416,302.93821278452486
2024-05-31,920.8664310758091,926.4015884812707,909.4500708929218,912.3165283203125,14289102,970.4705114746093,938.5550481653413,953.800142047915,36.078825710656176,-15.245093882573656,-307740449.15078133,7681439916.0,4.459363146290406,8.98553841119821,28.034570183908208,1027.163963992644,888.3349862026685,22.31300265019231,303.1857469370873
2024-06-03,951.8535163332696,951.8535163332696,923.1891840657049,939.4487915039062,12314329,970.5614477539062,938.6925471405052,952.737079044655,45.816910839214586,-14.044531904149835,-306084373.8493055,7693754245.0,58.294773371356705,22.174249759505642,27.495795027616925,1021.4278805423951,887.8489322017456,23.543287318961223,303.40660061692114
2024-06-04,937.0271521695064,937.0271521695064,845.4989966692355,893.4376220703125,26554598,969.2063171386719,931.7302509758603,948.3445266761853,35.84426429631348,-16.614275700325038,-304822592.96041983,7667199647.0,41.259056609821435,34.67106437582288,28.911527385772256,1016.8433704208983,881.333430116211,28.572323570083338,303.84771960310616
2024-06-05,914.2439698183449,922.9421001691946,879.6984944049084,919.1860961914062,13752553,968.6567541503906,929.8003810090212,946.184642936572,43.28408508549716,-16.384261927550824,-293459047.207147,7680952200.0,64.5175238190409,54.69045126673972,30.22613600405935,1013.8606176734942,878.5240136741621,29.62027229824069,304.0818456216685
2024-06-06,929.1197588803957,935.0503105328238,920.4216285225727,927.3900146484375,11792640,968.6132641601563,929.4295554150852,944.7924482485621,45.454488790533674,-15.362892833476849,-294016817.39375806,7692744840.0,71.7005518917055,59.15904410685598,30.842041207395418,1005.8595991136037,879.2255144117869,28.63769672989618,304.28922762646556
2024-06-07,929.1197529261656,961.7377868054884,924.4247328980813,959.2667236328125,15577866,968.7239672851563,934.0198889870433,945.8646167955436,52.98327224210427,-11.844727808500352,-280502244.9036918,7708322706.0,97.87414926654053,78.03074165909568,30.223325051861902,993.2523401232831,885.9219884899981,29.257365099718392,304.5721229864752
2024-06-10,965.6914776359657,973.5000613102505,957.882893961681,963.8629150390625,9258931,968.6320446777344,938.611123764277,947.1978240728414,53.96981924581416,-8.586700308564446,-282670440.2666568,7717581637.0,92.4710420978014,87.34858108534918,29.178329112584805,969.8890128881026,902.2180793970538,28.283065260350615,304.74448143291903
2024-06-11,965.498812987245,984.0889782885815,958.4097995945853,978.6854248046875,14828702,968.7100537109375,944.776400847417,949.5302389418671,57.096385161533696,-4.753838094450089,-274082411.71720296,7732410339.0,96.10105043614513,95.48208060016238,27.797877259104887,975.8652677152563,899.2462557222436,28.09707336275388,305.0239478144743
2024-06-12,986.0223350580019,1001.6380733960245,978.586269182753,980.2717895507812,17527993,968.9690417480468,950.2372298787038,951.8073908388236,57.42965656532987,-1.5701609601197788,-289047152.92668605,7749938332.0,86.31586384833706,91.62931879409457,25.877084243092984,981.0214857556788,896.7687730333838,27.736696994933713,305.3604523478064
2024-06-13,993.458397592001,993.458397592001,972.3895443496557,977.446044921875,12157226,968.8917907714844,954.4232014238071,953.7065504005311,56.58645539581734,0.716651023275972,-295368938.3814885,7737781106.0,84.50610252007537,88.97433893485255,24.30608300192033,986.267918256293,895.6334245171446,27.2604224411774,305.5916910222372
2024-06-14,981.5607218688087,988.7489190744136,973.0340569756906,984.9317626953125,11591421,968.975126953125,959.116826234808,956.0195290890335,58.331814485163825,3.097297145774405,-289408653.8604516,7749372527.0,89.30036538518502,86.70744391786586,22.847296135117155,992.4774618481327,895.3609170581173,26.435739559573513,305.812392281256
2024-06-18,991.4754460878007,994.9951718184407,975.6118389503958,977.4956665039062,9845075,968.6646118164062,961.9443401223616,957.6103540827278,55.92649175210112,4.333986039633828,-297340082.36037505,7739527452.0,84.53788289374704,86.11478359966918,21.24100581792669,996.5370934321408,895.5754737065312,25.93199622446432,305.99985811384875
2024-06-19,981.5606821299475,986.4189359747157,966.8372961039415,969.0184936523438,7605719,968.0955932617187,963.0326714346666,958.4554014582549,53.23167803310511,4.577269976411685,-303251400.30447614,7731921733.0,79.10863799921253,84.31562875938157,20.096855341144202,998.8625830987918,896.1229454656612,25.478399342057884,306.14277034957263
2024-06-20,971.6459707625223,979.974389003574,968.0270610532277,969.910888671875,7299571,967.4959912109375,964.0908587019294,959.3039560666713,53.48576817059841,4.786902635258116,-308249011.65103275,7739221304.0,79.68017655204564,81.10889914833511,19.034429898417606,1001.1636647389591,897.159656794244,24.511894242649905,306.2795740736035
2024-06-21,970.6544640351068,972.5382915931103,949.9326029565036,953.60107421875,14303735,966.6591516113281,962.4770457045172,958.8815203742327,48.31887587939906,3.595525330284545,-317910300.9698766,7724917569.0,69.23447980845353,76.0077647865706,18.755578339720007,1001.3124341280773,897.2498949734852,24.375736699361106,306.54187513052705
2024-06-24,952.7087980233047,955.2866100250047,941.9512529247972,949.883056640625,6655577,965.62736328125,960.5395089254569,958.2149675050765,47.19950068951887,2.324541420380342,-316648470.13701755,7718261992.0,66.85325810785979,71.92263815611969,18.78343014857167,1001.3356257598073,897.2718205292551,23.587138156564418,306.6620478257345
2024-06-25,951.8164471531414,954.6421280246833,941.207647566275,946.8590698242188,7304128,964.6280078125,958.4348259868048,957.373789899087,46.26080424761889,1.0610360877177527,-317807409.01982546,7710957864.0,55.076929061894916,63.72155565940278,18.83657628196414,1001.3128328105503,897.239962599606,22.86194832098184,306.7935771702173
2024-06-26,947.8505482808393,954.2951388287739,942.0008188083085,943.7359008789062,6908988,963.4673461914062,956.1734528932818,956.3635758975922,45.25965398795164,-0.19012300431040785,-322766283.2787125,7704048876.0,28.706344377251266,50.21217718233536,18.885926262971427,1001.4142886185472,897.8538632369215,22.107117728087808,306.9177681562227
2024-06-27,944.3803981832983,966.5398510370879,939.9683201780524,963.8132934570312,19385412,962.6093896484375,957.3488129800126,956.9154068279211,52.39243043761268,0.4334061520914929,-307359222.5684086,7723434288.0,51.01263629437087,44.93196991117239,18.22522430033406,1002.7098169853748,899.6718541572034,22.42600438029836,307.27146432081474
2024-06-28,966.6886027336843,989.988276748291,964.259475680253,981.3128662109375,23025267,962.4908642578125,961.0355904001549,958.7226260414777,57.580666555346944,2.3129643586771635,-299861584.96932346,7746459555.0,67.04185419187999,48.92027828783407,17.376778624056886,1004.6090758098586,904.5783265338913,22.693788588224173,307.7051206025799
2024-07-01,981.3128592679302,996.9285981246818,976.8016579233964,993.5079956054688,14006105,962.7348522949219,966.0313450471263,961.2993200832549,60.787742322881755,4.732024963871368,-290616195.4648962,7760465660.0,86.81674991981892,68.29041346868996,16.885983222798,1007.4488660374907,909.8576830347749,22.5104422748714,307.97278460600637
2024-07-02,995.4909426366569,996.432856444726,970.7536173314002,972.9348754882812,12284132,962.9914123535157,967.0934266534579,962.1612130762198,53.44659625810323,4.932213577238031,-300813438.285123,7748181528.0,53.45660326174542,69.10506912448149,16.114470603592643,1008.6683168679615,911.9868406027417,22.736784906189573,308.20425460892574
2024-07-03,976.5537786379532,978.9332834627838,965.2013723760639,967.3330688476562,7346258,963.2970483398437,967.1302946833346,962.5443135037336,51.618634935323385,4.585981179600935,-305878878.6830993,7740835270.0,48.041810286185836,62.771721155916765,15.109770500080604,1001.4012717444825,926.6434304039549,22.093579633370314,308.34063718404497
2024-07-04,975.6118325533344,995.4413413450688,971.2493164132094,989.6907958984375,12139832,963.8452368164062,970.6011410241197,964.5551640514896,57.81938313550149,6.045976972630115,-299510424.30255055,7752975102.0,87.29324629871721,62.93055328221619,14.936606637516226,1000.368165658681,934.7270064604596,22.52320055223048,308.57098190051124
2024-07-05,996.4328488604581,998.0191854089187,981.5111551173109,985.1796264648438,9050375,964.042255859375,972.8439849380773,966.0829020080342,56.252790004611846,6.761082930043017,-304538388.29585326,7743924727.0,77.88222640091156,71.07242766193825,14.887664006369818,998.4271669418373,942.446966358944,22.09354553361458,308.7433083015837
2024-07-08,996.4328490293608,1007.9339402948003,987.707876981628,994.0532836914062,13312085,964.3198828125,976.1069539770509,968.1547821327284,58.62740765265533,7.952171844322493,-309497825.31169254,7757236812.0,79.5769440791527,81.58413892626054,15.265739842261906,1001.4669135213386,942.8858757853021,22.140743269067578,308.9997271490435
2024-07-09,992.417378166752,1008.3305472669607,989.591636784374,1006.2980346679688,10948094,964.652626953125,980.7517356218075,970.9802082464498,61.71555278786559,9.771527375357664,-300924697.4561358,7768184906.0,97.02684847240482,84.8286729841564,15.63374305570235,1006.8398404583911,941.7564608111402,21.89775521289037,309.2119513051064
2024-07-10,1006.3476058679217,1011.1562377097208,977.6443787995543,996.9285888671875,13412206,964.832578125,983.2404822749428,972.9023105146526,58.139492476944746,10.338171760290152,-298900946.96875006,7754772700.0,80.0139555477177,85.53924936642511,15.219575279101235,1009.1839921562594,941.2366255195218,22.727334048410096,309.4694504723396
2024-07-11,999.4072706576173,1016.7580913287566,998.4653568610692,1012.09814453125,11983571,965.2941760253906,987.680122622067,975.8057056269932,61.98062125269456,11.874416995073716,-293022838.59412014,7766756271.0,93.93155269552612,90.32411890521625,15.108639251271892,1014.366247662203,939.2370055116251,22.520346077921452,309.7040059943604
2024-07-12,1015.1221543970596,1017.1547275597776,1006.3476205323526,1008.0827026367188,7339644,965.53115234375,990.8189810858596,978.1965942943804,60.40067845304189,12.622386791479244,-298005721.45082784,7759416627.0,88.24660295666675,87.39737039997023,15.025542061520465,1018.3001055333319,938.3668134119806,21.683686145743135,309.8478796187756
2024-07-15,1012.6434302803982,1021.021470480752,1008.6279667964805,1015.7169799804688,5847297,965.527421875,994.649442454261,980.9758821229794,62.36493143623612,13.673560331281578,-297163777.6066425,7765263924.0,93.45554061689991,91.87789875636429,15.1499517972431,1022.9848242212569,936.7606164525713,21.059049124192427,309.96320879053786
2024-07-16,1016.7580844757862,1020.823109656825,1010.5118011792482,1012.4451904296875,4824555,965.7429223632812,997.3872498350959,983.3069419975504,60.969135830537425,14.080307837545433,-300179106.7852179,7760439369.0,89.41894297872979,90.37369551743218,15.265475123271258,1026.9798911277646,936.2605019386417,20.291353363719878,310.0582661799613
2024-07-18,1014.2298261118129,1018.2452895909671,999.407255995808,1015.8162231445312,8010324,965.9704919433593,1000.2224764980859,985.7150368973267,61.914933809776386,14.507439600759199,-294234562.0137335,7768449693.0,90.82969625272054,91.23472661611679,14.551484160590164,1031.2645720438086,936.6555939718163,20.18754480882268,310.2152659205032
2024-07-19,1015.2708964646465,1015.2708964646465,978.239311312237,981.5607299804688,7400178,966.05955078125,997.3514385722988,985.4073104590409,48.937615442575755,11.944128113257875,-300307273.78422815,7761049515.0,29.307289237872027,69.85197615644083,14.400054661899189,1031.425758642873,937.6593915036113,21.429642453356365,310.3562183019575
2024-07-22,981.5607062956592,999.4072645919439,968.225349243519,994.5986328125,7396198,965.9438195800781,996.9279299938682,986.0881491518896,52.97740153569716,10.839780841978609,-295192243.7209922,7768445713.0,52.664293748289126,57.60042641296061,14.752992877573794,1031.4251917988427,941.7597142070166,22.12623337443269,310.49615205687996
2024-07-23,999.3081686220228,1000.0517752380681,958.9551041549922,993.2601318359375,10384177,965.4415307617187,996.3636533541867,986.6194071284857,52.5180328739302,9.744246225700977,-288240248.71286404,7758061536.0,55.271525806574346,45.74770293091186,15.500885759867586,1030.3609989894971,947.1616145358935,23.481264639335773,310.6915563369987
2024-07-24,989.2941904180648,1025.4334826191441,986.6668167884345,1018.9392700195312,11469098,965.1296105957031,999.836825148855,989.0134710463409,59.7320429311923,10.823354102514145,-280613769.57841486,7769530634.0,90.23109054455227,66.05563669980529,14.612365521982841,1031.2183892627957,953.5122442821262,24.573079010148188,310.91565464603065
2024-07-25,1020.22828777511,1084.674195166152,1015.6179025019599,1081.650146484375,32766835,967.7897912597656,1012.4234899697043,995.8754470047138,71.22837956890173,16.548042964990486,-250716723.8579988,7802297469.0,97.59459867435045,81.03240500849239,15.616429316737216,1048.6649762213297,949.8570818841389,27.75045141400847,311.60109325602923
2024-07-26,1102.471123652993,1110.948287511759,1074.3628176929772,1108.76708984375,21232845,970.8954443359376,1027.245582258019,1004.2377909187165,74.6046458799754,23.00779133930257,-232015650.74605146,7823530314.0,98.56493717689357,95.46354213193213,17.201967843968497,1072.6724630465703,940.3449746975704,28.381524157206567,312.066718409729
2024-07-29,1114.41845703125,1130.1829416169073,1109.0644651491766,1114.41845703125,11850624,974.457109375,1040.6567937615932,1012.3993217418672,75.25632535761628,28.257472019726038,-237857494.2556166,7835380938.0,90.79327005507285,95.65093530210565,19.08199359505039,1093.1790356233794,933.1489612027923,27.883976129774478,312.33291822158407
2024-07-30,1116.2031811489771,1168.9496300382175,1109.0644848362517,1151.94580078125,28592304,978.9847973632812,1057.778179456925,1022.7360979670067,79.09296642535115,35.04208148991836,-225502227.1247649,7863973242.0,91.90272737565404,93.75364486920687,21.497955794517985,1120.716139314499,921.455638029251,30.169773920645287,312.9947153199223
2024-07-31,1154.0774818509262,1157.9442605063716,1135.536938415211,1146.7901611328125,10860623,983.2255249023438,1071.4723304839847,1031.9252878311404,77.31921074269911,39.54704265284431,-225454182.95126817,7853112619.0,89.44759687796456,90.71453143623052,23.741349265452182,1140.7765765766273,918.7807293315758,29.615313075682106,313.24685844870675
2024-08-01,1157.051852254818,1165.9751313210506,1126.8118509748078,1134.64453125,14375948,987.1126379394532,1081.1911306018333,1039.534120676982,73.15690996739787,41.65700992485131,-234079733.9803673,7838736671.0,83.66381283324785,88.33804569562217,25.37054840893943,1154.1618457932725,922.1266063551651,30.297310737865015,313.5786672790968
2024-08-02,1110.452564556232,1110.452564556232,1080.7579216212832,1087.3016357421875,21967812,990.1280114746094,1082.1312083157338,1043.0724551262565,59.672302717385115,39.05875318947733,-246365592.10709244,7816768859.0,61.11898919620734,78.07679963580662,24.882852658983676,1158.690461038082,927.3590750947305,31.98226065864014,314.05485618606014
2024-08-05,1050.9143381618326,1055.921337516874,1005.4056520369215,1007.7852172851562,26651144,991.2594958496094,1070.6933635417988,1040.4585856565454,44.75188558076706,30.23477788525338,-270505906.62965155,7790117715.0,23.253040966085802,56.011947665180365,23.914058522673223,1157.964517818501,930.3455773963428,35.547526590541985,314.5800751028553
2024-08-06,1021.2197530537146,1051.6085009791702,999.8039067101832,1005.1082763671875,16726393,992.3730236816406,1060.6033501303202,1037.840044227704,44.349847714311046,22.76330590261614,-283807006.07210916,7773391322.0,21.978273965989164,35.45010137609414,23.139688817925514,1157.642584177983,931.7730103044389,36.70874571043091,314.90735739046727
2024-08-07,1027.2181754059616,1031.332701647702,1006.3971307041668,1016.559814453125,9978703,993.7561083984375,1053.827421564598,1036.2637309110687,46.56151345101949,17.563690653529193,-285651914.73923284,7783370025.0,27.43152949147154,24.220948141182205,22.420631234945496,1157.5445830803837,932.8971893805538,35.95986567972259,315.1022579041069
2024-08-08,1026.1274256460497,1047.394645776842,1018.2452445601227,1032.8695068359375,19529790,995.6818518066407,1050.603126990958,1036.0123069055035,49.63178190936349,14.590820085454425,-285585503.1549775,7802899815.0,35.19825213065218,28.202685196037663,21.25472256412846,1157.3255814368852,936.7102828209273,35.593791797150764,315.4913858284958
2024-08-09,1046.0065692367034,1073.718258843932,1043.0817651564107,1058.994873046875,15443008,998.2081872558593,1051.8941648457144,1037.7147192122718,54.17369046158334,14.179445633442583,-284985797.1966632,7818342823.0,47.6392270089523,36.75633621035871,20.045032616357407,1158.5900342623615,940.1355028470136,35.969146097925325,315.80982627947566
2024-08-12,1055.9213430036748,1070.6943512572752,1046.006588609274,1066.976318359375,11311050,1001.2826025390625,1054.2144961555084,1039.8822450750201,55.494083974359164,14.332251080488277,-277081686.6272964,7829653873.0,44.05763776582272,42.2983723018091,18.92174909342714,1160.0903313451163,944.5245673365243,35.163332994359315,316.0437155675748
2024-08-13,1065.6873246299947,1066.3318078550967,1039.2644806385213,1044.4697265625,7508231,1003.9256665039062,1052.7153008335072,1040.222058518537,51.02910588752849,12.493242314970075,-281702141.6384571,7822145642.0,26.406709536305396,39.36785810369351,17.66754327450342,1160.2974021720247,947.1927711678189,34.63108333196606,316.1965563093616
2024-08-14,1047.9895757339816,1057.9539526568697,1038.0748209966687,1053.2939453125,8211830,1006.2025695800781,1052.8043230610444,1041.1903464292009,52.63809470101613,11.61397663184357,-277340297.51961386,7830357472.0,31.623642353983957,34.029329885370736,16.46414431082656,1160.647498431411,950.9275503967142,33.57737249826855,316.36359053143053
2024-08-16,1062.861706063661,1090.5733970962497,1060.8787551195123,1088.987060546875,11435650,1010.1135583496093,1058.3708980588644,1044.7308437712509,58.567952262260675,13.640054287613566,-267126469.93290094,7841793122.0,52.72563330716534,36.918661732484935,16.3141251904731,1163.5756744237874,955.3164581445722,33.84180673294578,316.6057003747191
2024-08-19,1096.4727832218316,1097.5633820694336,1075.7509209984962,1078.4278564453125,6911441,1013.2983935546876,1061.456583964472,1047.2269187841443,56.32138295889613,14.229665180327629,-272341497.00314677,7834881681.0,46.48296639617025,43.61074735243989,16.361699743707494,1162.309723763501,966.2691214513425,32.982567757088034,316.7526732012873
2024-08-20,1087.648644159263,1088.6897418659278,1072.8261335646075,1077.634765625,5625723,1016.3032885742188,1063.9455349891687,1049.479351883467,56.147176551491285,14.466183105701703,-274556642.6027408,7829255958.0,46.83774768891408,48.68211579741659,16.292406867648463,1161.1951393802203,975.6873191158736,31.759784938818907,316.871609198601
2024-08-21,1079.7167517551827,1085.9630954251572,1074.0653901716564,1075.9490966796875,4869876,1018.6369360351563,1065.79223678771,1051.440073720224,55.75245678949825,14.35216306748589,-277884470.4650455,7824386082.0,45.82333081303203,46.381348299372156,16.22806348273651,1158.6904110077596,986.4609439727091,30.341064961296187,316.9743928406451
2024-08-22,1080.708263764658,1085.4177722535408,1055.8717547956096,1059.3419189453125,9377476,1020.5465161132812,1064.7998801965718,1052.0253955887492,51.882633022516984,12.774484607822615,-285059187.2555356,7815008606.0,53.80816486537746,48.82308112244123,15.432880531125573,1157.415356060398,991.776263812649,30.28427585391297,317.16917550396454
2024-08-23,1063.8532067262356,1083.2861022330906,1061.8702557351335,1075.899658203125,10179655,1022.49080078125,1066.507538351426,1053.7938594861105,55.219979916079964,12.713678865315615,-281901570.9976448,7825188261.0,77.83977073659828,59.15708880500264,14.694496361772561,1157.0677792995752,991.5487917453464,29.831412099189045,317.38242510232067
2024-08-26,1079.7167279346238,1093.9443759471033,1073.6191299207858,1083.0877685546875,9415039,1024.547120361328,1069.0583429980818,1055.9637786763756,56.62642599321591,13.09456432170623,-282544504.42021054,7834603300.0,85.19262356763828,72.28018638987137,14.396319421034123,1154.3906119889916,991.6580269270239,29.15240023684108,317.58212133545123
2024-08-27,1083.7322545547333,1087.3015418552307,1065.836074839725,1068.06689453125,8813305,1026.3595373535156,1068.905812464723,1056.8603057767366,52.88822261500073,12.045506687986517,-289525946.70534724,7825789995.0,67.64538730455973,76.8925938695988,13.779862534734198,1149.8345441210931,991.5789385449226,28.60333357817427,317.76656600491884
2024-08-28,1073.718311772255,1079.419295724477,1060.9778761893203,1065.3900146484375,8145376,1027.968702392578,1068.3649204929868,1057.4921360635292,52.22653448136811,10.872784429457624,-293773734.81683826,7817644619.0,59.437565692689915,70.75852552162935,12.995126202806707,1136.1785701733177,996.5793338794167,27.877482575101585,317.93579398304905
2024-08-29,1069.8516695587132,1132.2650028725948,1056.912866078972,1112.0885009765625,40658159,1030.6605590820313,1075.0916251827678,1061.5363112422724,61.31847464485825,13.555313940495353,-274889063.7910269,7858302778.0,78.57897554268429,68.55397617997802,13.986126943291987,1127.767752805423,1001.5199852316861,31.268529304995955,318.8151323883829
2024-08-30,1104.4540326754902,1105.4951303132332,1088.0946876977607,1101.876220703125,17647545,1033.317713623047,1079.2123321858996,1064.5244526838171,58.68806018928305,14.687879502082524,-264582121.74080795,7840655233.0,67.73678363897841,68.58444162478425,14.906341916599747,1120.1991431990944,1005.8117637833277,30.74890673169637,319.19524903206235
2024-09-02,1095.5803911724167,1095.5803911724167,1078.080824971728,1083.335693359375,8116675,1035.586209716797,1079.8466954433572,1065.9178779190436,54.14667177876831,13.928817524313672,-267824154.89184296,7832538558.0,48.05264355718849,64.78946757961711,15.293035044248114,1119.689171909819,1005.9251408343215,30.252227374532136,319.367077830683
2024-09-03,1088.243418584185,1090.622983845792,1072.9746726044007,1075.8499755859375,5088731,1038.0311877441407,1079.2318154652926,1066.6535888573321,52.38414861933892,12.57822660796046,-271254750.64973295,7827449827.0,40.10519338313721,51.96487352643474,15.415203305170206,1117.3745990482855,1015.0461895259334,29.35194765073637,319.47394415028714
2024-09-04,1069.802033002653,1075.7508858275055,1062.9608280481284,1071.2396240234375,4665908,1040.458319091797,1078.002247551161,1066.9932951659325,51.277087264675245,11.00895238522844,-269880326.22311217,7822783919.0,20.116789918843285,36.0915422863897,15.06886585657804,1112.32358691536,1026.7103364244836,28.176033356955852,319.57063780660246
2024-09-05,1071.7849707203661,1076.5936024885145,1057.8546921154893,1060.0360107421875,7900593,1042.7218579101564,1075.238211119011,1066.4779407641736,48.589732173413424,8.76027035483753,-275941568.87351346,7814883326.0,5.451078532989426,21.891020611656682,14.515674100050502,1107.336124144943,1036.0454188238073,27.50195314381795,319.73318396663865
2024-09-06,1059.6890561274406,1063.8035826027071,1031.6302512425439,1040.40478515625,8717377,1044.655235595703,1069.8792225093557,1064.5465959043274,44.21688921849087,5.332626605028281,-279904018.9267956,7806165949.0,8.719188721171287,11.429019057668038,14.025526905880213,1106.1903698727278,1037.9447009280534,27.835623016414043,319.9077489698336
2024-09-09,1040.4046962968644,1040.999557336361,1017.5016385533957,1029.845458984375,7206054,1045.97587890625,1063.7201819670508,1061.9761413176643,42.02604560624931,1.744040649386534,-279539169.5277742,7798959895.0,10.755889306840679,8.308718853667168,14.06448035200511,1109.057857822474,1032.1622715720573,27.525786999739136,320.0488385405806
2024-09-10,1040.0577646638164,1040.0577646638164,1023.4009284098387,1026.9703369140625,6919238,1046.8890283203125,1058.0663596512065,1059.3831187692494,41.42420410553234,-1.31675911804291,-283492947.99111694,7792040657.0,8.250628078775136,9.241902035595738,14.100651409121085,1111.510492383338,1025.7090388666618,26.749433375041892,320.1843921622553
2024-09-11,991.4754584966872,1002.926987939352,962.9705390649074,967.9774780273438,36140411,1046.37841796875,1044.2065317090737,1052.6123305661454,31.46683675516637,-8.405798857071659,-310575855.7819117,7755900246.0,2.957532603147665,7.321349996254532,15.787341330241281,1125.5369834568742,1004.0333229396101,29.41017369462141,320.8395921039922
2024-09-12,967.9774608714181,979.577735633204,949.8334724054752,977.7435302734375,25675836,1046.474591064453,1033.9814545651298,1047.0664935074262,34.283090433318904,-13.085038942296478,-288066664.43181396,7781576082.0,15.298922174526558,8.835694285483157,17.618893925884542,1132.5795925996201,989.4356722929581,29.434037232700515,321.2979856790619
2024-09-13,986.4189408783418,997.4242940722011,979.5777361265751,983.6427612304688,13203676,1046.8007849121093,1026.2370402059512,1042.3684392646887,35.99409848194664,-16.131399058737543,-295255368.2935219,7794779758.0,18.532590686721875,12.263015154798737,18.50891445167473,1133.5354446125825,977.9453903483551,28.73737484456216,321.5399417056516
2024-09-16,988.5010299527984,991.3763329820753,976.1075867487764,979.974365234375,5836274,1046.606456298828,1019.1197055949394,1037.746656003184,35.37726956365496,-18.62695040824451,-298135593.5918882,7788943484.0,16.521756273010194,16.784423044752913,19.417903604936964,1134.4854804559934,967.1500053838502,27.77532994375764,321.6461286047328
2024-09-17,986.5181094959233,986.5181094959233,951.8164674533532,966.6390380859375,44516613,1046.23564453125,1011.0457567474007,1032.4794250463508,33.15309125127105,-21.433668298950124,-304622269.0052777,7744426871.0,9.211985251360522,14.755444070364234,20.806123324078154,1135.5479106703285,954.9880024156088,28.270066522244246,322.43762289632025
2024-09-18,969.8612906012448,975.3144055386201,948.9907446257166,953.8489379882812,12044431,1045.4315576171875,1002.2462461690747,1026.6549445235307,31.131469663025456,-24.408698354456078,-312220952.5134169,7732382440.0,3.1041899185270845,9.612643814299306,22.154972260509926,1136.5518933012959,941.774003915501,28.131037550148477,322.64847753182005
2024-09-19,962.1278156901574,970.6049188151223,948.1975369914257,958.7567749023438,13466770,1044.480732421875,995.5555582818852,1021.6254504775168,32.824206729189314,-26.06989219563161,-312995581.19673413,7745849210.0,7.164495469704304,6.493556879864008,23.425227971017524,1137.0658303212304,931.2015524912695,27.722204998259055,322.883993595625
2024-09-20,958.7567573089735,969.1672495031247,941.1085064542414,962.5739135742188,16764981,1043.7936389160157,990.4814590960904,1017.251262558754,34.17928317025161,-26.769803462663617,-304109581.1890152,7762614191.0,14.356741564071726,8.208475650767744,24.768422589464844,1134.0225042023935,922.9123041472158,27.746243430446505,323.1762248425888
2024-09-23,965.2013895767051,970.8528119730387,957.8148850727606,963.515869140625,10254297,1042.821993408203,986.3329067952495,1013.2708630463,34.530252221450255,-26.937956251050423,-305396258.6784467,7772868488.0,16.538618152298707,12.686618395358282,25.917389360255775,1128.5358190167335,916.4417993914697,26.695649392577334,323.356649753422
2024-09-24,965.6970762642187,976.603306078291,964.3089864455753,968.9689331054688,12755422,1042.039718017578,983.6615262275909,1009.9892386062384,36.636644435248066,-26.327712378647448,-308482241.796077,7785623910.0,20.563462304502952,17.1529406736245,26.63895003270878,1123.8596713497884,911.2081509158365,25.723634217226525,323.58300549845484
2024-09-25,974.0255295037022,974.1246528451213,951.0728480831375,955.3857421875,12959075,1040.8330932617187,979.3114056060384,1005.9445351678132,33.72587568283028,-26.63312956177481,-316592141.7538118,7772664835.0,11.636355900690448,16.246145452497405,27.667315667804626,1119.2652019197694,904.8021930997619,25.53278925613776,323.80934088188405
2024-09-26,962.5243855993061,986.468542689995,957.3687009911301,984.6838989257812,21640021,1040.2778674316405,980.1379430398449,1004.369673223959,44.05124546807204,-24.2317301841141,-297606412.0681602,7794304856.0,43.622919257264336,25.274245820819278,27.88680496112425,1103.0476846549743,908.2792501594788,25.929218630877568,324.1964150463081
2024-09-27,987.5095827039274,991.8720990422989,980.7179998400708,984.53515625,10360030,1039.65224609375,980.8144373798688,1002.9004497444065,44.01375421077157,-22.086012364537737,-300875622.0557903,7783944826.0,43.88779722206785,33.04902412667425,27.779922487678363,1086.8819976183538,912.7108307507868,24.87385295740261,324.384269573686
2024-09-30,984.5351648659944,988.4515051675777,963.5158723046544,966.3416137695312,12225895,1039.3478637695312,978.5878491321245,1000.1923878203417,39.57685598895029,-21.60453868821719,-310330605.3539182,7771718931.0,40.81806396581812,42.77626014838347,28.218988813010604,1073.1622717858972,914.7311486242589,24.878265807796943,324.60148531337524
2024-10-01,968.5723816862942,976.1075708254739,950.7258237636345,956.9721069335938,10085203,1038.5953332519532,975.2623503323505,996.9908855324344,37.48134306432516,-21.72853520008391,-315452002.3865005,7761633728.0,28.169011125209433,37.624957437698505,28.984280920560817,1059.175711904095,916.8299216408269,24.914228754514262,324.7773806801423
2024-10-03,930.9954492974034,942.0504247915962,917.1147929713505,917.808837890625,24418517,1037.0863073730468,966.4233484182389,991.1255486700782,30.26742218357917,-24.70220025183926,-338511215.73763067,7737215211.0,0.8642127142626597,23.283762601763442,30.465078929347094,1046.8890467949584,913.7735081366823,25.98159198363776,325.17905538854257
2024-10-04,922.072189294168,941.108530466439,912.1574345705748,922.8157958984375,19187758,1035.163837890625,959.7144941844233,986.06556698329,32.067589820946665,-26.351072798866653,-343571007.14381313,7756402969.0,13.370640644976175,14.134621494816129,31.938089789806334,1033.7419848599804,913.1985485872851,26.19369940593965,325.4941534895774
2024-10-07,933.9698928304592,936.3990198351665,907.2000551378665,919.9404907226562,11772546,1031.9296447753907,953.5954167287668,981.167413186206,31.563672326120198,-27.571996457439127,-345070081.76995695,7744630423.0,15.04680293199211,9.760552097077019,33.40559926793772,1023.7018738126671,911.1922301912391,26.408361212465394,325.68597028367685
2024-10-08,908.1915118397786,916.9164836933462,886.2303064250457,911.9591064453125,21177886,1027.993485107422,947.1898305313123,976.0408719461399,30.147477340725302,-28.85104141482759,-330734805.67212325,7723452537.0,24.354755237336658,17.590732938101684,35.158787359949756,1015.0569700712149,908.0484986787851,26.929920004261476,326.0213761615128
2024-10-09,918.8994675238356,940.364935983039,917.6105614961272,931.1442260742188,11557737,1024.3280004882813,944.7212759994518,972.7151944741457,37.416354913482735,-27.993918474693942,-328544106.2183091,7735010274.0,42.51529488135342,27.30561768356077,35.41381766397314,1002.5863099924086,910.936547673607,27.03534211379469,326.21205113559125
2024-10-10,925.7902070817347,935.5562161178312,904.5726081164345,920.5849609375,13249851,1019.7007836914063,941.0079967591515,968.8536956936534,35.24261654736833,-27.84569893450191,-328098890.52181697,7721760423.0,32.519946567854404,33.129998895514866,35.94787702430067,1002.4963416467649,906.2872643102664,27.31736110576627,326.42706649902334
2024-10-11,924.0551413642272,929.012518732061,920.5849772067435,922.7662353515625,4459529,1015.2203051757813,938.2015719272148,965.4398097423874,36.06888161031936,-27.238237815172624,-330249944.64237934,7726219952.0,34.58473017292384,36.53999054071059,36.44378928746194,1000.3748198186067,902.9110566462371,25.968089440680185,326.4998726791369
2024-10-14,922.0721792256514,931.986933840981,917.4617941235792,920.3370971679688,5740649,1010.9341564941407,935.4531911950231,962.0988680702083,35.52526339220326,-26.64567687518513,-333717829.8869028,7720479303.0,32.28531994576623,33.129998895514866,36.9798246634707,996.705588993705,900.2497210648888,25.150735889017444,326.59343356788406
2024-10-15,924.9970225347071,927.376527278406,905.2170754318821,909.4804077148438,9058919,1007.3777319335937,931.4573783519186,958.2012043401812,33.122482943343016,-26.743825988262643,-339290996.4333742,7711420384.0,22.00843124087701,29.626160453189062,37.767926966108,993.7585730482155,896.1473412584252,24.937072743125047,326.7387310583476
2024-10-16,909.2325566951732,915.1318477734998,892.3279122385155,899.7144165039062,10298258,1005.2163159179687,926.5738457599167,953.8688496856423,31.085716364406125,-27.29500392572561,-342917763.31936055,7701122126.0,12.763992114100459,22.352581100247935,38.78182252533248,993.1086385039101,890.1048136445273,24.784705799686417,326.90054907960285
2024-10-17,907.1505004321546,907.1505004321546,882.4627368312744,883.99951171875,13864583,1002.794140625,920.0239482151219,948.6933431695762,28.09218381488492,-28.669394954454333,-355056248.8628083,7687257543.0,1.4046100410598974,12.059011132012493,39.92548650856428,995.0124220340683,881.216087487416,24.777781356914545,327.11402946784307
2024-10-18,886.6764960316732,909.8770461129953,879.2404300459751,902.3914184570312,11527914,1000.5107727050781,917.3112513292617,945.263570968647,35.87521406466574,-27.952319639385223,-349161703.22602445,7698785457.0,21.198388886180577,11.788997013780351,41.05303234365723,993.396179572825,877.1957943041281,25.196269550493522,327.2932837890822
2024-10-21,904.2752029643668,909.8275019829782,890.4441078613514,895.5997924804688,7390557,997.7653784179688,913.9710268909859,941.5847725621152,34.394754595842784,-27.613745671129323,-352620711.3122977,7691394900.0,16.888453920337,13.163817615859196,42.10003919052925,991.0837127153276,872.8108490522505,24.781064162717325,327.40843771221085
2024-10-22,897.2853103125889,898.3759091357537,867.7889147525893,872.002685546875,13617490,994.0255346679687,907.5143589918919,936.4305438943196,29.794261995399935,-28.916184902427744,-362486215.68502986,7677777410.0,5.674232576300054,14.587025127605914,43.52166372159998,990.0830775249237,864.6601658832794,25.195773464177822,327.613352770053
2024-10-23,871.5069246891634,878.0506384842987,855.9407479472611,870.16845703125,10553771,990.0893774414062,901.7688356133316,931.5222411637219,29.464357329568088,-29.753405550390312,-359457288.6363441,7667223639.0,16.705506076532078,13.089397524389748,45.04280783857949,986.8015015588196,858.0616942419617,24.975353255096376,327.7688000222441
2024-10-24,867.7889046062123,882.4131677800959,867.7889046062123,872.4984130859375,7233484,986.649951171875,897.2656936860401,927.1501057505527,30.516838580503673,-29.884412064512617,-362031918.5346492,7674457123.0,19.6124659578123,13.997401536881517,46.119340896537075,984.2891319311566,852.2853309594684,24.23598967786689,327.87650901910575
2024-10-25,876.3652068230922,878.1994122673816,849.9919225702721,856.9322509765625,10873022,982.7227172851562,891.0605486538128,921.9487831747015,27.558303510723107,-30.88823452088866,-367554422.3383027,7663584101.0,7.679646992173829,14.66587300883944,47.43637006035785,975.6509570137875,848.1483410819155,24.519668250669934,328.03462218690544
2024-10-28,860.4519329558474,879.1908429028263,852.8671821791049,870.9616088867188,7106045,978.3622082519531,887.96840407426,918.1719554496658,33.78862841161509,-30.203551375405823,-364891323.76948005,7670690146.0,23.20348246071021,16.831865136898816,48.58128817752739,962.9240668853733,849.5178764740017,24.648524855887892,328.13906067799377
2024-10-29,872.746246564215,874.9770662799428,818.6612740036501,835.56591796875,26818871,973.5049694824219,879.9064831349508,912.0529897103387,27.388512839358796,-32.14650657538789,-375609436.9722113,7643871275.0,14.461398978740867,15.114842810541674,50.1607947489481,957.2994341486366,842.0649396306602,26.910472528773955,328.51489842958233
2024-10-30,838.7882654719797,846.3234549984074,830.9060232147494,833.0377197265625,12933218,968.6130285644531,872.6959041490448,906.2000067485775,26.99519009736737,-33.504102599532644,-384966223.2961729,7630938057.0,12.685958099470634,16.783613179640607,51.62747942241019,951.778004541693,835.1929305169008,26.089541046979956,328.69372656733304
2024-10-31,836.6565722598632,836.6565722598632,824.7588663197203,826.9401245117188,11904413,963.6328491210937,865.65655343561,900.328904360662,26.024468646124546,-34.672350925052,-392505660.64324945,7619033644.0,7.305362721869201,11.484239933360271,53.07230873403598,952.8386664113885,825.0453973093146,25.07583853934874,328.8558534611298
2024-11-01,840.7216494472682,840.7216494472682,832.8394072400596,836.260009765625,2900548,959.1712109375,861.1340082556123,895.5830603165851,30.15836238435506,-34.449052060972804,-392888746.8465921,7621934192.0,16.18791773174428,12.05974618436141,54.07718735450164,950.4432147330967,818.7852703743251,24.26910185336308,328.89590468575153
2024-11-04,832.8393739204421,837.2514517543018,807.5567500692857,817.0748901367188,15514419,953.9947155761719,854.3556823911672,889.7676403032617,26.834089213998638,-35.41195791209452,-398457390.69294864,7606419773.0,8.847902786576013,10.780394413396538,55.37460992555415,949.4021023935587,809.5398226552694,24.656644698481152,329.1032839938084
2024-11-05,814.4970873453123,836.4086707234603,813.4064885493328,828.5264892578125,10215249,948.9034899902343,850.3819603706511,885.2312587443396,31.67528957649482,-34.8492983736885,-395243081.49294233,7616635022.0,20.4942127801984,15.176677766172936,56.5793594558172,946.9144577173446,803.6842056127335,24.53846880388446,329.2412574820036
2024-11-06,836.706140063708,836.706140063708,818.9587056505674,832.5419311523438,10579596,944.1929907226563,847.6373404909115,881.3283455893769,33.34083333265268,-33.69100509846544,-389628219.76565653,7627214618.0,24.418597335160904,17.920237633978477,57.67205196904274,939.4590914828432,801.2793423550474,24.053394918831323,329.3850165011997
2024-11-07,833.8308778549339,835.565959943217,810.3328968992126,812.7620239257812,13237161,939.1404309082031,842.2719071731991,876.249358799481,29.523020581661427,-33.97745162628189,-400316760.68857235,7613977457.0,5.089699409747487,16.667503175035634,58.81107178080026,934.3794134072297,795.576726729489,24.13765692777225,329.5612304905357
2024-11-08,814.9432684704022,814.9928301405532,794.2709687692351,798.5839233398438,16072692,932.8703393554688,835.5506788911445,870.4963635802485,27.12533734079885,-34.94568468910404,-409698857.74816465,7597904765.0,4.142891351192557,11.217062698700353,60.076862871703675,928.5978605574137,788.9400483781333,23.89367153088267,329.76763085927473
2024-11-11,794.1718606468877,824.3623011602191,785.2485813137766,797.84033203125,27587619,926.7896215820313,829.7490870665454,865.1144353173597,27.0014806326965,-35.36534825081435,-419524094.5098909,7570317146.0,12.959197558915264,7.397262773285141,60.43410702258552,921.2761329252842,784.0120994965907,24.98081783913694,330.1213837553303
2024-11-12,799.1292148943049,806.1686664026907,776.3748411513526,778.1594848632812,16526921,920.6860974121093,821.8122251891201,858.6733278763169,23.891979712422355,-36.86110268719676,-434071097.4972573,7553790225.0,1.6830176113368585,6.261702173814932,60.920659428767685,916.7987963479188,775.3573437887999,25.324604082865598,330.326070346504
2024-11-13,780.2912140426272,785.8930747915717,768.9388075295049,779.547607421875,14674022,914.7600500488281,815.3099763018516,852.8121633982101,24.551943149871292,-37.50218709635851,-430381157.12625724,7568464247.0,9.622316591660168,8.0881772539708,61.496555759739465,911.9509473672915,768.188511861224,24.726722881379974,330.5041653108601
2024-11-14,779.8945993636842,785.248591237155,765.4190813574288,767.699462890625,11740909,908.6892468261718,807.9852819308937,846.5075189161669,22.739449042940734,-38.52223698527314,-439421671.38842154,7556723338.0,2.004347565881951,4.436560589626364,62.08964229948582,909.7078808648289,758.8015734808741,24.376921952690417,330.6448619130396
2024-11-18,771.3679225037777,775.085955549265,752.7281956053731,765.3199462890625,17053446,902.7949255371094,801.4213841398428,840.4936246474924,22.382082164814193,-39.07224050764967,-437266328.9526709,7539669892.0,10.300095709848325,7.308919955796853,62.840430197920966,901.7461034972515,753.0562036316547,24.232696094919095,330.8451771389641
2024-11-19,765.3199596031319,793.0812734923937,765.3199596031319,776.5236206054688,14012014,897.5173022460938,797.5909589807083,835.7551058295647,28.110763337505546,-38.16414684885649,-439968658.15589184,7553681906.0,25.4237502565932,12.576064510774529,62.008154198261316,891.9659526953694,750.9287372460369,24.484741174091393,331.0149124495717
2024-11-21,778.2586484102502,779.2501238371019,759.718045825151,767.2532348632812,14194678,892.2654577636719,792.9236168087964,830.6808931653956,26.376062303087537,-37.757276356599164,-443211139.2621517,7539487228.0,16.506954351407142,17.41026677261626,61.37453815225647,886.4906050959995,745.9291397770475,24.13097951965279,331.1830539795692
2024-11-22,768.3934728957609,787.2315064248182,768.3934728957609,784.257080078125,14535112,887.4111926269532,791.5903034656162,827.2420921959681,34.375377957758715,-35.65178873035188,-433266062.63057274,7554022340.0,35.83094320789177,25.920549271964074,60.154731094067536,878.9028410699875,744.9257661077468,23.83435752264452,331.3595058806324
2024-11-25,801.161732276637,803.2934287187248,786.8845219806813,789.809326171875,15194167,883.8478295898437,791.3163069588868,824.469294712702,36.790410625051464,-33.15298775381518,-443043663.6115503,7569216507.0,43.87092056790323,32.06960604240075,57.875948385884605,869.2837389049018,746.2759595814264,23.491642602498473,331.5493025439623
2024-11-26,790.3547199297111,794.9650447010366,773.4996364105441,776.3253173828125,10310838,879.8194653320312,789.01000087026,820.9030741697471,33.56030247194798,-31.893073299487128,-450639888.5605936,7558905669.0,28.099189530826106,35.93368443554041,56.22495271572039,862.3365272512675,745.1624778756856,23.346911580212332,331.6747406285831
2024-11-27,778.3578107322808,785.1494540553,772.458519544066,777.2672119140625,10014685,875.6919543457032,787.2034179539219,817.6707880767335,33.9962347945424,-30.467370122811644,-453065291.7303565,7568920354.0,29.22078703755874,33.7302990454294,54.72703642407595,849.8724785674781,748.2570868622095,22.585770360999593,331.79561443696196
2024-11-28,776.3252676929322,785.7938460196764,771.3678905045994,772.8055419921875,10939142,871.5485778808594,784.9883601136551,814.3474365149153,32.895193234208094,-29.359076401260268,-461824103.45652455,7557981212.0,24.236948627598572,27.18564173199451,53.37513823623065,845.0539079366881,746.7996198953431,22.002926443433694,331.92708788804714
2024-11-29,772.8551438910868,782.6707754408694,770.4260168393869,779.7459106445312,10358590,867.8107153320312,784.1818294260975,811.7843605245165,36.34862189103932,-27.602531098419036,-456414157.3974565,7568339802.0,37.71627331686619,30.391336327341207,52.15551157139975,839.7594368734282,746.7649100503999,21.3059144547229,332.05178044617526
2024-12-02,780.5886279954074,789.9580833206958,778.3082465098792,783.315185546875,8425826,864.4000402832031,784.0484995985248,809.675532748395,38.112552795707465,-25.627033149870158,-457597376.0024475,7576765628.0,42.698920723011256,34.88404755582538,50.42982822916765,835.0799240942606,747.0819289330832,20.616194623015307,332.15457688235534
2024-12-03,788.2230169382557,799.1292473613007,783.2656394732352,794.4197387695312,9874135,861.1132995605469,785.6440748556028,808.5454739351459,43.37056690846783,-22.901399079543125,-453586008.6586975,7586639763.0,78.01492491015028,52.81003965000929,48.13003669162452,827.8785687361285,750.0992571916058,20.276724141947465,332.27722545131473
2024-12-04,798.1377341481681,799.1292095943148,777.366311448421,781.3817749023438,12392259,857.4894567871094,784.9883364012553,806.5333480808642,39.16337208072078,-21.545011679608933,-461405286.35883015,7574247504.0,56.666562245917284,59.12680262635965,46.28763760518662,823.9938566628693,750.4146577414276,20.38287942794363,332.4289485918167
2024-12-05,786.2400603489882,790.7017000357101,774.3423545177299,785.7938842773438,12169428,853.9350170898438,785.1122668437305,804.9970915028257,41.24065500476505,-19.884824659095216,-456537533.1652045,7586416932.0,65.39214127194374,66.6912094760038,44.7263845461614,816.5970787583988,753.5381751478512,20.095484148660535,332.57707444837786
2024-12-06,786.2400539333191,811.8696708297409,778.6056806509188,809.837158203125,19716910,850.7523815917968,788.9160962836373,805.3556149621072,51.04953378713771,-16.43951867846988,-439230127.7566509,7606133842.0,96.56330414670063,72.87400255485393,41.77549564721306,809.6402720735529,758.2245045377753,21.03609172224351,332.8256291605462
2024-12-09,809.8371603588823,813.3568862116393,790.2059579482101,791.9410400390625,15573233,847.4834875488282,789.3814722460105,804.3619427455853,45.02472328492281,-14.980470499574835,-452469040.73565584,7590560609.0,60.07399485472194,74.00981342445549,38.942178631348895,805.322528929142,760.4601492935142,21.187151475185345,333.02108847042274
2024-12-10,797.9394311959878,803.5412917024274,790.6521108340297,793.0812377929688,13113082,843.6514343261719,789.9506669455426,803.5263349713174,45.46631657925043,-13.575668025774803,-460639474.89384025,7603673691.0,62.19968911971851,72.94566270704706,36.311241402332165,804.3962610376568,760.836148630312,20.59443928898623,333.1845741408779
2024-12-11,796.055680105136,800.0711436608908,791.3957332870984,792.2880249023438,7763357,839.8064916992188,790.3102604773582,802.6938675588008,45.19433884661289,-12.38360708144262,-466805863.4372973,7595910334.0,53.142211065512505,58.471965013317686,33.868228261102345,803.4671620273785,761.2100169276995,19.743080080758098,333.28106301965073
2024-12-12,792.387224889999,795.1633441631574,778.8039985538156,779.646728515625,10602758,836.0725939941407,788.6697170986299,800.9866720741211,40.986395907557146,-12.316954975491171,-476316247.4441332,7585307576.0,21.478045544071264,45.60664857643413,32.4228628915899,803.4925792438992,761.3333240764134,19.501384761371217,333.4099082912052
2024-12-13,782.2741433125262,785.7443074463587,768.3934867771962,783.5630493164062,14101869,832.6044128417968,787.8840759013647,799.6960333513274,42.76436274378422,-11.811957449962733,-465760010.8946424,7599409445.0,33.737579297862744,36.11927863581554,31.666016575907822,803.6568215956528,761.5706259141128,19.34777304049916,333.57914737368446
2024-12-16,784.6536986227325,787.1819489278511,776.3252806019025,778.1099243164062,10015361,829.8104345703125,786.3803602729095,798.0970623117037,40.91588044873487,-11.71670203879421,-472482676.47086936,7589394084.0,21.609659548488168,25.608428130140766,30.84216045846373,803.166670446798,763.1018232055458,18.7412655608884,333.69961737889025
2024-12-17,778.8039500293688,789.561434235671,771.3678843066186,773.1029663085938,10270253,826.8161779785156,784.3376842783994,796.2456477929547,39.238769294314416,-11.907963514555377,-480794023.0226478,7579123831.0,10.474029078392872,21.940422641581296,30.357420905618618,802.4270403107851,764.6197553435118,18.70214301575725,333.82238733089946
2024-12-18,767.4019838969602,767.6498527548081,747.5724752691318,749.2579956054688,19085263,823.4025280761718,778.9408090979484,792.7650809642521,32.42279525378153,-13.824271866303661,-496674823.79307735,7560038568.0,2.5621880810181623,11.548625569299773,31.005908027325706,806.1379759005913,758.1822572537055,19.189882160307587,334.0384528993651
2024-12-19,738.1039508332066,749.3571735942684,735.0799626498908,737.7073364257812,17119599,819.9174926757812,772.5971979176151,788.6867295169579,29.728869600207872,-16.089531599342877,-507493530.32302904,7542918969.0,3.3565112888191417,5.464242816076763,32.05252066541871,810.9644174642948,750.401225846252,18.838977073455442,334.2255829078373
2024-12-20,737.9551860431709,743.1604323017591,715.3495572517025,717.8778076171875,17962656,815.6521643066407,764.1788301790878,783.4416241910491,25.770247458116472,-19.26279401196132,-522190263.08146685,7524956313.0,2.5796543914776446,2.832784587105021,33.60175983349915,818.0977733808237,736.6299426836293,19.47982692892695,334.4143828129723
2024-12-23,727.4455467289285,728.1395916440009,711.5819395952018,716.0435791015625,9653868,811.5613366699218,756.7734069363916,778.4491764066427,25.43289246832036,-21.67576947025111,-526641451.5311238,7515302445.0,4.383828883915246,3.4399981880707156,35.13841244604801,821.9031083662413,725.4480329911806,19.271100151774963,334.5139939668604
2024-12-24,717.3325064579857,738.946659718917,716.3410309825773,729.8250732421875,12553555,807.7025134277344,752.6275094449755,774.8473909870535,32.57486121873721,-22.21988154207793,-524218854.52025527,7527856000.0,17.924974911300307,8.296152728897772,35.63474618407017,823.1910991509369,719.5100177924226,19.53052732788779,334.64674486635533
2024-12-26,729.825038734503,741.4253133512678,729.2797393517834,734.4849853515625,9343210,803.9854711914063,749.8363518921427,771.8575831622023,34.847183602705286,-22.021231270059616,-525553598.8059695,7537199210.0,22.503618540500092,14.937474111905251,35.88936515973624,823.3774070032744,715.045487283835,19.003030661573266,334.7471674768736
2024-12-27,742.6151427206082,760.3129560280986,739.3432857034496,744.1023559570312,15835079,800.67791015625,748.9541986713563,769.8016404062637,39.38737829327126,-20.84744173490742,-534201130.05101675,7553034289.0,31.953263001345686,24.127285484382067,34.70457823374125,822.9960512162039,712.5565244673897,19.490526376927757,334.922713204025
2024-12-30,747.4733741769342,748.4648496378321,724.471131381129,727.39599609375,17441198,797.2315417480469,745.6375521209553,766.6604815682997,34.844920283734524,-21.02292944734438,-547390119.6996258,7535593091.0,17.196789816558127,23.884557119468003,34.227549362605615,822.7719533702964,707.5456308582193,19.812182939768856,335.10912071292046
2024-12-31,727.3959857675264,737.0628713740492,726.5036336594424,733.840576171875,7092699,794.2283630371094,743.8226327441737,764.2293774648608,37.82381657032658,-20.40674472068713,-544626288.1000729,7542685790.0,25.154070275227866,24.768041031043932,33.78459398226538,821.2088532661212,704.1612700248945,19.151258280828717,335.1846905606277
2025-01-01,734.1380042740165,744.6971814388289,729.7259264472806,742.8629760742188,7792251,791.0377941894532,743.6749932564883,762.646681065554,41.83334522727953,-18.97168780906577,-538743374.5062766,7550478041.0,37.42583250510467,26.592230865630256,32.82031811916296,817.3402407010202,702.8742063204642,18.852686617308688,335.26906492265164
2025-01-02,752.8273361789284,760.8087018629562,742.9621428361233,758.5283203125,15294572,788.2963647460938,745.9601204958747,762.3416173060685,48.09232299346437,-16.38149681019388,-527357394.6061302,7565772613.0,60.20349443625961,40.927799072197416,30.886833521732004,815.3593442689015,702.5697572935984,18.787903700982174,335.44072132348185
2025-01-03,761.4531568317751,793.7752327725966,754.9590046414553,783.6622314453125,24773025,786.5295556640625,751.7604452573266,763.9209220571237,56.2301617198199,-12.160476799797038,-515492869.31194514,7590545638.0,87.69607478136011,61.77513390757483,29.858043012415298,815.0572541844442,702.6586820948526,20.218498303136396,335.7339602702791
2025-01-06,790.899972851764,790.899972851764,758.7761442979945,769.6328125,16948151,784.5188427734375,754.5100402177379,764.3440250528922,51.38734577026036,-9.833984835154297,-520985321.5158627,7573597487.0,70.62726246958995,72.84227722906992,28.902737539478355,808.2835336141915,705.411968094793,21.068879035324475,335.9323728852648
2025-01-07,769.3849632150174,790.1563863738587,765.9147990768053,786.4879150390625,15547971,782.7986328125,759.4297132671725,765.984313200016,56.261193511155575,-6.55459993284353,-510143089.06580293,7589145458.0,91.13392656283263,83.15242127126093,28.015668171751194,807.3170147475021,705.8331744614823,21.295501054019404,336.11745929627193
2025-01-08,785.8433973222109,790.2059133963394,774.9867898348623,788.1734008789062,11861066,781.4234558105469,763.8518190535931,767.6279493243783,56.72839478964696,-3.7761302707851883,-501450111.5589042,7601006524.0,93.1845632689274,84.98191743378337,27.19431351692098,806.4061691372254,706.2532363803526,20.86147409026638,336.25969532576465
2025-01-09,793.1803988339711,803.0951538193957,762.8908344564712,773.4500122070312,17948464,779.4732238769532,765.328464154122,768.0592132416119,51.54850498611625,-2.730749087489926,-509970682.0027556,7583058060.0,67.60561645257239,83.97470209477751,27.02512513128826,803.389099924941,707.3865043231059,22.243105895456242,336.4725308520377
2025-01-10,773.4004401000371,781.2331206387856,760.2633899216,768.0465087890625,11144005,778.1228356933593,765.7466248671898,768.0582721710527,49.752979967077536,-2.3116473038629692,-512842275.9981152,7571914055.0,61.701000967500526,74.16372689633347,26.67737563278802,801.8941841673912,707.7213981079993,22.152150525579767,336.60160757138675
2025-01-13,762.4446420885433,766.9558434075516,742.4168253429333,744.5980834960938,12230175,776.35404296875,762.4930031177903,766.3204804173521,42.78799396616965,-3.8274772995617923,-522898185.60060984,7559683880.0,32.57142322407779,53.9593468813836,25.174319562720633,798.2183388445206,707.5007468488387,22.40054573419044,336.73712351999615
2025-01-14,745.0937904392566,772.3593649396952,745.0937904392566,763.9318237304688,11377053,775.093876953125,762.7143601351255,766.1435428849904,49.113439585674776,-3.4291827498649354,-518554219.90970075,7571060933.0,50.18910394761746,48.153842713065295,24.06333001306374,796.336754606846,707.9645210279198,22.783455427719797,336.86588385275365
2025-01-15,764.4275798184964,778.3082362613743,749.6050095854511,757.0906372070312,10500910,773.5104895019531,761.8491719923418,765.4729572792156,47.12788366009271,-3.62378528687384,-523577982.49103343,7560560023.0,41.48796362016982,41.416163597288396,23.33957116600311,794.5580029751123,708.142039749497,23.2062962311629,336.98499721177643
2025-01-16,763.3370059076145,774.3423596687935,760.8086949897644,767.7490234375,8680163,772.5239721679687,762.756841445443,765.6415547724218,50.486425474625456,-2.88471332697884,-523355430.13216525,7569240186.0,55.044108294448485,48.90705862074529,22.667509379446813,796.0515145544578,708.4976309533547,22.780969533348564,337.0847894895777
2025-01-17,767.3028592507917,778.8039500293688,765.6669005858436,773.1029663085938,7007239,771.4155017089844,764.3485529628508,766.1942519232493,52.131336199999815,-1.845698960398522,-522429945.7359388,7576247425.0,60.841373237968874,52.45781505086243,22.288315733648638,798.1829501480838,709.9057583480098,22.092118098361187,337.16622992553823
2025-01-20,773.3508841762599,776.3253106538609,760.4617027733223,767.7490234375,9956101,770.1196435546875,764.871702266643,766.3094201835642,50.33066105538919,-1.4377179169212013,-523238909.32579786,7566291324.0,51.82431157053531,55.90326436765093,21.53670683473927,797.760530662417,715.315299415708,21.647224511373867,337.28073605525515
2025-01-21,768.3934788699218,779.9441921453295,751.9350104962001,754.2649536132812,11657178,768.9497021484375,763.2398947815103,765.4172374746544,46.01935382116235,-2.1773426931440554,-532956683.16998,7554634146.0,19.52612830286506,44.06393770378978,20.21965692484037,795.2969189342068,721.6010485950901,22.101650021213544,337.41282275159585
2025-01-22,757.6359949907503,758.9249009824198,724.76855937145,736.4183959960938,12418474,767.7063916015625,759.1135103529847,763.2691751429091,41.01202922125478,-4.155664789924458,-536903922.4648603,7542215672.0,14.87341139590333,28.7412837564346,20.10182874451582,794.7027270091621,722.8545727955254,22.962699420481847,337.54615619748927
2025-01-23,736.4183806055012,753.2239013604598,733.4935159642782,746.0852661132812,7916689,766.6712902832031,757.109165085338,761.9962929925663,44.532646244976846,-4.887127907228319,-534715895.5260979,7550132361.0,27.215158391697855,20.53823269682212,19.992416862785884,794.0484552597967,724.6688726210626,22.731819847317542,337.6320021157911
2025-01-24,743.656147546744,747.7212331917888,725.9583350088074,727.8421020507812,9513166,765.6649426269531,752.6065400030984,759.4663529228044,39.7152576885525,-6.859812919705973,-542582167.952921,7540619195.0,3.924009081454263,15.337526289685188,20.25915616749163,795.3266981473224,721.7646043429119,22.66261115700782,337.7324678178517
2025-01-27,726.7019432808565,726.7019432808565,703.2535246791739,706.9715576171875,14123990,764.2134216308593,745.585773482189,755.5778495668327,35.04465181485993,-9.992076084643713,-552227095.9804939,7526495205.0,3.7239305588572122,11.621032677336482,21.435544840360212,798.5925563524804,716.4563022900977,22.800180172336358,337.87343025816995
2025-01-28,710.3921557189753,734.5345585775916,701.4688767218074,722.0419921875,16104653,763.3002722167969,741.963653283006,753.0937119831784,40.48720709861769,-11.130058700172413,-548291461.4613086,7542599858.0,20.243893659448837,9.297277766586808,21.946245463726314,799.6523497987542,714.2166504453863,23.533430292582633,338.03705034690216
2025-01-29,725.264281942678,748.5639547050198,720.3564664280642,746.0852661132812,12461404,762.9155786132812,742.5977475645868,752.5745678446675,47.97648789725421,-9.976820280080688,-538020109.9486886,7555061262.0,55.93532540459148,26.63438320763255,21.474035913682943,799.6238460400892,714.5673832079577,23.8672915771807,338.1698587630665
2025-01-30,702.9561193253331,704.6416397539092,677.3760638985542,690.90966796875,59390998,761.2032995605468,734.6457353190734,748.0067974834884,36.59518747041143,-13.361062164414989,-538452202.6587476,7495670264.0,13.194746069299837,29.791321711113422,22.569892741653486,805.0823082294246,702.3470557842472,27.070285194148294,338.72684611162
2025-01-31,699.981666610129,710.887896543148,690.5130881803434,709.9955444335938,19157717,760.0581457519531,730.8533982597688,745.1911491094221,41.74342008604237,-14.337750849653276,-520972580.3799134,7514827981.0,31.802745250998672,33.644272241630034,23.21424280943008,802.825918120895,697.2367771916049,26.592036849052317,338.91266505880725
2025-02-01,713.3665969109671,718.5718431010749,694.9251774719576,700.5269775390625,14087493,758.3835437011719,726.1877950719679,741.8826919560621,40.00786599970667,-15.694896884094192,-528385532.4132946,7500740488.0,22.57125486857674,22.52291539629179,23.359899778467984,802.7258871958004,690.4262246206058,26.381653190485533,339.0495127576459
2025-02-03,694.0328491569122,694.0328491569122,680.152192173774,681.58984375,17806760,756.2191540527343,719.3265717916652,737.4165550519093,36.719629167447195,-18.08998326024414,-542503718.2179123,7482933728.0,4.108274103732876,19.494091407769467,23.979252484828187,801.0707351536582,681.5915695338417,25.952591202971462,339.2131653343447
2025-02-04,690.3643339249243,707.2689780043103,687.8360836663117,704.4928588867188,16792005,754.7825048828125,717.0444621139811,734.9777627433766,42.8386671068389,-17.93330062939549,-530509413.9919076,7499725733.0,26.437837417606477,17.705788796638736,23.795662438927923,794.8651133121617,679.4291371761195,25.933058563781376,339.37385878858163
2025-02-05,704.9390247670548,719.2658567123384,704.6415942435423,710.9374389648438,12907325,753.4559094238281,716.1049200910369,733.1969980190408,44.465939319894886,-17.09207792800396,-532303356.1268554,7512633058.0,32.72105637488292,21.089055965407464,22.99378018943268,790.2895829106988,677.7534102533637,25.135911368198396,339.5013024302462
2025-02-06,716.8367591515748,717.2333735423882,702.1133727442394,703.6005859375,10016927,752.0718103027343,714.1811763751082,731.004671198186,42.96630374624737,-16.823494823077795,-540349740.1104618,7502616131.0,25.567905437301665,28.242266409930394,22.350691469771135,786.2799253727061,675.3184755062001,24.420489184623424,339.5990934444766
2025-02-07,704.939051463151,709.8468670889677,697.1063711298389,700.7252807617188,12259132,750.4913977050782,712.111038588433,728.7617533880773,42.36331800710119,-16.650714799644334,-545644513.5775433,7490356999.0,28.63218863458714,28.97371681559061,21.959393627994984,785.1888520517656,672.0222685537032,23.58620395423095,339.7170494460456
2025-02-10,703.6996815999349,703.8484271193545,687.1420299299061,690.06689453125,10981963,748.6264318847657,708.7196318104047,725.8954675468308,40.115880782947315,-17.175835736426052,-552781152.6016167,7479375036.0,16.731961064901476,23.64401837893013,21.993876533637724,781.4328004103538,668.391827275193,23.094789185317904,339.82006896655
2025-02-11,690.0668997544725,691.0583751851542,669.3450390472816,671.9724731445312,11939990,746.1774865722656,703.0662227848858,721.9011716651789,36.56898492640642,-18.834948880293155,-561831532.5806029,7467435046.0,3.3166751595052877,16.226941619664675,22.658332871832567,779.6102081550625,661.7026031242344,22.996113967643236,339.92687437499796
2025-02-12,674.2033411253087,681.6889690598305,661.3637212759057,678.5162353515625,12312424,744.12017578125,699.2893016412976,718.687472678985,38.680518877238,-19.39817103768746,-553363001.9560316,7479747470.0,19.670261650847777,13.239632625084885,23.53176225978141,773.7059980644597,658.6835344062436,22.805337811663343,340.0357658458805
2025-02-13,678.5161844910115,687.2412166634488,673.5588073543347,678.0204467773438,8490769,741.96470703125,696.0171701237663,715.6751003899745,38.57574225665695,-19.657930266208268,-556316332.5055053,7471256701.0,19.10169829416619,14.02954503483979,23.979838309449885,764.9278538466971,657.953426670881,22.153700061481253,340.1121099743407
2025-02-14,680.1025860172471,685.0599631869699,663.44581082995,674.8477783203125,9968127,739.2649194335937,692.7603406155426,712.6508543107403,37.86882787249158,-19.890513695197683,-555767622.3780117,7461288574.0,15.463326775802834,18.07842890693897,24.74092403893172,755.8695661196992,657.7215898861601,22.11516093973401,340.2003334233877
2025-02-17,672.2203447446382,684.8120948686376,661.3636766314102,680.7470092773438,10313575,737.0410388183594,690.9121357942812,710.2876065304887,40.06803647557263,-19.37547073620749,-549030029.7494508,7471602149.0,33.47599800014793,22.680341023372353,25.517810346803937,748.2776777595815,657.9616838126841,22.210393603840682,340.29189001753946
2025-02-18,680.7470343092738,682.085562504289,666.4202621625473,676.5828857421875,7810143,734.7110717773437,688.7076357862667,707.7909605461701,39.01816388730501,-19.083324759903462,-546706751.5343249,7463792006.0,26.284345579917513,25.074556785289463,26.239204775542426,743.9744697807579,656.2813407661171,21.742886942262185,340.36106333615135
2025-02-19,675.9383697509766,685.0599557471772,669.2954723127186,675.1947631835938,9986815,732.3692065429688,686.6287323089324,705.3764274082016,38.65456029607857,-18.747695099269208,-549219153.9659004,7453805191.0,23.886987558762506,27.88244371294269,26.67374922325113,736.2593564458808,656.9074038080254,21.315858120276214,340.4498663534694
2025-02-20,674.2032916690373,686.9437267247812,669.245914524412,683.9197387695312,8673335,730.4546667480469,686.2119640721015,703.7870430645964,42.294542936214036,-17.575078992494923,-543509807.9917644,7462478526.0,38.95546265545636,29.708931931378828,26.923205599083467,731.6906583246384,657.0838656011429,21.057426268854282,340.52775915245155
2025-02-21,680.1521777229118,684.1180796338326,665.3791688987877,667.4613037109375,14577524,728.1326318359374,683.3272470934609,701.096247556918,37.74483460152962,-17.769000463457132,-554847829.9070904,7447901002.0,10.530911048607946,24.457787087608974,27.32831225929927,731.0026980071275,653.8208005280287,20.891818016439323,340.6556214828006
2025-02-24,664.2885488273944,670.8322625651236,660.3226470433502,662.553466796875,8861769,725.8215026855469,680.1312808939862,698.2412267598778,36.48447748111902,-18.109945865891632,-559947518.4969333,7439039233.0,3.7846933786818746,17.757022360915432,27.929271557326683,727.602564061197,651.2720819348967,20.150232123963185,340.73148648119894
2025-02-25,662.0577423642858,666.7672508273788,654.3738075034498,655.9601440429688,10251257,723.4786462402344,676.4126444553681,695.1092947067734,34.80314545513636,-18.696650251405345,-567574493.748906,7428787976.0,2.523619934850119,5.613074787380018,28.743645044664124,715.8779029112742,653.9842308777883,19.5961757811036,340.8177030436416
2025-02-27,656.3567809161118,659.3312074157317,640.1461806991284,643.0214233398438,12281857,721.3539147949218,671.2755335145182,691.2509338647786,31.71445560135831,-19.97540035026043,-576175009.0989612,7416506119.0,4.1251281581847845,3.4778138239056307,30.04482156651533,718.2984880910027,646.7748212351693,19.566807990782145,340.91719435284983
2025-02-28,639.5016555656409,639.5016555656409,613.1779948697479,615.3592529296875,20477619,718.906953125,662.6730288091596,685.6293278695866,26.333658647525382,-22.956299060427,-593258953.3355502,7396028500.0,2.4056994169111845,3.0181491699820673,32.026942951621045,721.8628812231277,633.7467989526535,20.300852310733124,341.06951566673496
2025-03-03,615.3592427594505,621.506341942879,601.1315341936396,615.85498046875,18362700,716.8664965820312,655.4702521414042,680.4608576917469,26.574083962346904,-24.990605550342707,-585082779.4238626,7414391200.0,16.37269375057853,7.634507108558204,34.137214027862484,723.9072654359317,623.2352150328182,20.306134842055,341.2011932982382
2025-03-04,608.2206468350705,623.7868240131002,607.7744707649789,613.921630859375,11878225,714.8240576171875,649.0781565595536,675.5320260745342,26.214741365375787,-26.453869514980624,-587840877.0346138,7402512975.0,14.853261908403539,11.210551691964456,35.89001158426111,726.6385261487304,613.7371330309571,19.999436156774017,341.2870333355766
2025-03-05,613.7233104295921,636.1306316448256,613.3266960392026,635.3374633789062,12373061,712.9343054199219,646.9642037625308,672.5546510600432,36.46373717808025,-25.590447297512355,-576328537.5791059,7414886036.0,39.72367358021505,23.649876413065744,36.44597777573539,722.8228316545083,610.6372879743981,20.199757545977516,341.38066773251484
2025-03-06,647.6813692303816,650.3583651786231,630.181802480363,634.1973266601562,16991501,710.9285522460938,645.0000688237039,669.7133677711627,36.17564290581322,-24.713298947458725,-586556767.3384237,7397894535.0,38.532743997325255,31.036559828647984,35.8843113531668,716.8219506774852,608.9641577209524,20.19810077114056,341.5136232145337
2025-03-07,634.5443249589733,645.9462932980798,629.5869474202314,642.7735595703125,10123450,708.9019763183594,644.6575289385669,667.7178264229516,40.01484978285631,-23.060297484384705,-580360003.8326383,7408017985.0,48.526933234529395,42.261116937356604,35.38677576720788,711.0460852755784,608.6573204861404,19.923903993048267,341.5930982041148
2025-03-10,642.7735018984355,648.672792743206,637.8656864724546,642.6248168945312,10309166,707.206552734375,644.3448040087152,665.859084976402,39.969942963003945,-21.514280967686773,-581589465.3663979,7397708819.0,48.35359810417799,45.137758445344254,34.715684582374145,705.0333867504872,608.8599726245128,19.27270415574134,341.67497042697846
2025-03-11,634.5442697259498,645.5992448810244,633.0074949256787,642.525634765625,9534750,705.38025390625,644.0649318174706,664.1306812570851,39.937757681858265,-20.065749439614592,-576709525.7226602,7388174069.0,48.2380176417976,48.37284966016836,34.31324665280109,700.525391781672,608.6138416167654,18.795493141427375,341.74998065901485
2025-03-12,648.9206783149474,666.1723752522585,646.6898585652017,662.60302734375,18732785,703.7750549316406,646.9169465138212,664.0175217079492,48.90678906319568,-17.10057519412794,-564840723.2393245,7406906854.0,71.63491729663258,56.07551101420276,32.46475236551115,699.5257044302565,608.6765843881029,19.142010808942096,341.9061735504249
2025-03-13,664.9330479825593,666.1227701343511,644.0624409327859,649.9121704101562,14004345,701.6027319335938,647.3777501901804,662.9726808710756,44.39407955148509,-15.594930680895118,-571418014.0907443,7392902509.0,58.7813795088892,59.5514381491065,30.889081169708476,696.7106833875654,608.6311989366533,19.35046212270089,342.0209525983901
2025-03-17,659.3807578891696,660.7688477713624,651.8455684240512,655.4148559570312,9174398,699.0377844238282,648.6142280004652,662.4128419885537,46.69095558560034,-13.798613988088505,-573252943.465039,7402076907.0,77.88056600223426,69.43228760258539,29.42595791646313,694.0538959677564,609.027427274431,18.74376321116555,342.09673789805
2025-03-18,655.4148559570312,655.4148559570312,655.4148559570312,655.4148559570312,0,696.7534252929687,649.6604784553216,661.8944726528854,46.69095558560034,-12.233994197563788,-573252943.465039,7402076907.0,82.7039370443744,73.12196085183267,28.067343467021026,691.7752801781318,609.3627508277276,17.40492298179658,342.09673789805
2025-03-19,679.5573150197439,679.9043072301768,672.7656717045911,676.4341430664062,9338414,694.5523498535156,653.7795037801038,662.9714852761092,54.93705789308657,-9.191981496005383,-572993527.6834259,7411415321.0,95.59471625791193,85.3930731015069,26.8994909627105,690.966534387151,609.7402099976147,17.910960716892934,342.1788408488363
2025-03-20,679.1606637631958,686.7950366121185,673.2118112338832,684.1676025390625,9712600,692.4722338867188,658.4545958968666,664.541568036328,57.53945687831009,-6.086972139461409,-567038388.1491637,7421127921.0,96.93284304414668,91.7438321154777,26.176023094879216,692.4451555778446,609.0200604866086,17.601836764131672,342.2654738084795
2025-03-21,687.0925094813092,698.9902152731934,682.6804314805133,696.9577026367188,14823483,690.9423876953125,664.3781507799208,666.9427631919126,61.49954634535156,-2.5646124119917886,-555909487.1126094,7435951404.0,97.92301243583867,96.81685724596578,26.089026432375565,697.0189057935818,606.6226042161838,17.50954726617084,342.40208356698264
2025-03-24,703.947560578355,711.3836263591122,696.0653187477806,707.417724609375,11671359,689.7298120117188,670.9996236767599,669.940908482095,64.42197940227409,1.0587151946649556,-550281545.473633,7447622763.0,96.17224778351365,97.0093677544997,26.529215975176843,702.4879459737474,603.5033626200027,17.35303014796804,342.51327380347925
2025-03-25,712.8708435749605,716.8863070164654,700.3286550140474,704.2449951171875,13617465,688.9227502441406,676.1142962060566,672.4819519365464,62.86328516405312,3.632344269510213,-557457200.4543358,7434005298.0,87.7932026009123,93.96282094008825,27.152869581761934,708.8663530066516,600.8033247277234,17.296217423285892,342.6437040793188
2025-03-26,704.2450370905449,711.7306650289789,700.9731800363462,702.2125244140625,9363180,687.6883642578125,680.1294082380574,674.6842165645105,61.8312118335948,5.445191673546901,-564662960.8532872,7424642118.0,83.19142010861226,89.05229016434612,27.731976502162375,714.6164914377855,599.0190920583082,16.829165106810667,342.7327956785218
2025-03-27,662.3055917260593,670.8322562758707,655.464387006778,662.8508911132812,34238666,685.8035693359375,677.4711748342457,673.8076739384935,46.059841706216,3.663500895752236,-565988274.640066,7390403452.0,38.10330779847423,69.69597683599964,26.118574205762787,715.0185941689316,599.3060640341934,18.966234556844512,343.02054655361513
2025-03-28,666.1227501058806,679.1111146777783,663.5944998370503,668.7006225585938,16013687,683.8226013183594,676.12185909953,673.4293738362786,48.17549420764308,2.692485263251342,-571462568.6235222,7406417139.0,42.55321068958682,54.61597953222448,24.300729432092574,716.1297927255774,600.7627853994226,18.772948057391122,343.1580685520474
