Date,Open,High,Low,Close,Volume,SMA_50,EMA_12,EMA_26,RSI,MACD,ADI,OBV,SO_K,SO_D,ADX,BB_High,BB_Low,ATR,VWAP
2020-04-01,359.34606543506163,359.5120552725574,338.7645919102559,343.20452880859375,8136746,,,,,,-4654234.60408201,8136746.0,,,0.0,,,0.0,347.1603919971357
2020-04-03,347.64440889415613,355.6944329073166,331.3783963960458,336.7727355957031,8166356,,,,,,-9197294.984441187,-29610.0,,,0.0,,,0.0,344.21578512707276
2020-04-07,352.7068226320229,380.05198524667793,352.7068226320229,374.4086608886719,5972948,,,,,,-5689666.60330781,5943338.0,,,0.0,,,0.0,350.87622331381897
2020-04-08,374.28421215851665,395.6955826791168,372.6244152088115,384.32598876953125,7991061,,,,,,-5574680.24007385,13934399.0,,,0.0,,,0.0,359.67834606386606
2020-04-09,398.9321608375323,399.18112022058796,383.41305102268535,389.2638244628906,5069225,,,,,,-6882013.201146261,19003624.0,,,0.0,,,0.0,364.117029772771
2020-04-13,390.0522711338141,390.88216958303497,376.77389594628,380.30096435546875,2236731,,,,,,-8000378.701146256,16766893.0,,,0.0,,,0.0,365.2204401052234
2020-04-15,390.05229198963775,400.0110739127774,383.9940431169913,397.31390380859375,6333188,,,,,,-3800131.0139374053,23100081.0,,,0.0,,,0.0,369.3389597486311
2020-04-16,392.5418356002965,395.031530117846,379.01450551887075,381.5456848144531,10484842,,,,,,-10971122.201777142,12615239.0,,,0.0,,,0.0,372.39592262629
2020-04-17,390.0522187435647,394.201710432326,376.4833758560177,377.81121826171875,4706460,,,,,,-14972161.820214631,7908779.0,,,0.0,,,0.0,373.2270476506374
2020-04-20,380.09349508082613,393.039916135777,376.35895200688793,390.0522766113281,4800719,,,,,,-11891105.750888154,12709498.0,,,0.0,,,0.0,374.2230296772432
2020-04-21,380.0934178065945,385.86122106766015,371.6699552065272,378.1846618652344,3405204,,,,,,-12169893.067537367,9304294.0,,,0.0,,,0.0,374.4430620948265
2020-04-22,375.9440154229929,389.5958556942259,373.45431995661545,383.74505615234375,3768051,,375.85455368339024,,,,-11133442.26010396,13072345.0,,,0.0,,,0.0,374.85776755676835
2020-04-23,385.90278429931016,398.9736850578352,383.74504323577924,396.4425048828125,3052968,,379.0219307909937,,,,-9095352.95603424,16125313.0,,,0.0,,,0.0,375.60720580939164
2020-04-24,398.35121892003764,412.3764963542163,386.0272230194013,388.4754333496094,6738184,,380.4763158000115,,61.27244115256531,,-14581396.795201318,9387129.0,70.49182262676528,,0.0,,,20.700059905787242,377.27537835570104
2020-04-27,392.62493572798405,403.08166056996726,387.7700250520823,400.9239196777344,2914569,,383.6221010119689,,65.95447901583891,,-12488279.521529114,12301698.0,85.8606847785364,,0.0,,,20.31517244950851,377.97058245679597
2020-04-28,405.82032551003255,405.82032551003255,389.5958216043889,390.96514892578125,4262237,,384.7518006910169,,59.732878596675135,,-16031061.84873395,8039461.0,64.11686859874457,73.48979200134875,0.0,,,20.022981839232447,378.817314812371
2020-04-29,394.035751022175,415.77909927872395,390.21823863529835,408.1025390625,3849090,,388.3442219789374,,65.72474530362678,,-14493926.174126768,11888551.0,82.59644257966296,77.52466531898132,0.0,,,20.41854461096053,379.9015042510393
2020-04-30,420.3435800457761,469.30759035713004,415.7791384065821,451.09130859375,8035267,,397.99761991967785,,75.5522856636239,,-11927626.886894373,19923818.0,81.34297114500774,76.01876077447176,0.0,,,23.331866516936923,385.1679055884037
2020-05-04,437.77142277607715,437.77142277607715,421.75439317287555,426.7752685546875,7032527,,402.4249504789101,,64.31857843384412,,-14551166.382848062,12891291.0,56.43859897176141,73.45933756547737,0.0,,,23.760798581503888,388.0346071987554
2020-05-05,436.5265920452101,439.76321631586376,427.93716320437284,431.8791809082031,4592828,,406.9563705449552,,65.47884002446781,,-16082109.049514743,17484119.0,61.666001648652355,66.48252392180717,0.0,441.8990981815844,339.2593826533766,22.99130923719477,389.89392655754096
2020-05-06,425.0739333497521,437.10745909492545,420.0945433862321,430.8002014160156,6921533,,410.62465221742605,,64.99766157866118,,-14292664.271379052,10562586.0,60.56091600158275,59.55517220733217,0.0,444.27099280855396,345.6470552871492,22.564281128016095,392.19817699192595
2020-05-07,439.84611447869594,449.6389046327211,421.2148868574469,424.7004699707031,19998641,,412.7901626410071,,62.21425100532916,,-29386514.82909958,-9436055.0,54.31360016286557,58.84683927103356,0.0,442.41512844661355,356.29569308658955,22.98283374567739,397.92515439138856
2020-05-08,432.25260161602387,433.6219543646846,416.94098990660126,430.2193908691406,10120968,,415.4715823684122,,63.72775012656144,,-23394473.108260967,684913.0,59.96605261106831,58.28018959183888,0.0,445.6090338855649,358.68286064568514,22.532700225134956,399.90059404462505
2020-05-11,436.5265643216617,443.91268044304877,432.5430620782196,437.8128967285156,4425540,,418.908707654582,,65.75992771282624,,-23717524.653518267,5110453.0,67.74328507646166,60.67431261679852,0.0,450.11209631433917,359.52848901280925,21.90131375004733,401.00509857687837
2020-05-12,436.07001237977437,448.14502086698616,431.54705713117187,437.6883239746094,6439945,,421.79787939612464,,65.69490213069477,,-25391894.63099628,-1329492.0,67.01284551856989,64.90739440203329,0.0,454.09830916703476,360.3847261112856,21.522503034744968,402.54472035041533
2020-05-13,448.02065994748693,448.02065994748693,432.83352837609414,438.8088073730469,3502017,,424.4149452387281,404.80328271897935,66.02037036423003,19.611662519748734,-26138219.612565655,2172525.0,64.35498473318279,66.37037177607145,0.0,457.23566066918767,363.0981589108905,21.069976501648387,403.3472323608442
2020-05-14,431.04922010440595,437.81286121574414,426.8581929451213,429.430908203125,3741672,,425.18663184863533,406.6275512733605,60.81948260327907,18.559080575274834,-28122420.476600725,-1569147.0,52.117547714106216,61.1617926552863,0.0,459.16825203201,364.3772679875213,20.418593496382474,403.97616027972595
2020-05-15,429.8459750889566,429.8459750889566,419.3062531039884,424.28564453125,4895121,,425.04801841519145,407.9355581813523,58.11446242134069,17.11246023383916,-28392234.74126719,-6464268.0,44.78379915141657,53.75211053290186,60.91685020548853,459.479977035036,368.3395389561749,19.712959816995742,404.5610579576157
2020-05-18,427.14868350772304,430.42679206427414,421.17340536019526,423.8705749511719,5159655,,424.8668732668807,409.1159297939315,57.89077831303688,15.750943472949189,-30544025.69948969,-11623923.0,42.9983600703934,46.6332356453054,59.8115332083284,458.8114685417577,373.61398311839855,18.965847451787393,405.16227426782416
2020-05-19,424.9079232995658,431.9620587449688,420.09452336153225,430.09478759765625,3966934,,425.67116777930767,410.6699192608741,60.355041411914684,15.001248518433556,-27825428.639244083,-7656989.0,50.41961793113351,46.06725905098116,58.84571805219607,459.44939225077303,376.98031050801603,18.4588251611909,405.65004920916135
2020-05-20,427.43907578407965,438.72572217127777,427.3975910029255,437.1488952636719,3138708,,427.4369720076714,412.63132489071097,62.99792642068162,14.805647116960415,-25560509.820524856,-4518281.0,39.92223962843564,44.44673920998752,58.21228632324158,458.8026159388654,383.5235101597674,17.949489875988142,406.14125599444617
2020-05-21,439.6801778465104,446.0704058846635,434.36885828916024,443.87115478515625,4523685,,429.9653078195921,414.9453863643736,65.36730501882627,15.019921455218537,-22737235.66428327,5404.0,82.36049639288633,57.567451317485165,57.88965532751349,458.8636687000292,389.4750672618848,17.503208284524938,406.9888135027524
2020-05-22,442.87536230948973,443.9957050423276,434.03692287315386,440.1781921386719,6410434,,431.5365207917582,416.8144830883957,62.98133710668839,14.722037703362503,-21241441.64682718,-6405030.0,71.06631241382559,64.44968281171585,57.55050089704116,459.2509407108738,393.4613639766262,16.964320704856995,408.0555446890988
2020-05-26,439.846181505509,445.24052146736904,431.75467156271895,434.8667907714844,4055691,,432.0488700194084,418.1516910649208,59.611176474287255,13.897178954487629,-23425275.262211785,-10460721.0,54.82245890917188,69.41642257196126,56.95123194832445,456.7478049302748,400.6036354994127,16.715858504842213,408.65174902529105
2020-05-27,439.5971181425286,443.08270096266403,428.227501857954,440.6344909667969,4828798,,433.3697347805451,419.8170836502449,61.98975572121441,13.552651130300205,-20188096.660685554,-5631923.0,72.46181066485165,66.11686066261638,55.95294020795281,456.0943492296657,405.2281483289281,16.58295426197563,409.3312931444799
2020-05-28,440.67608402774204,453.12456097767824,434.0368963211094,450.34442138671875,4492767,,435.98122502764875,422.07836792702074,65.6566409439837,13.902857100628012,-17004082.68358171,-1139156.0,92.3165693471815,73.20027964040167,55.48542310274918,452.96704271657313,414.2933820881144,16.761862147303717,410.1191248848283
2020-05-29,448.1451823656151,460.5936596535488,445.4065274928664,456.6516418457031,7853755,,439.1612891535033,424.6393511802564,67.82776418279414,14.52193797324685,-13227416.332169058,6714599.0,90.4522513345231,85.07687711551876,55.350764970175135,454.1133501451807,418.00198493782716,16.64938143397362,411.72234661008883
2020-06-01,462.2533631216154,475.8637157978757,461.0085156446272,464.53558349609375,4503261,,443.06502674467106,427.59462764809626,70.35091426925051,15.470399096574795,-15592260.220853366,11217860.0,79.97057901431226,87.57979989867228,55.73711432791091,457.7345582842328,415.7252042890094,16.832430899559263,412.85391039108373
2020-06-02,464.1621288541449,471.17477991880213,456.4440844655943,464.9090576171875,2930058,,446.42564687890433,430.3586594976586,70.46906619848444,16.066987381245724,-15154810.911860745,14147918.0,80.63092356179514,83.68458463687683,55.55250387927079,462.41994581345335,414.85319566603886,16.68230693910559,413.52686174946894
2020-06-03,468.0627523407384,471.7143259889876,462.2534628613321,467.0668640136719,4202273,,449.60121874579164,433.077785758104,71.18357287276311,16.523432987687613,-15081104.981033761,18350191.0,84.4461696738128,81.68255741664007,55.40111618710421,466.962683168078,413.8292266219611,16.166489524002014,414.51410859449754
2020-06-04,468.89275197124203,484.4118673440752,463.91335991491025,480.4698486328125,5315353,,454.3502387284102,436.58830893400835,75.19772919696209,17.76192979440185,-11810117.509145755,23665544.0,93.94519388646594,86.34076237402462,55.69879588206521,474.2464263922705,411.51244811944827,16.475919374370793,415.92295717229234
2020-06-05,485.49055065165453,487.27485242378737,475.11682093687557,477.97998046875,3995824,,457.98558361153937,439.6543586773226,73.15890005666114,18.331224934216777,-13923945.795348076,19669720.0,86.16429528586569,88.18521961538147,56.064743851103195,479.2452762537458,411.84154930777765,16.167498810980867,417.0055145477696
2020-06-08,480.6356311399817,484.2456685621606,473.9134243722704,479.8887023925781,3771973,,461.3552941932376,442.6346804340082,73.74654309566584,18.720613759229423,-13333151.724444434,23441693.0,89.00548697169286,89.70499204800815,56.24557968861378,484.08377576469553,411.96998094917166,15.750694909474388,417.9823161808671
2020-06-09,476.4862572350865,484.3287577549397,473.0421581034895,475.4073486328125,3812291,,463.51714872240296,445.06228548577144,69.87835815927802,18.454863236631525,-15547655.109630836,19629402.0,80.18028294988103,85.11668840247985,56.29256788355989,487.52360998926554,412.28959191503134,15.431830962472661,418.91156039366007
2020-06-10,477.19145157672045,487.56517878491,476.02957386821726,480.2620849609375,6491708,,466.09329275910056,447.66967803948745,71.61532146616399,18.423614719613113,-17275637.874738146,26121110.0,87.69231590754296,85.62602860970561,56.46227333859384,491.4224435201012,412.6481344828285,15.197973761731578,420.52445691623694
2020-06-11,481.340998531165,485.4075203316683,476.44457845733206,479.7226867675781,4975680,,468.19012260655865,450.043974982309,71.12457159875366,18.146147624249636,-18611705.30426545,21145430.0,86.7832843759861,84.8852944111367,56.61985697541108,494.7373345237133,413.42463141866955,14.75261434120334,421.6905341039514
2020-06-12,460.7596100436763,480.2622227921586,460.7596100436763,473.6645202636719,6624056,,469.0323376307299,451.79364500315074,65.68069368039872,17.238692627579155,-16469464.288100224,14521374.0,76.5736388056619,83.68307969639699,54.64545397971954,496.14928845096864,416.43603869746886,15.091899941723268,422.94831158030723
2020-06-15,477.0257488659849,482.1711307881268,467.81389382296925,480.4698486328125,3787100,,470.79195470797333,453.91780823497754,68.58914031814604,16.87414647299579,-13579880.386222247,18308474.0,88.04245376705296,83.79979231623365,52.93351648317001,497.4294265387517,420.774321019842,15.039424014825716,423.71401906427707
2020-06-16,485.49051449198765,492.54465017264044,480.0132058717289,482.08795166015625,4728405,,472.5298003929246,456.0044855257315,69.25628602893445,16.52531486719306,-16742585.83489198,23036879.0,82.12767056650465,82.24792104640649,51.95229425420674,497.9645401061887,426.06094512330355,14.860282606688987,424.78063447154807
2020-06-17,481.34097905969924,482.8762705420643,475.53169138139253,477.8968811035156,3572351,428.1470751953125,473.3555051176309,457.6261444574193,65.38275047240361,15.729360660211626,-18014113.960176483,19464528.0,68.92585398737174,79.69865944030978,50.50349442619928,497.81529021242574,430.9904043676524,14.323446646259184,425.4826292800062
2020-06-18,474.03813389338393,484.4948369504825,473.1252149579259,480.4698486328125,1918229,430.8923815917969,474.450019504582,459.3182706926336,66.6171774906982,15.131748811948398,-17454039.051960796,21382757.0,66.5523204322774,72.53528166205126,48.8729892708662,498.2027125948843,434.93507732210793,14.112459170994715,425.85622085941685
2020-06-19,476.36168678633817,479.68128042247986,470.718387735493,472.7101135253906,6182627,433.61112915039064,474.1823416616295,460.31025905061557,59.70263237914598,13.872082611013923,-20888870.65258131,15200130.0,45.05754616643446,60.17857352869453,47.07051044344174,497.95891452194206,438.0627712690736,13.800959294303626,426.91670071877445
2020-06-22,477.1915851953736,478.56093783147367,469.22458072982505,472.7101135253906,2666273,435.577158203125,473.95584502528504,461.2287667894878,59.70263237914598,12.72707823579725,-21564349.623978876,17866403.0,37.59788703499051,49.73591787790078,45.21395146852887,496.76287120676557,442.5120067229219,13.482059137685411,427.3517228266804
2020-06-23,472.793015501687,484.24560055122555,467.8551110724137,481.5484313964844,4521803,437.52160705566405,475.1239352362388,462.7339271307468,64.56159581522459,12.39000810549203,-18530734.95309279,22388206.0,65.40442065971864,49.3532846203812,43.93087705318079,494.34498902366425,449.5980529685233,13.689804162051585,428.13956257890305
2020-06-24,477.1915886657841,481.1750909275287,460.0957015765147,464.4111328125,5339893,439.02455322265627,473.4758117864328,462.85816458865446,51.575757317187986,10.617647197778354,-21684232.449381422,17048313.0,13.299140411903881,38.767149368871,41.80225855766523,490.76571557519077,455.554990601567,14.244298851902874,428.87033570925826
2020-06-25,462.751318367811,465.32403374838856,454.78431414758444,456.485595703125,6353371,440.5482458496094,470.8619323890008,462.3861224489856,46.879521125931284,8.47580994001521,-25986529.358761095,10694942.0,4.505472500063743,27.736344523895415,39.24982426092622,489.6250046620679,457.30981894633055,13.979686048252962,429.50193624172147
2020-06-26,456.48561787327446,476.2787256723751,452.29464096374767,466.7348937988281,7034875,441.93666564941407,470.2270033751281,462.70825366008506,52.85765459635639,7.518749715043043,-24550339.075486407,17729817.0,35.87639635096046,17.893669754309357,37.78964152455924,488.551095077799,459.392053725912,14.694285952565425,430.31309509647804
2020-06-29,466.40288636647483,469.63951028750415,456.69306525636387,459.5147399902344,3857610,443.4960467529297,468.5789628543752,462.47169709194793,48.69981310989918,6.107265762427289,-26726418.6408467,13872207.0,17.938130123188916,19.439999658071034,36.433757555075616,489.09267462153935,458.3483898315857,14.56944017246363,430.7034836253479
2020-06-30,463.08330967629496,465.4070150781251,459.1412922552154,462.12890625,3110587,445.1824005126953,467.58664645370214,462.4463051777295,50.22643070689795,5.140341275972617,-26870633.359195247,16982794.0,24.432951642852206,26.082492705667192,35.17472244055511,489.31588867436125,457.847160642045,13.976317504638349,431.01405155705396
2020-07-01,463.041803338508,464.4111052503211,457.2739995654806,457.89642333984375,3004648,446.53928344726563,466.0958428977239,462.1092768934417,47.74888734438867,3.986566004282224,-29351213.359819822,13978146.0,13.917468557643044,18.762850107894717,33.76747143936385,490.07722219316804,456.16878305585544,13.487802374652787,431.2859893292149
2020-07-02,460.5936660692899,475.033920185629,458.8508994858972,472.37823486328125,5243652,448.42315490722655,467.0623647385789,462.8699404467631,55.785390235130144,4.192424291815769,-25828561.40181199,19221798.0,49.897116284625206,29.41584549504015,33.346482094343166,489.33487539632426,456.10196847574605,13.748494836876533,431.89243955412445
2020-07-03,474.70179687745355,481.79741675263284,473.53991907146093,480.6355895996094,3735570,450.36096557617185,469.15055317873737,464.18591445808505,59.6008471626076,4.964638720652317,-23144178.292948708,22957368.0,70.41227863769059,44.74228782665295,33.42643048046209,489.6748616890387,456.0275430961175,13.439258197767609,432.4255255123339
2020-07-06,480.6355492710253,488.81002604989277,479.05872247419455,480.2620849609375,3288417,452.03735717773435,470.86001960676816,465.37674190274083,59.351358300459324,5.48327770402733,-25620979.158172708,19668951.0,76.59085049003471,65.63341513745017,33.934142284476565,489.7255255521028,456.01421748988935,13.175832867619794,432.92510483225
2020-07-07,483.00090029563466,493.33314617997786,477.3161161461314,491.34136962890625,7255475,454.0946759033203,474.01099653325093,467.30004766023455,64.14581099310894,6.7109488730163775,-20169994.121836193,26924426.0,95.1465665219115,80.71656521654559,34.6622916197069,492.3354138047079,454.99773133689365,13.37877552235027,434.09210178617275
2020-07-08,493.58216980979836,493.58216980979836,475.53187608409326,477.10870361328125,4625011,455.6183715820313,474.48756685325554,468.02661476786767,55.14719627114045,6.4609520853878735,-23986946.839968827,22299415.0,60.100624433247326,77.27934714839783,35.080736396735404,492.00473252951537,455.0130744773206,13.712455394018473,434.73933174711703
2020-07-09,477.7310443403262,490.96788357832156,477.19159010770824,488.187744140625,4807930,457.5628234863281,476.59528643592773,469.52003175844226,59.866860165155984,7.075254677485475,-21119555.61191027,27107345.0,86.93449131022682,80.7272274217952,35.469292261119016,493.3422200350017,454.522092709139,13.722935720520033,435.44057405147964
2020-07-10,488.1876722428358,488.436631600848,481.21650630066125,483.2082824707031,2376881,459.0649383544922,477.6126704412778,470.5339762556468,56.96552115706351,7.078694185631036,-22185042.491173096,24730464.0,74.87404155919218,73.96971910088877,35.83009413518951,494.23444762693657,454.5842413379072,13.258449261924797,435.77224020936393
2020-07-13,485.4906088302661,502.0885783629248,484.1212560826285,500.0968017578125,5443990,460.04504821777346,481.07176756689853,472.7238151817332,63.43755892702238,8.347952385165343,-17948045.024763532,30174454.0,95.99996162355053,85.93616483098985,36.98523584243685,498.0579745506541,452.7234097266896,13.660009735517432,436.6858953155339
2020-07-14,501.75649806876254,509.35008786802496,488.0631759509256,490.7603454589844,6212718,461.3247497558594,482.5623180118348,474.0598544615296,58.22435890483111,8.502463550305208,-22586391.540818267,23961736.0,67.41811094700765,79.43070470991678,38.399215805310845,499.30469043331715,452.34393322390946,14.204788462773283,437.7056522433699
2020-07-15,492.6692266712329,521.1347328884248,491.71482320887566,510.55352783203125,9928037,462.89823669433594,486.8686579841727,476.7630895260112,64.8240294391637,10.105568458161542,-19799817.34262194,33889773.0,84.62929847918976,82.68245701658265,40.16976191997348,505.4040258126805,449.51026251739756,15.35975981753522,439.57817370393684
2020-07-16,522.8360215053763,541.2597771556858,503.87286225641355,520.96875,20771204,464.7016076660156,492.1148259866077,480.0375828944548,67.71435152471233,12.077243092152912,-21574954.251242552,54660977.0,76.00589321736595,76.01776754785446,42.37708451761555,513.2676375423005,445.69654092449633,16.933128037659294,443.9427012001386
2020-07-17,522.4209567577468,534.9939357081801,509.05961497953894,517.151123046875,26830157,466.55062072753907,495.9665639958796,482.78673401685626,65.58705554331385,13.179829979023339,-31663093.283242483,27830820.0,71.29436102092782,77.30985090582784,44.42674121542604,519.0716728358441,444.3366065831013,17.576070372729426,448.83579779225386
2020-07-20,525.3255805068421,541.0936469043619,520.2216861222471,538.27197265625,10543170,468.71167236328125,502.4750884051673,486.8967516938484,71.01276534528478,15.578336711318912,-23970579.394857842,38373990.0,96.44248754352873,81.24758059394084,46.47467847856159,529.4474370586913,440.51702827334003,18.0308170502121,450.90524248109165
2020-07-21,541.0937111191491,549.6831385728109,533.8735855180994,541.3841552734375,8801061,470.78309753417966,508.4610986925935,490.93285566270686,71.72030028861177,17.528243029886653,-24409483.370844234,47175051.0,90.86339455814534,86.2000810408673,48.56079717836747,538.7207275185991,437.2273102011274,17.872155336247772,452.726136624112
2020-07-22,545.24325552865,546.0731539388914,533.7076473651018,539.5584716796875,3837958,472.82050048828125,513.2453099213772,494.5347531454462,70.63116309649187,18.710556775930968,-24615529.026491836,43337093.0,86.70312739672916,91.33633649946773,50.47289577780172,545.9522899737946,437.5104816326508,17.478823281786475,453.4813086296443
2020-07-23,541.0985197302916,546.8841217569563,535.7291473341887,543.4710083007812,3172594,474.91374450683594,517.8954173643624,498.15966093473025,71.62561665765408,19.735756429632147,-23384386.949551247,46509687.0,91.62235400513264,89.72962532000237,52.26670931326574,552.2160854624486,439.94522740376226,17.027119791856556,454.1117474490337
2020-07-24,533.6062863112945,570.0679849488703,533.5230607245021,566.0305786132812,12365728,477.64573791503904,525.300826787273,503.1871363183266,76.55511718579369,22.113690468946345,-13750938.171959938,58875415.0,95.7292442178215,91.3515752065611,54.35475348594257,563.1659173925862,438.92496395507004,18.4212486798931,456.87747621338207
2020-07-27,569.402053936241,586.384240780856,563.1586103623788,583.6370849609375,11348828,480.8327667236328,534.2756357370675,509.14639177333487,79.5422912180322,25.129243963732677,-5086816.535379108,70224243.0,97.52178870749998,94.9577956434847,56.49860868940176,575.9844189417557,438.5186969029709,18.76441880407768,459.799821010244
2020-07-28,584.386362427257,596.082404106004,579.1418795929706,593.0855712890625,8469603,484.2170666503906,543.3233181296822,515.3641087744999,80.94538401276385,27.959209355182338,386186.8968403181,78693846.0,97.47934031557354,96.91012441363166,58.59016734698704,588.7593440429476,438.8394383056851,18.63414064043166,462.09787582312754
2020-07-29,591.045973253172,591.6703175911155,576.4779387011572,578.0596313476562,7142681,487.1763635253906,548.6673663170628,520.0082215576966,72.43687958873407,28.6591447593662,-5269231.825695573,71551165.0,84.30972716646502,93.10361872984618,60.18703372591397,595.1431334690999,444.47196968031426,18.489390065251207,463.86498589702
2020-07-30,581.0565377124766,593.1688092464898,576.60290119269,578.9337768554688,7966760,490.0120611572266,553.3237371691253,524.3730775056797,72.61720860933144,28.95065966344555,-10994095.162392512,79517925.0,84.6834124575474,88.82415997986199,61.6909581346287,601.3664453559052,448.90421199272765,18.351998493004682,465.7890109148476
2020-07-31,584.2615239020646,596.6235746651188,579.3916574497986,587.05029296875,6322671,492.8756439208984,558.5124380613752,529.0158342066478,74.29858477968214,29.49660385472737,-11696610.019558543,85840596.0,91.18160783328334,86.7249158190986,63.13716780319936,608.3572157261915,452.5549119593555,18.304698444193637,467.3328943807422
2020-08-03,590.2969603662804,597.7058696029019,583.1794424151792,587.6747436523438,5546316,495.82557495117186,562.9989466138319,533.3609386100327,74.42867766035789,29.6380080037992,-13810235.950030971,91386912.0,90.53587421595311,88.80029816892795,64.4960253237112,613.955584091344,457.6978094633434,18.034821925874283,468.6754850862262
2020-08-04,590.6298229579593,591.8785118014222,571.9411031056085,576.6029052734375,6683186,498.6602972412109,565.0918633306943,536.5640472517664,67.86911404733726,28.527816078927913,-17368071.864857025,84703726.0,77.51008421637873,86.40918875520505,64.17760282985533,617.3437618571448,462.83578526199574,18.170720980869955,470.13203237483583
2020-08-05,576.6028316424496,584.7193080885013,566.9046625396121,573.0648803710938,6052220,501.30890502929685,566.3184813369096,539.2678126680129,65.87129264133407,27.05066866889672,-19234635.35412453,78651506.0,72.2030114678822,80.08298996673801,63.248997611587924,617.6904074033109,472.084757391611,18.14528702144276,471.3572687244585
2020-08-06,576.0617326987548,589.048075135306,571.3999817751913,586.8004760742188,5132907,504.03802612304685,569.4695574503418,542.7887506981023,69.61126506805098,26.680806752239505,-15409146.296498032,83784413.0,85.92565212821034,78.54624927082375,62.5567308895202,619.8993892143924,479.73704877388883,18.109773188490752,472.44801171387104
2020-08-07,582.6381219119215,582.6381219119215,570.2344614772488,574.646484375,7371589,506.39792297363283,570.266007746443,545.1485828223169,63.02941538832186,25.117424924126112,-17536538.28996028,76412824.0,64.07233396159086,74.06699918589447,61.76102688680619,618.1370725093985,490.64318566931234,17.999504717667836,473.8860468303438
2020-08-10,578.5175456185593,578.5175456185593,570.3177918086544,576.1033935546875,3769570,508.6292791748047,571.1640671015575,547.4415317654555,63.475229849910704,23.722535336102055,-15986624.003139516,80182394.0,66.34227073305212,72.11341894095109,61.02215888428604,617.4411368832052,498.93978047519323,17.299522509970483,474.5999840752284
2020-08-11,577.7267517237434,583.5123539958017,567.3210105183446,569.2356567382812,3956468,510.71581115722654,570.8673885841304,549.0559113930722,59.813685930753,21.811477191058202,-19007377.618345287,76225926.0,55.64199610123006,62.01886693195767,60.560898957601275,612.7511116779729,511.4773368083552,17.22036686479096,475.3266090721738
2020-08-12,566.5716047707906,598.5380523698851,563.616385327758,596.9563598632812,13085350,513.3136010742187,574.8810764732305,552.6040927612358,67.87014214413281,22.276983711994603,-7107366.222961243,89311276.0,97.56718801837116,73.18381828421778,60.69560179426909,613.344212095692,519.5245195937612,18.484745448886397,477.96460975853626
2020-08-13,596.8732208116581,606.8627307834014,593.5849969507709,603.1998901367188,8850347,515.7682019042969,579.237817036844,556.3519296038642,69.3600669552498,22.88588743297987,-3139992.648618999,98161623.0,91.61900385730968,81.60939599230363,61.07228568444894,615.1534377080562,525.9384079950688,18.112816047725257,479.91366791860077
2020-08-14,605.9472759450895,605.9472759450895,588.7569673557015,590.2969970703125,3887203,518.0145422363281,580.9392293496853,558.8663790458232,62.87147102935816,22.072850303862083,-6330709.242270172,94274420.0,61.69448877459499,83.62689355009194,60.765983796293945,612.2051540050295,536.2012791004393,18.046922657844025,480.7075018165819
2020-08-17,591.96183106788,600.0366970284978,590.4218015743055,598.4133911132812,3344102,520.3850360107422,583.6275619287001,561.7957873471164,65.08417944406416,21.83177458158366,-4115792.803059701,97618522.0,80.46230362103913,77.92526541764794,60.481560614435736,612.8051326199127,541.6154423312591,17.4535496078684,481.38932472236365
2020-08-18,598.4966161177156,600.7858791629602,593.0440179354441,594.7505493164062,3634301,522.7719000244141,585.338790757578,564.236880826323,63.2521540640353,21.10190993125491,-6147882.52024343,93984221.0,71.992589571717,71.38312732245038,60.247894171372316,612.1794289643832,547.5777853910855,16.759857580700377,482.12063353711517
2020-08-19,594.2094893283482,594.5424934007269,586.8838570196064,590.9212646484375,4858027,524.985083618164,586.1976328946332,566.2135018501834,61.309185502207775,19.984131044449782,-5883891.893393284,89126194.0,63.13800399315905,71.86429906197172,59.129090538226585,609.2087929841961,555.6847006681477,16.1246314889932,483.03807253235243
2020-08-20,589.7972362358885,595.9157899225324,587.7577014039178,591.129150390625,3025569,527.213212890625,586.9563278940166,568.0591054457717,61.378545777890636,18.89722244824486,-6408739.917888392,92151763.0,63.61870528710011,66.24976628399206,58.16507629385017,604.9480364973848,564.7112713639434,15.555592705394726,483.6059444743439
2020-08-21,595.2083543369545,595.2083543369545,584.9691158857412,587.6329956054688,4164686,529.492582397461,587.0604306188553,569.5090232353789,59.44838438063571,17.55140738347643,-8406424.411420163,87987077.0,55.53442730171019,60.76371219398978,56.856714402929995,604.1024483400693,567.7171012204776,15.175853115810337,484.36130912112947
2020-08-24,587.7577710420331,589.7556933201218,579.0585627871528,587.4664306640625,4066936,531.6325140380859,587.1228921642718,570.8392015634295,59.35262208052983,16.283690600842306,-6080195.3572106585,83920141.0,55.149273505126175,58.100802031312156,54.8113852322363,604.274803743683,567.9276803871763,14.855944359893101,485.06195063617645
2020-08-25,586.8837876143517,592.336385692033,578.3094672621261,584.0534057617188,3982510,533.6718231201172,586.6506634869559,571.8180315040435,57.315273117008694,14.832631982912403,-6801077.704876101,79937631.0,47.25721958384304,52.646973463559796,53.105024624047076,603.5534071258953,567.7458604522296,14.796728222036945,485.73514243047623
2020-08-26,586.6339930697849,597.4975751840024,580.2240472354575,593.3768920898438,4511228,535.9814233398438,587.6854678874001,573.4149841400287,61.23035542635448,14.270483747371486,-4442199.938003894,84448859.0,68.81623510271008,57.07424273055977,51.89036068027225,604.2654097583834,568.5655838939604,14.97364248821608,486.5282601401588
2020-08-27,594.0012291229365,599.3706009180155,588.1324021508027,591.1708984375,3917059,538.1954443359375,588.2216879720308,574.7302370509525,59.83201591492087,13.491450921078354,-6241131.385215281,80531800.0,63.71524072017577,59.9295651355763,50.89235214104349,604.6469290180634,569.4077767924836,14.70682507957299,487.22373937936857
2020-08-28,594.1261495977886,596.5819144343479,585.3853278742671,588.0908203125,5416681,540.5030584716797,588.2015544859491,575.7199098851412,57.84565239978568,12.481644600807954,-9040087.883701839,75115119.0,56.59307099103841,63.041515604641425,49.54186683753429,604.7050628835669,569.453695661355,14.456093756752123,488.1448926541385
2020-08-31,586.883677666882,603.5328600120419,571.0669544389802,578.0596313476562,7786675,542.610048828125,586.6412586185195,575.8932225860683,51.8126156124485,10.748036032451182,-13472493.134759795,67328444.0,33.397610521130076,51.23530741078142,46.454244873327085,604.6524459031924,568.5448014112607,15.742508886488514,489.36676935087814
2020-09-01,578.5590812544708,586.0512132419387,568.0701167957244,574.0637817382812,6377322,544.460355834961,584.706262175406,575.7577084491952,49.59373726062476,8.948553726210775,-15598291.16199962,60951122.0,15.450531238912692,35.14707091702706,43.268238297868145,604.8378756190763,568.1054593418613,15.9024079978975,490.26048037905053
2020-09-02,574.313663678593,586.7172761644517,573.6476556233063,584.3447875976562,4090511,546.8590289306641,584.650650701906,576.3937883861182,54.94055048334599,8.256862315787771,-12992856.266435718,65041633.0,42.96697843086434,30.6050400636357,40.37957565374605,604.3850597710336,569.6862659125602,15.700066036700926,490.86026601194897
2020-09-03,586.7172704691131,596.3738282749414,580.7235536946819,588.340576171875,5467610,549.4961285400391,585.2183315434397,577.2787356295077,56.85604978554422,7.939595913932067,-13138271.048332991,70509243.0,57.159874103658076,38.525794591145036,38.63071962484198,604.4708748946952,569.7544607986641,15.69650950409797,491.7099129311519
2020-09-04,578.6840261992155,586.467499301292,576.1033722248858,583.3873901367188,3354824,551.8291784667969,584.936648250098,577.7312285559677,53.80276353318453,7.205419694130228,-11777483.607659597,67154419.0,43.19257889205373,47.77314380885872,36.4703099696096,604.0493407160103,571.050085553521,15.449416250018773,492.18946537221314
2020-09-07,579.6829311265591,593.0439416465683,573.6059892591375,590.0470581054688,4238823,554.4398248291016,585.7228651509242,578.6435122263011,57.135786595088405,7.079352924623095,-8845717.91792944,71393242.0,61.971915640277125,54.108122878662975,35.05554719862748,603.9101384437962,572.5836542808132,15.734311688405352,492.81200862408747
2020-09-08,590.0471420382424,615.1041974691045,585.3853902791108,604.2822265625,11522742,557.2828912353516,588.5781515219359,580.5426762512047,63.24075742627065,8.035475270731126,-5714885.9896294745,82915984.0,76.99121413309683,60.71856955514256,35.20677075907989,604.5661548134079,575.4322948936234,16.733204224233095,494.7483719823853
2020-09-09,592.7940229258247,608.4442924920554,591.2123813398005,600.9937744140625,5514179,560.1448382568359,590.4882473514938,582.0575724114165,61.07665612645119,8.430674940077324,-4969010.396232488,77401805.0,69.99957721502125,69.6542356627984,35.34719263664284,605.2519467128977,575.1502444492116,16.768826147663226,495.63922704734387
2020-09-10,606.5713385706679,606.8210661367682,594.2092905513548,601.3684692382812,3366359,562.724642944336,592.1621276417687,583.4880092134065,61.239413888446286,8.674118428362249,-4513486.356509328,80768164.0,70.79622258122018,72.59567130977942,35.47758438009415,604.8622494935018,575.3567995787637,16.471893964645382,496.17871593621436
2020-09-11,592.7109500610394,611.0250524505659,591.170920865631,600.7442016601562,7221661,565.1268151855469,593.4824467215207,584.7662456909435,60.78338305871567,8.716201030577167,-4770854.986418391,73546503.0,69.46895611999152,70.08825197207763,35.84698396086447,606.0968029725406,575.1669665587095,16.71348236609463,497.3195444768989
2020-09-14,621.905577129065,688.7708409475838,621.1960408105173,663.6024780273438,32312474,568.793623046875,604.2701438454934,590.6059666047508,78.30332658027487,13.66417724074256,3471934.1359868106,105858977.0,79.14812599750891,73.13776823290686,38.41255810547435,629.2395873367407,558.5430908859155,21.807279289046985,504.77557357868125
2020-09-15,660.3469698247587,676.0406872426249,653.6687878639234,661.724365234375,14024028,572.2012829589844,613.1092548283983,595.8739961328712,77.19367111326493,17.235258695527136,-452670.4143501916,91834949.0,77.59211810595244,75.40306674115095,40.79487695404067,643.3351486356333,551.1449111788198,21.847609295450884,507.91798251554764
2020-09-16,659.5121683284361,664.7294977578911,650.4966332644346,658.8443603515625,7471292,575.83599609375,620.145424908885,600.5384675564779,75.42844900283215,19.606957352407107,840022.7458985469,84363657.0,75.20604718297352,77.31543042881162,42.71002389265261,653.8307130605034,547.4416563242622,21.303698952451278,509.4816336580873
2020-09-17,663.6026899944385,682.4268076483402,659.0531677533512,674.7468872070312,19972637,579.5671789550781,628.5456498778306,606.0353875305931,78.3697340766661,22.51026234723747,7687766.588284054,104336294.0,88.38121822458304,80.39312783783633,44.78217110628886,666.7859435126394,542.8481995537669,21.466466691331735,513.8867644137694
2020-09-18,674.7467809764458,687.8527229014364,671.1572684620812,676.666748046875,8847382,583.4363482666016,635.9488957499913,611.2673401614288,78.7012068335284,24.681555588562446,4679635.108230307,113183676.0,89.97181418275498,84.5196931967705,46.78758835213195,678.0749195887083,540.4625987218385,21.12568010190484,515.8396316128282
2020-09-21,687.0179708463962,709.4733781230277,662.3504463602952,669.9885864257812,24911507,586.8341839599609,641.1857712385743,615.6170621069364,74.42855571839513,25.56870913163789,-12156076.41001157,88272169.0,70.93872780847971,83.09725340527257,48.93522781085743,686.2543195277719,540.5354143589468,22.982626649106816,521.163612578776
2020-09-22,679.4633118210817,694.1135638628459,659.9296084650714,685.3484497070312,21882919,590.7259460449219,647.9800294644907,620.7823500773137,77.45960298567915,27.197679387177004,-1495163.808366105,110155088.0,82.24376826718557,81.05143675280675,50.709086734823195,696.3645119091307,540.5547263721194,23.782721559725935,525.542036604624
2020-09-23,694.5308293899019,705.2159088827278,676.2910677722933,679.58837890625,18070370,594.1066430664063,652.8428524555306,625.1383522127906,73.92101088649473,27.704500242740096,-15445640.325236682,92084718.0,78.00428824998174,77.06226144188234,52.504869718939275,704.1112318785378,541.4291550843528,24.150015813347977,529.1407067078611
2020-09-24,677.0006188684656,677.3762767509052,654.4617573278385,658.05126953125,10553627,596.8482934570312,653.6441473902566,627.576346088232,62.435929129319696,26.06780130202469,-22692859.522625834,81531091.0,62.152721840197025,74.13359278578811,52.36599063311026,707.4830172573749,544.7454068148908,24.21977336799537,530.8642622216189
2020-09-25,663.8529620374902,697.8699481462959,661.6407940943942,690.9413452148438,19813100,600.3240979003906,659.3821778248084,632.2700497272402,70.08091439535245,27.11212809756819,-10458026.602474947,101344191.0,85.06540944841952,75.07413984619943,52.685312720625234,715.3189529439973,547.1945236185028,25.333980885641836,534.4586665965722
2020-09-28,699.8734508650776,705.174237120833,685.1814207998767,697.243896484375,11145837,603.5035363769531,665.2070576185879,637.0829272648058,71.28684179584737,28.124130353782107,-8154393.98923635,112490028.0,89.66252948402888,78.96022025754847,53.12506965199823,722.2411337829243,552.1907692932476,24.95246913102144,536.5691646927586
2020-09-29,699.0387163763778,702.1273347695436,676.3328875439399,678.4615478515625,10554255,606.2450842285157,667.2462099621225,640.1480102712322,63.12160017877891,27.098199690890283,-16966690.84618867,101935773.0,73.7859796065003,82.83797284631623,52.88501282320929,724.0623870758832,560.8092926116169,25.0126104234916,538.3923272089727
2020-09-30,682.8440302035292,684.9309618361806,673.7449879049775,677.50146484375,9470272,609.0039440917968,668.8239414823729,642.9149328321595,62.72609562279665,25.909008650213423,-20076343.987124924,92465501.0,72.97443010020088,78.80764639691002,52.47295525657005,725.4972264890807,568.6901209230286,24.02499353118528,539.9156331661846
2020-10-01,684.430036365176,685.3065373554499,677.1675049663127,678.6283569335938,4321350,611.7070910644532,670.3323130902531,645.560371654488,63.01898963518394,24.771941435765143,-22846440.14097103,96786851.0,65.05895835956224,70.60645602208781,52.10074038825777,726.2679596817337,576.9481658065475,22.890282021038992,540.6078855059692
2020-10-05,691.8595872696505,700.5412435253031,680.4231913589963,688.0196533203125,11889998,614.1468725585937,673.0534423564162,648.7055036297343,65.4552073508427,24.347938726681946,-25757247.0363377,108676849.0,63.623416561639296,67.21893500713414,52.15988052677593,726.1142733918538,587.5650784147869,22.82046806180116,542.6021900438834
2020-10-06,692.8613919357186,696.6178693618762,686.7675609678271,692.15185546875,7848500,616.31716796875,675.9916597583137,651.9237519141058,66.50091658798797,24.06790784420798,-25025582.091243498,116525349.0,70.6299106608731,66.43742852735821,52.21479636968565,725.5991002955718,598.2907312473969,21.894028085533158,543.9087552046997
2020-10-07,692.8614598123606,693.3623031380528,687.0180499103287,691.233642578125,6980002,618.2801293945313,678.3365801921309,654.835595666996,66.02265243390411,23.500984525134868,-22729521.42595821,109545347.0,66.8438499334348,67.03239238531573,52.26578965238753,725.3078953921978,607.2770777523334,20.783329881403937,545.0415641607673
2020-10-08,715.8176672478616,733.7652822284201,704.965620980547,709.1812133789062,25860257,620.9025610351563,683.0819083747117,658.8611969789894,70.49005932712848,24.220711395722333,-41019112.7927388,135405604.0,69.00003009912416,68.82459689781068,53.19569207212135,725.3756647410557,618.0280522999599,22.33678057918188,549.7979086259373
2020-10-09,711.977546968195,719.9913432784084,708.9723351390093,714.3566284179688,7286954,623.6110180664062,687.893403765982,662.9719696781731,71.64771215819346,24.92143408780896,-41184718.49170625,142692558.0,75.52611458975761,70.45666487410553,54.059172890445616,723.4787309932585,631.2238019657259,21.528368262054546,551.0788212631978
2020-10-12,718.5724735565944,727.8802114016795,715.5255831630476,722.746337890625,8717550,626.3249389648438,693.2553936313117,667.3997006568732,73.46496786548553,25.85569297443851,-39712194.10669783,151410108.0,86.10535363767379,76.87716610885185,55.00010060793609,718.3413689295699,648.5613776524615,20.95659788502999,552.65544497614
2020-10-13,723.1636135627463,756.8049447523556,720.6592953458946,751.62939453125,18948618,629.6040319824219,702.2360091543792,673.6389372401603,78.55987392040451,28.597071914218873,-26189928.970177755,170358726.0,94.94294603153453,85.52480475298864,56.298300614938604,732.4697248738316,643.2357133585901,22.041530136560773,556.3963713055908
2020-10-14,754.6345242037344,760.2275115090576,736.2695247209001,743.3233642578125,15441198,632.9384411621094,708.5571407087535,678.8007466488752,74.15060772797072,29.75639405987829,-32538565.56985745,154917528.0,84.01737180233069,88.35522382384634,57.547053020556326,740.9525992542922,642.9127388804734,22.178419897389116,559.3941945975081
2020-10-15,751.2537853245169,754.3841832985755,695.7413945845436,717.9046020507812,15648823,635.8352355957031,709.99521168445,681.6973285304979,62.57571593337315,28.29788315395217,-36358888.651727095,139268705.0,57.07037360797507,78.6768971472801,55.9306502332534,742.6770345531199,647.0943277515676,24.783017670006455,561.9612200389023
2020-10-16,717.0696647128628,732.0955715403734,685.0143764339833,690.482177734375,28982990,637.9088696289062,706.9932064613615,682.3480581011554,52.96927746148957,24.64514836020612,-58609966.6833442,110285715.0,19.353262522750725,53.48033597768549,53.85220915361852,742.6224342873797,648.7224570700421,26.37574462974814,565.9384263197295
2020-10-19,701.0423022486307,719.3238499477245,695.3658564675661,705.1744384765625,15671485,640.5194287109375,706.7133960021616,684.0389010919264,56.796170192150086,22.67449491023524,-61449404.963525124,125957200.0,36.34196744242809,37.588534524384634,51.92222815110041,743.379455184084,650.8162052163066,26.5518823142911,568.058259457259
2020-10-20,707.0107237660935,739.608586372671,704.2142047484593,734.3078002929688,21563969,643.6835168457031,710.9586889699781,687.7625232549666,63.19195757112657,23.19616571501149,-46344426.42771444,147521169.0,70.02896060856156,41.90806352458013,50.73716642937917,747.5425253004944,653.085056486615,27.18348940785685,571.2673564847219
2020-10-21,735.4347213912022,744.3250706962709,717.9044953421497,727.1287231445312,11161929,646.8413781738282,713.446386535294,690.678538061601,60.80325910449599,22.767848473692993,-49712416.46688493,136359240.0,60.15075155635481,55.50722653578149,49.767306423013075,750.4872435468216,654.3183655840379,27.128995546875732,572.9167147089236
2020-10-22,720.2942026771078,736.311901238952,714.1302853210105,726.4580688476562,9607794,649.4314123535156,715.4481838141189,693.3288736753829,60.572906720817095,22.11931013873607,-48640843.820309505,126751446.0,57.684693512954595,62.62146855929033,48.633771533948796,752.7231286635933,656.7694494614066,26.775611287666145,574.2723194482811
2020-10-23,730.4413493648857,734.1732356119512,713.3334029124351,714.8848876953125,5447267,651.6651123046875,715.3615228727641,694.9256154546368,56.58876489050524,20.43590741812727,-53277034.0731371,121304179.0,39.71448767760284,52.51664424897075,47.52977256476377,750.6454873540304,664.530452587376,26.351627102798286,575.0060432799627
2020-10-26,715.346144788956,721.971293685015,706.1632033848625,710.9852905273438,6612856,654.0788781738281,714.6882563580841,696.1152210155781,55.26961396806431,18.573035342506046,-55855529.528983034,114691323.0,34.52975875482047,43.97631331512597,46.03349753985394,750.9790636600267,666.2012708126297,25.598517331180727,575.8400803577069
2020-10-27,711.9496574578656,719.0779594796294,703.3537638433855,710.5239868164062,5807904,656.3210900878906,714.0475995055183,697.1825370008246,55.10596443769841,16.865062504693697,-56366632.64335799,108883419.0,33.91643009822738,36.053558843550235,44.459013056826684,751.3261968012334,667.1821467046259,24.893208638685234,576.5534783557614
2020-10-28,714.5074837961808,714.5074837961808,689.0132995808824,695.7222900390625,6853002,658.3405249023438,711.2283211260635,697.0743705592125,49.991141288964485,14.153950566850995,-59612794.38209561,102030417.0,14.236760100999671,27.56098298468251,42.10119585249912,750.2925892171173,669.941828507492,24.936135465586176,577.316060207289
2020-10-29,691.8647430256771,706.5406618171307,686.7910784805973,704.4860229492188,6690978,660.6118200683594,710.1910444834721,697.6233818473611,52.78542447484909,12.567662636110981,-54314002.05294097,108721395.0,25.888625033113847,24.68060507744697,39.779653157439725,748.8878774436552,674.044996091501,24.56566745636812,578.0487043711796
2020-10-30,706.7920943894519,720.9648564016202,698.5735917820634,706.0792846679688,8727274,662.9108227539062,709.5584660503177,698.249745019258,53.29634926549913,11.308721031059804,-57190401.6616898,117448669.0,28.006954121722742,22.710779751945424,38.29527423064986,747.2332424434661,678.4447238651277,24.41035296802445,579.0632377713125
2020-11-02,706.0793509394362,707.6727055209869,687.0006586168778,689.6842651367188,5953172,664.9518481445313,706.5008966789949,697.6152650279588,47.589439848042794,8.885631651036078,-61597914.321127936,111495497.0,6.208873886288812,20.034817680375138,36.216291600499154,747.083093847051,678.7613336431834,24.143331106316218,579.6737274167402
2020-11-03,694.3807002791775,697.7351964157918,681.2562136704541,682.681884765625,7011687,666.8561572265625,702.8364333077072,696.5090887122303,45.355595864157245,6.327344595476916,-67396376.00998263,104483810.0,1.9495565136306114,12.055128173880727,33.956659001869454,747.9829644444583,676.9144659754636,23.59587765196061,580.3378636849396
2020-11-04,681.1302974658562,705.911621860132,679.7884686019038,683.604248046875,10077502,668.8471740722656,699.8776355752715,695.5531745888707,45.717044608412856,4.3244609864008225,-74529859.37577397,114561312.0,5.912581885534783,4.69033742848474,32.27254367058009,748.65256477789,675.4819261889069,23.77639733812258,581.3005266994061
2020-11-05,699.4123255241066,713.7527735948091,696.0997509155114,706.8760986328125,8903859,671.117158203125,700.9543221995086,696.3919097032367,53.986870969680254,4.562412496271918,-72562936.37396465,123465171.0,41.9725073087989,16.61154856932144,31.086700998598303,748.5874400258871,675.3165394663005,24.231549353109124,582.259013013281
2020-11-06,709.4757861803652,717.6942897784437,701.4250175915408,712.9141235351562,5871913,673.5520227050781,702.7942916357621,697.61577739449,55.86557780289902,5.178514241272069,-70141542.85432798,129337084.0,51.32847695454317,33.07118871629229,30.172130526115755,748.5017717687381,675.2579572351681,23.662815269808675,582.9088828081323
2020-11-09,726.9191274467834,731.9508704395191,710.3982277168603,717.0233764648438,7505062,676.130673828125,704.983381609467,699.0533773256274,57.147913916133156,5.930004283839594,-73032585.79850575,136842146.0,57.69579843775178,50.33226090036462,29.951295470749248,747.9600698808428,675.2273629804853,23.51208865929797,583.7885504100481
2020-11-10,711.572348104665,711.572348104665,675.721177943823,679.0337524414062,10397497,678.15015625,700.9911309682269,697.5704421490184,44.32561256929134,3.4206888192085216,-81508668.05826849,126444649.0,5.467131464082606,38.16380228545919,27.874362674488527,742.0413394145966,673.8865292377471,24.782810792278166,584.715025703484
2020-11-11,681.8012680357763,695.2192511705516,675.3857743752443,692.7453002929688,9779484,680.5237866210938,699.7225416335718,697.2130242337554,48.791557240425355,2.5095173998164455,-74168893.77470428,136224133.0,29.529300215613254,30.897410039149218,25.96196863006023,735.9629141099756,674.9071481458839,24.429286935351676,585.5634642089681
2020-11-12,693.6677368106108,701.9281612447115,689.3488035163117,691.6130981445312,4699639,682.6691528320313,698.4749349429502,696.7982148938128,48.44598578447827,1.6767200491374297,-77176655.08555222,131524494.0,28.687874499228062,21.228102059641312,24.367841117242737,734.6515930563551,673.5893188088794,23.5828634205694,585.9919051462606
2020-11-13,690.1036739159858,697.27389850319,686.1202101247009,694.4644775390625,3918289,684.791630859375,697.8579414961982,696.6253454601275,49.41763176371146,1.2325960360707313,-75232264.38476244,135442783.0,33.728755878252386,30.64864353103124,22.711783503758188,734.5427210607172,674.0964207849859,22.695065203277952,586.3410502786328
2020-11-14,699.41241789467,699.41241789467,695.219297883311,696.4772338867188,475390,687.053427734375,697.6455249408937,696.6143742324675,50.13210747130424,1.0311507084261393,-75422420.38476244,135918173.0,37.28705682300665,33.23456240016237,21.291582933951833,734.2958382770248,673.4735831096939,21.42741342844435,586.3850091353037
2020-11-17,702.724819904776,702.724819904776,682.6397697589149,683.4783935546875,5977903,688.9220544433593,695.4659662660927,695.641338626706,45.647697850367166,-0.1753723606133235,-80901125.05882214,129940270.0,14.306736384302388,28.440849695187143,20.26972300712199,729.5774585091051,673.1090222037856,21.331530336831264,586.8979365520308
2020-11-18,686.832899561226,687.5876814635293,671.1087031426997,682.891357421875,5816221,690.4942370605469,693.53141105929,694.6968955744962,45.44997001033083,-1.1654845152062308,-78400019.59354535,124124049.0,19.365934519875726,23.653242575728257,19.89293877461186,725.8281471878147,672.4345969528104,20.984919478545432,587.3484123744678
2020-11-19,683.4785355082297,688.0490463815594,673.4150478688447,674.7149047851562,7170339,691.9686596679687,690.6365639401926,693.2167481086192,42.677105349919316,-2.5801841684266265,-84296555.71139382,116953710.0,5.927141985037502,13.199937629738542,19.512705024576043,722.1533402675112,670.9350874668638,20.53128226670038,587.8872055992996
2020-11-20,682.5978456440089,690.6066926194285,674.2535286776206,687.0425415039062,7455575,693.6821411132812,690.0836374115331,692.759399471233,47.84366798543855,-2.6757620596998777,-80090846.73703484,124409285.0,26.18880797502343,17.160628159978888,18.98293253677229,719.6236246018412,670.680568513393,20.232845243493777,588.4726727800638
2020-11-23,691.8646636342551,706.1212688242944,684.5267050805585,703.7731323242188,7116516,695.7427197265625,692.1897135519463,693.5752315344171,53.91457172897802,-1.3855179824707875,-74521993.48876044,131525801.0,53.68715585387539,28.60103527131211,17.752780558610944,718.5204156742143,671.0625616207076,20.330110850653927,589.1068550969981
2020-11-24,707.7147451167054,719.0361680135813,700.5444696669172,704.8634033203125,8465615,696.5679382324219,694.1395119778488,694.4113924074463,54.287980554273716,-0.27188042959755876,-79033138.88464384,139991416.0,55.479121926968816,45.11836191862255,17.310532074085778,717.606683410745,671.4102355345675,20.198795671797516,589.9201468086688
2020-11-25,704.8633447146716,709.4757758817515,689.7681154405917,691.6130981445312,5610232,697.165712890625,693.7508329265692,694.2041113509341,49.08290200375291,-0.453278424364953,-83592938.6391734,134381184.0,33.7009608842508,47.622412888365005,16.244287623078545,717.4274683265044,671.178531429355,20.16371458389482,590.4025653627887
2020-11-26,691.1098995491072,708.6371586211716,687.3360921955033,706.1632080078125,8414555,698.11208984375,695.6604290929142,695.0899703625548,54.26812763268465,0.5704587303594053,-77132951.83659554,142795739.0,57.615476934111946,48.93185324844385,15.110844049479642,717.6700510755792,671.1036671861397,20.244954001164356,591.1432735952693
2020-11-27,706.1212515644853,710.985259449794,682.9332826273755,689.4326171875,11723771,698.4058044433593,694.7023041843889,694.6709071644027,48.19098403069029,0.03139701998622968,-83424185.1928035,131071968.0,38.23259605774182,43.183011292034855,14.268563885093355,716.2900101680183,670.8190413456535,20.80259848839679,592.1008118332061
2020-12-01,691.0260741082874,700.8379836986319,683.5623011346012,699.4961547851562,8078785,698.862392578125,695.4398196614301,695.0283329140882,51.695035730676175,0.4114867473418826,-76600383.57867837,139150753.0,59.23002962692349,51.69270087292576,13.486446589591804,716.8487236228218,671.2415168556938,20.55067592237064,592.7515348509128
2020-12-02,701.2153871556743,710.6918268898638,697.1480305717137,707.0857543945312,7062229,699.6043359375,697.2315019280611,695.9214752459728,54.21031215206763,1.310026682088278,-73298829.82133712,146212982.0,75.06562541698179,57.50941703388238,12.929712002223097,718.1177937282368,672.4128337131694,20.050184522069177,593.3707149183314
2020-12-03,711.5723659829885,724.5710361924597,707.211511546574,723.0615234375,9633229,700.3585974121094,701.2053513910517,697.9318491860859,59.04460211035367,3.2735022049658937,-65340932.64563268,155846211.0,97.17649292717039,77.15738265702522,13.19979248518788,722.4174713857423,672.0588835947266,19.866977184630553,594.3037667780304
2020-12-04,726.2482358458158,727.7996694551056,716.5621408588825,719.9585571289062,5577388,701.1660009765625,704.0904599661063,699.5634571818504,57.76887181534637,4.527002784255956,-67546915.41445005,150268823.0,86.1686740653009,86.13693080315103,13.619762479959304,724.6682328781353,671.1163679519427,19.250587999744308,594.8512374890529
2020-12-07,719.5391967664855,721.1745233598795,713.1656765700398,717.27490234375,5314265,702.3504736328125,706.118835716513,700.8754160827318,56.62926801462086,5.243419633781173,-67407832.31593727,144954558.0,81.43484262844113,88.26000320697081,13.74426084927273,725.4373665059854,670.7833122049522,18.447606484751123,595.3512060062544
2020-12-08,720.3778751017753,734.3829033996507,717.8620035938529,724.4032592773438,8722526,703.0197119140626,708.9318239566408,702.6182192823327,58.94593515525178,6.313604674308067,-69223195.45645748,153677084.0,84.2279411169474,83.94381927022982,14.55874436794321,726.991518948025,669.9671480441625,18.351920382690373,596.2186194214833
2020-12-09,726.3320178406236,737.988908575287,724.6547703211344,730.0639038085938,5952003,703.6761120605469,712.1829131646335,704.6512329509446,60.73936872362998,7.531680213688901,-70346213.16605341,159629087.0,87.7272247934486,84.46333617961238,15.490800193962802,731.2102189177801,670.8514632111262,18.011472448065582,596.8281393431307
2020-12-10,730.0640801556231,736.1441038824019,725.4097274018875,726.8773193359375,4641898,704.6444274902344,714.4435910371418,706.2976097202035,59.17228673550323,8.145981316938332,-73718840.97120807,154987189.0,82.56605788309365,84.84040793116323,16.356280603838137,734.6595809018149,670.8153031313882,17.49167987895478,597.2946678879127
2020-12-11,730.4414753370542,739.4986039445379,717.191226894111,723.103515625,5637035,705.5564685058594,715.7758871275815,707.5424916390773,57.287257745254784,8.233395488504243,-76367826.01528649,149350154.0,71.01565422459028,80.43631230037751,16.43130014507747,736.9816992318264,671.6422265494235,17.835658248345645,597.8445729705874
2020-12-14,726.332005951703,734.3409036745969,719.6230159835615,732.1185302734375,5143894,706.6262719726562,718.2901399192517,709.3629389453262,60.52259866293066,8.927200973925551,-72777368.68282492,154494048.0,86.95300671992963,80.17823960920452,16.50096114765685,740.6675511057733,671.7217799489142,17.612960351394918,598.3504095217097
2020-12-15,733.5441919058377,745.5365010900907,729.6026501106625,743.0206298828125,7527270,707.7262915039063,722.0948306828764,711.8561012369919,64.06730884171648,10.238729445884474,-67627131.31440395,162021318.0,95.98124302702327,84.64996799051441,17.227183684971198,746.192269325166,670.8514013291309,17.493023967683012,599.143758108856
2020-12-16,743.2304189588901,748.0525063033342,736.6891628852738,742.2240600585938,4378179,708.7277355957032,725.1916352022174,714.1055796682217,63.61782983373569,11.086055533995705,-67740232.74350627,157643139.0,91.04957658318604,91.32794211004632,18.03992862412824,750.0114760313254,672.906761273362,17.055189642709966,599.6106836812844
2020-12-17,743.8592788918372,743.8592788918372,735.4730412493137,737.4437866210938,4863371,709.6519384765625,727.0765815743522,715.8343357388047,60.858474886543604,11.242245835547465,-70317843.12043498,152779768.0,83.7087743320916,90.24653131410031,18.66999496919442,751.9801493486565,676.393330875953,16.43597878555379,600.11353695446
2020-12-18,750.358625100309,758.954518821771,743.565792975123,746.9202880859375,11568187,710.4067199707031,730.1294594992115,718.1369988756294,64.17578015453265,11.992460623582133,-76842672.12976153,164347955.0,84.03783426856077,86.26539506127949,20.05703895200325,753.5586854642887,682.0353330903987,16.798461172348322,601.3878651592895
2020-12-21,743.5658184402417,763.5669757492452,712.8302354605804,729.9801025390625,8875855,710.719189453125,730.1064815053423,719.0142658136615,55.17384718595623,11.092215691680849,-79718152.15132058,155472100.0,49.43178769188793,72.39279876418011,18.86099782245555,753.1248945004139,686.7628801577893,19.222623966370925,602.2578520585062
2020-12-22,737.2761279119868,770.904921528946,731.2799473192722,766.3344116210938,10251896,711.5909509277344,735.680009215458,722.5194617993972,66.14800691465153,13.160547416060808,-71831249.09714977,165723996.0,92.82420283492871,75.43127493179249,18.170375728273875,761.018724352555,685.1251782353356,20.772780753764682,603.402863467794
2020-12-23,771.5339538993368,784.1133118433478,767.173099574972,773.71435546875,10723068,712.0326501464843,741.5314471005798,726.3116761452751,67.86774707040152,15.219770955304739,-74273153.83388592,176447064.0,85.4117458136084,75.88924544680836,18.2130774100179,769.4000841918045,683.62891361093,20.558932144371063,604.7277769293188
2020-12-24,778.2010265237722,778.4526034464101,763.7347648383959,770.9888305664062,4390561,712.5859594726562,746.0633522491685,729.6210949912847,66.52363239148599,16.44225725788374,-74335712.75082242,172056503.0,81.58822269893733,86.60805711582482,18.009138807105398,774.3938769234062,686.5726941215157,20.14171117748843,605.2519564636635
2020-12-28,775.7270635964751,777.8236232278169,766.0828892923028,773.04345703125,3884750,713.6887365722656,750.214137600258,732.8375662535044,67.05335858394051,17.37657134675362,-73614265.95386024,175941253.0,84.47057089307398,83.82351313520658,17.819767247258074,779.9509444664477,687.7036514808178,19.54164137449027,605.7164989550338
2020-12-29,779.081577830811,792.4995597956043,775.9367383078126,784.8681030273438,6760167,715.576455078125,755.5455168967328,736.6916800886036,69.99596844436931,18.853836808129245,-73083704.48873219,182701420.0,90.42108511405353,85.49329290202162,18.396330773775542,785.1089278438237,692.0892166874262,19.535531473766273,606.577111640123
2020-12-30,786.6290772207287,796.692562217156,780.7587109728129,788.8933715820312,6382809,717.2508337402344,760.6759560790864,740.5584720510797,70.94723113132281,20.117484028006743,-72949321.36082175,189084229.0,90.70000686033525,88.53055428915427,19.126928968504824,790.853279076125,695.2845871348126,19.278268600236053,607.4017850081657
2020-12-31,787.5096079588594,796.5667340579616,784.1131920698874,793.4638671875,3468390,718.433955078125,765.7202500957653,744.4773902093331,72.03151478940366,21.242859886432257,-71209267.35312761,192552619.0,96.15000542612198,92.42369913350359,19.805341577896304,796.9630743203958,697.8126031698386,18.79078812793878,607.8531643380514
2021-01-01,789.9835755389844,801.3049962075366,789.9835755389844,797.1118774414062,3142822,719.8336181640625,770.549731225864,748.3762411154127,72.9008523662041,22.173490110451326,-70394461.64942387,195695441.0,95.26066108489064,94.03689112378264,20.670348310310693,803.8066870709183,698.3740258197067,18.257261880839742,608.2708067987236
2021-01-04,804.2401983605175,825.7928395651584,798.9149578758264,822.186767578125,5259092,721.7481921386719,778.4938906646734,753.843687520058,77.9696843744311,24.650203144615375,-66546542.19327494,200954533.0,96.80772941132363,96.07279864077877,22.466646706690916,815.2915934522828,697.1119404832641,19.001811898190624,609.0376527580388
2021-01-05,811.1170152779031,835.1016374258617,811.1170152779031,831.3697509765625,7150252,724.0778894042969,786.6286384049639,759.5863588872064,79.48321436718436,27.042279517757493,-61621376.61600563,208104785.0,96.9478664762846,96.33875232416631,24.43320756474663,826.6244841453965,697.1885346534316,19.357726916031194,610.1223879703781
2021-01-06,836.8626956796456,836.9465375839476,810.1944183633133,820.341796875,5995748,726.26501953125,791.8152781695849,764.086761701117,72.99727623329028,27.728516468467888,-63068615.84816484,202109037.0,86.62162792084874,93.459074602819,26.317155839217396,833.7706565570522,699.6362160015415,19.885897794931417,611.009574652488
2021-01-07,828.5604579053987,828.728192931557,804.5758335455124,807.2174682617188,5261000,728.1988891601562,794.184845876067,767.2816288537542,66.08577778386265,26.903217022312788,-67178784.98979399,196848037.0,76.0474097168322,86.53896803798852,27.523100083346627,837.6302698586959,703.4919591452104,20.190645051439503,611.749135302476
2021-01-08,817.5743266837154,841.5589458213516,813.4650497725073,834.1371459960938,8034775,730.9671862792969,800.3313535868404,772.2338893828164,71.95184798382851,28.097464204023936,-63389237.60701792,204882812.0,94.23454192583945,85.63452652117348,29.090706931394998,845.2779266396051,706.5702850303169,21.20141880202474,612.9581815181409
2021-01-11,851.2032342906633,888.1446569834335,845.3328671576243,884.83203125,13384331,734.5741064453125,813.331457842711,780.5744924840892,79.23570678965007,32.756965358621756,-52076171.53080593,218267143.0,97.88822754300465,89.39005972855877,31.634431996682427,863.7762863368664,704.2447768955556,23.54471110097581,615.3368334386994
2021-01-12,882.2322515036968,893.1763332145998,871.0785138394898,890.7023315429688,6700542,738.2665673828125,825.2346691812121,788.7321101921543,79.88705582053264,36.502558989057775,-46875972.33182511,224967685.0,98.08871160735575,96.7371603587333,34.081876263638215,880.5352039547748,703.3442394046002,23.4413616919854,616.5670969940863
2021-01-13,892.295639640606,894.8115108050063,873.0072940468712,885.544677734375,6691409,742.1837756347657,834.5131320355448,795.9034114915781,77.58430448355402,38.60972054396666,-45872286.11482161,218276276.0,92.93022343338319,96.30238752791455,36.383044683826746,893.5105665277754,704.6212816167558,23.32442276813895,617.7821219112644
2021-01-14,879.716427871135,879.716427871135,844.1587557842065,861.8536987304688,15021108,745.7672119140625,838.7193730655331,800.7886179537181,67.90219588606836,37.93075511181496,-45943166.30464085,203255168.0,74.39744814537217,88.47212772870371,36.35690676535417,899.4875426663782,710.6072693453405,24.614529852569632,620.2426852068611
2021-01-15,878.5841123924912,882.944914548136,825.2056950771612,830.0697021484375,23769415,748.6965209960938,837.388654462903,802.9575871533269,57.529394500267,34.431067309576065,-65707864.7982731,179485753.0,45.537806469327094,70.95515934936083,35.22381687894265,899.3688182959761,719.988585268477,26.980579111027144,623.7879241552507
2021-01-18,838.6239174732552,842.7751161018563,819.2517254538398,823.109375,12947569,751.0211865234374,835.191842237841,804.4503121790063,55.52890096678828,30.741530058834655,-74408836.49228992,166538184.0,37.132507127837215,52.3559205808455,33.851705867275875,898.5447380559824,728.4315741998769,26.733637077954956,625.5226079043481
2021-01-19,828.5603876770087,836.1080025445118,821.3062706912484,825.080078125,6387923,753.2645056152344,833.6361862204808,805.9784429898207,55.99547537980844,27.657743230660117,-77539466.15086003,172926107.0,37.007685864804294,39.89266648732288,32.577602785013866,894.2453759536937,742.2409338607594,25.88135813333413,626.3639863643526
2021-01-20,831.7051942399182,846.7165814667367,828.182963870915,837.994873046875,7444118,755.683935546875,834.3067534245415,808.3500304014543,59.029150156824926,25.956723023087193,-77101581.69413559,180370225.0,45.80009840511723,39.98009713258626,31.822472463041834,894.3803503923951,749.2720055646361,25.578154219648592,627.3846337537877
2021-01-21,849.5722877037416,858.8342254289558,827.6383454600082,836.3529663085938,8857975,758.8303198242188,834.6215554067034,810.4243219501313,58.47719490110855,24.197233456572008,-81010576.65650956,171512250.0,39.03999391971421,40.61592606321192,31.570728296719672,894.2699257076124,755.6462913334033,25.979420344598527,628.6052778603336
2021-01-22,835.005689352571,845.3622081179979,826.3331590495308,830.0379028320312,5379466,761.576171875,833.9163780875231,811.8771797932351,56.29680090579141,22.039198294287985,-84295398.50009736,166132784.0,28.21729725959355,37.68579652814167,31.25200259883474,892.6553251798944,763.1657990876838,25.48296525344628,629.315470006063
2021-01-25,839.4682660991095,839.4682660991095,792.3165881637533,797.78955078125,7731883,763.6997009277344,828.3584046557888,810.8336517182732,46.71734050352132,17.524752937515586,-90232380.08938308,158400901.0,5.339740229526163,24.19901046961132,29.081298960311702,890.5085698065941,767.7871638359841,27.03073044501128,630.2086657926383
2021-01-27,801.662833300484,811.0510912485487,793.579707762011,804.525634765625,7531736,765.9009240722656,824.6918246726867,810.3663912032622,48.681670685522164,14.325433469424524,-88326760.13757583,165932637.0,11.911855033644088,15.156297507587944,27.065645581683174,889.2102072790057,771.0512795374005,26.347919947977452,631.0376412974349
2021-01-28,798.8841484799433,801.915358669173,783.1388454437058,786.3805541992188,6960905,767.6989904785156,818.797783061384,808.589662536296,43.978359518224465,10.20812052508802,-92884106.34965476,158971732.0,2.902866825131176,6.718154029433819,25.5640982060274,889.4444123675579,770.565792710567,25.993553474687577,631.7412601463504
2021-01-29,792.3166718263856,799.4736236972934,765.7938501871389,769.5828247070312,7692663,769.4210791015626,811.2262510068682,805.7002671415357,40.1145433417702,5.525983865332478,-98845920.17465478,151279069.0,2.936787492306788,5.917169783694027,24.90219054598378,891.9810311532578,765.6410696768203,26.542569191506647,632.4524724324551
2021-02-01,773.7927789494419,786.2121951512963,754.721587072804,781.6654052734375,8651478,771.3965600585938,806.6784285863404,803.9199070031581,43.93045459705332,2.7585215831823007,-92692739.60358152,159930547.0,19.233230686983337,8.35762833480711,24.704800176663728,893.0897482372352,762.987705376046,26.896000540577052,633.2219586803012
2021-02-02,797.3686591113885,810.8405688746221,787.7278134088231,803.8099365234375,7690178,773.9784606933594,806.2371221151245,803.9117610416973,50.19438191389196,2.325361073427189,-89681087.6506531,167620725.0,35.04059973968678,19.070205972992312,23.271973888591667,892.9895754028861,761.2501951049263,27.058797902049026,634.0266699152926
2021-02-03,813.3665527606596,819.51310131797,802.0417183264756,808.2304077148438,6354619,776.4022180175781,806.5437814381582,804.2316607952637,51.362476168141036,2.3121206428945698,-91533857.74818577,173975344.0,41.73095621179689,32.00159554615568,21.66295727250429,892.3045489787056,759.6212872029349,26.373982551295132,634.7219262922757
2021-02-04,812.2719261084368,817.113393420579,800.0209191011801,806.3358764648438,4623148,778.4534729003906,806.5117960576483,804.38752862264,50.8124447010688,2.124267435008278,-92740884.48214151,169352196.0,40.25343157778325,39.008329176422315,20.1541755566548,892.1204943267046,758.4047498139205,25.711017677588256,635.2182635004474
2021-02-05,808.988016213259,811.5982290652054,791.5166365820155,796.65283203125,4631703,780.2892614746094,804.9950323612793,803.8145881343889,47.98409118015995,1.1804442268903586,-95003320.0158567,164720493.0,40.2748846062341,40.75309079860476,19.141610102494017,892.3172095939271,757.151570923651,25.30891587798837,635.6900420068212
2021-02-08,804.104559611353,812.0193266184795,792.6113168153803,806.4200439453125,6509526,782.585400390625,805.214264912669,804.007584861124,50.94992392543344,1.2066800515450495,-92249838.71205316,171230019.0,49.65627390562973,43.394863363215705,18.179363567241495,891.2392987762883,755.4577715362118,24.887422586924856,636.3636226057296
2021-02-09,812.5245663944629,826.7542917924857,797.0318494424591,801.2418212890625,7557977,784.48697265625,804.6031197398065,803.8027134854158,49.34358939026617,0.8004062543907366,-97666748.70197636,163672042.0,44.682600451561484,44.87125298780845,17.221077747629355,881.466535476196,756.8715138402104,25.23278114143212,637.1605369279716
2021-02-10,804.1465842024468,812.6086159895661,796.6528663424914,807.8513793945312,4896963,786.8553479003906,805.1028519943795,804.1026146638687,51.44774683651259,1.0002373305107994,-95689863.05382963,168569005.0,51.03106900430199,48.45664778716441,16.310831563047017,868.0788292275491,761.9741248740135,24.570136034692307,637.6650449825079
2021-02-11,807.8514412016641,818.8394565355355,802.4626571265741,817.0712890625,3745595,789.2068505859374,806.9441500048596,805.0632572119155,54.29944909630051,1.8808927929441097,-92753075.57241479,172314600.0,68.78781419492715,54.83382788359688,15.779910511760704,853.720962225718,769.484653008657,23.98489770428296,638.0650883676817
2021-02-12,820.944463728887,830.627398429279,806.293741973531,808.6513671875,8045740,791.2381628417969,807.2067988021888,805.3290431360329,51.33415813322634,1.877755666155963,-99239753.57747503,164268860.0,63.63645246553682,61.151778554922,15.845369546513643,844.1896179330075,773.6957641470707,24.009809043673318,638.9299712818224
2021-02-15,816.7345293960368,817.7870223462895,799.9788210715121,803.8099365234375,4643228,792.8531311035156,806.6842046054578,805.2165167202851,49.65502386982712,1.4676878851727224,-101885166.94553827,159625632.0,64.67008068736772,65.69811578261057,15.513005425329277,841.5627105329629,773.6966949846153,23.566837060180752,639.4027887138351
2021-02-16,805.7884989844245,810.2089688064393,794.9267525795448,801.8311157226562,3277086,794.4905822753906,805.9375755465652,804.9657462760163,48.95024754649378,0.9718292705489375,-102201138.99985443,156348546.0,62.063138260406284,63.45655713777029,14.894240009596684,839.8181888844233,773.3133907054205,22.975078429231736,639.7252577077807
2021-02-17,801.5785456510542,806.967329539663,792.3166086739938,794.1690063476562,3643176,796.0284643554687,804.1270264390407,804.1659877628044,46.21499408607043,-0.03896132376371497,-104923048.28417262,152705370.0,51.968905370889324,59.567374772887796,14.157376697833424,837.5524875132894,772.4879848988201,22.38048146040584,640.0723649026811
2021-02-18,794.8425828538909,805.5780096879874,790.085294719928,798.2947387695312,5133094,797.5062939453124,803.2297514129623,803.7310804299693,47.903070889882144,-0.5013290170070377,-104616185.7521856,157838464.0,57.404236800915676,57.14542681073711,13.329718937776189,831.9171874711343,774.1532715132406,21.888498139523954,640.5593660271163
2021-02-19,799.8945543267799,806.6305084684791,795.2214964192265,800.0208740234375,5494816,798.9054333496093,802.7360779684201,803.4562503257818,48.62951646538305,-0.7201723573616619,-105488042.86042283,163333280.0,28.65543013703444,46.0095241029465,12.62840194514854,825.7292396777349,776.7080100781244,21.139963418790284,641.0860487092498
2021-02-22,799.4735586078772,801.1154577110726,771.3088400247996,774.7610473632812,5043203,799.8631079101563,798.4322271060911,801.3306797359669,39.86839108845063,-2.8984526298758055,-109363036.66679327,158290077.0,5.819776190348202,30.62648104276612,12.888956677491999,821.780850259861,775.1287139491234,21.759010152181908,641.5115164036494
2021-02-23,778.0027392204819,783.054705059576,763.3099282935326,766.1727294921875,5916942,800.7244921875,793.4692274731829,798.7263871253166,37.401172710681365,-5.257159652133737,-113564180.22038056,152373135.0,4.252686847681627,12.909297725021437,13.51619117343852,824.1218198443556,769.6260622357225,21.6151363388863,641.9667869819885
2021-02-24,772.9508344492017,774.1717365683589,762.4259047862224,771.266845703125,3435827,801.5074584960937,790.0534764316355,796.6923470199691,39.78159259016536,-6.638870588333589,-111827799.05818033,155808962.0,12.962972575312007,7.678478537780626,14.141199362563682,824.379827613692,766.0421755601362,20.91018601340417,642.2265064184854
2021-02-25,779.6026181877943,786.4648415605075,776.4451392579775,782.4232788085938,6234947,802.2955114746094,788.8795998742445,795.6353790043117,44.737876134954384,-6.755779130067253,-110622727.95558968,162043909.0,29.321020631939227,15.512226684977634,13.828136127251486,824.4711354080699,765.5551402266957,20.502172430831195,642.7411821105678
2021-02-26,764.5308679367554,778.8447718518709,762.0890637712037,765.7517700195312,9198218,802.7660656738282,785.3214722042886,793.4217783387725,39.50529032013992,-8.100306134483844,-115799585.54755639,152845691.0,5.344025743549414,15.876006316933564,14.272212475903162,824.9800369059192,764.6631332600964,20.490175474156832,643.4238593337999
2021-03-01,771.2667677588462,786.8015726497067,770.9720903145662,783.349365234375,5397960,803.6841772460938,785.0180711319942,792.6756736643727,46.60448199704313,-7.657602532378405,-112756077.46773013,158243651.0,31.019576955341762,21.89487444361015,14.138316342901819,824.9259298388254,764.885636323284,20.53014884244388,643.8573970115549
2021-03-02,786.2963558750649,806.5463598870122,781.8758858035699,803.0520629882812,6715548,804.8068127441406,787.7925314175768,793.4442950957733,53.223269301159704,-5.651763678196517,-107942894.08952944,164959199.0,59.766551699037024,32.043384799309415,13.410848545026122,824.8448647886717,764.8909140199221,20.82588635965805,644.4587814419816
2021-03-03,812.5246698379023,815.0506532674502,797.368769260615,812.7351684570312,5742015,806.4619140625,791.6298601928776,794.8732486780888,56.103188153852905,-3.2433884852111987,-103704740.16095805,170701214.0,73.89456563030215,54.893564761560334,13.169015289392409,825.532455251522,764.6537996312906,20.60131476302785,645.0067866309711
2021-03-04,801.5785276536404,816.6502453162333,801.0312108335111,806.6304931640625,6268541,807.2678356933594,793.9376498807521,795.7441556770498,53.85213424584586,-1.8065057962976425,-105478850.8684244,164432673.0,79.96959050628936,71.21023594520953,13.025707565858538,825.5692123169307,764.6465042358037,20.245437600148875,645.5998528167767
2021-03-05,805.0307057210172,818.4184352491868,788.3592293553027,792.7376098632812,5992152,807.64830078125,793.7530283396028,795.5214485797336,49.03065247592293,-1.7684202401308085,-109725386.45990957,158440521.0,54.40952967859202,69.42456193839453,12.119589074564027,825.3815413221637,764.4426530137739,20.946421049701396,646.1341206741068
2021-03-08,801.9994795292063,819.2603607159241,794.8425287932502,809.9142456054688,5621823,808.4268090820312,796.2393694574283,796.587581692751,54.45947946262199,-0.34821223532264867,-108407156.42876899,164062344.0,83.65243468327786,72.6771849560531,11.32743881907839,825.8567805424063,764.3168339595468,21.344730321340073,646.6584714791983
2021-03-09,811.7667506671917,822.5443197043378,799.1368351310902,819.3868408203125,5440319,809.3536767578125,799.800518897872,798.2764157022,57.168872386162356,1.524103195672069,-104434546.81130503,169502663.0,94.77716397807067,77.6130427799802,10.791498065663257,828.4597374249587,763.5283790301195,21.49206991076204,647.1804299600163
2021-03-10,829.9537666417134,837.8684819871555,824.9018009947815,832.3113403320312,7694950,810.3025415039062,804.8021837338965,800.7975212303356,60.61210389589067,4.004662503560894,-103335259.52626622,177197613.0,92.66668735924068,90.36542867352973,11.147552781253697,833.0459163134819,761.3881962353462,21.277039286196395,647.9923875541515
2021-03-12,832.3113967860448,844.3519054496657,819.7656606887109,824.52294921875,6447010,811.0151330566406,807.8361476546431,802.5549603405885,57.606729139053286,5.281187314054591,-107287355.23380342,170750603.0,75.89560994206786,87.77982042645976,11.800559380503794,834.3787162655525,760.8005622989007,21.51341110582199,648.6592964810343
2021-03-15,823.0495046271335,837.2370893422078,814.5032411325582,835.5531005859375,5321071,811.8569177246094,812.1002942594577,804.9992670254292,60.58726436322391,7.101027234028493,-102754591.04861823,176071674.0,89.30403486653215,85.9554440559469,12.022461524311836,839.0591781810358,758.8102737232612,21.600585184666823,649.2046961630787
2021-03-16,836.1003963331277,857.8238404611147,833.9533210014603,848.0988159179688,8094575,812.8766564941407,817.6385283607669,808.1918262026544,63.712302921855574,9.446702158112544,-101255594.38736255,184166249.0,89.84170133425417,85.01378204761808,13.19256555012225,846.6357023364103,755.6626375073397,21.76272334716594,650.1083057011648
2021-03-17,852.0981949924408,862.117947288477,827.4277733405739,831.42724609375,6758901,813.0614660644532,819.7598695504566,809.9129684168096,57.21954849954224,9.846901133647066,-106456011.39523783,177407348.0,69.31816079959822,82.82129900012819,13.808005126232976,849.994836414551,755.2631164663085,22.68611267579002,650.8325094327278
2021-03-18,837.7844180321197,841.7838913845343,785.0755897757482,798.0001831054688,8269566,812.3940747070312,816.412225481997,809.0305398752288,46.89952813804922,7.381685606768201,-110956084.23352677,169137782.0,35.900749934956366,65.02020402293626,13.562346650657554,850.0788555900706,755.5622149665701,25.116269028146885,651.5625647825822
2021-03-19,799.8946302344818,815.8925228391715,789.5381100370656,808.6934814453125,9004154,812.1611083984375,815.2247263994302,809.0055725841239,50.00589721064022,6.219153815306299,-106871127.47380842,178141936.0,41.38574410633221,48.868218280295615,13.334235209051807,850.6169912425383,756.0639535816805,25.20470786914396,652.3318356875191
2021-03-22,808.6936228392415,827.2175017255362,795.3479792614016,824.1021118164062,4745254,812.4988012695312,816.5904780020419,810.1238347494782,54.16666228450297,6.466643252563699,-103053613.53922643,182887190.0,52.62355581527373,43.30334995218745,12.525482625869264,852.6410555901614,756.4480130133543,25.680766054500427,652.7627864232837
2021-03-23,828.2277424221164,836.0161899667278,818.2500787869692,825.8701171875,5158305,812.3334606933594,818.0181147998047,811.2902260411835,54.63321066624962,6.727888758621248,-103787035.48137042,188045495.0,52.95077763555171,48.98669251905256,11.921240684333954,854.011594758658,760.1883808272794,25.115433563447436,653.260602837279
2021-03-24,817.6186163822844,829.1539494402582,813.1981459739967,821.4918212890625,3874331,811.0666564941406,818.5525311827676,812.0458997632486,53.18928263368842,6.506631419518953,-103633685.46298258,184171164.0,47.26780525543714,50.94737956875421,11.096045865317551,853.1846880802937,766.5471966853313,24.461174270791297,653.6209875919202
2021-03-25,816.7345875307161,820.5235624213226,799.894699128021,805.8307495117188,4879437,809.3692248535157,816.5953340026061,811.5855182631353,48.2744656158727,5.00981573947081,-105704961.54163079,179291727.0,26.939933312063324,42.38617206768407,10.933408312314343,851.2154146569246,771.9728604895597,24.256599120094883,654.0389114111177
2021-03-26,812.5246243477268,820.9445686414856,803.0942764604646,807.09375,4271178,807.8002062988281,815.133551848359,811.2527946880882,48.68626300246747,3.880757160270832,-108062169.37011635,183562905.0,28.579291879293798,34.262343482264775,10.7582142243893,850.2124464565552,775.4428758090698,23.799005767303893,654.4067237522762
2021-03-30,812.5244724439873,842.6678571020009,812.0613858726582,838.4578857421875,5475000,807.3322900390625,818.7219109089481,813.2679866180215,57.693647012904805,5.4539242909265795,-104093360.20291516,189037905.0,69.28954109123617,41.60292209419779,10.525776760236496,848.6019488404532,784.3239849974374,24.640084434067965,654.9378726160761
2021-03-31,841.9942610246204,841.9942610246204,824.0177041082452,827.3856811523438,4445140,807.2786096191406,820.0547986387012,814.313741768712,54.0843539927287,5.7410568699891655,-106872872.06873484,184592765.0,54.91796038251445,50.92893111768149,10.309941972094608,847.2669015471041,790.0626638825835,24.1641181828042,655.3669384615923
2021-04-01,835.2582318018618,853.3611067854707,834.0794193859654,844.183349609375,5269079,807.7000891113281,823.7668834034203,816.5263053124648,58.34220102619679,7.24057809095541,-106619778.09138446,189861844.0,76.72112035753983,66.97620727709683,10.651820557007804,850.4307970933454,791.0118969984516,24.293497286398683,655.9095108432542
2021-04-05,847.8882618439503,875.6740738011007,844.1834663598288,870.2011108398438,9452833,808.602509765625,830.9106107013316,820.5022168330115,63.92265496655975,10.408393868320104,-100452687.037419,199314677.0,93.95910094949777,75.19939389651738,11.865992448095726,860.0160893877719,787.1731989423063,24.80758492249347,656.9751709040382
2021-04-06,874.8320400258622,876.1792102913456,859.0446475807371,865.9069213867188,4260257,809.1607507324219,836.2946584990835,823.8655282814343,62.43601987904642,12.42913021764923,-101300537.13662899,195054420.0,88.72460957479929,86.4682769606123,13.012000305313716,866.4570119103957,786.659919241948,24.25951190735883,657.4604028488377
2021-04-07,868.096082945675,879.8840025977016,862.791477989262,873.31640625,3551106,809.90001953125,841.9903119992246,827.5285562791058,63.99212373628166,14.461755720118731,-100478370.40454565,198605526.0,93.07277049344206,91.91882700591306,14.218208091087115,872.2462042535384,788.9286065374773,23.747584243150317,657.8726741051986
2021-04-08,879.0421776167169,887.7989401724684,868.6435670491155,873.5692138671875,4852068,810.7706457519531,846.8486045942958,830.9389753597045,64.04684936441154,15.909629234591307,-102835099.56135368,203457594.0,86.14752512420463,89.314968397482,15.637110705087048,878.2555136161544,789.284794001033,23.419569163164788,658.445666201113
2021-04-09,877.4423246927557,888.1357150108273,870.7485104706396,880.220947265625,3708082,812.4192736816407,851.9828111591157,834.5894917971801,65.5312402102775,17.393319361935596,-102502903.2872426,207165676.0,91.97265719861193,90.3976509387529,16.967504796939316,885.1036664711514,788.5200517905673,22.98868597580928,658.8875975274086
2021-04-12,878.1579674654148,878.1579674654148,843.0047546942965,849.9091186523438,5976427,813.326943359375,851.6637815426892,835.7242789716366,54.49058665394051,15.939502571052572,-106131696.94599634,201189249.0,58.802102400995196,78.97409490793727,16.334438872226965,886.2639473554987,789.1195487382513,24.0049364469178,659.5233970766441
2021-04-13,852.5192253910216,859.5077677752356,818.586865512968,828.0172119140625,7773994,814.1596765136719,848.0258477536697,835.15338511552,48.177435215505135,12.872462638149727,-110322609.81693582,193415255.0,31.870114486659208,60.88162469542214,15.792441950464791,886.2727864327968,789.4601359304844,25.213219719442787,660.2543428250507
2021-04-15,815.0504497796791,837.5317069681747,807.2620028163918,835.1741333007812,7430279,815.4715026855469,846.0486609147638,835.154922018132,50.20842585159868,10.893738896631817,-104049754.09560072,200845534.0,39.98076610950988,43.550994332388115,15.75997759847762,886.2577419698373,789.4372836649284,25.57439717889565,660.9128281058211
2021-04-16,841.9943088897803,856.1398030008778,837.3633401908866,852.729736328125,4677808,816.8927893066407,847.0765186706655,836.4567601151685,54.879698332810605,10.619758555496901,-101071056.02101739,205523342.0,59.87582607874177,43.90890222497031,14.796166264138558,886.726917008908,789.4312006668733,25.24520235898143,661.3796095313471
2021-04-19,838.6263834625528,865.9490593609523,831.7641088646645,837.4475708007812,6239343,817.5655419921875,845.5951420752986,836.530153499288,50.44324242195475,9.064988576010592,-105235739.38675949,199283999.0,40.395946877088825,46.75084635511351,14.01895874716625,886.9339842300053,789.8261659164791,25.883755797360458,661.9864187015719
2021-04-20,847.0462745284284,847.0462745284284,805.7885534032862,809.4091186523438,9742418,817.5891162109375,840.0280615486902,834.5211879550699,43.495791169125525,5.506873593620298,-113268268.46945341,189541581.0,4.3967092227329445,34.8894940595212,13.829335789958183,885.8326782048172,792.0683654963547,26.981896177916298,662.8012040135584
2021-04-22,813.3664012863131,818.33418764777,804.3570530228011,809.9142456054688,4970596,817.66068359375,835.3951667881946,832.698451484729,43.646374038985385,2.6967153034655666,-114286329.13745593,194512177.0,6.633183737718199,17.14194661251334,13.708028066467547,885.7389080530019,792.2842120641857,26.052984638420053,663.1878940510924
2021-04-23,811.682671866348,820.8182913407031,800.0631584187132,804.6520385742188,6023490,817.8206677246094,830.6654547552753,830.6209394172839,42.37930388406599,0.04451533799135632,-117646278.1394987,188488687.0,5.210340579481279,5.413411179977493,13.766012921424283,886.7352473260531,789.3428654669157,25.674566658675044,663.6463593403735
2021-04-26,791.474843467625,803.6837639253703,777.2030261715246,782.0444946289062,19619972,817.3331567382812,823.1853070435261,827.0226842477746,37.36116132260185,-3.837377204248469,-130092018.329517,168868715.0,4.364329854471503,5.4026180572236795,14.643204540894702,890.1577534708775,781.5377970662317,25.80131278324784,664.9075886926969
2021-04-27,783.8966730007166,790.253719522848,777.4975370429261,782.0863647460938,6406825,816.9500476074219,816.8623928439212,823.6940679883908,37.375951241568615,-6.831675144469614,-131889342.62730892,175275540.0,4.402073568813587,4.658914667588809,15.457739616117236,892.7917197545801,774.9632851282324,24.869517761581704,665.2994509674079
2021-04-28,784.0651291749087,787.9803719686665,776.1082724903289,777.8343505859375,6845677,816.34970703125,810.8580786503853,820.2970518845053,36.43510779313918,-9.438973234119999,-136744441.10480377,168429863.0,1.5407636350287846,3.435722352771311,16.263826453220215,895.1984120994116,769.7569528908227,23.941130741349987,665.705998856417
2021-04-29,787.9195261683149,787.9195261683149,768.7660251334958,770.8424072265625,8588734,815.4251293945313,804.7018215082587,816.6337448728058,34.88024346217222,-11.93192336454706,-143471009.70253146,159841129.0,1.739455045246832,2.5607640830297536,17.27846592073198,898.131113824333,763.1991168885576,23.599157190883496,666.1909011734161
2021-04-30,766.9864273077376,775.4614154547844,758.8504593774616,761.8590698242188,10921664,814.4892834472656,798.1106289414834,812.5763615358734,32.93550475134509,-14.465732594390033,-150436365.31746134,148919465.0,2.3271102586432377,1.8691096463063037,18.5626943770384,900.508073849012,753.1622752720817,23.09999996848631,666.7431902720351
2021-05-03,761.6894732915553,771.6052186439651,755.1213582228381,769.2745971679688,6871176,813.7985766601563,793.6743163609426,809.3688234345472,36.10255015600743,-15.694507073604541,-145508194.16484845,155790641.0,11.503274539390437,5.189946614426855,19.880690434503496,901.7532061898021,746.1060345328542,22.62741857224636,667.0873153428649
2021-05-04,771.2238078769527,775.4613013268262,762.113196959725,763.553955078125,6217026,813.0330334472657,789.0404146251245,805.9751294822196,34.73961845354316,-16.93471485709506,-150383122.37546036,149573615.0,7.608744716971181,7.146376505001638,20.817457448690707,901.3751473919141,738.4211538776173,21.964610414735994,667.4019959683711
2021-05-05,766.0966358175216,771.9019825523551,763.2574834853928,770.7155151367188,2696835,812.5639636230469,786.2211993192159,803.3633061973676,37.900248195777664,-17.142106878151708,-148426574.77165577,152270450.0,14.070631036952651,11.060883431104775,21.687312533293117,895.6532702581792,734.1944714410395,21.013173889895018,667.540041229249
2021-05-06,772.9189037339656,783.0041601205058,763.8082916559612,776.3088989257812,6319104,812.1242468261719,784.6962300279182,801.3592760291019,40.3309129927286,-16.663046001183716,-146515508.0401725,158589554.0,19.117549570516736,13.598975108146874,21.647552003634605,889.2813136411127,731.6066258120123,20.883366359512852,667.8803446273228
2021-05-07,778.0038655153908,780.8853820044836,774.3596311748693,776.6478881835938,3651558,811.656787109375,783.4580235903298,799.5288028553605,40.48295813331822,-16.070779265030637,-147606225.6389898,162241112.0,19.423420083331983,17.537200230267143,21.61063151180884,880.1741082652849,731.0469793811995,19.85782239309153,668.0813778470929
2021-05-10,778.0463188769612,781.0549294876074,771.3934735100158,774.5715942382812,4029147,811.652998046875,782.0908806130915,797.6801207355769,39.81377635141658,-15.589240122485421,-148984609.51847708,158211965.0,21.158829180527945,19.89993294479224,21.72788421749147,869.4409432048486,731.8803824787452,19.129510506270105,668.2990570972039
2021-05-11,769.952677874631,773.300308558661,767.0711611960988,768.9356689453125,3818154,811.7082568359375,780.0670018949716,795.5509020844463,37.97862382064715,-15.483900189474753,-150517064.59169394,154393811.0,21.02732968933346,20.536526317731145,22.058798076200965,854.6128681686563,735.5799296829063,18.298862115978125,668.4932276317649
2021-05-12,767.9610564583938,770.3340427472253,758.5114241702997,767.9186401367188,4076940,811.6412927246093,778.1980231629326,793.5040678660962,37.64144691998073,-15.306044703163593,-148105990.99088544,150316871.0,19.479268371510408,20.555142413790623,22.784304866325233,845.9680037064463,736.0257462935538,17.836273291760087,668.6912143794567
2021-05-14,770.3764051294339,772.9189015159998,759.7826701854099,771.5205078125,5184569,811.4232373046875,777.1707131090199,791.8756560102742,39.68380418777019,-14.704942901254299,-144025249.7878392,155501440.0,33.76922817645088,24.758608745764935,23.219942839008215,841.0083050133837,735.3357745764599,17.50055600881936,668.9482569317282
2021-05-17,775.122339124173,785.80085445273,771.3085947340923,781.52099609375,7956551,811.7386218261719,777.8399874143629,791.1086441646057,45.06369279325693,-13.268656750242826,-140768160.7029755,163457991.0,75.14336325268428,42.79728660021521,22.52747664209135,833.7583403356825,737.2204255334582,17.285677702377818,669.3854989699835
2021-05-18,786.4788104617247,796.2250457206793,783.5125649481299,789.52978515625,5913426,811.8622302246093,779.6384178361917,790.9916916454682,48.987824031264985,-11.353273809276516,-141083562.67240906,169371417.0,83.71128973579086,64.20796038830868,21.121627610093096,819.5981639370418,745.0606068149114,17.10127569698864,669.738149843777
2021-05-19,786.4788351394208,797.4963188213308,784.0634844077356,789.3603515625,4178834,811.5883959960937,781.1340999479314,790.8708516393224,48.90822947749822,-9.736751691390964,-141966781.18601394,165192583.0,80.800059412633,79.88490413370273,19.726540867327945,807.640039714286,752.210009113839,16.839244176746252,669.9872519918075
2021-05-20,789.8688261825231,792.2418123105891,781.4362033687146,783.4278564453125,4753782,811.0022497558593,781.4869855629131,790.3195186619884,46.084809091066504,-8.832533099075249,-144968161.33680665,160438801.0,66.80005791788582,77.10380235543659,18.616987094625337,802.9151238473311,754.3367987600908,16.408270231398273,670.2585811890278
2021-05-21,784.3600314996881,792.1146651438124,782.2412847911531,788.7246704101562,4161547,810.6441333007813,782.6004755394121,790.2013817544452,48.92014967826581,-7.600906215033092,-143664323.02622485,164600348.0,79.29992550485926,75.63334761179271,17.586687162830057,797.8168868439743,757.3160782439163,15.941492382916918,670.4991450356924
2021-05-24,789.4450759487914,795.8013164958832,786.2245910837086,790.5468139648438,4191877,810.6003173828125,783.8229891433247,790.2269693255859,49.896299419396094,-6.4039801822611935,-144072395.87511677,168792225.0,82.17385241464743,76.0912786124642,16.338080694648056,794.0385794446703,759.6838631822828,15.486866170721038,670.7469830891525
2021-05-25,794.9538115826638,799.8692938887975,792.5384608844138,797.1572875976562,5032874,810.3451782226563,785.8744196747604,790.7403262346281,53.37726139435489,-4.865906559867767,-142763296.77010053,173825099.0,93.44258708294083,84.97212166748251,15.51214985641487,796.8467976265001,758.386924297328,15.046552867380521,671.0571674611313
2021-05-26,796.6487271833669,804.2338504099702,790.3348519256733,801.564208984375,5017674,809.9887255859375,788.2882334147012,791.542095327202,55.592270200331356,-3.253861912500838,-139673155.9496553,178842773.0,94.16119912009638,89.92587953922823,15.093710835862193,800.4241313505712,756.7573749970851,14.964584697160259,671.3702654403025
2021-05-27,804.2763325177609,810.9715934898821,795.0385752363107,798.682861328125,9078274,809.3161560058594,789.8874069398433,792.0710409569,53.792791136316374,-2.1836340170566473,-144598566.1106318,169764499.0,76.57511914058962,88.05963511454229,15.21170099534558,803.1485764674883,756.1177809543867,15.033758522618196,671.9454611311171
2021-05-28,796.691189648288,804.9119378693119,794.4453489969607,798.8099365234375,4098094,808.8018957519531,791.2601037988578,792.570218406273,53.8637202882212,-1.3101146074152439,-145278834.07908127,173862593.0,76.81735090796796,82.51788972288468,15.259658263926344,805.5926255938396,756.4704847577229,14.707532119027702,672.1991233711968
2021-05-31,797.962395169366,803.3016266642322,790.3772714158642,801.0557861328125,4171524,808.1119494628906,792.7671318502354,793.1987789786093,55.17337157738191,-0.4316471283739247,-142557065.5983244,178034117.0,81.09840763825318,78.1636258956036,14.875958168663361,807.3749813863917,758.6078005960301,14.58016234255201,672.4539822951966
2021-06-01,803.4288449949087,806.8188401214694,798.3862168987054,805.7171020507812,2944472,807.2643151855468,794.7594349580118,794.1260621691405,57.84788640370545,0.6333727888712701,-140381995.1984618,180978589.0,89.98384582579018,82.63320145733712,14.815469478545896,810.2485397465131,759.3784927241901,14.141052405424299,672.6409449197861
2021-06-02,802.5814588291598,805.7172151066728,794.6149484730162,799.8270874023438,3657189,806.6323120117188,795.5390737956013,794.548360334563,53.5039144571213,0.9907134610383537,-140605330.9524908,177321400.0,78.22867650243248,83.10364332215863,14.348856986855926,810.885587792463,762.368757910662,13.923996278869467,672.8660822797405
2021-06-03,800.8864085373464,804.9543926479641,794.1064177772419,796.1828002929688,4164240,806.5959643554687,795.6381086413502,794.6694299611115,50.95437415612527,0.9686786802386678,-143175438.36455002,173157160.0,62.713880289360205,76.97546753919431,13.859385599075976,811.3443145828436,764.4567596359065,13.704280464001812,673.1181768921783
2021-06-04,796.7335246563354,800.2083004388877,792.1994272027612,793.7249145507812,3550303,806.2965930175782,795.343771088955,794.5994658566426,49.24980498983644,0.7443052323123993,-145373255.90287298,169606857.0,41.6067339271728,60.849763572988515,13.18603081700292,811.716685688885,765.8259900923649,13.29746566201072,673.3271166934451
2021-06-07,795.8012032975953,806.776320759868,794.1909352304965,804.78466796875,3282517,805.910244140625,796.7962167627696,795.3539252723543,56.3291522556712,1.4422914904153004,-143129663.63500533,172889374.0,79.05250109868004,61.12437177173771,13.213425197924096,813.4260142695139,766.9303394902518,13.279889986801864,673.5299796487662
2021-06-08,806.8188743267091,823.7688506781105,806.3527603224901,819.7008666992188,6385642,805.7868591308594,800.3200090606849,797.157402415085,63.686496155907186,3.162606645599908,-139727089.45568362,179275016.0,90.39043330042608,70.34988944209299,14.537479696665809,817.8452719285766,767.0240090772828,13.687339466984627,673.9677366248185
2021-06-09,825.3790037281648,834.7862185971038,817.9209737944589,823.1754760742188,5521459,805.8205322265625,803.8362347550748,799.0846671305763,65.15898737107706,4.751567624498421,-141808038.78711945,184796475.0,77.9032121997456,82.44871553295059,16.39127460299311,821.5064503607922,768.7868113579578,13.914332705246078,674.3670174997369
2021-06-10,830.124969665171,831.9471125457253,819.1498512470746,820.8448486328125,3878256,806.1208142089844,806.452944582419,800.6965324270383,63.30472064335027,5.756412155380758,-144658944.6959065,180918219.0,71.29138647495758,79.8616773250431,18.112655587439892,823.3004937398177,772.2853888285417,13.834541890489266,674.6437837198268
2021-06-11,827.1587832717179,839.0237658186483,822.4975401282809,833.3878784179688,4777035,806.6466967773438,810.596780557119,803.1181136115516,68.50014180727452,7.478666945567397,-143140104.50378662,185695254.0,88.42470092253859,79.2064331990806,20.081279459891537,827.8624339731912,773.9101856557152,14.144854411585444,675.0006904706293
2021-06-14,833.091328487027,837.710207337308,827.1588368294389,834.1083374023438,2236373,806.5597058105469,814.213943148692,805.4136857442029,68.77362061889153,8.800257404489116,-142430571.0107603,187931627.0,89.9044196649995,83.20683568749857,21.90928734145378,832.5982238501604,774.4331299096052,13.888176989891422,675.1686612977727
2021-06-15,834.8709469583447,841.5662073654312,833.2607304679929,835.1676025390625,2559001,806.7153442382812,817.4375830549029,807.6176795808591,69.19705625828696,9.819903474043826,-143814519.06750444,190490628.0,87.50002376944737,88.60971478566184,23.809152209968428,837.2016165429212,774.3935189551256,13.489412697573343,675.364888795441
2021-06-16,833.981182616381,835.6338156194906,825.4638300338579,830.0403442382812,3138753,806.4324841308594,819.3764693908073,809.2786177036311,64.6287350346859,10.097851687176217,-144128381.5958858,187351875.0,77.48368292221272,84.96270878555322,24.491254102318603,839.9745555730475,775.6885791925775,13.252310761006157,675.5955686548436
2021-06-17,830.5488263293678,838.1339509560854,829.3199427204769,835.9728393554688,3609989,805.7479187011719,821.9297570776782,811.255967455619,67.31731877911558,10.67378962205919,-142288663.03300208,190961864.0,89.07309185822263,84.68559951662759,25.28660574677414,842.7828007142285,778.1348323424121,12.935289152049183,675.8670330254332
2021-06-18,839.0237385295837,844.7019903378032,822.1584931955265,826.5231323242188,5622783,804.9602429199218,822.6364301925306,812.3868685569968,59.552384715569175,10.249561635533837,-145734195.66771406,185339081.0,65.37529421787174,77.31068966610239,25.10488558079759,843.7762839652706,780.9211952827762,13.621589722779719,676.2791274267393
2021-06-21,820.3787918867745,833.4726579498325,814.6581753111177,832.2437744140625,1639495,804.1387902832031,824.1144831496894,813.8577504723349,62.38133586404203,10.256732677354421,-144308870.618721,186978576.0,76.27122338447198,76.90653648685547,24.08770236065131,845.3269828562,783.5401924367688,13.992510645346512,676.3955212374775
2021-06-22,832.3284201855946,837.4981930907207,827.3705736744361,830.6334228515625,2529648,803.2800744628906,825.1173969499775,815.1003928707963,61.08613893132329,10.01700407918122,-145208548.2266765,184448928.0,73.20403681996463,71.6168514741028,23.480439600294748,846.7013182295592,785.5134705888003,13.71644698612781,676.5807670536851
2021-06-23,834.786269367479,834.786269367479,822.9212868587027,824.5315551757812,2395543,802.1662866210937,825.0272674462551,815.7989974859804,56.314899411776295,9.228269960274702,-146953864.05739984,182053385.0,61.5819991299444,70.35241977812701,22.42686260277725,847.2991575534534,787.2123658840467,13.584199523459844,676.750801917567
2021-06-24,823.768852829544,842.9223054657616,821.3110855612828,838.7695922851562,4686567,801.94349609375,827.1414712676245,817.5005230266601,63.4823317366073,9.640948240964462,-144068395.61997166,186739952.0,88.25524820250928,74.34709471747279,22.13036660326946,849.4282044159178,789.0919921172853,14.15755812210406,677.0975775952262
2021-06-25,843.2612389219953,855.9737199107691,838.388121209632,843.8121337890625,5196000,802.25939453125,829.706188578615,819.4495312312824,65.63291845178021,10.25665734733252,-146059140.01944456,191935952.0,75.49102995464987,75.10942576236788,22.748344141228387,851.9532913778713,791.0671248818943,14.402418163463562,677.5088019207777
2021-06-28,847.4987076565889,847.4987076565889,834.108238421058,835.0404663085938,1844159,802.2567211914062,830.5268466909193,820.6044153110834,59.1114838577404,9.922431379835984,-147646522.88731495,190091793.0,49.33322601694092,71.02650139136671,22.843226037376102,852.6741436339712,793.7447406433726,14.330136097182656,677.6480793476496
2021-06-29,836.4388832315984,842.3290097597855,830.9725060690764,833.5997314453125,1895170,801.87412109375,830.9995981915952,821.5670313210263,58.090513273613716,9.432566870568849,-148664831.6892061,188196623.0,45.84607638054618,56.890110784045675,22.586738844555555,853.2529968837908,795.9541503330059,14.117733782434547,677.7880801556947
2021-06-30,831.3962069086211,840.2525784795432,831.3962069086211,833.5149536132812,2682591,801.79546875,831.3865759487777,822.452062601934,58.02700147358588,8.934513346843687,-150063887.82491425,185514032.0,45.64088041168567,46.94006093639094,22.348572165507903,852.793596805606,799.7823370322848,13.741922195897942,677.9851004396766
2021-07-01,836.4811478474005,837.3286464774385,826.4383097723361,835.2098999023438,2861509,802.311484375,831.9747796339418,823.3970875871496,58.99232452501419,8.577692046792208,-148315808.56680867,188375541.0,49.74332249610346,47.07675976277846,21.560525899189308,851.0860555120312,805.392588286797,13.538237517983974,678.1919655395226
2021-07-02,833.5574053747176,836.9897650497776,828.2181734660443,834.4896850585938,1646631,802.8029931640625,832.3616881608114,824.2187614739232,58.377937214802294,8.142926686888131,-147607823.46172184,186728910.0,48.000117001104186,47.79477330296445,20.828768651893466,846.8582756270861,813.6968452225234,13.197762808394641,678.3109385771196
2021-07-05,840.4645346381525,844.0240397925401,828.8537912254402,830.3369140625,2598033,803.3166906738281,832.0501844533788,824.671957961966,54.831920464012256,7.378226491412875,-149697861.87525323,184130877.0,37.948764571082506,45.23073468943007,20.774507997949968,843.3201264153532,819.790219043631,13.338654648302157,678.499699545856
2021-07-06,830.5487211626072,832.4132286371907,822.2432442964241,823.8110961914062,2486069,804.1520227050781,830.7826324130754,824.608190423406,49.72084612230513,6.17444198966939,-151417403.04942718,181644808.0,22.153697764317446,36.03419311216806,19.945230474618274,842.8121286960827,820.7092397121205,13.112321054906761,678.6703643119047
2021-07-07,822.0738730976849,828.5148435774576,813.8531240212633,826.6079711914062,3014899,805.0424548339844,830.140376840511,824.7563223321467,51.79478318491809,5.3840545083642155,-149186726.88601866,184659707.0,30.281734863396817,30.128065732932274,18.72699992956577,842.5429421024082,821.3216758175136,13.222992376427298,678.8723752846387
2021-07-08,826.3113045446261,832.2437959618695,822.0738106751664,827.8367919921875,2555624,806.0425036621094,829.7859791715381,824.9845052699276,52.71758292268536,4.801473901610507,-148845982.21878234,187215331.0,33.19912189183486,28.54485150651639,17.551865350943494,841.8142174693429,822.7495947865165,13.004920441446997,679.0483764614066
2021-07-09,823.7687413267719,830.1249816147872,819.1922276285146,827.8790893554688,3218471,807.1832373046875,829.4926115075275,825.1989189058936,52.75111144730591,4.293692601633893,-146949838.44114864,190433802.0,33.29954156156652,32.26013277226608,16.428609042798083,841.7118165451284,822.3011168044809,12.856908551791681,679.2669711790667
2021-07-12,830.5487555577075,833.1336163392549,826.3112619069029,830.0826416015625,2037878,808.5477087402344,829.5833853681484,825.5606761426097,54.55894290678396,4.02270922553862,-146734649.17951596,192471680.0,38.53107307141099,35.009912174937476,15.43849541284597,841.4947846789994,822.1155790905318,12.425868971831703,679.4089197843567
2021-07-13,833.0913336132604,833.0913336132604,816.9888561578667,820.3364868164062,2997764,809.5689465332031,828.1607855909573,825.1736991554835,46.148504901539425,2.9870864354737705,-148485970.61174765,189473916.0,15.392381466184984,29.07433203305418,15.074403570980282,841.8215906438969,820.3056615533686,12.688483863514701,679.6084219025023
2021-07-14,820.5908131959061,841.5240464547924,820.4636676695083,838.5578002929688,4371180,811.0690234375,829.7603263143436,826.1651140545565,58.903685266938986,3.595212259787104,-145346107.1070331,193845096.0,58.65224778992395,37.525234109173326,14.119735485146682,842.7158713697374,820.2631264329968,13.295560704576944,679.9185756094839
2021-07-15,841.5662619023691,891.9924377162573,839.7017542999412,881.1868286132812,12701032,813.2784497070312,837.6720958987955,830.240796614462,74.26267572271335,7.431299284333477,-137894285.0247435,206546128.0,86.17135396766568,53.405327741258226,16.133560409952487,858.1537480717482,809.3466486567675,16.162637613056344,681.030697478743
2021-07-16,885.5514253740139,888.8142747262225,845.8460796574233,851.7362060546875,8665827,814.7869958496094,839.8358051535481,831.8330491655898,58.10592743953793,8.002755987958267,-144184270.25223726,197880301.0,48.481462457292075,64.43502140496058,18.003540697272165,860.3767631378125,809.6449409637501,18.07732028846655,681.7471634061329
2021-07-19,851.736380302841,863.0081051395128,841.1426442294226,847.6683959960938,4644600,816.2074060058594,841.0408191293244,833.0060378197012,56.284454609573174,8.034781309623213,-146056506.40588504,193235701.0,43.27561937237341,59.309478599110406,19.305471334031694,861.6965886389921,809.8675776207735,18.34790176143967,682.1044499887053
2021-07-20,846.6513682786456,857.8383636704152,821.5230061768825,828.1759033203125,10216774,817.2794921875,839.0616013125534,832.6482500790057,48.44722511100958,6.413351233547701,-152529897.37176377,183018927.0,18.329799203197762,36.69562701095443,18.947002863742632,861.6932282696592,809.6251860369813,19.63129145658917,682.8166981073903
2021-07-22,822.0737752022624,831.8200106814644,822.0737752022624,829.3622436523438,6156400,818.4880236816406,837.5693924417519,832.4048421955493,48.91346257635367,5.164550246202566,-149478490.46789142,189175327.0,19.848036663872122,27.15115174648112,18.614139284188507,861.6048720260526,810.1966111282443,18.925216029632946,683.2201737320604
2021-07-23,834.5321502245146,850.8041389244618,832.7523715556551,842.4138793945312,5265839,819.9779284667969,838.3146981267948,833.1462523584369,53.85765245257054,5.168445768357969,-149107657.58559442,194441166.0,36.55107016264682,24.90963534323892,19.242313140606655,861.9171899219888,810.2487219432456,19.104978832667594,683.5973282215574
2021-07-26,842.413819584762,850.8888077093571,836.6932026006602,847.7530517578125,2477027,821.5025793457031,839.7667525315668,834.2282374991313,55.74455331058912,5.538515032435498,-147724962.54226854,196918193.0,43.38395889791518,33.26102190814473,19.82942719124497,862.4055166914316,810.1544869706779,18.7543092809554,683.7776051887237
2021-07-27,852.6128953503023,854.4886541279453,838.8431762746504,845.7919921875,2883514,822.7879992675781,840.6937124786334,835.0848119204919,54.857224153831744,5.6089005581414995,-148047096.4225933,194034679.0,40.87426246269024,40.2697638410841,20.543241556126816,863.2594932613597,810.3756629886402,18.532249893265366,683.9885986692959
2021-07-28,848.3498498489176,849.15984252549,833.258590855793,838.2037353515625,2952249,823.7614782714844,840.3106390744686,835.3158432857564,51.44482426274687,4.9947957887121675,-149163100.30230346,191082430.0,28.285154859144825,37.51445873991677,20.7278421996061,863.4537679150866,810.6417887255385,18.34432144872477,684.1958723130424
2021-07-29,840.2926089084107,860.2863912435992,840.2926089084107,859.0927124023438,4732101,825.1561254882813,843.2001888172186,837.077092849948,59.004778448128015,6.123095967270615,-144996035.84653375,195814531.0,56.135794277635924,41.765070533157015,21.44630929922411,866.3522567564291,810.3010757631021,18.61134533753276,684.5545859776036
2021-07-30,863.6969367787823,895.2009443219945,861.0538573931325,873.8856201171875,9330054,826.9652807617188,847.9210244018292,839.8036504252991,63.35596748569367,8.117373976530075,-147314010.6387212,205144585.0,72.74676497566864,52.38923803748315,23.35869833878495,872.2201237758094,808.3007807652062,19.861122950541187,685.3552796603991
2021-08-02,881.6017922430296,885.8648570024253,872.2656700120801,882.7954711914062,2536478,828.8466967773437,853.2863239079179,842.988229741307,65.7162531767136,10.298094166610895,-145922517.20120853,207681063.0,84.13867546336904,71.00707823889122,25.134488161234305,879.4625779329032,805.8889052213937,19.413841810527185,685.5758727794091
2021-08-03,878.1915049533926,889.2328031171809,873.0758262837612,886.2486572265625,3359006,830.7607336425781,858.3574521107863,846.1927058513259,66.6138108771825,12.164746259460458,-143804308.1714349,211040069.0,88.02165733565812,81.63569925823195,26.884800253067063,886.3526271684926,804.5900303022105,19.181208597876644,685.8710385932386
2021-08-04,887.6553915083132,893.3252888891889,882.1134068957818,886.6748657226562,3122161,832.5510852050782,862.7139772818432,849.1913843603132,66.72958702618529,13.522592921529963,-144386019.8765266,214162230.0,88.42790825315205,86.86274701739309,28.63463353648608,891.9443589340344,805.2846754897937,18.61197098327167,686.1508767347232
2021-08-05,886.7173997844918,914.8536249699613,881.3458969812318,904.7501831054688,7896314,834.6148046875,869.1810858700933,853.3068509340285,71.27850227977947,15.874234936064795,-141251589.43184334,222058544.0,89.17456886588027,88.5413781515635,30.82891495350649,900.9963440455463,804.0469115696881,19.675953626518655,686.9004737021517
2021-08-06,904.75019356219,912.295796860667,889.2752487155847,895.2008666992188,11584782,836.5451647949219,873.1841290745742,856.4101113610797,66.13397673891001,16.774017713494572,-146872395.93281987,210473762.0,78.94286084793434,85.51511265565557,32.86646198359687,906.3561984754386,805.4234646104989,19.914853234987486,687.9836545423843
2021-08-09,901.8939679438075,909.5248117731759,889.7015618329591,895.7125244140625,6321578,838.4832165527343,876.6500360498801,859.3214012168562,66.27443198395105,17.328634833023898,-149360216.2062994,216795340.0,79.49108148705615,82.53617040029027,34.758469940109364,910.8672521047152,807.6957544870817,19.908310142503865,688.5683710961104
2021-08-10,897.3750329935286,914.2568092124476,893.5382751327487,906.9242553710938,5871606,840.6005859375,881.3076082531438,862.8475385616144,69.28092196386582,18.460069691529384,-147644682.9250158,222666946.0,91.45356495109553,83.29583576202869,36.64039749939519,916.8403858652572,809.4067821034929,19.966183280874937,689.1255440142803
2021-08-11,913.1057029127892,919.9692780832667,901.3397078646087,909.6952514648438,5011239,842.6801489257813,885.6749379780207,866.3177395174091,69.99290936253955,19.357198460611585,-148160742.97410658,227678185.0,88.22014328704687,86.38826324173287,38.53523632059397,921.1945242006874,813.9885202329064,19.87071091928801,689.6107150498812
2021-08-12,913.1486248637354,938.8549304970775,910.5907855784029,934.8902587890625,6540144,845.3814123535157,893.246525795104,871.3971853893835,75.54331765706239,21.849340405720568,-143455398.78551087,234218329.0,96.24544589189063,91.97305137667769,40.712577515286235,931.7184729368558,813.0978173463474,20.534208641641275,690.2914581074707
2021-08-13,937.0215065992885,958.294155222263,929.5184720123212,954.4573974609375,7270809,848.546904296875,902.663582974463,877.5497936909801,78.81993579504356,25.1137892834829,-138123472.18551084,241489138.0,96.93146683444377,93.7990186711271,43.06568337256686,945.3178440565896,806.8255031113792,21.122885396519884,691.1047903294583
2021-08-16,955.7363350003677,962.8983037742784,950.1091109918369,958.0384521484375,3159376,851.8331750488281,911.1827936166129,883.5119165396807,79.36482078826279,27.670877076932243,-137365201.3766567,244648514.0,96.25126319980619,96.47605864204688,45.319918716389274,958.2457346945733,804.5278370827704,20.52762163837142,691.4697707789707
2021-08-17,954.2869521173985,982.1673512580699,948.5744875356304,974.4938354492188,5295838,855.2273583984374,920.9229538985522,890.2513179403873,81.69518904446166,30.671635958164984,-134488787.74904025,249944352.0,94.5913446736423,95.92469156929745,47.67086918622301,972.8917218431449,802.5643938795114,21.460853215804853,692.1054799204783
2021-08-18,987.2406121838558,987.2406121838558,964.8168486826137,967.0762939453125,4871006,858.1748669433593,928.0234677519,895.9420569037151,77.44928301657853,32.08141084818487,-138378176.95392305,245073346.0,84.0202576950448,91.62095518949779,49.914150764289495,981.90754976149,807.4386050236661,21.529632521907512,692.6973816979006
2021-08-20,944.2688970277596,972.6182792635817,944.0130714963934,952.6671142578125,3467046,860.7646997070312,931.8147979835787,900.1439130040186,69.85423392039314,31.670884979560128,-139747425.61687848,241606300.0,69.92953658164095,82.84704631677603,50.12791935751356,986.1458406379882,815.5308012077151,22.03503075371328,693.0922898483309
2021-08-23,962.60005158418,1004.5485684451065,960.0848849320829,991.6741333007812,9383780,864.1812854003906,941.0239264939175,906.9239293222972,76.55652589168656,34.099997171620316,-135797782.3088253,250990080.0,90.20752520052744,81.38577315907108,50.98086321093007,997.867692115533,818.7349751207952,24.16691814182619,694.2722921476297
2021-08-24,995.8093021418564,1000.1150393819424,980.5049405705319,982.9775390625,3947317,867.1730786132813,947.4783284275456,912.5575300437937,72.67694501406817,34.92079838375196,-138749680.55490848,247042763.0,82.49142723424504,80.87616300547116,51.772882503388246,1005.7342966866779,824.3908192801189,23.841431046796504,694.7699412585805
2021-08-25,988.9457886553176,997.4719182168279,972.2345955305036,984.2137451171875,3447912,870.1751867675781,953.1299309951829,917.865397827008,72.88727543807458,35.26453316817492,-138924420.1884828,250490675.0,83.49481948215582,85.39792397230946,51.869126414584066,1011.5741220316753,832.3931692280904,23.941137592477066,695.1984817378199
2021-08-26,988.9457086839969,999.2623038034244,984.7678847209515,995.3828735351562,4654833,873.3794921875,959.6303836936404,923.6074330646486,74.77653119524462,36.022950628991794,-136761318.65163192,255145508.0,92.04872824738914,86.01165832126334,52.0010532269359,1016.173797974247,843.5114071038779,23.305953384888483,695.7919506999954
2021-08-27,995.3829619464868,997.3440133927287,988.6047305226492,991.5462036132812,3050466,876.609609375,964.5405098351237,928.6399345867696,72.8974322042574,35.900575248354016,-137758329.28549242,252095042.0,88.6785339771755,88.07402723557351,52.123556695548324,1020.3580271925823,852.5725270066364,22.265476919544984,696.1787563052816
2021-08-30,992.4413564640867,997.8554272407375,984.3842066706717,991.9298095703125,2956868,879.7287487792969,968.7542482559219,933.3280734744394,72.9705691524085,35.42617478148247,-137402750.3340658,255051910.0,88.6328028705521,89.78668836503893,51.86861634723734,1024.4081435074506,860.3268296370807,21.637315751725048,696.5513331065949
2021-08-31,994.1466790949927,1017.5082942565381,990.7788996437861,1008.0443115234375,7199002,883.3591723632812,974.7988733740012,938.862609626217,75.9113042758037,35.93626374778421,-135301598.9670953,262250912.0,91.85323414268724,89.72152366347161,52.1614892238067,1030.6465167533195,866.6133404244149,22.001035670369827,697.4975669796296
2021-09-01,1014.6095081205343,1015.0358146365513,990.5231899655721,992.9957885742188,3200410,886.5742126464844,977.5983987894193,942.8724747334763,68.42456477408996,34.72592405594298,-137856355.60118157,259050502.0,77.07344102441456,85.85315934588465,52.41098984045276,1032.8859302074686,875.0486401050314,22.18043488469907,697.9083099314405
2021-09-02,999.262334748388,1007.7884638844663,983.9153023034468,999.9017944335938,5224479,889.959580078125,981.0296904269846,947.0968687853368,69.89208695118869,33.93282164164782,-136083764.51189587,264274981.0,79.99029958933515,82.97232491881233,52.05220376641142,1034.5705494264225,884.6867137571711,22.30134393443625,698.5712969525742
2021-09-03,1000.541350454593,1006.59488190832,987.5390022701597,1001.6071166992188,4533364,893.5010913085938,984.1954483150207,951.1346649271059,70.25966150450178,33.06078338791485,-133923563.61627564,268808345.0,78.3643385785582,78.47602639743599,51.71904526908732,1037.0840681826658,891.8588883603029,22.069525056130825,699.1468503798092
2021-09-06,1001.8198332138041,1031.7465155008786,1000.9672205897924,1023.2630615234375,4331916,897.1909606933593,990.2058503470848,956.4775091194267,74.51475372413988,33.72834122765812,-131979591.20798567,273140261.0,90.3304217978638,82.89501998858573,52.12339112937784,1040.4461014568665,901.3030745685242,22.691651474341917,699.7315093361668
2021-09-07,1035.0721177227886,1035.8820583909978,1006.1685180019336,1007.958984375,3721585,900.4738977050781,992.9371017359949,960.2909517309506,67.197761870353,32.64615000504432,-135252668.7120926,269418676.0,69.60554920668469,79.43343652770226,52.59790095713707,1038.6108688290037,914.3629531924807,23.19321496825065,700.2289666617179
2021-09-08,1010.3462720705642,1015.5898621464216,995.0419123656253,1013.5862426757812,3118518,904.0448132324219,996.1138926498081,964.2387510601974,68.42548755549902,31.875141589610735,-132742320.71941686,272537194.0,75.73085709457624,78.55560936637492,52.06156883117204,1037.0748545954445,926.5651661565087,23.004267454861058,700.6333197974204
2021-09-09,1016.3147569461065,1027.356054326734,1008.641239485943,1021.8994140625,3388292,907.8108068847656,1000.0808959440685,968.5099112825901,70.19996007370739,31.570984661478406,-131329863.44837007,275925486.0,81.55255177677968,75.62965269268022,51.91396173884727,1034.420383636989,940.4400533747295,22.697877982427485,701.0874484673343
2021-09-13,1016.3144920712384,1035.9245871363714,1003.0563209500649,1030.29736328125,3723138,911.746455078125,1004.7295832267118,973.0867595787871,71.91695128174906,31.64282364792473,-128881567.92717643,279648624.0,91.16466541565224,82.81602476233606,52.010772796578124,1036.1605488215137,948.2405986394238,23.42433428270456,701.5908975487446
2021-09-14,1036.7774060978093,1057.7516650435805,1029.103889111888,1056.089111328125,5593286,916.1640393066406,1012.6310490884678,979.2350819305899,76.41200137566432,33.39596715787786,-123937486.83879526,285241910.0,98.05588086107036,90.25769935116745,52.608947230753245,1045.868463395835,948.6958554518211,23.797437257632264,702.4018204664409
2021-09-15,1056.0892079794264,1098.9755832783815,1048.9272373213694,1085.589599609375,6063895,921.1860375976562,1023.8554414762996,987.1131943512406,80.29673758872096,36.74224712505895,-121117303.4096148,291305805.0,88.36611247983782,92.52888625218684,53.83353576905626,1062.392697887193,944.926735706557,25.672502164730822,703.3531742665881
2021-09-16,1097.4833766272536,1104.3896249678462,1070.1997615058428,1076.9354248046875,3616292,926.1180078125,1032.02159275759,993.7666929033478,76.32554024321873,38.25489985424224,-123308721.3191186,287689513.0,77.21157541625132,87.87785625238654,55.040574925968414,1073.9612134552845,943.6023790740123,26.280885114536005,703.9273062123315
2021-09-17,1078.5554796165873,1092.1972880544256,1073.0134949387157,1077.1060791015625,4817180,931.1839074707032,1038.9576675797398,999.9399807698821,76.35037866561885,39.01768680985765,-126070550.27788602,292506693.0,77.35322742399939,80.97697177336288,56.16139700024399,1082.9350344396569,945.631536605265,25.77394997176271,704.6832514137172
2021-09-20,1072.5870662194725,1107.3737154040273,1065.7661627776954,1088.06201171875,5453683,936.41298828125,1046.5121820626646,1006.4675386179465,77.9498356681126,40.044643444718076,-125679405.37212524,297960376.0,84.35772565005821,79.64084283010298,57.40117821300533,1090.760235348594,951.3458254424215,26.904921589946223,705.5496927763973
2021-09-21,1099.018144655246,1121.186082406244,1088.78678877017,1107.9705810546875,4645597,942.0156640625,1055.9673203691298,1013.9862825021495,80.5270760565798,41.98103786698027,-124823637.50370418,302605973.0,90.37267702444771,84.02787669950179,58.71383461048439,1104.7276883108193,949.0080172555869,27.349146525485345,706.321096619678
2021-09-22,1108.39692496021,1132.8243087760422,1108.0558589367824,1121.6124267578125,5367303,947.8903308105469,1066.0665675058501,1021.9585894840505,82.0732633544308,44.10797802179957,-124315545.99111061,307973276.0,92.47064883191392,89.06701716880663,60.057082396307656,1119.122469830287,948.4767245056507,27.1709023251903,707.2416255061089
2021-09-23,1131.2895276206082,1139.4745915280696,1120.2482310056905,1132.52587890625,3037295,953.9391955566406,1076.2910769520654,1030.1487590708803,83.22107039504685,46.142317881185136,-123473704.4757286,311010571.0,95.42654051249035,92.75662212295067,61.37239862850375,1133.5063307630585,948.9240769517851,26.60343505356093,707.7731822530749
2021-09-24,1142.5014061184713,1174.687546477406,1139.9435671495494,1158.0189208984375,7951730,960.6928442382813,1088.8645914053534,1039.6206229099585,85.54872255667439,49.24396849539494,-123151751.6422595,318962301.0,90.7213856538274,92.87285833274392,62.892919271660766,1152.1168871677105,946.5771252834617,27.714737376246287,709.2462918830654
2021-09-27,1164.6691061252118,1166.331659484169,1099.913204411009,1104.3040771484375,7653504,966.0077697753907,1091.2398969042895,1044.4119898905865,65.06680370872255,46.827907013703,-129793321.17246842,311308797.0,60.82094080551168,82.3229556572765,61.79515093233585,1156.819935232898,953.1498645717897,30.47928864031155,710.548118910037
2021-09-28,1112.6172138584984,1112.6172138584984,1069.1766262189715,1081.9658203125,8572321,970.023349609375,1089.813115890168,1047.1937551070246,58.765646997260696,42.61936078314352,-133318147.05058962,302736476.0,48.38631808485152,66.64288151473022,59.32974059475675,1157.6687492994724,961.304651579434,31.40509571168408,711.8717025310821
2021-09-29,1082.818210314999,1109.632840112183,1073.268988989373,1092.367431640625,4639821,974.8359741210937,1090.2060875440845,1050.5399533687728,60.675332670210224,39.666134175311754,-133084262.29366608,307376297.0,52.03663285404481,53.74796391480269,57.04043099557616,1159.9087577917248,967.4969550989003,31.759292526764508,712.5915043239669
2021-09-30,1101.107071507564,1101.107071507564,1081.8380375732693,1090.9610595703125,3589722,979.7018273925781,1090.3222370865813,1053.5341093837017,60.26890775768118,36.78812770287959,-133274840.06246683,303786575.0,51.217217816955035,50.54672291861714,54.91464351062275,1159.751037980804,977.4512020094303,30.86713119873094,713.145864351421
2021-10-01,1086.2289003082067,1094.7550298239696,1074.846538220409,1086.0157470703125,3372796,984.8586242675781,1089.6597001610014,1055.9401566197469,58.77796526210628,33.71954354125455,-132863174.26774386,300413779.0,39.09220237236893,47.448684347789616,52.59955354656309,1158.6441245657775,987.1695106881288,30.084371227647345,713.6568747473971
2021-10-04,1092.6234073411738,1102.9400023887367,1086.0156575113695,1090.1934814453125,2706626,990.0752490234376,1089.7418203585878,1058.4774399401592,59.68529026001174,31.264380418428573,-134233523.21064436,303120405.0,32.81340861904388,41.04094293612263,50.699873105918925,1156.8059203087232,997.8663514197925,29.14436934548448,714.0745759798433
2021-10-05,1082.818474999834,1119.992379782507,1076.1680521833027,1112.787841796875,3710314,995.4827282714843,1093.2873621183244,1062.5004326702863,64.26624515552857,30.78692944803811,-131743129.72584732,306830719.0,43.17029165624212,38.358634215885,49.42226085159704,1158.6361016411674,1004.9886481146917,30.19293779217875,714.6606482338872
2021-10-06,1118.6281311952755,1125.3211216827951,1084.3531340508123,1087.465087890625,2861608,1000.2769689941406,1092.3916276217553,1064.3496663903113,56.51530912377364,28.04196123144402,-134169998.67624427,303969111.0,19.921639237298148,31.968446504194734,48.380060758866875,1154.7383781209196,1016.8369819865026,30.962584209307614,715.1068861023468
2021-10-07,1094.7980328539923,1123.6162968763592,1094.7980328539923,1113.7686767578125,2421641,1005.6365026855469,1095.6804044119178,1068.010333824941,61.68462492104396,27.670070586976863,-133403377.60478602,306390752.0,44.07078972890855,35.72090687414963,47.412303529903156,1152.17930159606,1029.414301919565,31.333200264766656,715.4951717636708
2021-10-08,1113.7684528007517,1140.7962444648733,1103.3239430887227,1127.2823486328125,5197831,1011.4180749511719,1100.5422419843633,1072.4008534403388,64.04917534278214,28.141388544024494,-131954606.26256102,311588583.0,55.07081378071489,39.68774758230722,46.98369630327245,1150.5969000396599,1041.5349969329964,31.77170748700837,716.353505408333
2021-10-11,1108.3969083016711,1129.6269929764273,1053.5312821564855,1110.8695068359375,5264998,1016.4536108398438,1102.1310519615286,1075.2503833214942,59.265389409335214,26.8806686400344,-129285237.52866746,306323585.0,47.325844025343734,48.82248251165574,44.16514353461067,1145.7829971140434,1054.4061142140815,34.93770772507504,717.1644567780367
2021-10-12,1114.3227022692056,1116.0706008386128,1054.0856671599786,1066.0648193359375,12811641,1020.2971948242188,1096.5824007883607,1074.569971174416,48.595123592910156,22.012429613944732,-137144946.2427205,293511944.0,10.344935319442468,37.580531041833716,41.54791596371045,1144.5336107415665,1056.6530713873399,36.86965243604355,719.0243555588321
2021-10-13,1076.8502620216373,1083.500685318825,1060.1816355742087,1078.8538818359375,5705730,1024.2183630371094,1093.8549363341417,1074.8872978900843,51.29090161108224,18.967638444057457,-133713185.92216997,299217674.0,20.900776217709318,26.19051852083186,39.1176332193031,1144.7514084325085,1055.7617019190538,35.90175224379875,719.8361006886014
2021-10-14,1099.359274962885,1102.6418143522449,1060.6932944015796,1066.746826171875,10360519,1027.8283264160157,1089.6844578476391,1074.2842999850318,48.68783782923535,15.40015786260733,-141083481.14326143,288857155.0,11.715868624267545,14.320526720473127,37.542524759395384,1145.5134802895518,1053.9807701987293,36.33366422286064,721.3110238873236
2021-10-18,1057.2400496556515,1084.949970311949,1035.9247260738846,1041.3814697265625,23861603,1030.9224584960937,1082.253228905935,1071.8470532992192,43.685542551670316,10.406175606715806,-159633263.56035143,264995552.0,5.20326561148255,12.60663681781982,35.02870939984761,1149.541737456622,1046.3800520941593,37.24020565251806,724.4488406606968
2021-10-19,1048.7138062903316,1068.32390185511,1044.4507420371187,1050.5042724609375,10189780,1033.8375402832032,1077.368774068243,1070.2661065704576,45.840770978384,7.102667497785433,-164655387.18706033,275185332.0,13.902293597673022,10.273809277807723,32.69445228026753,1151.5564800048003,1040.6095356201997,36.50465040080588,725.7722126979327
2021-10-20,1056.3874415997675,1077.191218327567,1040.5288615973086,1051.1865234375,8222562,1036.9572534179688,1073.3407355096672,1068.8528041161644,46.007192648766214,4.487931393502777,-168097389.88473475,283407894.0,14.552852478701986,11.219470562619206,30.872946735400852,1151.7240392626047,1034.7635706006765,36.51591513862392,726.838434798624
2021-10-21,1064.9396966622553,1064.9396966622553,1022.0463914594536,1040.6993408203125,5998795,1039.8569897460939,1068.3189824805356,1066.7673623905457,43.78022093778005,1.5516200899899104,-168878810.3395871,277409099.0,15.707766274041257,14.720970783472106,28.921094154052785,1150.400249728925,1027.9960515406062,36.9714430003509,727.579710132968
2021-10-22,1034.295520597167,1051.573155928684,1019.4676812202288,1026.3443603515625,3812305,1042.2453918457031,1061.8613483068475,1063.7730659432136,40.86438933415067,-1.9117176363661201,-171057998.3417017,273596794.0,5.667815514692718,11.976144755812006,27.210842281973033,1147.5099295257544,1020.2682198883083,36.623873836644066,728.0339452658848
2021-10-25,1017.7914711126359,1022.9059589353969,994.6686179457013,1001.7601928710938,6690819,1044.0866906738281,1052.615016701347,1059.1795197897231,36.39394026747217,-6.564503088376114,-174388129.5015786,266905975.0,4.853000828328693,8.742860872354242,26.526500098446498,1139.7426844195365,1012.4095921917915,36.27043587730243,728.7600391645067
2021-10-26,1005.7143137374292,1016.0293323398644,991.3162669381968,1002.9636840820312,5126660,1045.4481591796875,1044.9763501445293,1055.0153838113756,36.75867673434226,-10.039033666846308,-174682337.79199982,272032635.0,7.791958051208445,6.104258131409971,26.0029192233767,1140.7260694438096,1001.2921678608777,35.444909414757085,729.3078315714293
2021-10-27,1005.7146627374093,1015.4709335651776,998.408188691881,1011.8607177734375,3536653,1046.5962255859374,1039.8816374720536,1051.8187418826394,39.51977028597815,-11.937104410585789,-172642288.1351685,275569288.0,13.743948303426984,8.796302394321394,25.516736982240463,1141.5781693047365,993.4295577460449,34.13189766179561,729.6915238861983
2021-10-28,1017.1469964659773,1018.6082490285238,985.7721432258583,990.241943359375,4096585,1047.2402954101562,1032.2447614547184,1047.257497547583,35.46764349784361,-15.012736092864543,-175623581.55400443,271472703.0,2.883293692911166,8.139733349182217,25.5082427342172,1142.7278329849094,982.0673452377472,34.039341100429176,730.1181667556768
2021-10-29,990.2419057377049,1008.2931904777151,978.2077159110314,983.1503295898438,3558520,1047.4134252929687,1024.6917719370454,1042.5088184396022,34.227856699928395,-17.817046502556877,-178012873.55400443,267914183.0,3.26419051431456,6.630477503550922,25.7515797625212,1143.2019933292672,970.8121118953422,33.756922062304504,730.4762009391114
2021-11-01,982.9355694910842,1024.1526333845661,982.9355694910842,1022.2185668945312,4511112,1048.516270751953,1024.3112788535816,1041.0058368436712,45.525144347962616,-16.694557990089606,-173925119.73276952,272425295.0,31.923639931529433,12.690374712918405,25.09164591177988,1140.2036154537834,967.4307717532477,34.28978933596004,730.9633462719659
2021-11-02,1023.7657890826505,1027.2900667828662,1004.7259593408683,1006.2732543945312,3016082,1049.5883935546874,1021.5361981675738,1038.4330529585498,42.32942615683312,-16.896854790975908,-176527556.40936923,269409213.0,22.55453998146567,19.24745680910324,24.311699305191247,1136.6822309621057,962.5601335398474,33.452240629248465,731.291587326371
2021-11-03,1010.0124327321327,1020.9291208842047,1007.1757600980651,1011.1728515625,2063067,1049.9783679199218,1019.9418371514087,1036.4137787810646,43.63864012351832,-16.47194162965593,-177391459.4196384,271472280.0,26.492043631466775,26.990074514820645,23.587463170501795,1128.0510284214042,961.0298370571113,32.10964247642168,731.5159337317914
2021-11-04,1018.6082691778903,1020.456397994007,1012.5911739169238,1016.9750366210938,256369,1050.6583178710937,1019.485406300591,1034.9738719544,45.22447792990166,-15.488465653809044,-177362042.15682104,271728649.0,36.3186265154702,28.4550700428009,22.914958188290164,1122.9170664717121,959.1147938798503,30.479207044642067,731.5441416986649
2021-11-08,1020.7139568982493,1025.3128196487287,1004.4678876746655,1016.7598876953125,3808317,1051.3092407226563,1019.0660957459328,1033.6246879352084,45.17372098680389,-14.5585921892756,-176678923.7613132,267920332.0,38.94807805653158,33.91958273448954,22.66438065013457,1111.4832692834182,960.847712161894,29.791044539600723,731.9608068914164
2021-11-09,1021.1870498475266,1023.7658050239093,1006.1012900937615,1008.1213989257812,3565461,1051.5640112304689,1017.3822962351403,1031.7355554159917,43.08293099829661,-14.35325918085141,-179428894.5783329,264354871.0,30.220877504282623,35.16252735876149,22.43170150756152,1093.6709154542864,966.743971020323,28.924863853211228,732.3458839516223
2021-11-10,1000.5567596401507,1010.0121929357191,998.9235274485944,1004.983642578125,2401325,1051.8327600097657,1015.4748110571379,1029.7539322428165,42.31679920604312,-14.279121185678605,-179205502.29737297,261953546.0,30.872034093047905,33.34699655128738,22.554263873378435,1077.2721842637911,972.5541157850371,27.650849684205046,732.5972312386984
2021-11-11,1002.2758731335293,1003.8231677397832,990.456582176766,997.7200317382812,2861259,1051.948564453125,1012.7433065465445,1027.381050723962,40.52045090554662,-14.637744177417517,-178957124.90879023,259092287.0,26.596059156129858,29.229656917820147,23.044785124366907,1071.5354902347149,971.4563310543476,26.713436164001756,732.88808732616
2021-11-12,1004.7688489537079,1012.720009582249,999.6972768641376,1007.734375,3812518,1051.9423657226562,1011.9727016932301,1025.925741411076,44.04704406217957,-13.953039717845854,-178063782.4762672,262904805.0,60.157385627410974,39.20849295886293,22.825974966455533,1060.756617610648,975.1232529948209,25.87676056971361,733.2883675911046
2021-11-15,1006.5739050083703,1015.6854838457149,1000.1270183409384,1006.4449462890625,3619915,1052.211348876953,1011.1222777848966,1024.4827195501862,43.68786742140111,-13.360441765289579,-178743772.3093139,259284890.0,57.530313598394905,48.094586127311935,22.40413117982026,1051.625107682358,978.2245749348293,25.13973949364667,733.6683175874833
2021-11-16,1006.4879633006552,1010.4420327875355,997.5052382903493,1000.0410766601562,3141207,1052.2141345214843,1009.4174776118596,1022.672227484258,41.86211328479471,-13.254749872398406,-180653516.09949964,256143683.0,44.483119413201514,54.05693954633582,22.153159697396006,1047.9880639471955,977.7275793633514,24.268100565328062,733.9914556701649
2021-11-17,997.5481787430608,1001.201414210237,988.522538177096,990.6284790039062,3172985,1051.994561767578,1006.5268624414052,1020.2986164857134,39.26473158012737,-13.771754044308182,-182772445.73419905,252970698.0,25.305966141084546,42.43979971756034,22.386299704250295,1041.7020674173825,978.0259965474612,23.44029881302899,734.3059109766385
2021-11-18,986.8034850955869,992.8205795169014,957.1478054476794,962.906982421875,5384530,1050.787440185547,999.8161116691698,1016.0473843328365,32.80832902049626,-16.231272663666687,-186418369.0795727,247586168.0,8.210709014176768,25.999931522820958,23.840581250073964,1037.624749450997,973.2753604122843,24.314047045614206,734.79163352188
2021-11-22,962.9068218524433,967.7634968114469,947.2624209377257,954.2250366210938,3961223,1049.7127612304687,992.8021001233119,1011.4679511690038,31.084414450972375,-18.665851045691852,-187688955.39738065,243624945.0,8.700263027655797,14.072312727639057,25.489836976177866,1036.2935258985328,965.9591535448264,24.041691961907564,735.1257691214103
2021-11-23,949.8415030623455,962.7352791220154,936.9477270026757,956.3743286132812,4545069,1048.5685229492187,987.1978275833071,1007.3869420908021,32.03648794680086,-20.189114507494992,-185386127.8349539,248170014.0,21.50331910582775,12.804763715886791,27.308944315166286,1035.8525908080576,959.4030854614737,24.166396258867,735.5003193758065
2021-11-24,962.7350206650998,973.6087898755342,956.6749055720329,962.26220703125,2675632,1047.3757788085939,983.3615782676061,1004.0443691234278,34.69799509045944,-20.682790855821736,-186296120.9171497,250845646.0,28.64760197782128,19.617061370434964,28.142875559427893,1036.7900402187447,954.5158374668022,23.671258044823137,735.7325608661635
2021-11-25,959.7266694916045,972.1906522122747,954.9989519079021,966.8612670898438,3106454,1046.1070568847656,980.8230688556428,1001.2900652690882,36.78055467082519,-20.466996413445486,-185115653.22891727,253952100.0,33.85221380006575,28.00104496123828,28.973873871274016,1036.6768961733585,951.0187398129697,23.208432491933813,736.0021969030242
2021-11-26,962.7350170945716,967.8925261147211,948.379992293738,954.1821899414062,2207274,1044.0689184570313,976.7244720996064,997.8005930225933,33.599260126455334,-21.076120922986888,-186010228.4140881,251744826.0,19.5037004122921,27.334505396726396,29.97080595526743,1036.2501070548963,945.6776761482287,22.944439729723047,736.1868233609216
2021-11-29,946.4887790483004,984.2245718274673,945.6291942694119,974.0385131835938,3661152,1041.8378967285157,976.3112476509891,996.0404389604452,42.052380937636705,-19.72919130945604,-184281572.5488928,255405978.0,42.72242259480399,32.02611226905396,29.64927880666416,1036.0384151844548,944.269025001092,24.06236386031822,736.5078150583608
2021-11-30,973.9096818002832,995.3133665786759,973.9096818002832,978.766357421875,7421904,1039.8745153808593,976.68895684651,994.7608773649956,43.884182645739195,-18.071920518485626,-188335291.99601775,262827882.0,53.111279894045225,38.44580096704713,28.615806036244347,1035.9925062595396,943.8765367092104,23.872458211609253,737.1969625513418
2021-12-01,985.0844643860086,999.6974101927818,984.3967543761166,994.281982421875,2918586,1038.2180334472657,979.3955761657969,994.7254036655053,49.52345747717058,-15.329827499708358,-187482681.711773,265746468.0,72.81672442547864,56.21680897144264,27.37859854526064,1032.2282129687967,944.8471715526878,23.66235782298765,737.4780456623374
2021-12-02,998.7516266531857,1019.8114548129645,991.1013007438797,1018.35009765625,4011279,1036.8237951660155,985.3885794720204,996.475380998153,56.779291510030006,-11.086801526132604,-183879753.79620975,269757747.0,98.23643324367428,74.72147918773273,25.751995192825554,1034.1109570192114,944.1721118284448,24.022914697708874,737.8889554172204
2021-12-03,1021.1869979801188,1022.6482505339234,1005.4136339383579,1006.9179077148438,2571036,1034.8027416992188,988.7007838170701,997.2489014956856,52.89022652161578,-8.548117678615426,-186001978.87990585,267186711.0,81.64498631873104,84.232714662628,24.386299208778212,1033.5179341799358,944.339640282955,23.53803626184149,738.1535186623803
2021-12-06,1005.6285032467525,1007.9923619750346,975.5000073016341,976.9613647460938,2493755,1031.9097204589843,986.8947193446122,995.7461209957158,44.32314754401944,-8.851401651103629,-188271418.50045496,264692956.0,46.690073869652004,75.52383114401913,23.650774948979578,1029.8641782771892,943.9920289982014,24.1776304340957,738.3863784253657
2021-12-07,988.5228186482109,992.8207439466813,972.534557523864,988.2219848632812,2299958,1029.023642578125,987.098914039792,995.1887775784985,47.74928570868187,-8.089863538706481,-187014234.38840878,266992914.0,59.82957366871883,62.72154461903398,23.092508115921174,1026.2161952231065,944.786221769081,23.899670147575815,738.5987777618607
2021-12-08,994.8835968814277,1015.6855097537024,994.5827631485664,1007.0896606445312,2525711,1026.0050573730468,990.1744135174442,996.0703244722788,52.97125557865802,-5.895910954834562,-186546135.22971192,269518625.0,81.84539691438496,62.788348150918615,21.50667654555034,1026.052295749628,944.8469474144345,24.154231200636193,738.8517309126811
2021-12-09,1014.1386562088694,1014.1386562088694,992.8209013762173,1004.4683227539062,1734844,1024.0083422851562,992.3734764768999,996.6923984190661,52.19084040694936,-4.318921942166185,-186385239.3404807,267783781.0,78.7866782711211,73.48721628474165,19.992179830041543,1025.9775372684765,944.8701739131641,23.951625745780184,739.0239158731782
2021-12-10,992.9924272284861,1003.135570946046,992.9924272284861,999.009521484375,957733,1022.3492163085938,993.39440647805,996.8640371646445,50.521590305121606,-3.4696306865945417,-186206683.65258628,266826048.0,72.41705409077302,77.68304309209304,18.5858614513548,1026.1240205947017,944.8526395615484,23.06050215861161,739.1169285612527
2021-12-13,1002.2763124928452,1008.6801800647137,991.3166015286224,996.3451538085938,2225682,1020.4287707519532,993.8483676058258,996.8256013604926,49.68628506936603,-2.977233754666713,-187143235.27288628,264600366.0,65.84858604993131,72.35077280394184,17.53339607769613,1024.5995824891465,945.2381555479628,22.653579042717297,739.3331582233903
2021-12-14,993.6802670371502,1002.1901795833786,984.6546244732315,999.1386108398438,1972685,1018.5923217773437,994.6622511802901,996.996935396,50.60833487625689,-2.334684215709899,-185857130.63478842,266573051.0,69.47555470773499,69.24706494947979,16.383300413419935,1023.5636920448679,945.5434124473196,22.28800590467657,739.5219613104188
2021-12-15,995.6142465582261,998.7946688317322,981.903908877564,987.5771484375,1604301,1016.6235498046875,993.572235373707,996.2991733990741,46.78672702395409,-2.726938025367076,-186383731.88368887,264968750.0,54.46438349494126,63.26284141753587,15.471102060876552,1022.3242779625974,945.5364337073244,21.927055623076793,739.6717633978814
2021-12-16,993.6801211535352,1003.9092022101923,988.1358406501588,996.903564453125,2121810,1014.7577514648438,994.0847475397713,996.3439431067816,50.06266825157413,-2.259195567010238,-186146698.59317443,267090560.0,66.57361524609995,63.50451781625875,14.421906408825524,1022.9531187093206,945.5351015055231,21.527412633763618,739.8750712860318
2021-12-17,1007.4336377379623,1016.8031353888937,1001.4165426320188,1006.9179077148438,6373455,1012.6403527832031,996.0590798743979,997.1271997444157,53.38136847019716,-1.0681198700178811,-187962588.0102042,273464015.0,68.6106892662609,63.21622933576739,14.179505482344497,1025.0553200222203,947.8339927219204,21.411138226763978,740.5124676398873
2021-12-20,997.118591321884,1007.7344449935301,984.6546089303604,997.0326538085938,3091768,1010.8317041015625,996.2088604796587,997.1201963417623,49.85898857702242,-0.9113358621035559,-187738037.56215802,270372247.0,48.88503483431607,61.35644644889232,13.380672710658827,1024.4634260633861,952.7066483995045,21.53033092936439,740.8068862726936
2021-12-21,1004.7689291911131,1044.3527555504033,1001.4595479214588,1035.7999267578125,6217986,1009.2723291015625,1002.2997937532209,999.9853615577659,60.78695131472961,2.3144321954549696,-183999762.10993433,276590233.0,88.09100057142861,68.52890822400188,13.896298207185813,1030.7991953963328,954.3134388810108,23.37245741596762,741.467882306731
2021-12-22,1046.974292759897,1053.8509712016696,1040.1835518126893,1051.100341796875,3809814,1007.7486889648437,1009.8075703753215,1003.7716563902926,64.11143952465034,6.035913985028856,-181723432.39353618,280400047.0,96.61737491806608,77.86447010793694,14.716200207105896,1040.4209084869565,953.5755392669499,22.9923564893883,741.901275453907
2021-12-23,1057.2035803235026,1057.8911853446984,1044.9114732255318,1055.0975341796875,2814281,1006.6332495117188,1016.7752571144547,1007.573573263581,64.94752259463866,9.201683850873678,-180120598.81581122,283214328.0,96.72708348919913,93.81181965956462,15.620458494695157,1049.380151772619,953.4399226902716,22.277167605801033,742.2250684703149
2021-12-24,1084.9252037682193,1103.535239575902,1071.1718440847299,1087.546875,15952929,1007.062890625,1027.6631983276154,1013.4975215403529,70.87868577133344,14.165676787262555,-179929998.89373842,299167257.0,87.79520508942774,93.71322116556433,17.736102855284425,1064.3018212576549,951.8547217110952,24.145777447973433,744.2520902781704
2021-12-27,1089.9537011331,1097.6899655733191,1077.962533222681,1089.2659912109375,3372907,1007.2711328125,1037.1405510788957,1019.110000775211,71.15713345850067,18.030550303684663,-179437677.83008087,302540164.0,88.2684434322648,90.93024400363056,19.700629761545887,1077.9868352698488,949.6924555016354,23.83018136959234,744.678717264193
2021-12-28,1091.6729631899875,1108.005078387318,1091.6729631899875,1103.6212158203125,3446067,1008.0086206054688,1047.3683456544982,1025.370090778552,73.44082122991705,21.99825487594626,-177841595.83718666,305986231.0,96.52353536129067,90.86239462766109,21.761727864046765,1093.0556271373816,947.1091494739464,23.46653178436292,745.1296943119064
2021-12-29,1102.8474757978295,1116.6008348101172,1097.7759036760879,1110.497802734375,2254162,1009.390947265625,1057.0805698206332,1031.675847219724,74.48307683545231,25.40472260090928,-177049029.93992627,308240393.0,95.46906357848269,93.42034745734607,23.865027207550934,1107.6971502590818,944.0892083834965,23.13498888076767,745.4300206374514
2021-12-30,1110.4977518156707,1140.196347113204,1102.5895077883338,1132.1163330078125,4518139,1011.0231884765625,1068.6245333878915,1039.1158832040269,77.47568040996538,29.508650183864575,-174472379.64280573,312758532.0,94.89551478551158,95.62937124176166,26.27895935161236,1125.4311269845462,937.7318551931879,24.168692483917848,746.0580832800802
2021-12-31,1134.65194320931,1142.774977649008,1125.1534891370452,1133.8782958984375,2231508,1012.6770239257812,1078.6635737741294,1046.1353211813905,77.70517906694451,32.52825259273891,-174494145.13742274,314990040.0,94.46968195181799,94.94475343860411,28.56681407793456,1140.972382847153,934.8866381489408,23.70103505734963,746.3748408893991
2022-01-03,1131.5142606742465,1151.7575216480136,1129.5801951645146,1139.938232421875,2661272,1014.6618017578126,1088.090444335321,1053.0836849769819,78.51595441245013,35.006759358339195,-174669494.9007203,317651312.0,93.0414849390858,94.13556055880515,30.853143224552564,1154.198434618026,937.9582731456458,23.592198730646007,746.758241123899
2022-01-04,1142.8181824215449,1149.007152043031,1123.6924174280289,1146.2135009765625,3367100,1017.0591845703125,1097.0324530493583,1059.9821898658397,79.35328403095824,37.05026318351861,-172045559.12100264,321018412.0,96.68227167241626,94.73114618777338,32.55228061046001,1167.0101211919414,940.9457381830584,23.71523700810002,747.2412913406971
2022-01-05,1142.3885999785427,1143.2481850801069,1119.179802236315,1126.701171875,3510253,1019.5580041503906,1101.5968713302263,1064.924336681333,70.19250123863175,36.67253464889336,-173361903.99600264,317508159.0,85.00543804682192,91.57639821944134,33.80308458031386,1175.0725322665485,944.8444782314982,23.952269988967693,747.7309062669003
2022-01-06,1108.8646976634113,1115.5695029235344,1097.6900921830825,1104.4808349609375,4409632,1021.5883471679688,1102.0405580426434,1067.8544476650075,61.48729122808569,34.18611037763594,-174421909.19994175,313098527.0,71.70804151872713,84.46525041265512,33.55181086147517,1178.6773338355863,951.2409278831634,24.313613539178395,748.3059880238604
2022-01-07,1115.3542515459776,1116.170815099167,1102.1595414860406,1109.337158203125,3898684,1023.5378759765625,1103.1631119134868,1070.9272410382014,62.579583305492434,32.2358708752854,-174326201.2230677,316997211.0,71.7758247878536,76.16310145113424,33.3381841999742,1181.534593732123,959.416431658502,23.577732115888967,748.8175892024144
2022-01-10,1121.6294944239814,1121.6294944239814,1100.2688276236565,1107.2314453125,2529949,1025.877666015625,1103.7890093594888,1073.616441354816,61.76162775354938,30.172568004672712,-175206850.80522332,314467262.0,60.09277396759199,67.85888009139093,33.3244942338784,1182.7076873066105,969.3319672344054,23.41937030763439,749.1492520782109
2022-01-11,1107.7041516393947,1158.720496737539,1100.2687209377225,1154.9813232421875,6772189,1029.314285888672,1111.664749956827,1079.6434696427696,71.01383885308142,32.02128031405755,-169301098.770322,321239451.0,96.71451930614538,76.194372687197,34.33426534444271,1189.6621837228893,977.9617420583605,25.921684985647396,750.1034565000854
2022-01-12,1163.877930773048,1166.542622922537,1144.4513334167095,1162.2877197265625,3162044,1032.1156689453126,1119.452899152171,1085.7652659452726,72.12524513361436,33.687633206898454,-167357108.71125314,324401495.0,95.53856721332784,84.11528682902174,35.44594246591314,1193.9303913577085,991.164591552448,25.648085308517402,750.5700148607094
2022-01-13,1151.843858689924,1168.519828077814,1135.6407030070009,1146.9012451171875,4598005,1034.9282287597657,1123.6757216083274,1090.293856995044,66.35521871598206,33.38186461328337,-168805636.41744825,319803490.0,76.12717672804781,89.4600877491737,35.90799074847867,1193.934612659166,1006.1601383173964,26.164588148681386,751.2342405095078
2022-01-14,1134.652191797554,1154.3796254330198,1111.4433969653312,1149.43701171875,5636243,1037.6935119628906,1127.6389970099308,1094.6748314190222,66.82623946747904,32.96416559090858,-164467028.20946178,325439733.0,75.16773600729286,82.27782664955619,34.95762037998043,1192.9925828022303,1021.354078574723,27.362562457181898,752.021189157568
2022-01-17,1094.2516491008255,1094.2516491008255,1068.807955386563,1082.0025634765625,11973283,1038.9940625,1120.6180072355664,1093.736144904766,47.700995351413496,26.88186233080046,-164022084.63356993,313466450.0,13.232735213845043,54.84254931639526,32.64338147709521,1182.084864187302,1040.758788156448,31.167312019682264,753.4384632800853
2022-01-18,1091.6300100777135,1091.6300100777135,1046.115022909888,1048.4788818359375,7799487,1039.6284423828124,1109.5196802510081,1090.3837550478156,41.36332065151599,19.135925203192528,-171011425.87232536,305666963.0,1.9311814783794898,30.11055089983915,31.227017988010903,1180.1754179111122,1043.9361299404504,32.19214595883535,754.3003784446022
2022-01-19,1048.6938659258299,1049.1236584938322,1023.7658969816913,1030.814453125,8464215,1040.082303466797,1097.4111837700839,1085.9712141646442,38.46342091680379,11.439969605439728,-174770139.19718963,297202748.0,4.8693365975865355,6.677751096603708,30.537204237146344,1183.243198472991,1038.8397605113842,31.703975641214317,755.1472100573318
2022-01-20,1040.1756790566972,1041.3892385113584,1014.1712870802797,1018.8087158203125,6172404,1040.3588049316406,1085.318496393196,1080.9962142872862,36.586021435949036,4.322282105909835,-178839219.30985188,291030344.0,3.0045173799905514,3.268345151985544,30.145219772253892,1188.4441514721811,1030.0099256762564,31.38354534049034,755.7400320731704
2022-01-21,1018.8087250172235,1022.7093838488979,1001.1691001297471,1012.394287109375,5514748,1040.6522900390626,1074.099387272608,1075.9145900518854,35.58659898744385,-1.8152027792773424,-178606217.8138235,285515596.0,6.707581805745921,4.860478594441021,30.10680270197231,1194.9131474398444,1016.0256709195309,30.680455224680372,756.2425942872769
2022-01-24,1007.6704672159993,1009.4040938262634,963.0295820016992,975.0783081054688,5878438,1039.9991687011718,1058.8653750930482,1068.4452358336323,30.38624924945728,-9.579860740584081,-181430060.2356346,279637158.0,5.863405360518502,5.191834848751677,30.881387939338367,1205.6734412723897,993.8466087764384,32.01504450203719,756.7144346916882
2022-01-25,966.4969734991065,987.8639456900218,943.4397574462288,974.0382080078125,4725254,1039.3510339355469,1045.8150416953197,1061.4521226613494,30.253544242742407,-15.637080966029771,-179646002.2312615,274911904.0,13.594473502573118,8.721820222945865,31.94584177311088,1212.4779697246443,974.0837795429339,32.9014119121626,757.0687653765008
2022-01-27,966.4969286191937,967.3203590137724,927.6636464717742,934.2081298828125,8304735,1038.034375,1028.6447475703185,1052.0266417147911,25.636269247149542,-23.381894144472653,-185209703.14362702,266607169.0,2.717174775170556,7.391684546087411,33.19092167637232,1221.9389704113814,946.9938115710406,33.863779742439434,757.6142061030669
2022-01-28,935.2914419945395,955.4014658923577,933.7745188958457,936.5482788085938,7654724,1036.9527709960937,1014.4760600685147,1043.4726889069248,26.347505625975998,-28.99662883841006,-190900916.84531498,274261893.0,3.6887707334627753,6.666806337068835,34.347067300829366,1224.4814849414831,924.8944916210169,32.98972026058747,758.1110134291215
2022-01-31,954.0579427388635,965.5864944852656,947.2967576453682,952.9744262695312,7572995,1036.7541198730469,1005.0142702532864,1036.7691138967475,31.31344519140407,-31.754843643461072,-193772154.0804192,281834888.0,10.508669376465088,5.6382049616994925,34.91619297204172,1221.761241094869,909.5243485047404,32.70746993316492,758.6354706756963
2022-02-01,967.9703085292065,985.1332531079545,954.5780862165726,981.9260864257812,6783774,1037.3081408691405,1001.4622419721318,1032.7066674174166,39.1064938749231,-31.244425445284833,-188412472.7079957,288618662.0,22.528979572864877,12.242139894264264,34.539803334829045,1214.0144688958615,901.4699061041384,32.66828114068337,759.1471042701063
2022-02-02,990.6808263021555,1017.5086524864133,982.3594407541651,1014.994873046875,6982539,1038.4805517578125,1003.5441852143999,1031.3946826492283,46.564082111953894,-27.850497434828412,-182428679.4612537,295601201.0,36.25866107847939,23.098770009269803,32.921420513538706,1202.9998141471458,899.3626980598854,32.87644434925114,759.7470390313728
2022-02-03,1007.236865160505,1014.9081402602698,997.7019206538221,1002.6860961914062,4169794,1039.2890295410157,1003.4121715185547,1029.2681206893897,44.38513692195081,-25.855949170834947,-184182720.81750885,291431407.0,33.09094050775144,30.626193719698588,31.418636465197675,1194.0602854820202,895.9007191566518,31.763337780951268,760.1041203541566
2022-02-04,1005.503369572628,1011.6577224825794,985.87002830604,1008.7973022460938,3625482,1040.1277502441405,1004.2406531689453,1027.751763767664,45.742669907212864,-23.511110598718687,-181361529.5779638,295056889.0,48.70318059757483,39.350927394601904,30.368665815885056,1187.4614445682803,892.9312067989073,31.336506094921848,760.409966491269
2022-02-07,1002.9028743348151,1015.3416226163805,993.3679291164202,1003.2062377929688,3824483,1041.108231201172,1004.081512341872,1025.9335766584272,44.6684029961954,-21.852064316555243,-181761331.67192674,291232406.0,46.07200505022252,42.62204205184961,29.243028930831304,1179.4302234619836,890.3493358641881,30.66773376671031,760.7342447888873
2022-02-08,1004.5931637914359,1014.0414492850888,995.5783907306444,1007.193603515625,3267641,1041.7713330078125,1004.5602955993725,1024.545430499701,45.648742584550924,-19.985134900328603,-180917590.43176258,294500047.0,65.47830493332044,53.41783019370595,28.19779468042425,1170.9503436433124,888.8254315031718,29.79597125154846,761.0124801155254
2022-02-09,1015.905092168821,1030.6409168845805,1010.7042128573767,1023.6197509765625,3772972,1042.6684008789061,1007.4925195035555,1024.4768616461351,49.609568394323624,-16.984342142579635,-179802095.04797354,298273019.0,84.37511978076941,65.30847658810414,26.52081496562085,1152.1772583512416,894.4623595686803,29.34249568850611,761.3539884481486
2022-02-10,1027.1303443950396,1033.1547601231125,1017.7254415556916,1031.8111572265625,2053245,1043.418984375,1011.2338483840181,1025.0201428002408,51.50740577722857,-13.786294416222745,-178106447.94411808,300326264.0,98.72633547031195,82.85992006146729,24.859813706757482,1128.9833485931827,904.6086130767393,28.348697322714308,761.5436711704715
2022-02-11,1021.9727949560632,1021.9727949560632,1003.8131001695373,1008.7105102539062,3912397,1043.2261926269532,1010.845642517847,1023.8120218708827,46.22056173227548,-12.96637935303579,-179908609.86064392,296413867.0,76.82814312682521,86.64319945930221,23.845294049734303,1104.8740101234193,914.8988780601744,28.3236515894508,761.8825767296279
2022-02-14,984.1361480373931,1009.2737257947321,982.6192252416917,993.7577514648438,3243813,1042.9629895019532,1008.2167362020002,1021.5857796185835,43.13430868076405,-13.369043416583281,-180441338.7724913,293170054.0,62.653718124086794,79.402732240408,23.613969116145096,1072.369344820483,931.8356173377201,28.20442651542149,762.1445881463608
2022-02-15,999.8693320172381,1017.6390080522215,995.1885181431458,1012.9149169921875,3000492,1043.682060546875,1008.9395332466445,1020.9434934981098,47.93128708369082,-12.003960251465287,-178703589.58926818,296170546.0,80.81369849045268,73.43185324712158,23.00978143426888,1058.9496595284907,938.3465379812749,27.89562866341836,762.4002888621303
2022-02-16,1021.1060405045963,1025.1367434058639,1005.5034015155617,1012.2645874023438,1885868,1044.1629125976563,1009.451080039829,1020.3006115650901,47.78392484690912,-10.849531525261114,-179290574.88481814,294284678.0,78.97955120374858,74.1489892727627,22.1048905281691,1053.083484739323,940.5912833270833,27.305465322481492,762.5644587378027
2022-02-17,1017.6387797860261,1017.6387797860261,1005.5033939964143,1008.147216796875,1644055,1044.184063720703,1009.2504856947592,1019.4003601007779,46.80283141248347,-10.14987440601874,-180218280.16680056,292640623.0,70.8733692788627,76.88887299102134,21.264634975933593,1050.0471913112667,941.3608531223271,26.2218882129908,762.7052051239208
2022-02-18,999.3056005474324,1014.258128607887,996.9218641899686,1009.83740234375,2166690,1044.2914453125,1009.3407805638346,1018.6919928595166,47.28134249459342,-9.35121229568199,-179156596.77703005,294807313.0,70.3253438710113,73.39275478454088,20.821094009411656,1048.9728680222584,941.5380450636792,25.587200799057058,762.887889552695
2022-02-21,999.5220299447636,1013.7377840342197,997.0082511306065,1009.6204223632812,1706058,1044.503663330078,1009.3838023791342,1018.0200246746103,47.22261742996397,-8.63622229547616,-178290306.134322,293101255.0,53.66829453538496,64.95566922841967,20.409234540498428,1048.6705297347955,941.5629968765326,24.954510235096784,763.0314159677082
2022-02-22,981.2325759250658,1000.4325101234878,981.2325759250658,996.4451904296875,3254855,1044.5056640625,1007.3932466946039,1016.4218888046161,43.675354128465614,-9.028642110012129,-176387346.12602782,289846400.0,29.298872417609083,51.0975036080018,20.638349575099447,1048.943855213176,943.426359630574,25.199748535319543,763.288975131154
2022-02-23,1002.0359862857762,1004.6364256965525,995.1448641720795,999.435546875,1937649,1044.5116027832032,1006.1689851838956,1015.1636412542741,44.69087655595227,-8.994656070378483,-176573157.5538444,291784049.0,35.058176444393446,39.341781132462515,20.60287555451907,1049.2338432297347,945.6761055007341,24.077735177401934,763.4467223918857
2022-02-24,958.6955097283995,983.7897124366572,946.5601235293059,952.23779296875,5469084,1043.8048156738282,997.8718786892578,1010.5024673071982,34.20760613763983,-12.630588617940475,-180374124.7682507,286314965.0,6.55660634743075,23.63788506981111,22.04842976502979,1046.1757695667466,950.5371454723157,26.134712903708515,763.8177677232238
2022-02-25,967.0169061449454,989.0339853511297,966.4968393220943,979.2389526367188,3213276,1043.4515234375,995.0052746811749,1008.1866514056812,42.515224277473195,-13.181376724506322,-179953939.20657703,289528241.0,37.737705697295006,26.450829496373085,23.096487372118993,1040.2088370214315,960.7731454004435,26.896247152185026,764.0543066138393
2022-02-28,970.4839859849033,982.3593896811252,959.5621614077336,976.8550415039062,4571884,1042.8502661132814,992.2129311154413,1005.8657914129572,42.010848044161854,-13.652860297515872,-177589800.90794626,284956357.0,34.9847509802554,26.426354341660403,24.250417351814395,1036.7844703006704,966.5855736446422,26.603460089414067,764.3816049930657
2022-03-02,974.8613666594239,974.8613666594239,961.2957205852197,966.973388671875,3867328,1042.249080810547,988.3299245856618,1002.9848726913956,39.89792045786097,-14.654948105733752,-178219921.5318845,281089029.0,23.57335967390514,32.0986054504852,25.321923761531554,1038.255369770554,963.6194043993681,25.814593005790673,764.6507610396307
2022-03-03,975.1651114313386,998.5690741056907,971.2644509856132,987.9072265625,3969380,1041.2912268066407,988.26489412056,1001.8680100151811,46.08437411707993,-13.603115894621055,-177350450.59965485,285058409.0,52.620109007169624,37.05940655377674,24.955756165404235,1036.7277064035868,962.4383031178976,26.22752817922103,764.9509786892852
2022-03-04,977.7653303356079,1001.0392445628129,973.1279006848351,986.823486328125,3522375,1040.0056896972656,988.04313907557,1000.753600853177,45.82141888160907,-12.710461777606952,-177416095.6986381,281536034.0,51.240894380633726,42.47812102056952,24.485907499022556,1036.3111730598675,961.2685754752889,26.34780072913222,765.2180091759363
2022-03-07,963.0293630302714,1006.7167648378183,962.5959564762524,1000.4756469726562,5249845,1038.913251953125,989.9558325981986,1000.733011676842,49.71398689009867,-10.777179078643371,-173651486.46994704,286785879.0,68.61522362256152,57.492075670121636,24.42817069123445,1035.6255566509292,961.1220263568832,27.61730127430606,765.620055834479
2022-03-08,1002.0360874435946,1022.4928583777616,1001.1692742191624,1018.765625,3805165,1037.537626953125,994.388108352322,1002.0687608118907,54.43698245584034,-7.680652459568705,-171176561.066668,290591044.0,91.89183956261706,70.58265252193745,23.536985114187665,1037.410981040648,960.8925406878675,27.217294855077444,765.941926356399
2022-03-09,1022.8395783201795,1035.8417763496732,1006.4567876405856,1025.179931640625,3781326,1036.2559057617189,999.1253119351378,1003.7806993917969,55.99784791055009,-4.655387456659128,-170139215.0630815,294372370.0,88.05819071192647,82.85508463236836,22.073531828745235,1039.8391626310547,960.2629919099608,27.37213013036388,766.2716886765232
2022-03-10,1038.615494062105,1038.615494062105,1018.5054709186161,1033.371337890625,3834327,1034.850908203125,1004.393931312905,1005.9725985398583,57.97767167260813,-1.5786672269532573,-168304667.9198275,298206697.0,94.30325885265813,91.41776304240057,20.58591712228387,1041.6858591905143,959.3914540419075,26.853408202729952,766.6151941994118
2022-03-11,1022.8394530611527,1046.3734497749465,1019.6322869314971,1034.498046875,2770879,1033.3309130859375,1009.0253337070734,1008.0855947128317,58.255890038823594,0.9397389942416794,-167994811.62887257,300977576.0,88.10238737989641,90.15461231482702,19.3882355198655,1042.2431137325407,959.1028884647249,26.845390677067055,766.8660087930486
2022-03-14,1034.4980538460702,1053.0045982161353,1020.8024703271988,1042.6461181640625,5740660,1031.5415087890624,1014.1977620850718,1010.645633486997,60.30277564561077,3.5521285980747734,-165947355.52526242,306718236.0,90.26865407288777,90.89143343514746,18.578557259020187,1047.7127656273765,957.0267973609048,27.228014763629158,767.3944762102458
2022-03-15,1046.2435083663054,1052.5712869058107,1012.5244544984481,1020.1090698242188,3003066,1029.266124267578,1015.1071940449406,1011.3466287712357,52.617561348853194,3.760565273704856,-167812898.32861063,303715170.0,69.09606770224707,82.48903638501044,17.395438507017094,1049.481946964464,957.8927478597548,28.1436445953244,767.6595339959964
2022-03-16,1031.6377493967707,1042.7328948507015,1027.173640261893,1039.742431640625,1894018,1027.262208251953,1018.8972305981229,1013.4500215763757,57.67778160419304,5.447209021747199,-166646934.6342837,305609188.0,87.54076562965909,82.30182913493132,16.296828237299938,1053.3289550737095,956.728491215353,27.74937176897857,767.8316432419867
2022-03-17,1053.178191648041,1053.178191648041,1032.2013514725954,1037.4888916015625,6987787,1025.0877160644532,1021.7574861371136,1015.2306786152784,56.9262967431181,6.526807521835167,-170111959.97274193,298621401.0,83.24079753627133,79.95921028939252,15.805751391757541,1056.5573304703491,956.0225462386352,27.26561951229765,768.4751027203511
2022-03-21,1040.089243144891,1048.7573756724555,1009.9240996241009,1012.4812622070312,4046440,1022.8033178710938,1020.3303747632548,1015.0270181405934,49.25675501579115,5.30335662266134,-173625485.62633508,294574961.0,56.52781971576563,75.76979429389871,15.16002585657417,1056.841513945592,956.171767304408,28.091880693444576,768.8228474255333
2022-03-22,1014.1713082058455,1024.3563619421009,1007.4968897843912,1019.7189331054688,4516870,1021.1080798339843,1020.2363068159032,1015.3745673972508,51.30169839515785,4.861739418652405,-171593469.59962392,299091831.0,63.58472061586617,67.78444595596773,14.674049309345994,1057.649677325073,956.3517570010988,27.28956579803494,769.1999867841485
2022-03-23,1031.5078170700765,1032.24458720555,1014.171551236966,1023.4464111328125,2338886,1019.3902648925781,1020.7301690185046,1015.972481748033,52.36637480188937,4.7576872704715925,-171531780.51084912,301430717.0,67.1770292940526,62.42985654189482,13.786648941727156,1058.8400877753418,956.5439454277832,26.631242238788445,769.3996140676295
2022-03-24,1013.304639009888,1034.974969185463,1013.304639009888,1033.3280029296875,2351703,1017.9121960449219,1022.6682973125328,1017.2580759096371,55.16483471995882,5.410221402895672,-169537540.96001902,303782420.0,78.08600253602948,69.61591748198276,12.812377540784654,1061.5809869931586,957.4913274599666,26.276891377130337,769.6031095902762
2022-03-25,1039.3091476400275,1039.3091476400275,1018.8523749039589,1022.2762451171875,2489854,1015.2580944824218,1022.6079815901719,1017.6297921472334,51.51927410030948,4.978189442938515,-171193936.32449758,301292566.0,65.88520202416267,70.3827446180816,12.129750100611256,1062.7886981088636,958.5676861684801,25.8611686170545,769.8178840352447
2022-03-28,1027.086985144268,1029.4273384669284,1003.9430091425708,1008.9271850585938,3406258,1012.1908837890625,1020.5032436622369,1016.9851545851119,47.441143216409536,3.518089077124955,-173267815.6009866,297886308.0,14.91650129045691,52.96256861688304,11.85529846608649,1058.2443631957706,968.7809602905575,25.834251524719008,770.0966204247424
2022-03-29,1011.5711904537395,1018.5056973291721,1008.6673868620876,1012.1779174804688,2443230,1009.4964172363282,1019.2224242496573,1016.629062947731,48.51002415413339,2.5933613019262793,-173967446.6870383,300329538.0,16.725658195708,32.509120503442546,11.600450519742063,1057.058228602939,973.2609913677642,24.691684306316542,770.295356938196
2022-03-30,1020.5425441874071,1024.5298639181747,1007.3236423132107,1010.0107421875,3073672,1006.7078918457031,1017.8052423939408,1016.1388169654916,47.81192493511421,1.6664254284492017,-176081086.45748433,297255866.0,12.323977968914969,14.655379151693312,10.978781732644679,1054.979619951967,978.6551700870954,24.157008399077075,770.5457744676895
2022-03-31,1018.3322348597738,1018.3322348597738,1006.3701698442535,1008.75390625,3006639,1005.2429187011719,1016.4127291410268,1015.5917865421218,47.386027333241266,0.8209425989050487,-177889431.54519773,294249227.0,9.771258808464294,12.94029832436244,10.459871625923975,1049.8097908080942,988.0030509887808,23.28594101453731,770.787418456437
2022-04-01,1006.3701475186273,1017.6387193685345,998.61221153144,1013.8681030273438,2479745,1004.550703125,1016.0212482004601,1015.464106281768,49.36264864835351,0.5571419186921958,-176392543.4203576,296728972.0,27.95861352312132,16.684616766833546,10.450233397081236,1047.7936930581775,992.6152363851817,22.981695787577106,770.9854302922498
2022-04-04,1016.9452357482211,1030.5975440755747,1012.4378492919913,1028.95068359375,2282137,1004.513427734375,1018.0103921071202,1016.4631120085814,54.76052396509041,1.5472800985387494,-174524329.813256,299011109.0,55.59960986218928,31.109827397924988,9.832594354925208,1045.4594711527038,999.1621780172183,22.6372671444347,771.1779949978509
2022-04-05,1031.507843358699,1042.7764164374073,1026.3936236451582,1036.23193359375,2634464,1004.8618920898438,1020.8137061819863,1017.9274691630384,57.136046034474674,2.886237018947895,-173994660.1140653,301645573.0,68.9435468435114,50.83392340960736,9.961338668686762,1045.6967679211793,1002.5005099108521,22.19051897642144,771.4097023486835
2022-04-06,1031.507715928356,1035.755121803434,1012.00441877845,1014.6048583984375,2838968,1004.906103515625,1019.8584988306711,1017.6813498471421,48.91932584954098,2.1771489835290367,-176211956.8431719,298806605.0,29.30882361651539,51.28399344073872,9.3197822003376,1045.7685397702865,1002.0126614015885,22.336018679198478,771.6453834514826
2022-04-07,1010.3574572123028,1023.4896985166164,1008.1037640269531,1017.031982421875,3391918,1005.7451770019532,1019.4236501523948,1017.6332485563815,49.791976273459966,1.7904015960132256,-175667320.3619329,302198523.0,36.732895795566435,44.99508875186444,8.949921284062444,1045.5525480608999,1001.4138581891002,21.83958409423168,771.921219830434
2022-04-08,1021.972891978639,1022.8397052882053,1007.7138553611425,1010.140869140625,2656091,1006.4672302246094,1017.9955299967379,1017.0782574885477,47.32018269268654,0.9172725081901945,-177471046.7691802,299542432.0,26.104075990344075,30.71526513414199,8.629936575795508,1044.6310493002386,1000.0123100747614,21.36003165371962,772.1344507116223
2022-04-11,1008.9706415244541,1008.9706415244541,981.0159136987122,982.5328369140625,5679058,1007.4337243652344,1012.5397310609417,1014.5193374459932,38.97288124510944,-1.979606385051511,-182533772.89321125,293863374.0,2.456138062490032,21.76436994946687,9.708971813598756,1047.2494388858763,992.19739949303,21.914669067161988,772.5463100855709
2022-04-12,979.325672859592,989.6406661027277,970.4408368594319,980.495849609375,2906617,1008.31267578125,1007.6099031453159,1011.9990790877252,38.434171586678765,-4.389175942409338,-182395980.4222878,290956757.0,13.900507618251853,14.153573890362011,11.14244898160092,1046.9758401965883,986.2559713268492,21.72075193688583,772.7462532396091
2022-04-13,983.8329362874545,990.8541017187932,973.4311783707589,975.25146484375,1971580,1008.7582165527343,1002.6316818681519,1009.2770335881715,37.015547487137425,-6.645351720019676,-183955592.77108133,288985177.0,6.650431243358466,7.669025641366807,12.383674815092075,1049.606057274119,979.1399937512718,21.413764180539296,772.8814307350274
2022-04-18,962.16268374532,964.5464201239683,940.1456065764633,955.011474609375,4391701,1008.2199243164063,995.3054961360324,1005.2573625527051,32.09230571062936,-9.951866416672715,-182996124.0341459,284593476.0,14.484800473711282,11.678579778440557,14.672857982699194,1051.9169823012153,968.3559730210504,22.391770901021257,773.1432711183264
2022-04-19,967.2768927760575,967.3201699497349,917.7384961205536,927.7068481445312,3422431,1006.4741638183593,984.9057041373399,999.5128800039515,26.895291875497207,-14.60717586661167,-185042401.5342334,281171045.0,7.972263133229711,9.702498283433176,17.350081122992616,1057.8863410313786,951.4084099451838,24.333906824461263,773.3291137019461
2022-04-20,931.8242040189974,948.9871479620717,922.895985599812,944.3063354492188,2573318,1005.3065686035156,978.6596474160904,995.4235063332305,33.903026464066684,-16.76385891714017,-183392401.47052994,283744363.0,21.247825668677667,14.568296425206242,19.83607403897937,1060.4319016742977,942.0453566264835,24.459425077161153,773.4695408872273
2022-04-21,949.1603914801315,957.8719058911794,937.1116676313324,952.8009643554688,2547848,1004.1866418457031,974.6813884836871,992.2662810015445,37.219608449498864,-17.584892517857384,-182089239.40218094,286292211.0,28.04146785716264,19.087185553023364,21.49170409621674,1060.0216331172944,935.7638283084867,24.195197447353,773.6171890338088
2022-04-22,941.8792177581964,983.7896155188387,937.1117450782191,955.2715454101562,9567571,1003.2279479980468,971.695258780067,989.5259302169973,38.19101307578551,-17.830671436930288,-184212375.71047154,295859782.0,30.017333297364218,26.43554227440153,21.407493211258277,1058.0940287845046,930.8739460690109,25.801102661157756,774.1991751889205
2022-04-25,950.8074869463987,951.760960370858,933.8179681969294,944.6964111328125,3565801,1001.9780041503906,967.5415899112586,986.2052250996503,35.64835966521031,-18.66363518839171,-183454442.70633173,292293981.0,21.559791576784,26.53953091043698,21.450327778883118,1054.563420954494,925.5413947193342,25.49056512916269,774.3972381586044
2022-04-26,956.9618180856814,959.5622578087404,940.5357494932246,948.5537719726562,3213714,1000.4766845703125,964.6203871514736,983.4162285717248,37.288430908876514,-18.795841420251236,-183959553.46004388,295507695.0,24.64474438955389,25.40728975456739,21.041759822184066,1051.5128343638446,921.2197339955304,25.028846785330767,774.5818021906077
2022-04-27,942.2259089118795,953.407819885684,931.4774045199113,949.6804809570312,3288792,998.8340710449219,962.3219400446362,980.9172843039696,37.78718801628938,-18.595344259333388,-181788701.293411,298796487.0,27.065665241360335,24.4234004025661,21.026194825008833,1049.5578760186836,917.2500219305354,24.807530255362337,774.7652179366281
2022-04-28,962.3711824674629,971.4485361031727,945.8910596457035,962.8118286132812,5202061,997.9160974121094,962.3973075167355,979.5761394379927,43.43371387943706,-17.178831921257142,-180102533.521472,303998548.0,42.62205201593603,31.444153882283445,20.021325023300626,1046.2899924166977,915.5812966458022,24.861097841227114,775.0803773496955
2022-04-29,964.1337658756443,969.8621657643022,946.8163508501613,951.1347045898438,2988180,997.0636364746093,960.6645993741369,977.469366486278,39.96041058223527,-16.80476711214112,-181970855.67952374,301010368.0,31.775284731518504,33.82100066293831,19.088231636000152,1043.146073926353,912.8376113763815,24.731434775006672,775.2569131552425
2022-05-02,945.626716452833,953.5583478117104,935.9325003475383,940.2508544921875,2584604,995.6103552246094,957.5240232384524,974.7124396719009,36.99117148809922,-17.188416433448538,-183288997.4094554,298425764.0,24.675905923255243,33.02441422356995,18.71575685912793,1040.0934990664339,909.0398810605193,24.223892824232774,775.3986235205363
2022-05-04,948.1823083937289,948.2704160986328,912.8425123580207,920.90625,3385725,993.7831884765625,951.8905196633059,970.7267959925009,32.38517629593477,-18.836276329195016,-185133474.11388695,295040039.0,10.336589355573457,22.262593336782427,19.262917366050633,1036.8088955897767,903.0282992344421,25.024179318259872,775.5663380371723
2022-05-05,933.288461170586,947.5653521056548,922.801062234521,944.7893676757812,2982126,992.5160314941406,950.7980347421483,968.8055050060773,41.989140677696334,-18.007470263929008,-182819918.49381703,298022165.0,40.951422191924664,25.32130582358448,19.77099497962172,1027.6202959265663,903.8007673058555,25.140959517359512,775.7244819707718
2022-05-06,925.2688189442891,931.2175420442429,906.8056804788782,925.5331420898438,4075606,990.8299462890625,946.9111281802552,965.60014479006,37.37912330704536,-18.689016609804753,-180642354.92687905,293946559.0,24.32645408583565,25.20482187777795,20.79204554293992,1015.2978887186281,905.0532953634032,26.058297208755477,775.9173162486453
2022-05-09,920.0691214510589,954.3514119559164,911.3443065420641,948.3585815429688,4207192,989.6047094726563,947.1338133129805,964.3229919569421,45.07671305671292,-17.189178643961668,-177607666.30408096,298153751.0,53.976067919263215,39.75131473234121,20.40030651170502,1006.1583209431614,907.5682354533229,27.268926366262388,776.1388444826454
2022-05-10,945.6267021042916,956.2022104223265,939.9864094854129,945.2301635742188,2473518,988.5804089355469,946.8409441224018,962.9087083730367,44.27342911359874,-16.067764250634923,-178481445.85431883,295680233.0,49.912339600976914,42.73828720202528,19.938443952600938,994.278766204413,912.2676083073057,26.479417407023192,776.2761272195813
2022-05-11,942.1015817361921,951.1789365471711,928.926303302233,934.963134765625,2895668,987.2909606933594,945.0135888367438,960.8386658835988,41.65018633119006,-15.825077046854972,-179806004.53907284,292784565.0,36.575753463538774,46.82138699459299,19.947265726390267,981.8439393117413,917.1846617624775,26.177504252588545,776.4283126418253
2022-05-12,925.4449306048382,943.8198517150629,919.8487465727499,933.6409912109375,3195189,986.9190246582032,943.2639584327736,958.8240233152535,41.3107355839878,-15.560064882479878,-179324364.44908172,289589376.0,34.858325594982546,40.44880621983277,20.293509167021302,976.2869815407674,917.8524349631388,26.019904316140295,776.5897816443634
2022-05-13,942.9826928514238,950.0330307419018,921.0384946513876,927.2516479492188,2496626,985.8792785644531,940.8005260506883,956.4853288436954,39.62982628051917,-15.684802793007066,-180751001.26098597,287092750.0,31.62912169161101,34.35440025004414,20.24228222620247,970.4917717059313,918.3232246319592,26.23237801430986,776.7159893233875
2022-05-16,928.882186231222,940.2948797379762,916.7203081234741,920.5540161132812,1415370,984.7532580566407,937.6856783680103,953.8237501229239,37.88942612362482,-16.138071754913653,-181706034.9828756,285677380.0,21.26814402245564,29.251863769683094,20.369047751956156,965.6308995050628,917.7143519597811,26.04253470003788,776.7842798518137
2022-05-17,932.5835756488585,957.0835474270039,921.2589898126344,954.3515625,2620776,984.5008215332032,940.2496605421625,953.8628473360407,49.856548998377875,-13.613186793878185,-179484980.34753978,288298156.0,73.55164242350205,42.14963604585626,19.50417885568093,965.5260412630719,917.7532189908343,26.79160588672965,776.926131563931
2022-05-18,954.9242225844713,967.0859906035663,943.6877468433463,946.243408203125,2865869,983.6675451660157,941.1717755669259,953.2984444373062,47.49242594621107,-12.126668870380286,-181724803.15872797,285432287.0,61.008641006609594,51.94280915085579,18.17945579667208,965.6432661443508,919.4896501154147,26.549222877693243,777.0884780370104
2022-05-19,929.8514286887863,932.6716284281563,885.34617019638,889.576416015625,4729354,981.7226037597657,933.2340279436488,948.5782941838484,35.000806277555625,-15.344266240199545,-185608678.605166,280702933.0,5.0052605909911705,46.52184800703429,19.05479917650437,972.4423663222857,907.2175579941205,29.002652529768373,777.2797759176235
2022-05-20,906.849744653128,911.6968521318377,896.097968215119,906.717529296875,2005622,979.84744140625,929.1545666133759,945.4774967848133,40.13052329502291,-16.322930171437406,-184883486.59954524,282708555.0,26.14559096659838,30.719830854733075,19.867618029205783,972.5681838436847,902.4833969668623,28.51106564308582,777.3622157424552
2022-05-23,901.5620063670044,913.9000983407464,894.291345025335,897.419921875,2285466,977.42052734375,924.2723135767027,941.9176764211234,38.36202819231002,-17.645362844420674,-186439660.33875915,280423089.0,14.77095449742212,15.307268685003919,20.502498612009322,972.7542665120008,896.5121519450305,27.875186191109073,777.4538450728861
2022-05-24,900.7247513972499,901.0332359648154,869.8354681739586,874.0216064453125,3418456,974.3973608398437,916.5414355564889,936.8883379043966,34.26913635165769,-20.346902347907758,-188940734.7115561,277004633.0,4.304489237457763,15.073678233826115,21.770410710049777,977.1186541250299,885.0802838632512,28.11251344823391,777.5683917818887
2022-05-25,874.2418750961846,874.9468981084618,848.684400925026,858.7752075195312,3904551,970.9054382324218,907.654323550803,931.1021800981104,31.882181989926835,-23.44785654730731,-189844804.17286736,273100082.0,8.522526278491469,9.19932333779048,23.434886194035073,981.5868330694818,871.6342484734869,27.980369429319758,777.6727939411784
2022-05-26,861.0225330940056,868.954163388628,854.0162489091271,864.2833251953125,4278059,967.5011437988281,900.9818622653429,926.1526352904957,33.679437288672744,-25.170773025152812,-188242101.4145808,277378141.0,13.174590233659437,8.667201916536252,24.98047057202142,982.5067689868588,862.1745969799381,27.0487655043327,777.7891003892836
2022-05-27,871.5981533324198,890.5018854139225,871.5981533324198,884.7294311523438,2795530,964.3428100585937,898.4814882479584,923.0842497987808,40.00706915287304,-24.60276155082238,-187153860.64109933,280173671.0,30.443028953563726,17.380048488571575,25.21950527212855,977.7183294823493,859.1547967383539,26.98946512678108,777.8827230668476
2022-05-30,898.0368412514301,928.3092098208699,895.0845336032803,916.4558715820312,3562969,962.26974609375,901.2467779916619,922.5932588197622,48.25683163855848,-21.34648082810031,-186133163.31983057,283736640.0,57.23864927912238,33.618756155448544,23.800166545129688,974.0546270581943,859.3506158617275,28.174487522620016,778.0371736651026
2022-05-31,920.950448308574,921.65552517645,899.3147332234979,917.2049560546875,5185485,959.8189965820312,903.7018823090505,922.1941252816086,48.4371220561638,-18.492242972558188,-183013707.08648878,288922125.0,57.871313481258525,48.51766390464824,22.482209155773603,971.8804962876341,859.2201567885379,27.757794981929454,778.2604048696573
2022-06-01,917.20495116588,921.3469818986031,891.471205530143,897.0674438476562,2554081,957.0105676269532,902.681199468836,920.3328896198343,43.998787457810394,-17.65169015099832,-184610942.92993432,286368044.0,40.86350787518136,51.991156878520776,21.53763462162734,971.191399035606,857.5253734253316,27.90907936668164,778.3623926517656
2022-06-02,891.3391527725745,924.3876176945878,887.7258216672095,916.2796630859375,3560227,955.0865356445313,904.7732707945439,920.0326506173234,48.817384243443755,-15.259379822779465,-182625442.86862192,289928271.0,57.08982653394459,51.941549296794854,20.79533451206742,968.0454462747796,857.8203557271736,28.534273413874256,778.5112862306887
2022-06-03,928.8379738358557,942.6743274531536,916.720204746306,919.1878662109375,3556955,953.0759143066406,906.9909008586044,919.9700739946281,49.52537589347948,-12.979173136023746,-185506022.79834357,293485226.0,59.54604619526481,52.49979353479694,19.323452407170176,967.5070001355762,857.7242742784863,28.381444196255817,778.6786667736968
2022-06-06,914.7812902100626,923.0213506435275,899.9315383733459,914.1644287109375,1997494,950.8902746582031,908.0945205281942,919.5400261958363,48.28297813783039,-11.445505667642124,-185040949.08931875,291487732.0,55.3033350005599,57.31306924325646,18.58985048257512,963.3114393934849,858.5004197373745,28.003470487250517,778.7637055257528
2022-06-07,907.7310919606277,911.0359381692223,892.8813378459356,901.4739379882812,1839248,948.253193359375,907.0759693682076,918.2017974397211,45.19825200293315,-11.125828071513524,-185139159.29777482,289648484.0,56.16510089244227,57.00482736275569,18.15948023445499,958.8115636909699,858.6246728812957,27.523443371375613,778.8357215482291
2022-06-08,901.6501337617378,911.0800259524335,895.3929799258194,907.9072875976562,1665512,945.9658142089844,907.2038644804304,917.4392411551237,47.04526841528944,-10.23537667469327,-184147353.97190285,291313996.0,63.00982335049179,58.15941974783135,17.757760534248302,955.9904675228697,858.740184332599,26.677986418178364,778.9024495806912
2022-06-09,903.2805964645503,909.2293201258028,891.6035260304293,906.5414428710938,1654005,943.9180993652344,907.1019534636094,916.6319968377882,46.685513000629456,-9.530043374178717,-182997809.92210105,289659991.0,61.556641315974765,60.243855186302966,17.53153677813366,953.1178232826716,858.9028737388129,26.03140125226373,778.9674186716767
2022-06-10,891.867760825137,902.2229448070493,888.5188610187358,894.820068359375,2260855,941.5709423828125,905.2124326783426,915.0162984319797,43.603896544864405,-9.803865753637183,-183179559.69446525,287399136.0,49.085757525879465,57.88407406411537,17.444602251185504,950.6856594856224,858.0918795768775,25.459342723699027,779.0508921364831
2022-06-13,877.7671734611408,883.0549275181356,865.8697268329025,874.0657348632812,1738804,938.8520422363281,900.420633014487,911.9829233528169,38.729176852554,-11.562290338329944,-183259814.36376113,285660332.0,27.004312989498473,45.88223727711759,18.18656042966657,949.5346057671727,854.5941051703273,25.70869978103999,779.1034943967144
2022-06-14,870.7167798613989,882.1295257400144,862.0360723473292,878.560302734375,2461791,936.2481701660156,897.0575052790851,909.5071736773768,40.286087574268535,-12.449668398291692,-181672604.84067884,288122123.0,27.683945138806102,34.591338551394706,19.00167873238783,940.2233229432708,856.3262620176666,25.307610753300363,779.1778003356558
2022-06-15,871.597989816828,887.4612494899351,870.7166976127664,872.3911743164062,2408630,933.4186315917968,893.2626851309807,906.7578403913791,38.827702409108944,-13.495155260398406,-183599502.65073743,285713493.0,12.841426138856411,22.509894755720357,19.431255206983742,931.71615986825,857.4482017040156,24.695963690719527,779.2523857362571
2022-06-16,887.4612181818791,887.4612181818791,847.4946396535628,850.4028930664062,3198618,929.84767578125,886.6688709672001,902.5833998487884,34.09068453550108,-15.914528881588353,-186332612.11548507,282514875.0,3.055539979251714,14.526970418971437,20.59208114451368,934.4438000700238,850.8032092073199,25.78672189340501,779.3359920016571
2022-06-17,839.3425985459477,848.8164884063768,831.9837774037344,844.9387817382812,4302066,926.0218127441407,880.2488572396741,898.313428136899,33.01283271031042,-18.06457089722494,-184012657.01992208,278212809.0,11.70380337685821,9.20025649832214,22.096455608412132,935.6410660095163,843.428068511968,25.2604643054955,779.4211342152012
2022-06-20,850.4471247231071,851.3284170803331,839.0784317989647,846.084716796875,1305407,922.6514099121093,874.9928356330896,894.4446347043046,33.487784908139076,-19.451799071214964,-183824829.00450084,279518216.0,12.739063440235013,9.166135598781674,23.332175119111042,936.6125280923106,837.3230859213613,24.331144375200704,779.4484028715239
2022-06-21,856.3517480514092,881.2042019416918,849.2573557166353,869.4829711914062,2128325,919.7004296875,874.1451641805229,892.5956225922381,42.458867042216404,-18.450458411715204,-183258259.94503155,281646541.0,33.87750243442629,19.440123083839868,22.792154852821415,936.6609655330972,836.8207849551841,25.101740144459,779.5070348960057
2022-06-22,861.8597555512591,862.7851016438857,845.2914722224947,847.1862182617188,2575065,916.4413366699218,869.9976340391685,889.2319630121997,37.296442920861,-19.23432897303121,-185275511.11555505,279071476.0,13.7341813291171,20.11691573459283,22.433022519303982,937.6120898321655,834.7107617303346,25.036722917634183,779.565761895715
2022-06-23,847.8912931672011,861.4632159887287,844.8067701432005,855.9551391601562,2169033,913.9097827148438,867.8372502116281,886.7670130972335,40.3672957185251,-18.92976288560544,-184541021.8974047,281240509.0,26.3312837802489,24.647655847930793,22.11777405173627,938.0253276653607,833.4647052936236,24.438131698198042,779.6167428184785
2022-06-24,867.1917212917733,867.6764213536372,846.040703699291,851.9453735351562,1922313,911.3387731933594,865.3923461075556,884.1876323889314,39.41668130320597,-18.795286281375866,-185414086.26442382,279318196.0,25.237095940310763,21.767520349892283,21.478687620819407,938.4267108967665,829.7849163004992,24.237959266494336,779.662560940681
2022-06-27,869.0863243617536,887.2849760140127,867.3677938141564,874.55029296875,3626024,909.3247497558593,866.8012610092778,883.4737553948439,46.994807208745186,-16.672494385566097,-186424889.49140462,282944220.0,53.81609917796245,35.12815963284073,19.99422773612003,934.3761288370512,829.6449404988863,25.030933781663062,779.7730200562172
2022-06-28,872.3911214943633,887.4611957554206,866.5305071762832,883.0106811523438,2702471,907.8847338867188,869.2950179543649,883.4394535991031,49.538925277489724,-14.144435644738223,-184871677.06495008,285646691.0,66.05805584434245,48.37041698753858,18.57550102608919,930.1298643369986,830.4717775087046,24.7380591243398,779.8573917138041
2022-06-29,868.1610135607334,881.5126132731983,868.0729058476384,870.3201904296875,3150015,906.7370007324218,869.4527367967222,882.4676563272944,45.974354110671236,-13.014919530572229,-186968249.46853456,282496676.0,54.57982268756766,58.15132590329088,17.258111938203406,928.354531130183,829.5723853737234,24.038038851508766,779.949912325134
2022-06-30,872.4794201932956,878.2518742861063,854.8095194614855,857.7177734375,3741119,905.0052294921875,867.6473578183803,880.6343316687911,42.68931876548446,-12.986973850410777,-189781123.47882333,278755557.0,46.38638904415151,55.67475585868723,16.68347190580744,923.1199592002592,828.9507683388033,23.99548999244534,780.0481535009686
2022-07-01,850.0064205031072,864.9443356960388,849.7420435719553,859.5684204101562,2827579,903.1405786132813,866.4044443709612,879.0738937977811,43.329693794102006,-12.669449426819938,-188953351.48740718,281583136.0,49.72224214463294,50.22948462545073,16.389687795680143,916.2194085075034,829.889374451481,23.367404430419498,780.117366936877
2022-07-04,859.5684439780096,872.0387518390824,857.8940208415958,867.7203979492188,2738846,901.3895556640625,866.6068987676161,878.232894105295,46.182338704628265,-11.625995337678887,-187886832.27537352,284321982.0,64.41645446634072,53.50836188504175,15.692253180420314,909.5823055172525,831.8820743655599,22.70864204235286,780.1909861769781
2022-07-05,870.1880026458916,883.6277096665843,862.3004261282442,865.5612182617188,2476050,899.8068518066407,866.4460248436319,877.2942514502153,45.52862560007011,-10.848226606583353,-189605740.90314248,281845932.0,60.5244949785286,58.221063863167444,14.745536569705639,905.1687360712848,832.7043718388715,22.609973577780522,780.2610090525278
2022-07-06,865.4290480829109,880.4110173470752,863.7105173211174,869.4829711914062,2998254,898.2254357910156,866.9132473586741,876.7156380977109,46.996181176089024,-9.80239073903681,-190531328.47045988,284844186.0,67.59361719024926,64.1781888783729,13.866442574042011,898.5482231632592,835.4824531062721,22.1878683240789,780.3463160467971
2022-07-07,878.6484909514307,882.0855527027745,868.0289286743242,872.3472290039062,2985141,896.6787707519532,867.7492445348636,876.3920522389105,48.09605570741532,-8.642807704046959,-191682354.06151697,287829327.0,68.76167148053632,65.62659454977141,13.148017401782203,891.3028122221265,839.3084426606861,21.607065160105428,780.4338459222694
2022-07-08,880.4109589491638,880.4109589491638,862.9173292787608,866.7949829101562,3141642,894.7584338378906,867.6024350541394,875.6811582145584,46.09909434346137,-8.078723160419031,-193431237.69868788,284687685.0,51.54966325617644,62.63498397565403,12.264085112206718,886.135494458277,841.6732518796136,21.3132483394124,780.5217536480021
2022-07-11,859.2599253528159,862.9173096279335,828.4146972632276,831.5432739257812,5787815,892.3666052246094,862.0548718036227,872.4116853042786,35.9056830879655,-10.356813500655903,-198169414.90635067,278899870.0,5.2984965111306455,41.869943749281155,13.164809156491938,887.564654514458,835.9918457296826,22.532322432806417,780.6307867095077
2022-07-12,824.008402037356,835.9499034158691,814.6667240221652,817.6630859375,5305354,889.9148498535156,855.2253662857577,868.356233499332,32.82769199880167,-13.130867213574334,-201980935.64216536,273594516.0,4.116194326286894,20.32145136453135,14.507700303655678,889.729453961176,827.7373246032771,22.44309793001338,780.7003407151325
2022-07-13,819.6018612414023,824.8896151848952,797.5695531435151,808.8060302734375,12874342,887.6728454589844,848.08392997617,863.9451073344509,31.00142396838791,-15.861177358280884,-204265093.09377834,260720174.0,12.5000242552406,7.3049050308860695,16.300048414360383,892.7235622245199,818.3847019356364,22.791452509396716,780.8189402915829
2022-07-14,816.2088214336242,817.4425982834064,786.3770471339177,795.806884765625,4916497,884.6931958007813,840.0413076360862,858.897831588612,28.495804029242805,-18.856523952525777,-206196819.71557507,255803677.0,9.328700652182533,8.648306411236698,18.280685328306408,898.2159493459993,807.4327139840788,23.38245955511757,780.8479356282912
2022-07-15,789.6378776643056,797.5695081319159,773.2017552349442,778.3132934570312,5591590,881.748798828125,830.5446900700778,852.9286065418282,25.507958689146534,-22.383916471750467,-209442553.1954368,250212087.0,4.473624410204399,8.767449772542534,20.459839132806568,905.2958527207818,793.6902617811713,23.452837650964288,780.8517019583567
2022-07-18,788.7566515474205,799.7728058986414,783.3366820906933,793.427490234375,5156225,878.6501770019531,824.8343516338158,848.52111644498,32.1293601569963,-23.686764811164153,-208267543.67461938,255368312.0,18.316106121547385,10.70614372797813,22.32302525299078,907.7910612638328,785.9293305818702,23.310457278867567,780.8697173375133
2022-07-19,793.160046635606,799.8439796128723,788.7040913174285,792.8927001953125,4636293,875.603427734375,819.9202514125076,844.4004930190787,32.02090341687365,-24.4802416065711,-209417335.28335965,250732019.0,17.831808709933373,13.540513080561743,24.047636638157474,907.3272591243667,778.7341056217269,22.44113092290873,780.8882015090151
2022-07-20,806.17132541082,818.8262479962171,797.7050112409108,817.57861328125,4827089,873.2557373046875,819.559999392314,842.4136871125728,41.789002971135915,-22.85368772025879,-205160520.0678361,255559108.0,40.186981651833975,25.444965494438264,24.279383347488686,906.7529979863718,776.3476062616751,22.69058927133701,780.9334542545243
2022-07-21,820.7869522821879,826.0895498776831,814.147568119458,823.861572265625,3498709,871.0601489257813,820.2217798343619,841.0394563831693,43.994786346867386,-20.817676548807412,-202967297.12214822,259057817.0,45.87673005990819,34.63184014055853,24.029172955002185,905.2309203180349,774.6603272405588,21.922831591829016,780.9769146785164
2022-07-22,828.2730114475779,830.500989147411,810.0926916593444,820.1185913085938,3514659,868.9174877929687,820.2059046765513,839.4897626739414,42.95063022650253,-19.2838579973901,-203028692.2273098,255543158.0,42.48714563087039,42.85028578087088,23.517361999381333,903.9428808410858,772.7656884948517,21.814650584417418,781.0192617140816
2022-07-25,820.1186750259218,830.5901712840631,814.5487302077615,829.3870849609375,2120224,867.0941491699218,821.6183939510722,838.7414161766818,46.34640792011838,-17.12302222560959,-201226496.0758341,257663382.0,51.60118496288965,46.65502021788944,23.036225772584068,899.6218570466638,772.5703914884925,21.402278476694857,781.0477576291493
2022-07-26,827.4709551831576,828.4958467290793,811.9642079326303,814.1030883789062,2780103,864.2891796875,820.4621930938159,836.916354858328,41.915658845533464,-16.454161764512037,-203287213.89950055,254883279.0,37.56420523085293,43.884178608204344,22.717391955760977,893.0210995863092,772.2803896715034,21.118035516095738,781.0793974152319
2022-07-27,812.8553844110015,828.2284309589769,811.9641933067711,827.4263916015625,1742497,861.9128393554688,821.5336082488539,836.213394617086,46.69925005161928,-14.679786368232158,-201716572.62419686,256625776.0,50.57834074690195,46.58124364688154,22.42133274589671,888.3665966952192,772.6455126797807,20.771335668675025,781.1015234525437
2022-07-28,834.0658383984608,845.7404209767922,831.2140157734814,843.1559448242188,2843497,860.9844299316406,824.8601215681407,836.7276575953922,51.75132243455727,-11.867536027251504,-199884881.37841594,259469273.0,77.973312501473,55.37195282640932,20.921193571164512,886.6077993425561,772.9481271711159,20.595813790571786,781.1528036199417
2022-07-29,852.8698488395275,860.6232219805023,844.0916386106336,845.2056274414062,3617725,859.7541918945312,827.990199394797,837.3556553617636,52.384664029970594,-9.365455966966692,-203015042.04139635,263086998.0,82.36406329812644,70.30523884883382,20.17244423302057,884.7165902075174,773.4030570092796,20.372346888122625,781.2289055129194
2022-08-01,850.1962280062867,852.4242055429908,842.3537579558848,848.5475463867188,2489519,858.7767443847656,831.1528681627849,838.184684326575,53.45741055673531,-7.031816163790154,-202442223.6731379,265576517.0,86.18683025654322,82.17473535204759,19.362871305395885,881.6831365007763,774.5192255597706,19.636496938050005,781.2795054115479
2022-08-02,848.5475424550284,850.0625236577813,838.6552896015075,847.5671997070312,2545241,858.24765625,833.6781499388228,838.8796854658681,53.07962395217647,-5.20153552704528,-201010521.81792963,263031276.0,85.06542756658284,84.53877370708419,18.361247567162348,878.8049916473364,775.5979685577419,19.048692446494556,781.329335390083
2022-08-03,847.5227002381276,857.1475528320664,846.6760578501546,853.048095703125,4119614,858.1331140136718,836.6581415948693,839.9291973352945,54.99458510705631,-3.2710557404251404,-200116460.80916134,267150890.0,91.33493573217564,87.52906451843393,17.851635200871105,875.7384839043366,777.0209887519134,18.436035484738643,781.4184409968474
2022-08-04,859.9993989492601,864.4108057086781,842.8885192001768,853.8501586914062,3513266,857.9244506835937,839.3030673020288,840.9603796579695,55.282206015485734,-1.6573123559406895,-200051003.39484552,270664156.0,86.9740842749866,87.79148252458172,17.785790207480755,871.9434544250431,778.966311199957,18.656481986435978,781.4957802836724
2022-08-05,858.1279249280201,859.954855789278,851.0874935380164,853.5382690429688,2565683,857.3006274414063,841.4930983390965,841.8920751679694,55.134649811992034,-0.3989768288729465,-201198471.40109625,268098473.0,85.63860979421125,87.98254326712453,17.724648427904,869.2371191425503,780.346975095731,17.95725914820924,781.5530482688404
2022-08-08,853.5382446496071,862.6729530888225,846.6760625530579,860.9351196289062,1746911,856.1902124023437,844.4841785375288,843.3026710539648,57.99798877470858,1.181507483564019,-199831114.21257088,269845384.0,94.78952899443937,89.13407435454576,17.306277386868835,873.3665663932859,779.1567124153078,17.817232818748906,781.5929994246756
2022-08-10,860.9351717910513,861.7818142350231,844.9382802860707,848.45849609375,3271939,854.815283203125,845.0956120077167,843.6845840198748,51.97277431798422,1.4110279878418623,-201735414.87438488,266573445.0,70.63169461215158,83.68661113360076,16.773678301409007,875.688189286016,779.9146305382028,17.747682899477727,781.6627085410015
2022-08-11,859.9993733804134,863.118542092156,854.429429252302,857.6376953125,3594584,854.0266882324219,847.0251632853757,844.7181478193286,55.6252544292033,2.307015466047119,-202675554.8453384,270168029.0,87.53065986417248,84.3172944902545,16.373910058784933,878.9787523094329,781.507234018692,17.527137406544032,781.7464064919094
2022-08-12,859.1081742817871,859.1081742817871,850.1962637601919,852.3351440429688,3022304,852.7477978515625,847.8420834019284,845.2823697618204,53.11243469619964,2.5597136401080434,-204247138.16799468,267145725.0,76.97532574044706,78.37922673892372,15.623088116849418,880.0125983103085,786.126213945551,16.91176405761912,781.8125007180864
2022-08-16,863.564122424725,863.564122424725,848.9931705996107,853.9392700195312,2784861,851.4428259277344,848.7801121123289,845.923621632762,53.79248372896636,2.856490479566901,-205141360.9252797,269930586.0,80.03391408981426,81.51329989814462,15.27153764352073,877.272657874816,796.4287520372933,16.744563183868777,781.8746609634248
2022-08-17,858.2170358175418,875.9517605998195,851.0875069633981,873.9019775390625,4649125,850.6375769042969,852.6450144856725,847.9960924406362,61.3125012588802,4.648922045036329,-201258773.92892867,274579711.0,96.79659167011386,84.6019438334584,15.795793520688933,879.1708663794286,802.5779922631496,17.32454107333682,781.994346340888
2022-08-18,876.4418244687147,876.4418244687147,862.7620095977369,867.574462890625,2829269,849.9595874023438,854.941852701819,849.4463421035983,58.08568848122262,5.495510598220676,-202097412.93226075,271750442.0,80.39400573695218,85.74150383229346,16.313834287967403,877.668652469273,811.5483824428363,17.064203487454034,782.0686811279967
2022-08-19,868.4657503454758,879.6501880729742,861.6035678118188,864.4999389648438,2880969,849.0914404296875,856.4123275115151,850.5614233525795,56.52891723145272,5.8509041589355775,-204053626.4507793,268869473.0,63.0435745104349,80.07805730583367,17.005437412780054,878.640022115636,815.2691453648328,17.134376114146985,782.1439466148723
2022-08-22,859.9993832551646,864.4553386088184,851.2657216408006,855.0532836914062,3616799,848.0616772460937,856.203243846883,850.8941537480481,51.92412809651252,5.309090098834872,-205593208.09559977,265252674.0,40.00008464787899,61.14588829842206,16.59166419957841,878.5258025361783,818.5025360868686,16.85579334342528,782.2255300643445
2022-08-23,846.5871409953844,847.5228809314935,836.8285859039669,843.8690185546875,3753715,847.04265625,854.3056707250068,850.3737733633546,47.03864053158362,3.9318973616522044,-204404516.4050277,261498959.0,16.44131067990778,39.82832327940725,15.797179550568073,876.8698892882767,822.5334920593796,16.953572232283427,782.2939712639767
2022-08-24,846.5423556547101,850.0179679306261,841.4180073865678,845.8739624023438,1494361,846.4788208007812,853.0084848292124,850.0404540329093,47.98348301268473,2.9680307963030828,-204350310.90656146,262993320.0,21.123395763373797,25.854930363720218,14.854842508562694,876.1343633544416,824.9177057373554,16.356885683124496,782.3225383246676
2022-08-25,850.1072644733597,850.1072644733597,840.0813639800665,841.106201171875,3316314,845.7297387695312,851.177364266545,849.3786575246845,45.88702044262563,1.798706741860542,-206988644.52381405,259677006.0,9.989386317273526,15.851364253518396,14.087136498654612,871.8990589616113,831.8533214094824,15.904672455279401,782.383842597077
2022-08-26,845.3392431356209,851.9786272076151,841.0615370577267,842.7548217773438,2195046,845.13701171875,849.8815884989757,848.8880030248815,46.753340991471504,0.993585474094175,-208502769.54585648,261872052.0,13.839360447064404,14.984047509237271,13.205235122362767,869.8370005603324,835.4482228283396,15.548416576322902,782.425342233995
2022-08-29,813.3009277565197,821.6781453561393,802.1610396687196,817.6677856445312,4974880,844.4823095703125,844.9256188290611,846.5753943300408,37.03658284218933,-1.649775500979672,-205572358.4995646,256897172.0,20.011506507871573,14.613417757403198,14.753311517545509,874.0794095085669,828.6569979621363,17.337371257201564,782.4722544509119
2022-08-30,826.0450328884907,842.3983674306608,823.1932105568734,836.7838745117188,2998417,844.3192114257813,843.6730427802393,845.8500965657206,46.2102438296247,-2.1770537854813483,-204327073.8613744,259895589.0,44.68088184731964,26.177249600751903,14.629166741865486,874.3999340627092,827.4942981150252,17.865457723553558,782.5187088673889
2022-09-01,817.4895537603703,829.6988822403412,816.5538140200995,825.2874755859375,2953921,843.9032666015624,840.8444939811159,844.3269394561071,42.22569904311739,-3.4824454749912093,-203355789.4727108,256941668.0,29.844741352129954,31.512376569107087,14.843017191770992,875.7678806584468,823.8003444392095,18.034357921272537,782.555293534086
2022-09-02,829.8771118181818,835.0460089993595,819.0045701925416,823.861572265625,1750283,842.9908386230469,838.2317367941173,842.8109863308862,41.74490741917054,-4.579249536768884,-204046176.5042931,255191385.0,28.004608443617812,34.176743881022496,14.67254507821971,876.9351914915154,820.2624708620002,17.892006555954353,782.5780539534269
2022-09-05,825.2428750584268,839.7692776390821,822.1237065241887,834.15478515625,2279812,842.7302099609375,837.6045134652146,842.169786243876,46.48213634165092,-4.565272778661438,-203217152.04218888,257471197.0,41.288033416784565,33.04579440417748,14.19206658309035,876.5876522380878,818.7206790607403,17.87440402445,782.6117896951279
2022-09-06,834.154839125371,840.3040792483127,826.1786681929711,835.7589721679688,2108615,842.3262866210938,837.3205840348692,841.6949111271422,47.20273037724051,-4.374327092273006,-202465507.24697387,259579812.0,43.35824201341262,37.55029462460502,13.708381298807662,875.9813492667555,817.517863379729,17.60661881237083,782.64425344346
2022-09-07,826.1341448818808,831.080244579237,822.6584778545562,830.32275390625,2709547,841.8938342285156,836.2439947843123,840.8525291107799,44.991912724635746,-4.60853432646752,-200243377.35258073,256870265.0,36.34278452850332,40.3296866529002,13.47977958263244,875.4862602526937,815.6914008801189,17.284752776730954,782.681001197076
2022-09-08,834.5113742968067,838.5217342780395,827.0253472409099,829.7434692382812,3214686,840.9976977539062,835.2439139310768,840.029635786891,44.75138115859292,-4.785721855814245,-201937949.47627836,253655579.0,35.59521576578229,38.432080769232776,12.710509433636446,873.8158304092644,814.2426656844855,16.871298081045143,782.7281156232882
2022-09-09,836.8284235156456,849.305098626635,832.6398145638732,845.2947387695312,2206526,840.24337890625,836.7901946754544,840.4196434152348,52.14745384963339,-3.6294487397804005,-200793387.16807386,255862105.0,69.24180837525495,47.059936223180216,12.336793024176647,873.5954111564049,814.1467092049231,17.063464602995754,782.7674142588984
2022-09-12,851.2211319088857,858.6625552329687,849.7506449555118,851.5775756835938,2517615,839.8685266113281,839.0651763690142,841.2461569165947,54.78119705480732,-2.180980547580475,-202278786.16459486,258379720.0,87.46054954699679,64.0991912293447,12.550428792015213,872.8450727991142,814.2910355993233,16.799489735884443,782.8203856934696
2022-09-13,851.0874715410974,855.3651777967476,847.0325630528664,851.4439697265625,2442828,839.7430505371094,840.9696061163294,842.0015504580738,54.7122354188223,-1.0319443417444063,-202135077.26756504,255936892.0,87.22408516954248,81.30881436393143,12.535842313505084,872.7496740292688,814.297316937528,16.194712950741355,782.8702157142786
2022-09-14,831.7487476582643,836.3384041597451,825.7332069745343,830.5902099609375,6761712,839.163486328125,839.3727759385768,841.1562659768044,45.156946332415615,-1.7834900382276828,-202703287.1942614,249175180.0,50.3157658839974,75.00013353351225,12.195729657534846,871.6898800981842,813.0222048627534,16.87443079369042,782.9667625900124
2022-09-15,834.6005762013191,834.7788253238343,816.5985027071793,819.8068237304688,2995215,838.20521484375,836.3626294450216,839.5748258104093,41.15444404829482,-3.2121963653876264,-204641357.99980485,246179965.0,31.230638480278945,56.2568298446063,12.383181809052894,866.7414199360593,812.5611496440189,16.967708781045037,783.0030349046926
2022-09-16,815.5290230888488,818.1134992558598,796.1902180922214,799.3093872070312,5095937,836.8801782226562,830.6621306391769,836.5922007286775,34.83410036960238,-5.930070089500646,-208287230.18671653,241084028.0,4.992880461287286,28.846428275187904,13.501959934325539,865.5096415136701,806.9664204980487,17.442629985130917,783.0355889191442
2022-09-19,800.2450285424858,808.4439972279604,790.9320710245823,800.111328125,2686561,835.4927453613282,825.9620071754574,833.8899138691459,35.25305859296482,-7.927906693688442,-208157352.39539748,243770589.0,13.552622881265467,16.59204727427726,14.753105950573046,863.294810490456,802.7423904372783,17.447579715005713,783.0489621213537
2022-09-20,804.1216382777696,820.6532206516101,803.854291853289,814.548583984375,1836721,834.3367724609375,824.2060959152909,832.4572227665702,42.429031976560395,-8.25112685127931,-207655539.65040496,245607310.0,34.86836575260817,17.804623031720336,15.038811258684486,860.512265108304,801.4744658487274,17.668602058691743,783.0652695734454
2022-09-21,810.0927176818361,814.3258754475003,801.0471061723478,802.9186401367188,1819649,833.0592456054687,820.9311027185875,830.2691796088035,38.707401675872966,-9.33807689021603,-208962259.35158715,243787661.0,17.697450789303886,22.03947980772587,15.43558088721866,860.2360631213239,797.6556299939105,17.370950326787135,783.0776787807187
2022-09-22,799.9330580654957,806.438796191544,792.9372301388079,799.9776611328125,2315711,832.4279333496094,817.7074963207759,828.0253634253968,37.80435351839797,-10.31786710462086,-208862901.84266356,241471950.0,13.355271579632591,21.97369604051491,16.17745692964611,859.3394373906069,793.9626255976743,17.094565735783494,783.0891262126488
2022-09-23,798.9527089771997,813.3008619151267,794.9423495902533,798.3734130859375,2569608,832.0421398925781,814.7330219769547,825.8289226595109,37.29324706039239,-11.095900682556248,-210472030.25139812,238902342.0,10.986695501039662,14.013139289992075,16.3576550879252,858.6963364868752,790.3324476928124,17.184847635004196,783.1036497203122
2022-09-26,794.2740555891797,817.5787242512987,786.0305380416904,808.04296875,4182702,832.0268786621094,813.7037830189616,824.5114445921397,42.352321368686056,-10.807661573178052,-208817855.46001753,243085044.0,30.30678695091077,18.216251343861035,16.950965401865353,856.6029786256644,788.9546202512887,18.21080039033306,783.1293165857597
2022-09-27,812.097805723852,821.1879648807097,808.8449367883254,818.78173828125,3545337,832.4863757324218,814.4850069054676,824.0870219024442,47.42533412482033,-9.602014996976663,-206654818.5130673,246630381.0,45.091960138334684,28.79514753009507,17.225837409184184,856.6284831619348,789.0405109786902,17.848957228931393,783.1639779975443
2022-09-28,813.657424338909,826.0895502993354,812.6325328792452,820.6087036132812,4154139,833.3322839355469,815.4271140912851,823.8293686958395,48.25954309977399,-8.4022546045544,-205884519.81895372,250784520.0,47.60733201244895,41.0020263672315,17.10681682277645,855.214455576927,788.8370214738542,17.535247242585594,783.2087896422277
2022-09-29,826.1341684403704,829.698932921235,816.8657590325267,822.6139526367188,2928360,833.9160131835938,816.5327815598133,823.7393378766454,49.21207923613562,-7.2065563168321205,-206189556.8017876,253712880.0,50.36816545888433,47.689152536556016,16.721819493225247,855.0486737203915,788.7354510354679,17.199384860165786,783.2431424030643
2022-09-30,821.5890743146689,833.7537998596459,811.0284274329127,830.9019775390625,3229901,834.6761987304687,818.7434270950824,824.2699037775652,53.058653824671964,-5.52647668248278,-203770300.7137486,256942781.0,64.71720291025123,54.230900127194865,16.70954114636666,855.6255913410828,788.8625739421204,17.594098257777745,783.2830238087575
2022-10-03,830.902058296252,831.3476538773396,816.3311045522878,829.0305786132812,1598950,834.9052380371094,820.3260657901899,824.6225463579887,52.09915506681887,-4.296480567798767,-202664791.3056275,255343831.0,85.47379145576365,66.85305327496643,16.69813982428369,855.0771589003381,788.8985857285683,17.40998761972589,783.3028995312571
2022-10-04,839.9476036410504,847.5227279179193,835.0906013141428,843.0667724609375,2331351,835.2893420410156,823.8246360472281,825.9887853285775,58.20419549028563,-2.1641492813494096,-202004658.19805697,257675182.0,92.75362372693071,80.98153936431522,15.568790264050662,856.1955763066296,788.5109483515735,17.4872848829339,783.3430250612091
2022-10-06,851.5330594075739,862.6283990039266,851.5330594075739,859.5983276367188,3713623,836.0789367675782,829.3282809071497,828.4783810551064,64.02052760838541,0.8498998520433361,-200319371.98273787,261388805.0,96.04418278899239,91.42386599056228,15.446020289931917,861.2532272788542,786.3808547523959,17.63545214436641,783.4242921683335
2022-10-07,859.9993359232327,867.0843154244021,851.0874257064116,853.49365234375,2174327,836.5610681152343,833.0460303589343,830.3313641135244,60.663334463896675,2.714666245409944,-201839581.38388988,259214478.0,83.23253583052512,90.67678078214942,15.577489193596644,864.5639115364236,785.4451888053734,17.518411971053844,783.4713467784422
2022-10-10,839.680198027508,861.9154250699222,839.680198027508,858.4397583007812,2758812,837.4478015136718,836.9527577346031,832.4134673866545,62.3844500011923,4.539290347948622,-199943248.65360156,261973290.0,89.33478808420753,89.53716890124171,14.869516129282001,866.9469005675606,784.3767017273611,17.855327333293868,783.527830171091
2022-10-11,862.7620606220507,866.2377275829102,834.1548487835431,836.471923828125,3134969,837.6287121582031,836.8787832874526,832.7140937897263,51.58823208145077,4.164689497726272,-202625393.05011982,258838321.0,62.231998822541534,78.26644091242476,13.841200709251646,864.7966665045311,785.0163706048439,18.871581009441957,783.5848159193549
2022-10-12,840.6604459052357,859.0190128464595,840.6604459052357,848.413818359375,3502390,837.7338696289063,838.6534040677484,833.877036350441,56.04177932371,4.77636771730738,-203169454.7408795,262340711.0,76.9652967845402,76.17736123042978,12.886336390652032,864.2620160761712,785.248005896485,19.134117295791423,783.6521905534992
2022-10-13,866.2823701430398,881.432620106901,863.8315944135917,875.2388305664062,9698562,838.3345336914062,844.281931221388,836.940872959031,64.04350791672516,7.3410582623570235,-200296728.11208457,272039273.0,93.50769982539678,77.5683318108262,13.33464115536529,872.1956465420334,781.7792374911697,20.125880470915323,783.9063055729356
2022-10-14,895.6470521124144,911.6884918517411,885.8439500494924,893.463623046875,7424383,839.2328552246094,851.848345348386,841.1277433359083,68.26949394796944,10.720602012477684,-203343291.524476,279463656.0,85.49644630341864,85.32314763778524,14.989152191269042,884.1775972639567,777.1629667008871,21.291864814802434,784.150628966176
2022-10-17,896.2707926995243,897.2510810344074,883.2593715630035,886.3785400390625,2136170,840.00908203125,857.1606829931054,844.4796542028087,65.06777130299659,12.68102879029675,-204527029.7809323,277327486.0,75.38985131633002,84.79799914838185,16.336860982131217,891.6912194851136,778.3562597629332,20.77042514741683,784.215739282497
2022-10-18,891.1911066238566,903.3558869868676,890.3890128702998,899.3900756835938,2487826,840.9359216308594,863.6575126377959,848.547092831015,68.03280635770999,15.110419806780897,-203560965.83132076,279815312.0,87.7822289910566,82.88950887026844,17.80989787191888,900.7945049479187,779.1808490559876,20.499490990301712,784.2977909895995
2022-10-19,905.960813701937,905.960813701937,894.7094374761306,896.1946411132812,2517099,841.7828112792969,868.6632247109475,852.0765408519237,66.53909566969406,16.586683859023765,-205413540.8629028,277298213.0,84.60774803998461,82.59327611579045,19.27272154949905,908.3601393745661,779.7798203422309,19.838911364266334,784.3815962632309
2022-10-20,891.1089950844323,917.4822099108752,889.3087748923425,915.7720336914062,3931399,843.0274865722656,875.9107337848643,856.7947255067003,70.77300770915025,19.11600827816403,-201959427.2968317,281229612.0,98.39350356590383,90.26116019898171,21.033576490615662,918.2357557036339,781.1895433686318,20.434234482428216,784.5220128787852
2022-10-21,920.3625442106796,927.0233806869121,910.5513224975402,924.593017578125,2071897,844.30064453125,883.4003159069043,861.8168212156947,72.46367077391751,21.58349469120958,-200498924.69285876,283301509.0,97.80439684352385,93.60188281647079,22.970287865939646,927.8240565983758,784.062778118421,20.151221890067045,784.6038142255398
2022-10-24,931.6141077595944,935.0795102430624,927.113556514379,928.5537109375,398105,845.902548828125,890.3469920654576,866.7602945284211,73.21293827053509,23.586697537036457,-200753083.92160675,283699614.0,93.53398940240206,96.57729660394328,25.006029103995,935.8618803241158,789.0429841778374,19.46088408827207,784.620619934047
2022-10-25,932.5141817995008,933.639319567116,918.9225395420558,923.963134765625,3068136,847.2290576171876,895.5187063270217,870.9975419533993,70.8080540742782,24.52116437362247,-201719505.87267402,280631478.0,88.98547162142711,93.44128595578438,26.186912890278997,941.8637078445432,794.6331732589723,19.122019512328364,784.7457970568555
2022-10-27,928.0135806099292,933.8192472265839,917.7523027481109,928.958740234375,3313674,848.7615295410156,900.663326928153,875.2909640482862,71.89016131372422,25.372362879866728,-200410710.35700318,283945152.0,93.93530786214983,92.15158962865969,27.182469785154854,948.225908414223,799.288672884605,18.903799867052985,784.8820222154359
2022-10-28,928.8686352159357,935.8895384112608,923.0629686374108,927.1134643554688,2423629,850.2250134277343,904.7325788400477,879.1296677747441,70.84549556697644,25.6029110653036,-201303626.30437157,281521523.0,91.37356776935506,91.4314490843107,28.186780384666967,952.8155890117014,805.3494683613455,18.469712003252774,784.9827852765271
2022-10-31,935.2143995011901,947.3658859239678,932.874135202518,937.149658203125,2418565,851.4899670410156,909.7198218189827,883.4274448435132,73.13230864476002,26.29237697546955,-202295085.56887785,283940088.0,90.97594370752847,92.09493977967782,29.54029915644022,957.8982884839965,811.7203394456911,18.597048400770365,785.0904927580896
2022-11-01,944.2154827365028,955.781875397159,940.6150423828842,954.1617431640625,2275488,853.2217126464843,916.5570404874566,888.6670224968872,76.49751684727715,27.89001799056939,-200505736.16503096,286215576.0,98.59267536874172,93.64739561520844,31.074281097893156,965.6102296094928,816.3343748826946,18.59956045743205,785.1989547812178
2022-11-02,958.5722186352724,959.8323947658546,938.3647905966146,940.7950439453125,2799322,854.7476147460937,920.2859640963575,892.5283574189928,69.16704201221091,27.75760667736472,-202671260.22363502,283416254.0,80.16959155477151,89.91273687701393,32.6269181419114,968.4980882790214,824.6229627463692,18.80442072256119,785.3290767259252
2022-11-03,930.7138117857211,944.3954408902981,929.9036907478949,940.7500610351562,2396164,856.4615502929687,923.4342867023265,896.1003354646344,69.14302929929966,27.333951237692077,-201480599.75348923,281020090.0,75.07956074798439,84.6139425571659,33.23732717791559,971.4291123146601,831.4602675681525,18.49637282397848,785.4347786647263
2022-11-04,940.7501976919077,944.2155999872482,930.2188424237792,940.93017578125,1709158,858.4027734375,926.1259619452378,899.4210643769763,69.18915384015767,26.704897568261458,-200573814.59442934,282729248.0,75.31478033127888,76.85464421134496,33.804135568490906,974.7447120662666,836.277852630999,18.17497173394209,785.5101373138413
2022-11-07,943.405353594717,950.246168232609,934.8993572828941,942.55029296875,2213508,860.3363000488281,928.6527821027013,902.615822050441,69.62891904081201,26.03696005226027,-200580296.33944806,284942756.0,75.49459056681864,75.296310548694,34.57933204112432,976.6512033353234,843.2770254244423,17.97296024935443,785.6102430034227
2022-11-09,954.9268949485173,955.4218896126724,944.395540103839,948.2210083007812,2307691,862.4785961914063,931.6632784408674,905.9939839949106,71.17950135249467,25.66929444595678,-201286732.35985622,287250447.0,83.53546445020974,78.11494511610245,35.504328013214916,978.7052370605255,850.2011166992401,17.608577134680715,785.7189753100392
2022-11-10,945.1156968429551,956.277085142923,942.4604157406128,947.3209228515625,2321667,864.5699182128906,934.0721468117436,909.0552387250331,70.56369176221874,25.016908086710487,-201974940.7260598,284928780.0,82.25917510086394,80.4297433726308,36.147542844724356,974.8161960652317,865.1750575968777,17.33772658236854,785.8277798494246
2022-11-11,964.0179530600401,988.9509598094089,962.3077218309004,981.7051391601562,3923101,867.8506652832032,941.4002994807302,914.4367128313385,78.29051661895983,26.963586649391686,-200185670.9261439,288851881.0,90.75783906954919,85.517492873541,37.81995506247102,977.3005993733603,876.0197863688271,19.07289160918839,786.0439501975011
2022-11-14,985.6204462441885,992.776276766237,981.1649457118504,989.2208862304688,2170007,870.8994055175781,948.7573128268439,919.976281231274,79.55387467520539,28.781031595569857,-199344576.57435164,291021888.0,95.2609941258121,89.42600276540844,39.46842823392519,984.2097387676189,880.5088525409748,18.539922998131118,786.1695831711473
2022-11-15,984.2703035745624,995.611667813248,980.1298194717674,993.6314697265625,2172420,874.2662854003906,955.6610292729545,925.4322211198139,80.27916331827319,30.228808153140562,-197727881.1664795,293194308.0,97.45669890188692,94.49184403241611,41.070982362935986,992.471350929641,882.2640250469215,18.321489094084654,786.2964894543056
2022-11-16,996.871871754815,1001.3273725131012,989.5359529354074,994.8015747070312,2213697,877.6850854492187,961.6826516474279,930.570691755904,80.47702392834967,31.11195989152384,-197964464.03833342,295408005.0,92.19169325922167,94.9697954289736,42.70295873224423,998.0935389080578,887.4841405353015,17.85505555719959,786.4290911465663
2022-11-17,985.7106202694384,990.6612261797172,980.309959276407,983.4154052734375,2460883,880.6702978515625,965.0261522052755,934.485114979425,72.82060341384881,30.54103722585046,-198948785.8921675,292947122.0,77.11351987282266,88.9206373446438,43.232721338826494,1001.2249678094444,892.7552445928994,17.614809833872783,786.5689509883746
2022-11-18,988.3660031373909,995.52183494421,975.7194114643071,992.95654296875,2623894,883.8142492675781,969.3231353996562,938.8163318675232,74.96956873799446,30.50680353213295,-197004713.15035734,295571016.0,88.28003634443137,85.86174982549193,43.887056808139,1004.3099920816468,899.3464105062438,17.771067951446366,786.720314896083
2022-11-21,989.1310140008267,995.8367903163951,983.4602764021623,986.0706176757812,1733741,886.9292065429687,971.8996711344447,942.3166493348016,70.62925570229503,29.58302179964312,-198007124.51724297,293837275.0,78.63908095990624,81.34421239238678,44.50543659365632,1007.1062315080653,903.5800294782628,17.385742663073966,786.8203975276666
2022-11-22,982.1103616566523,995.4320385261989,979.3200416017032,993.1817626953125,2529146,890.1979724121094,975.1738390668859,946.0844355096543,72.4059526565936,29.08940355723155,-196184442.91681474,296366421.0,88.59536554757,85.17149428396924,44.611543257268124,1011.0182660948172,906.5268694032296,17.294760824604086,786.9668366713651
2022-11-23,998.1773091138303,1000.4726344120342,989.8963380068687,993.1817626953125,2217599,893.155712890625,977.9442888558747,949.5731264122957,72.4059526565936,28.37116244357901,-197024290.3439466,298584020.0,88.59536554757,85.27660401834878,44.915780850864884,1014.3681548800807,909.6397857937475,16.814870508929896,787.0983617033298
2022-11-24,995.5217669548438,1021.6249597592656,993.2714917130833,1016.7643432617188,3295202,896.4594482421875,983.9166049183123,954.550253586327,77.61420566246005,29.366351331985243,-194858876.99469376,301879222.0,94.68239474639644,90.62437528051218,45.907462909038365,1021.106915685929,912.1811458375086,17.645465262860125,787.3085779738778
2022-11-25,1021.8051052051236,1023.9204521802603,1008.7085670788261,1015.5043334960938,1977441,899.7406555175781,988.7762554687401,959.0653706166801,76.7803440340071,29.710884852060076,-195069511.70470133,299901781.0,90.54592768840953,91.27456266079201,46.89361552147181,1026.5116925748257,915.4309282747835,17.471638108472558,787.4376364267196
2022-11-28,1012.6240356194784,1019.5998900870793,1005.4231535884065,1007.0433959960938,2368293,903.2697192382813,991.5865847806408,962.6192984225626,71.24509693055997,28.96728635807824,-196896465.9060592,297533488.0,79.2817964221382,88.17003961898142,47.43203729420441,1028.7858620513446,921.1497519623274,17.236287993486858,787.5883958450391
2022-11-29,1007.0430491198146,1025.0001985487586,1006.367966661934,1016.1790771484375,1785948,907.1971643066406,995.3700451449173,966.5866894392941,73.46915050981245,28.783355705623194,-196801572.87127793,299319436.0,89.31288513222191,86.38020308092325,48.11201348542595,1032.6552792915127,925.1832766166903,17.335998271582408,787.7045765710947
2022-11-30,1014.4241448707054,1017.0344862960288,1005.4230433190577,1008.843505859375,6053488,911.3878466796875,997.4428852548339,969.7168239889297,68.86340912706703,27.72606126590415,-199288625.76354396,293265948.0,74.22865783067509,80.9411131283451,48.62779121728031,1035.6363417885163,927.6703903892179,16.92710146482446,788.088167397236
2022-12-01,1017.1242838815738,1035.7115770623616,1015.6841298797377,1022.885009765625,3919684,915.8433203125,1001.357058256494,973.6552081205368,72.42667360272543,27.701850135957216,-200389660.59500462,297185632.0,78.61959612747745,80.72037969679151,49.681090996728855,1039.170439967334,932.3452887924315,17.63717073183604,788.3518002876634
2022-12-02,1022.885372076495,1026.485813294732,1011.5889438035778,1022.1203002929688,2944923,919.9947546386719,1004.5514031851825,977.2452149481244,71.94379510201455,27.30618823705811,-199170751.19179764,294240709.0,77.34491390016834,76.73105595277364,50.18332560292483,1041.265631287218,938.387121398329,17.441434928930196,788.545559770468
2022-12-05,1020.0498126711545,1027.8807269117187,1014.6041023920632,1017.8895263671875,2646466,924.2941723632813,1006.6034221362602,980.2559046828698,69.19512352429068,26.347517453390424,-200507432.0377656,291594243.0,70.29270319297818,75.41907107354136,50.69525250168082,1041.2780194108502,946.0706683332904,17.143948471124865,788.7194510875497
2022-12-06,1009.5635481777072,1012.6239447416056,996.4219616257399,1008.9784545898438,2807894,928.4741882324219,1006.9688117445038,982.3835009722752,63.67681887006943,24.58531077222858,-198963105.5715655,288786349.0,55.43897739643396,67.69219816319352,49.24410945980767,1038.7820219835683,955.2094819226817,17.452778204719348,788.8924263136792
2022-12-07,1002.7225709095601,1005.0628350063585,991.9212505766026,995.4317016601562,2399879,932.4153540039063,1005.1938717315272,983.3500343565627,56.323105044552456,21.84383737496455,-200080847.26445782,286386470.0,32.858107386755876,52.863262658722704,47.48968239067988,1034.6903777283487,964.0221955138389,17.42452290532805,789.0342444271446
2022-12-08,1002.4976916812076,1002.4976916812076,989.0410887267282,991.3363037109375,1752350,936.081220703125,1003.061938189898,983.9416098642942,54.282174684765884,19.12032832560385,-201235420.84329346,284634120.0,21.308627280804295,36.53523735466474,45.60022116222187,1028.023121966106,975.0909893620192,17.141100051696007,789.1360976916831
2022-12-09,967.6183903826415,967.6183903826415,918.7424212793582,924.8631591796875,12415478,938.2028491210938,991.0313568037118,979.5654283321011,33.232677427810245,11.46592847161071,-210541318.07632303,272218642.0,5.232779410397983,19.79983802598608,44.597074715758595,1040.7353516231874,956.6945617068907,21.102013078830534,789.654391242542
2022-12-12,922.6128215607218,935.3494010239524,911.316451172211,925.6732177734375,4275785,940.3041394042968,980.9762584913619,975.5734127351631,33.57074132112285,5.402845756198872,-209708579.34863114,276494427.0,11.54126136252676,12.694222684576374,43.8958610697108,1048.2094080322727,942.8657384521023,21.311365705467022,789.8164273640642
2022-12-13,929.0035452016583,942.3252176711107,928.1034351666065,940.3449096679688,2284909,942.6587585449219,974.7252817493014,972.963893989445,39.54163920239305,1.7613877598564613,-208059993.33806205,278779336.0,23.33568802477988,13.369909599234902,42.8068527899987,1050.7908330834196,934.9556573950961,20.978553862053182,789.9111018983241
2022-12-14,940.6150994118389,951.6864981211568,940.6150994118389,950.6962890625,2425507,945.0546447753907,971.0285136436396,971.3144417726342,43.406630341256104,-0.28592812899455566,-206068353.65081885,281204843.0,31.657058593327903,22.178002660211543,41.228848764847704,1051.4135952434003,929.9223666706621,20.290199189991387,790.0188020676425
2022-12-15,946.5108151350437,946.7358426589809,933.5041583254452,938.229736328125,1906369,947.2386279296875,965.9825479027912,968.8637228508186,40.08319452219023,-2.8811749480273647,-206613037.2925069,279298474.0,21.635321290385807,25.542689302831224,40.03557753589474,1053.2858594189534,923.5315356005779,20.0689085862102,790.0989629262227
2022-12-16,927.1135395552736,941.9203089304857,920.227674300705,926.7985229492188,5159215,948.9132629394531,959.9542363714725,965.7477821173667,37.2656513680653,-5.793545745894221,-208646728.67689204,274139259.0,12.445882960622953,21.912754281445583,39.40235193571866,1055.2456711859484,914.9559218316297,20.184889017893813,790.3012095742431
2022-12-19,926.798504596764,933.8643478072356,921.12776629312,930.0388793945312,3328172,950.3220739746093,955.3518737596354,963.1026782119715,38.58353838599167,-7.7508044523360695,-207317808.49244973,277467431.0,15.050773162007497,16.377325804338778,38.814356735555165,1056.4280347517904,908.1703844376628,19.65286705333823,790.4301475530546
2022-12-20,924.4130694431569,930.1287465826755,910.4613629423109,926.8433227539062,2629849,951.7890673828125,950.9659428356771,960.4168000298926,37.74150290067157,-9.450857194215473,-205566588.6714659,274837582.0,13.079386671461881,13.525347598030805,38.64121173740722,1056.7155489321128,901.2490262631997,19.653903952411547,790.5275351245488
2022-12-21,931.6138766967199,948.0408846674592,931.6138766967199,936.429443359375,2878658,953.3488610839844,948.7295583008614,958.6399587950394,41.841844308975304,-9.91040049417802,-206757493.2445877,277716240.0,22.115671162918055,16.74861033212917,37.30543155631488,1055.7190114153311,896.5703318463876,19.76416523535022,790.6470532259555
2022-12-22,941.5151639855095,949.3011383207721,930.3537767774499,935.3043823242188,2623451,955.3255102539063,946.6641466121472,956.9113975749785,41.49642236796331,-10.247250962831345,-208010022.9115482,275092789.0,21.157514861331062,18.784190898570362,35.987481562808696,1051.2506644920875,892.8926826758814,19.705822114491077,790.7555322088367
2022-12-23,926.6634042231875,939.8049905058882,924.5031178766563,927.6535034179688,2177675,956.9103039550781,943.7394322745813,954.7441461559408,39.13063389083177,-11.004713881359521,-209291008.20566586,272915114.0,16.828216527880045,20.03380085070975,35.014724777732866,1046.4791986824775,888.8790654776786,19.39125429411542,790.8407859170187
2022-12-26,928.0136435499378,937.6898284851094,926.2134230968827,928.6436767578125,1680715,957.9784008789062,941.4170083489246,952.8107780523758,39.610490348830645,-11.393769703451198,-210259903.84349522,274595829.0,19.219905799342893,19.06854572951803,34.111450620162444,1042.135351923814,885.3829403125142,18.825907943694794,790.9066048687156
2022-12-27,935.2144153575729,936.7896080687142,927.4284408385871,932.8291015625,554319,958.7657104492188,940.095791920244,951.3306538679406,41.702554921745374,-11.234861947696572,-210174625.49879998,275150148.0,24.303162595332857,20.117094974185296,33.27269604527563,1035.1900676238654,883.9932270538691,18.149855035582814,790.9285316877889
2022-12-28,927.1134864329766,934.5844448859931,923.9631007994666,932.01904296875,1397806,959.6785205078126,938.8532151584757,949.9001641717042,41.403594838826855,-11.046949013228527,-209452051.21394286,273752342.0,37.716587079243055,27.079885157972964,32.666013220466446,1028.7093287736147,882.7915196150572,17.61210425350736,790.9829494523125
2022-12-29,927.1133271171303,941.5150875383673,925.403096091766,940.119873046875,1277244,960.4931164550782,939.0480856028448,949.1756981624576,45.60331855008098,-10.127612559612771,-208396012.56200644,275029586.0,71.94278436176718,44.65417801211439,31.54401388616032,1017.9593857531174,885.2649489636794,17.50495333872836,791.0345961951608
2022-12-30,945.1156314592552,949.8412096165515,930.9839464443161,935.4844970703125,1860560,961.2789135742188,938.4998412132245,948.161535118595,43.674387531885785,-9.661693905370498,-209368475.0267254,273169026.0,60.6987315370694,56.786034326026574,29.875515039308016,1005.4580082294472,889.102746165084,17.60154689826458,791.1113700780794
2023-01-02,935.3044292255344,938.3648256923464,928.4636141023072,935.6194458007812,701880,961.6758618164063,938.056703457464,947.2324914654235,43.74898415024308,-9.175788007959568,-209055825.62154076,273870906.0,61.02607729320411,64.55586439734692,28.482729601687883,991.6129067099827,894.720839627908,17.051522947677046,791.1394059792356
2023-01-03,935.2144749710429,941.3352681323253,930.2638689918892,937.3297119140625,2484372,961.930595703125,937.9448586046329,946.4989522393969,44.747702727229004,-8.554093634763944,-208369111.09677944,276355278.0,68.22867847610718,63.31782910212692,26.957603570855373,977.4825149187664,901.6863571515462,16.624371247159832,791.2400512531142
2023-01-04,932.6940721564799,937.914754857818,928.4635984988861,933.0541381835938,1219170,962.0206042480469,937.1924400783192,945.5030400871151,42.706338549234694,-8.31060000879586,-208403950.19485423,275136108.0,57.37141494779204,62.2087235723678,25.666326041989937,964.4316144525566,908.4995012700996,16.111998755143553,791.2883138594807
2023-01-05,937.7347443406096,944.9356251268636,929.9037205595258,939.804931640625,2294943,962.3374401855468,937.5943618571356,945.0809579799677,46.83069183017075,-7.486596122832111,-207675628.25057507,277431051.0,74.51417711463185,66.70475684617705,23.89730394357946,946.3636047476147,921.4143737680103,16.03484917030028,791.3823176672081
2023-01-06,939.7150402957298,943.2254920193075,922.8379741984645,929.6338500976562,1887689,962.3509423828125,936.3696677402927,943.9367277664632,41.93289135710437,-7.567060026170452,-208304851.13488597,275543362.0,48.68603809949974,60.190543387307905,22.775525735993853,946.0739273141689,922.1811202932529,16.345754073910474,791.4562277579563
2023-01-09,940.5700319365773,964.0179446626756,936.1595802218529,960.822509765625,4562242,963.0251232910156,940.1316434364977,945.1875264330677,56.839305884680066,-5.055882996569949,-204789213.8145367,280105604.0,92.24031765678964,71.81351095697377,22.024913214809466,951.9657603552448,919.8042164513959,17.63420696613254,791.6621723960194
2023-01-10,955.0168613890049,965.4581170688081,950.786387669075,957.5821533203125,2297082,963.4337731933593,942.816337264777,946.105646943234,55.252315719225926,-3.289309678457016,-204958335.22742826,277808522.0,81.52055995575766,74.14897190401571,21.415080593593718,955.3424203387617,918.1512808331133,17.42260142567543,791.7683987913058
2023-01-11,962.2178001375316,971.7589462458687,945.6108109614358,949.436279296875,3594167,963.3392639160156,943.8347898850997,946.3523604509111,51.369386820268055,-2.517570565811411,-207500850.023459,274214355.0,54.36994398360858,76.04360719871865,21.228872353359087,955.0976028826202,918.2700973126922,18.045853844158106,791.9319987454159
2023-01-12,955.0168326374079,967.1683191978273,955.0168326374079,964.60302734375,4748542,963.8154235839844,947.0299033402766,947.7042617022325,57.37567219374554,-0.6743583619559104,-204757230.80402178,278962897.0,85.37249240431142,73.75433211455925,21.055964701712643,960.0825718405748,915.9224574563001,18.023438562500548,792.1564192917981
2023-01-13,939.6248595849114,975.7192489402943,937.0145185856517,970.1386108398438,8253765,964.4031945800781,950.5850891094408,949.3660653420555,59.3491032765694,1.219023767385238,-198883602.54746974,287216662.0,89.4468540561936,76.3964301480379,19.64523770209515,965.6682473075274,914.6707907784102,19.500673690510695,792.5421134769996
2023-01-16,978.4198059844256,990.5262444536859,970.8139186006503,984.4505004882812,4508538,965.2736010742187,955.7951523984932,951.9649123899242,63.99098357128938,3.830240008569035,-197154312.69408852,291725200.0,91.02393377390825,88.61442674480446,19.092357898086625,974.3895284992003,911.3906716961122,19.56402797074865,792.7781953297936
2023-01-17,988.2309128770881,1002.677614233114,985.6205715797516,1000.0673828125,4390338,966.4239428710938,962.6062647698789,955.528058347152,68.25121298134266,7.0782064227269075,-194107677.51850006,296115538.0,96.730657328263,92.40048171945499,19.22922916077162,985.8061738686317,907.2964323325402,19.468534097468943,793.024728808092
2023-01-18,1007.178103753458,1013.3888851185493,1002.8125919548479,1003.7577514648438,6905092,967.534677734375,968.9372627229504,959.1006282077217,69.17916646207014,9.836634515228752,-199778610.58016893,303020630.0,89.36384675113268,92.37281261776802,19.86037463402413,996.065730448508,903.7697065632108,19.029460398081824,793.4313109618964
2023-01-19,1001.2146976171149,1011.2055008263536,997.9450023773726,1009.4344482421875,2298287,968.7769482421875,975.1675989566792,962.8290593213859,70.60254192544448,12.338539635293273,-198094235.2134557,305318917.0,95.63291320188732,93.90913909376103,20.06326150453302,1005.9732871645575,901.2751564389581,18.617391687431766,793.5660044739672
2023-01-20,1009.1167456942026,1018.5171626171953,1005.483725753261,1006.1649169921875,4747128,969.2661437988281,979.9364171159882,966.0391228525564,68.63644750151545,13.897294263431831,-202345146.89884555,300571789.0,87.08993478189913,90.69556491163974,20.602049495505018,1013.1914451454386,901.908139815499,18.218537771467663,793.8487167910206
2023-01-23,1009.0709298008572,1019.8791824562587,1006.4824261875254,1018.3350830078125,1696834,969.848427734375,985.8439041762688,969.9128976788716,71.78597088788655,15.93100649739722,-201039464.36729762,302268623.0,98.40882087499956,93.71055628626203,21.167356494641616,1021.9293177675112,902.1394078184263,17.89680403522506,793.9518515316303
2023-01-24,1022.6042833009265,1038.7711550926333,1018.3354184594053,1033.4578857421875,4861107,970.6449560546876,993.169132109487,974.6199338317099,75.12827500496859,18.549198277777123,-198706122.45802024,307129730.0,95.41695543116677,93.63857036268853,22.499497781054032,1032.9127349505357,901.2188690533706,18.0781803244819,794.2671896435603
2023-01-25,1030.732902523949,1030.732902523949,1014.2935133776668,1019.7430419921875,2692236,971.1437854003906,997.2574259375948,977.9623862880417,67.337492917754,19.295039649553132,-199613448.20515227,304437494.0,83.5869998962455,92.47092540080398,23.385493402048553,1039.0403651345182,903.8636387717316,18.155765470198954,794.4351201123371
2023-01-27,1019.7433130776415,1030.2337027977044,1003.6217866406537,1013.249267578125,3864525,971.7404626464844,999.7177092669071,980.5762293465664,63.95569332103812,19.14147992034077,-200681809.21979237,300572969.0,75.12767195450587,84.71054242730607,23.33276018127797,1043.4295487824425,906.7873945769323,18.759776233545505,794.6695025892838
2023-01-30,1013.2491090100593,1035.3650928813472,1004.3482778223372,1030.6422119140625,3508427,972.4941760253906,1004.4753250587772,984.2848206478624,68.51643451083453,20.190504410914855,-198241827.3887682,304081396.0,92.01138770146645,83.57535318407264,23.53205000073488,1049.7234047231505,910.0093101205995,19.635279006792967,794.8893042399966
2023-01-31,1031.7774913298747,1033.3214801991533,1010.8876301497803,1019.2435302734375,4582858,973.1576342773437,1006.7473566302633,986.8743546942012,62.89934819928475,19.87300193606211,-199410745.86036578,299498538.0,80.80948281161396,82.64951415586212,23.717104833087724,1052.8126086779143,915.2825146131012,19.835176938405823,795.1728991930119
2023-02-01,1032.6855775556241,1032.6855775556241,1012.2043900464071,1028.235107421875,2393911,973.858701171875,1010.0531644443574,989.9381141555104,65.31494613470082,20.115050288846987,-198057207.09498927,301892449.0,89.64583733068316,87.48890261458787,23.88894146312965,1056.4160584724511,920.7696043693458,19.881320550606628,795.3228654942146
2023-02-02,1033.4124199592509,1049.4884865691329,1030.8692620129518,1044.1297607421875,3048359,974.8776611328125,1015.2957177209466,993.952310198968,69.14001053914441,21.343407521978634,-196763520.5362407,304940808.0,95.23558568883033,88.56363527704251,24.867673802599707,1061.0538094920921,927.2394156055641,19.979324736081715,795.5277984609089
2023-02-03,1048.126116421729,1050.5330139932491,1034.1389692970226,1040.996337890625,1814055,975.3623010253906,1019.2496592855125,997.4370529909426,67.55829746343238,21.812606294569946,-197059994.72997016,303126753.0,88.03714962436776,90.97285754796046,25.82234670450574,1064.1873469933341,934.2250187293221,19.723233304663488,795.6497855287175
2023-02-06,1031.0508486071274,1044.3568041690892,1024.5114581164669,1040.5875244140625,2070175,975.86396484375,1022.5324077668279,1000.63338420747,67.34183922590131,21.89902355935783,-195776207.50029895,301056578.0,84.67860827692621,89.31711453004147,25.79415571537475,1063.6933754147062,945.8143577395907,19.7319556438034,795.7857960292947
2023-02-07,1042.5402981179689,1047.217832728022,1022.6041486863152,1024.738525390625,1931191,976.2178674316406,1022.8718104781813,1002.4189502210371,59.396416896739524,20.452860257144152,-197372471.8737128,299125387.0,50.949868971967994,74.55520895775402,25.921346868903917,1063.8683371100717,952.0309976067251,20.080650529367922,795.909922475042
2023-02-08,1029.8701757695608,1043.584801553118,1028.7802034490232,1039.9517822265625,2848255,976.6933215332032,1025.4994984394707,1005.1991599992242,63.81031096760203,20.30033844024649,-195922129.25055692,301973642.0,79.87900389926111,71.83582704938513,26.039452940038142,1064.5705282380452,959.5657693693768,19.992480931734004,796.097347337932
2023-02-09,1039.0434798627905,1046.3095181835095,1033.5939511222514,1041.1778564453125,1501083,977.3400085449218,1027.9115535172925,1007.8642486248604,64.14856527295007,20.04730489243218,-195632639.90734753,303474725.0,80.05774294153264,70.29553860425393,26.308571246562565,1062.0122500138134,971.2982053084521,19.47270136955715,796.197201006609
2023-02-10,1022.5133030670813,1026.3279288969031,999.0802847668969,1013.2944946289062,3185163,977.1481982421875,1025.6627752267716,1008.2664890696045,52.19941159912097,17.396286157167083,-195494610.993163,300289562.0,27.625764611004104,62.52083715059931,25.044774958736838,1057.7411073495543,980.4384947012271,21.088763534475614,796.3850128177918
2023-02-13,1018.3808596629017,1018.3808596629017,1003.6217167692365,1010.8877563476562,2009185,976.9235473632813,1023.3896953992155,1008.4606570161269,51.31097009329843,14.929038383088596,-195525521.53162453,298280377.0,22.94819294971825,43.543900167418364,23.871249834327237,1052.931809158024,989.3227074435385,20.636647774417725,796.5022576043999
2023-02-14,1018.153562225438,1037.5902358105309,1015.428798008956,1022.1952514648438,3938046,977.0096618652344,1023.2059347939276,1009.4780343826985,55.17144061782804,13.72790041122903,-197058795.31379926,302218423.0,44.92466589334627,31.83287448468957,22.79530893565334,1050.0047533904412,996.0242383087775,21.06992146645036,796.7467813990512
2023-02-15,1021.7869212044716,1030.5061474245545,1016.8823218084947,1028.962158203125,1648954,977.4093359375,1024.0915076261117,1010.9213028138412,57.3507981932254,13.170204812270526,-195783593.48508832,303867377.0,58.07636229512913,41.98307371273125,21.796220958313288,1049.3968740386683,999.521595199613,20.53805747713675,796.8491836266293
2023-02-16,1034.1388004692246,1046.4456962551706,1020.8783037512693,1024.6475830078125,2369355,977.9936535644531,1024.1770576848348,1011.9380643096908,55.49818387581259,12.238993375143991,-197454342.97406295,301498022.0,49.69084949495929,50.89729256114492,21.739575503374486,1048.5649235473593,1002.4425288452188,20.897295693334218,796.9995111116824
2023-02-17,1018.7892957304454,1018.7892957304454,1005.937579878641,1007.7540893554688,1958807,978.3220092773438,1021.6504471726247,1011.6281402390077,48.84496965027549,10.02230693361696,-198859419.7920691,299539215.0,16.85781244064596,41.54167474357815,20.658994564711573,1048.7254193547728,1002.1139971491334,20.74106051017974,797.1131097806007
2023-02-20,1007.7540439866598,1030.5965609326527,1005.9828808039262,1013.3397216796875,1706036,980.0915405273438,1020.3718740198651,1011.7549240494284,50.93920216273752,8.616949970436735,-199545613.548676,301245251.0,27.713664808838676,31.420775581481337,20.268751627624464,1048.0871286268218,1003.4697683458347,21.017676197218798,797.2146393497711
2023-02-21,1018.1535080084624,1019.1072197818215,1001.8957268749969,1003.8030395507812,1313278,981.6541369628907,1017.822822563083,1011.1658955680471,47.37322049295111,6.656926995035974,-200567826.5272059,299931973.0,9.178822688118101,17.916766645867607,19.63377697998218,1049.15720647233,1000.9464861546231,20.745805962190644,797.2897519665069
2023-02-22,994.5390868009767,1004.1212200678527,990.0432695240946,992.3592529296875,2212194,982.694423828125,1013.9053503117914,1009.7728109281686,43.44310798428028,4.13253938362277,-202052158.24668047,297719779.0,3.828720762366357,13.573736086441071,18.29819598687053,1050.6339594651884,995.3598698805147,20.269530575159745,797.4085116316746
2023-02-23,1003.439999105342,1009.9339325632794,992.2684201411837,993.9486694335938,2139983,983.5594714355469,1010.8350917151456,1008.6006522989409,44.13630136971529,2.2344394162047365,-203785053.71526846,299859762.0,6.830659808575267,6.612734419686603,17.391896319335608,1052.1011974450064,991.3131946448373,20.083529278512316,797.5251182232603
2023-02-24,996.355479885129,1003.1673906409525,982.7316583734818,994.4027099609375,1684570,984.6829309082032,1008.307032983729,1007.5489528664963,44.346149775310415,0.7580801172326801,-203545474.08213043,301544332.0,18.098533064295566,9.585971211745758,16.329415905866195,1053.246294780521,988.283441547604,20.108686634866483,797.6144067592685
2023-02-27,989.9976710972128,989.9976710972128,977.2821046794504,984.502685546875,1834553,985.8370141601563,1004.6448256857515,1005.8418219539317,40.75158113591154,-1.1969962681802144,-203296511.8289566,299709779.0,10.439858172373121,11.789683681748011,15.657663127464641,1054.1962649176244,982.7195187737817,19.89525225248224,797.7068363000851
2023-02-28,984.09407706357,996.2647135733865,970.1069309514212,978.7353515625,20793703,986.8109436035156,1000.6587527437127,1003.8339352582701,38.77953539965792,-3.1751825145573775,-210372170.1354289,278916076.0,11.302803466556755,13.280398234408509,15.434444655575652,1056.1348100480634,976.7301557722492,20.342575850302463,798.7356601216478
2023-03-01,978.5082343205877,1002.7132456214161,978.5082343205877,1000.0792846679688,1655100,988.2756628417969,1000.569603808983,1003.5558129923218,48.677852682938024,-2.986209183338815,-209077282.2187756,280571176.0,39.26229825343464,20.3349866307882,14.784273546063575,1054.9492745015596,975.1001090433624,20.618464096768605,798.8224236498751
2023-03-02,990.2700952328036,1014.520450186105,990.2700952328036,1004.4841918945312,4074162,989.6367578125,1001.1718481298366,1003.6245817998929,50.45811609017574,-2.4527336700563183,-208375387.7367113,284645338.0,45.03250845926588,31.865870059752453,14.020294680505222,1050.87168789871,975.2131387614463,20.877884872235235,799.045870632628
2023-03-03,1012.7040172368954,1026.0553173310157,1009.1164554255524,1016.3370361328125,3253621,991.2574108886719,1003.5049539764483,1004.5662450838129,54.98318034585659,-1.0612911073645819,-208855146.69657516,287898959.0,60.55914710886832,48.284651273856305,13.951217442920514,1047.4585678802966,976.1603286040782,20.92740205539589,799.2362518357639
2023-03-06,1025.4198412858348,1042.6766853818763,1020.2428324054086,1023.330810546875,4091674,993.17095703125,1006.555085756514,1005.9562128958916,57.45262195414231,0.598872860622464,-211820398.06313276,291990633.0,69.72064505324103,58.43743354045844,14.673766106270108,1044.5441513497228,977.3490737479335,21.313991140657883,799.4878964783294
2023-03-08,1009.9793282728955,1020.8783857722432,1005.710575100696,1017.8357543945312,3209393,994.9547985839844,1008.2905732392859,1006.8361789328278,54.904181046301325,1.4543943064580844,-209898600.22853482,288781240.0,62.52239377097427,64.26739531102791,14.400375275573795,1043.764206306695,977.438741691352,21.050151448195102,799.6729137954517
2023-03-09,1019.0162587993294,1023.3304683808184,1011.8411357710697,1014.2025756835938,1834324,996.5822680664063,1009.2001120768717,1007.3818379514031,53.223191783416425,1.8182741254686334,-210978895.06892544,286946916.0,60.76311691867474,64.33538524763004,14.267478661707852,1039.7022032492846,978.9258240944655,20.3672358168775,799.7793273014972
2023-03-10,1003.621503587312,1015.5650757815665,1003.621503587312,1013.8848266601562,1193681,998.2195837402344,1009.920837397377,1007.8635408187181,53.07015633669658,2.0572965786589066,-210121073.62900898,285753235.0,60.325263675362464,61.20359145500385,13.628218194381617,1034.7282819155107,981.1704424497236,19.76554555811872,799.8467841606549
2023-03-13,1018.1083132791929,1029.5977602484154,994.5391423365876,997.808837890625,3028387,999.3733630371094,1008.0574528578767,1007.1187480092296,45.88208443218527,0.9387048486470349,-212584583.62588763,282724848.0,38.17279961412995,53.087060069389075,13.748339821721176,1034.1855300051095,980.1646286862967,20.857907869097943,800.0147280624329
2023-03-14,997.7634457999617,1002.1684598071367,968.1997050178717,984.59375,3683544,1000.3555480957032,1004.4476524182033,1005.4502296381755,40.969603760568695,-1.0025772199721814,-212712613.95432183,279041304.0,22.012231030316737,40.17009810660308,13.120856500852733,1034.5287795771092,977.1919784795315,21.794396934824167,800.1966757677505
2023-03-15,994.5845595602783,997.1730638171665,976.828132149576,980.597412109375,1528510,1001.255107421875,1000.7783846783836,1003.6092801915978,39.58918422771866,-2.830895513214159,-213674753.69508618,277512794.0,16.646361105015004,25.61046391648726,12.538193417189179,1033.4259129411348,974.135061179959,21.69086370145033,800.2720216747146
2023-03-16,984.5027273898182,987.7725333043958,971.5147505193726,974.012451171875,1812907,1001.9887622070313,996.6605487543054,1001.4169224864331,37.355704819031224,-4.756373732127713,-214930622.99115062,275699887.0,7.804755409783873,15.487782515038566,12.265344605510181,1031.0173384940547,971.0486649239141,21.302786493134107,800.3578729195214
2023-03-17,988.3629647276249,1014.6115542261114,984.5937954868233,1006.755126953125,5350523,1003.4627819824219,998.213560784893,1001.8123450395215,51.88980541040858,-3.598784254628413,-212380841.72453812,281050410.0,51.76823999417612,25.406452169658362,12.1402313210318,1028.260930463354,972.015827349146,22.68109481892713,800.6452920289248
2023-03-20,1003.6215417933465,1006.6188269452706,986.591764500473,990.7697143554688,2066169,1004.4820776367187,997.0683536419047,1000.9943723962583,46.24827956745042,-3.926018754353663,-213584942.16128868,278984241.0,30.304678341262832,29.95922458174097,12.024054699730446,1027.4662391763386,971.1120811361614,22.501256792764618,800.7520322834743
2023-03-21,998.1720846182964,1001.2601732963108,978.281281140065,984.4574584960938,2421127,1005.5785498046876,995.1282159271645,999.769415811061,44.204534199576166,-4.641199883896434,-214704586.9443224,276563114.0,21.82923287002596,34.63405040182166,11.444664738383675,1025.9540873549458,969.7360066391949,22.535373604441848,800.872669542819
2023-03-22,991.7687305451302,1004.3026904514813,980.0523329594287,982.2320556640625,1382329,1006.0067407226562,993.1441912713026,998.4703520964684,43.47510925388651,-5.326160825165857,-215838417.01744586,275180785.0,18.84119170461533,23.65836763863474,11.064575298052862,1025.526168193773,968.006827411696,22.657872453556905,800.9417942570211
2023-03-23,978.1904319163413,981.2785204494127,963.6583549333687,968.1088256835938,2178855,1006.2172741699219,989.2925965655012,996.2213501399592,39.06899175056888,-6.928753574458028,-216916609.20725238,273001930.0,5.632200433702112,15.434208336114496,10.729713304008596,1026.8845602455303,964.223392635329,22.366145901923826,801.0403089672873
2023-03-24,974.557371944267,989.9977030934306,950.9882049208331,955.2569580078125,2688253,1006.3336877441407,984.0563444797028,993.1869507227631,35.5392676187751,-9.130606243060242,-219016518.91498247,270313677.0,4.655713635469266,9.709701924595597,11.015831440262653,1029.5483420510552,957.690439687226,23.554956778400513,801.1576984537046
2023-03-27,956.6648713289501,967.7455360749989,948.9447051566015,955.0299682617188,1459887,1006.1422265625,979.5907481384745,990.3605075775005,35.478300447568174,-10.769759439025961,-219531362.94988167,268853790.0,7.544987723267199,5.944300597479554,11.374515684876027,1031.312995208716,951.9885123596432,23.215376359828863,801.2182089462549
2023-03-28,959.843774177496,966.2015581563036,943.9946604506106,945.5841064453125,2965015,1005.6511364746094,974.3589571087573,987.0437371232642,32.94548520373306,-12.684780014506941,-222071939.4462745,265888775.0,1.856762194892711,4.685821184543087,11.937336633326066,1034.1137773086307,945.2958723495725,23.14334217024773,801.3367805255089
2023-03-29,950.0345930684646,971.832709926632,946.4923769048212,969.5620727539062,2478745,1005.3533679199219,973.6209749003187,985.7487990218303,43.895059848383504,-12.127824121511594,-220037413.59160802,268367520.0,29.86739074132373,13.089713553161241,12.078091317173374,1034.283853917637,944.2084678597067,23.36514654961,801.4427975545524
2023-03-31,984.0034053524816,996.2648468079984,971.2878364356494,985.6836547851562,3131614,1005.065693359375,975.4767718056785,985.7439735228174,49.827275181632515,-10.26720171713896,-219559136.28654766,271499134.0,48.700332619981516,26.808161852066018,11.631061515759274,1033.3079428727983,943.744815916264,23.60354851421587,801.5946130872678
2023-04-03,989.9523897379283,998.3992047060681,988.1813370208797,997.400146484375,1540702,1004.9385412597657,978.8495986793241,986.607393742192,53.66194699143125,-7.757795062867899,-218319720.43502858,273039836.0,75.62706765826687,51.39826367319074,11.323813227667243,1032.5535356327518,943.790818615295,22.82583432897987,801.6733931010461
2023-04-05,985.7742616156822,1010.8875273949653,968.335814925439,1009.2526245117188,3342291,1004.9349047851563,983.5269872689232,988.2848182436384,57.22367110446657,-4.757830974715148,-215234261.4577803,276382127.0,92.41126389468607,72.24622139097818,11.051911807094283,1031.4003875217038,944.2355255642339,24.23482562473319,801.8453973455373
2023-04-06,1007.2998415658584,1007.2998415658584,985.8649436050329,991.6777954101562,2378264,1004.6451623535156,984.7809577521898,988.5361498856026,50.96783559679109,-3.7551921334128338,-216322619.97647354,274003863.0,67.52369356706036,78.52067504000446,10.799431916562247,1026.7341485802094,945.7364629920561,24.174315287729808,801.9668430364665
2023-04-10,991.6779468423491,1003.6215192226719,991.3600798475532,1001.8958129882812,711625,1004.316376953125,987.4140124038962,989.525754559875,54.109045201569636,-2.1117421559788454,-215811306.80960795,274715488.0,81.99334386151999,80.6427671077555,10.564986303925355,1023.9992744331659,946.8773429984748,23.323395579686157,802.0039071570219
2023-04-11,1002.7131565518629,1008.0718812837086,985.456317806858,987.2728271484375,2318905,1003.39267578125,987.392291595364,989.3588710479168,49.24668680224695,-1.9665794525527645,-217757697.31541488,272396583.0,64.69773037808072,71.40492260222038,10.67021027610957,1020.3532669887296,947.8303755893954,23.272836143769332,802.121304281129
2023-04-12,991.8143237494289,996.7642684710412,981.0060685600195,994.0849609375,2715967,1002.8795141601563,988.4219330326157,989.7089517804785,51.436074500428255,-1.2870187478628168,-215965301.6478054,275112550.0,74.88137790320356,73.85748404760146,11.007730987038679,1017.0638660984532,949.1397899074061,22.73607641285879,802.2564818855217
2023-04-13,989.089532315293,989.089532315293,965.474906199409,973.512939453125,3071057,1002.0847875976563,986.128241712694,988.5092471636375,45.10776043986592,-2.381005450943462,-216945683.30372673,272041493.0,44.12769305742178,61.23560044623539,12.079296578227902,1015.3929617139058,948.3811044482036,23.155646293232515,802.3972759837862
2023-04-17,958.2087741525764,958.2087741525764,923.0139021161666,946.5830688476562,9509446,1000.4036047363281,980.0443689642267,985.4036043254167,38.44045033544322,-5.359235361190031,-213718630.75551605,262532047.0,26.82166196820854,48.61024430961132,14.499892112259955,1016.8105108846652,943.1624871622099,25.10874565349865,802.7481513427576
2023-04-18,953.2589095465395,968.5629813922519,949.3079123045806,966.2468872070312,3686404,999.343671875,977.9216794631197,983.9845882425734,44.85047150932677,-6.0629087794536645,-210919064.27657598,266218451.0,49.19904573607647,40.04946692056896,16.057890668004024,1016.573519652924,941.9644259037166,24.885257574291295,802.901891450325
2023-04-19,975.4202181991726,975.4202181991726,941.3606624977589,943.4042358398438,4322881,997.6470544433594,972.6113035210774,980.9786362127417,39.68138086828492,-8.367332691664274,-214723199.55657598,261895570.0,23.204156718223757,33.074954807502955,17.740447780158224,1018.1612073521071,937.3159166713303,25.540564583371467,803.0727398178751
2023-04-20,944.584967996988,951.1243580424355,937.1826693908996,942.3143310546875,3057560,995.6107458496094,967.9502308339405,978.1146136084413,39.44776824625821,-10.164382774500837,-215529904.03556952,258838010.0,21.96384737432417,31.455683276208163,19.42581427574413,1015.443861662872,933.5891827707217,24.712073445383208,803.1854397735
2023-04-21,957.3006597930082,975.4657577017939,942.5415177421198,952.7139282226562,7708194,993.84509765625,965.6061842783583,976.2330813576425,42.90193694370764,-10.626897079284163,-218474986.50876456,266546204.0,33.79856699010615,26.322190360884722,19.458748288315153,1013.8787550910272,931.3487107292854,25.314884388363435,803.4957401555916
2023-04-24,960.025193178099,961.7508992378469,950.0343917353752,957.3458862304688,2033625,992.1802648925782,964.3353691940677,974.8340298667408,44.42263885530173,-10.498660672673168,-217970510.80094734,268579829.0,39.06972542145183,31.61071326196075,19.48932987141682,1012.65885892103,929.85744967272,24.34357175365688,803.5771147368024
2023-04-25,954.076260846302,961.6602775247634,948.5813855378226,956.801025390625,1237595,990.8215148925781,963.1762393781535,973.498251757399,44.27326659669931,-10.322012379245507,-217652532.8680435,267342234.0,38.44967493632041,37.105989115959495,19.577221600576397,1011.5229408905507,928.4502646758556,23.53895177032002,803.6263687219991
2023-04-26,958.208822021252,969.107879712489,951.8510383680303,967.7909545898438,1647101,989.3782983398437,963.8861955645674,973.0754890042467,48.06648048770905,-9.189293439679318,-216256823.02858526,268989335.0,50.956191157030254,42.825197171600855,19.19083017421256,1011.5101523853299,928.4312660717013,23.090229597044207,803.6949878401103
2023-04-27,967.7909485204773,976.3739120501202,963.6583448234211,972.9679565429688,1654910,988.0141003417968,965.2833895612446,973.0675236367447,49.79994924977314,-7.784134075500106,-215488471.95715666,270644245.0,58.729416000356274,49.378427364569006,18.392095788728547,1011.8548731121247,929.8576451984221,22.3491822848767,803.7673699565065
2023-04-28,979.15714855326,987.286429287836,973.4297776487084,982.9908447265625,2629188,987.40802734375,968.0076134328319,973.8025844582127,53.06622601702459,-5.7949710253807325,-214489389.07571134,273273433.0,70.51301147451076,60.06620621063246,17.12547877122364,1012.904316225303,931.6042897317283,21.775560174876023,803.889266620825
2023-05-02,982.9908808620338,992.875360387404,982.8985257341885,986.177978515625,1905168,986.9138317871094,970.8030542148001,974.7192803143173,54.089179701005,-3.916226099517189,-215142073.95578912,275178601.0,74.2600247709173,67.83415074859481,16.25010668292744,1013.4306289267932,935.1373642372693,20.932794066185988,803.9805164825193
2023-05-03,981.0511464200583,982.8987003681187,974.5847076018471,978.2335815429688,1649820,986.0345983886718,971.9462122652876,974.979598923847,51.09944922646424,-3.0333866585593796,-215343736.5241485,273528781.0,74.8737696584369,73.21560196795501,15.21781638669041,1013.8374826123098,935.5976614306588,20.26568526958541,804.0556972306615
2023-05-04,975.5545675233788,986.5474216001431,968.3952970828386,985.4851684570312,1403672,985.16505859375,974.029128602479,975.7577892596385,53.61952521257993,-1.7286606571594803,-214104348.8747188,274932453.0,89.42164662283409,79.51848035072946,14.599508483749892,1013.8165244855454,935.5987709246108,20.11471664442249,804.1201853758844
2023-05-05,985.4852637920319,988.3950708787108,971.9056754026678,975.0927734375,1641673,984.1739624023437,974.1927662694053,975.7085288283689,49.66901907147083,-1.5157625589636154,-215111411.24878788,273290780.0,74.54592648086006,79.61378092071037,13.908493616328458,1011.2959634655812,935.8885946398876,19.855765132395383,804.1948294963435
2023-05-08,977.355890875552,995.3695391478329,974.5845603721241,993.7529296875,1389075,983.8939392089844,977.2020221798814,977.0451511142305,55.9453501434245,0.1568710656508756,-213938414.58212122,274679855.0,97.22169371357133,87.06308893908852,13.003544494378833,1008.117772099504,937.516816523543,19.922137535489203,804.2613562691506
2023-05-09,989.3650945994012,1000.0808844620826,984.7924438903214,996.7553100585938,2981949,983.5622509765625,980.210220315068,978.5051628878871,56.87712980823327,1.7050574271809182,-212253745.47412354,277661804.0,94.7127682403622,88.82679614493122,12.452380477972449,1008.9783829649274,937.1639571229633,19.591159180937208,804.4086481901937
2023-05-10,1001.5127760729,1005.8083613285028,990.3812190172315,996.1087036132812,2091411,983.4083642578125,982.6561408224854,979.809128867546,56.59948283852733,2.8470119549394894,-212792240.96393767,275570393.0,85.86585076032343,92.60010423808568,12.285127846326887,1007.8384347177807,937.7251944326099,19.293729404532495,804.5137525576577
2023-05-11,999.6651329504379,1009.3185558510327,997.7252241337786,1005.1615600585938,2653108,983.6644104003906,986.118513012656,981.6870867335494,59.574828480143594,4.4314262791065175,-212041771.31878987,278223501.0,93.77481255508984,91.45114385192518,12.338624476136635,1011.0053048198042,936.3471976216019,18.85916674976242,804.651501032357
2023-05-12,1003.2217388562228,1019.2954798772325,995.3234010545128,1011.9976196289062,1585037,984.0253894042969,990.0999140305406,983.9323113924648,61.709534403973024,6.167602638075778,-211421805.2748776,279808538.0,89.67976565845787,89.77347632462374,12.950662060538468,1014.5800330510317,934.5637352595152,19.224374754973656,804.7356851087169
2023-05-15,1015.1845174030326,1021.6509553097302,1009.5033800261593,1015.923583984375,1523466,984.4558068847656,994.0727863311306,986.3020352881618,62.92053630552145,7.7707510429687545,-211334914.9337837,281332004.0,92.16175578529662,91.87211133294814,13.646094999544118,1020.5607841807906,932.8240485828813,18.71888907844488,804.8192349127698
2023-05-16,1016.3391113404755,1021.0504628672427,1005.1614354815061,1007.563232421875,1166324,984.9170178222656,996.1482395758605,987.876938779548,58.66553146199707,8.271300796312516,-212148634.16488597,280165680.0,79.81699190326842,87.21950444900767,13.917173498165877,1023.2906471099533,936.1922020111405,18.516756100394282,804.8818095613057
2023-05-17,1007.3787279695784,1010.5657132268739,981.6976845711661,992.64453125,3602382,985.1952014160156,995.6092075257282,988.2300937773593,51.91838722734594,7.379113748368809,-213018947.14119846,276563298.0,49.982551541496775,73.98709974335397,13.348693628283574,1024.4945193231117,937.6280942022788,19.256132711488103,805.0596064186338
2023-05-18,999.4802837052761,1002.297848108091,991.2125262856974,997.5866088867188,1515743,985.1453479003907,995.9134231197268,988.9231689706452,53.81341705279087,6.990254149081579,-212791579.5236244,278079041.0,54.813540524675936,61.537694656480404,12.820819463392866,1024.1200571579523,943.420793672126,18.67250336226706,805.1351286762867
2023-05-19,1005.6235146898614,1019.8497015582227,999.9422641796644,1011.8590087890625,1984436,985.2928442382813,998.3665901457784,990.6221200683058,58.85664762274965,7.74447007747267,-212400218.322206,280063477.0,81.61332176395254,62.13647127670845,12.594884165411543,1024.5812944187123,949.9140241848033,18.92897402721255,805.2408727196785
2023-05-22,1011.8589228622335,1036.385242675949,1005.9467286282024,1034.491455078125,1864932,985.6559326171875,1003.9242616738318,993.8717004394035,65.32292869926462,10.052561234428254,-210767346.60523066,281928409.0,97.2146063931901,77.88048956060622,13.224475892230588,1030.513112874848,952.1599584142147,19.751084028679266,805.3474306136977
2023-05-23,1034.6300746377824,1045.1149193588676,1019.8496450000997,1022.9442749023438,2138096,985.6482019042969,1006.8504175551413,996.0252244736954,60.13040860695102,10.825193081445946,-212381671.0663578,279790313.0,71.10172886832491,83.30988567515588,14.195661822683798,1032.8330706294726,956.3998395267774,20.144954766542742,805.4715170932193
2023-05-24,1015.2770932463196,1030.0112903654303,1014.3070823508903,1027.1937255859375,1302744,985.835361328125,1009.9801572521869,998.3340023338615,61.34806652131884,11.646154918325465,-211546389.74995154,281093057.0,75.52058619311497,81.27897381821002,14.690136790305019,1034.7040097450079,961.5681704307733,19.827758569971127,805.5452111914368
2023-05-25,1024.653209008223,1033.0134343793316,1018.9720717480267,1030.9349365234375,1124803,986.1700085449219,1013.2039694477639,1000.7488863479041,62.435798161967185,12.455083099859849,-210754588.70783716,282217860.0,79.89520677458157,75.50584061200719,15.29330562830997,1037.739530956893,964.8470474122475,19.41444457435211,805.6099072024053
2023-05-26,1030.011341224042,1053.4290653076907,1029.0875642363972,1052.36669921875,1635167,986.9396459960938,1019.2290047971463,1004.5724280420408,67.99266983935215,14.656576755105561,-209262152.91947994,283853027.0,98.51896606752504,84.64491967840722,16.719068338714898,1045.593372420178,964.9330802165408,19.7663771812765,805.7112227825472
2023-05-29,1058.6483724499585,1060.4496923753181,1038.6948131139973,1040.3575439453125,1288914,987.7906201171875,1022.4795492814796,1007.223177368209,62.42051941140864,15.256371913270641,-210354042.88446042,282564113.0,74.48681120616926,84.30032801609198,18.298137025797484,1049.85351871645,966.4096038421436,19.90841304413681,805.7915374823908
2023-05-30,1042.9441234242279,1056.8007769683938,1042.0665804727248,1049.27197265625,1983735,989.0841845703125,1026.6014605699058,1010.337902945101,64.73108637493385,16.26355762480489,-210397585.39858082,284547848.0,85.8064320761625,86.27073644995228,19.764415092374172,1055.3660516147118,967.2064703579446,19.660900185489993,805.9165204143328
2023-05-31,1048.301939248267,1065.4379309264568,1045.8076742728465,1057.8167724609375,5967930,990.6285717773437,1031.4038162454492,1013.8548562425703,66.83597025260032,17.548960002878857,-209063577.5162279,290515778.0,90.89904938518512,83.73076422250567,21.444818462948852,1061.0280130616702,969.502828002783,19.658711361784302,806.3024998262056
2023-06-01,1060.4957335256126,1067.1007599940076,1050.9346664951415,1054.8607177734375,1445692,992.245537109375,1035.012570326678,1016.892327467079,65.38221615513189,18.120242859599102,-209807076.25908506,289070086.0,85.66791399493744,87.45779848542838,23.06556452800341,1065.448971213571,972.0194247825226,19.409238657290143,806.3962988009703
2023-06-02,1060.4959276259044,1063.3596135881226,1045.3459632495294,1050.380615234375,1336554,993.118046875,1037.3768849278622,1019.3729413757676,63.14065819618226,18.003943552094597,-210396520.80348107,287733532.0,80.42208119924366,85.66301485978879,24.043588198806003,1066.6004245463107,978.3967556294706,19.30955377738322,806.481366686236
2023-06-05,1056.8007614836492,1060.9577574859886,1049.4105463683788,1051.5352783203125,1435758,994.3333581542969,1039.5550992959315,1021.7553367049932,63.48809580699423,17.79976259093837,-211303908.6426217,289169290.0,81.77409701392085,82.62136406936735,24.951753035979838,1069.147815595187,981.6275994438754,18.755100730256544,806.5730311084212
2023-06-06,1043.8677729500791,1045.9925046738767,1028.8564001089828,1042.574462890625,1943605,995.4956982421875,1040.0196167720383,1023.2974942002252,58.85185144949692,16.722122571813088,-210135663.41881573,287225685.0,67.68102786835999,76.6257353605082,24.04458669018093,1069.9760313474044,985.3812989748612,19.035370550333198,806.6895800937558
2023-06-07,1047.3781741465127,1047.3781741465127,1031.1196123594882,1042.990234375,2459039,996.7108618164062,1040.4766348648016,1024.7562156946528,59.00145239538737,15.720419170148716,-209003939.2415096,289684724.0,64.09906844003751,71.18473110743948,23.28271344537069,1070.2053840085737,989.840099389864,18.83702706723972,806.8377284883682
2023-06-08,1042.9903325183657,1045.0225965501147,1033.0597310483865,1040.8656005859375,1385218,998.1659973144531,1040.5364757449763,1025.9495034643776,57.844122047210874,14.58697228059873,-208581424.63973367,288299506.0,57.09986926104804,62.959988523148546,22.57525971804689,1070.560941095023,993.054946356149,18.34601552684604,806.920798219667
2023-06-09,1043.036436755503,1044.7916353538944,1021.6509797563423,1025.161376953125,1824218,999.5640856933594,1038.1710759308453,1025.8911237228033,50.03214696719147,12.279952208042005,-209852181.24564958,286475288.0,20.559838008651795,47.25292523657915,21.033687860625708,1070.2868605886808,994.6454025949131,18.688489817610762,807.0258229422043
2023-06-12,1028.1173189547947,1053.9830687132837,1026.7778877343037,1052.7822265625,1670970,1001.519130859375,1040.418945258792,1027.8830572664845,60.21045954988495,12.535887992307607,-208328725.14825845,288146258.0,72.87831787681058,50.179341715503504,20.214452932349378,1072.3174774370327,996.3006500043736,19.41228995636419,807.1279499587112
2023-06-13,1057.678064988984,1057.678064988984,1043.2210501550499,1045.068603515625,2014656,1003.5088208007812,1041.1342772983048,1029.1560606923467,56.734773943784205,11.978216605958096,-209828449.88396093,286131602.0,54.22240397291019,49.22018661945756,19.68709216019133,1072.3873518396408,999.9813127111405,19.058341733333474,807.2531119521175
2023-06-14,1051.2581155507276,1051.6276488650524,1040.219026666836,1049.27197265625,836964,1005.1030187988281,1042.3862304302963,1030.6461282452285,58.15240383725234,11.740102185067826,-209337122.04373005,286968566.0,60.77255545675343,62.62442576882476,18.950465262185414,1069.5723135464782,1008.459095144928,18.51193319511082,807.3047229279408
2023-06-15,1053.1058217058226,1059.572260961911,1049.9188360359083,1056.431396484375,2109652,1006.5179736328125,1044.547025207847,1032.556148114795,60.52493519764197,11.99087709305195,-208600274.21997938,289078218.0,76.52493927618455,63.83996623528276,18.786317270821268,1066.7866881964328,1017.129199254739,17.925387131578695,807.439198216867
2023-06-16,1062.3433854409086,1066.2694370827553,1046.1310564959315,1060.6805419921875,2909817,1007.7835815429687,1047.0291047131302,1034.6394365501574,61.90536239133699,12.38966816297284,-207305548.5502516,291988035.0,85.87403950415691,74.390511412365,19.03844406353641,1066.3432472179513,1022.4547935535331,18.083458092667634,807.6262224906437
2023-06-19,1060.680540526423,1065.9461362629436,1048.902385617159,1050.8424072265625,1278608,1008.6153771972656,1047.6157666382737,1035.8396566002616,56.940494086347094,11.77611003801212,-208293078.93458962,290709427.0,64.22787374894408,75.54228417642854,19.27256179962904,1066.8394038763915,1023.5937321099367,18.009193275033123,807.7075061171589
2023-06-20,1046.6393486408065,1081.5119306453876,1046.1774601374345,1079.572021484375,3504867,1010.37326171875,1052.532113537674,1039.0790910361218,65.61349210706854,13.453022501552141,-205173055.6016201,294214294.0,96.75930780884477,82.28707368731529,20.348993293274265,1071.9713422859888,1024.1245683585423,19.246713077384545,807.9425021311453
2023-06-21,1085.4377265645744,1086.0843252102818,1073.105328990368,1081.2344970703125,2019683,1011.9600354003907,1056.9478648503875,1042.2017137053213,66.03975854435082,14.746151145066278,-204662752.10697645,296233977.0,92.47310828608732,84.48676328129208,21.56749267627143,1076.757952775443,1024.7420350175255,18.799019016136636,808.0834510717611
2023-06-22,1080.9574170665694,1081.2344824399572,1070.5186943907377,1074.721923828125,972005,1013.7090173339843,1059.682335462347,1044.6106181588623,62.75773024493949,15.071717303484775,-204872226.15535218,295261972.0,82.36565042198644,90.53268883897287,22.42751212952903,1079.276471192977,1026.6022153304605,18.221646420667934,808.1500745577886
2023-06-23,1073.3362265441922,1081.3269179711824,1063.2670374332536,1076.3385009765625,1699790,1015.3540881347657,1062.244822464534,1046.960831700914,63.24601124025721,15.283990763620068,-204111452.48001468,296961762.0,84.87456430353109,86.57110767053497,22.49064247985163,1082.3750785131192,1025.9007881860994,18.210091714758,808.2656977575609
2023-06-26,1078.2784552171859,1086.3152681622057,1074.3986378159461,1078.5093994140625,1190307,1017.4540173339843,1064.7470650721539,1049.2977626426289,63.92993603100681,15.449302429525005,-204480542.71598122,298152069.0,87.92862499444838,85.05627990665533,22.845099138060256,1085.4325057471488,1026.6585464989448,17.760558759865255,808.3484637499156
2023-06-27,1078.0477607922676,1084.9298543474104,1071.7660320755253,1080.819091796875,1504039,1020.1387377929688,1067.2196845682647,1051.6326759133137,64.68292381349843,15.587008654950978,-203915858.11746833,299656108.0,91.50044560788464,88.10121163528807,22.903122752086073,1088.722915361286,1026.5228487988704,17.43222043929524,808.4527531418472
2023-06-28,1084.0059677575853,1084.4678562116583,1077.585763352265,1081.0499267578125,1424076,1022.4347985839844,1069.3474141358874,1053.8117315314248,64.76209792310847,15.535682604462636,-203906291.16416666,301080184.0,91.85742001621443,90.42883020618251,22.957001822252902,1091.5194147950947,1026.0496647947489,16.678639897873666,808.5521029018515
2023-06-30,1081.142185189686,1102.989529666288,1076.2000017263197,1097.400634765625,3036648,1025.5147265625,1073.66329423277,1057.0405391784027,69.90807733060133,16.622755054367417,-202136668.5899479,304116832.0,92.66661266050285,92.00815942820067,24.07305048381931,1097.635327363333,1024.1877439257296,17.400846186594716,808.7723795505203
2023-07-03,1099.2944158099654,1103.9132999100073,1084.9758750998355,1091.53466796875,1749952,1028.4991333007813,1076.4127363459977,1059.5956598295395,66.17440854648217,16.8170765164582,-202674462.8849174,302366880.0,80.5655495997289,88.36319409214876,25.15496699380805,1101.6612982855145,1024.2771782769855,17.5106018025645,808.8997363549139
2023-07-04,1091.9040537166802,1102.0655973637897,1088.7170692245525,1099.8485107421875,1094468,1031.4418249511718,1080.0182400992576,1062.5773524897356,68.72397791135364,17.44088760952195,-201943560.11626887,303461348.0,93.61828158035298,88.9501479468616,26.15960375308331,1106.8529946557205,1023.9168051489669,17.213310826612556,808.9802825465875
2023-07-05,1102.9893271236995,1110.9337838111478,1097.0771339729104,1103.7283935546875,1653610,1034.3694750976563,1083.6659560154776,1065.6255777538063,69.86550655409755,18.04037826167132,-202009688.3677337,305114958.0,88.8810385689301,87.68828991633735,27.542662443458664,1111.711365124738,1025.1738277463558,16.973549327442903,809.1048648509405
2023-07-06,1103.7286923348333,1106.6847333275778,1085.391630539146,1090.6572265625,2334220,1037.0465991210938,1084.741536099635,1067.4797739618577,61.69571889307009,17.26176213777717,-203189444.4390374,302780738.0,68.71033351726437,83.73655122218251,27.493611165727152,1113.4709731158468,1028.180918973997,17.282088860370674,809.2747833670696
2023-07-07,1088.3474237661871,1092.7814837864546,1065.8534861109172,1069.36376953125,2159585,1039.0780554199218,1082.3757258583448,1067.61932918922,51.19353593059173,14.756396669124797,-204785990.51489297,300621153.0,35.80547516972084,64.46561575197181,25.747907128521522,1112.6411999917577,1031.8605089926173,17.9710823471683,809.4217557063107
2023-07-10,1071.5810629376945,1073.3362613697882,1034.629991801912,1038.7869873046875,3960400,1040.3944360351563,1075.669766080859,1065.4836001607362,40.52552428966158,10.186165920122903,-207895708.43299812,296660753.0,5.447954018159909,36.654587568381736,25.487416144826685,1110.482178144871,1035.3820918746603,19.45216714864744,809.6635246841035
2023-07-11,1045.4843165546238,1045.4843165546238,1027.239726095641,1029.918701171875,4982603,1041.3329931640626,1068.6311407102462,1062.8491631985983,38.04899138412777,5.781977511647938,-211415053.67648354,291678150.0,3.200914317406488,14.818114501762443,25.571450782597623,1112.9423992711802,1030.6355182092886,19.36591167081426,809.948352758282
2023-07-12,1034.352735223441,1038.7869085297637,1018.4175870045541,1025.9002685546875,3824027,1042.1274389648438,1062.0571603786218,1060.1122080397902,36.9472017322928,1.9449523388316265,-212429563.80134377,287854123.0,8.087969251239379,5.578945862268621,26.01631236137363,1115.1959600292748,1026.4651239551004,19.437583803271064,810.1601279283565
2023-07-13,1016.154411011869,1038.6945859547297,1004.1915473703334,1024.28369140625,12294227,1043.0484411621094,1056.2458574597954,1057.458243844713,36.48943200194182,-1.212386384917636,-210405203.81138712,275559896.0,18.823049531154545,10.037311033266834,26.957583962251608,1117.5646006378881,1021.5976552214867,20.513687716208583,810.8216453546208
2023-07-14,1029.2720289977506,1068.902074867232,1026.824110777032,1063.2208251953125,6605038,1044.603154296875,1057.3189294191056,1057.8851017225352,51.93615229066754,-0.5661723034295392,-205583753.5291805,282164934.0,55.300769211172735,27.403929331188916,25.856278784320732,1117.6223843682535,1022.2188143622154,22.235451697978107,811.2264877444485
2023-07-17,1064.1446517519935,1082.6664219088568,1056.4773718842575,1065.8074951171875,3159479,1046.4174487304688,1058.624862603426,1058.4719456776945,52.75816542548447,0.15291692573146065,-206492037.59128353,285324413.0,57.724055445492205,43.94929139593986,24.12589887498276,1117.732233049963,1022.6216609930059,22.517851578451047,811.4319166411351
2023-07-18,1070.6112619601647,1080.819042467544,1059.0179287794667,1078.232421875,2431478,1048.1070385742187,1061.641410183668,1059.9356846552728,56.597959042078735,1.7057255283953054,-204637531.13091248,287755891.0,69.36417764276487,60.79633409980997,22.519117530597498,1118.36755783721,1024.7253376706026,22.466656014852923,811.5924748857932
2023-07-19,1076.200064781163,1085.3454784427504,1068.8098497440392,1079.94140625,2242397,1049.770760498047,1064.456794193873,1061.417589958586,57.11428354511174,3.039204235287116,-203860826.84736195,289998288.0,70.96521621192356,66.01781643339358,21.03199938306312,1118.3989653317383,1024.730868652637,22.043011206557086,811.7433988993762
2023-07-20,1080.8267448671431,1083.4356825053944,1069.6457785409314,1076.9134521484375,1990001,1051.38685546875,1066.3732031099598,1062.5654316022787,55.846616134036985,3.807771507681082,-203753253.0152411,288008287.0,68.12851894706775,69.48597093391875,19.651103960352625,1118.0421466982684,1024.6555827939192,21.453503546407514,811.876505364497
2023-07-21,1034.2390415775585,1062.098296165978,1020.2628383129968,1039.3170166015625,5259150,1052.0699645996094,1062.2107128778987,1060.843326787411,43.06542345061814,1.3673860904877984,-204221788.21673855,282749137.0,32.90681402455455,57.33351639451532,20.255233500678322,1118.268041834665,1020.8891969348665,23.96758285276703,812.1797558121215
2023-07-24,1043.5565424432073,1050.7309481770496,1035.1708202271457,1036.941162109375,2672505,1052.5688354492188,1058.3230896827413,1059.0727960705192,42.404959644199174,-0.7497063877779055,-206286168.7145237,280076632.0,30.681027333730583,43.90545343511766,20.81621093098076,1118.1957060861967,1017.0217987966159,23.367050359705384,812.3338099172763
2023-07-25,1042.1588224693267,1042.6246958812487,1029.6733922820943,1035.6832275390625,2506726,1052.9640283203125,1054.8400339683292,1057.3402354385594,42.037357021438446,-2.500201470230195,-206466486.38365227,277569906.0,30.7256330014622,31.43782478658247,21.524353757133262,1117.6285603642632,1013.3063273310495,22.62306844823746,812.4749923204843
2023-07-26,1034.425274843325,1044.3484012314825,1034.3321229089804,1038.897705078125,1969964,1053.5907177734375,1052.3873679852209,1055.9741220785272,43.38789948135561,-3.5867540933063538,-206640567.2776385,279539870.0,39.17618536802102,33.52761523440463,22.06834531365708,1116.2605381874635,1010.4822108359743,21.722583439256365,812.587404633619
2023-07-27,1038.897941634581,1046.0723482921126,1033.2608265903407,1041.0875244140625,1769815,1054.5595776367188,1050.648930512735,1054.8714111404188,44.33936013017215,-4.222480627683808,-206247983.84732956,281309685.0,45.46418954222353,38.455335970568946,22.45420756995384,1114.459047705362,1008.2874610837004,21.086079029436043,812.6887226706936
2023-07-28,1038.0128361141606,1042.1590649495226,1022.5457442487085,1028.2294921875,2031899,1055.1724353027344,1047.1997861550064,1052.8979356624247,40.07985974222731,-5.698149507418293,-207102234.05146775,279277786.0,29.620185368120424,38.086853426121685,23.225177076250365,1110.1675665567095,1005.6618279745402,20.98088200596305,812.800252086811
2023-07-31,1032.3755371389132,1043.0906261976654,1021.1945746428238,1040.481689453125,2526624,1055.7448889160157,1046.1662328162556,1051.9782137209952,45.456786448603125,-5.811980904739585,-205177709.67447308,281804410.0,44.71766383123007,39.934012913858034,23.992101817539837,1105.7507350587925,1004.973361620895,21.046251259454376,812.9412819740259
2023-08-01,1043.5566260430392,1064.0550597688846,1036.009498191707,1060.7939453125,2710536,1056.270938720703,1048.4166501233701,1052.6312308759216,52.988507034912885,-4.214580752551456,-203097531.39505756,284514946.0,69.74695765711947,48.02826895215668,23.252776410643662,1099.6030338396145,1007.2156062971045,21.5462019964346,813.1051050721778
2023-08-02,1059.3964028495088,1059.3964028495088,1044.954323479089,1053.7127685546875,2701150,1056.88630859375,1049.231437574342,1052.7113447780523,50.37684827303195,-3.4799072037103542,-202522439.3375033,281813796.0,51.3960868443604,55.28690277757001,22.566259961382922,1090.939278874365,1010.8777987623537,21.1385891276472,813.2675076363585
2023-08-03,1049.1471479255747,1058.0453774909188,1038.9445635189168,1048.6812744140625,1608187,1057.3160595703125,1049.1467970881451,1052.4128210473864,48.54595098758588,-3.266023959241238,-202491067.73991853,280205609.0,43.665155630454755,54.9360667106449,22.224926954093966,1084.4445675710158,1013.1749148508594,20.99303375938683,813.362426527025
2023-08-04,1053.2932026085828,1073.6984817882417,1049.146974536816,1066.2445068359375,3315303,1058.0222509765624,1051.777213972421,1053.437390365057,54.73078579182283,-1.6601763926360036,-201188853.8157319,283520912.0,70.65120350260565,55.23748199247364,20.909444247122952,1083.9531285823298,1013.354427570014,21.280474731871998,813.5698881444692
2023-08-07,1075.7484454600683,1076.8664962618354,1065.126507888733,1072.25439453125,1655404,1058.4200048828125,1054.9275494430099,1054.8312425255158,56.65093456278673,0.0963069174940756,-200834114.07715663,285176316.0,79.88544428222175,64.73393447176075,19.50095401007903,1086.752010552245,1013.9022863227549,20.59901142053132,813.6768272400116
2023-08-08,1076.074680796302,1077.9381748789904,1059.3963860085078,1063.449462890625,1667697,1058.8818432617188,1056.2386130503353,1055.4696292192275,53.09748474366867,0.7689838311077892,-201772722.40029907,283508619.0,68.36264083044941,72.96642953842564,18.523498783309453,1087.5939315861842,1016.4134414606906,20.452066952670695,813.7825964996138
2023-08-09,1063.0766909751042,1067.7820588064903,1048.2153718650102,1066.058349609375,1559337,1059.2175708007812,1057.749341751726,1056.253978877757,54.01782108571013,1.495362873969043,-200488122.10317993,285067956.0,79.40224370251889,75.88344293839673,18.21842535954878,1087.9787490361903,1020.0444321161533,20.388825523299943,813.878976524558
2023-08-10,1062.1915273757972,1066.6639582496784,1051.6162221974596,1056.880615234375,1676669,1059.19884765625,1057.6156915182873,1056.3003963856545,50.280062940960974,1.3152951326328548,-200991638.59994867,283391287.0,62.8899830871254,70.21828920669793,17.93514289462816,1086.754760635399,1024.5281128997574,20.007319132508435,813.9815604601039
2023-08-11,1080.8265372919636,1105.937073848244,1075.515624802454,1091.4949951171875,7391806,1059.931533203125,1062.8278920719642,1058.9074036991015,61.188064480371786,3.920488372862792,-200618107.37417212,290783093.0,82.95769080866015,75.08330586610151,17.817681108070392,1091.7776270115864,1022.3326635157572,22.08225766689133,814.4929694762594
2023-08-14,1090.749594907441,1096.6661653201056,1075.2359853690755,1091.07568359375,1720940,1060.7454345703125,1067.173706152239,1061.2902392468532,61.0134400277736,5.883466905385831,-199795049.11330256,289062153.0,82.46288415630845,76.10351935069804,17.691616707355482,1095.9406838843886,1020.6964254906112,22.035680687186957,814.610335584711
2023-08-16,1095.5015616942196,1105.2849054303788,1090.2371682694134,1096.8060302734375,2567226,1061.650849609375,1071.732525247808,1063.9210385821557,62.584937197872705,7.81148666565241,-200120907.77059162,291629379.0,89.22495364141632,84.881842868795,17.95581924611448,1099.607110604521,1018.8873596103226,21.536541863885418,814.7914966163311
2023-08-17,1096.5263814706948,1100.3465212392562,1084.5068230009817,1096.3865966796875,2331256,1062.7270922851562,1075.525459314251,1066.3258947375284,62.38671249044562,9.19956457672265,-198955279.77059165,289298123.0,88.73000294054866,86.80594691275785,17.823587871257853,1102.6891121659291,1017.4498770918836,21.12962446205606,814.9536564886411
2023-08-18,1092.9392532462468,1097.4582035404983,1079.5687062718252,1093.5914306640625,3406088,1063.7391162109375,1078.3048395219143,1068.34556406542,61.000123466559174,9.959275456494424,-197021627.63565275,285892035.0,85.43158002190265,87.79551220128924,17.378684446364222,1105.419126812194,1016.3876602971809,20.898186805385844,815.1872374328736
2023-08-21,1092.8925220554654,1107.7539539138393,1089.165534314979,1098.7625732421875,1661946,1064.8970556640625,1081.4521831711872,1070.5986758562915,62.65385506163616,10.85350731489575,-196967477.18408605,287553981.0,87.46749058007273,87.20969118084138,17.472094193629015,1110.133448340869,1017.6178944325683,20.733203433491166,815.3045235526297
2023-08-22,1101.3248506799093,1105.9835852428532,1095.8741539889925,1098.9954833984375,1805887,1066.3737377929688,1084.151152436918,1072.7021430816358,62.73051029955251,11.449009355282215,-197658213.7741989,289359868.0,87.27140225319005,86.72349095172184,17.558831816089178,1113.913035867655,1020.0437390346885,19.974362563517563,815.4326326744738
2023-08-23,1111.527604792965,1113.43773175294,1098.2036901373565,1101.7908935546875,2347850,1067.3539111328125,1086.8649587627287,1074.8568653388988,63.693717316344795,12.008093423829905,-198900353.8443054,291707718.0,84.36522640349588,86.36803974558626,18.005891891687988,1117.2482647487495,1023.3192767551569,19.635768210093698,815.6014655609615
2023-08-24,1107.8004689455795,1107.84710178762,1089.212163153682,1091.30859375,2464221,1068.2787109375,1087.5485949146166,1076.0755118878694,57.67442811723601,11.47308302674719,-200810125.1193054,289243497.0,66.0712399229896,79.2359561932252,17.750952580084242,1118.3970211567773,1027.4116092143165,19.56428038322543,815.7733357814797
2023-08-25,1085.485303429817,1090.8894817663877,1071.509097806257,1075.189453125,2105159,1068.797060546875,1085.6471884854448,1076.0098779054347,49.86973758600636,9.63731058001008,-202115740.29825538,287138338.0,41.35710714291667,63.93119115646741,16.583193726022742,1117.6969923984818,1031.5218308437059,19.581081494690977,815.9111411599885
2023-08-28,1076.1676532451252,1080.5468181135263,1061.5392726315322,1068.201171875,2571967,1069.0324560546876,1082.9631859299916,1075.4314552365136,46.90616549403167,7.531730693478039,-202884824.85583216,284566371.0,30.642558846890857,46.023635304265746,16.04425215648055,1114.2717180379752,1038.944273172962,19.540114636641203,816.0734960126437
2023-08-29,1075.1429238249607,1083.901368680435,1069.9251631893542,1078.5438232421875,1794652,1069.3897216796875,1082.2832839780217,1075.6620010147117,51.49991303994911,6.621282963310023,-202466072.7224988,286361023.0,46.500082838600235,39.499916276135956,15.331216103411927,1112.3311586767845,1044.691045913059,19.26583479155505,816.1899394919815
2023-08-30,1086.4167585800672,1094.9422644675924,1082.363682785919,1090.609619140625,1497356,1070.1850659179688,1083.5642586184222,1076.7692319870016,56.25501740324342,6.795026631420569,-202000234.04939404,287858379.0,63.07415853081303,46.73893340543474,14.471447447727513,1113.1892595081858,1046.8145124644702,19.061020965401468,816.2914162844293
2023-08-31,1098.995657008829,1107.0086589751938,1086.3239197435714,1092.1473388671875,4483967,1070.436572265625,1084.8847325028476,1077.9083510151636,56.83584424904394,6.976381487683966,-203959439.30257502,292342346.0,58.976830437398654,56.18369060227067,14.322804709655673,1113.1951425330162,1050.65208647089,19.177000841560105,816.6013542099773
2023-09-01,1092.9391938953727,1106.915398420889,1091.1688519077454,1104.8656005859375,1669640,1070.9091943359374,1087.9587122079383,1079.9051843167024,61.400756950149876,8.053527891235944,-202724488.19823754,294011986.0,83.48287923741746,68.51128940187641,14.184779310017534,1113.5529278005888,1055.9127338205049,18.93196838953035,816.7189949940777
2023-09-04,1105.0519384666582,1150.7075413206771,1104.1201914696376,1148.378173828125,4517935,1072.3823193359376,1097.2540139956593,1084.9772576138448,72.22387824751996,12.276756381814494,-198658346.69823757,298529921.0,97.38767217666557,79.94912728382725,15.831438008785796,1127.6328242904688,1050.046204029844,20.907352779638153,817.0742016766986
2023-09-05,1152.338021529347,1156.950123360813,1141.576298937741,1151.219970703125,2842400,1073.8799487304686,1105.5564688737309,1089.884125250088,72.7610668381786,15.672343623642973,-197934793.05240425,301372321.0,93.99423376493439,91.62159505967252,17.547522614427415,1139.3261247152345,1046.2494612222654,20.512100754169136,817.3081738281878
2023-09-06,1155.2266221987782,1157.602622805436,1139.2471366443901,1151.4996337890625,1767709,1075.3397534179687,1112.6246480914742,1094.4482369937157,72.81678320875326,18.176411097758546,-197342570.06421468,303140030.0,93.64691216231232,95.00960603463746,18.976315694682448,1148.2349537697185,1046.145649257625,20.358056854660337,817.4533134780489
2023-09-07,1153.5026937238338,1171.2058853076405,1146.32828789322,1168.41064453125,2582004,1077.0915844726562,1121.207109082209,1099.9269338483477,76.01203595423507,21.2801752338612,-195340792.7432926,305722034.0,97.45114697337644,95.03076430020775,20.72218366210651,1159.9397162248629,1044.6761162946682,20.680881180357492,817.673077545297
2023-09-08,1173.0695030349036,1182.8994796320462,1168.6903375182396,1175.911376953125,2280777,1078.9888134765624,1129.6231502931191,1105.5554111153683,77.28727722355251,24.06773917775081,-195303402.95640734,308002811.0,94.24185006631406,95.1133030673343,22.666764180399042,1170.3119087240837,1046.2069999673224,20.238592174674544,817.8747706006953
2023-09-11,1189.4215876209753,1196.6426263201824,1183.6913212603283,1194.080322265625,2691836,1080.9224072265624,1139.5396382888894,1112.112811941313,80.05343984751947,27.426826347576252,-193676680.04966366,310694647.0,98.1034489636265,96.59881533443904,24.814397048813323,1185.2365074218562,1041.5409339843939,20.273781974130465,818.1229085969705
2023-09-12,1197.294956099332,1203.5842486702818,1179.1258886721437,1194.8724365234375,2140769,1082.9891625976563,1148.05237647882,1118.243154502952,80.16684768058965,29.809221975868013,-193060950.1266261,312835416.0,93.86686358800347,95.40405420598138,26.969478601726138,1197.8421165649775,1039.3150001342415,20.572680404416726,818.3205706758001
2023-09-13,1194.4997419317292,1194.872463506896,1179.684940793425,1188.21044921875,2275523,1084.7564013671874,1154.2305415157323,1123.4259170744924,76.24073491829444,30.804624441239866,-192781745.68693468,310559893.0,89.17680872617568,93.71570709260192,28.97062575800232,1207.256302339529,1039.0412562542213,20.18802628363489,818.5276765685282
2023-09-14,1193.4280523452962,1202.6057370103536,1188.5363808816287,1195.9903564453125,2655172,1086.601640625,1160.6551284279753,1128.80106073159,77.61920926862648,31.8540676963853,-192623485.85333857,313215065.0,94.65388186422187,92.56585139280037,31.015279542180583,1216.9704133077378,1039.2875212625747,19.774259248489795,818.774354065015
2023-09-15,1205.6806333284148,1220.588585517947,1202.9320251389292,1215.55712890625,4286280,1089.099638671875,1169.1015900400175,1135.2274361519353,80.65857894269638,33.87415388808222,-190780063.50880954,317501345.0,96.6604657361868,93.4970521088615,33.29794976187013,1229.2757378118422,1039.1787665826891,20.118828521642985,819.1901500390632
2023-09-18,1213.1345686287716,1221.7998610430066,1201.6740352729958,1215.9298095703125,2761885,1092.0309594726561,1176.3059315062167,1141.2053897384817,80.71230571647081,35.10054176773497,-189629283.29496142,320263230.0,95.7901517769147,95.70149979244115,35.30742257875715,1239.9877956240775,1040.1834324032661,20.11932832509783,819.4576796352977
2023-09-20,1194.0337700802781,1214.9980773973334,1194.0337700802781,1205.12158203125,2220756,1095.3576513671876,1180.739108510068,1145.9399225009088,74.26895190073736,34.79918600915926,-189500968.1289458,318042474.0,87.68912114447431,93.37991288585863,36.501328608789244,1247.2549351131522,1043.5289027774727,20.246236265450438,819.6679359851354
2023-09-21,1196.363309905003,1197.2950570310973,1173.3492013859404,1190.7728271484375,3112700,1098.5747338867188,1182.2827575313556,1149.260878400726,66.66067431443496,33.02187913062971,-188083905.59177843,314929774.0,76.24833942571608,86.5758707823684,36.03279284644926,1251.4705964594896,1048.2114347905103,21.069532292583233,819.9488171193889
2023-09-22,1185.601429526464,1195.9904313668844,1178.753111796052,1186.76611328125,1321467,1101.79205078125,1182.972504569801,1152.0390439474313,64.66848530925094,30.933460622369694,-188176768.92284632,313608307.0,70.22956650985981,78.0556756933501,35.59772392427642,1253.7346967108713,1055.4930864922537,20.79580281245817,820.0679427270857
2023-09-25,1183.3185638667996,1192.6360328736248,1170.833132649927,1177.215576171875,1246703,1104.8506884765625,1182.0868232778125,1153.9039722603532,60.06086612491889,28.18285101745937,-188693567.97387585,312361604.0,45.99295759658928,64.15695451072175,34.631362935879096,1252.2428133683677,1067.1875821394449,20.867738341832432,820.178133993262
2023-09-26,1177.7281731266664,1182.3402751446401,1171.2990962693063,1175.3521728515625,903152,1107.0933154296874,1181.0507232122357,1155.4927278597022,59.17496420104311,25.557995352533453,-188933648.70897758,311458452.0,43.73572946282737,53.319417856425524,33.734027732367295,1247.6589808729175,1082.486514732551,20.165841237082528,820.2570543023128
2023-09-27,1172.6037254048063,1181.1292341179367,1167.7586859800438,1175.0262451171875,1670373,1109.2776904296875,1180.123880428382,1156.9396550639603,59.0110086112606,23.184225364421764,-188788159.7961538,309788079.0,38.024856281995554,42.58451444713743,32.63524004038833,1242.3521018341457,1097.441635958823,19.680463158568983,820.4022313692539
2023-09-28,1175.026093192035,1179.5916761396727,1154.0152670458463,1157.1365966796875,1807072,1110.8557739257812,1176.5873752362754,1156.954243331792,50.70644922296619,19.633131904483434,-190154163.8289194,307981007.0,4.604777353939752,28.788454366254257,30.660187213530897,1236.3165907002804,1110.1298448465946,20.101602153944516,820.554257341724
2023-09-29,1150.8006960909775,1164.4041795330668,1143.486504894181,1150.521240234375,2338327,1112.2673706054688,1172.5772006205984,1156.4777245838352,48.01552559722864,16.099476036763235,-190919704.95593807,305642680.0,8.982804065790825,17.20414590057541,28.753312347382423,1228.4402389376678,1123.8435867459261,20.15989304572603,820.7446028709617
2023-10-03,1148.3782430625292,1170.9264762543805,1139.247076445759,1154.155029296875,2162636,1113.8122021484376,1169.7430204169486,1156.3056730810972,49.59778943885095,13.437347335851427,-191046918.83829102,307805316.0,18.058691689017987,10.548757702916221,26.81591111541891,1220.9318199685233,1136.2809485861642,20.982714957361427,820.9214971284363
2023-10-04,1149.7757802188885,1159.838693158726,1141.3900573485723,1154.947021484375,2253785,1116.1248022460939,1167.4667128888605,1156.2050322220807,49.955316615844524,11.26168066677974,-189988319.90603372,310059101.0,19.018068397343345,15.353188050717419,25.016895685738508,1220.410303233841,1137.4593500864714,20.801709303989448,821.1041487207913
2023-10-05,1163.7520488980817,1168.364151234523,1143.999057214488,1151.1268310546875,2995200,1118.408515625,1164.9528849143721,1155.8288691726443,48.18000295165279,9.124015741727817,-191231086.01937515,307063901.0,14.390495325974332,17.15575180411192,23.876266423616844,1220.4181118542185,1137.44222750125,21.05623678370699,821.3483604955571
2023-10-06,1166.547418257664,1170.2744068143977,1146.1421331618137,1153.223388671875,2497711,1120.7593188476562,1163.148347030911,1155.6358706170317,49.24603396088669,7.5124764138793125,-192262964.9941033,309561612.0,16.930152379841175,16.779572034386316,22.9332170512392,1220.2825723057124,1137.7501425380376,21.27595370291249,821.5529878428796
2023-10-09,1151.639298631017,1180.197367093181,1147.120348402727,1164.31103515625,3430211,1123.2675854492188,1163.327222127117,1156.2784753977146,54.56887171319198,7.04874672940241,-192127698.50344256,312991823.0,30.36113055758355,20.560592754466384,22.63745679901361,1220.3262597576359,1137.2964941486143,22.11888691630831,821.8397441639453
2023-10-10,1169.8549263003504,1178.4269527282781,1163.0064952402122,1175.6783447265625,1532394,1125.9594018554687,1165.227394834724,1157.715502755407,59.28349246292895,7.511892079317022,-191141585.3661784,314524217.0,48.09344803785903,31.79491032509462,22.362822279089844,1220.3179879429536,1137.28146274064,21.640427671433855,821.9708705084845
2023-10-11,1179.5917690738543,1187.4649861760815,1156.298092749331,1160.5841064453125,2186131,1128.606494140625,1164.5130427748145,1157.9279919176222,51.6227237088966,6.5850508571923,-192726450.9606781,312338086.0,36.75757499984909,38.40405119843059,22.61593709325368,1218.744724624381,1135.5051044771817,22.320889511099324,822.1554976824776
2023-10-12,1160.0250888781602,1163.3328364342785,1132.2124619045953,1140.2254638671875,3921609,1130.6013696289062,1160.7764921736411,1156.6166935435158,43.464500789318876,4.159798630125351,-194628555.94837603,308416477.0,12.563902598576977,32.47164187876174,21.04421737013934,1218.1151534360217,1130.6699783999159,22.949424155283886,822.4643489426287
2023-10-13,1128.3456867113457,1180.0576484062092,1126.062951915773,1170.18115234375,5740821,1132.7891137695312,1162.2233629690425,1157.621468269459,54.78680921719355,4.601894699583454,-190987911.43559182,314157298.0,66.27032997903271,38.530602525819624,20.51199386357607,1216.778218382854,1130.2039837655834,25.16694360779476,822.9342901628019
2023-10-16,1176.796429300525,1191.9839504868762,1174.2807579637488,1183.92431640625,2527113,1135.3933447265624,1165.5619711901513,1159.5698273907028,58.857742430237764,5.992143799448513,-190761807.81949648,316684411.0,87.77379855383562,55.536010377148465,20.580411169768873,1215.2298081135414,1130.5457900309898,24.92664750317558,823.1558831786094
2023-10-17,1191.6111479155065,1191.7042998589332,1184.2503245666176,1189.9805908203125,1687345,1138.2193310546875,1169.3186819024838,1161.822476533637,60.54370757349305,7.496205368846859,-189854849.5832599,318371756.0,96.96096887184913,83.66836580157252,20.643941525519335,1210.087570127081,1133.1303742088562,23.701885785283263,823.3058420122792
2023-10-18,1190.7728802632937,1194.0339953500868,1180.8963830338826,1182.806396484375,1743126,1140.5505688476562,1171.3937149150825,1163.3768409744323,57.53588940277067,8.016873940650157,-191091126.38939285,316628630.0,83.481791218106,89.40551954793028,20.452418902537907,1203.1467773618544,1136.7588256654892,22.94729482320619,823.4594712425547
2023-10-19,1180.3372167370883,1187.7445603412248,1178.5668745819062,1180.849609375,2279726,1142.7224731445312,1172.848467908916,1164.6711201152152,56.70835747323769,8.177347793700847,-192236795.28711373,314348904.0,80.6029372083599,87.01523243277171,20.096451868812675,1198.2744057028835,1139.2040000588354,21.96375131864279,823.6582447266414
2023-10-20,1177.6983253205897,1186.493413650739,1171.5369982154373,1183.9066162109375,1625449,1145.1316162109374,1174.5497214938425,1166.0959716778614,57.73118754882792,8.453749815981155,-191173607.65647948,315974353.0,85.10045068097821,83.06172636914808,19.235691810529254,1197.0449887065377,1139.7467959614312,21.463227326975574,823.7991488924747
2023-10-23,1173.9357957451243,1185.6939667762254,1159.167578860417,1163.2593994140625,1646367,1147.0756372070311,1172.8127488661842,1165.8858552138763,49.26500300288112,6.926893652307854,-192312054.89365125,314327986.0,54.72396129130424,73.47578306021416,18.125049823262735,1194.6619264200024,1139.7791868612478,21.82488165474934,823.9372484575971
2023-10-25,1158.1325020475588,1178.5447511665334,1152.582738455788,1156.0631103515625,1420065,1149.059287109375,1170.2358814023962,1165.1582444833346,46.69474335550741,5.077636919061661,-193351382.51621923,312907921.0,44.136674854463834,61.320362275582134,17.49691464000719,1193.6123804427366,1138.7134862564822,22.120391015891908,824.0538728468226
2023-10-26,1142.8939968323955,1164.717111993828,1140.1191149515028,1158.697021484375,4617424,1150.4033276367188,1168.4606721842392,1164.6796353723005,47.76884483970746,3.7810368119387476,-190994086.47319803,317525345.0,48.01172369839967,48.957453281389284,17.604746708719357,1192.6240899109382,1138.036261651562,22.29736287492286,824.4237035591851
2023-10-27,1163.5885521192242,1194.6301222242641,1160.2491857684802,1193.4072265625,2675348,1152.4499584960938,1172.2986036270486,1166.807605090093,59.38375371578986,5.490998536955658,-188509057.39991584,320200693.0,98.2164997384868,63.4549660971168,16.827325759545367,1195.9214433032873,1136.577006403744,23.271344150991883,824.6559131679927
2023-10-30,1194.6300818312661,1199.1452650787755,1181.4609313228898,1189.691650390625,1158770,1154.3076708984374,1174.974456975291,1168.502719556799,57.899478282916824,6.471737418492012,-188589187.91416815,319041923.0,87.06442875300726,77.76421739663128,16.331627327621298,1198.911534037834,1136.842421040291,22.872271979912874,824.7584551990349
2023-10-31,1196.5114332814949,1203.8955414100758,1182.1193866206327,1200.2740478515625,2525870,1156.385419921875,1178.8667017254868,1170.8561512823371,60.8972383295553,8.010550443149668,-186903449.88632667,321567793.0,95.34707301653071,93.54266716934161,16.109742921899404,1203.3503722376004,1137.3788636022432,22.793977894879323,824.9850337935176
2023-11-01,1204.0367687683051,1209.633612505269,1180.802667676337,1184.2359619140625,1572719,1158.198310546875,1179.6927417544985,1171.8472483661685,54.55690271983649,7.845493388329942,-188101598.6381229,319995074.0,69.60936958969221,84.00695711974343,16.18862691683946,1204.5021450119598,1139.2351840896026,23.225189818740226,825.1244986059604
2023-11-02,1190.8675092336402,1199.333392000704,1189.9268555928554,1197.828369140625,1368604,1160.1796264648438,1182.482838275441,1173.7717758309432,58.50044592687635,8.711062444497884,-187170941.23548615,321363678.0,85.87393795696791,83.61012685439698,16.26187634071237,1207.5398671960493,1140.4855966711384,22.64463555216174,825.247146494255
2023-11-03,1206.4824486923358,1210.9035901099296,1188.045658586809,1191.102783203125,2052536,1162.0217724609374,1183.8089836489307,1175.0555541548085,55.91482939536532,8.753429494122202,-188674446.0753282,319311142.0,72.02662467654487,75.83664407440169,16.903859835839913,1208.5960214056504,1143.4270376763807,22.659870978658805,825.4314231340139
2023-11-06,1200.5091050641154,1203.5662291318595,1190.0678735209951,1194.3477783203125,1175823,1163.87291015625,1185.4303366752972,1176.4846077966977,56.90453296252443,8.945728878599539,-189104635.95586923,320486965.0,76.61095635368831,78.17050632906707,17.499987367029778,1209.8202400570835,1146.3152579897915,22.005477023816344,825.5367100845067
2023-11-07,1193.6893917689183,1201.8730319759904,1191.9021270036162,1198.3455810546875,1385282,1166.0136499023438,1187.4172973490495,1178.1039391491415,58.151024785281926,9.313358199907952,-188699508.5718651,321872247.0,82.2588088318303,76.96546328735452,18.053534360277506,1212.0344084086246,1147.5045442280943,21.145864734427622,825.6611375842477
2023-11-08,1204.0366046263362,1204.7891734345792,1190.7734118686749,1192.4195556640625,937671,1168.358251953125,1188.1868755513592,1179.164355187284,55.58454003011697,9.022520364075262,-189416921.6441732,320934576.0,73.88688069736067,77.58554862762645,18.72584705885695,1213.2696749769211,1147.9433987535476,20.636571650961674,825.7450005401702
2023-11-09,1192.4196854732681,1200.0860360915374,1186.9168842948166,1192.278564453125,1483749,1170.8397998046876,1188.816366151631,1180.135778095865,55.521754767393865,8.680588055766066,-189692485.37969917,319450827.0,73.68769689240635,76.61112880719914,18.98125717819429,1213.875686638103,1150.5068328931472,20.1031845185159,825.8765869013678
2023-11-10,1187.3870502764405,1195.5706904253195,1176.4284131936768,1180.9434814453125,1469902,1172.88779296875,1187.6051531198896,1180.1956079736017,50.575658204664066,7.409545146287883,-190468978.98602644,317980925.0,57.67418124163294,68.41625294380002,18.291755824329922,1209.4344834248648,1159.0198378641978,20.034548283739245,826.0037378614433
2023-11-13,1185.2235309743012,1188.6098609547664,1178.9211978113765,1186.1641845703125,730991,1174.7988842773439,1187.3834656507238,1180.6377247585433,52.667126355534386,6.745740892180493,-190107031.14492047,318711916.0,65.04967299079861,65.47051704161267,17.651504567170146,1209.401440790106,1160.6511837216128,19.29555648800001,826.0669814609985
2023-11-15,1199.333396568492,1206.8586257234315,1193.1251054808436,1200.885498046875,2410620,1176.9736474609374,1189.4607014039777,1182.1375598169384,58.05692866858918,7.323141587039345,-189793315.7673798,321122536.0,85.84704903069135,69.523634421041,18.19886155589018,1211.1988644237326,1160.5498782520485,19.395476821222793,826.2845256566092
2023-11-16,1207.6112064925899,1239.7344369041982,1202.1553693710368,1233.2440185546875,3936945,1179.5412158203126,1196.1965963502407,1185.923223427142,66.9622114237215,10.273372923098805,-187216299.13954952,325059481.0,91.8344368838584,80.91038630178282,20.06680830725702,1220.7180750957746,1155.3570103534444,20.785009823801396,826.6627482324649
2023-11-17,1235.454442779439,1247.071491601005,1228.8698676776423,1231.4566650390625,2882039,1181.2027856445313,1201.6212223023672,1189.2960709539507,66.12704488607599,12.325151348416512,-189279152.8940901,322177442.0,77.89616914496943,85.19255168650642,22.030773889340225,1228.0987655119864,1152.841346792701,20.60048225948434,826.9466336959797
2023-11-20,1236.9124105140609,1252.6683583793363,1236.0188355207104,1246.7423095703125,2831858,1183.113232421875,1208.5629280358974,1193.551347888496,69.61708714615054,15.011580147401446,-188463175.93413204,325009300.0,92.22710772601862,87.31923791828218,24.024023772523005,1238.3438790236016,1149.185503300617,20.644140193826445,827.2315589109243
2023-11-21,1256.3368535972238,1256.7131379809555,1243.3559035525248,1247.8709716796875,1514256,1185.0406591796875,1214.6103193657111,1197.5750237248806,69.86399119188948,17.035295640830554,-188953721.66856802,326523556.0,88.98648986504462,86.36992224534426,25.996606511158557,1247.0872662144752,1146.8385516566186,20.123646924869607,827.385274069932
2023-11-22,1247.8711060324033,1256.4781098737508,1242.03909934721,1250.787109375,1535630,1186.6881884765626,1220.1759793671401,1201.5166596989634,70.53034159506832,18.65931966817675,-188628599.97588348,328059186.0,92.61873460778871,91.27744406628402,27.70056747422126,1254.1414136362534,1148.537175230934,19.717601467846126,827.5412125408545
2023-11-23,1254.7848516022289,1256.0077472396863,1247.024459230218,1250.128662109375,1307344,1188.1725341796875,1224.7840844044072,1205.1175487664013,70.15315021138252,19.666535638005826,-189032430.47290525,326751842.0,91.79859445364406,91.13460630882582,29.282816939922338,1258.6322518327493,1153.4528922102195,18.950864792247703,827.6742824822526
2023-11-24,1250.034573361989,1253.5620243093801,1228.164377488164,1231.4566650390625,1795933,1188.9200610351563,1225.8106352712773,1207.068594416228,60.30424191061518,18.742040855049254,-190362751.213646,324955909.0,68.54137196233508,84.31956700792266,28.99887779677791,1258.6048810622233,1160.7562273362141,19.411349222888305,827.8511984718378
2023-11-28,1231.4566946154648,1241.5687209075172,1218.4286651020427,1238.5115966796875,2152951,1189.7928442382813,1227.7646293341095,1209.3977056950027,62.449330924604396,18.366923639106744,-188778669.9448826,327108860.0,77.32876166731027,79.2229093610965,27.988252334192843,1261.8008635060496,1162.0706819041066,19.677685407358748,828.0605543638518
2023-11-29,1245.4253329011601,1259.3470517370522,1243.0736989644133,1254.7847900390625,1835524,1191.1243310546874,1231.9215771348715,1212.759711942711,66.89339690998008,19.161865192160576,-187972330.3985031,328944384.0,94.4979056842532,80.12267977129956,27.90728369005352,1267.2711706008715,1163.1096887741285,19.76038323950203,828.2474916631543
2023-11-30,1257.653937543589,1266.8723892988703,1250.78711992732,1261.322509765625,4104385,1192.4309741210936,1236.4447975396029,1216.3569562258897,68.50600477390506,20.08784131371317,-186700206.61612964,333048769.0,93.86373778305551,88.56346837820637,28.14759204789839,1273.5263810725298,1162.9593244938762,19.49787510607691,828.6720471934638
2023-12-01,1266.1198290887712,1268.941790074853,1249.1880631722795,1257.3717041015625,1854324,1193.267265625,1239.6643216260582,1219.395085698162,66.40109518588848,20.26923592789626,-187018099.35357383,331194445.0,87.49360755888185,91.95175034206356,28.456982868860955,1277.3766604330265,1166.4226193521297,19.516150234398104,828.8630680336803
2023-12-04,1269.882407586671,1269.882407586671,1252.0099885169325,1258.5474853515625,1547057,1194.119619140625,1242.5694237376742,1222.2952634502656,66.72873723697523,20.274160287408677,-187433369.9735625,332741502.0,87.53872968146571,89.63202500780106,28.785397100704436,1281.4471821040152,1168.424009302235,19.398740865493846,829.0229163902997
2023-12-05,1267.0603559407302,1267.0603559407302,1230.6571087939412,1239.358154296875,3932040,1194.8043505859375,1242.0753822852437,1223.559181290755,56.96529706085102,18.5162009944886,-189485750.23763844,328809462.0,60.23276945337221,78.42170223123996,27.45099451459561,1281.9646968708441,1172.732031644781,20.61334845701493,829.4150545546696
2023-12-06,1246.3659764330073,1260.4287013310902,1241.2394604225574,1250.64599609375,2077245,1196.0018139648437,1243.3939382557833,1225.5656120169028,60.6157619286219,17.828326238880436,-189526470.78276876,330886707.0,71.59714642817433,73.12288185433745,26.21190639892313,1283.4736595968102,1176.8528906961587,20.64600549824352,829.6244423743603
2023-12-07,1252.0100714442242,1257.6539936295474,1246.6953550878666,1249.1881103515625,1985003,1197.25025390625,1244.2853493474415,1227.3154267083592,59.908926741529484,16.96992263908237,-190608418.78047404,328901704.0,59.780773495162435,63.87022979223636,25.061324577227253,1284.5326454300064,1180.87815779265,19.954050715631897,829.8245313209073
2023-12-08,1253.8912048432232,1288.6483082144164,1250.1285905751265,1283.1455078125,4509751,1199.3688525390626,1250.263835265143,1231.4509882716288,68.98179891635824,18.812846993514086,-187387164.2252159,333411455.0,92.16344578523398,74.51378856952361,25.522582613869115,1290.0432352180749,1184.4401632194251,21.347346940433464,830.3029650138307
2023-12-11,1288.7895623241834,1300.9240175572484,1284.9799838797971,1293.6810302734375,2824656,1201.7354296875,1256.9434037279575,1236.0606210125036,71.16233633944216,20.882782715453914,-187128853.4679601,336236111.0,91.22012686988185,81.0547820500928,26.40206821742979,1296.3296022080585,1188.2940428114725,21.092429997884526,830.615063944152
2023-12-12,1295.2800955721843,1304.6866322139576,1288.695519922943,1293.6810302734375,2730422,1204.108525390625,1262.595346273416,1240.3287994762766,71.16233633944216,22.266546797139426,-188156761.35956168,338966533.0,87.24106038084462,90.20821101198685,27.349929239797877,1298.5981562032223,1197.2992436991215,20.72805016167953,830.9179746537893
2023-12-13,1297.4905281575197,1300.7358519929635,1276.5140216443142,1287.94287109375,1896931,1206.7246508789062,1266.4949654765444,1243.8557677442377,68.13671876494169,22.639197732306684,-188263593.22147763,337069602.0,80.58873669201648,86.349974647581,27.298333142269932,1297.9622365040836,1208.113032050604,20.977605889320227,831.1248891136818
2023-12-14,1308.4492776096931,1335.0227442469857,1299.9833944332106,1330.648681640625,5145574,1210.3271997070312,1276.3647679633261,1250.2848724773035,76.23510932632942,26.07989548602268,-184402692.76372546,342215176.0,96.24846935758796,88.02608881014972,28.406740533167607,1309.6312913484974,1209.4202955655653,22.84205355102847,831.7262540469361
2023-12-15,1337.609529227543,1408.1585550306834,1337.609529227543,1402.796875,7374290,1215.3000366210938,1295.8158613535836,1261.582057849355,83.74955150734213,34.23380350422872,-178149285.24178538,349589466.0,97.17404567477483,91.33708390812647,30.80983502473267,1346.681599898937,1189.3252726596568,26.746897825244893,832.6924079842547
2023-12-18,1401.4327550225034,1420.2929057947208,1393.1079935562327,1415.0252685546875,3075527,1220.5016015625,1314.1557701537536,1272.9482216053054,84.63627088262079,41.20754854844813,-176265651.77565458,352664993.0,97.22223476614406,96.88158326616899,33.19495508375672,1376.726980067437,1177.6367528427193,26.778184569047976,833.1138012935695
2023-12-19,1412.3914355904626,1415.3545175114234,1390.0038331052954,1399.974853515625,2590417,1225.4785620117189,1327.3587060555801,1282.3576017468106,78.92786366055434,45.00110430876953,-176818324.91324264,350074576.0,89.28575058061834,94.56067700717911,35.2293446946219,1396.6680782857777,1173.0189090189099,26.676220271696554,833.4635159691779
2023-12-20,1396.8706323377191,1413.8494761897527,1349.837951114227,1354.494140625,4368383,1229.5039770507813,1331.5333882970292,1287.701049071121,64.72183411944269,43.8323392259083,-180551196.75866103,345706193.0,65.30256090338771,83.93684875005006,35.080455388941765,1404.5770199746614,1175.7722842245573,29.34302775768435,834.0221922121084
2023-12-21,1336.8098829377718,1361.1728340761103,1335.82215073013,1337.656494140625,2841508,1232.9708862304688,1332.4754045806594,1291.4014524096028,60.38837675190992,41.07395217105659,-182981488.90269908,342864685.0,56.423622037058706,70.33731117368829,34.350729706982165,1409.2049481126694,1179.8312945631117,29.05786029970549,834.3662234944583
2023-12-22,1346.0753683015093,1380.268105390672,1338.5501391286148,1375.89404296875,2303438,1236.9752001953125,1339.1551951019042,1297.6601628213914,65.96203835709827,41.49503228051276,-181161074.5253626,345168123.0,76.58729863866985,66.10449385970547,34.12189763251913,1418.8115692145673,1182.8012115471513,30.025985367587023,834.6556922271337
2023-12-26,1375.8940409324061,1380.2681033478543,1356.5636774186733,1371.6141357421875,1363265,1241.19580078125,1344.1488782773324,1303.1382348895986,64.86192662424504,41.01064338773381,-180793206.0123466,343804858.0,72.81327373994158,68.60806480522342,33.909410706232016,1425.1584224637284,1190.4701053683027,29.574445407700885,834.8283402254574
2023-12-27,1378.4809247468966,1388.4048672555364,1371.0498523451988,1384.6893310546875,1402329,1246.085078125,1350.3858710123102,1309.1790568277534,66.68968978291855,41.20681418455683,-179991326.414657,345207187.0,79.49073901384972,76.29710379748708,33.907269847906676,1432.5001309047566,1197.7461703647746,28.701628943603506,835.0097691560045
2023-12-28,1383.3251214723332,1394.707006740324,1381.3026933252318,1385.0653076171875,1928616,1250.3827612304688,1355.721168951522,1314.8002605899335,66.743259447548,40.920908361588545,-180837210.6251833,347135803.0,79.29789325566135,77.20063533648425,34.056603916341345,1439.35660089849,1203.9177521288539,27.608963548709845,835.2616661236092
2023-12-29,1386.4763932999697,1393.9075800562653,1371.0497653917723,1379.09228515625,1481617,1254.2861206054688,1359.316725290711,1319.562632780031,64.95604012965659,39.75409251068004,-181276214.04371998,345654186.0,71.34445653690636,76.71102960213919,33.67894666025916,1444.3666331599618,1210.6846974064445,27.26959577126578,835.4530355896546
2024-01-01,1373.3543004949454,1406.982667784462,1368.6981109544422,1395.69482421875,1222315,1258.4004052734374,1364.9133558950248,1325.2020543680842,67.55657222021048,39.71130152694059,-180774675.33841667,346876501.0,82.89172869763071,77.84469283006618,33.67439575642815,1450.2242470318718,1218.6593955462533,28.05637870403392,835.6134446076564
2024-01-02,1395.9772479722321,1400.445353298669,1374.6243388850892,1382.3377685546875,1440888,1262.3910327148437,1367.5940347657422,1329.434329493018,63.47548409184149,38.159705272724295,-181354699.54183996,345435613.0,73.6017305570903,75.9459719305425,33.67016991715649,1452.698922539106,1228.5637483593316,27.89670982614435,835.8008329514827
2024-01-03,1373.3542247408059,1378.0574926337538,1350.308212065361,1352.4246826171875,1651716,1265.8225341796874,1365.2602882813492,1331.137318613327,55.40349290003584,34.12296966802228,-182754458.86387387,343783897.0,43.5886469743855,66.69403540970221,32.445044209696874,1448.303625010461,1244.2656987200075,28.19191315922879,836.0055154972458
2024-01-04,1351.7192200463712,1359.056364039605,1333.0472690951096,1335.6810302734375,3392241,1268.8580224609375,1360.7096332032088,1331.4738898474093,51.458844068332766,29.235743355799514,-185459682.29002914,340391656.0,3.0187884207848263,40.06972198408692,30.565859731628375,1442.8873518116004,1258.1854753368373,28.035997572462104,836.4112348282295
2024-01-05,1340.431531915916,1353.4595627872536,1337.5155283906106,1347.7686767578125,1776925,1272.5482080078125,1358.7187168269938,1332.6809111000318,54.004850360993764,26.037805726962006,-184951228.92102283,342168581.0,16.873517369572326,21.16031758824759,28.820902716279054,1435.3325244303892,1275.5983593586734,27.303321496844536,836.6250315059165
2024-01-08,1349.8378363499064,1366.3933157678389,1345.6519740072538,1361.9722900390625,2025264,1276.6663916015625,1359.2192665519274,1334.8506428732933,56.8676703869718,24.368623678634094,-183789336.66957378,344193845.0,35.14273833775708,18.34501470937145,27.682414817748842,1432.0638350216732,1286.7497269900455,26.834608658540294,836.8741063974423
2024-01-09,1373.9185535298377,1393.0608303261815,1366.1581617346278,1373.73046875,3119270,1280.967060546875,1361.4517591977847,1337.7306299752715,59.13522137664853,23.721129222513127,-185152641.82739037,347313115.0,50.3491193096228,34.12179167231744,27.481589729169087,1429.6816236168972,1297.1368822424777,27.13846091772449,837.2717041952824
2024-01-10,1387.3701192314588,1418.5057327069987,1379.0453572268373,1403.54931640625,4368914,1285.16990234375,1367.9283064606254,1342.6060882294182,64.26587588382748,25.322218231207216,-184095571.45640096,351682029.0,82.49861316408223,55.99682360382074,27.95993934228279,1429.0787143460036,1308.7266201266527,28.398232563386937,837.8509755654841
2024-01-11,1410.9803837420895,1410.9803837420895,1386.5233904238935,1396.6824951171875,2271368,1289.3097192382813,1372.3520277924042,1346.6117479988825,62.325269926324026,25.740279793521722,-184479948.27896705,349410661.0,74.46333965361019,69.10369070910512,28.404121125888373,1422.7788849771764,1325.9004118978237,28.11671547444473,838.1504321279058
2024-01-12,1415.6836856296595,1462.7163662153625,1409.569437153518,1449.359130859375,5862043,1294.2914208984375,1384.199274418092,1354.222665247808,69.84723123883289,29.976609170284064,-181564479.59285843,355272704.0,89.69898329468565,82.2203120374594,29.87954736120404,1434.582098280214,1325.9682435166608,30.82508373328261,838.9803370086715
2024-01-15,1514.452339927016,1523.4825917837647,1481.999789785723,1493.946044921875,9712071,1300.4856225585938,1401.0833929571356,1364.572545223665,74.48989525874964,36.510847733470655,-185682768.47216657,364984775.0,84.48998513254844,82.8841026936148,32.058741430701794,1457.9690002301,1311.6962585589627,33.917824961218834,840.4852340110186
2024-01-16,1492.8171919612917,1492.8171919612917,1446.7251677608485,1463.1395263671875,4459799,1305.791845703125,1410.6304904048359,1371.8738030861482,66.83302850053565,38.75668731868768,-186966107.27680427,360524976.0,68.3130920437314,80.83402015698853,32.68398426308357,1467.0497064619167,1307.4269781083958,34.86804297549081,841.14030274451
2024-01-17,1429.7935370358564,1490.936023816995,1426.5483278985957,1482.3760986328125,3846289,1311.6173120117187,1421.668276286063,1380.059158311827,68.977407588491,41.609117974235915,-184142496.46421665,364371265.0,78.41445979107682,77.07251232245227,32.56123785428567,1481.2458285373416,1301.4709805446898,36.97658961426998,841.7033125571686
2024-01-18,1483.4107370942509,1490.1833971290723,1445.8316714539526,1474.5216064453125,3205598,1317.2207885742187,1429.7995578490245,1387.0563766920855,67.07061633957505,42.743181156939045,-183200864.70805743,361165667.0,74.28996645832395,73.67250609771077,32.447259046116194,1492.4760850909013,1302.2434705731614,37.50338504718782,842.1744336134111
2024-01-19,1488.2190190371925,1507.1772231013606,1476.89153839353,1486.2757568359375,2374099,1322.9793920898437,1438.4882038470112,1394.4059604064448,68.4750725170351,44.082243440566344,-184103703.35288766,363539766.0,80.4622197066575,77.72221531868614,32.65670160212564,1503.2516413377564,1306.3298405958374,37.157115876392126,842.5339576189045
2024-01-23,1477.6972829236472,1486.2284750065467,1438.027262880505,1444.283447265625,3196630,1328.016669921875,1439.3797797575671,1398.1005890626805,58.822725337500266,41.279190694886665,-186470532.36619416,360343136.0,58.411526076166375,71.05457074704931,31.535604942190663,1507.1683272448633,1309.252095118418,37.949357167752154,842.9920781709152
2024-01-24,1450.397474997063,1498.8356664517576,1444.330826151767,1494.2857666015625,2136023,1334.0568139648437,1447.8268546566433,1405.2254170285237,65.12650443927936,42.601437628119584,-184691126.89499426,362479159.0,84.66837728947141,74.51404102409847,30.763697650133718,1518.536744238907,1310.1508412103117,39.13527588335075,843.3092717890999
2024-01-25,1488.2189057523485,1488.2189057523485,1456.7008938948545,1469.4976806640625,2641656,1339.8278979492188,1451.1608278885537,1409.986325445971,60.20588415445283,41.17450244258271,-185187678.77469352,359837503.0,70.97071377334576,71.35020571299457,30.0469265932237,1524.493413937365,1312.6750064727912,39.02453279930484,843.6963815399971
2024-01-29,1483.4792728174298,1505.849927527165,1469.4975991598853,1492.5318603515625,2521598,1345.9552514648437,1457.525602113632,1416.100809513052,63.003195095267095,41.424792600580076,-184513709.96722096,362359101.0,82.59538665546354,79.41149257276028,29.7694653050991,1533.3660222565761,1314.5490534270177,38.83366105416019,844.0759299093927
2024-01-30,1497.6978634212285,1509.4992971363017,1474.000112417728,1478.076171875,1939386,1351.4990649414062,1460.6872282307656,1420.6915770954186,60.14575221118527,39.99565113534709,-186007730.66042477,360419715.0,71.13835410394748,74.9014848442523,29.591193128818777,1538.7039338445152,1319.1095305109534,38.59548417304688,844.3665911624771
2024-01-31,1478.0763191077954,1498.9303420681676,1465.8008134382007,1493.9063720703125,7025931,1356.7123120117187,1465.797865744542,1426.114895241707,62.16920361063288,39.682970502834905,-181112712.35436946,367445646.0,79.52313348827288,77.75229141589467,29.1062575587649,1545.9928634299636,1321.6417557106615,38.20505877711259,845.4157899443219
2024-02-01,1493.9065450936966,1513.8126602250213,1484.759188093391,1495.233642578125,2845408,1361.9878515625,1470.3264467958625,1431.234802451812,62.34184104212927,39.091644344050565,-181906448.42672744,370291054.0,79.3741866737282,76.67855808864955,29.010308960913754,1552.068784527055,1326.855422015914,37.551374016721006,845.8474816042876
2024-02-02,1502.248037479426,1529.832199435377,1492.9584718145718,1501.252685546875,2337374,1367.0780590820314,1475.0843296806336,1436.4213123107056,63.16281355545052,38.66301736992796,-183192305.22034717,372628428.0,76.23577461033159,78.37769825744427,29.278935773327685,1555.103686465822,1338.7033203701155,37.50297070272703,846.2071443594552
2024-02-05,1502.3901485969498,1505.7552759200364,1470.6351585161683,1474.33203125,1452864,1371.6072802734375,1474.9685914605361,1439.2295137136164,57.160628530801226,35.73907774691975,-184339301.60345963,371175564.0,46.26443861991324,67.29146663465772,28.634663935618903,1549.707924900498,1357.9641820330955,37.33276689566568,846.4222578697828
2024-02-06,1484.427375324769,1542.2498976075346,1476.8915355086601,1539.169189453125,4988311,1377.374921875,1484.845606536319,1446.6324526572837,65.63155385235764,38.21315387903542,-179821245.05540514,376163875.0,97.33736701916877,73.27919341647124,28.846931788194677,1553.0239640836735,1373.7881941194514,39.51741685722775,847.2012412547828
2024-02-07,1543.1976287670464,1544.998681083005,1515.6607943277777,1531.20654296875,3320199,1382.9964794921875,1491.9780582951546,1452.8972000877627,63.958896921415956,39.080858207391884,-179622787.13763577,372843676.0,88.35618658495447,77.31933074134554,29.099783228750464,1553.148668050078,1390.5869154460156,38.790307564227724,847.7273409023405
2024-02-08,1541.3018116285828,1561.8714143674897,1533.0550401019584,1548.695556640625,3496692,1389.3412573242188,1500.703827271381,1459.9933746472338,66.00799851367935,40.71045262414714,-179323715.76000357,376340368.0,89.36093665412257,91.68483008608196,29.67331897024449,1555.1463573672972,1406.085734917859,38.209919266692864,848.29450689022
2024-02-09,1554.5726097901052,1560.9710031535703,1530.54311118965,1545.6622314453125,3341297,1395.4842700195313,1507.6205048366012,1466.339215891536,65.31439282137481,41.28128894506517,-179344541.4494846,372999071.0,86.91162826217054,88.20958383374922,30.09696424340277,1558.5111795539394,1416.932204235123,37.65406017363768,848.8339479805879
2024-02-12,1553.624492023597,1597.228352080391,1553.624492023597,1580.1185302734375,4885445,1401.9909448242188,1518.774047211499,1474.7673132531584,69.26515951603079,44.00673395834065,-178293119.0928376,377884516.0,89.2526980230197,88.50842097977097,31.168265001201885,1565.6282872553925,1428.158700049295,38.647778778026314,849.6565044510893
2024-02-13,1587.7494898162972,1587.7494898162972,1562.7246388941685,1578.839111328125,3129897,1408.3412768554688,1528.0148263063647,1482.4763353327855,68.95110708342278,45.5384909735792,-177392091.8659905,374754619.0,87.97283301964578,88.04571976827872,32.16304427630106,1577.1776201669197,1429.5573651846428,37.67471250260506,850.1821057410076
2024-02-14,1563.8145971409474,1589.5503780116514,1540.780336756853,1584.431640625,1386643,1414.8824755859375,1536.6943362015393,1490.028580169246,69.59995325764865,46.6657560322933,-176296523.51687938,376141262.0,90.89379995865599,89.37311033377387,32.11510957390868,1589.5164315472161,1426.267113374659,38.46723598490458,850.4131672273182
2024-02-15,1590.5932861513654,1608.1296245266935,1564.1465689186678,1575.9481201171875,2555162,1421.23048828125,1542.7333798808697,1496.3929905357602,67.30233286860303,46.34038934510954,-177480481.32259828,373586100.0,77.38932534924554,85.41865277584914,32.45596189280181,1597.5626000285333,1429.5018042683419,38.86122310084181,850.8451351878168
2024-02-16,1587.7495415362653,1589.6453618843684,1564.099228978357,1580.5927734375,1776881,1428.0551806640624,1548.5579019665051,1502.6300114914447,67.92660808310043,45.927890475060394,-176962919.88154998,375362981.0,80.65265150562347,82.97859227117503,32.77035519207506,1606.0211501801891,1430.8649215971545,37.91014522978251,851.1433310447434
2024-02-19,1583.0099219974163,1595.285311934219,1573.1990752639012,1587.9864501953125,762624,1434.8019897460938,1554.6238324632448,1508.952710654694,68.94311209821063,45.67112180855065,-176704346.18381378,376125605.0,85.84743722839289,81.29647136108734,33.18393810892342,1614.2418698745134,1433.9906862778305,36.7798660469636,851.2725375952635
2024-02-20,1574.478735007934,1585.6166790996517,1559.3121728404885,1576.4219970703125,2240414,1441.3466674804688,1557.9773962489476,1513.9504355743695,65.4491549486111,44.02696067457805,-176030195.70848298,373885191.0,76.93897916302042,81.14635596567895,32.90739031189606,1619.739754894524,1437.5074252812572,36.20089542609648,851.6458059151366
2024-02-21,1569.3125766269357,1578.0807448523992,1547.0366897838664,1551.0653076171875,2890991,1446.7050634765626,1556.9139979979075,1516.699685355319,58.45406153775254,40.21431264258854,-178170853.16649824,370994200.0,58.4970082322166,73.76114154121001,32.098777435445534,1616.8252562669693,1451.1001099439684,35.832549686270504,852.1168649112714
2024-02-22,1558.3641324651073,1603.2950922734074,1553.6245821838872,1598.5555419921875,3820901,1452.8025537109374,1563.3203893816428,1522.7630821432351,65.82181263216575,40.5573072384077,-175079131.40691373,374815101.0,93.03675063273228,76.15757934265646,32.00170646845251,1624.4819753910865,1453.8703683589133,37.0037807555526,852.7617332677503
2024-02-23,1608.6035152585875,1608.9352606668338,1576.8010836251055,1578.9813232421875,2191549,1458.5085595703124,1565.7297638217267,1526.9273962987131,61.01858353094615,38.80236752301357,-176973295.9774714,372623552.0,77.31513755101594,76.2829654719883,32.0468743399818,1625.292061706495,1464.0086463013174,36.65595191885086,853.1326515035129
2024-02-26,1578.9813029433167,1581.9198012112297,1554.0986619694238,1563.8621826171875,1844253,1464.0269458007813,1565.442443636413,1529.663306396378,57.526695996312355,35.77913724003497,-177523108.65360844,370779299.0,51.676938160327836,74.00960878135872,31.08467940796617,1625.565149141739,1470.8685910926358,36.02489387049051,853.4353319060357
2024-02-27,1563.1037453390234,1586.2327747798872,1562.1558352448214,1572.393310546875,2049420,1468.8618383789062,1566.511807776484,1532.8284918890074,58.95405245032576,33.68331588747651,-177829708.59103546,372828719.0,53.3857020586042,60.792592589982696,30.314654341964975,1623.8323433119224,1482.0331107896402,35.17146856081731,853.7746662369763
2024-02-28,1577.9859635665227,1584.9057538722907,1558.5538056990692,1565.852783203125,936575,1472.1229565429687,1566.4104193805827,1535.2747356900531,57.36244827223658,31.135683690529504,-178247457.44498166,371892144.0,45.04235723725363,50.034999152061935,29.43866505209647,1622.1924887664893,1490.8676064483545,34.541502818846176,853.9288108572233
2024-02-29,1556.6105731693017,1590.356149138472,1551.3970676885915,1577.18017578125,3532888,1475.3660546875,1568.0673049806853,1538.378842363475,59.406445750122806,29.688462617210234,-177104217.06652188,375425032.0,53.40749712005251,50.61185213863681,28.300303227499864,1620.4457622494003,1500.8089862857557,34.85704414963433,854.5122706722053
2024-03-01,1588.1759430985285,1591.7306060011438,1553.7194338381794,1558.458984375,2371138,1478.5357373046875,1566.58910181058,1539.8662602902548,54.7360888214303,26.72284152032512,-178884048.47210303,373053894.0,25.938914760578324,41.46292303929486,27.292106899997567,1616.7923192639507,1510.183059154018,35.08233900772934,854.9006096904202
2024-03-04,1563.1036022574308,1567.843152294597,1549.8328621533653,1552.629150390625,1788071,1482.4984375,1564.4414169767408,1540.811659556949,53.330054513205,23.62975741979176,-180116885.5624351,371265823.0,17.385117543997065,32.24384314154267,26.164150728127485,1602.2438209818301,1532.5612693502012,33.862906945836656,855.188580182996
2024-03-05,1539.4060963920906,1545.0461155467824,1523.3390655007527,1534.998291015625,3339546,1486.4452734375,1559.9117052904153,1540.381039664999,49.21284816344931,19.530665625416304,-179868977.73073295,367926277.0,13.621196003221991,18.981742769265832,24.646171353638902,1602.751322963693,1531.6366775245883,33.53627679898206,855.708704030784
2024-03-06,1528.978962656224,1564.051635699175,1520.3055622613742,1558.5537109375,2366177,1490.098466796875,1559.7027830822744,1541.727163462962,54.290249676050244,17.97561961931251,-178097554.13813543,370292454.0,43.15500262806909,24.720438725096088,23.300011977503488,1600.385186612421,1536.7375306727354,34.265547987469105,856.0838912210208
2024-03-07,1564.051760077742,1568.3647975796018,1545.1883247987091,1552.3450927734375,3181239,1493.7130859375,1558.5708307270688,1542.5136767452193,52.79213298382317,16.057153981849524,-179314094.7467627,367111215.0,36.14988100883536,30.97535988004218,22.21383099997686,1600.1490304561896,1537.3386404422479,33.47347118699936,856.5932579376372
2024-03-11,1568.7912763437473,1573.3412912848873,1547.0367849896975,1553.29296875,2970902,1497.0851586914061,1557.758851961366,1543.3121428196475,53.005345899960076,14.44670914171843,-180871816.15806264,370082117.0,37.21935996861495,38.84141453517317,21.398005345738053,1599.5703679554533,1538.680376673453,32.96140226615582,857.0700381421217
2024-03-12,1550.6861527125563,1578.2703134265032,1547.9846320751537,1550.4017333984375,2414182,1500.3918872070312,1556.6269875670691,1543.8372976773358,52.230456771045986,12.789689889733381,-182900646.25270835,367667935.0,33.95720811254545,35.77548302999862,20.833972845147944,1598.6880735939937,1536.5909913474127,32.77027934366966,857.4575464040482
2024-03-13,1553.3876067058388,1565.236482424419,1526.4669379308898,1546.5152587890625,2564135,1503.7403466796875,1555.0713369858372,1544.0356651670932,51.148012050172284,11.03567181874405,-182812874.8723148,365103800.0,29.572137781384765,33.58290195418176,19.394370323141864,1597.9251339289367,1534.1215457585631,33.19879828294533,857.8611462184482
2024-03-14,1548.885024267949,1595.332616794956,1526.1351830302312,1591.7779541015625,3513306,1507.6620092773437,1560.718508849795,1547.572131014091,61.22633032559386,13.146377835704016,-179660524.96820524,368617106.0,80.64158304276214,48.05697631223082,19.09954404919682,1599.2855138729478,1533.4957971622084,35.77012938878672,858.4334474870284
2024-03-15,1589.6453167255072,1589.6453167255072,1557.2741620589143,1561.492431640625,3931561,1511.2451025390626,1560.837573894538,1548.6032643938343,53.30253841985416,12.23430950070383,-182567446.3255511,364685545.0,54.89602335490285,55.036581393016625,18.82577679481928,1598.3253592157982,1533.0103829717016,35.679676721205404,859.0713470213315
2024-03-18,1563.9569480772668,1576.6589669733635,1549.1221313866954,1557.7955322265625,1183544,1515.35251953125,1560.3695674840803,1549.2841731221845,52.410869874294264,11.085394361895851,-183005417.98182184,363502001.0,49.96860159078737,61.83540266281749,18.18132400164092,1596.6085107472866,1532.4475073191195,35.0980452115956,859.2609189208935
2024-03-19,1556.0418753637957,1556.0418753637957,1511.0634715639044,1515.8504638671875,1915379,1518.955908203125,1553.520474619943,1546.8076020662588,43.51612108581967,6.712872553684065,-184513094.4509956,361586622.0,5.680599097282873,36.848408014324406,17.691760954627714,1597.5403791956194,1524.3020402379746,35.92904631524292,859.5528452583048
2024-03-20,1521.1586136101132,1534.7610993353937,1495.8967882850652,1504.427978515625,1815178,1522.0890942382812,1545.9677829115863,1543.6683706921378,41.45296400365262,2.2994122194484135,-185531365.03636146,359771444.0,8.57959385304583,21.40959818037206,17.720360034204127,1600.6732600666783,1513.969757511447,36.138708082034746,859.8226626348651
2024-03-21,1524.2395062601001,1535.566986156898,1500.8734981492853,1512.675048828125,2684744,1525.1031494140625,1540.845823821823,1541.3725690725812,43.534523768573266,-0.5267452507582675,-186389590.90888125,362456188.0,16.8734557699098,10.377882906746207,17.710253231141312,1602.8937792013166,1507.9102124979022,36.035478076718896,860.2241877287479
2024-03-22,1478.7398121613016,1489.5933369338366,1429.638020831784,1476.7017822265625,7468824,1527.1625756835938,1530.9775097302445,1536.5821404173205,37.304249803390064,-5.604630687075996,-182132650.67348725,354987364.0,28.403920551059574,17.95232339133844,19.423845501372586,1603.837145835725,1494.781469886931,39.3927316424062,861.2519063680958
2024-03-26,1480.87255859375,1509.5942810028528,1474.5216071875425,1480.87255859375,4496344,1528.7090405273439,1523.2690557092455,1532.4555047266856,38.40487984892744,-9.186449017440054,-185000600.8760844,359483708.0,30.92106743985401,25.39948125360783,20.192178725943,1604.716918365179,1484.0908208926335,39.08415608332792,861.8924389823313
2024-03-27,1487.2709661807908,1494.7120374199194,1459.7815729244219,1465.6585693359375,2589697,1530.0885620117188,1514.4059039595058,1527.5075835866303,35.927240943273404,-13.10167962712444,-186718872.87812167,356894011.0,21.739120877641433,27.02136962285171,21.207910366690864,1608.0915287706653,1470.8958491590224,38.78746382705432,862.251976722428
2024-03-28,1468.3126699419095,1479.735032348465,1451.2502890129526,1463.1466064453125,5301493,1530.3643115234374,1506.5198581880916,1522.7401037983846,35.519788645280286,-16.220245610292977,-187592153.70498928,351592518.0,20.223101072636254,24.294429796710602,22.32163858591853,1608.4330579355121,1459.629649584019,38.0515552205156,862.9762593032774
2024-04-01,1468.3127109490651,1487.2709125107058,1467.3648008709831,1475.611572265625,1014857,1529.9976220703124,1501.764737276943,1519.2491014626246,39.2043673940303,-17.48436418568167,-187766133.91009066,352607375.0,27.745957052250105,23.236059667509306,23.02875091771977,1606.5532618393452,1452.4853245864363,37.05675170943544,863.1174789666021
2024-04-02,1477.791958104237,1483.4794191360684,1445.6577801320502,1448.691162109375,2031775,1529.7086547851563,1493.5995718665479,1514.022587436458,34.60521120481519,-20.42301556991015,-189472002.9034089,350575600.0,11.49895152997379,19.82266988495342,24.140750439516847,1604.4672178546882,1441.7224672039054,37.11138651619134,863.3919649084839
2024-04-03,1445.8947217618218,1477.2705245324403,1438.927605313216,1455.8477783203125,3343884,1529.1780883789063,1487.7916036286656,1509.7133423167436,36.730172847049076,-21.921738688077994,-189864672.07951024,353919484.0,15.81811243521427,18.35434033914609,25.30687839963605,1602.6429802164662,1433.285584236659,37.19935313783655,863.8417029770736
2024-04-04,1460.5398267127152,1471.630327826156,1439.5909223913902,1459.44970703125,3388449,1528.876650390625,1483.4313118444477,1505.9901100733737,37.82522361492229,-22.55879822892598,-189052638.70219797,357307933.0,17.99194839528268,15.103004120156951,26.38971150546103,1600.0700395960557,1426.5405805211317,36.83078544476007,864.2963892412171
2024-04-05,1462.103983971066,1467.0805123245575,1444.4255520084919,1464.7581787109375,2773570,1528.446298828125,1480.5585221316,1502.9358929354155,39.487494567232844,-22.377370803815438,-186847699.56721523,360081503.0,21.949097810190075,18.58638621356238,27.395199389441363,1598.4275487612308,1421.159060125488,35.818226506996176,864.6692173863976
2024-04-08,1473.0521557788506,1473.0521557788506,1457.553850255172,1459.828857421875,1820136,1528.75720703125,1477.3693429454884,1499.7427791936718,38.45926320022129,-22.373436248183452,-188133477.48038468,358261367.0,20.53505801888775,20.15870140812021,28.00133321596517,1593.0746169576942,1416.6395065774623,34.36680357961636,864.9155725228925
2024-04-09,1459.7815381192186,1480.4460243590852,1454.6154744150924,1460.2554931640625,2432095,1528.0766015625,1474.736442979115,1496.8177950433303,38.60826652505086,-22.081352064215253,-189503492.00366092,360693462.0,24.221945165860973,22.23536699831297,28.159316278199974,1587.6846666688916,1412.8204969053272,33.757071177071815,865.2453341284049
2024-04-10,1460.7770046024812,1471.2987842811597,1456.1795477374596,1458.9759521484375,1829986,1527.8661669921876,1472.3117520820879,1494.0146955696346,38.30868695509933,-21.70294348754669,-190656541.58459812,358863476.0,27.695853751247753,24.150952311998864,28.30601483598943,1581.172634476525,1409.9008274375376,32.425797274688115,865.4919976962448
2024-04-12,1456.9378460330317,1462.5778649298134,1437.2212693661286,1442.2452392578125,4319991,1526.8604345703125,1467.6861347245072,1490.179921028018,34.53523187228838,-22.493786303510888,-193264669.9126684,354543485.0,11.901577993643995,21.27312563691761,28.992319337947094,1574.8784939674551,1405.3793185325449,31.920854295330734,866.0590540596974
2024-04-15,1428.5952458292338,1450.776364647991,1416.17764703306,1426.652099609375,3295684,1525.831953125,1461.3732062452561,1485.4741564784888,31.428072890573063,-24.100950233232652,-194564876.15255496,351247801.0,11.212620420151216,16.93668405501436,30.146423068866476,1569.0403871202325,1399.231109461799,32.112130246730736,866.4789183175074
2024-04-16,1408.9262961639402,1423.3819266476223,1390.8686763637998,1400.3477783203125,2446933,1523.96078125,1451.984678872188,1479.1684988371424,27.012875439581563,-27.18381996495441,-195585023.01550138,348800868.0,7.98404184618045,10.366080086658592,31.731911299323787,1551.5646191161713,1397.563859887735,32.374365460933916,866.7757309093018
2024-04-18,1400.1106468912583,1403.7600776010838,1376.4602206820593,1390.44189453125,5180223,1521.8649462890626,1442.5165582043514,1472.5961577774467,25.556781639986298,-30.079599573095265,-195459123.8136958,343620645.0,11.823644012324268,10.340102092885347,33.45748697842867,1540.446162098698,1391.5772631942705,32.011900565083245,867.3859396794311
2024-04-19,1366.88634802731,1379.6831342259013,1360.2509774058183,1372.099853515625,5219506,1519.2818896484375,1431.6832190214704,1465.1519870913858,23.076362860538595,-33.46876806991531,-194313378.5941836,338401139.0,9.328359442179245,9.712015100228024,35.320392142148904,1529.3540033048955,1384.0998541169795,31.881830319393853,867.9764106932736
2024-04-22,1376.5550655001355,1396.5560621175916,1374.9436645392286,1389.54150390625,1939632,1517.5860791015625,1425.1998782345133,1459.5512105591533,30.030630620477467,-34.35133232464,-193632807.4201053,340340771.0,23.05978701393989,14.73726348948117,36.083332219294256,1523.341654233698,1377.4813071920832,31.351428768149052,868.2026029566476
2024-04-23,1398.0726276300143,1423.239571321961,1394.4705229705005,1409.2105712890625,2783858,1514.9869067382813,1422.7399848582902,1455.8222743169244,36.95274332965526,-33.08228945863425,-193564002.31281608,343124629.0,39.73075792877257,24.03963479496394,35.47505425777517,1516.2487211186444,1375.0524995844808,31.519045814403476,868.5406278542824
2024-04-24,1412.3860787112344,1418.9740077601466,1399.3997563527246,1402.196044921875,1321471,1512.4066967773438,1419.5793787142263,1451.8499610284023,35.60010631121857,-32.270582314175954,-194507914.63383,341803158.0,34.89750083659055,32.56268192643437,34.91022472207887,1506.0147616735721,1374.2385586389278,30.665846213904803,868.7003092487107
2024-04-25,1402.859577256866,1436.1313160212285,1402.859577256866,1425.799072265625,4558032,1509.9487670898438,1420.5362546452106,1449.9202655644929,43.14199688964195,-29.38401091928222,-192780795.55986467,346361190.0,54.534772040392404,43.05434360191854,33.60163636083127,1501.5255557072728,1373.6374936091333,30.899376562865424,869.2654236595841
2024-04-26,1437.8374045967337,1451.6768688427287,1388.6408475191647,1397.0772705078125,4328477,1506.9770678710938,1416.927180162534,1446.0059696343683,37.40192094025636,-29.078789471834398,-195950669.52300128,342032713.0,30.638777583166693,40.023683486716585,31.741427558065734,1496.4149210820062,1370.3685994258065,33.194851188629606,869.7921541932014
2024-04-29,1341.2930377250402,1361.1991534792635,1309.0640884086788,1315.1307373046875,11493223,1501.6773120117186,1401.2661889536344,1436.3115079803179,26.54860066637167,-35.0453190266835,-204769095.8758644,330539490.0,3.539841502178057,29.571130375245758,31.989964325228293,1505.453288808208,1346.2774484964793,37.110446253665614,870.9700903092823
2024-04-30,1304.703628790016,1325.083698189482,1291.4802120084616,1295.4140625,7606726,1496.0088110351562,1384.981246422306,1425.874660166961,24.692022865936224,-40.893413744654936,-210594832.6860583,322932764.0,2.0817789432932683,12.086799342879376,32.52833454127252,1513.282840996006,1321.6746419141502,36.85994910561952,871.7048544480016
2024-05-02,1287.2619779536,1306.1254129967306,1287.2619779536,1289.8212890625,6555505,1490.1166040039063,1370.3412529823358,1415.7966326777414,24.175574907353877,-45.455379695405554,-215371491.28479707,316377259.0,1.3906517723116245,2.3374240725943545,33.1011783900699,1515.0379288414747,1301.3405257483691,35.57448381544173,872.3220764738701
2024-05-03,1298.636779687385,1298.636779687385,1264.085504351906,1277.8302001953125,5964228,1484.1542456054688,1356.1087833227937,1405.5768969383023,23.061844657696525,-49.46811361550863,-216590510.95284578,310413031.0,6.924546518258496,3.4656590779545007,34.01880612759613,1518.790311172434,1280.5020472260035,35.50139749544439,872.8631995163372
2024-05-06,1287.2620113212395,1293.897382513617,1278.256864703013,1288.0203857421875,2504082,1478.3027978515624,1345.6336452334697,1396.8690072200716,26.174408677316265,-51.2353619866019,-215968269.69592106,312917113.0,12.759052878179002,7.024750389583079,34.87088902672763,1516.8494091790699,1265.6602099615552,34.11323926850582,873.0936037046673
2024-05-07,1294.8886659714103,1295.8013401193502,1273.9468809643654,1278.557861328125,5096525,1472.1142260742188,1335.3142938634167,1388.105218635483,25.15666324028072,-52.79092477206632,-218914205.97333995,307820588.0,7.71483112535657,9.132810173931395,35.73628603455904,1512.8118883048803,1251.608546265432,33.23761211754004,873.5572731883295
2024-05-08,1278.558013850993,1281.4879995866718,1255.8390737873403,1261.9390869140625,6832455,1465.8245678710937,1324.025800486593,1378.7595792487111,23.433316354995753,-54.73377876211816,-222496773.19918412,300988133.0,3.1148293540564564,7.862904452530714,36.84271310633259,1506.8863106017586,1237.2522147888665,32.69556309481085,874.1524639992615
2024-05-09,1263.23590118228,1286.2911571734396,1262.755583349131,1268.087158203125,5653762,1460.1650048828126,1315.4198555199055,1370.5616221342234,25.467499012066952,-55.14176661431793,-225589012.32876801,306641895.0,6.25419848723305,5.69461965554873,37.62884430571729,1498.239659780953,1226.724695687797,32.0995993208513,874.6510715176612
2024-05-10,1268.1349297249212,1270.8247560937948,1252.2844436046,1264.388427734375,3357203,1453.4816625976562,1307.5688666298238,1362.6969410675679,25.03655275268744,-55.12807443774409,-224562736.694725,303284692.0,6.070433275145497,5.146487038811705,38.544428142036246,1487.072630683047,1218.3050182427341,31.131078832875833,874.939214982988
2024-05-13,1264.3886553654127,1269.8643491881915,1250.4114763565574,1261.2186279296875,2316566,1447.1264086914061,1300.4380606759566,1355.1800289832804,24.651566543221094,-54.74196830732376,-224305340.47250277,300968126.0,5.369602513195436,5.898078091858032,39.42826159934291,1473.498687573586,1212.10322893032,30.296921261358563,875.1367673932424
2024-05-14,1269.9604085809315,1274.7155084392446,1257.183906732284,1269.0478515625,3200462,1441.2301220703125,1295.608797735425,1348.7998676928523,27.612350141023526,-53.19106995742732,-223174184.0346817,304168588.0,9.259602446169723,6.89987941150359,39.97049903715115,1460.204542108406,1208.0776356259692,29.385112721758706,875.4139508280746
2024-05-15,1267.3185744094508,1287.5400016386407,1266.3579387646455,1280.4312744140625,2975965,1435.3908813476562,1293.273794147523,1343.735527449979,31.80804989683473,-50.46173330245597,-222195694.30805215,307144553.0,14.915529036899741,9.84824466542167,39.75461453752496,1447.4264006115761,1206.2336946032676,28.799180589775595,875.6786538504097
2024-05-16,1292.0549069656995,1304.3510897893275,1276.204419259429,1295.0809326171875,5055915,1429.9754443359375,1293.5518154505482,1340.1314833882907,36.87860839426987,-46.57966793774244,-220470128.92430207,312200468.0,22.1943055926514,15.456479025240327,38.691578352493686,1437.9853429390912,1205.1480677054399,28.752572728355805,876.1429245499041
2024-05-17,1297.818844976008,1297.818844976008,1277.837575290174,1280.719482421875,2487831,1424.04623046875,1291.577610369214,1335.7305944278155,34.194302963101336,-44.15298405860153,-222240318.05127838,309712637.0,27.356838641674113,21.48889109040846,37.70447332353608,1429.296528352784,1202.8646410808099,28.126051082461384,876.367473092306
2024-05-21,1262.2752677764493,1296.714033021897,1262.2752677764493,1289.0770263671875,4966721,1418.6585913085937,1291.192905138133,1332.2747745714728,37.06517281849749,-41.08186943333976,-219476398.51984143,314679358.0,51.78036632838161,33.77717018756908,37.251968354031,1422.686514160597,1201.172372558153,28.57695923696041,876.8119967934267
2024-05-22,1295.8494192448443,1299.6440004392143,1287.25177704302,1290.1817626953125,2390777,1413.4096435546876,1291.0373447623144,1329.156773691757,37.45360654742479,-38.11942892944262,-220736637.10330802,317070135.0,71.3830124688735,50.17340581297645,36.67008079365467,1412.1197706877474,1201.8031419099088,27.420906676905695,877.0307157021149
2024-05-23,1293.6399017227072,1304.975330983887,1285.3303806667254,1300.268310546875,3326149,1408.7150439453126,1292.4574933445545,1327.016887532877,41.032177108162884,-34.559394188322585,-219004409.29595873,320396284.0,91.37337259407181,71.51225046377569,35.8285208249469,1395.6290087507741,1207.3996777726634,26.86548122263826,877.3379158237594
2024-05-24,1306.4644018745034,1306.4644018745034,1288.0682068803856,1292.2469482421875,1769966,1403.3889086914062,1292.4251017903441,1324.4413364743075,39.11551049474556,-32.016234683963376,-219970270.95421326,318626318.0,74.63566174121627,79.13068226805389,34.96027595042376,1378.0321195361248,1214.0016573193438,26.26053220631537,877.5007127828968
2024-05-27,1297.8186894665944,1306.0801321345339,1285.330426725613,1300.0281982421875,1942325,1398.3425708007812,1293.5948089367814,1322.6329558645207,41.94835332501402,-29.038146927739263,-219160956.979266,320568643.0,88.51763119793755,84.84222184440858,34.25709622633446,1346.3220729937093,1233.1346164594156,25.866901720787187,877.6798801835746
2024-05-28,1304.3989717000266,1309.6345058611046,1292.631186089963,1304.9273681640625,2147233,1393.3752587890624,1295.3382795871323,1321.321430849672,43.72376338054704,-25.98315126253965,-218202588.4521658,322715876.0,92.05184581670099,85.06837958528497,33.374055672825094,1314.4359945615859,1255.8057046571641,25.23378872438393,877.880248564736
2024-05-29,1312.2282827654055,1312.8046406957394,1293.928126937933,1299.8360595703125,3845920,1388.3639453125,1296.0302457383907,1319.7299218660157,42.276734598658216,-23.699676127625025,-219641132.11551315,318869956.0,79.21474048835375,86.59473916766414,32.34397480629433,1311.1931658742844,1257.5190655710282,24.77969765534268,878.2384815627894
2024-05-30,1293.0153790173974,1298.3469529320062,1272.9380736762223,1279.42236328125,4150461,1383.0220874023437,1293.4751868988305,1316.7441767856626,36.9907096505404,-23.26898988683206,-221673216.24044916,314719495.0,46.49689951127257,72.58782860544248,32.23738345722266,1309.9777847373814,1257.135276786056,24.93100395811036,878.6074532076399
2024-05-31,1279.4224647550423,1288.1162635988192,1263.956255479036,1271.9775390625,10319045,1376.6260791015625,1290.1678564624722,1313.42812954691,35.25922738848725,-23.260273084437813,-225140277.92610997,304400450.0,34.56478435474931,53.42547478479191,32.45139021489928,1309.38257370362,1255.9461128198177,24.875932826801282,879.5018358082023
2024-06-03,1297.3865613051264,1301.4211842450586,1258.2886188672535,1262.70751953125,5384064,1370.650380859375,1285.9431892422842,1309.6710473235278,33.17679595788627,-23.72785808124354,-229421154.86657828,299016386.0,9.930852049876268,30.33084530529942,31.763289923359647,1309.9538516366754,1253.862566820356,26.179978009015844,879.9662466515955
2024-06-04,1272.8422828772314,1272.8422828772314,1186.3850712100987,1252.2366943359375,5447244,1364.5392041015625,1280.7575746413077,1305.4166508059286,30.9530445563925,-24.659076164620956,-226570424.59594023,293569142.0,52.0897384746422,32.195124959755965,33.04422018415705,1310.8169293299727,1249.4211199864337,30.485494698881332,880.3910143544532
2024-06-05,1268.038893163717,1303.4863674938094,1264.2923911627176,1290.805908203125,3005139,1360.0383129882812,1282.3034721123565,1304.3343735760911,45.45565245123764,-22.030901463734608,-225509795.764056,296574281.0,82.59863359595359,48.206408040157385,32.76014007828666,1311.7671427904834,1249.6957112134228,31.96865030309495,880.6570704379211
2024-06-06,1300.7006317084079,1344.6977900858215,1297.722684734324,1342.48828125,5936709,1356.7995190429688,1291.562673518148,1307.1605889593436,58.142667667699435,-15.59791544119571,-220131561.7645078,302510990.0,98.60433902499273,77.76423703186288,30.962498100591695,1324.63977597102,1244.87799746648,33.534595415923626,881.2361131850121
2024-06-07,1351.6142094619117,1382.018347861246,1342.9684895719633,1375.1497802734375,5884025,1354.049013671875,1304.422228403577,1312.19682535298,63.863214864472766,-7.774596949403076,-216317445.6026634,308395015.0,96.48905968075336,92.56401076723326,29.281436829413344,1345.378415373484,1234.8456202710474,33.96284335844665,881.8577206629437
2024-06-10,1383.3153634361233,1385.236634774229,1342.4883475013767,1362.90185546875,3293739,1351.7730151367186,1313.4190941059112,1315.9527535097038,60.52283125143061,-2.533659403792626,-216465478.81614655,305101276.0,88.76811481631826,94.62050450735482,27.80508216088345,1357.3647075827832,1232.7106708351855,34.590375066618485,882.2027171031536
2024-06-11,1368.9056902636796,1381.3458740165333,1359.683612224394,1372.55615234375,2269082,1349.6066870117188,1322.5171030655788,1320.1455978677811,62.20112235897002,2.37150519779766,-216037811.10834756,307370358.0,93.6231417026854,92.96010539991904,26.434181397248548,1369.4069884984567,1231.8021423609182,33.66693840415569,882.4438746501296
2024-06-12,1414.0556364031277,1414.0556364031277,1378.0318005572599,1382.114501953125,5990861,1347.9358056640624,1331.6859336636628,1324.7358870592882,63.84018098863882,6.95004660437462,-220670743.6150142,313361219.0,85.9704593683766,89.45390529579345,26.016919815103137,1381.9912555812434,1230.524540317194,34.22640595095726,883.1057153863566
2024-06-13,1390.7602668514548,1400.318544694284,1380.5294736923624,1387.302001953125,4232861,1346.4189135742188,1340.2422518620415,1329.3704140884613,64.7339640338235,10.871837773580182,-222006331.59561917,317594080.0,88.24897086396753,89.28085731167654,25.6294626316824,1394.0729712118557,1229.1298974404879,33.195167740311845,883.5704523883715
2024-06-14,1387.3019545403818,1389.0791069849583,1368.3294010390312,1374.7176513671875,3065114,1344.40103515625,1345.5461594782178,1332.7294687017004,60.807340581158456,12.816690776517362,-223184120.96871957,314528966.0,82.72153231464607,85.64698751566344,24.80744435935402,1402.071883976255,1229.0946565510887,32.30620618357008,883.8984706211736
2024-06-18,1374.7176729356547,1383.0751560575397,1370.8751303940815,1380.62548828125,2223029,1343.0397216796875,1350.942979294069,1336.2773220038894,61.97349441609783,14.665657290179524,-221853824.92802286,316751995.0,85.31643820819168,85.42898046226846,24.044141677906236,1409.9288334899434,1231.228307623338,30.870050432133528,884.1364924210642
2024-06-19,1383.3633204918792,1394.746828716229,1373.997123542147,1388.9349365234375,3117522,1341.70146484375,1356.7878957908947,1340.1778860423744,63.61340764373721,16.61000974852027,-220482708.63553983,319869517.0,88.96620656324556,85.66805902869447,23.680069446094173,1418.4143578786134,1232.7285742502927,30.14716862798699,884.4750995335636
2024-06-20,1391.912890272637,1391.912890272637,1373.2766536514503,1386.62939453125,3163919,1340.24505859375,1361.378895597103,1343.6187385230319,62.804110416731504,17.76015707407123,-219112773.35686573,316705598.0,87.95354074488088,87.41206183877274,23.31038188840867,1425.3775778860552,1235.410117426445,29.32495919892983,884.816942185953
2024-06-21,1404.4493413464047,1423.613975945059,1382.546801292146,1390.8563232421875,6489262,1338.767021484375,1365.9138844655777,1347.117818872599,63.71552670360943,18.79606559297872,-222975964.0245032,323194860.0,86.19154240944228,87.7037632391896,23.839777324677147,1432.3372088998415,1237.5092876821898,30.163688874214348,885.5377257866414
2024-06-24,1381.249807206563,1387.1096606301494,1370.4426572292216,1384.1317138671875,1988692,1337.2530786132813,1368.7166274504407,1349.859588872198,61.14847686310865,18.857038578242737,-221697923.93492383,321206168.0,83.35689231378342,85.83399182270223,23.78919124214488,1437.114069092654,1241.9209040518772,29.46725866983946,885.7502918497097
2024-06-25,1384.2279427860817,1393.0177827529865,1370.2987253597062,1390.952392578125,2079037,1335.8670166015625,1372.1375143931614,1352.903500257822,62.786191952719236,19.234014135339294,-219996897.56438273,323285205.0,79.49958669344457,83.01600713889013,23.904839180269132,1442.3472145467322,1245.780178031393,28.98524429294238,885.9742018851146
2024-06-26,1390.9523303831513,1396.091824877913,1381.5861328773192,1386.86962890625,1917424,1334.4248901367187,1374.4039935490212,1355.4195097873353,61.125220856786875,18.98448376168585,-220517531.65744662,321367781.0,70.81263788350451,77.88970563024421,24.099205730962215,1446.408678299367,1249.9129403529766,27.950990557774627,886.1819456252094
2024-06-27,1378.5121119271225,1403.0563988747879,1367.4648023193442,1397.6287841796875,6613193,1333.5325610351563,1377.9770382614313,1358.5461227052874,63.840002710109225,19.430915556143873,-215921323.9563455,327980974.0,67.9691951065617,72.76047322783695,23.603811301571312,1450.9246985925497,1255.1761925207315,28.496748129036696,886.8988475201924
2024-06-28,1410.2130391268142,1410.885437130445,1385.2365139106716,1402.1436767578125,4943575,1333.042392578125,1381.69498264549,1361.7755711536226,64.94625789667043,19.919411491867322,-214347523.79358476,332924549.0,73.53450494112187,70.7721126437294,23.3965147769054,1453.136361520754,1265.2366609401836,28.293332064089324,887.4441016208355
2024-07-01,1407.3312392549078,1420.3958607533336,1397.724882672963,1411.0296630859375,3723295,1333.2560302734375,1386.2080104055588,1365.424022407868,67.08086637381794,20.7839879976907,-213700683.35327774,336647844.0,80.3155932068414,73.93976441817502,23.503757899781963,1453.6015719544575,1278.6766629088238,27.891735350966552,887.8622412791641
2024-07-02,1416.937543824708,1433.7005885388353,1415.016272578844,1422.50927734375,3811366,1333.8973779296875,1391.7928207037419,1369.6525598105259,69.65197602614641,22.14026089321601,-214455091.45768735,340459210.0,83.10382976658613,78.98464263818317,23.999436518899994,1450.8769403377944,1297.3814703067367,27.518820358247353,888.3010637430258
2024-07-03,1430.3863785851252,1430.3863785851252,1413.2870183555078,1422.7012939453125,2070876,1334.9094067382812,1396.5479704332142,1373.582095672362,69.69461317945351,22.96587476085233,-214245671.924461,342530086.0,83.39372834335579,82.27105043892782,24.364398765599393,1438.329412093366,1326.9754585121027,26.77457320620235,888.5384741053899
2024-07-04,1426.5438677337854,1474.1434086776717,1426.5438677337854,1462.423583984375,6822557,1336.3670483398437,1406.6826802103158,1380.162946658437,76.91889350864736,26.519733551878744,-210782776.40078852,349352643.0,89.01389407550897,85.17048406181699,25.807112698954363,1440.1304540025942,1342.3361841809995,28.536540458070697,889.3663138838252
2024-07-05,1463.0481086694103,1469.0520815382113,1446.2850633257563,1459.58984375,3061687,1337.3746337890625,1414.8222438318057,1386.0464205170713,75.535529483029,28.775823314734453,-210266034.9142266,346290956.0,86.35755994150591,86.25506078679025,27.146775637069688,1449.1759119676,1345.0008824659938,28.124431726241003,889.7396121884274
2024-07-08,1467.8512404418127,1479.3788679845495,1446.9093368331378,1473.0386962890625,2939620,1338.7914868164062,1423.7786211329221,1392.4902927964781,77.59501171416622,31.28832833644401,-208474426.28726283,349230576.0,94.33478566094288,89.90207989265264,28.613709546028044,1462.6022771726723,1341.3634088624838,28.434795970896054,890.1026872130977
2024-07-09,1473.0387325389138,1485.430955905333,1464.9693696074016,1470.8292236328125,2658608,1339.69208984375,1431.0171753636744,1398.2931765621324,76.45627468115246,32.72399880154194,-209610273.0932918,346571968.0,87.62210021378989,89.43814860541293,30.104101355992636,1472.1922713481517,1342.5661515034108,27.86528099425571,890.4348153888012
2024-07-10,1470.8293095035804,1472.2702630660092,1429.2818151202134,1450.5118408203125,3507096,1340.76078125,1434.0163546646954,1402.1612257664422,66.75483507385965,31.85512889825327,-209653380.8931783,343064872.0,70.39903902642132,84.11864163371807,29.57756660631366,1476.6185408097133,1345.9354508895055,28.94550720508,890.8550695951265
2024-07-11,1455.3629567190949,1473.615033404021,1448.686586100908,1452.385009765625,3304053,1343.5058666992188,1436.8423016033,1405.881506062678,67.16846138439384,30.96079554062203,-211977044.88971615,346368925.0,71.9869257959489,76.66935501205342,29.128427422577982,1481.0326649756416,1348.548377504827,28.6585743549395,891.2557421430776
2024-07-12,1469.7724220293653,1504.3553025477033,1451.0400284152656,1498.7835693359375,6430647,1347.5732568359374,1446.3717274083212,1412.7631403792159,75.34962993761187,33.608587029105365,-206890472.36165977,352799572.0,95.92978825961544,79.43858436066192,29.537188559926623,1494.6854102559425,1346.0437889628076,30.419767196189373,892.0703163310365
2024-07-15,1517.8043551011135,1571.9842302172358,1505.7003691400353,1507.813720703125,10337489,1351.93310546875,1455.824341761368,1419.8039241069127,76.57315568031149,36.02041765445529,-216568773.79528886,363137061.0,68.62375854769721,78.84682420108722,31.141203018456086,1507.38841599586,1346.6503901564836,33.475545316554296,893.4714665933022
2024-07-16,1503.3946861948052,1520.6861266750009,1493.788330372474,1507.765625,3540650,1356.5318139648436,1463.8153084134653,1426.319605654549,76.55136160140651,37.49570275891642,-216429664.48219594,359596411.0,68.60024210057071,77.71792963596114,32.11453254305297,1518.0584239353427,1348.6943958888762,33.00570610126662,893.9340632783856
2024-07-18,1496.7184151324961,1536.2965568410282,1495.7097007981747,1531.7816162109375,4399468,1361.4070385742189,1474.2716634592302,1434.1316064365037,79.66386174732628,40.14005702272652,-213009002.8624197,363995879.0,78.47223259196281,71.89874441341028,33.26637986471684,1532.7613575520254,1348.2761302409435,33.54721681137996,894.5208510489296
2024-07-19,1547.103707858356,1552.8194430459275,1526.0657637582724,1531.7816162109375,5633838,1366.471513671875,1483.1193484979544,1441.3649404938692,79.66386174732628,41.754408004085235,-216235531.84118336,369629717.0,76.92943616922224,74.6673036205853,34.583192475937864,1544.6421284870848,1350.9105814738527,33.0619641311139,895.2893694138761
2024-07-22,1526.0657423913347,1531.7335160763066,1509.0625386015101,1515.0184326171875,2704495,1371.5331005859375,1488.0268999009133,1446.820754725226,71.93432805600177,41.206145175687425,-217519030.71485078,366925222.0,64.10409676908358,73.16858851008959,35.058295485696426,1551.37612940172,1356.5927914967174,32.323186522422006,895.6471449708039
2024-07-23,1523.6336656386136,1549.576141264592,1501.4664177725324,1547.2044677734375,2907674,1377.1154467773438,1497.131141112071,1454.2565853213898,76.62413794627325,42.87455579068114,-214898036.94687736,369832896.0,84.38550863427345,75.13968052419312,35.80308509400094,1562.0446678123096,1362.231528476753,33.45079630596755,896.0400641690194
2024-07-24,1542.9936512952775,1546.8656554390548,1526.3924098959942,1533.023193359375,2484299,1382.4881420898437,1502.652995303964,1460.091148879759,70.99502247361315,42.56184642420499,-215773128.58474743,367348597.0,73.2116750862099,73.90042682985568,36.49467544456942,1568.089703150807,1370.3935732163804,32.54802927535867,896.3767986267121
2024-07-25,1519.76166686107,1542.9936923417486,1512.8404356371125,1536.7984619140625,2934731,1387.9997387695312,1507.90614401321,1465.7731720674853,71.5933133901875,42.13297194572465,-214044326.01671532,370283328.0,75.34325660904145,77.64681344317496,36.51439567639634,1572.1420037686114,1381.3341558993573,32.376974091735626,896.7713015236507
2024-07-26,1551.5120246077029,1587.521613951166,1542.9935686818042,1583.0203857421875,2814159,1394.279189453125,1519.4621812022835,1474.458150858204,77.66721344493521,45.00403034407964,-211799119.54084808,373097487.0,97.15543861769743,81.90345677098297,37.3225597897268,1584.8294076242105,1387.1859122000083,33.687415373547616,897.1731494766263
2024-07-29,1587.7152395182381,1592.3616917202398,1568.1616660102059,1580.116455078125,1639491,1400.2728930664061,1528.7936079524131,1482.2846919115316,76.55964674257308,46.50891604088156,-211818796.63497895,371457996.0,92.49126446658542,88.32998656444147,38.14775685006224,1593.9701885865156,1395.8424090697345,33.00974468329664,897.4101751753445
2024-07-30,1576.8737389000441,1580.745743169903,1566.2257271579322,1578.083740234375,1783877,1405.93294921875,1536.3767052265612,1489.3809177132239,75.74538645925598,46.99578751333729,-210689007.8683123,369674119.0,91.24481095795572,93.63050468074623,38.8229064323294,1600.784501680609,1405.7335036904847,31.689049778201944,897.6659276310846
2024-07-31,1569.1296537449448,1592.3616782297559,1567.3872046429092,1590.0384521484375,1984986,1412.1193286132811,1544.6323585991574,1496.8370313750916,77.27609873274686,47.795327224065886,-209073324.64702478,371659105.0,98.38299087250523,94.03968876568216,39.646166135802424,1608.7570020405685,1414.5139208109938,31.20943719310514,897.9537469408956
2024-08-01,1587.5700766516886,1602.5256447355557,1583.7464018288622,1588.0540771484375,1785188,1418.0988696289062,1551.3126229913544,1503.5938495805246,76.41403052659226,47.718773410829726,-210039522.19819674,369873917.0,90.44690318550073,93.3582350053206,40.57766824768221,1613.4193128646868,1426.386888307188,30.321566172647163,898.2154766557367
2024-08-02,1568.2100880359287,1586.5536599626228,1549.9148452613626,1557.8040771484375,1692851,1423.4513159179687,1552.3113082462903,1507.6094219929628,64.58579958172716,44.70188625332753,-211003348.84529883,368181066.0,58.87192188893895,82.567271982315,39.86721383882521,1615.6711659716684,1433.673084516613,30.879970866534855,898.453939557594
2024-08-05,1524.6016971710924,1544.639272211092,1487.8176562234726,1512.4049072265625,3279717,1427.6940478515626,1546.171861935563,1507.9646431213775,51.66116911523103,38.20721881418535,-211444736.6743836,364901349.0,21.434645766192606,56.91782361354414,37.13501572267929,1613.5444698373062,1441.0812869986312,33.67328872785129,898.8809545045311
2024-08-06,1512.9856172596894,1553.6416607177232,1512.9856172596894,1532.1036376953125,2138704,1432.491181640625,1544.0075197447552,1509.752716793521,55.79478058703866,34.254802951234296,-211572040.4839074,367040053.0,38.60758265077146,39.638050101967714,34.83349766766548,1612.8279422767741,1447.7043086997883,34.213536210944824,899.1671992682311
2024-08-07,1553.6415746565308,1563.3215844674748,1539.1215599401146,1543.5743408203125,1897787,1437.3621044921874,1543.9408768333026,1512.258022276987,58.044650165294044,31.682854556315533,-212771445.5745226,368937840.0,48.60749919868625,36.21657587188348,32.95011526686413,1611.957258440981,1455.8495042543316,33.999565536746076,899.4272952968057
2024-08-08,1545.8976297978038,1550.7376349004894,1504.806033741677,1508.0003662109375,2373805,1441.423564453125,1538.4115675067849,1511.9426403461684,49.61144437475839,26.46892716061643,-214815076.0456193,366564035.0,17.594859999954508,34.93664728313745,30.9589002450365,1606.0794804405316,1467.4761347938436,34.8518537954651,899.7385742358832
2024-08-09,1534.1849077199734,1550.737702257297,1525.424450837924,1539.0732421875,2021762,1446.2083081054689,1538.5133636115102,1513.9523145566375,55.66991256952183,24.561049054872683,-214656588.08568075,368585797.0,44.68353654255584,36.96196524706557,29.109912887287187,1598.594375581271,1483.6300628952918,35.41510252767184,900.0107877425013
2024-08-12,1539.1216866794473,1549.2856978178966,1523.4884459146133,1534.523681640625,1273739,1451.3103344726562,1537.8995663852202,1515.4761195258218,54.63413225397468,22.423446859398382,-214840597.82528418,367312058.0,40.71732581400161,34.3319074521707,27.447926627587744,1597.1372519801403,1488.6611977268908,34.728113197358375,900.1814567509139
2024-08-13,1527.5056506907456,1556.932906123963,1527.166873957461,1541.6868896484375,1973825,1456.704521484375,1538.4822315026381,1517.4176580534229,56.021558003889155,21.06457344921523,-214888739.8984549,369285883.0,46.962059158844404,44.12097383846733,25.65279899777512,1596.403935228695,1492.7818313728676,34.3736788380115,900.4483124522768
2024-08-14,1548.898514668743,1577.59977051247,1547.1077362917965,1574.114990234375,3932148,1462.9326708984374,1543.964194384444,1521.6174604371972,61.72794181204028,22.346733947246776,-211855362.4889497,373218031.0,75.23219187285463,54.303858948566926,24.300973343614423,1598.3427249745864,1497.4779781504135,34.483621839870146,900.9994177616238
2024-08-16,1582.6816423811442,1620.433681557208,1580.4551928050869,1614.86767578125,3101056,1470.1852905273438,1554.8724222916449,1528.524883796016,67.44483910982811,26.347538495628896,-209617795.63755608,376319087.0,95.80291615440073,72.66572239536663,24.143486573681937,1609.67559783763,1494.4537112444013,35.32898394579607,901.4588260831181
2024-08-19,1611.7216593969922,1631.0816793296888,1605.9621007326887,1624.7896728515625,1631947,1476.8649658203126,1565.628922377786,1535.6556089112416,68.67182946969757,29.97331346654437,-208803395.87914753,377951034.0,95.60810429464112,88.88107077396553,24.232340550958032,1621.5843192032776,1491.8457955428162,34.59974070659636,901.7056223358213
2024-08-20,1626.2418713872833,1640.8103354174739,1615.787412091257,1632.77587890625,2786109,1482.6707177734374,1575.959223382165,1542.8497029849461,69.66293735904723,33.10952039721883,-207806436.07680154,380737143.0,94.74846995715669,95.38649680206622,24.527549836737997,1632.4504849782097,1492.75537439679,33.91568232228354,902.1319443787681
2024-08-21,1632.0498435520383,1634.8086230355239,1620.1918301573096,1623.579833984375,1410370,1487.6393188476563,1583.2854711671202,1548.8297126886075,67.03314912732522,34.455758478512735,-208562991.11241215,379326773.0,88.73769547414105,93.03142324197965,24.80167274496225,1640.6952670526744,1492.1481289434196,32.53719021913573,902.3464985934351
2024-08-22,1633.0176797486508,1633.0176797486508,1619.4656658088281,1622.514892578125,1749127,1492.8315795898438,1589.3207667688132,1554.2878741619052,66.71904177090211,35.032892606908035,-209525004.86194134,377577646.0,88.04162203333307,90.50926248821031,25.02464644748356,1647.3336605372458,1494.4589053807229,31.1811061991848,902.6119714194851
2024-08-23,1622.4181880152591,1632.0013037660717,1604.1229447528356,1608.2852783203125,2158185,1497.546162109375,1592.2383839305824,1558.2876818773427,62.50448631322476,33.95070205323964,-211038741.1792868,375419461.0,78.74077552696609,85.17336434481345,24.5678607543486,1650.8815140807865,1498.0597334778072,30.945195685902753,902.9346405643231
2024-08-26,1617.5297187210833,1678.5137835202625,1613.7544910768681,1664.4293212890625,2672708,1503.1924584960936,1603.3446819857331,1566.15002553747,70.4389426714349,37.19465644826323,-209528604.71028152,378092169.0,91.89186305783561,86.2247535393783,25.257976656588426,1664.4261319724876,1492.6560091407935,33.75114636547755,903.3548197951391
2024-08-27,1670.6244582226839,1700.6324884324479,1650.5384380016321,1656.8304443359375,3556487,1508.58302734375,1611.5732608088415,1572.8670935966156,68.33134246077894,38.706167212225864,-212191674.68612692,374535682.0,77.63221309108715,82.75495055862966,26.318806902286095,1674.8037263417975,1489.949813697265,34.91849665585885,903.9259599356965
2024-08-28,1657.7502087233602,1682.1437873773564,1638.8741886664714,1664.4293212890625,2516461,1514.3772607421874,1619.7049624211832,1579.649480833093,69.31993287228234,40.05548158809006,-211735679.43460172,377052143.0,81.51262698364542,83.67890104418943,26.820284759521257,1685.7446668105813,1487.64343133395,35.51500394550358,904.3256025705299
2024-08-29,1659.1537867161214,1699.8098304979635,1642.939769255506,1695.7926025390625,5112407,1520.6806030273438,1631.4107532085493,1588.2526750335353,73.05819833776638,43.158078175014,-207345540.1406315,382164550.0,97.26782463322293,85.47088823598521,27.63379051326501,1701.879196682164,1482.0843165014298,37.04036518100029,905.1551539055621
2024-08-30,1695.7924800837548,1709.7801650352387,1686.4512470660595,1697.147705078125,4792561,1526.8448583984375,1641.5241304192532,1596.318973555357,73.2100853061036,45.20515686389626,-207743261.43357876,386957111.0,93.21899007817191,90.66648056501346,28.576830966652985,1716.463002892554,1478.4098730840087,36.06097609444164,905.9495142641033
2024-09-02,1707.747276873249,1754.0177708534893,1703.6817200342944,1748.8389892578125,4445349,1534.0890502929688,1658.0341087021084,1607.6167524962796,78.24773731700394,50.41735620582881,-204212624.3036161,391402460.0,97.7170989109863,96.06797120746042,30.16604114351847,1741.423229164097,1472.5531380234029,37.54733964307898,906.7199332359505
2024-09-03,1748.2098114958062,1759.0030463125736,1729.866239753814,1733.1573486328125,2553290,1540.9350708007812,1669.591530229909,1616.9160559138006,73.71882319151469,52.67547431610842,-206189107.41349164,388849170.0,87.80260984670834,92.91289961195555,31.712265300525672,1755.7937173172975,1480.2578940108276,36.94658727991331,907.1645471482447
2024-09-04,1708.6185355812306,1738.1910132950318,1708.521759114401,1728.123779296875,2644961,1547.814912109375,1678.5964916248267,1625.1536650532876,72.27282884967306,53.44282657153917,-205339098.2610094,386204209.0,82.7053272223159,89.40834532667022,32.22915045529875,1767.6250512597915,1488.0285742284898,36.4267777728217,907.6159418480057
2024-09-05,1734.6578266733188,1740.1753852179331,1710.7482487610746,1733.2542724609375,2878565,1554.6609497070312,1687.0053809842284,1633.1611174538543,72.85722874294189,53.844263530374064,-203814580.94230852,389082774.0,83.3750277845055,84.62765495117662,32.74580158823927,1778.6863969458846,1495.9352217064593,35.92680339311004,908.1085073753876
2024-09-06,1730.78574897725,1738.287756558108,1684.3701493394221,1699.906494140625,3351716,1560.9216870117189,1688.990167623674,1638.1052194306521,63.49016460858591,50.884948193021955,-205234704.7171379,385731058.0,61.84367676879734,75.97467725853961,32.15480539858216,1777.51309473678,1516.2991367085326,37.21186080922259,908.6669444963369
2024-09-09,1702.0845006329316,1709.7801793273366,1685.434931032013,1690.855712890625,1418238,1566.7862255859375,1689.2771745878204,1642.0126633906502,61.1907337636975,47.26451119717012,-206021364.9465328,384312820.0,55.999942706866165,67.07288242005637,31.606023222471993,1776.5138094770368,1532.4766690385882,36.2928170582298,908.8994109418421
2024-09-10,1693.4695194028873,1732.0444587321792,1691.2431877158301,1722.1707763671875,2307528,1573.186767578125,1694.3377287077228,1647.9503013889123,65.80524125107459,46.38742731881052,-204830655.02365568,386620348.0,76.21884956526858,64.68748968031075,31.610038634785464,1776.0104522201761,1551.744735768105,36.64252625703869,909.28686241167
2024-09-11,1721.2994613236804,1739.35270497406,1716.9434564937108,1721.8319091796875,2303930,1579.4028125,1698.5676026264866,1653.423013077118,65.71418496046994,45.144589549368675,-206129406.04081932,384316418.0,76.00005632837927,69.40628286683805,31.77269147018672,1772.5587256885037,1573.2109642529026,35.625863558703735,909.6785609667403
2024-09-12,1742.4018826759493,1756.1474502624947,1720.2346350912894,1749.7586669921875,3349489,1585.9478002929689,1706.4431509904407,1660.5589874411971,69.46421111707527,45.88416354924357,-203971645.35202315,387665907.0,93.63547588794631,81.95146059386477,32.27585780599107,1775.779703550136,1587.5543540670517,35.64636010245384,910.2584993752768
2024-09-13,1747.2420244547338,1761.7620412784574,1738.191237600786,1754.79248046875,1599349,1592.5896240234374,1713.8815093717192,1667.539246183979,70.09905367974702,46.34226318774017,-203318107.1325019,389265256.0,94.32851932752575,87.98801718128384,32.85733837782822,1782.6762557015413,1594.6502823843962,34.78382035782652,910.5383005402563
2024-09-16,1760.7939118117185,1765.8759173295919,1750.3394531949887,1753.8726806640625,836199,1598.4186059570313,1720.033997262849,1673.9343154047258,69.81344143929473,46.099681858123176,-203773977.47460195,388429057.0,90.54876119255933,92.83758546934384,33.4833083836027,1788.4249949358807,1601.809843931307,33.40900919902485,910.6854059860701
2024-09-17,1753.9693429481072,1769.505806071244,1749.3713382550884,1755.7117919921875,830317,1604.341044921875,1725.5228887596704,1679.9919062630563,70.07597453901197,45.530982496614115,-204081351.77021095,389259374.0,89.10133047846112,91.3262036661821,34.143146768836374,1793.5258719174838,1609.0025582582973,32.46082767167705,910.8316850079628
2024-09-18,1750.2425275136866,1750.2425275136866,1684.4184616556236,1700.293701171875,2629136,1608.8861450195313,1721.641475284625,1681.4957429229687,54.65176604862127,40.1457323616562,-205442314.39997888,386630238.0,18.70373994131765,66.11794387077941,32.040073692850214,1790.226748590184,1619.9730683043472,35.234577862026114,911.26910983972
2024-09-19,1719.1697548499135,1719.1697548499135,1666.413700998945,1680.9337158203125,4167373,1613.0882348632813,1715.378743059346,1681.4541112857348,50.472262825877486,33.92463177361128,-207315720.61098805,382462865.0,14.084507064032302,40.629859161270396,29.966701299133575,1785.2555265856095,1630.7861726331407,36.48611186123629,911.9417480392875
2024-09-20,1692.065765175301,1709.5865598203088,1666.316961946775,1703.730224609375,4644317,1618.1526025390624,1713.586663297812,1683.1041937541527,54.85070333726379,30.482469543659363,-203928576.24556318,387107182.0,36.25708086958615,23.015109291645405,28.04437865533098,1775.149676419572,1650.4365174280845,36.97064657640039,912.6942089272542
2024-09-23,1707.553844720271,1707.553844720271,1677.0618117788376,1696.7122802734375,1541597,1623.0391479492187,1710.990604370985,1684.1122001629885,53.288873316319496,26.878404207996482,-203483221.22186214,385565585.0,29.456012018119722,26.59919998391277,26.259364771800005,1773.2445517973092,1655.5699379487846,36.50788845961703,912.9438348854422
2024-09-24,1694.0017902179438,1726.4298244878303,1682.7245546673698,1718.7825927734375,1907389,1627.4391284179687,1712.189371817516,1686.680377393392,57.397268896267434,25.508994424124012,-202243314.4596977,387472974.0,50.84428580610619,38.85245956460407,24.812871816423918,1770.0810744963264,1664.9286300935173,37.0219871282487,913.2586126391253
2024-09-25,1721.8802102991206,1726.9622155025868,1698.8417394444007,1725.364990234375,2240579,1631.7901538085937,1714.2163900354944,1689.545904270502,58.56771415891502,24.670485764992463,-200257262.4020453,389713553.0,57.22326748458846,45.8411884362715,23.487585141516497,1767.2001248800789,1673.9031466042961,36.38616490895852,913.6316532473539
2024-09-26,1725.2197767252967,1750.5330264270724,1721.976997018518,1726.7685546875,4303250,1636.1702124023439,1716.147492289649,1692.303137634724,58.8274633677057,23.844354654925155,-203116385.12202016,394016803.0,58.583457595286845,55.55033696199388,23.011596350869468,1767.3951848550187,1676.8056818442,35.82686951607251,914.3614251380872
2024-09-27,1752.0818590652225,1770.0383253837483,1739.062292516297,1750.5330810546875,4099016,1640.5452416992186,1721.4375828688858,1696.6164667769433,63.05120290529058,24.821116091942486,-204179573.6516222,398115819.0,81.19457392120256,65.667099667026,23.111861165308117,1770.1598981352502,1679.379506161625,36.3585053146565,915.0724057024362
2024-09-30,1750.145945421704,1762.4395118213229,1731.8991487718,1738.626708984375,2117894,1644.6821435546874,1724.0820638097302,1699.7283365700864,59.74430354989514,24.35372723964383,-205364390.37380812,395997925.0,69.71538421931685,69.83113857860212,22.89535564375596,1768.7760983256687,1679.7420779438623,35.94292372428982,915.4353944292213
2024-10-01,1732.7218736291031,1764.1334603294963,1732.7218736291031,1758.3739013671875,1642542,1649.5492529296876,1729.357731126262,1704.072452480983,63.192373044028066,25.28527864527905,-204324194.09975326,397640467.0,88.75407762678634,79.88801192243528,22.744518452206226,1772.3422794390451,1678.6975521039237,35.61925679401149,915.7192117650039
2024-10-03,1721.1058578236941,1751.4043377945902,1713.3618494645323,1721.6383056640625,3552386,1653.0379296875,1728.1701272090006,1705.3736267908407,53.93685561314649,22.796500418159894,-206330878.5211531,394088081.0,53.33649875409098,70.60198686673142,21.761805222528732,1772.0312106685246,1678.3600735111627,36.290170730343185,916.3155495899329
2024-10-04,1721.1059575961287,1750.049214149173,1710.699945760269,1719.750732421875,2982759,1656.77248046875,1726.8748357032891,1706.4385975783248,53.50322750246861,20.436238124964348,-207941499.41148508,391105322.0,51.516648744758534,64.53574170854533,20.738305152650618,1771.2611126199836,1677.7798175557978,36.50867770595467,916.8143778335973
2024-10-07,1727.833363584834,1746.467383114161,1711.329017185942,1720.08935546875,3419048,1660.4382983398436,1725.8309156672062,1707.4497648294673,53.575334592653746,18.381150837738915,-209655743.20138922,394524370.0,51.8431225160764,52.23209000497534,19.787912230620943,1770.9539638034225,1680.1052525051714,36.410798293259276,917.3848007783358
2024-10-08,1717.2337629664537,1736.593782842062,1687.2257321592608,1732.1893310546875,2353030,1663.4216772460939,1726.8091334191263,1709.2823252905946,56.1898009230591,17.526808128531684,-207722572.07958698,396877400.0,63.508969536386836,55.62291359907397,18.842828718673243,1770.1956081357398,1684.9969699892604,37.3363163210837,917.7733694584123
2024-10-09,1735.6742595387832,1766.6018445656416,1732.8670329748554,1751.7913818359375,2499596,1666.85517578125,1730.6525562524819,1712.4311442939534,60.109111501825495,18.221411958528506,-207417751.8409805,399376996.0,82.40772880034626,65.91994028426988,18.159881097780094,1772.8622647861944,1685.2923738856807,37.127473263217304,918.2020762332738
2024-10-10,1761.761812081846,1781.073384679377,1739.4977891819105,1750.7750244140625,3753869,1670.3090014648437,1733.7483205850326,1715.2714317102577,59.81033918506991,18.476888874774886,-209135173.10104313,395623127.0,73.5976779827706,73.17145877316796,17.990083628266962,1775.1608201132628,1685.8881300820497,37.4451962799494,918.850248248271
2024-10-11,1746.2738214274552,1793.5123179645595,1743.0310416779298,1780.7830810546875,2977110,1674.1238940429687,1740.984437580364,1720.124146476512,65.29520078736633,20.860291103852205,-207659464.85965067,398600237.0,89.06897245292285,81.69145974534662,18.206634721480174,1781.2078931936796,1682.9434984078828,38.37634485185514,919.3729731648709
2024-10-14,1786.9782754018572,1805.8058473974436,1773.7650382514782,1796.5130615234375,1751092,1678.2930737304687,1749.5273028023753,1725.782584628136,67.77766680801051,23.744718174239324,-206924110.1918481,400351329.0,92.44987953255753,85.03884332275038,18.758040395207786,1790.0526106126822,1678.270839094349,37.923806587148725,919.6871854661655
2024-10-15,1771.4418500849126,1822.5039034138629,1771.3934027686894,1810.2586669921875,5696544,1683.3421655273437,1758.8705896008078,1732.0400722106583,69.80992263304674,26.830517390149453,-203957162.935607,406047873.0,90.94810618142593,90.82231938896882,19.71065428939338,1801.5754657355897,1672.3865826042543,38.865713305579064,920.7187457309674
2024-10-16,1809.1939687939787,1824.6819856482878,1794.72240031141,1805.56396484375,2144442,1689.2053466796874,1766.0541857920296,1737.4862864797763,68.22718938078563,28.567899312253303,-204549573.6863465,403903431.0,86.0915598095623,89.82984850784864,20.6513060608807,1810.3125000214827,1668.6347656035173,38.229561307814684,921.1095016488034
2024-10-17,1810.065249345272,1816.9864807238962,1792.205558459379,1808.032470703125,2399099,1694.7239233398439,1772.5123834706596,1742.7119297555798,68.62992214992828,29.80045371507981,-203884191.9594587,406302530.0,87.88740815892245,88.30902471663694,21.390139530911313,1819.2589457656636,1670.4621968124616,37.26894423329343,921.544982398222
2024-10-18,1807.2579501438995,1813.937180984018,1784.0259250750973,1798.2554931640625,2366406,1699.8175463867187,1776.4728618850295,1746.826267785838,65.10976078363781,29.64659409919159,-203999075.29483578,403936124.0,80.77461605896681,84.9178613424839,21.63365726244131,1822.4925928593968,1678.9607274531033,36.743395067266796,921.9707106798279
2024-10-21,1815.292393246423,1828.0699596782604,1781.1219093502775,1784.606689453125,1284980,1705.3496728515624,1777.7242199724287,1749.6248175389703,60.44844173305484,28.09940243345841,-205093296.6709835,402651144.0,69.14089346027882,79.26763922605608,22.294259839272318,1824.5757651277268,1684.9652016691484,37.4722990144608,922.2014994037838
2024-10-22,1782.8529306112566,1804.4832983837093,1772.8171497889628,1775.9837646484375,2089660,1710.0878833007812,1777.4564576148916,1751.5773321396716,57.64082629208282,25.879125475220008,-206765024.6709835,400561484.0,63.01858020926235,70.97802990950271,22.452445520778106,1823.740113836688,1693.7280013976872,37.057573984481216,922.5707692756371
2024-10-23,1747.4842526155421,1817.1497803891752,1747.4842526155421,1798.3936767578125,2522186,1715.365283203125,1780.6775682522639,1755.0452095187932,62.513800991368065,25.63235873347071,-205600938.82482964,403083670.0,78.92971302892438,70.3630622328219,21.372882253516764,1827.1953164320103,1698.2339072008022,39.38671354084921,923.0177290157353
2024-10-24,1797.6628402001108,1815.1522495253607,1790.550088704194,1797.5654296875,1621637,1720.4828540039061,1783.2757007807618,1758.194855457216,62.22886781813903,25.080845323545873,-206297751.65277094,401462033.0,78.34165408969609,73.42998244262765,20.37043064820266,1830.1176529051475,1702.5316146729776,38.33067406087189,923.3093116830087
2024-10-25,1812.2779664318662,1823.5316755729539,1792.9859276009597,1804.82421875,4078295,1725.0970385742187,1786.5908573914137,1761.6488823677926,63.786712006648806,24.941975023621126,-207214883.68855473,405540328.0,83.49542516740733,80.25559742867598,19.772134481485036,1833.4107166106614,1707.0441173737136,37.774607911666344,924.0467921642838
2024-10-28,1797.7602970183923,1828.6470423663143,1797.7602970183923,1823.7265625,2418907,1729.2742163085939,1792.3040427927347,1766.2472290442524,67.54105990311541,26.056813748482227,-205566675.1262124,407959235.0,94.862727726196,85.56660232776653,19.417577649841178,1840.470984265635,1707.3031978632714,37.282617728541744,924.4883709218341
2024-10-29,1823.7265625,1827.770109853519,1803.7037657010026,1823.7265625,1719955,1733.2529541015624,1797.1382765938524,1770.504957448382,67.54105990311541,26.633319145470523,-204424682.39953047,409679190.0,94.4806269367884,90.94625994346397,19.08834630617188,1846.0326622975783,1710.2515051828902,36.338598187397075,924.8026820416379
2024-10-30,1813.2523151734829,1821.4854659126045,1788.211747756907,1791.6219482421875,1732047,1736.4298754882811,1796.2896106935964,1772.069178988664,56.08720844324035,24.22043170493248,-205801696.78836933,407947143.0,56.754468993609535,82.03260788553136,17.954610430111128,1847.304571070392,1712.3044010975766,36.27975651280393,925.1126223420127
2024-10-31,1792.7911436143484,1796.5911051520718,1711.482266768703,1720.738525390625,3616088,1738.3730493164062,1784.6663668008316,1768.2669083517721,39.97026688503239,16.399458449059466,-208631228.50670895,404331055.0,7.9002059916979315,53.04510064069867,19.023131857574725,1847.415612911559,1712.1033812290661,39.767548074987126,925.7165329218913
2024-11-01,1731.407647391704,1735.5973701970913,1706.0747273961022,1712.310546875,242223,1740.1689624023438,1773.5347021968576,1764.121992686826,38.5517757825768,9.412709510031618,-208771126.0535428,404088832.0,5.087461618403213,23.247378867903606,20.139341113391396,1848.427029047804,1710.3479465381338,39.035769126844414,925.7557201690554
2024-11-04,1717.7667823055478,1736.376710612054,1700.2286075571076,1717.718017578125,2843690,1742.3576171875,1764.947519947822,1760.6846611972926,40.022507015141734,4.2628587505294036,-208863110.91941342,406932522.0,13.619080505849269,8.868916038650186,21.31235255164935,1848.7223084049656,1709.8155333919094,38.82950726456598,926.2155533276805
2024-11-05,1723.61295593713,1737.5947557321008,1716.3053826360965,1728.0462646484375,1818350,1743.6299560546875,1759.2704037479166,1758.2670021936738,42.83672792370268,1.0034015542428278,-208675856.27235624,408750872.0,21.66173192552849,13.456091349927037,22.337977751320228,1849.0978720730889,1709.0256630831611,37.57664053824015,926.5127219003317
2024-11-06,1745.145825632517,1805.4576846494394,1737.253670658365,1791.2322998046875,3477029,1746.3179931640625,1764.1876185258814,1760.708876090786,56.33510287761073,3.478742435095455,-206649242.65840188,412227901.0,70.86497540854283,35.381929279973576,20.919529770385875,1850.1018209471513,1711.9658060059737,40.421981928437425,927.1162641274892
2024-11-07,1802.5833354897713,1814.7626231300678,1767.6530433867167,1784.9476318359375,2173869,1748.728359375,1767.3814667274287,1762.5043394793156,54.94533849488175,4.877127248113084,-207226995.96803316,410054032.0,65.97107681984936,52.8325947179736,19.880102376356824,1850.4082159684374,1715.076671726875,40.89966748664555,927.4981041215558
2024-11-08,1791.768096520771,1806.5781821801306,1781.1478524721074,1790.3553466796875,1521324,1750.6196142578126,1770.915909797007,1764.5673770497135,55.952274116496056,6.348532747293575,-207646676.21597177,411575356.0,70.18208815306203,69.00604679381811,18.914919796186986,1850.9599962363695,1715.482118021443,39.79471478817253,927.7662306573322
2024-11-11,1799.3191859475849,1825.918797650926,1786.9450773168614,1819.3907470703125,1679869,1753.0644750976562,1778.3735770698233,1768.6283674216097,60.993104460712175,9.745209648213631,-206529559.2297291,413255225.0,92.79208214166916,76.3150823715269,18.60506852801285,1853.7165369493334,1715.0133458631665,39.73607232716482,928.0682842722382
2024-11-12,1842.4825665654243,1844.3824877922004,1816.6137129920342,1824.7982177734375,2711052,1754.5836596679687,1785.5158294857638,1772.7890970773008,61.868321081144444,12.726732408463022,-207642512.7744454,415966277.0,86.41433030673612,83.12950020048915,18.821877273773588,1855.805445102727,1714.378392787898,38.881265360950636,928.5651641536599
2024-11-13,1818.124056692209,1831.3750978407727,1811.4010661354187,1816.9061279296875,1254074,1756.2586352539063,1790.3451061694445,1776.0570252885886,59.76079450149577,14.288080880855887,-208205313.72888044,414712203.0,80.93956276605027,86.71532507148522,18.81012617665839,1857.1972978432289,1714.12075635599,37.530748671265165,928.7926035976086
2024-11-14,1823.9701066118187,1848.3286817535363,1798.9781847287454,1811.2548828125,2462563,1757.9212573242187,1793.5619948837607,1778.6642739940637,58.231128054154965,14.897720889696984,-209442675.59471402,412249640.0,74.96706254727162,80.77365187335272,19.258803823462124,1857.5734452724269,1714.0668501377295,38.37501641080272,929.23869053585
2024-11-18,1811.2549012416066,1817.1984887873446,1768.4325732821014,1787.91943359375,2483933,1759.014560546875,1792.6939085314514,1779.3498413718182,52.280327660072956,13.344067159633141,-209941449.29264823,409765707.0,59.210521340006856,71.70571555110963,18.486542593449315,1856.8394978760412,1713.7671915770838,39.11722348897704,929.6738887113523
2024-11-19,1789.8682280330104,1817.1498341217007,1770.6737170388128,1773.84033203125,2354204,1760.4932373046875,1789.793358300651,1778.9417295688133,49.02509465573456,10.851628731837764,-211974849.48417342,407411503.0,49.704042940930194,61.29387560940294,17.76944287986599,1856.4758707300243,1713.054182980913,39.64285874568496,930.0840571002741
2024-11-21,1787.9195239314251,1792.3528324516683,1773.4991989968514,1789.23486328125,1841245,1762.4608203125,1789.707435989974,1779.7041839178828,52.50724377120444,10.0032520720913,-210742605.94364753,409252748.0,60.09872460029376,56.337762960410316,17.103564574395765,1857.0464549100234,1713.8087086641954,38.157914082051526,930.4037604844714
2024-11-22,1798.978267733386,1853.200482288327,1789.381012472404,1849.69287109375,2765950,1765.0112622070312,1798.935964467478,1784.8885311160952,63.15278319837018,14.047433351382779,-208280697.24050018,412018698.0,97.70702215636689,69.16992989919699,18.111699755521016,1864.7735839048548,1711.2114991029578,40.00132157669621,930.9092491537351
2024-11-25,1869.7642852985318,1870.6898636069993,1830.3033923571088,1843.1646728515625,6531524,1767.4379174804687,1805.7403811419526,1789.2052823557597,61.54849668247859,16.535098786192975,-210652226.09259608,405487174.0,83.8525237973252,80.55275685132867,19.399023640363374,1870.6777294889075,1709.8672778353111,40.02883226763866,932.1235603609992
2024-11-26,1841.6057414743784,1865.8181420382023,1840.680163169081,1850.8133544921875,2079873,1769.4590112304688,1812.6746847342965,1793.7688432547543,62.74270127252795,18.905841479542232,-211055293.558906,407567047.0,87.12531920966978,89.56162172112067,20.594395819145568,1877.0381594618498,1708.1057614365877,38.96519988203028,932.5114139845034
2024-11-27,1848.0850795779254,1867.8155252673694,1838.682645869112,1842.5313720703125,1631975,1771.2137890625,1817.2680212475298,1797.3808824262771,60.54984166905275,19.88713882125262,-212256070.19664732,405935072.0,78.89741087897619,83.29175129532378,21.613175996402678,1879.7448472000615,1707.279554655407,38.26289127604649,932.8146023986377
2024-11-28,1836.7341297665532,1851.7390370960727,1787.919564888868,1793.668212890625,3631255,1772.0096997070314,1813.6372815003135,1797.1058698680806,49.54716510184611,16.531411632232903,-215233142.1995882,402303817.0,25.248420368845238,63.75705015249712,20.591528147963146,1877.1236628329987,1706.8949040615328,40.08836134255778,933.460151206945
2024-11-29,1794.7398207807983,1824.2624614992772,1786.89631199086,1800.6346435546875,2482280,1772.9081567382811,1811.6368756625247,1797.367260511533,50.91657558940323,14.26961515099174,-215890113.13655105,404786097.0,31.491221965956417,45.21235107125933,19.609016428530992,1877.6567177603788,1707.2631186654025,39.89391764011916,933.8972898215856
2024-12-02,1800.6347351020872,1830.3521983577164,1788.3579174261217,1823.4830322265625,2014744,1775.371943359375,1813.4593612877613,1799.3017621200538,55.210498532518464,14.15759916770753,-214534487.9946779,406800841.0,53.83524125228774,36.85829452902984,18.87979005424118,1877.0743440541587,1718.1199430552165,40.04394358951027,934.2558995926995
2024-12-03,1835.662198470349,1847.64666485736,1824.0188472815078,1842.239013671875,2954648,1778.5980493164063,1817.8870001160865,1802.4822992720406,58.42573467545704,15.40470084404592,-212932288.70972303,409755489.0,72.17719162640766,52.501218281550656,18.704978916386008,1875.4492249271111,1732.7379088619514,38.90963566388793,934.7955513980818
2024-12-04,1833.7136653070277,1861.9696144536292,1829.4265319936637,1848.962158203125,3730643,1781.5026879882812,1822.6677936679384,1805.9252517854543,59.5467395820288,16.742541882484147,-212183918.55793566,413486132.0,78.75192532988135,68.25478606952562,18.929141047663016,1872.541722912929,1748.7698249386335,38.45488186360775,935.4826584512255
2024-12-05,1836.6366082268792,1888.374199238596,1835.6622651986422,1874.635986328125,3881814,1785.061162109375,1830.662900231044,1811.014935825652,63.58476386105135,19.64796440539203,-210325524.42222768,417367946.0,88.54591739864009,79.82501145164308,19.77317267662264,1873.3821238941014,1762.5883961254299,39.47324273334675,936.2117362006836
2024-12-06,1876.58464221214,1889.5920976422942,1866.1592195529704,1873.3692626953125,2250408,1788.1528955078124,1837.2331098409313,1815.633774853034,63.24929899746108,21.599334987897237,-211191080.01903406,415117538.0,86.610351078341,84.63606460228753,20.58474696072033,1881.0130814680356,1763.1711348405584,38.32750240163083,936.638489345257
2024-12-09,1865.8669529482513,1876.6334912964828,1852.2261501590735,1860.8978271484375,1379520,1790.8635522460938,1840.8738355805476,1818.9866676156566,59.89864026376889,21.887167964890978,-211590341.51623204,413738018.0,75.87061785718879,83.67562877805666,20.731182301738823,1884.5345760637863,1767.2446597760575,37.33320516847215,936.896251350518
2024-12-10,1867.2796176575305,1892.9536511728406,1863.1386598567844,1886.6690673828125,2695207,1794.0615625,1847.919255857819,1824.00017870952,64.12764285598158,23.91907714829904,-210031358.50794247,416433225.0,94.73892879206444,85.73996590919812,21.284857795174105,1892.614585945958,1768.7960219641982,36.95624937246722,937.4090316521535
2024-12-11,1876.828289843559,1885.1589704510445,1866.8412736354364,1881.3590087890625,1387117,1796.6780810546875,1853.0638332318567,1828.2489809376343,62.66132836257289,24.81485229422242,-209219749.60524783,415046108.0,89.06757186894605,86.55903950606647,21.798985039078296,1899.2400545394103,1768.3673795426212,35.73278825638928,937.6718465346908
2024-12-12,1875.5617113638355,1898.9947106015566,1872.2002752287792,1886.5230712890625,2306173,1799.6360083007812,1858.2114083175807,1832.5655802229253,63.53458102448331,25.64582809465537,-209060422.2056917,417352281.0,88.8743822685581,90.89362764318957,22.629771241858407,1906.0525287035189,1767.727390730075,35.09433447898842,938.1122395483775
2024-12-13,1889.2511509814049,1924.3275003549638,1863.284885226918,1918.28662109375,2569918,1802.8342626953124,1867.4537487446837,1838.9152869540974,68.42598069974767,28.538461790586325,-206999150.97046924,419922199.0,95.60443351096592,91.18212921615674,23.971963792755474,1918.9388096215212,1764.9791591284788,36.94778309677823,938.6108240653231
2024-12-16,1920.2839993047526,1929.1992621067059,1900.2125560220218,1904.256103515625,1371189,1806.4866186523439,1873.1156494786746,1843.7553474401366,64.32168449875442,29.360302038538066,-207987787.5115587,418551010.0,82.47179094265074,88.9835355740583,25.319778308204754,1926.7778614457843,1766.4402293745284,36.379134738771505,938.8791886722616
2024-12-17,1895.3896419040138,1912.8302878927266,1888.2768898416484,1900.5535888671875,1987909,1810.10267578125,1877.3368709230613,1847.962624582881,63.24362630324062,29.374246340180207,-207987787.5115587,416563101.0,79.86993718949708,85.98205388103797,25.957631426619425,1930.9381685185401,1773.5433378291161,35.53443926107912,939.2637266505582
2024-12-18,1898.9945750678412,1921.355700144015,1896.8023032392612,1910.0533447265625,3460812,1813.9019555664063,1882.3701745851386,1852.5619371861167,64.87051170413366,29.80823739902189,-207713119.36030748,420023913.0,86.54566376553888,82.96246396589562,26.75760738463732,1932.854366316915,1785.2484413002724,34.75007909277017,939.9386040834638
2024-12-19,1860.9952278822543,1896.2663987620606,1860.9952278822543,1884.623046875,1916115,1816.9506298828126,1882.7167703220402,1854.936834200108,57.52975973976317,27.779936121932224,-207062060.2484208,418107798.0,68.35004995670779,78.25521697058129,25.86748828963426,1930.9907477723302,1796.6508782042322,35.7720817893086,940.3007746449807
2024-12-20,1904.4508833812183,1907.4226772304112,1847.744165993281,1862.310546875,3786921,1819.1610131835937,1879.5773513301879,1855.4830351389887,51.97264324378727,24.09431619119914,-209000351.56542495,414320877.0,36.40573167269795,63.76714846498158,24.53241407314576,1931.3153230160076,1797.58807053868,37.479683892724424,941.0095463366822
2024-12-23,1869.276998739398,1889.6407907176617,1850.423485948696,1854.1746826171875,2058339,1821.2290063476562,1875.6692484512648,1855.3861201373738,50.07330066422746,20.283128313890984,-210664923.86243948,412262538.0,24.80452383680812,43.186768488738004,23.292702300692152,1931.3349059176887,1798.6694886135613,37.60379966959881,941.3911394994739
2024-12-24,1859.6311497900806,1874.295060491458,1840.7776352728545,1848.280029296875,1310301,1822.5789453125,1871.4555224275125,1854.8597430380776,48.68506402458586,16.595779389434938,-211388640.7601134,410952237.0,13.489597181139592,24.899950896881933,21.759077224193444,1931.325704731887,1798.4253572798316,37.31191578024199,941.63118387647
2024-12-26,1856.7080839288542,1859.923463554715,1837.9033345115758,1851.9825439453125,1065107,1823.6883349609375,1868.459679584097,1854.6466171793543,49.629679802120855,13.813062404742823,-211091733.5327707,412017344.0,15.421508718519965,17.90520991215594,20.220233867185282,1931.2884101711873,1799.4077690280317,36.21964529902036,941.8252516959175
2024-12-27,1851.2517755681818,1854.0773941711946,1834.39559340477,1843.45703125,1328546,1824.3523022460938,1864.6131183019284,1853.8177589623651,47.46309419229983,10.79535933956322,-211196962.91185808,410688798.0,9.558108846736076,12.823071582131925,18.90598694575436,1926.074798266644,1809.6002627685125,35.03837068954924,942.0656153313739
2024-12-30,1839.5595644539746,1918.4325818905768,1817.7830224230297,1879.4588623046875,6262203,1825.8302001953125,1866.8970789177374,1855.7170999506852,56.165497899327654,11.179978967052193,-209784484.93803883,416951001.0,55.35623896189888,26.778618842385026,19.508727752598038,1921.308654109278,1822.248828800878,39.72488417369194,943.2318781487662
2024-12-31,1866.0618181981165,1878.338636149949,1830.3522394867582,1868.2054443359375,1968650,1827.0336596679688,1867.0983659051528,1856.6421624977409,53.19913778987613,10.456203407411977,-208647266.7375411,414982351.0,45.25589990836434,36.723415905666485,20.068415644667166,1918.3913185500764,1829.6384055710173,40.39500836256604,943.5928173820143
2025-01-01,1868.205382572055,1887.2537177826462,1858.9491236232432,1862.8951416015625,880695,1828.3264526367188,1866.4517160122928,1857.1053461350612,51.808622344062144,9.34636987723161,-209282401.72111094,414101656.0,40.48971613708326,47.033951669115545,20.816443952169056,1917.3299562713141,1832.7653806427484,39.531407348054394,943.7560873640748
2025-01-02,1862.895076615513,1925.5941446690886,1861.0439200410156,1921.5992431640625,3487645,1831.0663037109375,1874.9359509587189,1861.882671840913,63.24566301132622,13.053279117805914,-206226445.32761154,417589301.0,93.17871527147145,59.64144377230641,22.350845280279668,1923.761109347444,1833.5979360627123,41.31846572519858,944.425144157742
2025-01-03,1929.1991494051185,1940.9886759749231,1891.1997722198662,1896.704833984375,2853344,1833.4807250976562,1878.2850098857427,1864.4620912589473,57.06118343822954,13.8229186267954,-208448811.9904656,414735957.0,64.05697245711532,65.9084679552234,24.05674257569589,1925.490638906202,1834.0752912695793,41.923497013045605,944.9757528772025
2025-01-06,1901.1869307828438,1922.7686537463476,1880.482140377137,1902.9407958984375,1789037,1835.5716674804687,1882.0782077338495,1867.3123656766873,58.164756336337945,14.765842057162217,-208337509.49701774,416524994.0,69.11839759004232,75.45136177287641,25.132665788318693,1927.9464065332766,1834.5766769628174,41.94942675277167,945.3179567309379
2025-01-07,1909.7122768556437,1930.173479821954,1859.9233734252923,1866.7437744140625,2494547,1836.955234375,1879.7190641461898,1867.2702478053818,50.113562257756804,12.44881634080798,-210347678.27474812,414030447.0,39.739046528746215,57.63813885863467,25.224318815976055,1927.7961551025792,1835.3115231200773,43.97090387019239,945.7865038573713
2025-01-08,1857.390162397563,1888.7639603330394,1845.9416318151987,1882.67431640625,2372138,1838.512236328125,1880.173718340045,1868.4112899239647,53.18490770440459,11.762428416080411,-208650210.53510952,416402585.0,52.669087913152055,53.84217734398025,24.743376458246804,1927.540790009507,1835.1674131154932,43.88886277359585,946.2253963263851
2025-01-09,1877.3643128992142,1894.5613732825504,1870.7387323135908,1885.1590576171875,2742139,1839.7408862304687,1880.9406936134517,1869.6518653086478,53.66408825318851,11.288828304803928,-208072605.39261898,419144724.0,54.68583076488405,49.03132173559416,24.455322118489853,1927.7605655656632,1835.3276424421495,42.45556121612183,946.7382621374257
2025-01-10,1886.328094240167,1950.9757300872243,1885.5973369722537,1943.9117431640625,4802079,1842.14458984375,1890.6285473904686,1875.1525970016414,63.2441972781246,15.475950388827187,-204308233.8566228,423946803.0,94.69641615742844,67.3504449451549,25.44517994077432,1938.042011215041,1830.7850639802714,44.1242120199729,947.6765433829432
2025-01-13,1943.7169188488679,1960.5729817705587,1914.9737996928673,1938.3580322265625,5694121,1845.0793115234376,1897.97154505756,1879.8344810923763,61.94052669852129,18.137063965183643,-204162221.61422676,418252682.0,84.44221873477223,77.94148855236163,26.53654251200391,1942.2018694034987,1828.632346905095,44.22956702409566,948.7994273842871
2025-01-14,1886.4255676564549,1889.2511863076093,1751.6252295948966,1767.0198974609375,15819311,1846.0049389648439,1877.8251377350027,1871.4778452678252,36.762982602270114,6.347292467177567,-216442475.81808808,402433371.0,7.367711643578062,62.16878217859297,25.92758712657289,1954.5077151821174,1802.6028805210076,54.40836956749353,951.4806905389675
2025-01-15,1788.8936903079366,1796.2500272960356,1766.045395270139,1778.85791015625,3350594,1847.3358862304688,1862.5994104151946,1864.6171093336345,38.619414193445905,-2.017698918439919,-216950490.21205232,405783965.0,13.033248875756707,34.94772641803572,25.362128554386945,1959.1411558734737,1785.7998719585573,52.67953117166518,952.0316456987817
2025-01-16,1785.9708373018814,1790.7937878960097,1739.4947206986667,1746.266357421875,5362008,1847.9068530273437,1844.7020176469914,1855.8503869698006,35.52713503986304,-11.14836932280923,-220896894.68291768,400421957.0,3.063004336281733,7.821321618538886,25.264224264821685,1965.011211677481,1763.5511174240817,52.58092660207074,952.8889455135899
2025-01-17,1739.1548372058078,1758.871120210885,1716.6429823867422,1754.7513427734375,2424374,1848.4409545898438,1830.8634522818293,1848.361568881181,36.94272966885795,-17.49811659935176,-218945564.57354477,402846331.0,15.622662437158011,10.572971883065536,25.51712377306294,1968.6680272853719,1746.9071314060343,51.8414416893616,953.268557207797
2025-01-20,1755.928333525953,1764.6584632677902,1728.9532875338105,1761.911865234375,3401004,1847.8545458984374,1820.2555158129903,1841.9578871295657,38.176387202437866,-21.70237131657541,-216067800.73164585,406247335.0,18.55814494403517,12.414603905825023,25.595753334401227,1971.207561874446,1734.327728652898,50.688851263977185,953.8061446897643
2025-01-21,1757.20351220332,1785.9932182878447,1757.20351220332,1767.9935302734375,4005357,1847.5154638671875,1812.2152103453668,1836.4790458809637,39.2632469095639,-24.263835535596854,-217070843.34327477,410252692.0,21.05134588464321,18.41071775527885,25.097650571282035,1972.5177513556873,1724.3994239372814,49.124626608301995,954.4530325623205
2025-01-22,1773.6827870686668,1796.4889622223718,1769.6121032096419,1792.810546875,3009261,1847.5645678710937,1809.229877503772,1833.2443422508923,43.619003603243655,-24.0144647471202,-214885288.10750896,413261953.0,31.225173074514053,23.61155463439753,24.360834093965284,1972.0941400114348,1719.2760870393463,47.65111270406145,954.9478332664502
2025-01-23,1782.363938305265,1794.0366805175852,1769.7591392899753,1772.5057373046875,3750930,1846.6268676757813,1803.580009780836,1828.7451863289511,41.02654955367976,-25.16517654811514,-217787508.03471065,409511023.0,22.901141745196707,25.059220234784707,23.676647365028295,1972.0154904852145,1711.4070559015042,45.9815718843149,955.5581764067535
2025-01-24,1765.6392679062958,1794.4780665634473,1756.9091386891885,1758.625732421875,3171259,1845.30341796875,1796.6639671102266,1823.5511527062047,39.30674995138902,-26.887185595978053,-220668965.66788188,406339764.0,17.21098271683844,23.779099178849787,23.30882849602627,1972.7000947568133,1702.2393217470928,45.380668740739466,956.0680062485726
2025-01-27,1741.1164868620124,1745.7758126719248,1674.7088805830801,1679.27001953125,4174844,1842.5506958007813,1778.6033597903838,1812.8636613599117,31.24297358944827,-34.26030156952788,-224307919.26115578,402164920.0,1.5955619922973532,13.90256215144422,24.319661625123793,1977.5912495817074,1677.329282644855,48.133253247743426,956.6804964976319
2025-01-28,1679.2701071147005,1697.4660493858312,1658.7200748404741,1660.9271240234375,5079829,1839.544140625,1760.4993235185461,1801.6091030386913,29.724988811777735,-41.10977952014514,-228809033.56495327,397085091.0,0.7311671122897525,6.5125706071419005,25.4656524852617,1982.396963374393,1651.7957368209197,47.46273334043011,957.3968261392617
2025-01-29,1663.6246000581734,1691.1881676559326,1663.6246000581734,1686.185546875,3733620,1837.509462890625,1749.0664348041544,1793.0592099895289,34.44805120673752,-43.99277518537451,-226430672.45398214,400818711.0,9.098958931307376,3.808562678631546,26.52978685538975,1981.5238258954455,1634.997914827211,46.234041218434754,957.9282598363341
2025-01-30,1689.1283230420456,1699.869247931907,1665.439304319659,1680.398193359375,2543744,1835.6406201171876,1738.502089966496,1784.7139494984065,33.8860946476381,-46.21185953191048,-226764039.0760821,398274967.0,7.1816828730829405,5.6706029722267415,27.233177330206946,1969.8064853484418,1622.5951503937456,45.39089138942142,958.2906680784209
2025-01-31,1676.4256102316624,1705.0190635704469,1676.4256102316624,1692.512451171875,2033832,1833.706171875,1731.4267609211697,1777.8842088816264,36.231124256509624,-46.45744796045665,-226509379.96621427,400308799.0,14.658488442770713,10.313043415720395,27.71273706131957,1958.7685887878479,1613.2138086730897,44.19107438580449,958.5839354701994
2025-02-01,1693.0519863880793,1698.8883575644727,1655.7773771860243,1661.662841796875,569018,1829.9455712890624,1720.6938502866628,1769.2752187272001,33.019238343157866,-48.58136844053729,-226923034.51715612,399739781.0,4.182643958797292,8.674271758217033,28.495138692075134,1946.0491834683176,1601.8054185824635,44.11392481385048,958.6637928147431
2025-02-03,1633.216338462018,1668.1367359249623,1629.7831509637494,1659.700927734375,2659929,1826.2762963867187,1711.310323740157,1761.1586045795834,32.819973117463434,-49.84828083942648,-225433199.57054242,397079852.0,17.946451023361156,12.262527808309775,29.60854270275127,1937.0220621998467,1590.1282551829656,43.70247196723351,959.0266237956861
2025-02-04,1662.7417501245056,1702.762955699824,1659.7500442498808,1699.4769287109375,3647768,1823.2495678710939,1709.4898014279693,1756.5895915522763,40.64120817076026,-47.09979012430699,-222342783.47689483,400727620.0,41.80644767030181,21.311847550820136,29.485216429064554,1920.9475992399723,1587.8829793733091,43.65672596710605,959.5485154478047
2025-02-05,1696.9755974111986,1713.454945906369,1677.3573824122252,1680.1529541015625,2681942,1820.0019995117189,1704.9764403008296,1750.927618407779,38.30784210625828,-45.95117810694933,-224609320.0920488,398045678.0,30.214785410012407,29.989228034558508,29.04146720897932,1902.2691508139628,1586.060817447756,43.11678579046588,959.9333234571604
2025-02-06,1690.9430262707249,1695.4551919163534,1680.1530076772242,1690.5997314453125,2057798,1817.9406298828126,1702.7646389384424,1746.4588860401889,40.30327593400004,-43.69424710174644,-223857421.52316892,400103476.0,36.48137999653416,36.16753769228284,28.629414361757313,1861.6890585577592,1601.3097085320844,41.13003236363196,960.2276634909776
2025-02-07,1690.256341349216,1697.9564665998187,1668.185850015596,1692.7086181640625,2428098,1815.782109375,1701.217558819307,1742.4773847160313,40.72011681458431,-41.25982589672435,-222285354.85561472,402531574.0,37.746414912130675,34.81419343955913,28.491748713817305,1809.1544451769873,1629.2793805066062,40.318645522245575,960.5734961924636
2025-02-10,1691.0410348493847,1706.7847002390013,1679.4172664423252,1700.7520751953125,1823071,1813.327490234375,1701.145945954077,1739.38662104783,42.3729179877777,-38.240675093753,-221266005.81600973,404354645.0,43.09114460100142,39.1063131698888,28.053579065687636,1803.4021529065394,1628.404890550492,39.393558970419186,960.8362877260645
2025-02-11,1709.5312436765012,1715.6128422194413,1682.2618778766962,1690.3052978515625,1702553,1810.2888159179688,1699.4781539383057,1735.7509674777361,40.78249959499709,-36.272813539430445,-222147332.25909624,402652092.0,36.748036007933734,39.19519850702199,27.33545553414525,1794.6383683204745,1628.313413906088,38.96194506844246,961.081673638229
2025-02-12,1690.991930820872,1709.1387782465627,1666.7143916973132,1684.5179443359375,2214307,1806.999931640625,1697.176583230249,1731.9559287264917,39.889273302744996,-34.77934549624274,-222503154.81469256,400437785.0,47.18815187627535,42.342444161736886,27.039210080601777,1790.7361469273992,1626.0407939905695,39.209262317071534,961.3965507993978
2025-02-13,1679.3192411442399,1696.9265416001565,1667.7935395768072,1670.589111328125,1838463,1802.918994140625,1693.0862029376146,1727.410238548835,37.746464877890965,-34.324035611220324,-223988783.92379975,398599322.0,47.542942037170015,43.82637664045975,26.764125016597124,1785.2122176338787,1623.1485001395588,38.489529438948516,961.654766568617
2025-02-14,1678.3382684098794,1690.5015854778735,1667.4991568867702,1678.58349609375,1460459,1799.0232788085937,1690.8550172693276,1723.7934428114213,39.74706560226346,-32.93842554209368,-224041719.98423088,400059781.0,56.85718358769505,50.529425833713525,26.516301238701725,1777.222621760985,1622.8052590983898,37.38330794981672,961.8598799669576
2025-02-17,1678.5834828782092,1687.3136123032834,1661.7608399491203,1677.25927734375,1127023,1795.3505078125,1688.763364973085,1720.3464675915939,39.52050818072283,-31.583102618508974,-223801604.01662982,398932758.0,55.314338995542116,53.238154873469114,26.44124084396881,1766.5979943548366,1624.3564612115695,36.53826969298432,962.0173300252869
2025-02-18,1673.4336428469558,1695.5041334472232,1668.774317053566,1692.5614013671875,1511900,1791.4683544921875,1689.3476782644852,1718.2883145379342,43.52636680897219,-28.940636273448945,-222622599.42947385,400444658.0,73.142812801712,61.77144512831644,25.997929998602313,1745.8236896955902,1635.1058513200348,35.837665885889535,962.2314490147219
2025-02-19,1690.3053567752756,1698.5450310246147,1670.9323694596662,1679.613525390625,1294110,1787.4334448242187,1687.8501162838913,1715.4235153418372,41.0488318872978,-27.573399057945835,-223102997.88809356,399150548.0,58.057268641952646,62.17147347973563,25.44547775659453,1726.510775056409,1645.1295447678096,35.25016557725088,962.4139693620002
2025-02-20,1672.648915958484,1681.8205270050855,1651.4122946103578,1655.3359375,1681532,1782.8097021484375,1682.8479349325235,1710.9725836498492,36.81718313034388,-28.124648717325726,-224350586.1461581,397469016.0,29.771500004732925,53.657193816132576,25.526838768264746,1706.631921415777,1654.6794189162542,34.90431320707066,962.6443577697067
2025-02-21,1657.7390448584547,1671.6189548921184,1652.9816520209285,1668.2347412109375,1222563,1777.8086645507813,1680.5997512830486,1707.8068175432632,40.33640623762769,-27.20706626021456,-223572015.97702006,398691579.0,26.2029643469888,38.01057766455818,25.602388279101376,1706.6372766540735,1653.5705358459263,33.74238389736489,962.8121072629737
2025-02-24,1652.834504425211,1657.7390578508052,1606.3393140025642,1612.666259765625,4455420,1771.9768676757812,1670.1484448957526,1700.7593688189936,32.0534347146576,-30.61092392324099,-226930574.45277256,394236159.0,5.79000775970521,20.588157370475695,26.826413310316276,1716.6362873147825,1638.7454387594364,35.753315562436924,963.3890758554853
2025-02-25,1604.7699748659454,1620.4154533141134,1600.1106488386756,1604.8680419921875,1951519,1766.0631567382814,1660.1053059875117,1693.6563075725635,31.08862429667046,-33.551001585051836,-227967615.98112005,392284640.0,4.118876892518062,12.037282999737409,28.088466529479454,1723.5931919677369,1623.6567836182007,34.64985048479413,963.6349534226975
2025-02-27,1589.0754005235567,1628.3118301661136,1584.3669810704175,1598.0997314453125,2266866,1759.8240844726563,1650.5659868271732,1686.5780426742488,30.237900377267252,-36.012055847075544,-228817692.27529827,390017774.0,10.463377857913597,6.790754170045676,29.565892439876055,1729.1819061860615,1609.8382232084696,35.31377895700141,963.9181711862883
2025-02-28,1581.2281247263193,1584.1217635349658,1532.623949299152,1544.9835205078125,4910121,1753.0312939453124,1634.3225304703485,1676.0895595508089,24.55830898991948,-41.76702908046036,-231370936.92847905,385107653.0,6.754273995222448,7.112176248551421,31.72193724557866,1741.749137365304,1582.5180989628209,37.468207756227066,964.4831928891883
2025-03-03,1544.9835928235996,1572.7923898645645,1538.5094857959998,1542.3841552734375,1784684,1746.6327661132811,1620.1781650554392,1666.185455530263,24.317589702461305,-46.007290474823776,-232752209.32671735,383322969.0,5.333769617665886,7.517140490267362,33.723978850873934,1751.3762975448005,1560.963070130981,37.240686064251186,964.6873606031521
2025-03-04,1530.2207902556172,1530.2207902556172,1493.9270920251954,1506.1884765625,3246644,1739.6730419921876,1602.6412899026793,1654.3338274585767,21.201229941603373,-51.69253755589739,-233805174.948339,380076325.0,5.697360005205528,5.928467872698007,36.09008561449824,1763.928099315546,1533.0600232430477,38.041855863107685,965.0324015786108
2025-03-05,1502.7553349062512,1551.2123520294442,1501.8235175489174,1542.923583984375,3112003,1733.5659130859376,1593.4539505306325,1646.081216830858,30.88234398041557,-52.62726630022553,-231737726.7062663,383188328.0,23.94535503522917,11.658828219366915,37.308830328184555,1762.2768468044337,1519.0559412815037,38.85235433578048,965.3759799234521
2025-03-06,1549.8390207087984,1564.2583611699922,1545.081627409703,1555.1849365234375,2011489,1727.6299609375,1587.5664099141409,1639.3481590303084,33.80561317087927,-51.781749116167475,-231629699.90134227,385199817.0,29.93767056680986,19.860128535748238,37.870772457271336,1760.0464548976797,1508.789531430445,37.60109882505453,965.6067842690277
2025-03-07,1552.4384059794097,1556.705343748663,1525.9047225771385,1528.2098388671875,2091986,1721.3250170898436,1578.4346297530712,1631.1156908700773,30.726650923038775,-52.68106111700604,-233408557.73549783,383107831.0,16.7545167396537,23.545847447230965,38.690845675114254,1757.231926237973,1495.3650708323396,37.11535042123095,965.839346516209
2025-03-10,1527.2779399814021,1542.4329622027217,1517.4688331093316,1519.7249755859375,1855766,1714.1303393554688,1569.40237526582,1622.8645267749557,29.807046609879066,-53.462151509135765,-234928892.64686838,381252065.0,12.607830812339143,19.76667270626762,39.578334893127455,1752.682095556163,1482.6165372563369,36.24740604067089,966.041737063772
2025-03-11,1500.7442378725352,1543.904307530901,1493.5345683662545,1537.9207763671875,1846190,1707.5246459960938,1564.559052358338,1616.572397115121,34.34504452443082,-52.013344756783,-233521328.5195586,383098255.0,21.650703786226003,17.004350446073,40.73825343773141,1743.1446679282599,1475.8708350014276,37.25614412095486,966.2424277358166
2025-03-12,1526.2970891625948,1535.125285693741,1478.3305307286853,1511.1910400390625,3113860,1700.4905639648437,1556.3485889246033,1608.7663706650428,31.15826360530974,-52.41778174043952,-233031932.35323945,379984395.0,16.14846425459796,16.80233295105442,42.010144554011944,1735.3318320041917,1465.772245144246,38.85143708649395,966.5703661556103
2025-03-13,1511.1910626722345,1518.4007326659676,1499.959682590984,1505.4527587890625,1983351,1692.1676342773437,1548.518461211443,1601.1135105260814,30.503905611892108,-52.595049314638345,-233833713.09273517,378001044.0,14.031998128063936,17.277055389629353,43.19118630484387,1726.6679069587158,1456.529651635034,37.393552299957506,966.778930330904
2025-03-17,1498.8316532585382,1518.0085066658312,1490.0525497824096,1515.654296875,2029100,1684.5466235351562,1543.4624359289135,1594.7831984037791,33.19018358694166,-51.32076247486566,-232146359.72702107,380030144.0,20.80378605466681,16.99474947910962,44.419852929565586,1717.6774459198282,1450.0266312286094,36.71943834163351,966.9921262707064
2025-03-18,1515.654296875,1515.654296875,1515.654296875,1515.654296875,0,1676.8008935546875,1539.18426068985,1588.9217982905361,33.19018358694166,-49.73753760068621,-232146359.72702107,380030144.0,24.885613263996326,19.907132482242407,45.560757652521474,1705.2399639997775,1446.171193226785,34.09662131723112,966.9921262707064
2025-03-19,1528.74937295163,1531.5449445845652,1495.9869306163287,1514.967529296875,4522829,1669.7653686523438,1535.4586097063152,1583.4437042910056,33.09032049187071,-47.98509458469039,-231840684.962642,375507315.0,24.42771112506232,23.372370147908537,46.88347652642251,1690.8426129625432,1444.339369459332,34.20100650658865,967.4722261477797
2025-03-20,1518.3027058942828,1551.898899645033,1517.518049125177,1532.1826171875,4608677,1662.7555346679687,1534.9546108572667,1579.646586727783,38.11667537675492,-44.69197587051622,-232517856.10854858,380115992.0,50.904110889251,33.4058117594366,47.010269927376044,1669.3945388956843,1449.749565108222,34.39603249527217,967.9781704719857
2025-03-21,1505.796090472861,1561.6590303491364,1492.4557280251224,1536.7928466796875,8109210,1655.7882104492187,1535.2374163684083,1576.4722356131092,39.42895755469037,-41.23481924470093,-230236261.22234812,388225202.0,61.889863788205524,45.740561934173,47.53438337981329,1647.7136950712393,1457.1483410615733,36.88226605446802,968.8606222114621
2025-03-24,1560.628954196486,1580.1491014559472,1530.2207219022741,1573.5279541015625,2487843,1648.3805346679687,1541.128268327355,1576.2541406863281,48.75411264617437,-35.12587235897308,-228408258.38719332,390713045.0,93.49711225850878,68.76369564532182,47.12895137130658,1631.9049338222799,1464.7763039706888,37.81413130441123,969.1457127600146
2025-03-25,1591.037292784164,1627.281898382812,1588.045466994793,1593.8819580078125,4906013,1641.4910131835939,1549.244220585887,1577.559904932364,53.0656763025679,-28.315684346476928,-231854714.55333713,395619058.0,77.57661382971925,77.65452995881124,44.910762870188925,1611.463042317216,1477.7829171554401,38.95268937418539,969.7467072311799
2025-03-26,1593.8819847526413,1613.5491744718433,1591.0373194812603,1602.2197265625,3096513,1638.195009765625,1557.3942984284429,1579.386558386448,54.745345297928985,-21.992259958005206,-231874940.06722498,398715571.0,83.1742586758198,84.74932825468265,42.85101640486539,1608.9389297560772,1479.2623763962667,37.77834406107094,970.1249697547922
2025-03-27,1594.6175180204746,1613.5981162914497,1582.7485223896897,1599.0316162109375,3383080,1634.5984838867187,1563.8000396257496,1580.8417478549288,53.95029400081957,-17.04170822917922,-231686692.08020443,395332491.0,81.03388870018757,80.59492040190894,41.15267974756968,1607.594476843105,1480.0231867311136,37.28343333540587,970.5352345269347
2025-03-28,1585.249811140166,1594.5194894080635,1551.4083908626199,1562.100341796875,2211077,1630.9151635742187,1563.5385476520764,1579.4534955543322,45.675182169427735,-15.91494790225579,-232801034.01227567,393121414.0,56.23970587682541,73.48261775094431,40.31010331494487,1601.4484489890424,1482.5692756203325,38.02198990775671,970.7906615840477
