Date,Open,High,Low,Close,Volume,SMA_50,EMA_12,EMA_26,RSI,MACD,ADI,OBV,SO_K,SO_D,ADX,BB_High,BB_Low,ATR,VWAP
2020-04-01,374.68554694197525,378.22077383325984,352.52806277065577,357.1587219238281,27744593,,,,,,-17743643.45338021,27744593.0,,,0.0,,,0.0,362.63585284258124
2020-04-03,358.70231240047167,360.7935563569748,322.6528186538584,324.0968017578125,41317365,,,,,,-55932512.22846162,-13572772.0,,,0.0,,,0.0,346.6094489665139
2020-04-07,345.9554654131406,404.06284558890525,340.92647604082714,387.2331237792969,48093237,,,,,,-33478880.591491327,34520465.0,,,0.0,,,0.0,359.2523120707867
2020-04-08,382.1543729345464,425.92164161322705,371.9469922893892,389.7227783203125,64930598,,,,,,-55641533.58890475,99451063.0,,,0.0,,,0.0,372.30772968626735
2020-04-09,403.31601473763345,421.2411709481949,396.9924118852148,418.40301513671875,44090546,,,,,,-21871997.33922208,143541609.0,,,0.0,,,0.0,380.0866594448773
2020-04-13,416.21216583695104,426.1207752592518,400.3284741706714,417.2080078125,33431643,,,,,,-11545579.2975143,110109966.0,,,0.0,,,0.0,384.52507063314437
2020-04-15,432.1954232260935,449.77202825381016,410.73504051941313,415.5648498535156,48315019,,,,,,-47905150.74447867,61794947.0,,,0.0,,,0.0,390.9319003641125
2020-04-16,406.9010519597338,425.22453889241734,399.03390614735565,420.79302978515625,42344330,,,,,,-19890316.77937312,104139277.0,,,0.0,,,0.0,393.8436024237966
2020-04-17,448.1288766025394,483.87959645780506,430.60205223950317,476.8091125488281,47831797,,,,,,15245926.92559437,151971074.0,,,0.0,,,0.0,402.2445213839016
2020-04-20,479.9958081920569,481.43979114060943,449.37366897648485,454.05413818359375,42163627,,,,,,-14609036.31871679,109807447.0,,,0.0,,,0.0,407.9311080767831
2020-04-21,434.18708940652976,438.120677258115,411.23294465725195,418.9009094238281,33572119,,,,,,-29032658.90566933,76235328.0,,,0.0,,,0.0,408.9811623030168
2020-04-22,416.8096837204648,432.74315674406495,410.2869303577037,429.3572998046875,36619611,,414.74981644954255,,,,-3455754.8937817253,112854939.0,,,0.0,,,0.0,410.06786574679717
2020-04-23,432.7929401639986,438.02111067469986,424.2784728121592,428.2618408203125,29418000,,416.828589429661,,,,-15819864.478278892,83436939.0,,,0.0,,,0.0,411.16417805879956
2020-04-24,414.27026961688296,417.9050868178362,399.58160020138047,402.2703857421875,35773252,,414.5888657854343,,52.083076557776295,,-41094393.747326136,47663687.0,49.382347134137255,,0.0,,,37.368960239108695,410.87964998250067
2020-04-27,413.27441052792915,427.71411884757964,407.3989490828979,425.52325439453125,35986805,,416.271079417603,,57.87344371521502,,-12869494.039434753,83650492.0,63.80480782526356,,0.0,,,36.51715830098608,411.42874654570136
2020-04-28,436.1787891145286,456.4939595156983,433.4402236577593,453.5562438964844,43938246,,422.00725856820014,,63.586371030167385,,19870734.220580343,127588738.0,78.78790440329603,63.99168645423228,0.0,,,36.12098307385615,413.8684731368818
2020-04-29,428.95894412795167,446.98369051651474,424.178914654942,437.27423095703125,61499689,,424.3560235510972,,58.6143805924173,,29001678.454927538,66089049.0,58.36301152195967,66.98524125017308,0.0,,,35.63929351440517,415.7790762902251
2020-04-30,449.124752280467,459.97942425079333,438.5688207607045,443.05010986328125,40382553,,427.23203682989475,,59.81478399907511,,5523449.96655548,106471602.0,53.00862055161583,63.38651215895717,0.0,,,34.71542921293066,417.4542098258761
2020-05-04,422.2369833964066,422.2369833964066,398.0380363627447,401.1251220703125,37853978,,423.2155884053436,,48.759362041392784,,-22672382.635974977,68617624.0,3.596260021543368,38.322630698372954,0.0,,,35.4509038049025,416.9629725575553
2020-05-05,412.2785553527675,417.00880447819173,384.89290252136385,387.38250732421875,50981056,,417.7028067005552,,45.772904362304395,,-65749398.94605242,17636568.0,2.5150903660379442,19.70665697973238,0.0,481.91821434165445,346.85633399818926,35.212689387182884,415.72593402623505
2020-05-06,383.3991264367924,392.8098444237867,366.519594298432,387.2331237792969,67511628,,413.0151631742077,,45.74010891059428,,-26879072.40309891,-49875060.0,17.64956467258428,7.9203050200551965,0.0,479.4821203909456,352.299868134445,34.575372297052304,413.2481121414413
2020-05-07,385.3908444194921,400.5774345419656,381.1087360822163,395.69781494140625,41339309,,410.3509557537767,,48.013071790772024,,-6262268.596450921,-8535751.0,24.8621507379922,15.008935258871475,0.0,468.34723968032074,370.5948501634292,33.496324165816375,412.34844071114037
2020-05-08,401.82221670971853,407.7474883193324,378.07138072197387,380.4613952636719,33505509,,405.7525618322221,,44.40709995556003,,-34370934.127388865,-42041260.0,12.131723881735471,18.21447976410398,0.0,468.981407254987,369.2835097372005,33.22345155378367,411.5490231726238
2020-05-11,389.3742042956337,391.8638091824344,375.28304671447853,377.9718017578125,30141935,,401.4785987438514,,43.82788001938811,,-54737169.1372682,-72183195.0,12.25361469758498,16.41582977243755,0.0,470.01714405585994,367.07267528007753,32.03468804765311,410.66609048204333
2020-05-12,374.73533421172357,390.1708852845484,368.4615417383983,385.2414855957031,38411107,,398.98058133644395,,46.04110665341525,,-33769583.49400491,-33772088.0,20.03201943210692,14.805786003809123,0.0,470.36779827797346,363.4058681038625,31.297163440402898,409.59881780759537
2020-05-13,409.29106892019075,414.7184200682295,397.93847600638117,412.2785949707031,48206058,,401.0264295878684,400.1619497567679,53.395726553972914,0.864479831100482,418030.8535368368,14433970.0,48.961142659467235,27.082258929719714,0.0,470.1585573689502,363.1221677287061,31.16714708555457,409.5426929754163
2020-05-14,403.36580302860955,409.2910752770954,395.99657806769466,400.2787170410156,31604212,,400.91139688835256,400.1705991852307,50.12988464839169,0.7407977031218707,-10826836.103974175,-17170242.0,36.12153238433178,35.038231491968645,0.0,469.86836889323865,361.8837429231676,30.103923501086992,409.32901894676786
2020-05-15,401.0753554074668,402.22056760051186,385.19166375088463,386.93438720703125,25435025,,398.7610877066108,399.1901390386974,46.70859323308899,-0.4290513320866012,-31055863.69314893,-42605267.0,21.843387601930296,35.64202088190977,11.72107482450716,469.5581587293721,358.8080888292216,29.169993525982726,408.9377894217403
2020-05-18,387.3825467004866,387.3825467004866,350.8351323233691,357.30810546875,47864748,,392.383705823863,396.0877661816642,40.15605625731784,-3.704060357801211,-61965801.96475363,-90470015.0,5.930656593278463,21.29852552651351,11.657649131911379,460.9919747256254,355.42417212496053,29.69695215820664,407.20708692958993
2020-05-19,367.26649815479374,370.95112551755057,348.64427196724955,353.0259704589844,42889678,,386.3286696138817,392.89800353553983,39.29793180330602,-6.569333921658142,-88005982.38950673,-133359693.0,3.9355930286740834,10.569879074627615,11.661972058380954,456.7543692486433,349.5589608294817,29.169087971927667,405.50728606454396
2020-05-20,351.53223750673493,364.776924384,348.54471140894395,360.99273681640625,30720803,,382.43083379888543,390.53465044523364,41.79023832366339,-8.103816646348207,-71608954.09080496,-102638890.0,11.170689177553507,7.012312933168684,11.669047860022456,456.3430132853623,344.1794995320205,28.24502547215112,404.3730682793068
2020-05-21,361.4906232779398,367.4656749023685,354.22098929115845,355.7147521972656,24794914,,378.3206673986362,387.9553987231619,40.60090283151917,-9.634731324525717,-90811025.21321042,-127433804.0,9.72970515760665,8.278662454611414,11.564462076558799,454.18549556383687,338.9727624928038,27.173572624941045,403.51596390309146
2020-05-22,350.6359812340491,358.2541666070414,331.4660223537557,335.5489807128906,48367892,,371.7404079085215,384.0734418335122,36.34487801532819,-12.33303392499073,-124434776.14185473,-175801696.0,4.773001599592105,8.55779864491742,12.189648713171792,453.3984587795381,330.48851326636037,27.14604202696566,401.3147830852102
2020-05-26,340.5779609249804,346.2542724300044,334.9514597539183,339.880859375,30692834,,366.83893890336435,380.79991720695574,37.85197742806893,-13.96097830359139,-128356000.52124579,-145108862.0,10.107621224441132,8.20344266054663,12.770179161455285,454.0816804693694,323.5663389398103,26.01438278761712,399.9667192191081
2020-05-27,344.6609085262934,390.818189462772,340.0800294309316,385.3908386230469,72430787,,369.693077321777,381.13998545999954,50.982326645106646,-11.446908138222511,-71420741.63656217,-72678075.0,64.77268853473048,26.551103786254572,12.15727660275366,449.8685420082502,323.766235823781,27.794593309056754,398.584260398517
2020-05-28,388.3783703403028,405.95497512500253,385.3908444146081,389.3244323730469,72693713,,372.71328579120313,381.746240786892,51.927717199896854,-9.03295499568884,-116304174.86952424,15638.0,69.49758998860912,48.12596658259358,12.062686594842914,438.7839892371798,328.42760744250774,27.27813210854953,398.3458438175245
2020-05-29,380.41161936831986,387.6314734008338,373.78927657525423,383.349365234375,51056390,,374.3496057055373,381.8649907459648,50.33951582578646,-7.515385040427532,-96836554.67590228,-51040752.0,62.320538873319634,65.53027246555308,11.546284563040107,430.30091926792545,331.51819083949647,26.439348086352613,397.80574567787926
2020-06-01,392.66046354890574,407.79727314550075,390.91774015939507,395.2994689941406,44252980,,377.5726615960916,382.86013728286673,53.40871183294795,-5.28747568677511,-118114425.2757749,-6787772.0,76.67460444720285,69.49757776971053,11.692230329339674,419.5808812036012,337.4631648169066,26.297102359550696,397.81115651185644
2020-06-02,396.3451117590009,413.2744255778527,389.9219187714564,408.3948059082031,37508638,,382.3145299518011,384.75159421807683,56.575902165055474,-2.4370642662757405,-96281011.29210478,30720866.0,92.40428584205573,77.13314305419273,11.98951151361824,420.8569018334948,336.9141125708021,26.086774105753957,397.9474482089467
2020-06-03,420.24532139544954,430.2037413337303,403.5649679988292,407.8470764160156,49055899,,386.2426140232187,386.46237067718346,56.40319621787668,-0.21975665396473687,-129565712.76888172,-18335033.0,77.35752339767042,82.14547122897633,12.747819811878811,423.62057246863753,336.196898844839,26.12620262212161,398.4030129398938
2020-06-04,405.9052030587117,412.1789954681332,389.9219208116942,392.7102966308594,45553578,,387.23764211670186,386.9251800070854,51.70570160608715,0.3124621096164901,-163705347.35247606,-63888611.0,62.027232257132525,77.26301383228622,12.881823022581676,424.14247764363967,336.22271095499315,25.84983633885857,398.3995813034329
2020-06-05,397.3409537176405,408.1956253225166,388.8762968088687,403.61474609375,39002875,,389.75719657470927,388.1614441616531,54.636741650264256,1.595752413056175,-143198711.47625956,-24885736.0,73.07108619212387,70.8186139489756,12.962495607536509,425.227217983376,335.92966373049114,25.383371494200667,398.43923402517885
2020-06-08,413.27443824958686,442.9007383409729,412.27859622970834,428.4610290527344,60387580,,395.7116323405593,391.14659859802947,60.51678780130563,4.565033742529806,-139762019.93154395,35501844.0,87.04200108528573,74.04677317818071,14.02257371833308,432.26350508643566,333.69334000633773,26.376415833702254,399.39522073544964
2020-06-09,433.1415069713015,440.660102208643,414.7682091975137,418.3034362792969,46273705,,399.18729448498044,393.15821620404927,57.24967895908842,6.029078280931174,-173399487.40189496,-10771861.0,77.92671534739891,79.34660087493616,15.00693196407275,436.5441169927555,333.4458915521664,26.341807060661328,400.0065911218466
2020-06-10,420.4444980380841,430.9008388759784,413.57316403206215,425.67266845703125,36163051,,403.26196740375747,395.5666941487146,58.979896125333966,7.695273255042878,-159058936.55845335,25391190.0,84.53976417374464,83.16949353547643,15.862875875351012,441.53157546604393,332.50155136501076,25.69794047375097,400.4418473733257
2020-06-11,424.72662222199256,433.73898036140145,407.0006463933869,411.73089599609375,45562670,,404.56487949488616,396.76404243370564,54.48692173607257,7.800837061180516,-188500721.6952767,-20171480.0,72.02860700209916,78.16502884108091,16.32815697692835,441.4539298060615,332.52442712753225,25.772254294769795,400.832631295624
2020-06-12,388.3783721923828,410.78481674194336,387.53190043126233,406.30352783203125,47813512,,404.83236385444695,397.47067098172977,52.800658941573694,7.361692872717185,-159116395.79879597,-67984992.0,66.09777203890418,74.22204773824933,15.852411059613587,442.1113329550825,332.46950505761276,25.65987867120277,400.849248934246
2020-06-15,404.2620321575061,404.2620321575061,382.0547395148502,387.9800109863281,39577100,,402.2396941824287,396.76765913021853,47.460330415988416,5.472035052210174,-177573851.4254526,-107562092.0,46.58592812981345,61.570769056938936,15.17169297620828,442.1641506374073,332.52124975321766,25.55908650305836,400.66964507649993
2020-06-16,403.21641763431376,403.31600791193534,358.9014488637431,379.9635009765625,96186227,,398.81258753537236,395.5229066743921,45.30157649809962,3.2896808609802406,-182534166.51619393,-203748319.0,25.074083654634745,45.9192612744508,14.562440453746756,441.68011167857605,335.27082826283015,26.90590597056792,399.78620389542857
2020-06-17,375.88053795862663,396.09611640716935,373.7394535573928,387.9800109863281,56949066,398.5728063964844,397.1460372970579,394.9641736604615,47.85582341909437,2.181863636596404,-166933366.70244756,-146799253.0,34.61762867704676,35.42588015383165,13.99670596860391,440.89102909174164,339.555314902399,26.58096003336854,399.43228701927416
2020-06-18,384.3949969839991,406.35330006994576,382.4033130618022,403.7143249511719,43773580,399.50391845703126,398.15654308999854,395.61233301532894,52.54029157381139,2.544210074669593,-132806337.94611876,-103025673.0,53.349113267888384,37.68027519985663,13.022297297004894,441.49680298174604,343.2216998258711,26.39303338870962,399.3948721404265
2020-06-19,405.8056086561187,420.5440578694409,405.8056086561187,415.3158874511719,52085319,401.32830017089844,400.7964422224867,397.0718555661322,55.700438398315264,3.724586656354518,-117673471.68799362,-50940354.0,67.16061402248096,51.70911865580536,12.645585557377212,442.41173730651616,348.2668790264916,25.70994049796386,399.71968864672385
2020-06-22,418.2536297046751,434.08751103678645,416.36153602938623,428.3614196777344,40454004,402.1508660888672,405.0372079848325,399.38960105588046,59.00591011583749,5.64760692895203,-103355499.43200228,-10486350.0,82.69114089687652,67.73362272908196,12.800737924367525,440.3876944083249,359.5721658211673,25.214346432796052,400.17392759344284
2020-06-23,428.7099816110351,443.1496906316159,428.61039133275597,441.8052978515625,30757220,403.1925164794922,410.69383719509864,402.5315045222273,62.14100405738679,8.162332672871344,-78286281.81128561,20270870.0,98.40424826460169,82.75200106131972,13.263208423836714,439.08194742885416,371.07035664829425,24.46962675573073,400.6577765102324
2020-06-24,446.1371929188869,446.63511389312674,420.4444828043855,422.88427734375,33577082,403.28214172363283,412.56928952566034,404.0391173238216,55.68621996788585,8.530172201838752,-105607601.5095814,-13306212.0,72.9284801433724,84.67462310161687,13.280909211222129,440.5404070797629,373.36124086945586,24.59255563666005,401.06323844542203
2020-06-25,417.2578086136133,426.91748841559695,408.6437811726391,419.94659423828125,49853200,403.33691345214845,413.70425948144816,405.2174489471149,54.735575307014365,8.486810534333245,-93789527.82304242,-63159412.0,69.58006981025241,80.30426607274217,12.7301923610053,441.50499973239783,375.4588644033443,24.14120932282418,401.4139845408145
2020-06-26,424.2287083597763,426.9672739653852,416.26197205255045,423.08349609375,32610915,403.48728637695314,415.1472189602638,406.54085984686566,55.60707040720764,8.606359113398128,-84840449.00141849,-30548497.0,73.15555232818683,71.88803409393721,12.220955371407298,441.94953659194505,378.9877406297346,23.181501650682076,401.68265583247364
2020-06-29,413.2744216398585,414.0710830674684,400.6770266728288,403.1168212890625,36319455,403.1337622070312,413.29638854930977,406.28722736110245,49.12386250224156,7.009161188207315,-107928361.8662061,-66867952.0,50.39727043263364,64.37763085702429,11.677709004942729,441.7662195730489,379.95279287812303,23.126142205699157,401.74356177357896
2020-06-30,408.29524445844976,413.0752741885174,402.3699720472288,404.95916748046875,26951915,401.69676330566404,412.01373915410346,406.1888525551296,49.706531221314194,5.824886598973876,-121843040.86593927,-39916037.0,52.497201161378655,58.68334130739971,11.173265950368489,441.6853813730602,379.69006723533823,22.238939343955543,401.7965094415145
2020-07-01,408.295220816954,435.531505649588,404.95914403214164,431.44854736328125,53380512,401.2446514892578,415.0037096478231,408.0599410594371,57.28191412490904,6.9437685883859785,-82720531.34052214,13464475.0,82.69014918645057,61.86154026015428,11.085454065429891,444.1148589297931,379.6207367733319,22.834183792062028,402.24709912331105
2020-07-02,439.16631322427867,439.66423421432887,419.5482140600265,421.4403381347656,50362770,401.2954400634766,415.9939601842758,409.0510815835355,53.974052784253686,6.9428786007403005,-123609000.87188119,-36898295.0,71.2826589999142,68.8233364492478,11.176578028618705,444.55399640889084,382.05460344462483,22.640029246507765,402.7103648227617
2020-07-03,428.2120610137861,429.8054142956956,421.8884582206779,426.66851806640625,31044457,401.2416644287109,417.63619985844974,410.35607687856293,55.42224691171351,7.280122979886812,-117165726.24067867,-5853838.0,77.24180812458557,77.07153877031679,11.26119313729403,445.8921875991048,383.02178945167645,21.620389740395066,402.9786016849635
2020-07-06,432.344804794446,435.78047190295007,429.30749880454675,432.1954345703125,18424079,401.3203363037109,419.8760821218133,411.97380707795173,56.96385667969487,7.90227504386155,-119149892.42580283,12570241.0,80.19130459027365,76.23859057159113,11.609376174259987,446.4515717656022,382.8358458369369,20.72693003297712,403.17750454776404
2020-07-07,431.6975112842043,447.1330624373881,424.4278767683343,445.48992919921875,37991679,402.1847271728516,423.81667397987565,414.4564827906382,60.502221150044186,9.360191189237469,-86656991.67396697,50561920.0,97.4615485862068,84.96488710035533,12.417840527121303,450.52792640741836,381.4781404871129,20.868234006982597,403.6697987543183
2020-07-08,448.1289044927936,459.4814973284738,439.1663264029377,442.30322265625,45877067,402.52032653808595,426.66075839162556,416.519204262165,59.24481808914916,10.141554129460587,-118366164.13714473,4684853.0,70.78746823040277,82.81344046896106,13.64557770885226,453.01248402216635,380.6566382922868,20.828729501164986,404.37652798539466
2020-07-09,445.98784999022513,455.09979829814483,444.1953161388841,451.8633117675781,29162679,402.4864678955078,430.53807429561823,419.137286299603,61.80911034952194,11.400787996015254,-106514645.15377763,33847532.0,87.04488710474543,85.09796797378499,14.785619377602433,457.9938215645293,379.68854232707224,20.25500422550283,404.84883570273644
2020-07-10,448.029316357357,449.5728897146296,435.1829604452345,437.77215576171875,25676354,402.4964263916016,431.65100990578753,420.51764700050046,56.19651848512798,11.133362905287072,-122951051.64929824,8171178.0,63.08215799801436,73.63817111105418,15.211639824719779,459.95274991275033,380.87647677182,19.99967187527717,405.1712415228429
2020-07-13,442.10405334463775,444.5438479290385,430.9506111595099,438.2202453613281,21326370,402.3998291015625,432.6616615143322,421.828950582784,56.33231046106839,10.832710931548206,-121466826.73636839,29497548.0,63.84415720421988,71.32373410232655,15.319121691595077,460.2231510693099,385.63009905276044,19.542069367723702,405.41297335597983
2020-07-14,433.0916591528812,433.987910832178,413.672741075151,415.96319580078125,25685579,402.6965905761719,430.0926667891705,421.3944502285616,48.31965109803617,8.698216560608898,-141360511.6488726,3811969.0,25.99490983851761,50.97374168025061,14.351382269173646,456.6421692553483,392.81105034914395,19.899600433327517,405.5522200838072
2020-07-15,422.2370013819996,442.60198211908016,420.9921989015102,424.8759765625,43250557,403.4464599609375,429.2900990619904,421.65234106811255,51.306546456925375,7.6377579938778695,-169064818.56290305,47062526.0,41.151547866791674,43.66353830317638,13.904124654979444,453.68103311764884,399.46178304446056,20.380970853682616,405.90236970083623
2020-07-16,430.1539705955522,434.336488824724,416.7101033911761,432.1954345703125,30183647,404.3457061767578,429.7370737555784,422.4333109571644,53.674457941688665,7.303762798414027,-146213908.73316884,77246173.0,53.598659329923024,40.248372345077435,13.23177880495351,453.06849127153373,402.9224358524897,20.18421475224442,406.12311398073916
2020-07-17,432.19541551433036,438.0708770664573,422.8345070628944,431.2991638183594,33464985,405.0577331542969,429.9773953036986,423.0900407987344,53.33245374457479,6.8873545049642075,-142495547.39994848,43781188.0,50.65385949450504,48.468022230406575,12.814294436925158,453.2104137550673,404.3788410056749,19.830797270195742,406.39579851926453
2020-07-20,435.88006218260125,440.9588321472608,427.5149649428847,432.1954345703125,30400586,406.0924139404297,430.3186321139468,423.7645144114439,53.65050234115638,6.554117702502936,-151728262.98499972,74181774.0,49.95435613378617,51.40229165273808,12.589553387024134,453.4456656409415,404.5269906090585,19.374587979780053,406.66644343263397
2020-07-21,438.1704938116071,449.12475615689726,436.67673076452206,444.3447265625,43147019,407.41987243652346,432.4764927983396,425.2889745707814,57.844508844403,7.187518227558201,-141718070.30547813,117328793.0,66.95659955867974,55.85493839565697,12.831002775270795,453.86214980212094,404.3644493189728,19.199926094551817,407.1784565543111
2020-07-22,476.0124645777551,482.58502769817915,458.186899283629,476.9585266113281,89611937,409.25421325683595,439.31988261572246,429.1163487960071,66.58539585324536,10.203533819715346,-93437308.57912228,206940730.0,91.83527152765987,69.58207574004193,14.46803289406621,463.96259260188447,399.6714314459671,20.55995288320377,409.0192805354492
2020-07-23,470.98347074179867,472.77597412723935,457.290643687034,458.93377685546875,40249567,410.18731689453125,442.3374048064527,431.32504717078206,59.27073509293462,11.01235763567064,-125145191.71797246,166691163.0,65.67919597256993,74.8236890196365,15.922737964135825,467.4861097349472,400.04663257462306,20.49623360042451,409.6932251763333
2020-07-24,454.7014854341536,454.7014854341536,439.7140443694563,443.7472229003906,30566635,411.05668701171874,442.5542998978278,432.2452083359383,53.89837008018465,10.309091561889488,-139260626.60812962,136124528.0,43.64168321645817,67.05205023889599,16.07277278337022,468.41279283863463,401.18632215159977,20.405054949395076,410.03473935163544
2020-07-27,445.1413867306695,446.13722875914976,428.11248196552,429.755615234375,21924237,411.9131115722656,440.5852714880658,432.0607940321188,49.451093281236055,8.524477455947022,-157187643.1621044,114200291.0,23.33818096503221,44.21968671802009,15.525790997086203,466.5795259107668,405.68346847399886,20.235032938268983,410.1995795940356
2020-07-28,432.1954211551586,438.17047306052945,422.63533202842814,435.23272705078125,33057573,413.47160400390624,439.76180311309895,432.2957520335012,51.15031090814008,7.466051079597776,-136632660.6403028,147257864.0,31.286127673531052,32.75533061834047,14.710095894144969,464.54752262172127,410.7428277200756,19.89932637354272,410.41747131633264
2020-07-29,433.93813144098965,445.14135342311505,432.49414845146407,439.06671142578125,24404819,415.1924188232422,439.6548659304347,432.79730458107747,52.35760815176574,6.8575613493572405,-135671841.91815662,171662683.0,36.84969922641407,30.49133595499244,14.306521987036396,464.78202566644745,411.2701410815994,19.381317701979025,410.6259797326096
2020-07-30,440.06256688080236,444.04593481887827,422.9838829244389,424.0793151855469,26861618,416.454150390625,437.2586273542981,432.15152758881595,47.423521838891915,5.107099765482133,-159739327.31510025,144801065.0,15.101188221083268,27.74567170700946,13.382209160810193,464.6097974891889,411.7062669639361,19.50137014429762,410.78378968169125
2020-07-31,427.2162188645933,432.6435699318515,419.54822329280057,429.8551940917969,27499638,417.9369592285156,436.11963762160565,431.981428811259,49.40246305378285,4.1382088103466685,-143950616.61209705,172300703.0,23.482681840422693,25.14452309597334,12.522170309852442,464.52766884102584,412.1070632146382,19.04379703678,410.91823866818083
2020-08-03,429.80543425104975,430.1041747093528,413.9715517565522,415.61468505859375,23824107,419.5382733154297,432.9650295349884,430.7690774221727,44.91383463099168,2.1959521128156894,-162921677.2454111,148476596.0,2.3947676159701845,13.659545892492046,12.037946434021068,465.4135411154425,409.5631159890497,18.835856030781468,410.98093096929057
2020-08-04,420.0959359334311,429.40706431605304,415.6146471237859,427.3655700683594,24746211,421.28796752929685,432.1035742324301,430.5169657663347,49.02926883548473,1.586608466095413,-145501121.5971123,173222807.0,19.520973289856624,15.132807582083165,11.588309977891935,464.5860656385636,408.57815555284265,18.475610399459015,411.07560393665375
2020-08-05,437.1746273375468,444.99199292502266,431.3489457014948,433.1414794921875,36932321,422.2429803466797,432.2632519647005,430.71137419047193,50.96829898750921,1.5518777742285579,-172728509.04721722,210155128.0,27.939012668508695,16.618251191445164,11.304525439664856,464.03824000362874,408.20980687137126,18.414954146402177,411.3458548495719
2020-08-06,434.18708022472214,436.47750450082674,425.3240931514827,431.1995544433594,33465135,423.08048278808593,432.09960619218646,430.7475356906858,50.27579949816788,1.3520705015006342,-170935712.789891,176689993.0,25.108774115253908,24.189586691206404,10.656938593180925,462.1137631954488,408.0679079471293,17.89627251804088,411.5333980580301
2020-08-07,429.65603816671745,435.1829490475459,425.3738993810373,431.4983215332031,15569399,424.0434619140625,432.00710086003517,430.8031494567982,50.38748467606626,1.2039514032369425,-167063152.50262633,192259392.0,25.54420911653256,26.197331966765052,10.055607950017276,461.81393995798396,407.74034776174256,17.318613742931433,411.61804292818135
2020-08-10,432.1954001352797,435.1829259426665,427.5149308807669,429.3074645996094,14888044,424.7236218261719,431.591772204585,430.69235798589534,49.50931071377183,0.8994142186896852,-174990492.78224617,177371348.0,22.35116736558319,24.334716865789886,9.497229495651029,461.4203670218481,407.2426426217066,16.629283837143443,411.698216734036
2020-08-11,433.49003138168234,448.02933136208077,433.49003138168234,446.1372375488281,30469633,425.47847045898436,433.82953610369935,431.8364231387052,55.87174811623147,1.9931129649941681,-152451283.41599786,207840981.0,54.699433300291886,34.198269927469205,9.798790673792979,462.01458058127827,409.66583323708113,16.77875404609544,411.96169493267536
2020-08-12,442.95051184832715,450.86746794757954,437.1248604292508,449.2243347167969,23184137,426.306015625,436.1979666595605,433.1244165889342,56.943532306549734,3.073550070626311,-134811163.5729909,231025118.0,86.55251746611911,54.534372710664734,10.24632823421541,463.34361952308103,410.77163011070803,16.561886436969246,412.17975088060956
2020-08-13,452.2118376156596,454.85081271694224,443.4982205138025,446.2367858886719,21885850,427.37654541015627,437.7424003871161,434.0957032037296,55.53771771114861,3.646697183386493,-146138045.20046204,209139268.0,78.92812485867364,73.39335854169488,10.898492439927574,464.2380824966911,411.28130226893387,16.189793991695712,412.39790727054066
2020-08-14,449.6226717699908,449.6226717699908,423.83036954504337,434.0377502441406,36725538,427.98500549316407,437.17245421127376,434.0914103919082,50.09887172328951,3.0810438193655614,-153795100.32710528,172413730.0,49.08650013764089,71.52238082081122,10.214898883161743,464.2680651469041,411.525178261299,16.87568743692798,412.63368721823366
2020-08-17,437.27421755064313,439.1663112260879,423.58139038656446,436.3281555175781,30198343,428.14234802246096,437.0425621045514,434.2570952160319,51.06778547844253,2.7854668885194656,-134595542.6857875,202612073.0,54.68935405336307,60.901326349892535,9.596759220907828,464.35727736221037,411.84923814071936,16.783489822827654,412.80101907448415
2020-08-18,437.67255767295313,445.3903331495524,433.49000912936043,443.94635009765625,21768516,428.65520629882815,438.10468333425985,434.97481779985594,54.24973153276148,3.129865534403905,-118109801.86326934,224380589.0,73.32519628999198,59.03368349366531,9.232960917560893,464.31898486524375,411.84769299120154,16.434692265496533,412.9665024872474
2020-08-19,444.1455307825622,450.070802822595,440.61030384852694,442.35302734375,18127671,428.9888134765625,438.75827472033524,435.5213518401444,53.46663167146344,3.236922880190832,-129558857.2316904,206252918.0,69.42756527496434,65.8140385394398,9.209794331507938,455.7881795109615,416.9179484187259,15.93653560182307,413.11941093779484
2020-08-20,436.07919508612656,439.46505172541015,431.44853597720305,433.1414794921875,16688938,429.4170251464844,437.89415237754326,435.345064999555,49.05763567047969,2.5490873779882577,-139198989.92861432,189563980.0,46.89401737034829,63.21559297843487,8.605021014059373,451.53027715473087,418.5966210386285,15.57710387073192,413.21572900959006
2020-08-21,438.1704502827128,443.00028973328403,434.43604303598516,438.61859130859375,25087973,430.0633264160156,438.0056045207818,435.58754842985417,51.61264472437551,2.418056090927621,-139782377.33149558,214651953.0,58.62944005114567,58.3170075654861,8.192896150198836,450.879964334894,418.73407069928567,15.168654325757965,413.3855896824133
2020-08-24,442.1538466593656,447.58119769918403,440.46090310822433,443.94635009765625,18196776,431.1826531982422,438.91956537876246,436.20671892376544,54.028017722133804,2.7128464549970204,-140164188.7071124,232848729.0,65.12739345142148,56.88361695763848,8.137959608228828,451.88506050998967,419.1480480105181,14.725365187531702,413.5329502059417
2020-08-25,449.0749758229288,454.50229665489485,445.2409779272582,449.9214172363281,26273592,432.5818115234375,440.61215797223406,437.22262250247377,56.64201045898349,3.3895354697602897,-139881745.5670399,259122321.0,84.23573218420066,69.3308552289226,8.558784900416866,453.7796602693597,418.72231726970284,14.427549571082196,413.78390420541604
2020-08-26,450.1205880003185,462.86735355732736,447.1330619737677,461.42340087890625,25914508,434.05067932128907,443.81388765018363,439.01527275257985,61.21395809540473,4.798614897603784,-118723641.5065301,285036829.0,96.32450737647761,81.89587767069992,9.471407183636172,458.0424904635907,416.6951560207843,14.520888286259154,414.0771057032266
2020-08-27,462.07068053201033,472.52702136301485,462.07068053201033,471.0830383300781,19544214,435.3980535888672,448.00914160093663,441.39066279535746,64.59087284638332,6.618478805579173,-104577398.72116452,304581043.0,97.04982241697634,92.53668732588487,10.85590758257195,464.1590272269005,415.27899157192763,14.276797728962688,414.35356508856603
2020-08-28,474.46890928806505,510.8669204084561,474.0705481954719,507.0827331542969,59179945,437.2333905029297,457.0973864552998,446.25674208120483,73.76004922235771,10.84064437409495,-57569740.286513515,363760988.0,95.6645881015901,96.34630596501468,13.615510712245541,481.34000537407627,405.82076733100183,16.098732325349495,415.60933746473177
2020-08-31,522.2693445981524,531.6302228494242,484.27794830990035,494.68450927734375,55830536,438.5598522949219,462.88002073561427,449.8439840957337,67.29674629878612,13.036036639880592,-88860636.64389853,307930452.0,65.80646664110878,86.17362571989175,16.700007751422124,489.11727141056497,405.95048371638813,18.33112819779052,416.8468226380564
2020-09-01,492.9915484203946,501.3068348354979,477.65558836807867,483.6804504394531,33276725,439.39735534667966,466.08008684389716,452.3503890100833,62.0958963208232,13.729697833813873,-105183694.6489484,274653727.0,55.62212814612956,72.36439429627616,19.033932006476814,493.67891660309186,407.02032656097066,18.711136645621142,417.4350017976134
2020-09-02,484.9750902470443,485.92115237402743,470.1370494161862,482.3858947753906,20750575,440.5873876953125,468.58867267951155,454.5752412889949,61.49380257346021,14.013431390516644,-93728374.26566891,253903152.0,54.424007227509286,58.617534004915875,20.61732009381675,497.5244603845407,408.09922430784206,18.502062810779723,417.7552185283844
2020-09-03,486.36921503515595,487.9127883324779,471.132844957537,472.97515869140625,14045705,441.647958984375,469.26351668134146,455.93819813361796,57.15524972664796,13.325318547723498,-104689850.1183858,239857447.0,45.71430082025201,51.920145397963616,22.152160808524545,499.281472801338,410.5197723158495,18.37905427964838,417.96264485285
2020-09-04,467.0498886631357,470.9834766407732,450.7180862677644,453.3072814941406,29405304,442.2524346923828,466.80871126792596,455.7433154195826,49.32307660692301,11.065395848343371,-126581252.69871753,210452143.0,21.819103071021132,40.652470372927475,22.105028066966828,499.0709703872583,412.911170726023,18.656055575647912,418.2547592315257
2020-09-07,455.09978110108375,465.207571036461,448.7761785021768,456.792724609375,25967554,443.3259527587891,465.2677902435335,455.8210494336413,50.614622156288746,9.44674080989222,-127210711.52537037,236419697.0,25.298225078299726,30.943876323190953,21.934201306436737,498.66967883348013,416.0609882807777,18.49715107269336,418.5002735204906
2020-09-08,457.88812039667204,460.47731556710494,439.4152642213732,442.50238037109375,21052285,444.0768170166016,461.7654194939274,454.83448135493404,45.49505700028525,6.930938138993383,-142091627.18007722,215367412.0,11.03379743244847,19.38370852725644,21.17153920928099,498.71531669571,415.6518647007744,18.68035823505324,418.6485943633109
2020-09-09,438.0708750784527,441.50654201988294,423.23283585258156,429.45684814453125,31657672,444.03698303222654,456.7948700555588,452.95465667268195,41.380211130857695,3.8402133828768683,-152184134.69088486,183709740.0,5.741847164757748,14.024623225168648,19.77885304609771,499.34682385355944,413.04360888569835,18.722442969586023,418.7460252093704
2020-09-10,434.635283465634,446.8343488191445,428.9589715122151,444.9920349121094,34434841,444.5080169677734,454.9790492642589,452.36483283856546,47.472939503501735,2.614216425693428,-124847301.79125106,218144581.0,20.07354573977103,12.283063445659081,18.53394225979549,499.34540668388763,412.9205509577139,18.661938279396264,418.9233878566765
2020-09-11,444.14552312190995,447.97952082340885,437.42358975627565,445.3405456542969,18620781,444.88145751953124,453.49620255503396,451.8445152693604,47.604506172171746,1.6516872856735745,-115536884.4864959,236765362.0,20.39505786459527,15.403483589708017,17.441273863063127,499.02650017555254,414.3697370070646,18.082937764234618,419.0328158728981
2020-09-14,450.1205416314363,453.108067350229,436.178754943737,438.7181396484375,17622727,445.01191162109376,451.22265441555754,450.872191149292,45.28344515030546,0.35046326626553537,-127872818.69486995,219142635.0,14.285679964136953,18.25142785616775,16.716574158934897,498.92822948578714,414.70700610991594,18.00053595296729,419.1316697128428
2020-09-15,439.2160986781688,450.020990375972,434.08751849443684,447.6807556152344,17328721,445.05572814941405,450.6777469078155,450.6357885171396,48.9137741243791,0.04195839067591578,-115634422.70938487,236471356.0,22.55397518333623,19.078237670689486,15.905021741210062,498.9176617614698,415.0910143859912,17.85288851929357,419.23323791492203
2020-09-16,447.6807345637024,448.72638684116936,438.17045613789236,444.1455078125,20016188,445.0925738525391,449.6727870469977,450.1550269834626,47.57299425669162,-0.48223993646490726,-112990788.28528857,216455168.0,19.292597856189637,18.710751001220938,15.151437353322715,498.88908495387267,415.2988392404632,17.331677246720954,419.3483550406192
2020-09-17,439.1165370012971,444.593667938246,436.6767119731092,441.05841064453125,14306232,444.8764758300781,448.34749836969513,449.4812035509492,46.37749659656044,-1.1337051812540722,-111461237.43554218,202148936.0,16.4446535897299,19.430408876418586,14.34059090367298,498.51283894397744,416.4667783655929,16.659197155179232,419.42022860538293
2020-09-18,442.7015534570682,447.4318030052931,434.236896370771,441.5065612792969,20809690,444.9511639404297,447.2950465096339,448.8904893086046,46.58733784806828,-1.59544279897068,-109340947.35451508,222958626.0,23.405648057958263,19.714299834625933,13.789133326053701,498.4101054378491,416.8583088687915,16.41174783227515,419.52528849658455
2020-09-21,441.1580111290581,442.1538531406361,418.8013458128572,421.5897216796875,19013877,444.61855346679687,443.3403811511806,446.8682102249811,39.23823479749551,-3.52782907380049,-123814169.68154879,203944749.0,4.03460811288762,14.62830325352526,13.447476051031916,499.875863656342,413.1568878085017,16.907516367668272,419.56057659967814
2020-09-22,422.2369681052791,424.87594307780046,404.6105542144223,410.286865234375,27558176,444.50502685546877,438.25522485628744,444.1584809664177,35.78794427789387,-5.903256110130258,-135934321.84956786,176386573.0,6.814116187938339,11.418124119594742,13.953831212694535,502.31614087339904,406.7531553912494,17.14736440307612,419.5204862390157
2020-09-23,416.36153600812,421.1415653339409,404.41143230288253,418.0046691894531,18612700,444.3676007080078,435.13975475369756,442.2211615755314,39.68774136103143,-7.081406821833866,-124301375.89696456,194999273.0,20.418836497760616,10.422520266195525,14.434865955065453,502.5794070561564,402.1480160395467,17.11756216221771,419.4990926261401
2020-09-24,412.27860527127166,412.5773457275121,399.48202895705725,400.7766418457031,21177182,443.7392248535156,429.8531219986215,439.1511971510997,34.63154637552488,-9.298075152478248,-141291373.54045403,173822091.0,1.9697256921545607,9.734226125951173,15.1561965036215,503.0180206181666,394.678762829099,17.21792488151615,419.42537332589575
2020-09-25,405.80559368363686,414.9673517586578,398.48614928997915,413.3241882324219,20460096,443.37972534179687,427.31020911151387,437.2380853793458,40.57009611747691,-9.927876267831948,-124910989.99521898,194282187.0,23.93573122355956,15.441431137824912,15.606384674369021,493.35993753850994,394.96099141656816,17.165301852027756,419.3764704725871
2020-09-28,418.25362612051794,438.7679767178994,416.3117221286844,437.423583984375,19387091,443.48428833007813,428.8661129381079,437.2518260167554,49.97093483829765,-8.385713078647484,-107845200.09741557,213669278.0,71.28536689511068,32.39694127027494,14.77510157141962,484.7294490771322,397.8653873486491,17.756622325845594,419.42681661753164
2020-09-29,440.56049577568854,441.45674749969515,423.033670455627,425.0751647949219,19996904,443.09889709472657,428.2828901468485,436.34985111143436,45.959270442511574,-8.06696096458586,-123410318.22128063,193672374.0,48.67828968512991,47.96646260126672,14.173562144204267,477.67826593459307,399.0560419267351,17.804226234290063,419.47386687756347
2020-09-30,425.22451200081406,426.3199442222786,417.0088159258569,422.88427734375,18485278,442.017412109375,427.45233433098724,435.35240120271703,45.26494590611037,-7.900066871729791,-118566621.63722998,175187096.0,44.66728544182368,54.87698067402143,13.185433433988987,469.60278902039624,401.1813570977678,17.197576381585183,419.4846537926644
2020-10-01,428.4112652807674,443.44845603604574,425.6228892854329,441.8551330566406,21083211,441.67583923339845,429.6681495195493,435.8340850437484,52.02371403790512,-6.165935524199142,-101252420.06463479,196270307.0,79.39850028485633,57.581358470603305,13.318405611183605,463.61097883694214,404.0611647177454,17.438047975207365,419.5671188444088
2020-10-05,442.20363237711433,454.5520976134648,437.2244223271944,442.30322265625,24252318,441.64695922851564,431.61200692519554,436.31328042245224,52.173934563112745,-4.701273497256693,-111287864.929165,220522625.0,78.15273740391932,67.40617437686645,14.00864902843379,461.98860606611726,404.58313160478116,17.430164211711865,419.7026541256299
2020-10-06,447.6309947631116,450.81770143160435,440.8592810809233,447.7803649902344,19387351,442.0074542236328,434.0994466275092,437.1626940941398,54.0671493895559,-3.063247466630571,-103726869.03776485,239909976.0,87.92184413940646,81.82436060939403,14.64958934445182,460.30411556264346,405.3663861463409,16.896468221638234,419.8176506182489
2020-10-07,445.1413613129657,454.05415911521527,441.6559144123049,451.21600341796875,19873734,442.3271197509766,436.7327630568107,438.20367996997896,55.263437970029344,-1.470916913168253,-92951963.57829551,259783710.0,94.04969630363215,86.70809261565266,15.413129777572083,461.6021690153128,404.9396949983591,16.5751665417291,419.9454210606122
2020-10-08,453.6558133347705,459.7304556449248,445.3903368474808,450.02099609375,20909290,442.54620544433595,438.7771066009552,439.0790367198879,54.72951091945591,-0.30193011893265975,-100357349.12128611,238874420.0,84.14634742550116,88.70596262284658,16.413582897501154,463.48190196823384,405.11637684035986,16.415520274280166,420.09121383063916
2020-10-09,451.41518133384733,467.8465748758438,448.2782850085127,466.1038513183594,28048230,443.3866961669922,442.98122117286357,441.08087483829314,60.290091967456895,1.900346334570429,-77304988.61199176,266922650.0,97.4874382001491,91.89449397642746,17.733898159932245,467.39559288563197,403.3138675635868,16.640718102355233,420.3399383371575
2020-10-12,471.53117752075195,478.004150390625,460.37773518869653,466.0540466308594,21261504,444.1106732177734,446.5308866279398,442.9307394155203,60.26540516625629,3.600147212419529,-84872622.69570987,245661146.0,84.97182575723906,88.86853712762978,19.40031731901136,470.89942862152003,401.881381925355,16.711125038039036,420.5606349211818
2020-10-13,463.9627704942326,471.0332546012682,457.8383484205773,459.43170166015625,15582492,444.9870135498047,448.51562740212694,444.15303291512294,56.92754896327161,4.362594487004003,-96691781.5171464,230078654.0,76.64371780804498,86.3676605884777,20.697171313566695,473.3660162384346,401.4861505096123,16.459966548228454,420.70295977657537
2020-10-14,456.095615660588,472.676378143038,452.11224783822485,469.3403015136719,13984621,445.8265081787109,451.7194234192877,446.01875651501547,60.45660585302182,5.700666904272225,-87244553.20987049,244063275.0,89.1045439308927,83.57336249872559,21.341909972685123,476.8451952987068,400.17292603918384,16.753121102270217,420.8357343775748
2020-10-15,471.4315950781003,479.94606238282415,458.0873184027656,460.676513671875,28971494,446.3772088623047,453.09743730430114,447.10451630441247,56.12641925718589,5.992920999888668,-109352628.59146641,215091781.0,76.34474678485549,80.69766950793105,22.303171129417915,478.8179078055752,399.85331411825297,17.11780845068367,421.1177511107029
2020-10-16,463.2159059093988,473.5228768140888,461.0748516612474,470.4357604980469,16288157,447.16193298339846,455.7648716418005,448.83275661505206,59.63373298623042,6.93211502674842,-101143413.36986971,231379938.0,85.05476469655301,83.5013518041004,23.195770774955516,482.55458898967095,399.05436791950876,16.812705214364392,421.28210707540416
2020-10-19,475.0664173633202,493.8380452765782,474.26975591386014,490.90032958984375,28131936,448.34997314453125,461.1703267107302,451.9488731317033,65.80657454901419,9.2214535790269,-81458166.61832945,259511874.0,96.17630462838049,85.85860536992966,24.90802793537548,490.3962907860326,396.1520429542018,17.283389468947746,421.6707905793085
2020-10-20,483.82982272121706,496.5765876628775,483.082941250635,491.8961486816406,21376064,449.60174682617185,465.8973762447164,454.9079305798468,66.0784094880197,10.989445664869606,-74911209.61497365,280887938.0,94.11766990697416,91.78291307730255,26.59911621131088,497.28543871113783,396.2935377292918,17.012693536325944,421.9819430873528
2020-10-21,494.83389083483127,505.38982226470426,484.5767302436646,499.364990234375,27029535,450.66630187988284,471.0462399354331,458.20104610981184,68.12517440580142,12.845193825621266,-63530325.76861144,307917473.0,92.44695539203582,94.2469766424635,28.48154003788155,503.74901586340957,398.73777307702017,17.284150570948352,422.4050533966144
2020-10-22,493.93766280676806,510.8669778626452,493.5891120068918,508.1781921386719,30022336,451.84537902832034,476.7588479667006,461.9030569267644,70.39514316020436,14.855791039936207,-42852156.35852039,337939809.0,96.34886961156727,94.30449830352575,30.41036306253606,511.4555651303758,400.0485761049757,17.283701662720137,422.9181275374199
2020-10-23,511.7632178759388,513.3565407315193,502.40227895063333,505.091064453125,18810262,453.02246459960935,481.1176505030736,465.1021685953837,68.55349270462617,16.01548190768989,-52428247.9917101,319129547.0,88.59891212684428,92.46491237681579,32.2830283432465,514.6005431420753,407.3350403540185,16.8315988140177,423.24704274118756
2020-10-26,506.13671582552445,507.73006916449975,488.85885038767657,491.2986755371094,17446937,454.16768310546877,482.6839620467714,467.0426505910671,60.88916426740535,15.641311455704283,-65363820.23285845,301682610.0,69.2361610675375,84.72798093531634,32.559471381679266,515.3212654088993,414.41176681766325,16.977285954218093,423.51008016392655
2020-10-27,491.9459270085128,510.12004273301756,480.6431147126701,505.9873046875,24239860,455.5608660888672,486.2690916838066,469.92743978339547,65.33417229514959,16.341651900411136,-47920936.60508209,325922470.0,89.1574994292863,82.3308575412227,32.05099979307438,520.1235824599382,416.4658218369368,17.870117530370187,423.887161035956
2020-10-28,508.6760828515288,515.348236426269,491.44802836012315,502.6014709472656,30343575,456.73396850585937,488.78176541664646,472.34773838812663,63.541495763712355,16.434027028519836,-49943810.73800143,295578895.0,80.99481927516543,79.7961599239964,31.851313697696618,522.0502190150257,422.29181589708367,18.300838282925586,424.3801361605619
2020-10-29,503.89604385039445,514.2029840711496,487.31528089669547,491.79656982421875,50934336,457.72283935546875,489.2455814793499,473.78839256857793,58.06600168374066,15.457188910771947,-83900015.54794788,244644559.0,62.75591300472992,77.63607723639387,31.280574089822284,520.6903674320862,430.54289672807016,18.914185775177625,425.1385894932882
2020-10-30,492.94178392439323,499.46453678772457,479.59750736700136,490.4521789550781,23140833,458.8690533447266,489.43121186023114,475.02274711572613,57.40318820052762,14.408464744505011,-81754114.71671712,221503726.0,60.629922885560966,68.1268850551521,30.065525313389227,520.755684986068,435.33728376393196,18.98224603557374,425.44094514563307
2020-11-02,494.7841247522435,529.4892260015445,493.0414011783687,520.4768676757812,37597227,460.5062188720703,494.207466601085,478.3897190090636,66.57870158474613,15.81774759202142,-62750023.708942614,259100953.0,88.35266181274122,70.57949923434403,30.437241601157734,525.1699321908999,438.74040106105326,20.41473182206607,426.1108079738046
2020-11-03,522.8170377148457,534.7671414340422,521.8211957382459,531.9290161132812,25991938,462.2658721923828,500.0107819106537,482.3555928686353,69.29544845217687,17.655189042018378,-48154453.20605051,285092891.0,96.2987325627978,81.76043908703332,30.987306909630867,531.5784523737237,440.7467459905342,19.97727053179427,426.64664759412204
2020-11-04,522.9165899408661,531.6302071084863,508.8752425890202,522.9664306640625,28905623,463.7267724609375,503.5424201804089,485.363803075704,64.85238195898239,18.17861710470487,-41260014.22214147,256187268.0,83.98650549960766,89.54596662504889,30.46406839652591,534.891786156924,444.6084549319431,20.197020745541895,427.18822926450866
2020-11-05,532.6758880030347,540.2442625763491,525.3564131380173,537.0575561523438,23728389,465.23945556640626,508.69859494532193,489.1929699702699,68.29438565577871,19.505624975052,-27689628.225975014,279915657.0,95.16979120388449,91.81834308876331,30.359064458346012,539.861476224529,448.3424208701975,19.98850725745223,427.68934879006235
2020-11-06,536.5098496433992,543.7297037685308,528.9912550900532,539.4973754882812,22256961,466.6077423095703,513.4368688750079,492.91922223086334,68.86296278925892,20.517646644144577,-18215391.856996637,302172618.0,93.40061853838418,90.85230508062544,30.411368307124945,545.6823599524432,449.86088955927545,19.613503073239762,428.1690805866028
2020-11-09,547.7130907963995,565.6382464951907,545.9703673256836,562.7005004882812,26041462,467.72009765625,521.0158891232038,498.0882058054869,73.69438668501752,22.927683317716912,46563.227667529136,328214080.0,96.5856336932059,95.05201447849151,31.280084115956246,555.9329639875455,449.27493090991555,20.07974363993046,428.83043084165365
2020-11-10,569.6215974938353,585.5550687524042,565.8871901676083,581.17333984375,34935409,469.44987426757814,530.2708815417494,504.2426601786916,76.78307705782245,26.02822136305781,19415728.93498291,363149489.0,95.86463783106863,95.28363002088624,32.66204817858581,568.3369434115957,449.0451153042246,20.277945398801346,429.8389602519571
2020-11-11,577.4389642297091,608.6088677161897,574.0033579259966,606.1192626953125,50289937,471.8986505126953,541.9398632576822,511.7890751799228,80.1692936339881,30.150788077759387,62469703.77670951,413439426.0,98.07024357069119,96.84017169832191,34.47010465942865,585.9523204265481,445.1076344074363,21.301342855329327,431.44781156508105
2020-11-12,599.4471265175506,607.9117838347213,586.3517794143194,597.2064819335938,34244439,474.1950622558594,550.4424199770532,518.1162904950096,75.90935163842437,32.3261294820436,62707001.51816315,379194987.0,91.1617195945119,95.03220033209057,36.149014248782706,596.554399343225,448.15855231693126,21.31981868140594,432.5316256222081
2020-11-13,592.5259835675573,609.8038177674408,581.8704621269588,607.8121337890625,28813262,476.8918017578125,559.2685297942854,524.7604270353098,77.44518376505329,34.50810275897561,87411418.66408843,408008249.0,98.47036293997346,95.90077536839219,37.34173079363071,608.2062474744421,450.24434151481563,21.7922141784828,433.4472483782925
2020-11-14,611.3972474325335,615.4303956360088,603.0321497812413,610.6005859375,3211214,480.0376678466797,567.1657692009338,531.118957324361,77.84510590767036,36.04681187657286,88120738.0085274,411219463.0,96.44430022798034,95.35879425415523,38.590862675951406,619.6220152937507,450.7985993302729,21.12121644107457,433.5546833266618
2020-11-17,610.600534288079,628.2767294312995,606.4677657589467,626.1854248046875,25960060,483.42552185058594,576.245716216896,538.1609178784593,79.98154500546482,38.08479833843671,109102075.0943388,437179523.0,98.59341164314972,97.8360249370345,40.05306674850589,632.6169509385194,451.23259129780865,21.17034124330873,434.4705122127696
2020-11-18,622.4012936422239,637.3389246896372,619.4635473799573,633.654296875,24928180,487.2485601806641,585.077805548912,545.2345015078326,80.93060806879252,39.843304041079364,123753429.73786996,462107703.0,97.66413420319351,97.56728202477451,41.60513312767739,645.4138689275499,451.86460397284077,20.93498667662096,435.3876536891225
2020-11-19,616.4262126382997,630.368000969376,606.5175723467245,608.9573974609375,26525371,490.8385711669922,588.7515889199929,549.9547160228774,69.24100018168444,38.79687289711546,102654985.63746905,435582332.0,80.33124440525596,92.19626341719975,41.974571026125055,651.9838521846534,455.37254124796374,21.377967951739144,436.28036587788444
2020-11-20,612.4428658298904,613.9366289172804,589.5384984899108,605.3225708007812,29556191,494.0451818847656,591.3009707478064,554.0560385990184,67.69130604865097,37.24493214878805,111340827.76100416,406026141.0,75.07750566904994,84.35762809249981,41.10330593617993,656.795963168691,460.5835808986918,21.5936938428556,437.1967965876646
2020-11-23,608.4096853732557,610.0527882133905,590.2355687741724,593.1234741210938,23728765,497.00084045410154,591.5813558821583,556.9499227117647,62.625349390717645,34.63143317039362,94527909.61121635,382297376.0,65.5813613267659,73.66337046702392,40.294274066945164,657.8552689806148,469.7067549451664,21.46680281402435,437.90273530092276
2020-11-24,600.4926936099301,620.0111714445711,598.0528686852579,617.073486328125,30742369,500.5679473876953,595.5032221046147,561.4035200166802,67.73126128105561,34.099702087934475,117044560.90930605,413039745.0,81.90303282118246,74.18729993899943,39.90935124891475,662.2145947317301,476.4560473581137,21.854009564699567,438.8869104535768
2020-11-25,622.4012234707939,627.3804332585602,593.521806701749,597.3557739257812,35115637,503.56144775390624,595.7882300771018,564.0666499358729,60.413689279171194,31.72158014122897,89881532.44663787,377924108.0,63.09735972022284,70.19391795605706,39.80765111990844,662.4083264657314,485.7377459219639,22.711482206993253,439.9613832552251
2020-11-26,599.7458905269111,615.629583802164,591.5799733439513,610.0030517578125,35476456,506.8785986328125,597.9751257202881,567.4693463671276,63.162784900313554,30.505779353160506,108758183.90087551,413400564.0,70.08175052722332,71.69404768954287,39.561200944410054,661.0247423353667,498.94197824568806,22.80706279636607,441.03071575816847
2020-11-27,609.4552916447777,611.0984552240154,596.2603854122724,599.0985107421875,29921076,510.0394006347656,598.1479541851958,569.8122474319468,59.33662867341816,28.335706753248928,90283308.75736539,383479488.0,46.48077586463626,59.886628704027466,39.33235435287583,655.5553707680325,515.275982991733,22.237849011750136,441.90253309947735
2020-12-01,608.4594286345213,612.4427964160893,593.7209799989932,601.1400146484375,21285697,513.2320697021485,598.6082711795407,572.1328227813166,59.82726571071613,26.475448398224103,85867697.44374841,404765185.0,42.84584177435571,53.13612272207177,38.89801290153952,653.1712980651454,525.7263703918858,21.986703826417703,442.5181000723821
2020-12-02,604.4760703234231,610.9490430698849,598.749979047707,605.5714721679688,19070722,516.911704711914,599.6795328700681,574.6097597729205,60.929285414833565,25.069773097147618,88124972.19578113,423835907.0,42.72880290169966,44.01847351356387,38.49469583958438,651.4113334859053,534.8505805765947,21.287586697543425,443.07470779914684
2020-12-03,607.6130045871648,608.4594459522917,597.8537046194622,600.1939697265625,17746316,520.7098468017579,599.7586770018365,576.5048864361532,58.82062656460011,23.25379056568329,78210467.81762764,406089591.0,33.034100375323035,39.536248350459466,38.03226793798791,645.5961036879721,548.3885642807779,20.524597742921006,443.5799709600085
2020-12-04,604.0777094466376,613.8867892348264,600.6918832468456,611.9448852539062,20019707,524.5886511230469,601.6334782713857,579.1300715337645,61.921842029417235,22.503406737621162,92337544.9261274,426109298.0,46.87486816618318,40.879257147735295,37.87874770151819,641.1412242943292,560.332176584577,20.036613583302646,444.1699413301417
2020-12-07,614.3847464086623,621.8037816140986,609.9034573185646,616.6751708984375,24658169,528.9066217041016,603.9475848293937,581.9111900052218,63.12570291217397,22.036394824171907,95742150.30527009,450767467.0,56.77077500342875,45.559914514978324,38.11146073593651,634.1543014625656,575.0368789573563,19.45545006274774,444.9227387629046
2020-12-08,616.5257931592481,621.2560429298685,609.0569777319529,618.0693969726562,16005349,533.0015258789062,606.1201713129725,584.5895757065133,63.49207137430455,21.5305956064592,103385648.64587107,466772816.0,59.68753994689013,54.44439437216735,38.23332549013019,630.3494488680449,584.3786212003145,18.937136858116876,445.4078537485672
2020-12-09,616.5756384054156,634.0526544770815,616.4262377832247,631.5630493164062,22000284,536.8843151855468,610.0344602365776,588.069092270209,66.91791977721627,21.965367966368603,119171167.44043812,488773100.0,94.4071608110624,70.28849192046043,38.91422325265624,631.8577321305609,587.9093088850641,18.84351398924116,446.1137335109159
2020-12-10,621.9033639370554,629.8203204380856,617.7705950923373,624.4427490234375,16126862,540.8716668701172,612.2511200499407,590.7634372148926,63.53014691510094,21.487682835048076,120903783.99321315,472646238.0,78.41157438453133,77.50209171416128,39.54648546071615,633.582775707791,588.0166139406464,18.48272400601457,446.61823431033423
2020-12-11,623.7455784191999,629.023589356865,605.820423395377,610.7000732421875,17950692,544.6279827880859,612.0124974641325,592.2402250687663,57.481507739046,19.772272395366144,110503190.25250472,454695546.0,46.704394278454714,73.17437649134949,38.81277829126202,633.3900058438712,589.5587429354257,18.819898431405534,447.1486510270172
2020-12-14,613.4386712154488,621.2062266492402,609.8536643325828,613.339111328125,14567480,548.0576623535156,612.2165919047467,593.8031055324226,58.30251448463351,18.413486372324087,104880682.84677476,469263026.0,51.23090279130214,58.78229048476273,38.131478776768894,633.6139909719737,589.8874555612293,18.286517280352097,447.57567910755796
2020-12-15,613.1896797247657,613.1896797247657,599.7955933625673,604.5756225585938,22311290,551.3031103515625,611.0410581591847,594.6010697565833,54.53657944037295,16.43998840260133,98494124.80938229,446951736.0,30.597666236109927,42.84432110195559,36.493680511635176,633.5327566422648,589.3661935530477,17.94773161500964,448.190742635787
2020-12-16,610.9988075268752,612.3432306089669,602.2851905890095,603.5797729492188,14860853,554.4190985107422,609.8931681268822,595.2661588819637,54.10886357649915,14.62700924491844,87458788.13528451,432090883.0,28.252983529940472,36.69385085245084,34.972867836868154,631.5681446778193,589.0702403319464,17.38418221536305,448.5983287543446
2020-12-17,604.7250960139226,608.4595037702869,600.6919477933244,602.8828125,14598759,557.4524346923828,608.8146518765926,595.8303554462627,53.79090148465151,12.984296430329891,81095285.10234095,417492124.0,22.716221479929544,27.188957081993312,33.399352166528104,627.3333446697103,590.2278919025554,16.697280341191583,448.9914764591315
2020-12-18,601.8869888855235,608.4595224256883,594.0198119916907,606.9657592773438,17301814,560.5913299560547,608.5302068613236,596.6552001744909,55.44276966911268,11.875006686832648,94817413.44716859,434793938.0,32.839646381521376,27.93628379713046,31.28285066405636,627.250271215965,590.1118015379412,16.53602534782058,449.4522703078736
2020-12-21,602.7333464921288,604.7250304127967,571.0158043680401,580.0779418945312,18580262,562.8708117675782,604.1529353279709,595.4272551167162,44.229620079983555,8.725680211254712,86227110.23760055,416213676.0,14.375936473372978,23.310601444941298,30.496826215725843,629.7753501524263,585.0622597108548,17.922734602212227,449.8868584829245
2020-12-22,582.5675412606971,591.4803388772841,566.0365891887532,587.2977905273438,19896386,565.2956866455078,601.5598361278744,594.8250725545405,47.31109808381739,6.7347635733339075,99582196.51151593,436110062.0,31.259087464794916,26.15822343989642,30.05877961809352,630.3562847279095,583.8987567759968,18.459949965520707,450.3366323542748
2020-12-23,586.5509660800307,592.0280973422381,581.8704962996876,589.9866333007812,12247401,567.9067852783203,599.7793433852447,594.4666696468546,48.45339121847934,5.312673738390117,106906657.80595638,448357463.0,35.21233404270143,26.94911932695644,29.59841294604246,629.6733048378171,581.8730513633548,17.866925042451406,450.6253042182812
2020-12-24,592.5259706985245,611.4469680821749,591.679529338646,607.6627807617188,15488083,570.6732348632812,600.9921799047022,595.4441593590668,55.31227653167439,5.5480205456353815,116464806.42576677,463845546.0,61.20052872289376,42.55731674346337,27.517516302640537,629.8829620060761,582.6940948786895,18.123597166661565,451.02999145210873
2020-12-28,611.4470611323911,618.2187753860505,611.4470611323911,615.0819091796875,8444506,573.7613427734375,603.1598305623922,596.8988074939275,57.847557756839215,6.261023068464738,117085802.89521763,472290052.0,72.10843465146837,56.17376580568786,25.99020539221214,630.3992212918471,582.685721335106,17.583054127923724,451.26604053159724
2020-12-29,618.1191517232969,629.7705154712168,616.0278470200752,627.5796508789062,13765454,576.9042205810547,606.9167259957021,599.1714625594815,61.781063978689026,7.745263436220625,126462262.73838429,486055506.0,90.4831254634689,74.59736294594369,25.29409983677343,633.2343505674285,582.6987060731965,17.376307853895547,451.67172609223235
2020-12-30,629.6210878816455,631.3638113356477,615.6295203072164,622.5007934570312,10262221,579.5362298583984,609.3142748359066,600.8995611444851,59.35697788318345,8.414713691421525,125163206.77548054,475793285.0,86.43288725994331,83.0081491249602,24.74191688917811,634.8575943340575,583.2115401874269,17.25902093779096,451.970675650485
2020-12-31,619.8120822700249,623.3473091975376,613.4386691867053,617.8701782226562,12306502,582.0557104492187,610.6305676646373,602.1566438910163,57.15504251270574,8.473923773620982,123864547.37634777,463486783.0,79.3445478476802,85.4201868570308,24.037835495779593,635.6981329346249,583.6008721923281,16.733993728722485,452.3174879053295
2021-01-01,617.6710107903466,622.8494014328926,614.9822251892772,621.2062377929688,6047062,584.4925354003906,612.2575938382267,603.5677249207906,58.35368361247223,8.689868917436115,127385591.88313882,469533845.0,84.45123914830071,83.40955808530809,23.384045630480966,636.8333552552335,584.5668766783601,16.10064962264341,452.4888674869103
2021-01-04,625.1895637583376,630.3679540521647,618.716591086396,622.1024780273438,14068156,586.7710211181641,613.7721914057831,604.9406695953501,58.68806363542664,8.83152181043306,121493850.23458607,483602001.0,85.82316375326818,83.20631691641637,23.282465997654842,637.8088848912334,584.6071063197041,15.782843432866645,452.8958424395892
2021-01-05,615.4303241610204,665.1228617027507,615.4303241610204,661.6871948242188,37973963,589.9029437255859,621.1437303932348,609.1441159085996,70.1050094259853,11.99961448463523,154216888.51309702,521575964.0,96.53265100062514,88.93568463406469,24.819957878026774,647.969441436901,578.9477521666147,18.20496444064262,454.1357594114746
2021-01-06,659.2473772374738,664.3759876418237,646.4508323695056,651.5296020507812,20829645,593.1075622558594,625.8184798790112,612.2837815487611,65.13096309413623,13.53469833025008,145190652.5090687,500746319.0,86.2813896344227,89.54573479610535,26.24762890980071,653.412554492781,576.8506596185471,18.184978071476582,454.83255748708405
2021-01-07,656.2599059125433,673.6871416537717,656.2599059125433,668.3095703125,17887570,596.3540075683594,632.3555707149325,616.4338399757048,69.03901692365697,15.921730739227655,152038986.54241142,518633889.0,95.00460404695164,92.60621489399983,27.902019009741384,661.2804278320699,572.6574383788676,18.46873246658472,455.46277221958536
2021-01-08,675.1809047701872,676.0273461937062,665.7204053670652,669.9029541015625,12272794,599.7000372314453,638.1320912359524,620.3945150961388,69.38984956368873,17.737576139813655,149726773.4513008,530906683.0,94.43190295356554,91.90596554497995,29.517987947070313,669.1626083523013,569.3212783664487,17.885747349445886,455.90211641075723
2021-01-11,673.1891765850129,673.836498182739,657.4051055589924,664.1768188476562,7928365,603.1476422119141,642.1389724069838,623.6376487073622,66.4746570113205,18.501323699621594,148333291.50805238,522978318.0,89.22588800301074,92.88746500117598,30.181259790331758,675.3265573437943,568.5050039355026,17.78186486903879,456.17785433950223
2021-01-12,658.5503527223061,682.1518220804903,656.5088886227201,672.8905029296875,13301893,606.7964086914062,646.8699771027844,627.2860082793864,68.6341567660635,19.583968823398095,152026839.45769307,536280211.0,90.76466223527356,91.47415106394995,31.13536917217355,682.5320524686215,567.2546479708317,18.343369768233895,456.65071106920635
2021-01-13,673.1892009124215,688.3260116690936,666.2680867645176,684.9401245117188,15645903,610.085673828125,652.7269228580051,631.5566835558553,71.37959677672933,21.170239302149753,162869456.35871434,551926114.0,96.49662659650863,92.1623922782643,32.25630819151711,691.33109529557,566.4920553391956,18.608695135115475,457.2283709614923
2021-01-14,675.678875308065,684.9401948251348,671.8449074762747,673.1892700195312,9337503,612.91087890625,655.8749762674706,634.6405788494609,65.3703945303612,21.234397418009735,155449129.96528015,542588611.0,80.31094136445579,89.19074339874601,33.29718013805041,696.513064361777,568.2710359800199,18.214880293240093,457.5667823557159
2021-01-15,674.7825107958947,680.1103019324128,666.8157748442011,672.0439453125,12339771,615.8924291992188,658.3625099667059,637.4111985874638,64.79780044330124,20.951311379242156,152814770.20701987,530248840.0,78.25791940684398,85.0218291226028,33.71655639364997,700.6881155257672,571.0120980972797,17.863426492880922,458.00494373624304
2021-01-18,671.6456433861337,672.1933443252354,648.4425371382924,654.2681884765625,13460603,618.2366418457032,657.7326143528377,638.6598645051748,56.52270776612705,19.072749847662863,145957461.08782586,516788237.0,54.52125544374779,71.0300387383492,32.413073257638686,702.1102688919882,574.3201876509806,18.28395368531393,458.4483579979095
2021-01-19,660.7909090570367,669.1560056899697,657.0067218302789,665.9692993164062,9010539,620.7660803222657,658.9997966549251,640.6827856023032,60.131989946918374,18.31701105262198,150241146.65479186,525798776.0,70.14620680665075,67.64179388574752,31.20269605991393,701.559536544685,583.4600557404713,18.04137250874916,458.7525820553304
2021-01-20,661.2391028197835,678.1186372543644,661.2391028197835,672.9402465820312,9980614,622.9708752441406,661.1444812590953,643.0722271563571,62.148017075910644,18.072254102738157,154097952.1289033,535779390.0,79.02240145278508,67.89662123439454,30.60939591748352,701.4641686588891,592.119669231736,17.958384074879998,459.0995091507946
2021-01-21,677.9194450600489,692.1101936345708,666.9651830025234,673.039794921875,15849438,624.8082043457031,662.9745295149075,645.2920469908399,62.17743078189549,17.68248252406761,145906429.76065218,551628828.0,75.12984979809615,74.76615268584399,30.767411025851167,700.0617707106146,601.8273833421197,18.4717145432491,459.66523089444246
2021-01-22,667.2140988275189,671.0979067004055,636.1438181885309,641.8201293945312,21392223,625.5222216796875,659.720006419465,645.0348679096319,49.25155528637643,14.68513850983311,131462115.87834565,530236605.0,34.4155583658285,62.85593653890325,28.694728751641353,697.850008574871,607.4548803411446,19.787733271113034,460.3276515555493
2021-01-25,651.2806246944302,665.2224117673996,636.6915160519543,655.662353515625,21325345,626.6913391113281,659.0957521265666,645.8220890656314,53.83413940451136,13.273663060935178,138496178.72074944,551561950.0,34.87546794219853,48.140292035374394,26.77009521130367,696.4648959711184,612.898037378491,20.412244874279626,460.9932491714794
2021-01-27,657.2059785144218,661.0399461262277,624.7913316738674,629.4717407226562,24462588,627.12453125,654.5382119105803,644.610952151337,45.468115033994664,9.927259759243384,120350793.1827894,527099362.0,6.95259680937715,25.414541039134733,25.42209739259007,696.3215105839703,613.2306317500141,21.54341412985682,461.6953542155283
2021-01-28,619.4137929622381,671.8946843614558,613.4387402970075,667.9113159179688,64303975,628.2707458496094,656.5956125271016,646.3369050229393,56.221393395594454,10.258707504162317,175891025.54189128,591403337.0,69.24058640080086,37.02288371745885,24.754365270328503,696.1818831779768,617.9113114021012,24.18002341089907,463.64491981206305
2021-01-29,668.2099725309582,673.0397818499673,650.2848167849712,660.1436767578125,31273252,628.9499108886719,657.1414685625956,647.3596288551521,53.908054890941436,9.78183970744351,171716792.28199598,560130085.0,59.36706960325694,45.18675093781166,24.055145928333822,693.9260619072942,624.3944825262996,24.078233529048862,464.6288120400725
2021-02-01,662.2348861941888,714.018666768772,651.6291452831933,706.4004516601562,30648270,630.404833984375,664.719773654528,651.7330231370042,63.53142810423185,12.986750517523774,194880308.1756223,590778355.0,92.42571020296538,73.6777887356744,23.47728083778989,699.3964301638598,627.4435356564527,26.814754097372425,465.72702318585283
2021-02-02,716.2593364687275,741.8524872377875,701.2719269859965,711.2303466796875,28703320,632.45029296875,671.8752464276295,656.1402322883141,64.36797411569925,15.735014139315354,180264507.19402716,619481675.0,76.15353395752724,75.98210458791652,23.927714653840386,704.3538477751538,631.3989049103932,27.79802596554518,466.8701717729236
2021-02-03,717.0062330220496,733.7363663029565,712.574724008903,730.7488403320312,23541361,634.958818359375,680.9327224129221,661.666795847108,67.60226458090386,19.265926565814084,197158895.67637995,643023036.0,91.35322567070887,86.6441566104005,24.345974625887276,716.7809598622352,625.8779573740928,27.420025512525456,467.82804816564504
2021-02-04,726.9646567156145,742.4002076458776,717.603717645358,740.806884765625,20490289,637.9124865722656,690.1441320056456,667.529024655887,69.15594573985632,22.615107349758546,215015937.28644666,663513325.0,98.76449693617221,88.75708552146943,25.015400252342953,729.3950980794281,622.1915474283845,27.232630118810754,468.6814476075594
2021-02-05,745.8856270175063,763.1136807456154,714.0186843411909,716.6078491210938,31121503,639.903173828125,694.21547310033,671.1644931347912,61.512646701126414,23.050979965538772,187176996.88412833,632391822.0,68.92877893578331,86.34883384755479,26.23394009039284,734.5268560229708,621.889617365701,28.794227710640307,469.95575505801247
2021-02-08,722.9812305396813,744.6905721379053,722.9812305396813,733.0890502929688,15662890,642.6178393554687,700.1960234376589,675.7514973687303,64.39862820662422,24.444526068928667,186099318.3442972,648054712.0,79.94010863631789,82.54446150275781,27.36544136858202,742.3630106145295,620.3720723932831,28.743405946795395,470.598125484136
2021-02-09,732.6907859108665,746.8815350773359,723.1805065204901,739.4127197265625,22307807,645.2060327148438,706.2293613282595,680.4671434693104,65.46855779140273,25.762217858949157,194347575.9062568,670362519.0,84.16504396259252,77.67797717823125,28.479141301827944,750.5402469382866,619.7184261574166,28.38323613322757,471.51767862262307
2021-02-10,738.4665618501423,743.2964316193888,723.0807920667377,731.74462890625,15140744,647.858955078125,710.1547871094889,684.2654757238985,62.99623139654486,25.889311385590418,192184599.47113428,655221775.0,79.0418811957796,81.04901126489666,29.50567390449931,756.2526002169889,619.8914854763705,27.79983637747211,472.12932047780293
2021-02-11,727.960506104423,741.0558527908066,727.960506104423,737.0226440429688,11897710,650.5766076660157,714.2883035607936,688.1734141179037,64.00385219828883,26.114889442889876,196753607.26867434,667119485.0,82.56819971035485,81.925041622909,30.458882749837013,762.0815818107953,619.270755835689,26.74951568525151,472.6127943258815
2021-02-12,732.4417763751333,751.5619545496297,731.4957143377491,747.2798461914062,15668442,653.4107751464844,719.3639255039648,692.5516683455705,65.94464658067028,26.81225715839423,205734800.86139023,682787927.0,89.42118533219272,83.67708874610906,31.685021632180852,769.3705356201514,619.3908596435205,26.27213886572502,473.2663368646288
2021-02-15,756.7403595031753,795.6777573592717,750.7653075079868,790.6985473632812,20648115,657.2208666992187,730.3384827130905,699.8218075320676,72.66354768068581,30.516675181022833,221804617.37414265,703436042.0,97.26775853148436,89.75238119134399,33.84934725333697,785.391780975245,615.235074493505,27.852551173020764,474.235636947007
2021-02-16,795.6777596486618,795.6777596486618,763.8108155826327,771.8273315429688,23968943,660.418515625,736.7213825330717,705.1555500513937,66.52060083961254,31.565832481678058,209895030.53416547,679467099.0,86.91255682205441,91.20050022857716,35.859078228876186,793.9349860499468,618.4477837254439,28.13929352252136,475.34603076822145
2021-02-17,770.781766532817,781.7360293646788,761.1220862429908,774.5161743164062,16956357,663.5753356933594,742.5359658843539,710.2933740710242,66.9493374201015,32.24259181332968,214973753.16173333,696423456.0,85.4452458864561,89.8751870799983,37.50527565452812,802.1240182110253,621.1134390643654,27.601768493890404,476.114630598066
2021-02-18,771.7775420946198,778.7484360232163,760.8232802068251,773.7692260742188,19685663,666.6893322753906,747.3410828366408,714.9952890342238,66.69382718057723,32.345793802417006,223722936.7172889,676737793.0,84.7908751701988,85.71622595956978,39.00811904484964,809.1959786905538,624.1243765340555,26.910581874069035,476.99794578976866
2021-02-19,769.686284844603,773.9683931700056,738.2674219876704,746.532958984375,15634787,668.98873046875,747.2167560901383,717.331412734235,58.001379124687425,29.885343355903387,215327723.66187888,661103006.0,47.943046231165646,72.72638909594019,38.63920203471401,811.4764349111384,629.1932367197209,27.538466824659473,477.6525766670396
2021-02-22,746.532998443807,746.7321182237321,712.0270479608472,716.4585571289062,18123202,670.8290466308594,742.484725480718,717.2667567634699,50.21828257601124,25.21796871724814,201832844.5673926,642979804.0,5.297634746489061,46.01051871595118,36.73528515490216,807.8592116309061,640.2743027733908,28.050367070247002,478.33114019779885
2021-02-23,729.3048556311861,731.8940812689223,709.6369763673249,712.9730834960938,16804763,672.8745068359375,737.9444728676989,716.9487068918123,49.39107957132747,20.99576597588657,190065797.82828394,626175041.0,3.8773555999140705,19.039345525856266,34.84124209961081,804.8881251187379,648.9764622836058,27.63656262962917,478.9395079219383
2021-02-24,718.9979022932571,751.7611274166752,714.0684723858035,746.2839965820312,11207286,675.5334045410157,739.2274765160578,719.1216913133101,56.72731860373124,20.10578520274771,198016015.75106847,637382327.0,42.5926157539473,17.255868700116817,33.87568284898249,796.927769320871,668.6180436674103,28.433097007554334,479.3759533176829
2021-02-25,761.8191469730317,780.2422243834907,758.9810215223482,767.4456787109375,26635119,678.7908056640625,743.568738392193,722.7012459353566,60.631611335589255,20.86749245683643,192589212.4785227,664017446.0,67.18755936308624,37.88584357231588,33.88014940348216,796.1945608624815,679.3046884050966,28.827749207118984,480.5333115980184
2021-02-26,742.898117013188,755.5453223143247,715.6618631751858,721.7862548828125,31306177,681.1549353027344,740.2175870830575,722.6334688203533,50.123295726396265,17.584118262704237,170897612.29581496,632711269.0,14.120371819212503,41.30018231208202,31.894340483145392,787.9936205727643,693.6698865073138,30.46746823059275,481.7046556454903
2021-03-01,734.9313483286604,740.4084789733862,719.2468378460366,725.5206298828125,14301187,683.6076916503906,737.9565167445584,722.8473326027578,50.87323202410889,15.109184141800597,165076171.5099292,647012456.0,18.46061008481419,33.25618042237098,30.050375057118398,786.8473794220299,696.7281454803137,29.802766294646812,482.23055222705307
2021-03-02,727.4128112014135,737.4210112847222,718.9979340277778,728.20947265625,14503453,686.0325659179688,736.4569715002033,723.2445281622757,51.43939682182817,13.212443337927539,165076171.5099292,661515909.0,21.585689461004314,18.05555712167701,28.327633581289145,785.9681049890285,699.3053325109715,28.989931363382357,482.7612078884896
2021-03-03,737.4210368051013,757.636618230384,732.0434654314472,750.8151245117188,13603791,689.4473095703125,738.6659181173595,725.2867945585308,56.02758573020373,13.379123558828724,171428165.4698717,675119700.0,47.858871774503946,29.301723773440823,27.453564061495683,786.7526228753028,700.527443042666,29.02116094986462,483.2944758308589
2021-03-04,728.0600774822968,748.3254990851998,728.0600774822968,733.7363891601562,16896947,692.3760815429688,737.9075290470205,725.9126904549474,52.027976936285874,11.994838592073052,163996833.29453763,658222753.0,28.00929033157553,32.48461718902794,26.45615859477139,786.601708473449,699.9713078839729,28.57358138411871,483.928512677009
2021-03-05,728.9562892228661,741.0059522048501,717.5041070834358,727.7114868164062,16358252,695.1305786132813,736.3389071653876,726.0459346298703,50.654218995298805,10.292972535517265,161848094.5535183,641864501.0,21.006910629789548,32.29169091195635,25.042861073857384,786.0452415388835,701.6381385880696,28.211314508211256,484.52006960172616
2021-03-08,731.9438137423452,749.3710474028773,728.9562879719683,740.2092895507812,13898556,697.7815087890625,736.9343506092944,727.0950720314192,53.40275753203115,9.83927857787512,163271832.5183859,655763057.0,42.40321046183283,30.473137141065973,24.05571393452925,786.1518173591506,702.2435866935838,27.74333208522981,485.04250513315617
2021-03-09,755.5452467103339,755.5452467103339,736.9229913931794,742.350341796875,18951683,700.3268774414063,737.7675800227682,728.2250920140457,53.8767268253192,9.542488008722557,155366869.9750656,674714740.0,46.33276753317267,36.580962874931686,23.375780625904444,786.2512035372102,702.4379627225554,27.091826601795862,485.7665637234989
2021-03-10,747.3794116202914,762.516221986597,746.0350492497122,757.5867919921875,13377990,702.9270202636719,740.8166895565251,730.4000327531674,57.21215517863714,10.416656803357796,160742290.47061238,688092730.0,67.912537625934,52.216171873646495,23.009449117360763,787.5032186044301,703.7701639639293,26.597116143790583,486.29574289200065
2021-03-12,769.3874657568387,773.3708335542468,741.9022522672699,747.4789428710938,16343307,705.4265832519532,741.8416516049203,731.6651372063471,54.40153421160591,10.176514398573204,150191527.1986658,671749423.0,53.59653505516268,55.947280071423116,23.065572589951255,787.843450187411,704.4755622637608,26.945077939732464,486.9367059151708
2021-03-15,750.8648684636671,750.8648684636671,713.6701940532478,741.3048095703125,22466579,707.8952758789062,741.7590605226729,732.3791870110853,52.69853498646122,9.379873511587675,161109043.233241,649282844.0,44.851953775074804,55.4536754853905,21.705322448539867,787.5939157555099,704.1275930335526,27.677191973352954,487.75065052743884
2021-03-16,747.8773405565645,748.8731825546424,732.8899306417652,734.6824340820312,11358574,710.1647998046875,740.6703487625742,732.5497979052295,50.85946779318146,8.12055085734471,152298171.42582333,637924270.0,31.563165378235222,43.33721806949091,20.442233031515006,779.5727429408573,706.5471545200801,26.841910540461832,488.1659827983844
2021-03-17,735.9271729613345,738.9146986973074,721.6866457761367,724.8733520507812,12380976,712.2202172851562,738.2400415761446,731.9811722863815,48.17756431671398,6.2588692897630835,144497461.58659643,625543294.0,16.828625988959832,31.08124838075662,19.20356855507239,775.5228139013944,705.9016856103243,26.155206424798173,488.59855536832896
2021-03-18,732.93975,740.010204254026,704.309291015625,715.761474609375,12261544,713.3017028808594,734.7818005043338,730.7797131991958,45.76346877411578,4.002087305137934,140102464.42214358,613281750.0,16.582577180846314,21.658122849347123,18.763804198636734,770.5345727939126,705.014456747103,26.837042625769804,489.0103612012551
2021-03-19,706.0519507718374,726.3173103777759,700.5748199830572,723.230224609375,20377672,714.7357153320313,733.0046349820325,730.220491822172,48.060830349267626,2.7841431598604913,155592682.23571816,633659422.0,31.12176548536184,21.510989551722663,18.49956929090894,764.0722576166528,706.4228717778784,26.75886032355187,489.68172860291503
2021-03-22,716.0104525899077,726.9647154250802,706.3507722971622,713.2221069335938,14802230,715.6339660644531,729.9611691284266,728.9613522007958,45.29228980173194,0.9998169276308317,150658634.66585952,618857192.0,17.373598264647235,21.692646976951796,18.218757354560086,763.436986947331,703.7270572421221,26.319937666720875,490.1643753223686
2021-03-23,715.0145247048478,736.4251267677366,711.1307167622875,727.5123291015625,15949688,716.7861535644531,729.5844245089091,728.8540171564082,49.743923861871856,0.7304073525009471,155368183.68242553,634806880.0,37.00409925903736,28.49982100301548,17.43783102801748,763.0971465667649,705.1722748199538,26.246685690915747,490.70398316020356
2021-03-24,720.2427433703328,721.9854669111529,700.3756828487099,703.4628295898438,14379147,717.5718737792969,725.5657175982836,726.9731884477739,43.3507145326173,-1.4074708494902097,145097410.61833024,620427733.0,4.2292490820211714,19.53564886856859,17.190840753211507,764.2616195915408,703.056776404553,26.31025430248267,491.1544053264494
2021-03-25,706.549923657723,707.9441268189278,677.1725836324899,691.7118530273438,21179280,717.94830078125,720.3574307412159,724.3612376758902,40.604670624597965,-4.00380693467423,143932158.2310082,599248453.0,15.11386060212049,18.782402981059672,17.84414667012631,765.9558083217846,695.9053733188405,26.62891779419375,491.76488535240514
2021-03-26,704.0602721720342,704.0602721720342,690.267885212188,695.296875,13143312,718.1554357910156,716.5019606271827,722.2083219221205,41.81560411792909,-5.706361294937778,140373493.47422385,612391765.0,18.840562465794868,12.72789071664551,18.450787878690054,761.411174545764,693.2351267237673,25.71202273459749,492.14989304794676
2021-03-30,702.0686402611376,710.3341170611286,688.1268516602072,692.458740234375,25965218,718.5408251953126,712.8030036436738,720.0046492045097,41.10119284649313,-7.201645560835914,124538152.26448451,586426547.0,15.890264754627143,16.6148959408475,18.62510368872711,763.1443911120457,688.5691586926418,25.461682925049196,492.9078511053521
2021-03-31,693.1060657016383,700.6246610109486,689.2222574002428,694.550048828125,14924620,718.990947265625,709.994856748974,718.1191232507035,41.889032472267715,-8.124266501729494,123560637.66702294,601351167.0,18.06422176055082,17.598349660324278,18.7869683694758,764.0168617219335,684.5996299772853,24.457448688310375,493.3363715084065
2021-04-01,703.3631254000195,714.0186459406228,692.6578249204356,710.0352783203125,13090326,720.1062890625,710.0010754522568,717.5203199225265,47.489935812665344,-7.519244470269655,131768793.57829577,614441493.0,34.161426756257555,22.70530442381184,18.10452952159882,763.5389278496447,683.2601444159803,24.23626099773015,493.7307462227976
2021-04-05,704.2594387455661,705.5042411822694,674.6331407520261,682.4006958007812,16239521,720.4349169921875,705.7548631981837,714.9188662838786,40.067994409229456,-9.164003085694958,123701405.84046736,598201972.0,10.189399193649697,20.805015903486026,18.265847365738157,761.814487409926,678.1431419846053,25.03382360991274,494.1764329850331
2021-04-06,687.230522291965,690.6164093178235,672.6912537767696,675.081298828125,12062011,720.4777380371094,701.0358532950977,711.9679353612302,38.35805925190133,-10.932082066132466,114855963.82743299,586139961.0,3.137286085685971,15.829370678531076,18.49543557287138,762.6653820774854,671.4267382838427,24.52606160499425,494.4924173259792
2021-04-07,677.6705296104534,689.0231535373451,665.6208648586594,685.3883056640625,14433515,720.7247082519531,698.6285382749385,709.9990739021807,42.104904508405745,-11.370535627242248,124805846.30566809,600573476.0,26.572948444053985,13.299877907796551,19.001026761578828,762.2680721147474,667.5917301313464,24.44579211025793,494.87022918239626
2021-04-08,688.6246671318329,692.6080346929715,676.5251638523283,678.7658081054688,9026398,721.4636218261719,695.5727336334816,707.6854986579799,40.405473342514135,-12.112765024498344,118294539.92154399,591547078.0,17.67046643195235,15.793566987230767,19.222233784217824,760.1993059205187,663.5161481810438,23.848440590999733,495.10905858435814
2021-04-09,676.4754526521907,683.9442675882476,664.2266083133316,665.421630859375,12509114,721.6588073730469,690.9341024374652,704.5548417840091,37.151583132887765,-13.620739346543928,107301698.5229318,579037964.0,1.655189845478795,15.299534907161709,19.94388337165322,758.2410663097202,657.7815166980923,23.55338478270804,495.41891204358063
2021-04-12,648.2931444918074,652.2765125071181,624.0444160111529,632.9571533203125,14649541,721.728515625,682.014571804057,699.2513093052168,30.67866083098295,-17.236737501159723,101901737.03265214,564388423.0,7.930842623396996,9.08549963360938,21.856345415819224,756.5774691065708,646.9821500340543,24.82651550167333,495.70889331003747
2021-04-13,632.9571748441494,662.0855544466249,627.3804837456269,658.2515869140625,12737650,721.5353210449218,678.3587279748272,696.2142928317978,39.52032014705568,-17.85556485697066,111825058.43140028,577126073.0,30.43864972255092,13.341560730475571,22.9953796126395,751.0253068529585,643.6115766919634,25.53212658733938,495.98293237474337
2021-04-15,663.6789243196687,668.5585137336577,649.5877354679762,666.0689086914062,15195951,721.6538256835937,676.4679865466085,693.981301413991,41.98317329496391,-17.51331486738252,123032568.29297373,592322024.0,42.90794543664976,27.09247926086589,23.645586960989444,744.9002880301549,642.2130054268763,25.0634588500781,496.33443347508234
2021-04-16,665.8697185384586,672.4422508428132,659.5958658699595,666.4174194335938,12242522,720.8541650390625,674.9217454522985,691.9395323784059,42.09638142113042,-17.01778692610742,123791839.36603601,604564546.0,47.094599704445066,40.14706495454858,24.003540973616257,739.1190004783834,641.1677915138041,24.19081071599064,496.62464556659563
2021-04-19,647.2973004786572,652.5752509262857,628.3763024646657,645.4550170898438,17292072,719.5386584472657,670.3884026273055,688.4962349496236,37.3726317037978,-18.10783232231813,130907965.38624547,587272474.0,23.796370466826417,37.93297186930708,25.273691820419725,736.1095735514565,636.2353849446373,25.180118305486165,496.9750405113959
2021-04-20,653.2723676639815,659.2474198072497,640.3264213535673,649.0400390625,12296248,717.904482421875,667.1040390019508,685.5735537727996,38.64074382060856,-18.469514770848832,129937208.96519287,599568722.0,27.780869112123543,32.890613094465,26.041603998033253,733.3325239687208,632.3402909726854,24.733038316071607,497.2358323044364
2021-04-22,638.3347055046817,658.2017650475678,631.7621727870724,655.9611206054688,19385102,716.2075671386718,665.3897438640305,683.3800402048493,41.11948902927052,-17.99029634081876,146036698.94607544,618953824.0,35.47316228139449,29.016800620114818,26.9976841115972,727.6676674793121,631.2782370617035,24.8549350263876,497.64275721124426
2021-04-23,653.2722623547216,674.6828624166523,648.1934931642045,668.5584106445312,19167768,715.2465783691406,665.8772310610307,682.2821417188998,45.43980546726953,-16.404910657869095,156341132.40787336,638121592.0,49.47416017705573,37.57606385685792,26.89681285354307,723.0525000975617,631.4270348145476,24.971680328249043,498.08318226313395
2021-04-26,691.1143436056602,700.8735829873332,681.6538446658133,697.5375366210938,21646184,714.5355480957031,670.7480473010404,683.4121709709141,53.832038325300296,-12.664123669873675,170472888.03552708,659767776.0,90.2200814396046,58.38913463268494,25.500459022953642,716.5669434491354,634.9151122149271,25.49621547214568,498.6659209004488
2021-04-27,688.2263585802627,700.9731843736818,681.2554648163361,696.6412353515625,46559967,713.6801184082032,674.7316146934285,684.3921016657769,53.557643141179426,-9.660486972348394,196574565.9388637,613207809.0,94.36888291035048,78.02104150900361,24.219550513961156,715.3993746263484,635.400521613886,25.08346576394567,499.9051134769595
2021-04-28,705.0561047651636,709.5373935666371,685.2886662534338,705.2055053710938,54060587,713.1493359375,679.4199055669154,685.9338352735781,55.872205599831084,-6.51392970666268,231319960.38094896,667268396.0,94.93304793047828,93.17400409347778,22.629977455465145,717.5787502263315,634.5705112482779,25.023841588892644,501.3761022984533
2021-04-29,709.0394973974793,723.8775673718571,704.0602874438454,716.4087524414062,25939327,712.7370581054688,685.1104973937602,688.191236545269,58.76712524842892,-3.080739151508851,237707054.8356942,693207723.0,92.51870262668005,93.94021115583627,21.498431405299243,721.5104472394803,632.7500019792697,24.65194432740115,502.1261798700832
2021-04-30,702.0686298431766,726.8152799300639,702.0686298431766,711.927490234375,23011654,712.0300109863281,689.2361886000085,689.9494775592769,57.1520338339069,-0.7132889592684251,233030705.4817784,670196069.0,85.5136084995493,90.98845301890255,20.571469798175514,724.5901235704744,631.6172006482757,24.6587090245073,502.7835361770445
2021-05-03,703.0644282853633,705.056112218183,689.2222006397182,699.8279418945312,13752878,710.2125988769532,690.8656891068581,690.6812156581847,52.92282467352345,0.18447344867342963,237701508.18180075,656443191.0,73.7402829883513,83.92419803819355,19.11736898414441,725.2824230295652,631.4526904958255,24.519179065232265,503.14558851051396
2021-05-04,701.0727135411338,715.6618220204102,695.1972218849893,697.4378662109375,11980155,708.7248095703125,691.8767932767165,691.181708291722,52.102634920907306,0.6950849849945371,228344738.55430737,644463036.0,70.45560020595249,76.5698305646177,18.21460484573876,723.2523448034246,632.2230275110285,24.229566284531455,503.46750868032143
2021-05-05,706.0519789406587,716.0601788977181,697.0894009287181,714.2178955078125,11155033,707.5188439941406,695.3138859276544,692.8880925299509,57.12637615098362,2.425793397703501,237333204.4221286,655618069.0,87.20284916949748,77.13291078793375,17.394320974857877,727.5288906721901,631.1282016129662,23.853938547707777,503.7758559070461
2021-05-06,715.0145703261439,719.8443798103659,707.2967946715094,712.77392578125,9484934,706.2989379882813,698.0000459051307,694.3611172152323,56.57645374215107,3.638928689898421,236128784.40315917,646133135.0,85.73598130501763,81.1314768934892,16.811322770686008,731.5040984739661,630.9222565065025,23.046341875646977,504.0426372518332
2021-05-07,718.0021040204264,723.8775963131709,711.0312098066358,713.769775390625,7131970,705.6436743164063,700.4261581336682,695.7987955985947,56.88471317435246,4.62736253507353,232037571.05143648,653265105.0,86.74762286714686,86.56215111388731,16.463607369585485,734.8780329064898,630.3864690466353,22.317773634996126,504.2455840858496
2021-05-10,720.4916975974037,721.9854606193747,711.0311984582532,712.2760009765625,7980462,705.5600231933594,702.2492108787288,697.019329330296,56.239785983117514,5.229881548432786,225870850.41507283,645284643.0,84.70404662140139,85.72921693118862,16.140728059197997,738.0772027403804,630.538318499854,21.50609424400508,504.4710091409707
2021-05-11,701.8694285361206,710.7324466372085,700.076925094713,704.4088134765625,12736700,705.3887377929688,702.5814574322417,697.5666985263157,52.84187128523033,5.014758905925987,223490088.88942382,632547943.0,76.427423440462,82.62636430967008,15.153344854752417,739.9732829382303,632.5409565637228,20.841307218136823,504.8127112486868
2021-05-12,701.0727422002269,702.815465636094,686.1848926918317,688.425537109375,10856584,704.2315686035156,700.403623536416,696.8895754583941,46.67224954887703,3.514048078021915,215558929.57740277,621691359.0,51.171622523644835,70.76769752850272,14.673522030889421,736.8575385747785,641.2035393060809,20.65435104432211,505.0847914063616
2021-05-14,692.1102147902885,695.695221806149,678.5667874177333,682.1517944335938,9377968,702.5256909179687,697.5956498282895,695.7978879750755,44.4771083085593,1.7977618532140696,210106607.12236312,612313391.0,7.430298500920562,45.00978148834246,14.610180313931068,736.0698983952078,644.3812002376047,20.40249985461451,505.310420519568
2021-05-17,688.6247682083986,707.3465863374713,681.5543140621202,706.3009643554688,12099197,702.2159851074218,698.9349289863171,696.5758936328824,53.536095160979876,2.359035353434706,221224798.16734537,624412588.0,57.481955380569886,38.694625468378426,13.837739118822995,737.1870497180465,647.2872544811722,20.78748359895284,505.62151973445015
2021-05-18,717.006235337283,722.981287298427,705.554052411757,708.6909790039062,19519055,701.8793920898438,700.4358597582539,697.4733073640693,54.330275233963874,2.962552394184513,208732657.4289944,643931643.0,62.43550838085626,42.4492540874489,13.41297567080727,738.2078331961098,650.4938269601402,20.54746583378978,506.15760926712863
2021-05-19,701.0727538563992,720.6908530168937,699.2802504488361,713.8195190429688,20244016,701.5915930175781,702.4948842635946,698.6841378588026,56.06561955206691,3.810746404791985,215982793.9277226,664175659.0,73.0649390055578,64.32746758899465,12.660971794923013,736.1662625698468,659.3718477817156,20.609118457666053,506.70761032197396
2021-05-20,705.6535683399236,711.4295001676488,701.6204206736703,702.96484375,18840413,700.6345874023438,702.5671857230416,699.0012271840765,51.596847513010054,3.5659585389651056,202306878.98696065,645335246.0,50.56749975355489,62.02264904665632,11.962682481601917,731.7024932928879,669.2280975274247,20.008402737068366,507.20208358740683
2021-05-21,704.0603131540151,730.3505669817924,704.0603131540151,727.8609619140625,15883692,700.5170788574219,706.4585359062755,701.1389853122236,59.558731240478245,5.319550594051975,215182298.76893583,661218938.0,95.19230714967381,72.9415819695955,12.28286925757324,730.0996202894718,678.0209546617001,20.535354200977228,507.6493406767917
2021-05-24,727.3629370420342,744.3918089612437,723.7280898496105,738.0682373046875,15716900,700.7242138671875,711.3215668906466,703.8744854598135,62.297028793001346,7.447081430833123,221279735.51239407,676935838.0,90.39336181245868,78.71772290522914,13.179324347473491,732.2129377208207,682.8586198963667,20.544523123166943,508.1203348618122
2021-05-25,741.3047223468309,741.9022031643502,722.8318067838884,728.5081176757812,11344261,700.4901904296875,713.9656516268212,705.6991989572927,58.31439977375007,8.266452669528576,216688721.90066004,665591577.0,75.86982744097806,87.15183213437018,13.950635227484359,734.9173338787093,683.251281843947,20.439228355830863,508.4526519393315
2021-05-26,734.9314232508832,738.3173104889789,726.466765937018,732.04345703125,9081086,700.284052734375,716.7468524582717,707.6506254812895,59.34935700655746,9.09622697698228,216154485.57496893,674672663.0,81.24064126309263,82.50127683884313,14.666852473208737,737.8594287701727,683.8494091204524,19.82575094126873,508.7193831157168
2021-05-27,734.1347553026613,750.7154886024038,727.9605225719054,747.2300415039062,23040846,700.0769177246094,721.4365738499077,710.5824340755574,63.537283507632864,10.854139774350301,232136859.1755822,697713509.0,95.16907852633935,84.09318241013666,15.869825562453693,744.098302633797,681.8129888701094,20.034980590499423,509.422517783881
2021-05-28,749.4707292664432,756.5412445426185,735.4293801728503,736.7737426757812,17149692,699.8628137207031,723.7961382846574,712.5225310089073,59.02814740305536,11.273607275750123,217171285.30535096,680563817.0,74.64874704394889,83.68615561112695,17.220403595845223,746.7884241867055,681.1593663406384,20.111900860447196,509.9452451215044
2021-05-31,734.8318476376049,749.8690377608984,730.9480394641428,747.57861328125,9275086,699.9882897949219,727.4549805918256,715.1192778438957,62.027068853143746,12.335702747929872,224200836.08653674,689838903.0,88.50568302512985,86.10783619847268,18.108306012446,751.6605060978334,679.8523967341978,20.026836391612086,510.22683772264713
2021-06-01,750.4167331780153,750.8648742380127,738.0683287442508,742.0516967773438,6660243,700.1356750488281,729.7006292357515,717.1142718389659,59.62302964787654,12.586357396785615,221687055.75050554,683178660.0,81.417571472068,81.52400051371559,18.97811761307157,754.7297767872418,681.0055015330707,19.510387041765643,510.42937247800563
2021-06-02,741.7031022433187,742.2010232384849,731.1472014583435,733.935546875,9973043,700.3169189453125,730.3521550264052,718.3602922120054,56.17960332519173,11.991862814399724,216745446.9987267,673205617.0,71.00884250926832,80.31069900215539,19.197187469174544,755.9369267698406,683.4481196168782,18.90634666593534,510.72174083712395
2021-06-03,739.9106535270131,749.1221926187021,735.9272852711476,747.5288696289062,8170508,700.9522668457031,732.9947265037131,720.5209275762203,60.313674050121854,12.473798927492794,222942730.34594065,681376125.0,87.98140575169148,80.13593991100926,19.755704951043942,759.4571362916371,683.2590075071911,18.640653742918683,510.96965463852735
2021-06-04,747.8773365657305,756.7403546138784,737.0226345320547,738.9645385742188,10336011,701.266953125,733.9131591299447,721.8871209834795,56.685201879285046,12.026038146465226,214642608.0244958,671040114.0,69.06407271973913,76.01810699356632,20.640710196122324,761.293231937386,684.041973140739,18.717587052840468,511.2825886710375
2021-06-07,740.0101924252393,750.815114981542,738.4168694806494,747.9769287109375,6986728,701.9620495605469,736.076815988559,723.8196993336616,59.44980133700325,12.257116654897459,218430555.1188232,678026842.0,84.74867731222739,80.59805192788599,21.462500780837964,764.2843016271631,684.4716187829931,18.26620551341562,511.494997687465
2021-06-08,747.8773326208817,747.9768925070842,736.4251497645033,743.2466430664062,6426815,702.2767358398437,737.1798663082278,725.2587322027537,57.37972457601316,11.921134105474152,219594019.1705664,671600027.0,75.51936190252049,76.44403731149568,22.028643862973038,766.2357745424752,685.6172100766655,17.78660361577409,511.68739126260266
2021-06-09,742.8981228593167,748.1262932949888,727.1140516660741,733.6865844726562,8004726,702.8812109375,736.6424383335245,725.8830175560798,53.33744696005184,10.759420777444689,216596976.32706532,663595301.0,56.2381321229849,72.16872377924426,21.675789151640988,766.5784920793712,688.2022696393788,18.01700633099842,511.92010820033477
2021-06-10,736.3753055063647,742.2507362506976,729.8525532141383,741.1553344726562,7795125,703.8700805664063,737.3367300472371,727.0143002906411,55.94841336963868,10.322429756595966,223014674.68964982,671390426.0,54.03807848285927,61.93185750278821,21.348138348261223,765.2709727248069,694.7827687302712,17.615661809967055,512.147723855736
2021-06-11,743.1470718292321,743.1470718292321,733.9355335854527,735.3795166015625,4840759,704.6717333984375,737.0356202863642,727.633945943302,53.45731881941273,9.401674343062155,219691571.8283085,666549667.0,37.00456262705667,49.09359107763362,21.106084424424843,760.2770298978594,705.0994837740157,17.01536726952508,512.2886759159603
2021-06-14,732.8401392866173,738.3172701907583,721.985437364044,733.1886596679688,5190670,705.4863317871094,736.4437801912264,728.0454062192033,52.50239923940268,8.398373972023137,221622237.2636299,661358997.0,32.23492728637752,41.09252279876449,19.777355422103625,758.8258494855564,709.2394337175687,16.96654338075289,512.4353822820009
2021-06-15,732.9397011041275,748.8731728672607,728.9563331633442,747.7777709960938,9686490,706.5508862304688,738.187471084283,729.5070628693434,57.89604061893609,8.680408214939575,230243237.01228714,671045487.0,74.21204155556632,47.81717715633351,19.315335911485068,758.5429366867705,713.4310257155731,17.17727883240743,512.7220045534655
2021-06-16,745.686530975385,753.7030474946037,743.147145849361,746.682373046875,8614096,707.283828125,739.4943790785278,730.7793080676792,57.36927487640519,8.715071010848646,227398953.4801631,662431391.0,71.06026322922324,59.1690773570557,19.206962845480273,758.186642618675,717.0736051840593,16.70432331903852,512.982924555258
2021-06-17,738.8650380767981,742.3007053842639,732.9397655873101,735.5289306640625,6674329,708.3463928222657,738.884310091687,731.1311319637075,52.16489831517609,7.753178127979481,224416762.22111493,655757062.0,38.96856724664789,61.41362401047915,18.219240997550077,752.3927462859137,726.1239102082268,16.49277218621897,513.1753092373827
2021-06-18,739.064176618933,740.1097985796451,719.2468961844447,733.2384643554688,8143792,709.5095361328125,738.0157184399611,731.2872306593935,51.13891447627908,6.7284877805676615,227196131.22529557,647613270.0,37.317358166245256,49.1153962140388,17.528561706600357,751.9163729249643,727.1380338133168,16.80492434400336,513.4032596788799
2021-06-21,721.9854859213091,737.8193988216506,717.5041966983491,736.4749755859375,6464497,710.53126953125,737.7786810778036,731.6715080613598,52.55880756411656,6.10717301644388,232805010.8485894,654077767.0,48.3502460369086,41.545390483267255,17.003448713168826,751.8935693666728,727.0015111997335,17.05565847109608,513.5836453538361
2021-06-22,740.1097849966816,745.885656428236,733.9853323970384,736.2757568359375,6727233,711.6814685058594,737.5474619636703,732.0125635261434,52.457756701755955,5.5348984375269765,228667323.9532122,647350534.0,47.842503279758695,44.503369160970855,15.87469397260505,751.3414916063427,728.3303528760791,16.687420296817614,513.778053002003
2021-06-23,740.1097309269995,740.6574318295579,727.7612667426051,729.3048095703125,6154147,712.9591320800781,736.2793615954615,731.8119891590447,48.91392336436976,4.467372436416781,223986357.45275733,641196387.0,30.07586241590904,42.089537244192115,15.274030089619584,751.6296012743096,727.7683784620185,16.41661635325584,513.9507580230871
2021-06-24,732.8401127947354,739.8607863617929,728.0600228260957,736.0765991210938,5313822,715.0215209960937,736.2481673686357,732.1278861932706,52.28606021989124,4.120281175365108,225892180.07188365,646510209.0,51.30660784586649,43.07499118051141,14.716270769704508,750.6468160412068,727.6358194568401,16.086912580573074,514.1010860200336
2021-06-25,734.4832382322553,762.765174701314,734.4832382322553,758.1842651367188,11170037,717.0201745605468,739.6229516406485,734.0579883372296,61.27348356705872,5.5649633034188355,233443728.68540677,657680246.0,89.87889840936457,57.087122890380044,14.766707859032556,754.3255986144322,726.0980891297083,16.957985715464904,514.4409313463256
2021-06-28,761.3710043432311,766.3999943886732,754.5992907625407,759.22998046875,7672743,718.8833959960938,742.6394176142026,735.9225803469719,61.641533230413444,6.7168372672306305,231792676.11237562,665352989.0,85.33613468107487,75.5072136454353,15.025712617944395,756.8979700672327,724.690854395658,16.589608423369736,514.6819191548502
2021-06-29,757.8357217225494,760.3751065313118,746.9312402458263,748.8233642578125,7500655,720.5315148925781,743.5907940209117,736.8781939699971,55.943459581840614,6.712600050914602,226403343.72296223,657852334.0,64.05288192212285,79.7559716708541,14.6413289833979,757.6085132425069,724.6574779684306,16.364912556378002,514.9093482996234
2021-06-30,749.3710860481526,757.3378218466712,743.4458141417304,745.1885375976562,5459970,722.5261853027343,743.8366007250263,737.4937749794533,54.06362917100838,6.342825745573009,222313257.47047377,652392364.0,56.61905972910536,68.66935877743437,14.011008311957733,757.9161634419162,725.4751268412869,16.188276495561063,515.072267556464
2021-07-01,746.881479287091,751.2632082781234,741.4043484389857,743.3462524414062,5695690,724.4123095703125,743.7611625275463,737.9272918284869,53.089897998339445,5.833870699059389,218861332.64981806,646696674.0,52.85128163104078,57.841074427422996,13.262868016990838,757.5074340552374,725.4655945092159,15.73617530581654,515.2395668340994
2021-07-02,744.491502708708,749.7196735445315,740.9064955909795,747.5288696289062,3557647,726.2436645507812,744.3408097739094,738.638519813703,55.0685100345725,5.702289960206372,220650240.37799364,650254321.0,61.40542612826347,56.95858916280321,12.526555906949,758.1001048510859,725.7293568188359,15.2416754949405,515.3442659306565
2021-07-05,753.9519899078753,758.8316402535518,750.2674229569409,757.1884765625,4680089,728.0162658691406,746.3173738952311,740.0125906839844,59.33446956446598,6.304783211246672,223534449.6030295,654934410.0,81.16092126257287,65.13920967395904,12.534831967031211,759.7080869717578,725.0425294833204,14.960325147062287,515.4874456113474
2021-07-06,753.8523539924888,763.8107734639881,752.0598506438928,755.1967163085938,5529485,729.1694494628906,747.68342657421,741.1373407302517,58.10936175982594,6.546085843958281,220957116.00518435,649404925.0,77.08744184718255,73.2179297460063,12.88874483786834,761.1860771830274,724.7595465962696,14.731082123707504,515.6575130867956
2021-07-07,752.7570110976264,760.8233071885155,749.1221633934041,759.7279052734375,3573368,730.4311828613281,749.5364232971681,742.5144195853026,60.12639272343424,7.022003711865523,223861442.71844897,652978293.0,86.35447332817303,81.53427881264282,12.931586268543217,763.3495038942608,725.2002519651141,14.514657957379212,515.7670786269041
2021-07-08,756.8399356315366,763.9602303911458,748.5744590170984,751.2632446289062,4188267,731.3523376464843,749.8020881174355,743.1624806996437,54.8164642811495,6.639607417791808,221137041.49082163,648790026.0,69.04284115450199,77.49491877661919,13.204243266558647,764.0323071160387,725.5282397589613,14.576880344284083,515.8943277456646
2021-07-09,748.87318227768,749.7694643881675,737.1720388045912,744.2424926757812,5782119,731.9090124511719,748.9467657417963,743.2424815867649,50.80854438005876,5.70428415503136,221845487.62986574,643007907.0,42.65468077557998,66.01733175275167,12.385363385698627,763.9914342063211,726.4554102761009,14.542189307143435,516.0617885174091
2021-07-12,749.3710898339368,754.6490401708452,745.1885413623104,750.4664916992188,4475466,732.6797924804688,749.1805697352459,743.7775934469466,54.01824224066286,5.4029762882992145,222363687.9809913,647483373.0,58.76286912083171,56.82013035030457,12.01754475170574,764.1367983715611,728.0378293139859,14.246786320566327,516.1948611355808
2021-07-13,755.8440233614782,769.7858103536531,751.8606556494283,767.545166015625,9810976,734.0341369628907,752.0058922399196,745.5381543779599,61.45109958606341,6.467737861959677,229721919.9809913,657294349.0,94.63007298173028,65.34920762604733,12.71917606223855,767.4077456532978,726.7436215342022,14.609110058699759,516.5021868937116
2021-07-14,767.7444266725364,770.2340317523608,760.8233123943496,766.84814453125,5621924,735.4223425292969,754.2893156693551,747.1166721670925,61.01758676406516,7.172643502262645,231298414.5285761,651672425.0,90.52919701151066,81.30737970469089,13.398579642024604,770.163040714115,726.0049036218226,14.237796437222004,516.6800178398042
2021-07-15,767.2963045250137,775.014080462806,763.3129362990566,770.93115234375,4239868,736.5566076660157,756.8495982346467,748.8807077357337,62.67851157983353,7.96889049891297,232579413.5434531,655912293.0,89.21060296922525,91.45662432082207,14.330860042003438,773.2597451701897,726.4484213337166,14.056606989116817,516.8159977325099
2021-07-16,772.7734130345415,772.7734130345415,763.3626937221115,767.943603515625,2913553,737.6600012207032,758.5563682778742,750.2927740897997,60.64251092832673,8.263594188074535,232502354.3392019,652998740.0,81.31581532772265,87.01853843615287,15.196548984840927,774.9562170530659,728.222463366856,13.724757869353468,516.9087186158504
2021-07-19,749.1719094335947,763.4622783161013,746.4831239311917,752.0598754882812,5554486,738.4258032226562,757.556907848706,750.4236704896871,51.132548700618244,7.133237359018949,230596576.36636516,647444254.0,39.342054580868975,69.95615762593896,14.35824165357393,774.6830988552388,730.0540715549175,14.2773094204306,517.0754333257282
2021-07-20,751.8607084023005,752.0598889581516,741.1056269814294,742.649169921875,5815740,739.0332666015624,755.2634097061167,749.847781558738,46.48164318887842,5.415628147378698,226419804.73128885,641628514.0,14.473667057270916,45.04384565528752,13.519396310668741,774.2425080547289,731.1320036640211,14.039948888737145,517.243315609347
2021-07-22,746.9810659457578,755.3461631261508,737.9189279848092,743.64501953125,7876163,739.8179907226563,753.4759650638296,749.38831770485,47.03070410541314,4.087647358979552,223719405.9884317,649504677.0,17.10526293777178,23.640328191970568,12.639672815611451,772.6286552855158,734.1798774293279,14.281897906780321,517.4706459208895
2021-07-23,745.8856809298028,760.8233113890111,737.0226625447896,752.2590942382812,6604465,741.0946618652343,753.2887541675914,749.6009678184374,51.65134013969672,3.687786349153953,225570885.23626992,656109142.0,40.10493034603538,23.8946201136927,12.264526868515253,771.7396876884948,736.6870945380676,14.961808688026123,517.6645904948348
2021-07-26,750.8648490515743,756.8399009007911,741.9022712777492,753.1552734375,7890992,742.5147314453125,753.2682186706543,749.8642497161458,52.11930038194529,3.403968954508514,229568975.0061918,664000134.0,42.46382940358743,33.224674229131544,11.916177060497352,771.3972080467419,736.5266750098987,14.960081611955827,517.8964858021195
2021-07-27,747.3794099401135,752.8565408590617,726.0683671429302,728.6575927734375,15441543,742.9618640136719,749.4819685326208,748.293386238908,40.56195300471085,1.1885822937127841,217112453.63057402,648558591.0,5.28999467958685,29.286251476403226,11.867916468449561,772.8576550824944,732.0089892046151,15.82628337499968,518.3202217693749
2021-07-28,731.7446476941112,731.7446476941112,709.1390234275983,719.8941650390625,11102486,743.185927734375,744.9299987643811,746.1897402241046,37.36959421713537,-1.2597414597235002,216574489.78324786,637456105.0,16.326576545832786,21.360133543002366,12.878592972912271,775.845208470194,726.1285158950403,16.310522010107768,518.6020945271243
2021-07-29,717.0062045246601,725.470861105854,713.0228367217453,714.2676391601562,6855673,743.1948901367188,740.2127126714234,743.8251401452937,35.44096234982662,-3.612427473870298,211089951.38324794,630600432.0,7.785368185437604,9.800646470285757,13.817078298484788,778.9588204931326,719.9228140283517,16.03462932253641,518.773454291831
2021-07-30,715.0643100797221,715.6618517269321,704.2096691411597,705.952392578125,10358450,743.2546411132812,734.9418941955314,741.0197514366146,32.75083506496921,-6.077857241083166,203884073.1223783,620241982.0,2.4613204240178974,8.857755051762771,15.171181445941667,782.6160865229496,712.5261620122068,15.707311698481842,519.0201397887164
2021-08-02,712.0270365885923,722.5331576295341,709.0395105609479,718.1514892578125,6823345,743.0604516601562,732.3587549743438,739.3258060900366,39.95200498146268,-6.967051115692811,206276053.52185488,627065327.0,19.690609464032836,9.979099357829455,15.75306834026746,783.4201022184884,708.7844082795584,15.769701223690932,519.1891007994624
2021-08-03,720.9896607136039,737.7695753278824,716.3091908151271,735.5289306640625,9265839,743.0096655273437,732.8464743112236,739.044556058483,48.424351382345755,-6.19808174725938,213607029.4536909,636331166.0,44.233489041561896,22.12847297653755,15.012998496414834,782.2443840131132,707.7941718950899,16.176178601481247,519.4335036657723
2021-08-04,737.4209636413293,753.8523558088943,735.5786803472105,750.6656494140625,9744349,743.4528161621093,735.5878858655065,739.9053777885259,54.45270077372681,-4.317491923019475,219952786.9293001,646075515.0,65.6117032904422,43.178600598678976,14.623009079006371,781.8219491121041,707.7635001066459,16.32955335457772,519.7104238390308
2021-08-05,749.8690147078194,751.8606986778268,740.4085158502837,746.1843872070312,7246991,743.735634765625,737.2181168411256,740.3704895973041,52.49639604714268,-3.1523727561784654,220015788.85725743,638828524.0,61.21999132827872,57.02172788676094,14.260876048555657,780.5175351782361,707.7135622338733,15.981169745503816,519.9154396878641
2021-08-06,743.8939839444209,754.499725698748,735.728067278984,737.76953125,6522599,743.5464245605468,737.3029498271062,740.1778260160223,48.94074853891154,-2.8748761889161187,214911887.188961,632305925.0,56.63862330476583,61.156772641162256,13.567186044500712,779.7880815307268,707.0936445434919,16.180490365093828,520.0968075641883
2021-08-09,737.9189333559109,754.250766719792,736.6741308367544,752.358642578125,6064688,743.8581225585938,739.6192102503398,741.0801087243262,54.67285691777003,-1.46089847398639,219670848.35330957,638370613.0,85.04835853198023,67.63565772167493,12.92304532644969,780.4012654513787,707.2920756130744,16.28021504494695,520.269032565209
2021-08-10,752.3586517766156,760.8233090103697,751.8607307628654,758.3834838867188,8309248,744.0742199707031,742.5060215790136,742.3618402178367,56.828318899609286,0.1441813611768339,223456149.90192062,646679861.0,95.69038944427753,79.12579042700787,12.796969116257609,781.2440201665248,707.2410201166782,15.757526702272475,520.5141650381146
2021-08-11,761.8190839479703,765.8024517071754,749.3710597004545,757.6365356445312,6429468,744.3859167480468,744.8337929737086,743.4932991383326,56.46978704231367,1.3404938353759235,223495106.86134887,640250393.0,86.74208937728734,89.16027911784836,13.01918974934158,779.7388441213359,707.755333124758,15.805659938304505,520.7039587172153
2021-08-12,755.8440302078701,760.2257590433616,750.2174989510877,754.2008666992188,3572081,744.7912231445313,746.2748812391717,744.2864522909908,54.758511056989185,1.9884289481808537,222766459.60865846,636678312.0,81.16405116862202,87.86550999672897,13.225537480062412,777.8844165028919,708.3450329599988,15.391559949302318,520.8080628958637
2021-08-13,754.3502505019597,761.3211439059382,751.0639843392147,756.7402954101562,4239376,744.9754516601563,747.8849449577847,745.2089591887068,55.824121577253486,2.675985769077897,223219224.111328,640917688.0,85.28698344273339,84.39770799621427,13.49798229318728,775.4096992713039,709.4006644982273,15.024817064832405,520.932282263321
2021-08-16,752.8564914493111,762.6157301081213,752.8564914493111,758.83154296875,3967629,745.3727917480469,749.5690369594716,746.21803946871,56.728025818296715,3.3509974907616424,224109922.3874252,644885317.0,88.6822636549114,85.04443275542228,13.850758471168884,773.7613808066575,710.1377769081863,14.648704321545106,521.049271910037
2021-08-17,755.8440991525489,756.8399411804179,746.1844193259451,753.6034545898438,5576110,745.485322265625,750.1897165949135,746.7651072554606,53.76614043163974,3.4246093394529,226298679.7098103,639309207.0,80.1941126717946,84.72111992314647,13.455201406020603,773.9436163862619,710.1098992387382,14.505734273063663,521.2094125460279
2021-08-18,760.6241231534196,760.6241231534196,747.3794364361424,751.2632446289062,5370460,745.645654296875,750.3548747539893,747.0983026164566,52.446120366778416,3.2565721375326575,224077835.3998065,633938747.0,76.39462535616757,81.75700056095786,13.4128613745249,774.6277723446418,710.2871507510614,14.415659447650343,521.3640240272241
2021-08-20,742.6989691811905,745.8856758135712,733.1389100654218,737.1720581054688,6092036,745.7153637695312,748.3267491157553,746.3630252452724,45.24328877412276,1.9637238704829088,221840907.987938,627846711.0,49.561469114238456,68.71673571406689,12.885756838400036,774.3799751641626,709.8876517889624,14.680564813067067,521.528309041183
2021-08-23,746.3835522395782,746.3835522395782,731.3463628912621,733.0392456054688,3614761,745.5530419921874,745.9748254987882,745.3760786052869,43.362304891445,0.598746893501243,219040044.62148395,624231950.0,33.80269250561661,53.252928992007554,12.545254158914716,773.3000507515094,709.0455913383344,14.706037994156286,521.6248606401145
2021-08-24,732.9397028082143,746.5827501933915,728.4584138644141,743.2466430664062,4537435,745.7103845214843,745.5551051245756,745.2183426394439,49.00179459800437,0.33676248513165774,221907088.05878377,628769385.0,39.59997380106209,40.98804514030573,12.472402190885143,772.3526384369726,709.0021406157617,14.950202160929223,521.7473441337739
2021-08-25,745.0890298003534,748.3255164447577,732.1430832227364,735.97705078125,6726509,745.76615234375,744.0815583025255,744.5338025018,45.52511253710671,-0.45224419927444615,218367889.2653793,622042876.0,20.13343320958886,31.17869983875586,12.217325923493659,772.3212968688041,709.7654279847114,15.03821866529294,521.9281547209764
2021-08-26,731.0475787193946,746.8814906333705,729.30485524125,743.2466430664062,6492155,745.6755297851563,743.953109804661,744.4384573584374,49.39196125526608,-0.4853475537763643,222174889.42434713,628535031.0,39.59997380106209,33.11112693723769,12.238341608628248,771.9493282413425,712.4726444149076,15.219534145780619,522.1031802826801
2021-08-27,743.395992738731,756.4414975686857,737.918862182719,749.271484375,5841967,745.7273120117187,744.7713212770209,744.7964593596643,52.40720412988869,-0.025138082643366033,223494067.99880686,634376998.0,55.73331571219021,38.4889075742804,11.480566293091291,770.904086455191,717.0182707225433,15.455469948651055,522.2662633885785
2021-08-30,752.8565607247463,786.2172681113586,750.8648767016649,780.7899169921875,12517507,746.6325317382813,750.3126436947389,747.4626414065178,64.36772364770013,2.8500022882210487,232168162.83251962,646894505.0,90.6034300888885,61.97890653404695,12.860645833042478,773.2422671185448,722.1638425005958,16.99049236205874,522.6531493752478
2021-08-31,781.6364134339034,785.7193413387039,775.1634404063983,783.229736328125,12114870,747.6323571777343,755.3768117921829,750.1120558451554,65.09890584369194,5.264755947027538,238568458.34988016,659009375.0,94.82757782822246,80.38810787643372,14.14214826299715,777.1804222668204,724.7335120593514,16.53087868850494,523.0395162906538
2021-09-01,794.7814638221533,815.5945856187454,792.0927390880676,795.5781860351562,19972195,748.8144213867188,761.5616385987943,753.479917340711,68.60978427815611,8.081721258083235,224520225.62225246,678981570.0,77.02859882343384,87.48653558018161,16.600177727819986,785.6172289636977,722.3016308995836,17.66187658865605,523.7223803597097
2021-09-02,792.1923518319709,802.7482532635049,789.105265785402,799.3624267578125,6799617,750.0761547851563,767.3771444694125,756.8786217419778,69.61842845489963,10.49852272743476,227944874.56571677,685781187.0,81.37150332160871,84.40922665775501,18.597352865157223,793.6584487100685,719.1300888875877,17.374813080759395,523.9507440589452
2021-09-03,801.1549190435195,806.5324903577286,784.4247849724095,794.6819458007812,7509746,751.3836975097656,771.5778831357769,759.6788679685559,66.76107846056544,11.899015167221023,227403619.52031156,678271441.0,76.00004751537107,78.13338322013789,20.003807379535953,799.2844389945947,718.3538544624366,17.712876816799376,524.2008006925519
2021-09-06,797.5199947845667,802.5490452157931,792.0428641046215,797.47021484375,4539192,752.6115698242188,775.5613187831574,762.4782269963481,67.61383991295395,13.083091786809291,227554197.62717757,682810633.0,79.19994600394581,78.85716561364187,21.309800857173347,804.3713268413587,719.2370349750474,17.198112837825963,524.3529138000542
2021-09-07,794.6818554874004,796.076058493785,778.7981646406207,784.5740356445312,6926921,753.139365234375,776.947890607984,764.1149535628803,59.95258965299276,12.83293704510379,225258512.64359188,675883712.0,64.39991641855414,73.19996997929034,21.291180740533242,806.8595499435413,719.9703511795057,17.30339407820477,524.5754852795118
2021-09-08,786.7151604428908,794.0345746483872,779.7442666161817,791.3956298828125,5903035,753.7826782226563,779.1706197271884,766.1357444013937,62.38078322312166,13.034875325794701,228981359.04595673,681786747.0,72.22857597627927,71.94281279959309,21.273890632224575,810.0994978322829,720.0316178903734,17.08817364634768,524.7662399501792
2021-09-09,785.7193204013837,790.3997898528245,780.9392910647216,786.8645629882812,4909325,754.5435021972656,780.3543033058181,767.6712124448668,59.78767978531214,12.683090860951324,230221622.1887533,676877422.0,67.02859208519672,67.88569482667671,21.25783553165224,812.3910434793639,720.6628749776672,16.614471158615054,524.9232767815361
2021-09-13,782.7318170817305,787.1633261667756,780.2422120655672,785.072021484375,4814443,755.341171875,781.0801061025192,768.9601612626082,58.74725656234381,12.119944839911,232126571.9939242,672062979.0,64.9714194233542,68.07619582827674,21.172652102155666,814.2482312637169,721.8928026718299,15.922088511657439,525.0759711183207
2021-09-14,787.7109758786672,797.669395295591,786.7151339369749,791.0968627929688,6301208,756.2961840820312,782.6211455933576,770.5999169315238,61.19172138984016,12.021228661833788,230866358.3644853,678364187.0,71.60992076507198,67.86997742454098,21.75898365076652,816.7025787493639,722.8741119244643,15.684608890197337,525.2814547238092
2021-09-15,792.6902238402973,794.1342068817079,783.7276459325553,788.109375,4075592,757.1077941894531,783.465488578995,771.896913825485,59.31482867854896,11.568574753510006,230222858.872414,674288595.0,68.14776161832386,68.24303393558336,21.984971012647584,818.5332596024317,723.9712142745215,15.307605465836996,525.4126133899169
2021-09-16,789.2047765676705,804.0926264648743,785.8188894912985,799.2627563476562,15446511,757.9492797851562,785.8958374664813,773.9240132715717,63.78130165724296,11.971824194909686,237504138.86333686,689735106.0,78.97434546002003,72.91067594780529,22.785170933331052,821.5900594459436,725.4803446067908,15.519472002104058,525.9230919869987
2021-09-17,805.4868050434751,817.2875696174723,793.9350617594001,803.9930419921875,14641298,758.9252062988281,788.6800227781284,776.151348732358,65.51063706290549,12.528674045770458,235474924.05040628,704376404.0,79.98496140146565,75.70235615993651,24.17609786600695,824.831665097667,727.5117186913955,16.078974563244635,526.4206598864257
2021-09-20,796.6736011379834,805.1880380938711,788.2089441258923,792.5408325195312,6306484,759.58146484375,789.273993507575,777.3653845684449,58.2581095906493,11.90860893913009,232386395.60160246,698069920.0,41.25282216769151,66.73737634305907,24.861438769140115,824.6186972100029,733.2615640204658,16.14326880643993,526.6269454309661
2021-09-21,791.9433478277285,795.6777553151275,769.0887618485729,792.0429077148438,7833561,760.3970581054688,789.6999803086933,778.4526085052153,57.95767655323047,11.247371803478018,238078183.13143766,690236359.0,47.6238872470248,56.28722360539399,23.80999367224314,822.6907479014561,741.0898795399502,16.889391996448122,526.8734977690414
2021-09-22,789.204790123755,793.4868985952813,782.7318170817305,785.072021484375,4359142,761.2136486816406,788.9879866434136,778.9429353925603,53.776551420617544,10.045051250853248,235616057.58590147,685877217.0,33.16110994370993,40.67927311947542,22.833651796553095,820.7312738385489,747.2318914446543,16.45122696195546,527.0112845070128
2021-09-23,791.0470357943221,811.1132755800915,789.2545324244522,808.7730712890625,9043492,762.3797802734375,792.0318458196673,781.1525750885975,63.435082256299,10.879270731069823,242723151.08086425,694920709.0,82.33462875423275,54.3732086483225,22.94666962661829,818.5985327142872,756.6442346196972,17.136228900081246,527.3141742715824
2021-09-24,809.1713361910738,813.5530649313215,791.7938826113051,794.7316284179688,5184626,762.9235095214843,792.4471969886367,782.1584308907732,55.97305886482048,10.288766097863572,238938496.1888418,689736083.0,53.20228394931815,56.23267421575361,23.17650209233249,813.6341551009034,766.7571107682372,17.46643985864804,527.4856220324734
2021-09-27,799.5615635411248,805.4369948534058,789.5035229046485,793.6362915039062,7715259,763.4592724609375,792.6301346063705,783.0086427880423,55.42534195385669,9.621491818328195,235225551.34019375,682020824.0,50.929744513665824,62.155552405738916,23.183987204134006,806.4528333464755,778.3749132355558,17.3569421507987,527.7367718806673
2021-09-28,798.6652835021868,802.2502903874033,774.7650755170839,785.9185180664062,7369680,763.7590197753906,791.5975782156067,783.2241891049581,51.594374642158115,8.373389110648645,233837072.71516663,674651144.0,34.91737036012931,46.34979960770443,21.98709147551737,806.0211096814378,779.3194970080153,18.080390202193037,527.9686098014071
2021-09-29,779.744207415426,786.2171797630635,775.2629188670614,778.8977661132812,14241004,763.9781030273438,789.6437609690951,782.9037133277968,48.32229472408006,6.740047641298247,229046980.0389415,660410140.0,20.35113464162844,35.399416505141204,20.875688298944784,806.5309227913888,778.37648687658,17.57138096603654,528.4025008857175
2021-09-30,776.6571980316405,784.0761722866652,761.669727346699,763.3626708984375,9178187,764.2041589355468,785.60051634284,781.4562287033999,41.978318315595025,4.144287639440108,221255729.03346732,651231953.0,3.0438857075692822,19.437463569775687,19.89529117592027,809.6868895366056,771.9989686176914,17.916742678460082,528.6698027576381
2021-10-01,760.2258658571378,768.4913429395579,750.8649260212453,764.9561157226562,6089895,764.6502978515625,782.4244547089656,780.2339981122337,42.807709271029275,2.190456596731906,224902794.88085538,657321848.0,21.2144367319511,14.869819027049616,19.637886767984174,810.6346091648246,767.6106178859567,17.89600512416383,528.8407651090868
2021-10-04,767.8937491064602,777.902009925646,767.0970876552451,775.7609252929688,5845527,765.2926159667969,781.3992963372739,779.9026593848807,48.21339951613446,1.4966369523931462,228431642.92354614,663167375.0,37.48119304474297,20.579838494754462,18.696630662685205,810.2833852847178,766.0697397152823,17.54242577265139,529.0131904447683
2021-10-05,771.1800912562479,780.7401504182071,767.9933846084703,779.345947265625,3945224,765.8343530273437,781.0833964800971,779.861421450121,49.90526238417826,1.221975029976079,231513833.3006579,667112599.0,42.87848194888393,33.85803724185934,17.619391243602564,809.2646274949961,765.2760707471914,17.199878632443212,529.1305848847643
2021-10-06,778.9974482689938,790.8977729939036,772.7734354192894,775.711181640625,5092479,766.2854711914063,780.256901889409,779.5539962790473,48.18639845727456,0.7029056103617677,228072218.60153422,662020120.0,37.40630344437396,39.2553261460003,16.79376076101328,809.3711996047444,764.2832132370523,17.265911414026853,529.2842621426223
2021-10-07,786.715160203349,786.8645608121383,770.8812484892396,773.8687744140625,6622698,767.1896948242188,779.274113047048,779.1328687334928,47.297148180469335,0.14124431355514844,223925288.0228999,655397422.0,36.695695218860074,38.993493537372665,15.887792394760881,809.0716295404146,762.8300977545072,17.174297193231983,529.4817728367829
2021-10-08,778.6488894895244,781.7359753982935,772.7733973364022,778.6986694335938,4295686,768.3657849121093,779.1855832603627,779.1007058223893,49.90698560347044,0.08487743797343228,225309465.16458288,659693108.0,44.40033457090649,39.50077774471352,15.046536054669364,808.8718401153787,762.2132978240743,16.587745826707643,529.6099905111554
2021-10-11,778.7484644480985,789.7027267357315,775.7609383696531,783.8770751953125,4417455,769.7579736328125,779.907351250355,779.4545109611244,52.616252631992026,0.4528402892306076,226035205.32144323,664110563.0,52.66091759626473,44.58564912867711,14.829718180893778,808.8227253426572,762.1429179678897,16.398748865234126,529.744559298012
2021-10-12,784.723470897682,796.3748340812439,782.1840860351881,793.83544921875,5098502,771.515634765625,782.050135553185,780.5197656468744,57.389049064379485,1.530369906310625,229308989.02496228,669209065.0,68.54649690453294,55.202583023901404,15.063136098841895,809.1213656326647,762.1181363204603,16.2410345210071,529.9044025512642
2021-10-13,796.6238116202156,801.1548805159583,789.9018781913993,791.2960205078125,4381414,772.978525390625,783.4725793923585,781.3180067476846,55.844311446320894,2.1545726446738627,226013207.9053171,664827651.0,64.49560505307726,61.90100651795833,15.576282746423106,809.3890113744751,762.1691551294311,15.884746506975095,530.043353788667
2021-10-14,795.6777818558356,800.6569920051212,784.7235195274073,798.715087890625,7157116,774.2422485351562,785.8175806997841,782.6066794249396,59.291820010834314,3.2109012748445593,231425765.95942473,671984767.0,87.68251395516184,73.57487197092402,15.565442540236642,809.3002000300752,762.2031996281279,15.888226933456435,530.2705176035979
2021-10-18,816.5904889168995,816.5904889168995,798.7151117898214,809.9183349609375,11014585,775.4273022460937,789.5253890476539,784.6297650201986,63.878174921238625,4.895624027455256,234217754.43924236,682999352.0,89.8484643386703,80.67552778230315,16.4982231645842,810.6332590392176,761.4626699158605,16.030167940086297,530.637440673351
2021-10-19,816.5904490509306,823.5613431281946,795.1798458136195,798.3167724609375,10633732,776.4699499511719,790.8779095727745,785.6436174232163,56.748093309896795,5.2342921495582,225934655.09977558,672365620.0,65.27398230628357,80.93498686670524,17.71358971008685,811.3522837887043,761.3212391605144,16.91240575254978,530.9872969686559
2021-10-20,797.2710648093228,810.4161911005066,788.7068480945813,801.45361328125,9023067,777.7436315917969,792.50494091254,786.814728227515,58.109592134265206,5.690212685024903,227507479.1206312,681388687.0,69.58896913114683,74.90380525870025,18.230785722679414,812.5770962007367,761.0374973051227,17.255044127790885,531.2775410120406
2021-10-21,804.5905627231618,810.1174737126837,789.0056109814751,804.441162109375,7405639,778.7852819824219,794.34128263513,788.1203899965417,59.419780152246005,6.220892638588339,230930834.30978823,688794326.0,73.69859233820226,69.52051459187756,18.711039162943933,814.644310368503,760.9071971998562,17.53053117089215,531.5161706549093
2021-10-22,808.6236688308849,821.5696142678325,803.4452784998319,813.3041381835938,10646970,779.8836950683594,797.2586450272014,789.9858528252122,63.10633023888575,7.272792201989205,231866852.46790278,699441296.0,81.83416241180262,75.04057462705059,19.780118623565567,815.6406182347181,760.3639960230945,17.572945784971328,531.8732127842303
2021-10-25,826.6484293984477,863.2954640451875,822.0178005139933,841.5860595703125,29193770,781.562685546875,804.0782472646032,793.8080903618863,71.88390847034277,10.270156902716849,230352519.98058474,728635066.0,77.22042939336856,77.58439471445782,22.256767283946065,826.4990024063457,754.1910549667011,19.888544361872928,532.9500010785532
2021-10-26,844.8724486457061,848.1089354197311,820.0759564337027,838.3994750976562,16771909,783.2466577148438,809.358436161996,797.1111558978693,69.86695501140714,12.247280264126744,235506242.76911485,711863157.0,73.06043361645035,77.37167514054052,24.38598945249038,834.3773486003201,750.7890271321016,20.47028969216975,533.5517796055846
2021-10-27,836.5072916666667,837.3039531215032,782.3833025243548,784.2255859375,39606414,783.7963635253906,805.4918438197658,796.1566692341381,46.15626779424784,9.33517458562767,198556980.08735323,672256743.0,14.439702125893902,54.90685504523762,23.71064984716713,834.3531652404956,750.6439172790356,23.0092813265363,534.8034235436836
2021-10-28,784.2255333805614,785.7192963012862,751.5121497292341,755.1967163085938,19320926,783.7236669921875,797.7541318949701,793.1225986470608,38.597422993694536,4.63153324790926,183398297.67419735,652935817.0,3.296168665159873,30.265434802501385,22.40537849164324,835.8946637537149,746.7323137853475,23.809128844073143,535.3252173521449
2021-10-29,758.8316357553487,758.8316357553487,711.0312177550118,738.914794921875,21343427,783.4298937988282,788.7019262068017,789.1072057785285,35.12304463234918,-0.4052795717268509,186955535.50753072,631592390.0,18.31262285548273,12.01616454884551,22.545374225725226,838.8186965536688,741.3634933877374,25.522792355234838,535.8289729827437
2021-11-01,751.8606239629053,756.8398333931232,736.9229956722515,749.2216186523438,11694854,783.3890612792969,782.6280327368851,786.1527178432556,38.87405502026804,-3.524685106370498,189703797.6456411,643287244.0,25.081660224128452,15.563483914923694,22.675370264515642,840.0942588214871,738.514481412888,25.122367024208895,536.1195716115537
2021-11-02,749.3710461596503,758.1842228550939,744.9395374513363,752.7070922851562,11812106,783.6997619628906,778.0248111289268,783.6752640982111,40.134591427260396,-5.650452969284288,191746483.7016099,655099350.0,27.37075547645059,23.58834618535393,22.728117751228243,841.1185093313416,735.1848476022521,24.273961194176668,536.4182006077825
2021-11-03,756.2921805916807,759.478886985881,745.3876990900021,747.4789428710938,10529505,783.9885559082031,773.3254467815678,780.9940551184246,38.84072914181943,-7.668608336856778,184342302.4162505,644569845.0,23.937152682989137,25.4631894611894,22.707703504872857,842.3317647192174,730.7848917749233,23.546620244298254,536.6822763763785
2021-11-04,753.8524230012273,753.902202946868,748.275731899237,749.8192749023438,793433,784.1200085449219,769.7091126463026,778.6848121394556,39.776669440176576,-8.975699493153002,183984203.72978958,645363278.0,25.47417275715017,25.594026972196644,22.688747418971424,843.1463019426396,727.3811638776729,22.323523089403682,536.7021382229198
2021-11-08,757.8357641072641,757.8357641072641,738.4168450532673,747.9271240234375,13872770,784.3590100097656,766.3580374735542,776.4064648716025,39.25363688801747,-10.048427398048261,183699616.72001153,631490508.0,24.23149699773367,24.547607479291003,23.03125383582114,843.9374563078106,723.9958444734393,22.116051372588913,537.0445954379479
2021-11-09,746.8814561339452,750.815043959191,740.2590829103435,741.9520263671875,12120207,784.3331176757813,762.6032665341131,773.8542842416458,37.57345846977544,-11.251017707532696,175467037.77041718,619370301.0,20.307333708038577,23.33766782097415,23.349295508610165,844.8229367824462,719.4356996921632,21.29033063517881,537.3376271177557
2021-11-10,739.611818449977,750.217498605672,728.9562975723588,746.234130859375,10844883,784.2723706054687,760.0849379687688,771.8083469540702,39.569762745337165,-11.723408985301376,182248259.730114,630215184.0,23.119618664302656,22.552816456691644,24.05668769718517,844.8490429609047,715.6452990801109,21.288249949331263,537.5959158617278
2021-11-11,744.8899034262635,744.8899034262635,732.0435158059594,734.9812622070312,6195359,783.3561975097656,756.2228340054246,769.0804147505859,36.28589281386497,-12.857580745161272,178886443.37938485,624019825.0,15.729263458459565,19.718738610266943,24.71355187229053,844.4731742091601,710.1357491306837,20.781276028194434,537.7399324007935
2021-11-12,739.711435544917,739.711435544917,730.4501169747226,732.989501953125,9372897,782.3513928222657,752.6484752281477,766.4070138026258,35.72082255842372,-13.758538574478052,174653504.29477555,614646928.0,14.421168943539445,17.756683688767232,25.384712904043372,843.8963283938592,704.8819430905157,19.95842192405157,537.9542356456271
2021-11-15,734.9314215393795,740.9064737470167,724.9730011933174,730.201171875,12849161,781.0438525390625,749.1950439430481,763.7250995857646,34.90141590650612,-14.530055642716547,170236605.20102564,601797767.0,13.984733949886985,14.711722117295343,26.221482197326697,842.0723219745156,699.8545579082969,19.67092554045498,538.2437469317052
2021-11-16,730.2011299971876,730.2509099397881,718.3008062098648,723.1306762695312,8978763,779.5192175292968,745.1851412240455,760.7181052660436,32.84398956365146,-15.53296404199807,168515730.4280459,592819004.0,9.582003968950428,12.662635620792296,27.250899831982174,838.2847157666374,694.9633982470345,19.119438268274145,538.437071156501
2021-11-17,718.0020578106239,721.8858657923278,703.811309788708,709.3880004882812,18083445,777.8133386230469,739.6778888031587,756.9158752825057,29.23644325212865,-17.237986479347,161591152.01680735,574735559.0,6.808482221348359,10.125073380061933,28.69924081258254,836.4101876728544,687.9450491435518,19.133718854884798,538.7996800672371
2021-11-18,712.0270213753964,713.0228633633341,698.9815156459622,703.4129638671875,13458109,775.9321936035157,734.09866958224,752.9526966591488,27.806382598434837,-18.854027076908892,156627799.27376142,561277450.0,7.32502606820083,7.9051707528332145,30.194123232732405,833.4102746166262,681.1408972583737,18.76997805934816,539.0583627640232
2021-11-22,710.0353318315224,710.0353318315224,674.583381651501,683.5459594726562,16741079,773.9116320800781,726.3213295653809,747.8114568675568,23.662016009690234,-21.490127302175893,148351316.58430028,544536371.0,10.557187669540502,8.23023198636324,32.225515486712816,830.556909590671,671.9047420206571,19.961547496539108,539.3486162772971
2021-11-23,678.1683827842854,689.7699660681067,674.533535274729,682.799072265625,16575348,771.7397009277344,719.6255976731107,742.9957246748211,23.520090658544945,-23.37012700171033,149759727.88973036,527961023.0,9.730417055664297,9.204210264468552,34.11297014547411,824.0042080778687,665.4069369416625,19.624039160599004,539.6214986378583
2021-11-24,687.1310181517114,692.2097883211521,679.2140616558622,682.3012084960938,11463429,769.6484338378906,713.8833839535697,738.499834587508,23.41925329945296,-24.616450633938257,143742595.1264909,516497594.0,9.14431815854726,9.810640961250696,35.63549295851218,806.9997966352958,666.4828632768135,19.150588268076927,539.812523527536
2021-11-25,683.1476099157932,684.143451912755,673.7368908882298,677.072998046875,9760486,767.4884533691406,708.2202476602321,733.9496985474611,22.33627336767674,-25.729450887229063,140240089.47940803,506737108.0,3.9668868689314465,7.613874027714345,37.198245187278665,786.3046520331987,671.0453601738326,18.526014893537518,539.9677612668028
2021-11-26,666.2182672527272,672.0937590941106,657.7038307019594,658.9984130859375,10252753,764.846484375,700.6476577257251,728.3977514762372,19.0555551711614,-27.750093750512065,131832103.60532618,496484355.0,1.2928766477902622,4.801360558422999,39.039496274769206,781.7276405882415,663.0996543336335,18.586240068635952,540.1123611440274
2021-11-29,662.2847082153323,662.6830693268415,646.6499766998605,648.3927001953125,12084376,762.0521508789062,692.6084334902771,722.471451381354,17.4371408842767,-29.86301789107688,122374759.89074264,484399979.0,1.673040244013154,2.3109345869116305,40.97965646259111,782.5329991158026,651.6138941947443,18.403872394232028,540.2680224005362
2021-11-30,645.3056125531434,674.6331714527666,645.3056125531434,652.923828125,24699809,759.1253723144531,686.5031095879267,717.319775584587,20.54210299709422,-30.816665996660277,110507145.3594136,509099788.0,7.261537141789828,3.409151344531091,41.68787226755104,783.0493161891184,642.4984804417411,19.184135716045684,540.5990829225279
2021-12-01,662.1353417735068,678.5667340702519,657.2556918698043,676.774169921875,16184200,756.5809948730468,685.0063496393033,714.3163973873491,34.50439472400679,-29.310047748045804,123968698.91000141,525283988.0,31.599921124934802,13.511499503579271,42.004740919279826,779.0060665643653,639.2969851934472,19.645476446703267,540.8394317122617
2021-12-02,672.1933554279223,675.977542902205,665.2722413157603,673.2887573242188,8612601,754.1959533691406,683.2036431292903,711.2773129382283,33.5758747507287,-28.073669808938007,128254950.5454824,516671387.0,29.270808255928852,22.71075550755117,42.29897609588512,773.6962591371492,636.6649591245695,19.0637944580898,540.9676097116072
2021-12-03,676.2762719907342,684.4919684190984,668.2099761736163,670.20166015625,9505985,751.7591284179688,681.2033380565149,708.2346719914151,32.735606386095725,-27.031333934900204,121074592.25973292,507165402.0,26.04165620706991,28.97079519597786,41.80471615641218,768.5592321470675,634.074257843167,18.865094300046394,541.1118075286817
2021-12-06,671.1975370550881,675.9277867598532,658.4009911136945,660.3428344726562,8022785,749.2645446777344,677.9940298128444,704.687128471507,30.141349701440504,-26.69309865866262,114829541.43169971,499142617.0,17.702241774571757,24.338235412523517,41.73164200555218,762.4688700653194,631.2169758819462,18.769501539054414,541.2246823150341
2021-12-07,669.2058030840611,688.6745014192952,667.214119146311,684.1434326171875,15123987,746.7719519042969,678.9400917827434,703.1653732230388,42.075744080209375,-24.225281440295475,123567078.76016241,514266604.0,50.71518886564829,31.486362282429994,40.61052617300202,755.1063024708201,632.2011743358205,19.45251335388188,541.4628549092772
2021-12-08,692.1101721820118,698.6329249578127,684.7907579829948,694.201416015625,11670826,744.76134765625,681.2879878185713,702.50137639286,46.254348439606,-21.21338857428873,127765177.42262825,525937430.0,72.20583068195577,46.87442044072528,38.84039656511165,748.5997189302092,633.9326968412753,19.098011852934977,541.6626617378766
2021-12-09,695.2471237947947,696.9898473127979,685.1393030778271,691.0645751953125,7021395,742.7099133300782,682.7920781842238,701.6542059337825,45.160159042931625,-18.86212774955868,127765177.42262825,518916035.0,70.69235453559813,64.5377913610674,37.1967047863563,740.0092670689801,637.0061931360981,18.580335594508966,541.7814406185682
2021-12-10,687.2305508904733,689.0728950887938,680.9069784017775,685.1890869140625,5549743,740.6953247070312,683.1608487580452,700.4345674878773,43.10338095018883,-17.273718729832126,128035871.40530768,513366292.0,74.78995764546892,72.56271428767428,35.90120635389304,732.8994667107648,639.1367759650165,17.9787113944394,541.8714172571401
2021-12-13,696.0935440063477,708.939929860644,690.2180520119146,701.07275390625,13634563,739.1388244628906,685.9165264731537,700.4818405559049,49.7643239685572,-14.565314082751229,130211593.89273058,527000855.0,87.63689737350772,77.70640318485827,33.35748918457931,726.7512341810382,642.0933336900555,18.3910065053067,542.1151310366357
2021-12-14,698.0852318279826,711.0311776393432,694.6993447647707,707.944091796875,8612512,738.0304528808593,689.3053826768031,701.0345999070878,52.36252758893325,-11.72921723028469,135568186.72340298,535613367.0,95.30306686839513,85.90997396245727,31.12430134465342,721.7580973411583,644.8607625221229,18.243922674539977,542.2730469661072
2021-12-15,709.4378546647963,717.0062294407894,704.6079845671015,709.5374145507812,7692888,736.9220788574219,692.4180029651075,701.6644380288428,52.969939917837635,-9.246435063735362,133992544.05201699,543306255.0,89.58333245345476,90.84109889845256,29.419352793971168,718.6420892004467,646.6174444909595,17.826374260193397,542.4188958316741
2021-12-16,716.0103779113722,718.9481238852242,702.1183702448566,706.6992797851562,7309187,735.5408459472657,694.6151224758842,702.0373892700512,51.70525165676436,-7.422266794167058,130662348.6850048,535997068.0,83.36715590152346,89.41785174112447,27.65912371999661,718.1251321892539,646.8655294318398,17.75518707306298,542.5563063244939
2021-12-17,704.5581578458214,705.0560788054298,682.2512745428203,686.0355224609375,7844705,733.6746374511719,693.2951840120462,700.8520658027095,43.55212293366494,-7.556881790663283,125421157.24492314,528152363.0,55.30760585299457,76.08603140265761,26.582476160598734,715.9988329444365,647.2540845360323,18.233245513725336,542.6875109053134
2021-12-20,678.1186757320387,679.0148971341549,657.355331919715,671.5460815429688,9934646,731.5913354492187,689.9491682475727,698.6812521538398,38.91800357633247,-8.732083906267007,128504323.24492314,518217717.0,23.163926605442622,53.94622945332022,26.72383660035946,715.6617942345023,646.3911354529977,18.97945587283228,542.8289724814639
2021-12-21,680.1600741790068,680.1600741790068,659.7453135338096,663.0813598632812,10116104,729.3755871582031,685.815659265374,696.0442230952798,36.47618689480803,-10.228563829905738,121694434.01807484,508101613.0,9.296587735091972,29.256040064509733,26.77271063636428,715.5299451142726,644.551213332993,19.081977642286912,542.9708262138942
2021-12-22,667.2140940288858,674.0355869463355,661.2390424405675,666.5667724609375,7489534,727.13294921875,682.8542920646915,693.8607082334767,38.195707324455206,-11.006416168785108,120441304.71504539,515591147.0,14.955387225149215,15.805300521894614,26.81809366979733,715.2025148563393,643.3051999874106,18.63301813253556,543.0753202493357
2021-12-23,674.18509648779,681.6539121800477,669.8033669691144,675.9776000976562,6884683,724.9749597167969,681.7963394543784,692.5360335567492,42.70535987495075,-10.739694102370777,120730576.51653273,522475830.0,30.234492679548236,18.162155879929816,26.271059439667972,715.1642027788101,643.233972270018,18.379741103005177,543.1778075641805
2021-12-24,678.3177539418923,679.1641952686095,659.695497721802,664.7244873046875,6028893,722.3927404785156,679.1699006621183,690.4759190195595,39.037320580664485,-11.30601835744119,117816348.99638176,516446937.0,11.964314572879049,19.051398159192175,26.2520192344703,714.8895011204019,644.0812813503013,18.457523706133916,543.2620536546269
2021-12-27,660.2930259405947,671.7949888842658,653.2225720531771,669.355224609375,6996729,719.9539245605469,677.6599505001577,688.9114231373236,41.27271257471658,-11.251472637165875,122974828.33716477,523443666.0,24.54548057264353,22.24809594169028,26.525943047240833,713.3394573207552,647.7275775913542,18.465730357916396,543.3572755909112
2021-12-28,674.483762847966,678.0189897309139,669.2058124949792,672.6414794921875,4645547,717.4324523925782,676.8878780373931,687.7062421265728,42.87360534482023,-10.818364089179681,121951256.04267795,528089213.0,29.545446021712852,22.018413722411818,26.27813534695543,712.0536381237198,650.9851619251083,17.77626227777484,543.4248353142167
2021-12-29,671.6954039844624,676.7741736827682,664.475549753347,667.7120361328125,3969894,714.5883264160157,675.4762100520729,686.2251898307387,41.065272659075546,-10.748979778665785,120070784.06788279,524119319.0,22.045404984443902,25.378777192933438,26.280830582971305,712.133055177786,649.9995314921359,17.385002395749577,543.4808990474596
2021-12-30,665.22246728959,670.3012372632337,661.7370202304379,666.0689086914062,5119705,711.943369140625,674.0289329196627,684.7321319685659,40.45278852687176,-10.70319904890323,120130301.1562847,518999614.0,19.54542225990924,23.71209108868867,26.418754415549618,712.2886624281117,649.121939378529,16.754946298395733,543.5510559377204
2021-12-31,670.1518857750453,683.6455327131083,668.4091622757767,675.7285766601562,5586980,709.4288684082031,674.2904165720463,684.0652019457208,45.59050851880779,-9.77478537367449,119911190.35393105,524586594.0,34.24239733199994,25.277741525451034,25.457397237159405,712.2880601320829,649.6752333249484,16.813637564346184,543.6337001487136
2022-01-03,677.4215570902896,695.5956745719475,676.1767545230528,693.45458984375,8550860,707.2091369628906,677.2387509215392,684.7607121603896,53.516309393710586,-7.521961238850395,126576454.68611257,533137454.0,61.21214150225847,38.33332036472256,23.734305377156346,712.8870342399135,652.387434754227,17.031741874877973,543.7719018156863
2022-01-04,698.0852186395155,708.0934182483302,697.1391566148998,706.2013549804688,9705906,705.0670812988282,681.6945361613746,686.3489079248399,58.22849328320541,-4.654371763465292,132929475.966275,542843360.0,80.60606788463625,58.68686890629823,22.695557841025174,715.6898519499827,651.7904092804862,16.860819484142418,543.9451232738696
2022-01-05,708.9399336960422,727.8609314180345,704.8071651442165,723.8775634765625,11312955,702.7129113769531,688.1842326714035,689.1288083360786,63.72078201707147,-0.9445756646750851,140332990.5967425,554156315.0,94.66310892231705,78.82710610307059,22.706121021863698,721.4495223311271,648.9983536454354,17.303172826262106,544.1654998884051
2022-01-06,716.9564869601546,730.4501344102309,716.0104248683791,727.263427734375,7955578,700.4901904296875,694.1964165272452,691.9535949581746,64.67880025532834,2.2428215690706566,144777127.67067507,562111893.0,95.87361483569491,90.3809305475494,22.830372622971367,727.6027174577507,646.465043772718,17.098639734518514,544.3252116165353
2022-01-07,730.9480208685773,737.8193549140866,722.2344034535909,727.5621337890625,10454143,699.3569213867188,699.329603798294,694.5912645012033,64.7671941474268,4.738339297090647,141470501.93226388,572566036.0,87.8751640687228,92.80396260891159,23.26868616644694,733.3758636798195,644.9292022381492,16.990519143516888,544.540034294428
2022-01-10,730.5995079459155,740.9064483380697,730.1513668894366,739.71142578125,9595787,699.0472155761719,705.5421917956718,697.9334986700957,68.24778131516862,7.60869312557611,148933867.71905312,582161823.0,98.63712394176443,94.12863428206072,23.809063437930497,740.3144930162458,641.854440089223,16.730075958194767,544.7450022648119
2022-01-11,739.811025520687,743.9437332368342,734.2342740070868,740.1595458984375,7252279,699.0721105957032,710.8679385807126,701.0613540203433,68.37189128250873,9.806584560369288,150533106.37624213,589414102.0,95.82877105074094,94.11368635374272,24.4447129884063,745.9685012252493,639.4219772903758,16.228603334734238,544.9016526229542
2022-01-12,746.5329740755099,748.3254775059404,740.0600011235199,743.7445678710938,5294563,698.9625695800781,715.9258815484635,704.2230735648433,69.40228601383916,11.702807983620232,149958941.78285447,594708665.0,95.18320748137192,96.54970082462576,25.229133570744615,751.7712152323747,637.0399786152816,15.659808552426114,545.0185558084127
2022-01-13,745.8857163481184,745.8857163481184,733.9853913609218,737.6202392578125,5196538,698.6608325195313,719.2634750422095,706.6969376902484,65.47785927770789,12.566537351961074,147936875.94907424,589512127.0,88.74352134967624,93.25183329392969,25.40727963679104,756.15569161632,635.7475981786018,15.39127401205258,545.1303514038508
2022-01-14,731.7446631332328,732.8899057046035,713.0726263046016,718.6991577148438,16302342,698.0852368164062,719.1766569918456,707.5859910254037,55.109680072298644,11.590665966441861,140891671.36658484,573209785.0,65.78490860873845,83.23721247992887,23.98380952646148,758.393395807002,636.7762575133106,16.04529822213532,545.4484828325404
2022-01-17,716.0103394484679,717.6036622056256,706.5498412220974,709.686767578125,19680557,697.2825866699219,717.7166740051193,707.741604103383,50.969695070294385,9.975069901736333,132381271.37321633,553529228.0,55.37660429163575,69.96834475001681,22.295738770859725,759.2984083268572,639.685313596971,15.767013812893252,545.8086966282884
2022-01-18,714.5166357829792,732.8401529156072,711.2801492794325,722.1846313476562,24055886,696.7677368164062,718.4040520578172,708.8114579733291,55.915503076934776,9.592594084488155,132659052.6535041,577585114.0,69.81024147928792,63.65725145988737,21.55303595083974,760.5825436979917,644.311505374274,16.294611778935316,546.2755283782164
2022-01-19,722.1846766042826,728.9066105328872,715.7117031915523,726.5663452148438,7746270,696.4600231933593,719.6597894665906,710.1266348060338,57.53290560494109,9.533154660556761,137657546.3249185,585331384.0,72.77260315565219,65.98648297552529,20.863383332249754,762.0386008639169,648.8554054837392,16.073204319106715,546.4267135312186
2022-01-20,728.010225324821,734.0848975212041,719.1472686829353,725.8692016601562,8505400,696.052724609375,720.6150836502161,711.2927508693022,57.17349584857789,9.32233278091394,136807006.3249185,576825984.0,68.87501965750612,70.48595476414874,20.511854266769756,763.5063320115933,652.376834492313,15.992091784761147,546.5948846025786
2022-01-21,718.9979134114583,722.2343998637953,705.1059055597688,709.5374145507812,10689060,695.54384765625,718.9108268656877,711.162725956819,49.38947267176717,7.7481009088686505,131648924.66483444,566136924.0,24.22181887671399,55.2898138966241,19.206565553625193,762.0891191311811,658.2753400973346,16.33289209302017,546.7892746446083
2022-01-24,712.0270078410168,713.4212109101767,685.3384552278653,701.6702270507812,8812501,694.9174621582031,716.2584268941637,710.4595778897051,46.13128988507874,5.798849004458589,133086397.5028273,557324423.0,25.92878855395708,39.6752090293924,18.78459682175748,760.4292922364914,663.1666672361648,17.172168063683827,546.9374556556652
2022-01-25,711.0311520284127,751.8606719628174,705.6535811879191,749.0723266601562,38088158,695.2948852539063,721.3067191658549,713.3197815023311,62.27837696529734,7.986937663523804,166577731.30700457,595412581.0,95.80839990078671,48.65300244381927,18.446637093892253,763.3460021340719,667.8930420553812,19.530616409994707,547.721787977747
2022-01-27,740.9064641820595,773.7692508998122,735.0309719411847,770.63232421875,34927774,696.2449182128906,728.8952737893773,717.5651550368807,67.10771366470146,11.33011875249656,195848781.82232288,630340355.0,96.45267617776587,72.72995487750323,18.925098652388947,768.9126784413879,672.618394556659,20.90259230632562,548.5275824043555
2022-01-28,774.8646320065294,781.4372256424338,758.3336792018738,761.5203857421875,17765524,697.2875659179688,733.9145217821173,720.8210980520886,63.41266731383412,13.09342373002869,182984108.1457616,612574831.0,79.27461525852479,90.51189711235912,19.61740788931408,769.8199888253573,681.2562318777677,21.05980331591379,548.9491471053975
2022-01-31,772.2256773944843,774.5658817405338,759.1801109564559,769.8356323242188,12319200,698.6160192871093,739.4408464809021,724.4518042944686,65.29086079143777,14.989042186433494,187728401.5093294,624894031.0,87.9274279284054,87.88490645489868,20.260266466458848,772.2979461678832,688.1889801016481,20.65451527792551,549.2415401531183
2022-02-01,774.8646166151174,790.5989684488723,765.9020388380335,778.6488647460938,15457534,700.5180773925781,745.4728492909315,728.4664013649594,67.21204364258799,17.00644792597211,188227061.09053066,640351565.0,88.64711624796296,85.28305314496438,21.372761881005736,778.0224971853246,690.9838565744411,20.943259158847884,549.6249236079929
2022-02-02,786.715182823867,802.5490949932507,784.0761772018457,800.7565307617188,13478899,702.8772265625,753.978031055668,733.8212257647194,71.47698140637708,20.15680529094857,199090044.99788907,653830464.0,98.47064717407903,91.68173045014913,22.749849460867885,789.4527156327264,689.0091557051643,21.15447137944139,549.9835510947374
2022-02-03,798.8644082586037,808.5240871341401,789.7524302881953,796.2254028320312,10802708,705.1557104492188,760.47762671357,738.4437573993351,69.48208966027336,22.033869314234835,195737465.9723256,643027756.0,90.01613734346367,92.37796692183524,24.193268079597598,798.2776856885812,687.4189695848563,20.984270341334486,550.2729887177296
2022-02-04,793.6362913757429,801.1548862940741,787.8604199515255,795.2296142578125,10776387,707.5188427734375,765.8240863357611,742.6501171666298,69.02614488120724,23.173969169131283,196907897.69773543,632251369.0,89.20777312207753,92.56485254654008,25.400068802351864,805.6301508834994,686.8631230422819,20.434998627135496,550.5570762904806
2022-02-07,799.163157814997,800.2585596377724,780.8396417843238,786.3167724609375,10939179,710.0652099609375,768.9768072780959,745.8846842254675,64.9198456234707,23.09212305262838,192139537.62081236,621312190.0,81.97247980178487,87.06546342244202,26.020236596658865,810.3659157051443,688.0028220878244,20.362421429014997,550.8381712691181
2022-02-08,790.6985453293908,797.6694393058464,772.9227900019778,795.2296142578125,12300670,713.0019482421875,773.0157006595907,749.5398642278634,67.0319479203955,23.475836431727316,202014708.9276291,633612860.0,89.20777312207753,86.79600868197998,26.051418025263125,816.1353869778527,687.7851696627722,20.67558056293311,551.1527586264855
2022-02-09,797.6693821497163,806.1340385146009,796.8229408257748,800.5075073242188,9399830,715.9536218261719,777.2452093772258,753.3152451979638,68.25097382412775,23.929964179262015,200054237.82311824,643012690.0,93.49227691097875,88.22417661161371,26.403229290487445,822.2498180133573,687.7055347698458,19.977640826779915,551.405270494069
2022-02-10,804.1921559017477,812.5572526081872,799.7606470606145,806.4328002929688,12848281,718.5467944335937,781.7356079796479,757.2498789087049,69.60957008616174,24.485729070942966,200604150.47465363,655860971.0,95.18589041766417,92.62864681690682,26.96569332779216,828.7557876841452,687.4683883412454,19.464709735407975,551.7566206113364
2022-02-11,797.61963836871,806.5324361602936,795.179813384893,800.457763671875,9717894,721.0901745605469,784.6159396246059,760.450462965236,66.51843859712983,24.1654766593698,199922152.83814406,646143077.0,90.48922864744532,93.05579865869608,27.148175542975373,833.5429318208039,688.9649966459929,18.885274952550308,552.0159667802048
2022-02-14,786.7151933070709,799.661139526048,766.7485730256154,770.1343994140625,8617389,723.0888293457032,782.3880103614454,761.167791591075,53.52734467809058,21.220218770370366,193077763.40506208,637525688.0,60.31674812425413,81.99728906312122,25.54629158883035,833.4879765562006,694.1634760805181,19.944126073529542,552.2253035693933
2022-02-15,773.7692315115252,795.7773153281973,761.1220259959247,793.6362915039062,7426563,725.7546984863282,784.1185151525932,763.5728656586922,60.04104696824659,20.54564949390101,199586691.68770933,644952251.0,75.59413280052487,75.46670319074146,23.765563171702684,834.1585370278032,701.8878680014938,20.99492344915405,552.4091090350363
2022-02-16,791.6943759362891,804.9390621447352,786.018064480849,793.73583984375,7457765,727.9465466308594,785.5981035666174,765.8071600427706,60.06657884934355,19.79094352384675,198212892.87191987,652410016.0,65.28924306887197,67.06670799788365,22.56867996201677,835.1198918625704,708.0816340163359,20.84678589306349,552.6024721366996
2022-02-17,793.686011386004,798.6652209931935,777.2546196822788,779.5450439453125,6516308,729.6534191894531,784.6668636248783,766.8247810725885,54.70094585526885,17.842082552289753,193090764.30031288,645893708.0,38.152910325793066,59.6787620650633,20.982275556708792,834.3630481248264,714.1363476271268,20.88705842291001,552.7643896358747
2022-02-18,777.9020249191803,787.2629035187838,775.7609402452351,784.1260375976562,5466662,731.5146484375,784.5836596206902,768.106355630001,56.06531900430931,16.47730399068928,195575642.17836928,651360370.0,44.72423495894006,49.38879611786837,19.538747762957914,833.1183277849688,721.2067515607345,20.216694483669915,552.8984336585928
2022-02-21,780.2920564106142,793.4869640853143,772.8730206938469,785.5700073242188,5635224,733.5222668457031,784.735405421233,769.3999594592023,56.5099675165355,15.335445962030803,196882356.6933229,656995594.0,47.531590582057405,43.46957862226352,18.43467580796841,827.5768957337805,734.3514428892663,20.24506940565545,553.0374054133835
2022-02-22,762.9144922700729,783.7276133018173,762.9144922700729,775.9102783203125,6923558,735.0190173339844,783.3776935595529,769.8822053007659,52.669697774363144,13.495488258786963,198604986.6761046,650072036.0,28.75121448548686,40.33568000882811,17.396174442535276,814.0910136962867,755.2613300537133,20.41724409483334,553.2006900728636
2022-02-23,780.2422375132965,782.2339215911861,769.0390145751668,773.9684448242188,6303173,736.3395043945312,781.93011683104,770.1848897099106,51.906061623897926,11.745227121129346,197011365.87127894,643768863.0,24.97591567960816,33.75290691571748,16.431851746061653,810.9896649701541,760.8522905962523,19.901362874918053,553.3497361827029
2022-02-24,749.2715732290566,765.9519273549889,722.2842175475296,727.263427734375,13085009,736.6940246582031,773.5198569700145,767.0055221561672,37.73490863616188,6.514334813847313,186910392.919656,630683854.0,5.515722589253493,19.74761758478284,17.557700282348744,819.1223437506453,748.3827221673234,22.17156747504456,553.6075680160028
2022-02-25,739.2135586391528,761.6697852292561,734.3339689502291,754.8980712890625,10066136,737.6580004882812,770.6549668652526,766.1086739437891,46.96171843833059,4.546292921463532,191989299.50756902,640749990.0,36.12801288847607,22.20655038577925,18.603131066043897,819.7290924941724,747.1137419784839,23.045481047890032,553.8180550251324
2022-02-28,746.7819252024416,746.7819252024416,733.1388779185617,739.3131103515625,14463418,738.7235522460937,765.8331427862233,764.123817381402,43.08413746442631,1.7093254048213566,190616872.4936022,626286572.0,18.86376456999657,20.16916668257538,19.61579897007901,822.6521908733953,741.1383914019952,22.95360335664795,554.1034975503734
2022-03-02,725.6700500001047,753.304664450724,721.9854225837481,747.1304321289062,11691602,740.2352392578125,762.9558026850976,762.8650481034393,45.51430569417053,0.09075458165830241,197698741.77600756,637978174.0,27.762505779526833,27.584761079333163,20.940305664661146,823.8027225012461,736.8360165124259,23.551148964528515,554.3349137350348
2022-03-03,752.8565623816262,756.2922294852773,729.3547151700928,734.5828857421875,8357181,741.6652697753906,758.5907385400346,760.770073113717,42.38598812525688,-2.179334573682354,192585569.65215242,629620993.0,14.899950483802883,20.50874027777543,21.94757043887463,823.7208804912121,730.3004940205066,23.79303220386108,554.4993328177119
2022-03-04,719.993774670154,729.4542737840773,707.0976084585842,712.0270385742188,11660648,742.5744750976562,751.4270923914476,757.159477962643,37.408419178675985,-5.732385571195437,186067043.57258654,617960345.0,5.038181598820913,15.900212620716879,23.59399007874334,826.4820727427515,719.1194653431861,24.05676399527124,554.6987959156243
2022-03-07,690.118482173446,702.068585760865,652.8739683467754,664.7742919921875,20147061,742.3504089355469,738.0958923300229,750.3161308537204,29.57327501940361,-12.220238523697503,175667250.01795515,597813284.0,7.8258089007746605,9.254646994466155,26.249509098700837,836.5974866102468,695.9585192491282,26.56364301185496,554.9509113662189
2022-03-08,662.2349167877082,670.9485341138623,634.3513413440153,667.6124877929688,24828458,742.4081689453125,727.2522916320146,744.1899350714425,30.514667564025274,-16.937643439427916,195969192.20100415,622641742.0,19.497972241395406,10.787320913663663,28.982753477259827,842.0164627393289,678.6691146532493,27.28032513742582,555.2193523053263
2022-03-09,668.7079427993228,677.6705213327464,656.3594769518335,671.396728515625,20438651,742.4489990234375,718.659128075647,738.7978456969375,31.82321911880686,-20.13871762129054,204373908.16304824,643080393.0,22.54550087351369,16.623094005227923,31.098245803246595,842.7858182143947,665.5164706039646,26.85394794053204,555.4625537684728
2022-03-10,704.9565289632776,717.4045531307223,685.3882106595073,692.0603637695312,23224756,742.8373767089844,714.5670104900908,735.3358099986111,38.62047863479245,-20.768799508520374,190829154.0629696,666305149.0,36.264050393877824,26.10250783626231,30.95263183755824,838.6163175270947,658.8412569357959,28.222081988715274,555.8102013316425
2022-03-11,689.0230997106047,703.7117691167635,684.5915906826417,687.9774169921875,14224356,743.2426843261719,710.4763037981056,731.8277808870242,37.81815538571234,-21.351477088918614,181642533.3484518,652080793.0,33.69834781452433,30.835966360638622,30.83771455654848,832.3138193846747,653.2982167481379,27.571946020530028,556.0130732940071
2022-03-14,691.8114449296223,709.4378603680159,682.1517654379493,707.0975952148438,10720884,744.0632580566406,709.9565024776039,729.9959152816775,43.71509355901281,-20.039412804073663,190524406.57752946,662801677.0,48.70000631116225,39.554134839854804,30.45317059477481,824.825718256282,651.4503010308274,27.551528085496926,556.1739493003428
2022-03-15,710.03536104853,715.0145711540597,692.1102046686232,695.2471313476562,12157425,744.4536291503906,707.6935223037658,727.4219312865648,41.11273327879449,-19.72840898279901,181697084.66988897,650644252.0,41.178474098747664,41.19227607481142,29.822097941187458,821.6968506022172,647.0904418782516,27.219587971206895,556.3575050203538
2022-03-16,708.0436645278012,722.9812945811303,706.1515404084972,720.8402099609375,10038170,745.0013415527344,709.7160896356385,726.9343963735554,48.274389912017284,-17.21830673791692,189181138.7652336,660682422.0,65.720732132386,51.86640418076531,28.845817956240158,813.8420947648709,647.6655895613009,27.25634334708312,556.5253241872903
2022-03-17,733.9355639656694,743.6450235975083,733.3878630145069,736.1762084960938,13657428,745.6008386230469,713.7868771526316,727.618975049299,52.03847387923851,-13.832097896667392,182949084.94081354,674339850.0,79.97652503816245,62.291910423098706,27.0141748407509,805.869838656639,649.8818825347672,26.93837693918938,556.783068109789
2022-03-21,741.9022712745644,746.2840002765195,720.69084936621,722.8817138671875,7495685,745.5809216308594,715.1860828010249,727.268066813587,48.728095929633604,-12.081984012562089,176736714.38963306,666844165.0,72.6010560302091,72.76610440025252,25.788453800706197,799.352859498156,650.7325286854377,26.84228936569795,556.9181439706157
2022-03-22,725.9688415287395,732.939735754667,703.4129951851529,728.35888671875,11117081,745.6028308105468,717.2126680191365,727.3488682880435,50.135484216712605,-10.136200268907032,184404334.4062124,677961246.0,77.0927182897274,76.55676645269966,25.239351579048748,791.4997845014213,653.0088885942819,27.03403588025625,557.1084062326382
2022-03-23,733.039247491637,739.8110214913675,721.6369055962087,723.7281494140625,5886245,745.5261511230469,718.2150497722021,727.0806668899708,48.91301673200794,-8.865617117768693,179872716.34241474,672075001.0,73.29519198392993,74.32965543462215,24.411407293291745,782.0537971400215,656.2706901646659,26.401184452749284,557.2131389482663
2022-03-24,716.1098998137187,727.4127420659254,716.0103399343415,719.246826171875,7559843,745.1168591308593,718.373784602921,726.500382392334,47.700859064423724,-8.12659778941304,176604482.69719118,664515158.0,75.8451426397831,75.41101763781349,23.841082088671584,773.5931398411997,659.0650022486441,25.329842858380328,557.3415750926881
2022-03-25,720.292501527448,723.628608673501,712.5249461367391,718.2510375976562,5430894,744.6786889648438,718.3549004482649,725.8893198149505,47.41964404981372,-7.534419366685597,176774946.9257194,659084264.0,74.95551079889276,74.6986151408686,23.436947415896164,764.3802795687585,662.7061217984291,24.31368712112187,557.4321654084482
2022-03-28,722.9812774658203,734.8318213401362,712.07679562876,732.939697265625,7077669,744.4625915527344,720.5987153432434,726.411569996482,51.922176164103924,-5.81285465323856,182675572.39466098,666161933.0,88.07827568990287,79.62630970952625,22.48921572883399,765.0293801121793,662.6246482081333,24.202354163282894,557.5562943790925
2022-03-29,738.5662670600748,738.5662670600748,727.9605251108217,734.7322387695312,6174137,744.4048315429687,722.7731035626722,727.0279158315227,52.45722029246976,-4.254812268850515,184385747.1295111,672336070.0,87.153936345841,83.39590761154555,21.422165633490472,761.4772778716468,664.1601671967125,23.231167576566484,557.6689933555634
2022-03-30,743.8939837774747,762.665581411653,738.2176721465928,747.3296508789062,16618114,744.97744140625,726.5510339190159,728.5317480572547,56.15045330679177,-1.9807141382387954,180155105.58758083,688954184.0,80.95242369613244,85.39487857729212,20.441630526658162,762.866530095001,663.5725690260927,23.567037224106144,557.998514053956
2022-03-31,759.8273906751853,759.8273906751853,748.1760279672739,757.985107421875,20449544,745.943408203125,731.3870452271482,730.7134783805599,59.04826308754652,0.6735668465883009,194137791.86570248,709403728.0,94.18674430819844,87.43103478339064,19.531133641742446,765.08913671838,662.4354299320106,22.77637312211849,558.4149615919358
2022-04-01,756.8399178359851,772.5244292911387,752.0101084623437,771.3294067382812,9321859,746.9263037109375,737.5320239211687,733.722065666317,62.39951169669416,3.809958254851722,202373596.70553538,718725587.0,98.67767253735175,91.27228018056088,19.211218459525803,772.1419656559552,659.0572530940448,22.61479795830967,558.6137862071847
2022-04-04,776.7567936155403,782.233924852573,763.8108470552813,780.8397216796875,10959783,748.0117712402343,744.1947466532486,737.2122624080481,64.62157594187008,6.982484245200453,211674572.8111757,729685370.0,98.45301195951545,97.10580960168856,19.287922842674952,782.2730514587611,655.8074356017858,22.315389375379812,558.8587284949705
2022-04-05,772.7733574636934,792.6901965735824,772.7733574636934,779.8438110351562,7334134,749.0912634277344,749.679218096619,740.3701548989451,64.1937510606254,9.309063197673936,209547656.0455751,722351236.0,85.61067625481027,94.24712025055915,19.738802026402062,788.1690626482817,661.4183763165621,22.144064356416184,559.0269666756143
2022-04-06,773.7692376506365,776.7069837207712,766.0016821702636,770.4829711914062,9954921,750.3101745605469,752.879795495817,742.6007338835718,60.16203328854267,10.279061612245187,207927087.51069126,712396315.0,75.12553592987712,86.39640804806761,19.758816200911195,790.5522059197982,669.3222813848894,21.5510689641645,559.2439618203036
2022-04-07,766.3003923787808,791.6943624965961,766.0016519454334,788.806396484375,9820244,752.0528979492187,758.406964878672,746.0233755577054,64.81974763568145,12.383589320966621,215539660.12878367,722216559.0,95.64972912590567,85.46198043686435,20.324531625410675,795.3395706128382,676.2758834887244,21.846900506092943,559.4687847792967
2022-04-08,791.5948486328125,797.3707202116711,785.7193563827998,791.5948486328125,8104237,752.9033483886719,763.5127931485398,749.3990402299356,65.48116117615604,14.113752918604177,215608952.40572134,730320796.0,93.85269111483012,88.20931872353765,21.044042208650815,801.4857156069435,680.0831869809471,21.118647886291402,559.6617926902717
2022-04-11,786.167442129292,790.9474713484954,780.7898712693325,782.7815551757812,6340427,753.1463330078125,766.4772180758077,751.871819114813,61.54283784896424,14.605398960994762,211754964.39081553,723980369.0,82.89542296566704,90.79928106880095,21.395807084460127,803.7466473100936,687.3026690961564,20.38195713466202,559.808200045096
2022-04-12,776.8563285454854,797.6694508899957,774.5659040762331,795.1300659179688,7672215,753.8185266113281,770.8853485130633,755.0761336928244,64.74252311650524,15.809214820238822,217740623.84761608,731652584.0,97.03317420837509,91.2604294296241,21.973667740449002,809.1640595284806,690.6885039480818,20.57635639745492,559.988471838777
2022-04-13,802.4494261902134,802.4494261902134,787.5615769735277,789.75244140625,7640132,754.2168627929688,773.7879781889382,757.6447490790041,62.311124359803465,16.143229109934055,212349103.21067896,724012452.0,85.95040920566157,88.62633545990126,22.687064721914993,810.6789020111787,698.6241924712431,20.170034455971404,560.1709410766217
2022-04-18,776.7567833948308,798.3167876567369,772.7734152748573,795.5283813476562,11478317,754.554453125,777.1326555979717,760.4509440618673,63.8801477308745,16.681711536104444,221321391.5577723,735490769.0,92.34165831008883,91.77508057470851,22.362503544497436,814.8556207701155,701.9162908509783,20.553844307821993,560.4393984112692
2022-04-19,801.6528015313107,812.8062439697597,782.2836626796526,794.4827270507812,8711816,754.4289770507812,779.8018973599424,762.9718168758609,63.36584174322369,16.830080484081464,219573338.10218558,726778953.0,78.40372246778577,85.5652633278454,22.642872243252242,818.8926644550191,703.7098990215433,21.26589694941379,560.6495425326876
2022-04-20,797.5200215617418,799.1134051909548,785.3209573650008,791.3956298828125,6676491,754.3323815917969,781.585548517307,765.0772845060054,61.784300012898264,16.50826401130155,218777963.62405455,720102462.0,71.29504753394784,80.68014277060747,22.903214606381702,820.9030143814413,708.5509406966838,20.73207915488095,560.807215259856
2022-04-21,791.7939717477979,800.6569901050425,787.2629026789756,798.4661254882812,6851615,754.3971118164062,784.1825603589953,767.550531986174,64.00048658275351,16.63202837282131,223388147.70104042,726954077.0,77.8120523673835,75.83694078970571,23.208899396333113,823.6375313003484,712.8271476547297,20.207936888537088,560.9712602612725
2022-04-22,792.6902393006682,794.6819233190115,774.9642636936865,777.354248046875,6255027,754.217861328125,783.1320507725152,768.2767331758555,53.94159813636081,14.855317596659688,218649468.67973977,720699050.0,41.6870897681313,63.598063223154234,22.63548760754728,822.503323153331,719.3239656650284,20.443217238969783,561.1124477535923
2022-04-25,768.7900199116738,785.5201532664306,758.0847184686031,777.453857421875,8023525,753.8623461914062,782.2584825647244,768.9565201570422,53.97835064070631,13.301962407682254,221954998.36870405,728722575.0,35.395831486573755,51.63165787402952,21.095987485618775,819.6745927393582,727.9733992040011,20.942661350316765,561.2862211563679
2022-04-26,787.7109983776461,793.2876890978602,765.8024750346522,771.7775268554688,11087204,753.2877465820312,780.6460278402236,769.1654836161849,51.458430619154264,11.480544224038681,215688322.11104703,717635371.0,25.0227095488707,34.035210267858595,20.070536213201645,814.6682813456547,738.3323595234859,21.40998654409471,561.5295699424382
2022-04-27,762.41659184877,769.7360668348151,745.8856393741215,762.7153930664062,11485697,752.4133984375,777.8874686442517,768.6876991310162,47.63510124435983,9.199769513235537,220412099.91503382,706149674.0,25.148836885107375,28.52245930685062,19.195361500532975,811.2520964587358,744.726113990483,21.730122325327034,561.7606429713102
2022-04-28,773.6696509077843,782.1840875961353,763.1634694977997,776.5575561523438,11037317,751.9353942871094,777.6828667224198,769.2706515029664,53.338129181787515,8.412215219453401,224919470.218819,717186991.0,45.83329299481758,32.001613142931895,17.91335139969331,806.8219413832182,753.3388008042818,21.56859176849861,561.9984630067544
2022-04-29,761.8191706523256,763.6614541380851,721.9854885267139,725.5704956054688,34401710,751.0441162109375,769.6655788582735,766.0336029179666,37.246723016232195,3.6319759403069156,196436297.29706353,682785281.0,3.947343381219776,24.97649108704826,18.21163781296737,812.0093838663923,745.9754427937638,23.925982901150842,562.6078751277397
2022-05-02,718.9978924052576,735.1305442526191,715.5124455584178,724.3256225585938,16136040,749.6579028320313,762.6902009660151,762.9441228913464,36.953591413222206,-0.25392192533126945,194798071.66925383,666649241.0,9.058313216342256,19.61298319745988,18.697608898548076,817.1619290534111,737.456949120417,23.618276886368733,562.8725634693241
2022-05-04,729.9521713782924,732.093255947953,701.0727539567774,704.2594604492188,14548684,747.8683752441407,753.7008562711235,758.5971108585961,32.51196768908447,-4.89625458747264,183238532.44663143,652100557.0,2.85206028386928,5.28590562714378,19.592092868240563,824.9789257894022,722.9329577555197,24.147007250997795,563.0921096533965
2022-05-05,713.0228945064621,718.7987661325022,695.9940200814971,699.4296264648438,12726146,746.2660668945313,745.3514363009267,754.2143342368367,31.529639324906967,-8.862897935910041,174346853.91539544,639374411.0,2.941136012129199,4.950503170780254,20.571995336129028,830.2048029854097,709.5660710380278,24.051131450998323,563.2737094660458
2022-05-06,687.13098974294,689.6205947782404,665.3220253211583,670.6000366210938,15511195,743.995546875,733.8512209655678,748.0206825615966,26.40176537626634,-14.169461596028782,165574184.2125413,623863216.0,3.578695638284469,3.1239639780943254,22.268084341289526,838.3878897928379,690.4586067891934,24.76945071476169,563.4483041469607
2022-05-09,657.4549215410943,666.2183192645323,646.1022980661894,660.9403686523438,13999329,741.5029541015625,722.6341667635334,741.570288938689,24.93826451098947,-18.936122175155674,172227352.02716082,609863887.0,8.900851449993514,5.140227700135736,24.241604752376706,845.462992830912,672.429243497213,24.750042703343304,563.5809092690034
2022-05-10,660.9403016502521,669.3053374004301,654.8158494630809,657.0067138671875,9523698,739.1248828125,712.5376355487109,735.3063204148741,24.346411710825862,-22.7686848661632,165583691.0628214,600340189.0,7.055376745376881,6.511641277884965,25.891726792801453,848.3324812451418,656.3797868212645,24.017145934343723,563.6734132174101
2022-05-11,658.948700892127,673.1892301427171,652.7246880394762,669.5543823242188,9352398,737.0366015625,705.9248273603275,730.435806482233,30.049253309429446,-24.510979121905507,171613801.8309322,609692587.0,15.173971070469856,10.376733088613426,27.186496156658063,846.8812002240683,645.6270212114786,23.76338851783638,563.7685632683524
2022-05-12,664.2266262089357,664.2266262089357,641.3222597879379,646.9487915039062,11166084,735.4303088378906,696.8515910747242,724.2515831505051,26.215243776038776,-27.399992075780915,165933687.15349507,598526503.0,3.6688471964652454,8.632731670770669,28.65506279425828,847.3826476208967,631.5422974474627,24.082583804868126,563.8659158976571
2022-05-13,653.6706429323234,656.6581686115729,630.7662793914111,633.3056640625,9618627,732.9984606933593,687.075294611305,717.5148484032454,24.207739418977454,-30.439553791940398,158201781.8023504,588907876.0,1.5624923975712541,6.801770221502127,30.251102167213563,845.4719545721952,617.2705503106173,24.211819905960535,563.9394126838089
2022-05-16,637.1894341581858,646.5005926660801,627.4301954071948,636.293212890625,6159695,730.9380627441407,679.2626666542774,711.4984309578662,25.552176131369222,-32.23576430358878,157767555.8354783,595067571.0,5.343754621036476,3.5250314050243348,31.805762881814218,841.6379660810893,605.7586159501608,23.844575431169453,563.9842484487705
2022-05-17,640.2268613756639,654.7661306097336,638.4841378341171,652.2267456054688,8152237,729.0399890136719,675.10329418523,707.1079357465775,32.43575335631485,-32.00464156134751,163376901.59675774,603219808.0,16.02321586070327,7.643154293103677,32.679752248779586,833.5551616636259,599.5112567934053,23.46088559459368,564.0530730616932
2022-05-18,652.0275989365102,667.6125517307049,647.5960895442403,656.7080688476562,13013873,727.4824926757813,672.2732595179109,703.3746122725834,34.27636693540671,-31.10135275467246,162211490.16090673,616233681.0,18.91899003400562,13.428653505248464,32.660831232310485,823.6835170275333,595.6054356091854,23.214855351155894,564.1741527997916
2022-05-19,640.6251864543913,655.0151164093982,638.53394243633,647.4965209960938,9216948,726.1918823242188,668.4614535914775,699.2354944002508,32.32687928117268,-30.774040808773293,163019024.72097754,607016733.0,14.729604479789586,16.557270124832836,32.92218254317901,813.0553829194356,591.8436588286112,22.854803284025206,564.2502621360485
2022-05-20,657.0067424535753,672.9402140401721,655.2640189987912,670.3012084960938,9708672,726.3024206542968,668.7444928075722,697.0922139629058,41.23739681010352,-28.347721155333602,169828742.5994986,616725405.0,39.80582565282969,24.484806722208305,32.09779197798217,798.1797074813123,593.9028425675158,23.039723981171857,564.3487985646277
2022-05-23,670.2016657306767,681.9525891696802,665.7701566761832,672.5418701171875,7919353,726.4010083007812,669.3287047013591,695.2736699743341,42.04484676859629,-25.94496527297497,168537266.98143214,624644758.0,43.10181116137453,32.545747097997946,30.846647339689042,786.2495300287158,595.3517822271435,22.549917446337936,564.4347491277686
2022-05-24,666.9153495500387,678.6164921726709,658.4506931847303,661.288818359375,8088546,726.1988500976563,668.0917991102847,692.7562735584112,39.1363185336084,-24.664474448126498,162725477.38891193,616556212.0,37.05718791856069,39.988274910921646,29.969819376180187,772.4451263778445,597.5396819717649,22.379623270738126,564.5165232961195
2022-05-25,665.222450290766,669.8531398635722,657.3054943024384,662.2349243164062,5169619,725.6023413085937,667.190741449688,690.4954328738182,39.515163191204735,-23.304691424130283,161617700.10020676,621725831.0,55.96479402159255,45.37459770050927,29.20103473494789,757.779134655244,601.2514134404591,21.67733914862353,564.567183889016
2022-05-26,670.1518970058704,682.4007416497296,665.2224668690542,680.4090576171875,10114633,725.4509741210937,669.2243285523801,689.7482939659197,46.41508417895053,-20.5239654135396,169386910.95527917,631840464.0,96.3768160066035,63.13293264891892,27.768887627456422,743.7607381186202,607.0391764321611,21.569373304673523,564.6790862080455
2022-05-27,686.1350897885424,690.915118896398,681.4048406209146,685.43798828125,5539060,725.0177819824219,671.718737741437,689.4290120633517,48.17677096275356,-17.710274321914653,168545893.69016898,637379524.0,91.37254908076014,81.23805303631873,25.98633172113887,721.477456465257,620.2105012984149,20.77913673142616,564.7457174656779
2022-05-30,692.209730339595,695.0976963705883,687.2305204802069,690.7658081054688,3818060,724.9281555175781,674.6490562589804,689.5280339923975,50.05037136986707,-14.87897773341706,168159291.29543495,641197584.0,93.5982736122278,93.78254623319715,24.148091996095303,714.1815984803096,624.0258905333623,19.984891828419883,564.7935394248393
2022-05-31,686.1351396009929,693.1060336172584,680.2098675308928,682.3509521484375,10410424,724.1583703613281,675.8339633188968,688.9963983002523,47.150865379289115,-13.162434981355432,161205646.39384994,630787160.0,81.16267921724123,88.71116730340974,22.771353005756577,704.9470816762725,629.0629402963837,19.478554275416005,564.9177564406783
2022-06-01,680.1600210066633,689.5707391636876,677.6704162445599,683.1973266601562,6966674,723.0987927246093,676.9667884483214,688.566837438023,47.48042838456344,-11.600048989701577,160710088.0693373,637753834.0,82.41346356669817,85.72480546538908,21.625611945472027,700.7373036745282,631.1665049192218,18.937252035681126,564.9995375293612
2022-06-02,679.1642208915783,690.2678831263274,679.1642208915783,688.6744995117188,6347433,722.4146484375,678.7679747657671,688.5748124064448,49.66781192050871,-9.806837640677713,165235798.5559534,644101267.0,90.50770788425545,84.69461688939829,20.517957733576942,698.3986742100802,632.4296216883573,18.377709907043123,565.0755566195882
2022-06-03,694.4005415217281,695.0976430047969,670.3509962160979,674.4837036132812,8475726,721.3371447753906,678.1088561269231,687.5310265699142,44.496885389635814,-9.422170442991046,159590976.94763008,635625541.0,63.58824053777286,78.83647066290884,19.975393027645868,698.7580043543152,632.4586582433411,18.83263397001854,565.171839705616
2022-06-06,674.1850589172661,681.1559531749041,667.512905114395,669.405029296875,6756864,720.2506823730469,676.7698058453773,686.1883601052446,42.78029982364177,-9.418554259867278,154708302.01673335,628868677.0,54.57750717257057,69.55781853153297,19.624070642749782,699.1481663151243,632.9149623469851,18.461949262196438,565.2436171732531
2022-06-07,669.4049929222015,675.1808642655441,658.3511104454917,663.0813598632812,8312778,719.127373046875,674.6638910789009,684.4767304576917,40.67613847054707,-9.81283937879084,151068380.63901654,620555899.0,43.39778695643448,53.854511555592644,19.7743525451605,699.2258951330575,633.4446981286612,18.34536387347186,565.3259212197025
2022-06-08,667.2141342450982,670.7493611583315,652.7246454263483,655.8615112304688,9282494,717.8795825195313,671.7712172560651,682.3570845890085,38.35651258767603,-10.585867332943394,145016776.76106006,611273405.0,7.4029736689207715,35.12608926597528,20.189956733326166,698.8136453450755,632.4876608072683,18.322460434794095,565.4123941335924
2022-06-09,654.2184652772966,659.9943371732351,647.2973506791442,658.5503540039062,5682743,716.3917956542969,669.7372382941945,680.5936230641861,39.73488389960986,-10.856384769991564,149406963.41291556,616956148.0,23.54167770543186,24.780812776929043,20.835182860226947,698.4575681206156,634.0038942817282,17.92064086760101,565.4627352336342
2022-06-10,652.7744898363579,660.940407128649,649.4882230964321,657.952880859375,6758832,714.8562084960937,667.9242602272992,678.9165310490149,39.523403062481506,-10.992270821715692,152639448.28248078,610197316.0,22.291742927997408,17.74546476745002,21.350548024635703,696.2621669725669,638.6640171094645,17.458608236502144,565.5230991750385
2022-06-13,644.2599640420058,649.2889537514448,637.4384101909797,646.2516479492188,6135431,712.8346484375,664.5900121845176,676.4969100786595,35.5345518818481,-11.906897894141935,155629845.45675373,604061885.0,15.285027516271816,20.37281604990037,22.398060230622566,694.8695219552467,641.0525056326439,17.676884124494514,565.5706979433718
2022-06-14,642.3180978828515,652.9736195698958,640.4259737470816,648.044189453125,5391833,710.635830078125,662.0445009950726,674.3893011434347,36.59032669530967,-12.344800148362197,156785240.10805994,609453718.0,18.39387887860482,18.65688310762469,23.02901307569124,695.2057639088802,640.2980080637761,17.310509960088783,565.6139773692959
2022-06-15,651.2806740833373,653.6208784926474,644.5089605763601,647.7952270507812,4638336,708.165146484375,659.8523050036431,672.4193697291641,36.500914395638006,-12.56706472552105,155492590.10609874,604815382.0,17.96209690758244,17.213667767486367,23.552935913418022,695.7347769798656,638.8777108131031,16.724896242674394,565.6518532914548
2022-06-16,654.7660742888861,655.4631758018171,628.4260428703448,632.2600708007812,5960283,705.1935534667969,655.6073458955105,669.4446068455802,31.352538678462196,-13.837260950069663,151222715.0020266,598855099.0,5.750611735499382,14.035529173895556,24.787019023414246,697.73771913768,635.3511236357576,17.461484577588532,565.6946585561765
2022-06-17,627.3805079735339,638.135590239662,623.9946206020784,632.5588989257812,6849201,702.2478552246093,652.0614309770906,666.7123321848544,31.552531499803393,-14.650901207763809,152669757.49343225,605704300.0,12.044886467970212,11.919198370350687,26.113396307018288,699.1095549316658,630.2050568847405,17.22430493901675,565.7389732786522
2022-06-20,632.6085521640766,634.5006760423238,619.6128278296118,625.6874389648438,5305222,699.3519445800781,648.0038937444372,663.6734512055943,29.429369568212977,-15.669557461157183,151693859.6745534,600399078.0,8.047461096823282,8.614319766764302,27.52097671030084,700.4760953394363,624.1530733617357,17.057415172852128,565.7706726006377
2022-06-21,629.3721048335624,642.6665703936861,625.5381376847027,633.8533935546875,10333886,696.2528845214844,645.826893715245,661.4645580462679,35.024867115295336,-15.637664331022961,151393455.158961,610732964.0,18.865470746700826,12.985939437164783,27.991957049725936,701.0747372199727,620.8108890007305,17.06248785400436,565.8398433569429
2022-06-22,629.9198168303818,631.0152794503146,618.6668148888781,624.1937255859375,5899024,692.9048620605469,642.4987140030438,658.703755641799,31.811644905688865,-16.205041638755233,150774987.08323818,604833940.0,7.231258424515592,11.381396756013244,28.748403112982324,702.2364147758173,615.8450915718389,16.928494340561862,565.8738342973683
2022-06-23,624.791250126632,638.1852754371442,615.6792721701594,626.7330932617188,8450777,689.7838928222657,640.0732338889939,656.3355584284598,33.53782802587568,-16.262324539465908,150625406.5182087,613284717.0,16.88207300971527,14.326267393643905,28.749964413535455,700.5665713373489,612.1473385747604,17.326887835306362,565.9243147879002
2022-06-24,631.7124120241225,639.7787695055246,629.0236869783666,631.3638916015625,6918584,686.5085693359375,638.7333350755429,654.485805330171,36.6855368076601,-15.752470254628179,146717659.9007922,620203301.0,26.35999958834667,16.824443674192523,28.598145524614797,697.0242017438657,610.2822985002749,17.021087007342036,565.9699974983533
2022-06-27,641.3222003007019,644.2101661984539,632.0608825458006,634.4508666992188,4552114,683.4025378417969,638.0744937868776,653.0017358019525,38.767457811943856,-14.927242015074853,143956512.45249948,624755415.0,34.08673360431853,25.77626873412683,28.027257853250347,691.428187107754,610.2468189957617,16.722886120881274,566.0015878114842
2022-06-28,631.3638810968408,642.0194035492301,629.3721969293429,639.6791381835938,10711123,680.2855529785156,638.3213621556031,652.0148767191112,42.23209395304679,-13.693514563508074,150703618.58500335,635466538.0,53.025329646385124,37.82402094635012,27.66797348494573,686.8572493186573,610.550575388374,16.431766156524557,566.0759306457995
2022-06-29,633.704056461683,635.1480395728139,620.9075105880947,622.948974609375,13620084,676.8548779296875,635.9563794561834,649.8618469332048,35.34109635048027,-13.905467477021375,140988573.71418893,621846454.0,16.061688346708255,34.39125053247064,27.84402702325493,681.9417736445567,609.4412158573963,16.598899116451303,566.1560310386543
2022-06-30,621.4053954580756,636.6417655942831,621.0568750776588,634.1521606445312,10563138,673.7100085449218,635.6788073313138,648.6981664673772,42.148481045607376,-13.019359136063372,148176899.34426433,632409592.0,46.43307163973778,38.50669654427707,27.846649434182726,673.6489136563188,612.2818419589156,16.52646993074938,566.222416874023
2022-07-01,630.3679790022765,643.9114057393818,629.172956459268,641.2724609375,6549359,670.5661352539063,636.5393694245731,648.1481142059048,46.037044002222196,-11.608744781331666,152380910.26045635,638958951.0,64.33051166697238,42.275090551139485,27.08949832027218,668.3666287499196,614.2430025977366,16.398754169989697,566.2682960443565
2022-07-04,638.8824455313942,652.425933679047,637.8368235507006,651.6292114257812,3933384,668.0516345214844,638.8608835786051,648.405973259229,51.17752809253341,-9.545089680623846,155884684.155951,642892335.0,90.36302618382324,67.04220316351115,25.591395960530097,664.7589120032774,616.0731375572695,16.269493881300892,566.2993380250903
2022-07-05,653.3718408615937,657.1560886753184,643.3138620675115,645.803466796875,5044787,665.4186267089843,639.9289733044928,648.2131950027583,48.3854006163998,-8.284221698265469,152654565.55138788,637847548.0,72.62899413451528,75.77417732843698,23.792943975180883,661.7479028297722,617.356357424134,16.096117647479893,566.3398335669771
2022-07-06,649.2889615470638,656.6582164047778,648.2931195815007,655.2142333984375,6684686,663.0873608398438,642.2805517804843,648.7317904394753,52.85952575396054,-6.451238658990974,157031430.56840503,644532234.0,95.31821523322702,86.10341185052187,22.12295284592804,661.622011586688,617.4175208840151,15.721734216081531,566.3964431357558
2022-07-07,661.6970560340285,662.7442695673705,649.9282459651723,656.4110717773438,11171714,660.9612744140625,644.4544779338473,649.3006260941322,53.41261987502531,-4.8461481602848835,157161861.1544957,655703948.0,86.54372008867468,84.83030981880567,21.04572706205179,661.1635278752594,617.6620763727874,15.514183457947002,566.4941144526261
2022-07-08,665.2376753500799,675.0117699495607,659.6524958286312,667.3820190429688,12669533,658.777763671875,647.9817919506352,650.6399885347868,58.24844965361402,-2.6581965841515967,157244161.1730718,668373481.0,87.14068816897029,89.667541163624,20.96700325545405,663.5467504351205,616.2217676312856,15.734648794680572,566.6181359534136
2022-07-11,664.7888038472906,680.1481377261227,663.5919623585436,678.0536499023438,14864123,657.8274267578125,652.6082316355134,652.6706301175687,62.34311539219989,-0.06239848205530052,168347424.68186125,683237604.0,96.75116382812594,90.14519069525699,21.2306878297525,670.3373384920793,612.6113797696395,15.793329264173327,566.7727348673201
2022-07-12,675.2112041120472,683.439405639262,671.2217730685492,674.413330078125,6446810,656.8291809082032,655.962862165146,654.2812004850174,60.175130176201804,1.6816616801286273,165268756.83637738,676790794.0,86.67937163191584,90.19040787633736,21.685712823605943,674.956163145181,610.6294691790378,15.537922357497575,566.8411639601427
2022-07-13,678.2033491323923,683.1901384642482,675.1614198147389,678.1036376953125,9614674,656.306064453125,659.3691353236331,656.0458254635578,61.631754209511236,3.323309860075369,162700902.3834579,686405468.0,91.46712579303181,91.63255375102455,22.10823603218414,679.9405379408958,608.6759354477762,15.054985645256549,566.9453484619615
2022-07-14,676.8070662504517,678.6522149433871,663.8414131738232,666.4844360351562,8026311,655.6471606445313,660.4637969715599,656.8190558762687,54.831548920406526,3.644741095291124,157539220.02345,678379157.0,72.88588553052459,83.67746098515742,21.272073861795686,682.4512120304757,609.5876978816336,15.03754393984993,567.0250647895637
2022-07-15,668.2297574493167,672.4186725812401,657.3585325681217,660.4503784179688,6015057,655.4441674804688,660.4617325786996,657.0880427312095,51.64470259086427,3.373689847490141,153993944.71284243,672364100.0,63.23631771837035,75.86310968064225,19.890401085305005,683.8132950484152,611.0147628129129,15.03915794508339,567.0810914048479
2022-07-18,666.2848584538747,686.1821585098612,661.6970369761839,682.69140625,12464664,655.8791882324218,663.8816823742843,658.9845881770458,60.70933286676772,4.897094197238516,162904527.5973728,684828764.0,94.65220821406042,76.92480382098513,19.653153161339496,688.3023894330421,612.2260651568016,15.802916669855467,567.2131642031547
2022-07-19,676.806969045998,701.9902531356498,676.806969045998,698.7488403320312,10171314,656.7140307617187,669.24586052163,661.9300883366743,65.70750388548079,7.3157721849556765,170457483.53796685,695000078.0,95.99496168157468,84.6278292046685,20.36171865117706,696.1830671242835,610.8349321432945,16.472942914126634,567.3360596660283
2022-07-20,704.4337784941002,712.6121243563827,700.843314883287,703.8353881835938,11620331,657.3996508789063,674.5673263157782,665.0341846216313,67.13377851364538,9.533141694146934,164745801.5317858,706620409.0,89.48127552804563,93.37614847456025,21.5295412973783,703.2329684961499,611.749197031194,16.28653870771412,567.4909965417235
2022-07-21,706.0794678500154,716.5517247672976,702.4889432397564,713.6593627929688,8036515,658.7338623046875,680.5814857738076,668.63604967136,69.75057508069784,11.945436102447616,169476496.7909898,714656924.0,96.32552168696742,93.93391963219592,22.789840351636006,711.4208884494993,612.2539040309695,16.12769890913034,567.6019196236828
2022-07-22,715.1055440886397,733.0579845260114,713.2105399151392,728.8192138671875,9713490,660.6441333007813,688.0026747112507,673.0940618340139,73.28535211718965,14.908612877236806,175041013.74040118,724370414.0,95.27682644533736,93.69454122011682,24.608972427977374,722.1640457415763,611.2562789654551,16.393395030683333,567.7489568547583
2022-07-25,731.5619979085168,736.8479824466423,720.591061334565,725.42822265625,6230411,662.4268334960938,693.7604513181736,676.9706663393647,71.27892919046957,16.78978497880894,172518254.74899852,718140003.0,87.10431090861356,92.90221968030612,26.42978838905739,730.1979313946721,612.3201289080622,16.383646893640044,567.8446773378603
2022-07-26,720.9900456179056,721.5385802845951,700.195097012444,704.58349609375,14135744,663.4739685058594,695.4255351298008,679.0160611359858,60.34234483795541,16.409473993815027,164195365.67920738,704004259.0,62.88013786170348,81.75375840521814,26.286271362601923,733.2776639229363,615.7308321708136,17.0157525186519,568.035855078924
2022-07-27,706.0794790469809,718.6461631974456,701.7409360166871,717.0504150390625,6106880,664.6808154296875,698.7524397312256,681.8334206843617,63.909044473113696,16.919019046863923,169149342.80375138,710111139.0,75.09409432593213,75.02618103208306,26.153005552321847,735.7443501305543,622.6742900061645,17.007857851659516,568.1204578595356
2022-07-28,723.0844702486626,731.7614960664254,721.1396101883872,723.9821166992188,6964838,666.21052734375,702.6339284955322,684.9555463150919,65.7533102791414,17.678382180440394,165912203.93160972,717075977.0,83.81437314374959,73.92953511046174,26.64011589717404,739.4718368204201,627.9297989217673,16.843802364209754,568.2256030582382
2022-07-29,731.9609314477744,733.0081449882887,721.0897068156585,722.8350830078125,6624854,667.2612048339844,705.7417984204985,687.7614379219601,65.15993862511768,17.980360498538403,161227681.75707483,710451123.0,82.37137197421174,80.42661314796449,27.147252356552457,742.4611854742033,633.0967124750156,16.491990636239787,568.3254959915497
2022-08-01,724.0817742489264,730.3651163134986,718.4965948301711,728.8690795898438,5493105,668.3877490234376,709.2998416773208,690.8064484158774,66.85446293293343,18.49339326144343,165335966.10886922,715944228.0,89.96231214457735,85.38268575417958,27.37926905094353,746.4752936426113,636.8065911230136,16.16174283960319,568.4083676053344
2022-08-02,725.0791229353895,732.4096784394446,719.1946875468807,728.52001953125,7275626,669.732373046875,712.2567921163869,693.6000462762754,66.65250303809401,18.656745840111512,168328622.3037948,708668602.0,89.52318461365697,87.28562291081535,27.698089833891,748.5989645003187,642.9545755387437,15.951260557671814,568.5185524562462
2022-08-03,728.0712673388305,736.5488094927757,725.5778725876701,728.5699462890625,9458761,671.0590734863281,714.7665081429524,696.1904092401855,66.66801311047021,18.57609890276683,164029185.48561296,718127363.0,89.58599390204529,89.69049688675987,28.205261172206544,750.6538148870833,648.2352964410417,15.595523153917087,568.6647565030837
2022-08-04,733.2575240751968,734.7535608921861,710.3182928813588,719.6934204101562,7466635,671.8447607421875,715.5244946455991,697.9313730305538,61.21654195487587,17.593121615045334,162292027.67448315,710660728.0,77.17319199499701,85.42745683689976,27.26192701578567,750.5040677730733,654.713278418333,16.22693350083924,568.7738171916964
2022-08-05,722.0870849776938,729.2680736881621,719.2944951663708,726.5751953125,4583196,672.6675048828125,717.2246024405069,700.0531376440313,63.69512393409763,17.171464796475675,164400286.64503983,715243924.0,82.89038350236767,83.21652313313668,26.385973870537715,751.672842712524,659.4638211058354,15.780265288050103,568.8421970853979
2022-08-08,728.0712366367144,745.3753711305094,726.176232356185,743.5801391601562,8191870,673.7237915039062,721.279300397376,703.277359978559,68.97192802901861,18.001940418816957,171060180.9565632,723435794.0,96.02651377089516,85.36336308941996,26.497950537521778,755.9642559181265,661.7250568260141,16.024470537069696,568.9746866138383
2022-08-10,743.0315711985421,745.8740166180007,734.2049788969476,737.0474243164062,9069541,674.8177209472656,723.7051656156884,705.778846225807,65.05972471694008,17.926319389881428,166409114.8793978,714366253.0,80.67688032507508,86.53125919944597,26.62794544556345,757.8348645663542,666.1178576016144,15.71336819306851,569.1217044152428
2022-08-11,741.0867290440332,758.6402635098942,741.0867290440332,756.844970703125,12384073,676.290673828125,728.8035971676018,709.5615221130157,70.51750061769462,19.242075054586053,176260018.59447175,726750326.0,96.92824417422517,91.21054609006514,27.375029026600867,762.9683585523228,668.8584969164272,16.133330407384186,569.3375430894737
2022-08-12,756.6954396058588,759.9867084519348,751.4094549895678,758.54052734375,4614341,677.6879943847656,733.3785095023939,713.1895965745516,70.93622382659461,20.18891292784224,179318343.3684849,731364667.0,97.58129765469141,91.72880738466388,28.130335143228983,765.2844370321013,675.748027567508,15.593610625597238,569.4197912866323
2022-08-16,762.9787506028484,769.9602555103254,756.4460688999161,762.6296997070312,7051498,679.4509143066406,737.8786926107996,716.8518264362168,71.97015408199343,21.02686617458278,178719895.26725203,738416165.0,89.49252612460307,94.66735598450657,29.268482144859806,764.777637430846,686.4727592976697,15.445080338798098,569.549610292891
2022-08-17,769.3618347593822,771.7056012504579,764.2254177165278,770.0599365234375,7674390,681.4640124511719,742.8296532127439,720.7931679241591,73.7944072674811,22.0364852885848,183017503.70377547,746090555.0,97.64786307270707,94.90722895066718,30.398184735914185,768.5008706121331,691.4863791437264,14.990138996271567,569.6948207573615
2022-08-18,769.9602748524701,773.9497063283897,760.0864076000119,763.0286254882812,9449924,683.4629577636719,745.9371874089804,723.9217203363163,69.20436952570846,22.015467072664137,177578708.07666016,736640631.0,82.83696644708431,89.99245188146483,30.986083765439542,771.4764527258823,694.9387755456022,14.909650405707726,569.8706666205494
2022-08-19,769.9602232879538,770.6085302089307,748.2676910903981,755.49853515625,7553270,685.4556982421875,747.4081639854835,726.2607436563113,64.57217506285647,21.147420329172178,174914826.27443564,729087361.0,71.00304680879184,83.82929210952774,30.340193398024997,772.7318691940891,698.8496737746609,15.44044959948093,570.0055724779911
2022-08-22,751.4094243809856,752.4566379429115,737.2469308145875,739.889892578125,4994311,687.0824890136719,746.2515068458898,727.2703102431124,56.17814879684075,18.98119660277746,171656219.04530364,724093050.0,46.47327176125464,66.77109500571027,28.801190160255267,772.6433306216238,701.5612653256419,15.641246366779615,570.087598056057
2022-08-23,736.0500954805387,748.8661195414492,731.8611803233507,745.076171875,6594634,688.8249548339844,746.0706860811375,728.5892629565856,58.12595297645956,17.481423124551952,175311316.78247645,730687684.0,54.623773244601786,57.366697271549434,26.95479145219083,773.404816926105,702.4254748219419,15.738652999016676,570.1949985154937
2022-08-24,743.0316124102129,750.0629732119336,740.0395388031919,748.1680297851562,6875820,690.8632824707031,746.3933543432943,730.0395419809241,59.28774409125624,16.35381236237015,179587371.19687217,737563504.0,59.48278507958173,53.52661002847939,25.328239315804733,774.3251491229345,703.7791233380029,15.330423099711316,570.3095417113323
2022-08-25,751.9080991938424,756.5956323381675,738.0448008817768,741.3859252929688,6320890,692.7301171875,745.6229806432442,730.8800148188533,55.640981197909,14.742965824390922,175543347.32323477,731242614.0,48.82436320147403,54.31030717521919,24.292915723867917,772.4218173807442,709.3626980001152,15.560452268045557,570.4142613329759
2022-08-26,746.0236697425413,753.005174673287,739.3413599911919,742.931884765625,4613713,694.6328503417968,745.2089658928412,731.7727459260216,56.30081453640026,13.436219966819635,173354381.90859708,735856327.0,43.24819005672486,50.51844611259355,23.331543817069445,771.7592910054877,712.6133713480278,15.424978154763382,570.4905098620784
2022-08-29,728.0712111989751,732.9582888839766,720.1422043268931,726.774658203125,5904146,696.5231420898438,742.3729185559617,731.402517205807,48.226726168798265,10.970401350154702,173561146.90471655,729952181.0,12.326262378891792,34.79960521236357,22.405788914760798,771.5784319588305,713.0734845450758,15.951028317903992,570.5776774200148
2022-08-30,731.0632845636851,751.558975660099,731.0632845636851,749.514404296875,9193270,698.8622521972657,743.4716086699484,732.744138471812,57.47090679479426,10.727470198136416,180920246.3477964,739145451.0,54.587555410331035,36.72066928198257,21.376418929252566,771.6410834038833,715.6787652289291,16.58197754212328,570.7283417737885
2022-09-01,731.5619528755952,752.9054343369954,731.5619528755952,742.183837890625,9353805,701.1921801757812,743.273490088514,733.4433754657981,54.116402752704374,9.830114622715882,180876547.69972354,729791646.0,40.96386701452683,35.959228267916565,20.504731647078074,771.4891374265455,717.1621870363451,16.922084964928775,570.8797542691224
2022-09-02,747.0209929366981,752.5563165573791,738.2941121780918,748.2178344726562,7767812,703.4794689941406,744.034158455305,734.5377798366766,56.37366101025996,9.496378618628455,183918510.55280796,737559458.0,52.17791033113243,49.24311091866344,19.69530774220176,771.5220099822373,719.099095974794,16.73209349452581,571.0083234129024
2022-09-05,748.2179197497421,756.7951734662256,747.3701289979467,754.102294921875,5894055,706.0776403808594,745.583102527085,735.9870031763209,58.51695004782682,9.59609935076412,186444523.2476196,743453513.0,63.11404419784694,52.0852738478354,19.233480425322593,771.8840246178315,721.2903162024809,16.21016142122246,571.1093093378486
2022-09-06,755.9972342122395,759.5378423296163,746.8215300127218,748.0183715820312,7606181,708.5033459472656,745.9577593047691,736.8782156508179,55.482037754364846,9.079543653951191,180270108.52979827,735847332.0,51.80721315470627,55.699722561228555,18.99171884409622,770.0865045682687,725.9203313692313,15.960600770913317,571.2385352110142
2022-09-07,741.1865406465258,755.9972809703313,737.0973367712941,753.4041748046875,10156460,710.9441516113282,747.1033616893719,738.1023607733267,57.57948861255413,9.0010009160452,187639599.55573577,746003792.0,61.816604080355354,58.91262047763619,17.91208880493019,769.2060014022697,729.4837324844491,16.170553872922167,571.4082904228018
2022-09-08,759.7372579571528,780.133235901833,755.0995201195766,777.689697265625,13410790,713.8089282226563,751.8089517780263,741.0347560690525,65.47783526563246,10.77419570897382,198432337.66187358,759414582.0,95.92682677383938,69.85021466963367,18.395645103126533,774.2207895221841,727.8799001750815,16.92473296036669,571.6598520043253
2022-09-09,785.868090822061,785.868090822061,777.9390841358982,782.7762451171875,8732302,716.6708703613281,756.5731507532819,744.1267182207662,66.8692356325092,12.4464325325157,200354472.5120652,768146884.0,95.29584784664586,84.34642623361354,19.126982672187463,779.3761493358733,727.2974224414705,16.299994431514502,571.8325151532214
2022-09-12,786.9153723556004,802.8730985377165,784.7211728307806,798.8836669921875,15521649,720.1895642089844,763.0824609438828,748.1827885001306,70.8727481148509,14.899672443752138,209053423.23101532,783668533.0,95.17782131622715,95.46683197890412,20.537704030739228,788.1926232552127,722.6848181510373,16.571198645015535,572.1580827580755
2022-09-13,802.873096198242,806.8126720127514,801.0280084633689,803.421630859375,9887516,723.5749536132812,769.2884870847278,752.2745546008155,71.9028763184377,17.0139324839123,207348571.4556253,793556049.0,96.0874318047211,95.52036698919805,21.998590959931278,796.5572236613403,718.8083280964721,15.953899100411844,572.3726337499344
2022-09-14,792.3011136338723,809.2062807748498,792.3011136338723,800.92822265625,10494713,726.7680688476562,774.1561387111158,755.8785300123292,70.42900238951142,18.277608698786594,207565261.95190912,783061336.0,90.70550276975368,93.99025196356733,22.587867520693496,802.7913849454053,716.4040191073291,16.021846817595105,572.597035725126
2022-09-15,803.3717045264908,804.3690623223027,785.5688922208038,787.9126586914062,5996899,729.4937377929688,776.2725264003913,758.2514284330015,63.15195560457954,18.021097967389778,203063597.3809496,777064437.0,76.09179488220914,87.62824315222798,22.58124775901657,805.2224600526514,715.7582162168798,16.220298480731092,572.7204684350984
2022-09-16,783.9731255627729,790.50580730337,774.0494027837217,787.2145385742188,11467351,732.3219592285157,777.9559128886724,760.3968439990175,62.77727780990028,17.559068889654895,209944024.94850248,765597086.0,75.30795458988271,80.70175074728185,21.71021102634679,807.9236659005777,715.4756016775474,16.23716319779661,572.9467966960126
2022-09-19,787.2145351089238,799.8809919188258,784.6214290607388,795.9912719726562,11427799,735.1375,780.7305835169776,763.0334682933611,65.54493125948906,17.697115223616493,215545846.08471867,777024885.0,83.08868428018447,78.16281125075879,21.411732872410333,812.1779298550605,715.270611404705,16.167334602103065,573.1820763250423
2022-09-20,804.6682480720694,814.0434355925722,799.8809428829591,810.6025390625,8274079,738.2213293457031,785.3262689855196,766.5571031651492,69.59768231486092,18.769165820370404,219799411.13927197,785298964.0,95.8282799766353,84.74163961556751,21.81089792305287,818.4815117086753,716.0382941995279,16.30196524623256,573.363441049681
2022-09-21,807.1118848667545,813.8440507275523,801.2274488759064,804.4190063476562,6567084,740.9620690917968,788.2636131950792,769.3616885860756,66.05651899372334,18.901924609003572,216554810.68187103,778731880.0,87.49198543870232,88.8029832318407,22.181551184363798,822.8214711073351,717.6326182481337,16.038725003762085,573.5061621874763
2022-09-22,802.8730485783998,806.6629961360414,782.2277294401771,787.1148071289062,7804275,743.1432922363281,788.0868738002833,770.6767344040632,57.274190691225755,17.41013939622019,211872261.23567167,770927605.0,65.00325698614975,82.77450746716248,21.150838047650666,824.239001600942,720.1097654889018,16.63847798176939,573.6650061900568
2022-09-23,786.9153382162519,786.9153382162519,762.2307315992022,766.5692138671875,10278805,744.9864099121094,784.7764645798071,770.3724736235538,48.95235008122673,14.403990956253324,205206591.65406457,760648800.0,38.30197702985233,63.59907315156814,20.21472318703223,823.6439077234086,723.223188223857,17.227449235193298,573.8546391707147
2022-09-26,756.9945706982912,761.4826808012455,739.042130286474,740.6378784179688,11090327,746.2370947265625,777.9859128626013,768.1699110157327,40.8790342911943,9.816001846868517,195693531.53762573,749558473.0,4.601327034003711,35.968853683335276,20.361891229602694,823.8170505765578,722.8206447359422,17.96313740273045,574.033215120181
2022-09-27,744.3779839512251,752.1574236394794,728.5698868677172,735.5513916015625,11358306,747.6184338378906,771.4575249762876,765.7537243924609,39.50282565264205,5.703800583826705,191058951.53536496,738200167.0,8.16802956938087,17.023777877745648,20.88713918399431,822.760766073017,724.7546025793268,18.364880214804145,574.2069752161284
2022-09-28,731.9609751144757,731.9609751144757,705.8301863897025,714.5570678710938,13170668,748.7005676269531,762.7036084985654,761.9613794649522,34.36099227926083,0.7422290336131709,186685481.34499595,725029499.0,8.064522177899676,6.944626260428095,22.1011028097943,826.5302461477743,717.4893888619913,19.176046286022423,574.3819687547548
2022-09-29,720.3416937137015,728.8690909972163,709.1214181106843,717.1002807617188,12090981,749.3887451171875,755.6877119236659,758.6383351165645,35.45697737117624,-2.950623192898547,184364996.06563973,737120480.0,10.414708416053548,8.882420054444708,23.22835474803714,828.9903279716526,712.5209513252224,19.21687675748739,574.543265031148
2022-09-30,718.0976810553522,735.8007836091473,712.512501218924,731.2628173828125,9536017,750.0390246582032,751.9300358404577,756.6105189881384,41.33172201237982,-4.680483147680775,190184627.08623222,746656497.0,23.502326360638996,13.993852318197417,23.808549864240003,829.8974734543629,709.9183041335277,19.507691445539958,574.6774276860624
2022-10-03,729.0685954085686,740.0395318647851,719.1448725302124,720.8403930664062,6405645,750.3791247558594,747.1470138752189,753.960880030973,38.5508199094129,-6.813866155754113,184818568.56344238,740250852.0,13.870950911531924,15.929328562741498,24.063475289222563,831.6423267323842,704.8472606699595,19.606760580470866,574.7675047155467
2022-10-04,731.462275033306,742.5329228716269,730.0659496870798,740.83740234375,5438934,750.922685546875,746.1763044088391,752.9887705726602,46.05092251536132,-6.812466163821114,188778101.89252445,745689786.0,32.35021239258673,23.24116322158589,24.129108920206352,831.8165118630603,703.9549786154554,19.755744096524417,574.8495052019341
2022-10-06,748.018357914177,758.3909034934762,744.0289266719681,753.1048583984375,9376433,751.4083984375,747.2422357918542,752.997369670866,50.076517953327674,-5.755133879011737,191252386.492677,755066219.0,43.68658399685251,29.969249100323726,23.171483702172566,831.8152379115616,703.926320926329,19.598441028895973,575.0028296128398
2022-10-07,751.8083039196441,755.4985399861033,740.3386891211752,753.7033081054688,7500540,751.9739001464844,748.2362469170257,753.0496614067624,50.27146184353172,-4.813414489736715,196976496.282387,762566759.0,44.23961212551477,40.09213617165134,22.45952926604499,830.7339413553714,702.6089785665035,19.28139887432684,575.123906801802
2022-10-10,746.0236745860083,776.6425728701322,743.0316010248345,774.7974243164062,14106654,753.3781787109375,752.3225819015458,754.6606068074768,56.69096768841175,-2.338024905930979,209534318.41011527,776673413.0,63.73271150689634,50.552969209754544,21.096032659656775,830.0275057450988,702.517532096698,20.304939800824762,575.370649904212
2022-10-11,777.9391025225146,793.3981487905902,772.4536344919071,783.4744262695312,15953495,754.7066589355469,757.1151733427744,756.794963804666,59.033664403785956,0.32020953810831543,210369959.12489504,792626908.0,71.88358675602072,59.95197012947728,20.596561424368225,828.0225145409454,702.9815992285858,20.350623693528927,575.6757816287031
2022-10-12,787.4140108474573,808.6577205612805,781.3800081196047,806.5632934570312,21228018,756.3582824707031,764.7225764372754,760.4815067418783,64.53156878287433,4.241069695397073,228338133.66377237,813854926.0,97.96316509860631,77.85982112050779,20.735485513893526,828.5744413076163,702.7438387216805,20.84541574696799,576.1111470989692
2022-10-13,804.8677706064428,812.7967775474184,793.4978669695091,799.8809814453125,13024911,757.8992004394531,770.1315618231273,763.3999863495401,61.9406452439082,6.731575473587213,223929201.02322623,800830015.0,87.92539244046553,85.9240480983642,21.018821667828444,828.4062159909859,702.8073399172172,20.734951092035228,576.381250493416
2022-10-14,813.3951720065256,818.5315892179959,792.350945989795,798.3849487304688,8220645,759.2895178222657,774.478236731949,765.9914650444236,61.3467999608415,8.486771687525334,219497874.26325133,792609370.0,82.12387780281524,89.33747844729571,21.496836356239957,829.8331707467808,702.4276141653286,21.123929101761348,576.552170523496
2022-10-17,801.3770161317528,814.8413468321619,794.993901672373,811.9989013671875,9463827,760.9590954589844,780.2506466758318,769.3994232905543,64.66659244194021,10.851223385277535,226250983.39292789,802073197.0,94.20354344589542,88.0842712297254,21.940707138336364,833.5797087228511,701.159512468555,21.032751677334744,576.7522519239697
2022-10-18,817.8334346909977,820.7257967973885,809.4057487075133,814.1930541992188,8470882,762.6715576171875,785.4725555255836,772.7174700245295,65.18557414020236,12.755085501054168,224944858.92685735,810544079.0,94.31419305316408,90.21387143395826,22.587263621300412,836.5080744453119,700.0513249687506,20.338987135373348,576.9368611926534
2022-10-19,816.2875663974025,836.2347239323192,814.7416738632253,827.6574096679688,10868663,764.8308374023437,791.9625330859506,776.7870951833028,68.26589626013963,15.175437902647786,227138723.52601337,821412742.0,93.25222941146217,93.9233219701739,23.750227732927026,839.836759761353,698.4281267132562,20.46060732092528,577.1846767101865
2022-10-20,822.7205274770317,829.7020325344839,814.7915202727181,823.66796875,11813817,766.7726928710938,796.8402924188813,780.2597524845396,66.3915036885983,16.580539934341687,229390786.50110123,809598925.0,89.84276639498282,92.46972961986968,24.830122979437455,843.1783474262077,697.011435288636,20.064171959556745,577.4497163004495
2022-10-21,857.8274276686375,903.6061754778319,853.5886569779302,898.02099609375,58057724,769.8615100097657,812.4065545227072,788.9828075667033,78.3324344229136,23.423746956003924,274482541.2608577,867656649.0,96.97216744388501,93.35572108344336,27.52184209770954,867.473048259499,683.8073533518292,24.340888728719257,579.0729670605766
2022-10-24,913.5798009574087,916.0233398923899,902.6088644830293,907.047119140625,3085307,773.26150390625,826.9666413870023,797.7283121277345,79.29419822251683,29.238329259267744,273438816.61797434,870741956.0,95.17296906465803,93.99596763450863,30.19643436489392,890.7058959859872,674.6222961526847,23.888135519427873,579.1653352742826
2022-10-25,903.3069838317773,908.1940005934313,889.2442021375596,900.4644775390625,13187308,776.1338940429688,838.2740007950116,805.3383984544996,76.62302980428807,32.93560234051199,275868057.56534266,857554648.0,91.1438692651705,94.42966859123784,31.849574816706216,908.29780993625,673.0130421145312,23.535397157745287,579.548474060434
2022-10-27,906.5982805713661,917.5193611424662,898.8687572771659,912.7320556640625,11967044,779.217724609375,849.729086159481,813.2934841737265,78.10343038597101,36.43560198575449,281691611.98020524,869521692.0,97.2980656277066,94.53830131917839,33.55225174341637,925.6058958682995,673.4230225887318,23.186483351142076,579.9066560002404
2022-10-28,912.5824400423613,915.5246578981507,896.5250028786047,900.6640014648438,7320207,781.9784106445312,857.5652269756906,819.7653743434389,73.19295638212235,37.799852632251714,277560760.40721774,862201485.0,90.3400905219602,92.92734180494578,34.98396372677446,935.9236484789134,681.7159633374928,22.8874241845995,580.1217452302119
2022-10-31,905.6009168477511,915.5744952271316,899.71648125436,903.606201171875,9038777,784.6493359375,864.6484537751036,825.9758059603602,73.628279125044,38.672647814743414,272956121.37521845,871240262.0,90.40906471029794,92.6824069533216,36.31442959579348,944.3272722205404,691.9629316368814,22.38532345518322,580.3886242717924
2022-11-01,901.6114440690421,901.6114440690421,866.7039213451302,869.4466552734375,29191921,786.7776965332031,865.3866386210011,829.19586887244,61.2017248211649,36.19076974856114,248351502.2466469,842048341.0,64.68860413861672,81.8125864569583,35.57632048207973,946.49422123819,703.6143664082945,23.422248910294762,581.1762923192005
2022-11-02,872.6881313035825,874.6828470322764,859.3235115717761,861.2683715820312,11029140,788.8930932617187,864.7530590765442,831.5716098138912,58.64957758009507,33.18144926265302,240115469.19957066,831019201.0,55.05975729434285,70.05247538108584,34.5174212674778,944.5062947328278,719.6450907652192,22.846326521023734,581.4587173157042
2022-11-03,855.6333146216878,878.0738660042765,853.7383103776014,861.7670288085938,10185978,791.3306359863282,864.2936698045519,833.8083075172025,58.76249451482161,30.485362287349403,236650549.93033087,841205179.0,55.45814631760745,58.40216925018902,33.251937356945504,943.030850915777,733.2134972287541,22.952700028570263,581.7185339369242
2022-11-04,866.7039207759291,870.5936405121658,860.021611398391,865.8062744140625,7323879,793.7452380371094,864.5263782060151,836.1785272873402,59.721962005356126,28.347850918674908,237341437.35342976,848529058.0,57.79400709692816,56.10397023629283,32.07684515430837,941.6679566200627,745.846533126031,22.068366391799163,581.9056764852517
2022-11-07,873.9348234455263,874.4833580928819,859.0243112872834,870.6435546875,9931261,796.1947485351562,865.4674822800897,838.7314922799446,60.8953770552151,26.73599000014508,242339135.46471065,858460319.0,56.64208659832795,56.63141333762119,31.138703406980188,938.8924965605345,760.3160178437624,21.596272135641975,582.1613521006435
2022-11-09,872.7379492363614,878.4229009917846,866.2052676825034,871.3915405273438,10190209,798.7948608398438,866.3788758565904,841.1507551130853,61.084170299420585,25.228120743505087,240800226.25119233,868650528.0,55.11883772029634,56.51831047185083,30.42572940350002,937.2277438691947,771.640182156196,20.926369362330487,582.4268434683903
2022-11-10,841.4707641601562,854.4364151922885,838.7778860017821,841.4707641601562,18956575,800.7656384277344,862.5468586725236,841.1744594869425,50.56718454135586,21.372399185581116,228363771.51970783,849693953.0,25.970801743283594,45.91057535396931,28.29254748879576,933.804245646386,780.8633141680672,21.761175445418424,582.8733196665606
2022-11-11,844.7620953389646,852.4417629259154,841.9196498281719,848.4523315429688,19329819,803.1991918945313,860.3784698833613,841.7135611207221,52.61715905627834,18.66490876263913,233035890.90577444,869023772.0,12.286340234167195,31.125326565915717,26.311735710856087,932.4380447230615,786.4184188999855,20.99044853972848,583.3317170608784
2022-11-14,848.2527859572378,851.6438267350758,845.111084622656,848.75146484375,6985306,805.1839331054688,858.5896998772672,842.2348873224279,52.70765320389682,16.354812554839327,233835729.14171308,876009078.0,12.666233168922101,16.974458382124308,24.472410488483536,929.8436119605441,793.8999000023465,19.957755223492143,583.4975412741452
2022-11-15,849.0008751701187,857.5781283846885,844.9615880269072,856.38134765625,7124767,807.4678833007813,858.2499533817261,843.2827732730814,55.06499202528563,14.967180108644698,239608812.7802826,883133845.0,22.356022189089693,15.769531864059672,23.07642142077066,926.3057238465174,803.2374280089514,19.433382733084226,583.6693129400659
2022-11-16,855.7329985271361,859.3234622832887,848.3525264047356,853.139892578125,6521854,809.5663244628906,857.463790181172,844.0129302586403,53.837212100378885,13.450859922531777,238778816.5348103,876611991.0,18.239443127885124,17.75389949529898,21.873316887160716,923.7460544882535,809.9111964883089,18.82892224347486,583.8267253800201
2022-11-17,853.1399053900328,859.124052322746,850.4470270955337,855.9324951171875,4909607,811.6029284667969,857.2282063251745,844.895860988903,54.772829247914686,12.332345336271487,240076749.90542644,881521598.0,22.337716845111547,20.977727387362133,20.756148391665764,920.7983150142134,817.0328800541461,18.10378674231325,583.9457889651842
2022-11-18,857.0296430824383,863.5124695216002,852.7410162282334,856.929931640625,7065304,813.7811596679687,857.1823179121669,845.7872736297713,55.1226888463284,11.395044282395588,238506704.5326086,888586902.0,23.636519661406023,21.40455987813424,19.976435099219835,919.0775931318855,821.6808541337394,17.580048638817075,584.1185628942825
2022-11-21,857.7277257453736,868.6488060560957,856.7303679247394,867.7511596679688,7209207,816.0680993652344,858.8082935669056,847.4142281511193,58.84248768569721,11.394065415786258,244629977.5279198,895796109.0,46.11114595034116,30.695127485619583,19.55024780248127,916.3679808375722,828.7987855198497,17.175647888284164,584.2989098127148
2022-11-22,872.6382373386323,874.6828086961542,866.0556391981127,867.7511596679688,5535233,817.8693286132813,860.1841191209153,848.9206675227379,58.84248768569721,11.263451598177426,241270452.5301918,901331342.0,73.08175737477467,47.60980766217396,19.49401007624267,913.297654840993,828.8421278738507,16.56504228898112,584.4397511589548
2022-11-23,871.5910419173123,875.4807009742958,866.4546246847325,872.388916015625,5861417,819.66158203125,862.0617801816397,850.6590562999888,60.471065381130956,11.4027238816509,243116339.3406117,907192759.0,84.77996545673852,67.99095626061812,19.48710759465019,908.229755334715,830.4442070676287,16.02654471759414,584.5897570575686
2022-11-24,875.6801641054085,878.4727538207161,870.7930864482026,876.2286987304688,4928778,821.2084826660156,864.2413061122288,852.5531038874317,61.81816455990985,11.688202224797124,245164667.23174736,912121537.0,94.34673746620474,84.06948676590599,19.65673026185859,904.4912354673639,831.7591490541205,15.43033919294552,584.7174092007057
2022-11-25,880.6669692241182,889.4437060065,878.5725421179889,885.4044189453125,7614047,822.8481384277344,867.4971696250109,854.9865346324599,64.89674201434701,12.51063499255099,247120567.25764534,919735584.0,92.02758968312104,90.38476420202146,20.41549809430151,898.0123059676465,835.5053148819628,15.272101198880211,584.9207008267346
2022-11-28,885.3546235597623,897.1234346522389,882.9609402405929,889.3440551757812,7928147,824.616455078125,870.858228940514,857.5315361541874,66.15840888789914,13.32669278632659,246338940.08009338,927663731.0,86.66671296029244,91.01368003653943,21.49412392491019,895.3064839885931,837.0791422321101,15.192843571220623,585.1358513435218
2022-11-29,892.0368599199336,899.5170435813578,887.6484611556751,890.1917114257812,5661158,826.6620361328125,873.8326108613244,859.9508083965277,66.43791705992851,13.881802464796692,243103976.0594953,933324889.0,84.64691884578865,87.78040716306738,22.60897233779042,891.6188978049667,839.4252794411271,14.955396346539342,585.290626664305
2022-11-30,892.6352271557515,902.708516542814,883.110472381549,898.8687133789062,10452798,828.8951196289063,877.6843189409524,862.8336161730001,69.23872115459764,14.85070276795227,249460785.04122198,943777687.0,93.68337761265937,88.3323364729135,23.176003779563306,896.8546366756811,837.1317463809594,15.287014047591171,585.5782656316569
2022-12-01,907.0969491334744,907.0969491334744,897.1233708032547,901.4618530273438,7053100,831.00453125,881.3424011080896,865.6949670510996,70.04330014549187,15.647434056989937,248543847.60225707,950830787.0,90.93093529066972,89.75374391637258,23.937816113852243,902.2686702534909,835.7370609476809,14.907482924921778,585.7764345605945
2022-12-02,895.9265460777018,904.6035715629517,889.0448134247666,902.7584838867188,7988851,832.8476501464844,884.6371830740325,868.4404127426269,70.45936332554561,16.19677033140556,254637929.05876946,958819638.0,93.01771942820966,92.5440107771796,23.823585869376622,907.2080416777773,834.8968350312072,14.954002583012016,585.9984029383604
2022-12-05,904.6035364822504,904.9027316514026,895.2283486895487,896.8241577148438,5098164,834.6957531738282,886.512102249542,870.5429123701986,65.9450931760017,15.96918987934339,251221669.9731631,953721474.0,82.51273747966376,88.82046406618106,23.736462708390643,910.3516890051569,834.8549760339056,14.576886895786435,586.1399724535978
2022-12-06,895.128632946124,904.5038206936671,893.3334010659682,902.259765625,5351099,836.99865234375,888.9348196919201,872.8923089075912,67.96939543103804,16.042510784328897,254422776.18254077,959072573.0,91.46127067000248,88.99724252595864,23.45615929315769,914.059890438751,834.3083956940615,14.333567805208748,586.2889249145763
2022-12-07,900.4146109313907,915.5744616874864,897.4723932424755,912.2333374023438,9103656,839.9119348144532,892.5192070319854,875.8064591664618,71.33619166460382,16.712747865523625,260165882.94612822,968176229.0,94.68257030834103,89.55219281933576,23.9135937926978,919.369983522705,833.0824822976075,14.602746422337473,586.5487798818298
2022-12-08,913.2307698998422,941.4559858133865,911.3357655726234,936.8681030273438,17466047,843.8365393066406,899.3421141081943,880.3295438968975,77.59936495319499,19.01257021129686,272311107.2077163,985642276.0,94.58501112134407,93.57628403322919,25.539859799024672,928.580503337681,833.4116963693502,15.711137409367879,587.0793199291379
2022-12-09,941.5058058572178,942.5031637024055,925.1491128465822,931.2330322265625,8018981,847.7501721191406,904.2484092033279,884.1001726620578,73.6358069960195,20.14823654127008,269914655.9927115,977623295.0,85.25768944263186,91.50842362410566,27.089349910137084,935.0218015890079,835.2484681863829,15.82848836982898,587.324531855467
2022-12-12,927.4431016046588,938.6633775688698,919.5639501335667,936.1699829101562,7621788,852.1824304199218,909.1594205428399,887.9571956433986,74.8479251559864,21.202224899441376,275546423.55325896,985245083.0,91.67218611421654,90.50496222606417,27.9384959097512,941.1627776332649,837.8493439487664,16.062126874505704,587.5562686086789
2022-12-13,937.7158490600958,946.7917810130881,934.1253243281593,942.1041870117188,8136559,856.6825085449219,914.2278461534366,891.9680838929038,76.26074238608302,22.259762260532852,277660637.69251037,993381642.0,93.83200720985118,90.2539609222332,29.079088826624268,947.910550806215,839.673854711363,15.819579003821639,587.8101664656767
2022-12-14,943.1514470955915,947.6395572868431,936.0203143310465,939.9100341796875,8573479,860.8554528808594,918.1789520036291,895.5193394697026,74.59236001324174,22.65961253392652,274827365.9616199,984808163.0,88.80866200999338,91.43761844468703,30.17423746006657,952.4294559665176,843.8319637112169,15.51955500039128,588.0774421594152
2022-12-15,937.2670128133814,942.4532856602846,930.1358800396531,935.6712646484375,7359261,865.1520703125,920.8700770259072,898.4935561496088,71.345105271787,22.3765208762984,274082540.0668818,977448902.0,81.49575055099376,88.04547325694612,30.5415229874509,955.1317210066885,849.103575624171,15.29083004469415,588.3032317578222
2022-12-16,929.7868270255402,942.7026229600187,926.6451255452462,932.6292724609375,6926928,868.9879077148438,922.6791840159118,901.0221277282258,69.02280905075379,21.657056287686032,272318528.0251657,970521974.0,76.73872975583737,82.34771410560818,30.508731297552906,956.2115995963461,855.5936311165444,15.345591999699751,588.5142111434716
2022-12-19,932.6292432008416,945.5948944447248,929.9364258723766,943.699951171875,4842336,872.7998095703125,925.9131481937524,904.1834479833109,72.52751949121375,21.72970021044148,275988852.60071737,975364310.0,93.89483653650123,84.04310561444413,30.64488913811694,959.3783470788192,860.021762784462,15.367940326317495,588.6639982272886
2022-12-20,941.2564535961869,950.2326740808128,937.9651849266023,947.2406005859375,9511818,876.6705554199219,929.1942947156269,907.3728666946166,73.55790406609458,21.82142802101032,280860754.77635986,984876128.0,95.11002106824006,88.58119578685955,31.034280944232616,961.9928832132578,865.3561707418203,15.14647952830985,588.9623757264698
2022-12-21,950.5817624990193,956.3664868499249,925.5481042865168,929.8367309570312,8368960,879.7713415527344,929.2931310604584,909.0368566399807,61.372899535073785,20.25627442047778,274821011.4370086,976507168.0,60.59254836796824,83.19913532423651,30.076315653655143,961.4134316063631,871.6804038428555,16.265901173674006,589.2186795674236
2022-12-22,933.5269094651918,933.5269094651918,910.5378241365802,917.120361328125,9202717,882.4442602539062,927.4203972554841,909.6356347650284,54.29566611590463,17.784762490455705,270888380.3103573,967304451.0,37.73726125940528,64.47994356520452,27.930930324104455,959.4722640340485,877.7107376749359,16.746128613312408,589.4864540086523
2022-12-23,909.5903465081575,914.8264751475959,901.6114838194894,904.20458984375,6371695,884.3970861816406,923.8487345767558,909.23333514123,48.21425664810162,14.615399435525774,267017251.5656086,960932756.0,17.246797681843343,38.525535769738966,26.565218735049463,958.1167720581252,880.9462467407029,16.65775353440692,589.664038448874
2022-12-26,905.6009565307057,930.4850478524462,902.708594324387,926.2462768554688,4764440,886.9243920898438,924.2175872350193,910.4935530459884,57.05452845222232,13.724034189030931,270327555.59620285,965697196.0,48.85699371618093,34.61368421914319,25.143402989998858,957.4593850211904,885.2938559456065,17.451946391096364,589.8021058722054
2022-12-27,929.9863389741026,935.3221791195604,920.1623276318431,929.7369995117188,3346083,889.5514331054687,925.0667275852809,911.9189935249315,58.269494783209836,13.147734060349421,271208116.48302287,969043279.0,51.36611110512738,39.15663416771723,24.124258304246247,956.6075625114527,890.100207263938,17.288225326569282,589.9015253876536
2022-12-28,928.490322634285,934.9731487989412,918.8657948248916,922.2568359375,5956496,891.756591796875,924.6344365625454,912.6847596295662,54.698395782343084,11.949676932979173,267759633.0163824,963086783.0,37.70496023264744,45.976021684651926,23.07599171075906,955.8389901336947,893.2075918975553,17.203877372817878,590.0767725446108
2022-12-29,920.3617949883478,941.5057931967825,913.380290165914,932.0807495117188,12204113,894.114345703125,925.7800231701106,914.1214996208367,58.31191757257824,11.65852354927381,271784386.66154975,975290896.0,55.64654187909197,48.239204405622274,22.524771018862246,955.657527791936,896.4509438877515,17.98399349125007,590.4391351243416
2022-12-30,938.7630203430911,941.0070753717997,927.8917960766807,931.2828369140625,3704449,896.1868542480469,926.6266098999492,915.3927097907053,57.90789064198904,11.233900109243905,269995556.4686419,971586447.0,54.18930043357012,49.18026751510319,22.012923233529488,955.141757677219,899.8191493052029,17.63622819152642,590.5504029230567
2023-01-02,929.7867896608932,942.5031013457163,929.3379664854748,939.112060546875,3498198,898.4957360839844,928.5474484610147,917.1496987356068,60.779431100058446,11.397749725407948,271691641.1950058,975084645.0,68.48794567053713,59.44126266106642,21.640657553841947,953.8097664399285,905.3799308256965,17.31686438214893,590.6565091463377
2023-01-03,942.2538282071222,963.0487150172568,940.1094844813861,959.7574462890625,6927819,899.7304650878906,933.3489865884067,920.3058281840109,67.1446007734533,13.04315840439574,276631484.70527565,982012464.0,94.64287588482036,72.44004066297587,22.491216798568555,956.6734001247634,908.2660652072678,17.78970653130842,590.87694956589
2023-01-04,960.9542909190053,967.4371169604932,952.4767491724443,954.9202880859375,9059392,900.6879284667968,936.6676483572576,922.8698622508203,64.50322904384632,13.79778610643723,270531508.83704656,972953072.0,80.98487127690265,81.37189761075338,23.49107007263793,958.8218197715523,910.3863406288383,17.58761090678988,591.1679596409961
2023-01-05,957.4634777331753,959.3584818824108,935.770945815783,947.0410766601562,6998980,901.6194604492188,938.2635604038574,924.6603225774379,60.33936706210522,13.603237826419445,270220757.7520414,965954092.0,69.01504880834644,81.54759865668983,22.922396685316357,959.9194745841115,910.3059831795603,18.01617698963545,591.3858101532363
2023-01-06,944.0490803274756,948.437479308072,931.831446411515,937.4166870117188,5787783,902.1131530761719,938.1332721896822,925.6052384614587,55.61662098810944,12.528033728223477,268326277.96276444,960166309.0,54.39401261136633,68.13131089887182,22.08460643469494,960.1816267215913,910.6621965205961,17.915452411558423,591.5616342642697
2023-01-09,944.2984191882836,957.4635552477184,938.862806621734,956.2168579101562,7025747,903.2242102050782,940.9153623005243,927.8727658280288,61.89129688155013,13.042596472495461,274410237.05353487,967192056.0,82.95457481388405,68.78787874453228,21.844334588349987,962.7946697779141,910.0538409642734,18.067696399018512,591.7819521708384
2023-01-10,961.4529432194536,961.4529432194536,940.2590894399791,949.63427734375,7140150,904.1447717285156,942.256733845636,929.4847296440082,58.75898984855255,12.772004201627738,273587036.1660119,960051906.0,72.95454860478426,70.1010453433449,21.846373522714227,963.694631769567,909.9068880058237,18.290993354765366,592.0053324536304
2023-01-11,950.4820135387191,953.2247475756881,940.3089514813648,947.2406005859375,7100355,905.7006506347657,943.023482574913,930.7999793434104,57.61705893136498,12.223503231502605,274107917.8313275,952951551.0,69.31815857920706,75.07576066595847,21.848266818909593,964.4181140706587,909.9164623453569,17.907050693305216,592.2250108014167
2023-01-12,946.8416511641793,947.1907629362419,921.5586539997812,933.078125,8661375,907.136845703125,941.493427563388,930.9687308735282,51.26850883353946,10.524696689859752,273231657.8510749,944290176.0,46.91831272953009,63.06367330450715,20.330935910533135,964.3403215749701,909.7349408762019,18.462400399937433,592.4828231381049
2023-01-13,933.0282324261028,934.9730923328219,920.5612597854548,931.6818237304688,9083608,908.5351416015625,939.9839500506312,931.0215525666349,50.675655208424914,8.962397483996256,278166370.3225953,935206568.0,33.85610042206557,50.03085724360091,18.906591568519474,964.3266472321023,909.6538703460227,18.17307412475384,592.7489353104327
2023-01-16,937.9651606102153,939.2617135829371,909.2911236943571,910.7373046875,10008273,909.4337622070312,935.484466148611,929.519015686699,42.699470141361346,5.965450461911928,269123962.47510606,925198295.0,2.487155024635441,27.753856058743708,18.348807538787014,964.7572976850423,905.9269552446452,19.01575382216999,593.0335478741048
2023-01-17,912.532534594739,917.2699841619227,904.3043327148935,915.2752685546875,6904960,910.326396484375,932.375358826469,928.46392330655,44.72932931666737,3.911435519918996,273904319.39818305,932103255.0,17.377557430565396,17.906937625755475,18.140288505809,963.8645420167477,903.6231777098149,18.583603652517077,593.2251317162161
2023-01-18,919.4641667501235,923.1543418571546,910.8369975564799,921.55859375,5730939,911.3297375488281,930.7112411223968,927.9524174134723,47.50239374274882,2.758823708924524,278150338.46118534,937834194.0,27.330112621017715,15.731608358739521,17.46590474821969,963.878491898043,902.7814141078163,18.136013698814047,593.3870700053789
2023-01-19,921.1597151347594,935.5216929799582,918.3172695216381,926.2462768554688,7721730,913.0252478027344,930.0243235428694,927.8260366313979,49.53660062225114,2.1982869114715413,277546040.0854635,945555924.0,34.75522963665999,26.48763322941437,16.502221263241747,963.6168693961022,903.9556281624916,18.069471538778764,593.6104890459202
2023-01-20,928.7895323246271,932.3799963684853,922.2069946195888,928.0913696289062,4511360,914.6180285644531,929.7269460176444,927.8456909275096,50.35205845863506,1.8812550901348004,278253696.98869246,950067284.0,37.67778848700263,33.25437691489345,15.607372312905085,961.7318786632089,908.2292968739004,17.5054379823586,593.7412196776334
2023-01-23,933.5269866413041,937.2172230154131,922.0075151668234,930.2357177734375,5236124,916.2477136230468,929.8052185954588,928.0227299531339,51.33627826372358,1.7824886423248927,278682887.48049575,955303408.0,41.07435679957584,37.83579164107949,15.120972960479634,961.7265761390267,908.6335434898795,17.341457258517966,593.8938510132757
2023-01-24,932.5295668790604,932.5295668790604,901.3621348309634,907.7951049804688,18527897,917.2759887695313,926.4190472700757,926.5243873625661,41.96141261937657,-0.10534009249045084,267803320.8370152,936775511.0,10.705414558439337,29.819186615005936,14.870157886864678,963.1340378869234,905.031892288858,18.32902688634504,594.4072720038776
2023-01-25,902.6088496225307,905.0523885172817,881.8638186236642,889.9922485351562,11921748,918.0130358886719,920.8149243877804,923.8183030049802,36.298171175964896,-3.0033786171998145,264239577.9649764,924853763.0,10.212990723009007,20.664254027008063,15.648773013286592,967.0295619016917,897.9099095338552,18.872045419949295,594.7144930508135
2023-01-27,889.9921752526951,890.1418032666644,848.751456111968,871.4413452148438,17300736,918.323212890625,913.2189891304055,919.9385283538589,31.523824662486746,-6.7195392234534665,265907118.78425354,907553027.0,20.132732659717252,13.683712647055202,17.57326228536089,973.0551111322752,885.8204198735841,20.480495543859806,595.1260418876757
2023-01-30,849.6491470072265,883.1603452440041,843.914339570577,869.54638671875,21233998,918.5755419921875,906.50012722092,916.2057771216287,31.07420168669799,-9.705649900708636,272409489.29060215,886319029.0,21.807343589637743,17.38435565745467,19.501440526744595,977.1552099375282,875.5466760487999,21.820889124543186,595.6211079525877
2023-01-31,870.6933834135348,876.9767255520502,858.8248009166462,869.2970581054688,16856151,918.6064599609375,900.7765781262352,912.7310571945056,31.0115273349102,-11.954479068270416,275002730.24558365,869462878.0,23.220770096937997,21.720282115431,21.29189175088661,978.9921100484631,866.7282756937244,21.55882023246182,596.0169175744138
2023-02-01,873.9846395179304,892.8347265366547,831.0982535510395,854.9849853515625,12409819,918.3511364746093,893.7317176993625,908.4535703913248,27.573587711475398,-14.721852691962226,272195987.15227187,857053059.0,20.57560123992606,21.867904975500604,23.691782447398428,978.3681478142919,856.8749918341457,24.428652571972773,596.2982728135383
2023-02-02,848.7016937743082,869.696064815547,834.8383949970716,866.1554565429688,9567053,918.2264672851562,889.4892159829943,905.3203767729281,33.74711698547192,-15.831160789933733,279819526.01765573,866620112.0,32.41131800109834,25.402563112654132,25.920252379873688,975.3353038454197,851.0313526487209,25.173582375294384,596.5125125017697
2023-02-03,870.693394455164,882.661688537022,856.9797241530351,880.2680053710938,7365732,918.3072534179687,888.070568196548,903.4646455579774,40.63215684114125,-15.394077361429368,285812214.3961069,873985844.0,45.45874531524231,32.81522151875557,26.974687679369772,971.5349973497041,848.1543520155303,25.209895375915274,596.6875949272153
2023-02-06,869.5464186317218,896.774336681514,868.2997213171303,880.3179321289062,10129098,918.2055236816407,886.8778549553724,901.750074192861,40.655652824397485,-14.872219237488594,284233443.31285983,884114942.0,46.381602484738444,41.417221933693035,26.978217186282084,968.5966826919307,845.3827911850224,25.443089660805875,596.9353830430207
2023-02-07,884.5068062386171,886.0527596424866,869.1973872217333,876.7772827148438,5055187,917.9541882324219,885.3239207645219,899.9002377870819,39.4628596350327,-14.576317022560033,283724912.2041235,879059755.0,43.045111910118635,44.96181990336646,26.9814945855578,961.5857178000592,844.4497985573626,24.82968128651641,597.0569555976267
2023-02-08,879.7692840722389,884.1078269922583,865.9559030010463,869.4466552734375,6572818,917.539287109375,882.8812645351243,897.6444168601453,37.039843741031106,-14.763152325020997,279680099.43162686,872486937.0,36.13717878712755,41.854631060661546,27.11594612909885,955.1927980931022,842.8239560572885,24.3526986225661,597.2125175211661
2023-02-09,873.8350955880709,873.8350955880709,860.2709924440431,865.4074096679688,5993312,916.8700610351563,880.1929791709465,895.2564904014656,35.73776023586818,-15.063511230519111,278225849.1975666,866493625.0,32.33084178078788,37.171044159344696,27.471732731132878,948.3045249289414,841.5289101296523,23.582084659813358,597.3507887521558
2023-02-10,869.7458624222388,870.3941693456012,862.8641300861638,864.9585571289062,4603464,916.1399951171875,877.8492219337095,893.0121990479428,35.58804639646752,-15.162977114233286,276183226.9567401,861890161.0,31.907870712252212,33.45863042672255,27.80210600445019,943.3961406910757,839.6253375804085,22.435509988357932,597.4567281337468
2023-02-13,864.9585687010346,868.150125897252,854.2369721446366,856.830078125,5707194,915.2214270019531,874.6155075016004,890.3320419425397,32.90009132100391,-15.716534440939313,272603423.9359006,856182967.0,25.368718721747953,29.869143738262682,28.468124182547918,938.3040153435052,837.2322883674324,21.82677025723346,597.5848578101443
2023-02-14,860.2709943420871,869.5963266880356,851.99293642923,868.4493408203125,7527755,914.6539306640625,873.66686647371,888.711101118671,39.88923658693257,-15.044234644960966,279150205.5581886,863710722.0,50.50574560343737,35.92744501247918,29.177853892426423,935.7049042502758,835.6026030739429,21.525100257345752,597.7559915328677
2023-02-15,869.6960958095214,869.8955795659082,859.3235492163633,866.005859375,7322266,913.9288525390625,872.4882499969854,887.0292313598804,38.9699578138335,-14.540981362895081,281084373.9153122,856388456.0,53.15116882748894,43.008544384224756,29.808114350335604,932.0017987447204,834.3787676615295,20.74273812107426,597.9233245757662
2023-02-16,870.4939285640548,871.9899653549671,859.971815309417,862.4652099609375,5843235,912.9334899902344,870.9462438375933,885.2096742192181,37.61715042973317,-14.263430381624744,277665720.209664,850545221.0,47.760089997424544,50.472334809450295,30.181755465782828,926.4862794221344,833.9849486052094,20.119553258536822,598.0565748452561
2023-02-17,858.7250937802401,865.955938065846,847.754157622769,852.6412353515625,8420479,911.2489526367187,868.1300886858963,882.7971972660583,34.08191008833782,-14.667108580161994,273766945.6127435,842124742.0,32.80186755005609,44.571042124989866,31.08009912263868,919.1445713359159,833.9661525410373,19.982569486003978,598.2416346583897
2023-02-20,857.4285526319146,858.9245894013524,840.2739855009157,844.5127563476562,5992322,909.5145471191406,864.4966529415517,879.9613127535841,31.44838120379788,-15.464659812032437,270498404.5619799,836132420.0,20.425247909451272,33.66240181897731,32.21135060020165,910.0346389852832,834.7182235635448,19.88742908703488,598.3693087598905
2023-02-21,846.7568802035445,846.7568802035445,835.1875525974365,841.8199462890625,9677064,907.6275463867188,861.0079288411688,877.1360263488048,30.604690493031796,-16.12809750763597,271916557.22663313,826455356.0,11.272213035140702,21.49977616488269,33.453346971791056,897.2330652237033,838.6782201766873,19.29327898125439,598.5697290270887
2023-02-22,837.7805863154392,840.7726598379944,827.3581847037606,831.1481323242188,6984037,905.4084252929688,856.4141139924072,873.7295156803169,27.460488495559133,-17.315401687909684,268878874.31719196,819471319.0,5.459748938075371,12.385736627555785,34.88481603074906,891.5448530767758,836.7017350579899,18.948170595829215,598.7093113318183
2023-02-23,830.8489480155665,846.0087995696058,828.006502481512,842.1190795898438,8437003,903.4526062011719,854.2148779304744,871.3880018958374,34.86853744079512,-17.17312396536306,273669944.91447467,827908322.0,21.264351977928374,12.665437983714819,35.636023041724954,888.0359091182873,835.423362121947,18.88060820241954,598.8817477907236
2023-02-24,847.8538987685147,852.3420091720334,842.2188633417659,849.1505126953125,7763814,901.7221911621094,853.4357448173726,869.7407804735763,39.15720864796185,-16.3050356562037,276538406.13731104,835672136.0,37.128351324295174,21.284150746766308,35.6661969210658,887.0694815182812,834.1607064699999,18.262202586688833,599.0462802705663
2023-02-27,849.5993176087817,856.1819163881233,843.714942420313,852.0927124023438,8064267,900.1114599609375,853.2291244458296,868.4335161720035,40.91050442205647,-15.204391726173867,279312466.7337466,843736403.0,43.585345565423026,33.992682955882195,35.3028723284544,886.1121071187979,833.3727134378428,17.848257685340368,599.21884240273
2023-02-28,853.6884782219203,855.3340821777266,837.7806080724329,841.8697509765625,13012372,898.0748559570312,851.4815285274808,866.4658298612301,36.92853937462458,-14.984301333749272,272362649.45203435,830724031.0,31.2231729619981,37.3122899505721,35.27694562640144,885.453631038759,831.2884588049909,17.827201715337036,599.490521568341
2023-03-01,843.814565001129,866.4545995172498,842.8172071887351,862.8641357421875,12345125,896.3873266601563,853.2326988682049,866.1990377042639,48.10065876591107,-12.96633883605898,280957384.09635663,843069156.0,79.55306850941668,51.453862345612606,34.168581774375355,885.86832610864,831.6616787741726,18.30989077429063,599.7606884251351
2023-03-02,863.7118776816358,864.5097517679955,841.2713265871361,843.2161865234375,13900508,894.6549157714844,851.6916969690099,864.4966042834619,40.81425389269701,-12.804907314452066,269383586.3525839,829168648.0,35.53073972917599,48.76899373353026,33.234311418022884,885.3084240162148,829.9276538646445,18.6619289461884,600.0551298916155
2023-03-03,847.5047937811358,856.3313859952318,843.3657345457999,850.3971557617188,7977804,893.3204516601562,851.4925367832727,863.4522006892587,44.14451745672614,-11.959663905985963,270058691.2358471,837146452.0,51.62010280971246,55.56797034943505,32.366774658552735,881.9248604883131,830.3241324316087,18.265733983731682,600.2240501968573
2023-03-06,854.6858754739244,861.4678971055915,853.3394057674246,857.2291259765625,10781567,892.3809423828125,852.3750889668559,862.9912321920219,47.18913232138805,-10.61614322516607,269595712.8401456,847928019.0,66.9275140650128,51.35945220130042,31.042304976204004,878.283301951254,831.6568103534336,17.751805938027477,600.4586477027435
2023-03-08,856.2316322251725,860.2210632431115,850.7960202884533,858.6751708984375,8785735,891.0295202636719,853.3443323409454,862.6715239480527,47.8372406700434,-9.327191607107352,275499381.2980251,856713754.0,70.16745856370021,62.90502514614182,30.003257403314386,875.2277744313424,832.9021266917046,17.157037153501104,600.6489207863243
2023-03-09,860.2211566155239,871.9401115027498,859.7224776841525,865.5071411132812,14746065,889.7449230957031,855.2155336905355,862.8815696639956,50.90293404489915,-7.666035973460112,274716907.6440372,871459819.0,85.57045230800927,74.22180831224075,27.929081911328606,874.5216741198078,833.2142755872235,16.879030257130474,600.9790493077556
2023-03-10,857.3287766059132,859.3234922898487,843.2660553837247,849.649169921875,11198583,888.2927697753906,854.3591700338185,861.90139190532,44.3826340793093,-7.542221871501511,272421593.37514096,860261236.0,50.00004894050433,68.5793199374046,27.18995285820159,873.1055472305487,833.0545785018732,17.26203421944662,601.2150575329522
2023-03-13,843.365747946297,854.7356514398607,826.2610978636376,830.1507568359375,8315798,886.254169921875,850.634798772606,859.5494930112917,37.946402082406216,-8.914694238685684,266377691.80476877,851945438.0,8.515199130677878,48.028566793063824,27.429864734117036,872.9228858707171,829.7564598324078,18.06292845921637,601.3804191105653
2023-03-14,825.8123137927512,833.4919815426556,815.2403447531742,830.6494750976562,12573734,884.2415026855468,847.5601335918445,857.408750943615,38.19328722206386,-9.848617351770486,275034963.9175472,864519172.0,27.17670852604941,28.563985532410538,28.143493433856236,873.2377276331914,826.8235577671993,18.07640762566387,601.6187966776831
2023-03-15,835.8357518979154,841.2713644714725,817.1851475291634,821.8727416992188,6652641,881.8967163085938,843.6082271468251,854.7764539625487,35.51531554837115,-11.168226815723528,270971760.78915364,857866531.0,11.697397231522443,15.796434962749911,28.11948213731207,872.3513317029073,823.052293785374,18.505679719709956,601.744892677607
2023-03-16,819.3294536392584,835.6861463268352,812.1484651209591,828.3555297851562,8791383,879.2686779785156,841.261658321953,852.8193484679271,38.92189183572248,-11.557690145974107,274287136.4390374,866657914.0,27.105901317233023,21.993335691601626,28.337007515648292,870.3401327097873,821.2984598195095,18.865108397293252,601.9102901683118
2023-03-17,832.7938167758774,839.276642894492,820.8255224030504,835.1875,7762461,876.8740222167969,840.3271724262679,851.513285618451,42.37673415714039,-11.186113192183143,278608959.5377625,874420375.0,38.53219684222864,25.778498463661368,28.216018392666694,868.1412802918663,820.7695412413367,18.835537832589562,602.0602811899236
2023-03-20,833.7911436751785,838.7779328119918,823.3687422044607,835.3370361328125,10744023,874.63994140625,839.5594591503517,850.3150449158112,42.4534608940062,-10.7555857654595,284554667.8172401,885164398.0,38.78229220146605,34.8067967869759,28.103671349898068,867.2809894887605,819.8994121225676,18.59079874508539,602.2682210469982
2023-03-21,837.8803087329111,855.0847317131189,836.5338999796693,853.33935546875,11489951,872.9583947753906,841.6794431993361,850.5390679197326,50.92523035492736,-8.859624720396482,293882528.4255514,896654349.0,68.89071106149605,48.73506670173024,26.609215118208027,868.1004601415234,819.962601381914,18.673434233315465,602.5054394094761
2023-03-22,853.3393206214389,857.5282356116426,844.8119234933862,847.4050903320312,8018924,870.7821594238281,842.5603119889815,850.3069214317546,48.396004593332705,-7.746609442773092,289134113.611711,888635425.0,58.96580432983259,55.54626919759823,25.036244658967412,868.400191916833,820.2213840109013,18.247925510811246,602.6717980661214
2023-03-23,844.7620800965633,858.8747177086536,842.8670758742992,846.5573120117188,9857892,868.7206201171875,843.1752350694026,850.029172585826,48.029011168390106,-6.853937516423457,283821294.48048395,878777533.0,57.547916762564185,61.80147738463094,23.714116937609113,868.411125387374,821.7513685091104,18.08790524820719,602.8756030675621
2023-03-24,844.0141063949059,850.2475931481916,835.0378854701742,837.680908203125,8078718,866.5294262695312,842.3299540130521,849.1144863352556,44.24580263970526,-6.784532322203518,278550287.9472808,870698815.0,42.70235831797011,53.072026470122296,23.026987574472265,868.3813359545535,821.337340803259,17.88231970747935,603.0366623997452
2023-03-27,838.8277998735553,839.9747857400914,827.0091338090191,831.1481323242188,10602508,864.4908264160156,840.6096737532316,847.783645297401,41.64580312050203,-7.173971544169376,274717013.78182864,860096307.0,31.776457670926234,44.00891091715351,22.892556678016295,868.1244860017641,819.793952718939,17.531129152021705,603.2403643170811
2023-03-28,835.1874828184127,835.1874828184127,823.867434765989,830.2505493164062,11002402,862.4622009277343,839.0159623014123,846.4848974469569,41.28681988364027,-7.468935145544606,276122614.2868539,849093905.0,30.275273037071003,34.91802967532245,22.956024803313248,867.4342456752958,818.2999767368136,17.087480502050425,603.4486621463823
2023-03-29,830.3004281081028,846.2082983349227,827.8070334290995,840.3737182617188,17121194,861.0549291992188,839.2248478337672,846.0322175073096,46.85127129140504,-6.807369673542439,282386404.96668905,866215099.0,59.83092079568168,40.6275505012263,22.023555289912817,867.3802369144469,818.204382226178,17.18132224517705,603.7839873026098
2023-03-31,852.6412256465586,858.6253725734296,845.2607534205282,856.231689453125,12946752,859.8740576171875,841.8412850059761,846.7877339477403,54.17751281319358,-4.946448941764174,290695475.73228717,879161851.0,94.3435903605403,61.48326139776433,20.683333611928557,866.1181178601067,818.8032566516121,17.257774535643748,604.0533706416626
2023-04-03,861.717100419142,864.509689958686,854.1870615428029,862.3154907226562,13266882,858.6891955566406,844.9911628085423,847.9379381532896,56.64653096749471,-2.946775344747266,298322286.0032486,892428733.0,95.80949597181929,83.32800237601376,19.83684717821874,868.6099906571321,818.2213142745086,16.762406955660843,604.3365069057812
2023-04-05,868.6986979828679,868.6986979828679,854.7356879119607,858.2264404296875,11890015,857.328798828125,847.0273593656416,848.7000494330227,54.52017965578842,-1.6726900673811542,292377278.50324863,880538718.0,81.48149525970508,90.54486053068821,19.32622028446244,869.6579447378342,817.9562886606034,16.562450035321298,604.5899414379477
2023-04-06,859.5229861540353,860.9691672166958,846.756817801303,849.6990356445312,19677316,855.7609521484375,847.4383864854708,848.774048411653,50.28133401250641,-1.3356619261821834,280847095.47189593,860861402.0,66.4021501295453,81.23104712035655,18.209553758229106,868.7013692516365,818.1598551135979,16.39458570532641,604.9950590732226
2023-04-10,852.5414115625723,852.6910395779679,841.7201040829857,845.111083984375,15656078,854.0584594726563,847.0803399468407,848.5027177133361,48.1138921741948,-1.4223777664954014,274869215.991405,845205324.0,50.72895475846181,66.2042000492374,17.0263292672251,867.0599540172785,818.4448616565495,16.007182118873253,605.3086928985964
2023-04-11,846.0087653724299,853.439093258407,841.8198503806001,851.04541015625,23930907,852.9234655761719,847.6903507482883,848.6910653017001,51.05292647699385,-1.0007145534117399,288940098.83878106,869136231.0,61.05602239517964,59.395709094395585,15.868336812588058,864.3668364795622,819.6918060985629,15.69375788736851,605.7910016112437
2023-04-12,852.6412558734322,854.3866321223113,844.4130535572876,848.8013916015625,13480335,852.0996484375,847.8612801103305,848.6992376202084,49.90183512275527,-0.8379575098778105,287322359.9058587,855655896.0,55.61734166389926,55.800772939180234,14.756036153374419,864.2695975240357,819.7042672220581,15.285173650058166,606.062328562994
2023-04-13,851.3945429743361,865.4074084270142,842.76737332389,862.0662231445312,23934570,851.9121459960937,850.046655961746,849.6893846960841,56.18998052062352,0.35727126566189327,304192467.9770411,879590466.0,85.20569271882682,67.29301892596858,14.586698773335934,866.7979543333273,820.3674570436259,15.81052089670574,606.5574932942508
2023-04-17,879.6695920665803,879.6695920665803,858.725077969757,862.2656860351562,22577380,851.7665319824218,851.9265067422706,850.6209625730523,56.27884688600577,1.3055441692182512,289248366.3958237,902167846.0,68.81141003622162,69.87814813964924,15.334114312339517,868.9397434786636,821.3872889920397,16.17723469671414,607.0416483025191
2023-04-18,863.063563291869,869.696017129858,854.8353612949408,861.06884765625,17238709,851.6019677734375,853.3330207290367,851.3948799866225,55.55071225782836,1.9381407424141344,286471637.8940993,884929137.0,66.66662130975858,73.56124135493569,15.664352753421726,869.3055106164919,824.9411324499143,16.083193349442933,607.402990360029
2023-04-19,862.7144556878768,872.1893543341598,860.2709170201107,871.09228515625,23494247,851.9241137695312,856.0652152563002,852.8539470362246,60.19548715133213,3.211268220075681,305640684.60773,908423384.0,84.62907649945028,73.36903594847682,16.127350775394397,872.0250764319222,826.4952421715933,15.785710775486233,607.9053507838483
2023-04-20,872.488592366589,873.2864664328183,861.8667683075142,866.45458984375,19444753,851.9300964355468,857.6635805774464,853.8614020590041,57.21635178396527,3.802178518442247,301819646.9811711,888978631.0,76.31811588995633,75.87127123305505,16.628417480852384,873.8014789614331,827.8455486264575,15.473852729044651,608.3186272740785
2023-04-21,868.4991631302372,871.5410922561947,855.2343165182021,861.9166259765625,15520786,851.5630688476563,858.3178952542335,854.4580853121566,54.380317064578456,3.859809942076822,299019302.6865593,873457845.0,65.7692050750696,75.57213248815874,16.41744484607309,874.458711405418,829.8462751668476,15.533347229683788,608.6420898161825
2023-04-24,865.7066060820845,882.0632990258189,858.2264222737716,879.9688110351562,18201632,851.5560864257812,861.6488053743753,856.3477686990454,62.37075089015609,5.301036675329897,314022269.01982623,891659477.0,94.80832394749463,78.9652149708402,16.937447111654834,878.8797111018075,828.0882210270988,16.126456481281178,609.0360323117079
2023-04-25,882.6616898361922,893.4331423509402,872.089721064547,876.0292358398438,36394389,851.5411254882813,863.8611792921397,857.8056551539194,59.90480219973604,6.055524138220335,291063048.75678986,855265088.0,66.34522531645312,75.6409181130058,18.06901909638384,881.9525130898405,827.8778335898469,16.499096824503464,609.8412733247167
2023-04-26,875.0817699116577,887.0999193895163,872.8875705471868,885.3046875,19468723,851.8582861328125,867.1601805548875,859.8426205128883,63.558018616642784,7.317560041999172,305613390.88034195,874733811.0,84.28161422498115,81.8117211629763,19.119764510775063,886.6306866949144,827.0743975336013,16.335757682919613,610.2720438763806
2023-04-27,885.6538269401998,887.6485427666416,875.1815688513799,879.0712890625,15992383,852.1315637207031,868.9926587868279,861.2669663313781,59.626189783546614,7.725692455449803,299600317.34258807,858741428.0,72.22779057377498,74.28487670506975,20.12722699946622,888.8357786161974,829.0083436982558,16.059415985229766,610.6234073422343
2023-04-28,882.7613790119196,887.6983123782459,851.3945243829124,857.7277221679688,23004117,851.9869470214844,867.2595916146956,861.0048000970514,48.55104047270463,6.2547915176442075,284622339.2595685,835737311.0,30.954704308879556,62.4880363692119,18.81663262586577,887.3392818402438,833.1627994585845,17.50544255738003,611.0991856085512
2023-05-02,867.7013024431587,874.0844168336761,861.9664949844827,868.349609375,12947953,852.2173376464843,867.4272866547424,861.5488600435662,53.20898553657733,5.878426611176224,285315052.7287195,848685264.0,51.40102090299799,51.52783859521751,17.599652136093923,885.6585231773822,838.6534641273054,17.423389136546266,611.3688498771063
2023-05-03,861.5675564094298,864.5596299665021,851.7934616311052,857.578125,15103015,851.9999133300781,865.9120310155513,861.2547315218205,48.42142893870872,4.657299493730761,283899129.31878227,833582249.0,29.23226462466728,37.19599661218161,16.977374667364863,884.4336566471512,841.5987713313644,17.36144332278545,611.6702692995025
2023-05-04,857.7277569166305,864.858889942878,855.234362274431,863.6620483398438,9756391,851.953037109375,865.5658798346732,861.4330512861186,51.097822641554565,4.132828548554585,291229041.8366121,843338640.0,41.240220798382055,40.62450210868244,16.373808133909854,884.5781121434364,842.197351723751,16.80880649033271,611.86717524997
2023-05-05,864.8589426172548,882.6617570972855,860.4705434301504,863.0137939453125,14343308,851.9640087890625,865.17325123631,861.5501433349477,50.79537425125383,3.623107901362232,280173397.6847731,828995332.0,27.639513675823096,32.70399969962414,15.95111283052984,884.6081459759122,842.237148213541,17.193264145818596,612.1647387515367
2023-05-08,863.01374805145,879.0712461956198,863.01374805145,876.1290283203125,7007882,852.4337646484375,866.8587554030796,862.630060741271,56.41607531658015,4.228694661808618,284613169.07335377,836003214.0,58.83757633567246,42.57243693662587,15.55861004881983,886.0550865422915,842.580466436224,17.112138002843682,612.3121479939172
2023-05-09,879.8690735863491,887.8479360793128,877.6748742260062,885.903076171875,12117151,853.2615710449219,869.7886509059713,864.3539878102047,60.076228060314875,5.434663095766609,292097268.2916799,848120365.0,82.08774088436455,56.1882769652867,15.7756547880478,888.70776679048,843.54819024077,16.726907271140586,612.5774546809995
2023-05-10,889.6431942064683,890.1418731269875,875.2313612286815,887.5487670898438,11893027,854.1761474609375,872.5209764727208,866.0721196086964,60.67505250506113,6.448856864024378,299853632.46964526,860013392.0,86.00245311210803,75.642590110715,15.752402072378942,890.5044202837652,845.9953050580317,16.597164744509545,612.837828269577
2023-05-11,888.6458302181073,897.622050725361,886.6511145498288,893.582763671875,13816121,855.4248400878906,875.7612514264368,868.1099450948578,62.87386962938123,7.651306331579008,303496095.0339761,873829513.0,91.26216050678687,86.45078483441982,16.216639188603992,893.7502967725069,847.0031639208524,16.195291275296878,613.1489196810036
2023-05-12,892.8347664423467,911.1861145008119,891.637924838255,908.2439575195312,10533272,856.7473376464844,880.7585908253744,871.0828349040929,67.61244775396952,9.675755921281507,310858685.72941643,884362785.0,95.07931303469408,90.78130888452965,17.401687962622844,899.8945880805155,846.8031292046406,16.43478401724402,613.3950050599259
2023-05-15,908.2439536374151,917.0705462913144,906.7479168571682,913.3803100585938,7339579,858.03193359375,885.7773168612543,874.2159812118337,69.10040783106759,11.561335649420698,312950613.33758754,891702364.0,94.38115140733191,93.57420831627094,18.788360994130375,907.1137335537326,844.7153924228298,15.998201547022745,613.5713685659928
2023-05-16,913.779312757632,920.0626553019887,909.5903974367628,915.3750610351562,12567615,859.2975805664063,890.3308159649316,877.2648019394873,69.68293850998198,13.06601402544436,314267191.4017268,904269979.0,93.17355197514163,94.21133880572255,20.21873310918244,913.489224163771,843.6508393127915,15.603491284037252,613.8755076190037
2023-05-17,915.275296639109,916.4721382149521,908.8423264336074,912.3829345703125,10248327,860.7078442382813,893.7234495965287,879.8661450973261,67.6235422780059,13.857304499202542,313530320.51720643,894021652.0,88.81617916653862,92.12362751633738,21.46321110867651,918.0196463325084,844.2518258354604,15.033942748130645,614.1210566505863
2023-05-18,917.5692487444488,927.0441485956143,910.1887760897728,912.2832641601562,13614127,861.6962268066407,896.5788056832407,882.2674131760543,67.55192428183318,14.311392507186383,303299640.1399735,880407525.0,80.48782847360182,87.49251987176069,23.12603420597838,922.1480177682483,844.2425523001111,15.164044873681421,614.450923909695
2023-05-19,918.4668797658205,924.5507383764536,906.548441136243,921.6085205078125,8393002,863.2640734863281,900.4295310408671,885.1815692747031,70.68058693739886,15.247961766164053,308949209.99612653,888800527.0,92.7766399124497,87.36021585086337,24.251178507539805,927.4976681541605,844.4082949806052,15.366777185576364,614.654641082526
2023-05-22,920.5612837744666,925.2987335013665,911.984030723741,915.1256713867188,9383158,864.5586437988281,902.6904757094596,887.3996509126302,65.92187760421004,15.290824796829384,303994015.7610379,879417369.0,84.16163667114866,85.8087016857334,25.33475094699196,930.4740220647698,846.7528456110115,15.22020044215131,614.8819927458442
2023-05-23,915.1256345087245,920.0625677789012,909.9892783782489,913.7293701171875,8273445,865.6886486816406,904.3887671568024,889.3500004833382,64.90823068608698,15.038766673464124,301864232.88893414,871143924.0,81.45826751402124,86.1321813658732,26.09310068125578,933.3378097267536,847.2651138572309,14.852563939187098,615.0802708214826
2023-05-24,908.7425871157698,918.4169091117494,907.7950850275552,915.2752685546875,6248545,866.8206506347656,906.0636135257078,891.2703907108456,65.54000055695386,14.793222814862133,304416485.7569946,877392469.0,82.32200282427836,82.64730233648275,26.51921312694713,936.0898247479298,848.4377021075389,14.550368235259038,615.2294652836586
2023-05-25,914.2779119411406,921.1097885552583,910.0391412702481,918.6163940429688,8149350,867.8828356933594,907.9948105283634,893.2960205872993,66.92591982373574,14.698789941064092,308894949.30462974,885541819.0,86.83788562772996,83.53938532200986,27.091857673885944,939.0827919616692,848.7759055480964,14.301816738812692,615.4256169217447
2023-05-26,915.5744897215402,925.4483566073094,912.5824162257182,924.5008544921875,4908462,869.3798693847656,910.5342019074133,895.6074897654391,69.2700567115389,14.926712141974122,313080451.6158611,890450281.0,95.09137756782812,88.08375533994547,27.901848059605268,942.6870183558565,849.7146356968778,14.199254141868295,615.5453061426902
2023-05-29,928.5401032424976,935.2224126156907,925.5978855848356,927.34326171875,7133871,871.3237194824219,913.1202111091574,897.9582876879066,70.36274795208541,15.161923421250776,308533988.42216825,897584152.0,86.86612300539393,89.598462066984,29.20878230907189,944.5195013573416,854.843706650471,13.950847283413646,615.7239567081738
2023-05-30,928.3406903665873,937.2171997318495,925.5979562325213,934.97314453125,7804403,873.4101928710937,916.4822008664023,900.7001289355617,73.12521412068847,15.78207193084063,313323821.4734901,905388555.0,95.5621338046604,92.50654479262748,30.526045065136355,947.943948939093,858.0816125843445,13.784304155978976,615.9211629713297
2023-05-31,934.8733518090171,937.4166630132827,907.7951228373205,912.4328002929688,34757004,875.2213940429688,915.8592161627971,901.569215702777,56.40018380066591,14.29000046002011,289450233.5902174,870631551.0,45.42474581804301,75.95100087603244,29.5775733909515,945.6755005549863,865.835528497748,14.91553530026349,616.7594652121431
2023-06-01,919.5639303932444,928.4902952545949,913.6296390581192,917.27001953125,11817533,876.9996838378906,916.0762628348668,902.7322382085898,58.58912492885466,13.344024626277019,283422527.8771149,882449084.0,34.73338515485366,58.57342159251902,28.696849693494134,943.6070934010029,873.2647327708721,14.99710384750368,617.043983186553
2023-06-02,920.2122403047441,928.0414750407,917.8185571264956,923.653076171875,11616991,878.7689953613282,917.2419264251757,904.2819299095739,61.34685567619762,12.959996515601802,285065851.7516623,894066075.0,55.41179243743455,45.18997447011041,27.879034831569438,940.3455386035686,882.5902157909626,14.69527182335699,617.3262642037947
2023-06-05,925.1491370131882,951.3796977259298,925.1491370131882,948.3377075195312,14520005,881.0290087890625,922.0258927473843,907.5453208436448,69.73946014500412,14.480571903739474,296218051.2754033,908586080.0,93.21457742253357,61.11991833827392,28.609991355278634,943.4312373622766,886.7253849521766,15.62608251840683,617.6995954209965
2023-06-06,948.5869905944751,968.1850959488153,948.5869905944751,965.641845703125,14457988,883.27505859375,928.7360393559597,911.8487671295323,74.00108455589256,16.8872722264274,306923607.0001024,923044068.0,95.87380227978966,81.50005737991926,30.011704741097365,951.9499124508254,886.1805868167528,15.927604369183772,618.0924424626838
2023-06-07,970.3793029478247,978.657360677375,965.5420809974672,974.1692504882812,15795824,885.810341796875,935.7257641455477,916.4650992301804,75.80909991392349,19.26066491536733,311908620.9571968,938839892.0,93.7759292225511,94.28810297495811,31.678983327338027,961.0127916488568,885.7797559585651,15.726724034235486,618.5355871417856
2023-06-08,970.4790642613366,972.274296254468,957.3638447812176,959.5579833984375,10209982,888.0703552246093,939.3922594152231,919.6571647241253,67.18744398255461,19.735094691097743,304703526.6130145,928629910.0,73.04718610319418,87.56563920184497,32.3860385436676,964.8426413925629,888.5474281875152,15.803772725151784,618.8135884040473
2023-06-09,964.4450372391158,979.1062097524826,960.7548010335363,972.174560546875,12947464,890.7602282714844,944.4356903585541,923.5473421924771,70.3256987661596,20.88834816607698,307870021.7593726,941577374.0,90.27970848539341,85.70094127037957,33.31224250023012,971.8434143832533,887.9397154995593,16.071233698644168,619.1732644824957
2023-06-12,970.4291959930815,975.3162738476396,966.040797067605,971.6260375976562,7465375,893.5697863769532,948.6188207030314,927.1087270373051,70.0121827778867,21.51009366572623,309395217.48923117,934111999.0,89.51051160154871,84.2791353967121,34.17228903132389,977.7467145765438,887.860988060175,15.58582249017206,619.3805020449695
2023-06-13,971.7257076265167,987.0850423372962,971.7257076265167,983.2451782226562,15233785,896.6296789550781,953.9459526291275,931.2669826806645,72.78034850092405,22.678969948463077,317012049.6129342,949345784.0,95.15718500049545,91.64913502914585,35.41719748069199,985.4102658054455,886.9844485500232,15.576764079419762,619.8142673529303
2023-06-14,983.394818048502,985.589017444078,973.4212397721479,975.1167602539062,8644423,899.3245397949219,957.2029999560166,934.5151143527565,68.04797371464925,22.687885603260042,310776742.9930427,940701361.0,84.90567002859225,89.85778887687881,36.57318389796236,990.0496642926083,888.6184326312199,15.333265050313353,620.0581456276498
2023-06-15,985.7385346742471,986.3868415789351,969.6312430979734,974.5681762695312,15978311,901.69126953125,959.8745655427111,937.4820078280732,67.72789678613833,22.392557714637974,304214252.4653461,924723050.0,84.2137989965184,88.09221800853537,37.20312161518532,993.78268168939,891.1139064453756,15.43486029535966,620.5065727185582
2023-06-16,980.2033013399802,982.8463240420143,974.6181216239264,978.9566040039062,8860900,904.024091796875,962.8102637675104,940.5542001373941,68.9846955138074,22.256063630116273,304697521.8397541,933583950.0,89.74845934432763,86.28930945647943,37.788063781178074,998.0607779387918,892.5706185455832,14.923666543725618,620.7561206239478
2023-06-19,981.2504969948915,983.3948407233075,958.4608944575036,963.0986328125,11025846,906.1215356445313,962.8546282359703,942.2241581133279,59.905842232121,20.63047012264235,297773312.08660954,922558104.0,69.74847537232836,81.23691123772478,36.582469618627094,999.0951636483647,896.3335289785883,15.638686523874068,621.0570722847326
2023-06-20,963.3978435029916,974.418635755126,956.0173709399359,972.2742919921875,7596593,908.5730407714843,964.3038072753883,944.4500939562064,62.94465174871178,19.853713319181907,303599406.48417807,930154697.0,79.83708524637943,79.77800665434513,35.23245641580886,1000.5951285799882,900.6880562344649,15.83601354468236,621.2636730575466
2023-06-21,975.7151823757298,975.7151823757298,960.6052473193232,963.4476928710938,7805855,910.9397729492188,964.1720973670353,945.8573235054573,58.36222985005844,18.314773861578033,298730389.76173353,922348842.0,65.87476700417778,71.82010920762853,34.067210600290466,1000.5348829466063,905.5655442994873,15.784150795519805,621.475108071107
2023-06-22,959.6577434905124,970.8780193970829,956.1669909862461,964.0460815429688,10135883,913.1997863769532,964.1527103171791,947.2046389156433,58.5823684202053,16.9480714015358,299451876.8651746,932484725.0,62.80193100631125,69.50459441895616,32.53943464762232,1000.279450297201,910.3639456988926,15.707499196613876,621.7469721303879
2023-06-23,957.4635460788033,962.9490143115465,952.0279335643066,955.8677978515625,6188008,915.3411145019531,962.878108399392,947.846354392378,54.35281774256951,15.031754007014001,297615290.02547663,926296717.0,18.912144712479133,49.19628090765605,30.71782811426922,999.5683230900657,914.2117672419655,15.44397410961732,621.9094627647709
2023-06-26,956.9648104091265,960.954241614584,950.5816961308387,958.0120239257812,5799528,917.2600305175781,962.1294800188365,948.5993669504079,55.26476580968213,13.53011306842859,300124695.28847885,932096245.0,20.355196350815895,34.02309068986876,28.884962362968626,998.891729614217,917.9552369385174,15.081729207769317,622.0614130758221
2023-06-27,964.4450412674793,973.4212619204341,958.2614104206652,970.6785278320312,6921886,919.4282873535157,963.4447181439434,950.2348603490467,60.30924531154703,13.20985779489672,304541953.49729925,939018131.0,55.05476563032842,31.44070223120782,28.176591981886524,999.5150339197455,920.9024709630669,15.105122692546711,622.2485141731514
2023-06-28,976.4133526351345,981.4001419744354,964.4450582208121,975.615478515625,10010996,921.7192199707031,965.3171428165099,952.1149061391636,62.10298083357832,13.202236677346264,307721931.3095982,949029127.0,68.57941801608807,47.996459999077466,28.049684362076952,996.4742056331203,930.2615670719578,15.237262768337896,622.5237407116648
2023-06-30,974.5182529366581,987.2345645070186,973.4211837389663,984.8409423828125,7096350,923.9941931152343,968.3208042882488,954.5390569720265,65.26223809752537,13.781747316222322,312358929.6640698,956125477.0,93.46948211627092,72.36788858756246,28.285968483274303,993.5342252768834,939.9586397133511,15.135556911174637,622.723019313848
2023-07-03,987.3842783725233,987.3842783725233,975.41598408922,979.505126953125,5562743,926.2552038574219,970.0414693136144,956.388395489145,62.04076608292498,13.653073824469402,310597371.74587727,950562734.0,78.59076472499805,80.21322161911901,28.514485068284337,988.1814788484518,950.8965912199077,14.909323866326684,622.8786146367397
2023-07-04,979.5050965987062,982.2478306203005,966.4397334272136,968.13525390625,7396806,928.3795764160157,969.7482054047891,957.2585331496712,55.728187230396244,12.489672255117966,304787276.1385669,943165928.0,47.696538411723594,73.25226175099752,27.7206505356467,986.4699331976551,954.587891509376,14.973521961095274,623.0803956223135
2023-07-05,966.4396834987713,972.9225090330768,959.5578905051074,963.9462890625,8200047,930.0591259765625,968.8556028905908,957.7539224765474,53.56570631441219,11.101680414043472,301972354.6997705,934965881.0,36.31428045971133,54.20052786547765,26.302131436181856,986.5057937825721,954.3824752603965,14.858600287300574,623.2994664333601
2023-07-06,958.4608538450842,983.4945104856548,958.4608538450842,978.358154296875,10221727,932.1057043457031,970.317533876173,959.2801618706457,59.402505587131785,11.037372005527345,307999534.21593386,945187608.0,75.47420989001999,53.16167625381829,25.76480995948076,987.0106110157891,954.296548408039,15.585390026819862,623.5785011861606
2023-07-07,974.6641831465856,987.8427533030938,970.2213995227613,975.1134643554688,6236524,933.9018798828125,971.0553693345262,960.4529990917437,57.64563396653015,10.602370242782513,305225795.211805,938951084.0,65.83755289395441,59.208681081228576,25.55518472302638,987.0674787878643,955.7952287316671,15.73081600921362,623.7506126571293
2023-07-10,975.1134848157154,984.3983659380708,958.8399743205745,962.4840087890625,7138850,935.5701342773438,969.7366984813779,960.6034442545081,51.28732767734177,9.13325422686978,300122614.4240693,931812234.0,31.943035333646794,57.7515993725404,24.279206740656225,987.0542736139715,954.8393787297786,16.43278569551953,623.9423323748387
2023-07-11,966.3278064604591,970.1715283005711,949.055859137324,951.6516723632812,10616390,937.44861328125,966.9543867709015,959.9403500403431,46.54521113155329,7.0140367305583595,292116434.4402299,921195844.0,6.692500860891636,34.82436302949761,22.78338971636976,988.1092873019804,951.7869285183322,16.76727737178579,624.2174550925429
2023-07-12,955.1459155846112,955.9945104407793,945.4616604132401,948.456787109375,10141257,939.0507568359375,964.1086022075897,959.0897157491603,45.217253732543504,5.018886458429392,287742723.63971967,911054587.0,7.067129448311002,15.234221880949805,21.663266813486448,987.5668668202682,948.8505098887163,16.321961132911035,624.4743296215828
2023-07-13,954.7465495086187,964.4308047664568,950.6033274369108,958.59033203125,13079930,941.0710009765625,963.2596375650759,959.0527243626484,50.081968738655874,4.206913202427472,289773208.72323,924134517.0,30.977661789257404,14.912430699486677,20.294136547911613,986.9007200863252,947.8640138003934,16.297108027494666,624.8130725988342
2023-07-14,962.8833651853291,965.4292107928754,946.2104803815384,955.495361328125,5383514,942.9076672363282,962.0651335286219,958.7892159897208,48.66071405400281,3.275917538901126,289591420.90331066,918751003.0,23.674946139218193,20.573245792262195,19.016583359408344,986.3099081551301,946.547544237448,16.50579534062626,624.9513903311724
2023-07-17,958.4406173492555,967.3261849470028,948.9061421451191,963.28271484375,8472444,944.9130456542969,962.2524537309494,959.1220677566859,52.32664487588653,3.130385974263504,294344212.95853007,927223447.0,42.04953958319553,32.234049170557036,17.67106981737385,984.7079439260883,946.5821195504741,16.64252730214465,625.1715503241765
2023-07-18,962.4340628416661,978.3581655914454,949.754680739434,962.0846557617188,14457717,946.632158203125,962.2266386587601,959.3415187200216,51.714826464936266,2.8851199387385122,292350941.4910629,912765730.0,39.22266797527135,34.982384565895025,17.254460348613048,984.6894308301494,946.4992349413351,17.496881412849422,625.5505626307317
2023-07-19,962.4340810493464,968.3245214799657,954.9462640287344,962.7335815429688,7574544,948.1687683105469,962.3046298717152,959.5927826328325,52.0419132347561,2.711847238882683,293594493.47532123,920340274.0,40.75383609058287,40.67534788301658,16.867608699049445,983.9965167026509,946.2380780239117,17.202693987019558,625.7479720230409
2023-07-20,962.3342650400326,978.3082746371382,956.0444500123637,976.3115234375,15329753,949.9440234375,964.4595365741436,960.8312078776228,58.39288757726992,3.628328696520839,306174521.016305,935670027.0,72.79157029866391,50.92269145483937,17.21260874190338,985.2354668156888,946.2855109675143,17.56420331828777,626.1565407577923
2023-07-21,970.0216684491554,983.3999253100096,966.4275408122734,969.72216796875,6230317,951.4668115234375,965.2691721733139,961.4897975140026,54.61308682123571,3.7793746593113156,302363024.02175516,929439710.0,57.243704447550996,56.92970361226592,17.85660920997888,985.5764136119464,946.5121728138348,17.521930545391232,626.3237413939839
2023-07-24,971.868719566255,983.3500387247727,967.226248749494,969.921875,9167788,952.7003698730468,965.9849726081886,962.1143958462986,54.70877496407215,3.8705767618899927,296260635.66163695,938607498.0,57.714921723068244,62.58339882309438,18.454609644620422,985.7686550678053,947.7253390728198,17.422063361811773,626.5697050547827
2023-07-25,976.061876288846,976.061876288846,952.2505829705703,960.9364624023438,13448045,953.6514929199219,965.2082787303664,962.0271415171168,49.63803423990052,3.181137213249599,292623741.68999463,925159453.0,36.513456671166715,50.490694280595314,17.52357652684105,985.6876453229207,948.0987926653605,17.87843693013062,626.9190603888475
2023-07-26,965.2794076024823,978.408070887261,961.7351864716742,975.2132568359375,8298226,954.8482568359375,966.7475061312234,963.0038907999924,56.53189473018712,3.7436153312310125,297741799.41616267,933457679.0,70.20016331343858,54.80951390255783,16.841856414040183,986.1988368762935,948.0410740123783,17.849377755472524,627.1398426143733
2023-07-27,987.7428718400173,988.3918403520264,954.1974761782315,958.3407592773438,17858061,955.7674133300782,965.4541604613958,962.6584736501666,48.144290024797016,2.7956868112291886,284211410.7745755,915599618.0,30.000104547588233,45.57124151073117,16.933990256305215,985.2825074037121,947.2299315611317,19.016876785352697,627.6073998190727
2023-07-28,958.3407708775003,968.1747462458351,940.6695104216192,948.4069213867188,8504392,956.4898864746094,962.8315082960607,961.6028031121334,44.00462573848161,1.2287051839273317,280491706.0488705,907095226.0,16.213397326540687,38.80455506252249,15.849479062324729,982.9646656702784,945.9043711949561,19.623188145271495,627.8200754516049
2023-07-31,953.1492132082983,957.0428415508311,946.7595848886385,952.3505249023438,6601991,957.1047265625,961.2190493124119,960.9174491706675,45.99005726089501,0.30160014174441585,281068634.50300217,913697217.0,24.477041455768866,23.563514443299255,14.842432953628563,980.9589739967214,945.1946026634348,18.956050182194428,627.9847984244196
2023-08-01,954.4470700773103,962.4340748478318,950.4535676920495,958.3407592773438,8409096,957.9690283203125,960.776235460863,960.7265832526435,48.95096935683389,0.049652208219413296,283731549.11970145,922106313.0,37.02930867267858,25.90658248499604,14.330005065232944,980.4247098112517,944.7494173860139,18.45779710887927,628.1976170560217
2023-08-02,949.9543860919007,957.3423899272404,935.0785652353426,943.7145385742188,9324465,958.5687316894531,958.1513590167638,959.4664317949824,42.78357325591893,-1.3150727782186777,281640866.47773343,912781848.0,16.198542145413295,25.901630757953573,13.9592306978853,981.1957035580035,941.9552485904339,18.800968318387977,628.4248982485163
2023-08-03,942.5663725667334,945.0623115481472,925.6439550215555,934.0302734375,17076611,958.9438317871094,954.4404227738,957.5822719166505,39.25682135468165,-3.1418491428504467,279314205.82652915,895705237.0,13.365101264810347,22.197650694300737,14.221845778489747,980.8234640697616,937.8946999927383,18.845067476116817,628.8265754343387
2023-08-04,945.4617140197354,953.2989382779123,933.1317994626262,950.7031860351562,12376086,959.5855676269531,953.8654632755472,957.0727099995028,47.30981030733398,-3.2072467239555635,288504390.9126433,908081323.0,39.93637535611385,23.166672922112493,13.786659107303832,978.6350525463251,937.6420836841437,18.93950114320034,629.1272767624213
2023-08-07,950.7031813527487,953.4487142996851,943.0156769141249,945.861083984375,10922609,960.0127722167969,952.6340203076745,956.2422191835674,45.42627459579909,-3.6081988758928674,283539638.2349435,897158714.0,32.219618009982405,28.50703154363553,13.370353487689714,978.3719278063072,936.2429159436929,18.331896589083183,629.3936373871495
2023-08-08,948.4568591177451,958.3408023397985,942.5165118655419,951.3521728515625,11512735,960.4929504394531,952.4368130067342,955.8799935293448,47.956717543161744,-3.443180522610646,284883419.44303244,908671449.0,40.970652149647634,37.708881838581284,12.577760724298091,978.3734338499548,936.2114599488732,18.152781866595568,629.6768101209184
2023-08-09,950.4535382401315,951.7514142879215,942.766034199517,948.456787109375,7701831,960.7626232910156,951.8245013302173,955.3301263871248,46.726425678652745,-3.5056250569074336,286937261.9355863,900969618.0,36.356336102280416,36.515535420636816,11.841781729720156,978.3734338499548,936.2114599488732,17.497967453867638,629.8641558709253
2023-08-10,946.4601097989824,950.4037057770142,935.7774782290276,938.2235107421875,13590891,961.2784375,949.7320412397512,954.0629696726851,42.569692301781075,-4.330928432933888,277892144.7736788,887378727.0,20.04777635832657,32.45825487008487,11.718444854168581,978.91583502655,933.6323766433718,17.29284317487614,630.1877853640866
2023-08-11,935.9771127935795,944.163804794016,931.4844226521703,935.6776123046875,9558237,961.6465893554688,947.5698214035876,952.7010913491298,41.57869712923809,-5.131269945542158,274655903.5990799,877820490.0,15.990430960801772,24.131514473802913,11.927529049336556,979.6438893427105,930.9225474248676,16.96331024394539,630.4118039682153
2023-08-14,933.4811853346018,941.7676906214929,927.3911185533472,938.4231567382812,7172522,961.9419909667969,946.1626422243097,951.6434665631409,43.11659914705612,-5.480824338831212,278491226.33581007,884993012.0,20.365948030634385,18.80138511658757,12.421691556478141,979.1662481258187,928.9142328312126,16.778543231388273,630.5790102206959
2023-08-16,934.4296152490268,938.4730240697854,929.7871445321507,931.5343017578125,7394623,961.6059228515625,943.912128306387,950.1538987997833,40.25332804371764,-6.241770493396302,274071447.49511856,877598389.0,9.387323102977323,15.247900698137821,12.880556741681042,979.1650013129031,925.8604442437374,16.20049582469159,630.7497383969462
2023-08-17,934.4296245222275,941.4681600853991,930.1366217694853,935.0286254882812,9336994,960.9936584472656,942.5454355651399,949.0335081841165,42.34482410975766,-6.4880726189766165,272796308.48725647,886935383.0,22.06559106139631,17.27295406500267,12.966361105147529,978.3839209291068,923.8710290220652,15.852713145493178,630.9666598156001
2023-08-18,933.3314350729253,944.4134411482146,929.5376198590476,941.5181274414062,6648744,960.3406359863282,942.3873881614886,948.4768133142861,46.117292880718686,-6.089425152797503,276856933.2483842,893584127.0,43.147922580325755,24.86694558156646,12.714207432688513,974.3363260655641,924.4392842859985,15.782935155755593,631.1224303013054
2023-08-21,942.6662329755741,952.6998953477062,942.4166390810633,951.0525512695312,6822155,960.17052734375,943.7204901781105,948.6676087183783,51.17229596321845,-4.947118540267866,281493314.3362632,900406282.0,69.06364091216797,44.75905151796334,11.99057026458667,971.623272581582,925.2853761000587,15.454280352223046,631.2874155411693
2023-08-22,952.3005472024149,957.5420191327795,947.1090428011483,955.495361328125,10860061,959.836943359375,945.5320088165743,949.1733681709521,53.367663173659594,-3.641359354377869,288092495.62214255,911266343.0,91.29750650275713,67.83635666508361,11.768461168402649,969.0041766623648,926.4618206520882,15.095615779323625,631.5535487611435
2023-08-23,960.4373227378255,978.8573646594484,956.8431949689281,977.6593017578125,12677151,959.9576086425782,950.4746692690724,951.2834373255344,62.44035669106951,-0.8087680564619859,299389805.8627541,923943494.0,97.74856956209251,86.03657232567252,13.08898652759606,972.9395512215634,924.1987300284367,15.686072033037897,631.8807469667345
2023-08-24,983.2002673424388,992.6349288407245,977.5095143009324,979.755859375,11899556,959.887822265625,954.9794677469074,953.3925056254948,63.17030432076107,1.5869621214126255,291024765.7510781,935843050.0,80.26008994723571,89.76872200402845,15.01446651157303,974.2177392345711,923.3748022693351,15.646025069234621,632.1983088262809
2023-08-25,972.4177974819816,986.5947426509533,969.222983496071,981.5029907226562,6228241,960.015546875,959.0600097431765,955.47476378084,63.80164320317466,3.585245962336444,293601947.8296521,942071291.0,82.9379399071947,86.98219980550765,15.96872324458422,978.8786389985675,921.03012564987,15.769291789638027,632.3623100215478
2023-08-28,978.5079223942115,990.8878044769428,978.5079223942115,988.591552734375,8451441,960.2960144042969,963.6033240495146,957.9278592588796,66.32397654356518,5.675464790635033,298918199.65841925,950522732.0,93.8026671211572,85.66689899186254,17.082142601996438,985.4083719052005,918.5188558780026,15.52719109628755,632.5890207814364
2023-08-29,988.5915631342557,989.3902514527667,975.9121804188492,979.1069946289062,8114141,960.2990222167969,965.9885041386518,959.4966841011038,60.27230857149518,6.4918200375479955,294650777.21391153,942408591.0,79.26556687564361,85.33539130133182,17.851803583025664,988.7798172086084,917.823057547251,15.380825377546838,632.8036260640458
2023-08-30,981.4032174251885,996.3788514652473,978.4080906171766,981.7526245117188,9023083,960.6721020507813,968.413753426816,961.1452722796679,61.33217455540091,7.2684811471481225,288986261.74278796,951431674.0,78.79880040092524,83.95567813257536,18.954937941690726,992.0226543081785,916.9214069711184,15.565820768298538,633.0447254036769
2023-08-31,980.2052069299485,993.0842772674946,967.0266360827881,971.918701171875,21558300,960.664990234375,968.9529761568251,961.9433040494611,55.414347573196,7.009672107364054,275522678.0728264,929873374.0,64.5442033519078,74.20285687615889,18.867483986488317,993.827292800876,917.9371847381865,16.31523651232768,633.6061154915809
2023-09-01,972.6674663874048,991.3870096204188,967.4259942821609,989.5400390625,10946742,961.1868371582032,972.120216603852,963.9875066430195,62.412916894319494,8.132709960832472,284781819.61903,940820116.0,90.08691529046084,77.80997301443129,18.786276742371797,997.9016005978974,919.413853503665,16.861363571322695,633.8949757176875
2023-09-04,992.135738179592,992.9344264608617,978.408073877736,980.6544189453125,6727188,961.51900390625,973.4331708102305,965.2220927394857,57.51066026188905,8.211078070744861,280135206.97282034,934092928.0,76.47495095156758,77.03535653131206,18.81711328554177,1000.3451729180729,919.9654044745052,16.694577072165764,634.0728714812215
2023-09-05,983.8492151605458,984.5979968361559,976.3114918132721,979.855712890625,10548660,961.9987622070313,974.4212542072144,966.306064602533,57.07668574553232,8.115189604681404,278610081.745703,923544268.0,75.2800207632773,80.6139623351019,18.62687748711507,1002.357204413981,921.3528358692222,16.094000497217046,634.3484790244615
2023-09-06,979.8557450584462,981.5529957660837,960.2376401390118,963.4823608398438,16351052,962.1081689453125,972.7383475353112,966.0969013608523,48.926052400502904,6.641446174458906,267237093.24443227,907193216.0,50.784134530590684,67.51303541514518,17.594963419085335,1002.6787298853648,922.2443291966664,16.46695443506382,634.7602391141903
2023-09-07,963.4823594503813,978.2083995329203,961.5355148454876,976.6110229492188,8686550,962.2268188476562,973.3341437528354,966.8757251822128,54.53265483054754,6.458418570622598,274259181.2364137,915879766.0,63.36727564968708,63.143810314518355,16.63675749877201,1003.9979301255249,923.7405525404907,16.48166373880446,634.9809926242089
2023-09-08,976.6110161977904,985.6962097098066,970.9202631366767,978.7075805664062,6439351,962.2886608886719,974.1608263395387,967.7521589143753,55.37511325141006,6.408667425163458,274607249.2393541,922319117.0,64.13367257154088,59.428360917272876,15.792825926622399,1004.7060281941137,927.0808614543237,16.359826798399133,635.1475167981897
2023-09-11,980.205140866197,1002.3690911240707,977.4097014048458,998.7749633789062,7130484,962.5673413085938,977.9476166532876,970.0501444302664,62.531361646009714,7.897472223021168,279684167.7740806,929449601.0,92.10531137505477,73.20208653209424,16.176028924389954,1007.7812882026966,930.3153365531629,16.97408129274383,635.3394578868923
2023-09-12,1008.359363575727,1008.359363575727,996.4287628788912,999.274169921875,8958327,962.9627221679688,981.2286248484548,972.2148870592745,62.69164506442913,9.013737789180368,274998900.84655654,938407928.0,81.12039011695015,79.11979135451526,16.8825594944363,1010.2792830024613,933.9024430717574,16.613832678750395,635.586038063835
2023-09-13,1001.3208651433481,1015.3480307656412,992.0858904289113,1012.8021850585938,12254423,963.8560607910156,986.0860956500147,975.2213535777425,66.8323465959642,10.864742072272179,284571036.6850753,950662351.0,95.38046150988946,89.53538766729811,17.921825357338367,1013.5016285484065,938.8068858558903,17.088711797177503,635.9277703366371
2023-09-14,1012.8021036052967,1020.7392015303601,1007.4108511825343,1019.2416381835938,7855558,964.9619677734376,991.1869483474884,978.4821154003982,68.61780887428559,12.704832947090154,290661305.59494925,958517909.0,97.52475256451727,91.34186806378563,19.1653182231803,1017.2016937254547,943.5281219483735,16.820114550795235,636.1518425027136
2023-09-15,1019.3415327961677,1030.0740709720333,1012.9019977034457,1025.4815673828125,8986157,965.9044360351562,996.4630435836922,981.9635562879845,70.28696989763782,14.499487295707695,294840942.423469,967504066.0,93.42391423152564,95.44304276864413,20.76277121127462,1021.8690890875476,947.2570705804211,16.845254459208977,636.4125749451947
2023-09-18,1019.8906349456726,1028.22710820011,1017.344789220694,1023.08544921875,6397319,966.8638757324219,1000.5587982967779,985.0096224310042,68.77426510450495,15.549175865773691,295193073.30590105,961106747.0,89.99287095585824,93.64717925063371,22.246120414505068,1025.7420373845177,950.5874120783728,16.419330496366623,636.598010289456
2023-09-20,1010.6556520627737,1045.7984869128225,1010.6556520627737,1025.63134765625,13619788,968.1268225097656,1004.4161135828506,988.0186391143558,69.52475372636765,16.397474468494806,293181102.3762077,974726535.0,76.42947677938899,86.61542065559097,24.346242557587676,1029.4889270005506,953.8541210951525,17.756723664486774,636.996774704967
2023-09-21,1024.932412581354,1031.9210420949819,1010.4559657316963,1012.8021850585938,8156588,969.3498327636719,1005.7062784252727,989.8544573324475,61.5029944772917,15.851821092825162,286807610.23696804,966569947.0,61.435278987528044,75.95254224092508,26.273464019155746,1031.7410452713423,955.1162911544392,18.02160600011526,637.2297186145878
2023-09-22,1008.3593486258594,1025.5813275999149,1006.3625974404616,1016.595947265625,7108110,970.7126159667969,1007.3816120930192,991.8353084386088,62.867395560466385,15.546303654410394,287269175.8213836,973678057.0,65.86927228011486,67.91134268234396,27.5812143514785,1034.311955098511,956.2293901163329,18.1071148686394,637.4313098290471
2023-09-25,1013.5509522256357,1024.3333968473526,1003.5172893267603,1017.2948608398438,7123890,971.8867065429688,1008.9067272848383,993.7212012090706,63.12667344739509,15.185526075767712,289575473.84565717,980801947.0,66.68613373085108,64.66356166616465,28.4620867065568,1036.6899812200993,957.4305510064634,18.300614343778893,637.6325305827285
2023-09-26,1017.3447217274799,1019.0419724102037,1009.3577170426714,1012.5026245117188,6387615,973.0268518066406,1009.4599422428199,995.1124177500075,60.031474878914736,14.347524492812454,287336542.9438167,974414332.0,61.085164936334834,64.54685698243358,29.28003960770093,1038.2326428780148,958.2789965262821,17.68516013118985,637.8120968407768
2023-09-27,1008.3095002372424,1026.2802010071555,1002.3691529305806,1023.53466796875,5158686,974.2318908691407,1011.6252846621937,997.2177696180624,64.3633408872532,14.407515044131287,291310559.59746253,979573018.0,73.57817034238793,67.11648966985796,30.41287684712044,1040.8860729802866,960.0683337579947,18.129866413003064,637.9584406084274
2023-09-28,1025.331774526227,1036.2639389527453,1023.5346496390068,1029.2254638671875,15818489,975.57470703125,1014.333004539885,999.5887099328124,66.38712543744914,14.744294607072561,289635842.5003232,995391507.0,77.86669847407,70.84334458426424,31.913153915027603,1044.1486729328183,961.5530177410097,17.744110905912738,638.4209838318588
2023-09-29,1029.2253641566097,1039.3089326930617,1022.8357363535464,1035.015869140625,9528626,977.0203527832032,1017.5149837092297,1002.212943948206,68.35626145396473,15.302039761023707,294197976.73487574,1004920133.0,84.233353915987,78.55940757748165,33.431960534054085,1047.008828992014,965.002578478689,17.653331294027208,638.7010081948662
2023-10-03,1033.3187874181458,1043.0029823775053,1030.9226615076984,1039.3590087890625,11589322,978.2813024902343,1020.8756029522809,1004.964504306788,69.78600369564447,15.911098645492984,298795566.6888321,1016509455.0,88.01123284798045,83.37042841267915,34.99339594622676,1051.213182421882,965.7801220214774,17.25525912086861,639.0456980319021
2023-10-04,1033.6681363421294,1035.31548042985,987.2436716941178,993.9328002929688,22584212,978.7655151367187,1016.7305563893099,1004.1473410465051,46.248694280323946,12.583215342804806,282496481.1421425,993925243.0,11.423703710560432,61.22276349150928,32.59552799814623,1050.5166103168733,967.8045322612517,19.745264690445477,639.6614741707305
2023-10-05,998.3755796590767,1007.5606471791422,987.2936350992647,1001.6203002929688,7950412,979.3994836425782,1014.4059016052573,1003.9601528425394,49.36136918459215,10.445748762717926,285786294.4330819,1001875655.0,24.552427576030535,41.32912137819047,30.368936332071456,1049.557847755367,970.9397535629923,19.782532361119188,639.8738113927342
2023-10-06,1003.3674445023389,1006.3625712023459,997.776565703396,999.3240356445312,5289753,980.1672351074219,1012.0856145343763,1003.616736753798,48.458680855163806,8.468877780578282,282403303.2595287,996585902.0,20.630863414550635,18.868998233713864,28.301386927859166,1045.4894276641387,978.5923411346894,18.9827804423928,640.0158654532386
2023-10-09,993.1839960811092,998.0760607053262,986.6446483425394,994.6316528320312,6823214,980.5556030273438,1009.4003896570924,1002.9511749818153,46.583932601628604,6.449214675277176,285114701.2779299,989762688.0,13.502089944682366,19.561793645087842,27.114827691815517,1043.357682656794,982.5261491303154,18.532538075221304,640.1948609462188
2023-10-10,998.275738170682,1013.3012780313192,994.881236921684,1010.6056518554688,5728499,981.6009008789063,1009.5858146106888,1003.5181732687525,53.21900580785692,6.067641341936223,289166559.9533157,995491187.0,40.506253004122975,24.879735454451986,25.404106277305253,1040.6450112979062,988.4286276181093,18.542330012654634,640.3505905154409
2023-10-11,1017.3447668895379,1023.9839892029179,1010.3561374800906,1017.444580078125,7396783,982.9816540527344,1010.7948554518329,1004.5497589583357,55.75306124907661,6.245096493497158,289464558.60665447,1002887970.0,54.650181313870384,36.21950808755857,24.447204625946455,1040.5732070614108,990.3673935245266,18.191295849095535,640.5575149659425
2023-10-12,1020.3398755325106,1029.325256041114,1013.3013396546403,1016.795654296875,4920222,984.270556640625,1011.7180552741471,1005.4568623167461,55.44615216440682,6.261192957401022,286690229.4536938,997967748.0,53.498753060424505,49.551729126139286,23.853212759473273,1040.3249960093299,992.3677530141075,18.036483030336836,640.6959613926159
2023-10-13,1007.3609689365711,1009.8070013159382,990.6381778268708,992.4352416992188,12173162,984.9524462890626,1008.7514685703119,1004.4922978265589,45.35310418478216,4.259170743752975,276799518.39857477,985794586.0,10.274599943083341,39.47451143912607,22.46024695894086,1041.4558355910397,989.2002190964604,18.616553990313076,641.0180437886493
2023-10-16,988.3918390260908,1007.8102565355731,988.3918390260908,1003.1677856445312,4646960,986.1415112304687,1007.8924404278841,1004.3941858130753,49.69762732507261,3.498254614808843,279224528.3842339,990441546.0,29.318001649481914,31.030451550996585,21.293029075602778,1041.1060897778948,987.942579655699,18.67382995596802,641.1415865505555
2023-10-17,1007.211163850319,1013.0516974641268,1001.4705043545644,1006.4124755859375,6105067,987.5891552734375,1007.6647535291231,1004.5436887592133,50.96680385095827,3.1210647699098217,278329816.68945605,996546613.0,35.07525121507975,24.889284269214997,19.87282940387495,1039.878705230541,987.2630550233653,18.167213038367628,641.3070153565277
2023-10-18,1008.359348402586,1012.4526639573409,987.7428680435152,991.2371826171875,7818946,988.3998352050781,1005.1374349272868,1003.5580216375818,45.22016073088226,1.5794132897050304,272722289.7601631,988727667.0,8.148811268620486,24.180688044394046,19.33741397695105,1039.6119961537406,984.3449374400092,18.634540386614635,641.5129747709274
2023-10-19,978.108604901474,997.3772421369372,978.108604901474,989.7896118164062,4836625,989.2784057617188,1002.7762313717667,1002.5381394286057,44.70238117512642,0.23809194316095272,273749769.1469492,983891042.0,18.000029230955526,20.408030571551915,19.325627494091272,1038.6811948025513,981.6915652072142,18.679833018675247,641.6371367299334
2023-10-20,987.3934807466093,991.2871700097013,976.1617551061651,978.7575073242188,5664400,989.8265124511719,999.0810430567594,1000.7766111245771,40.86231264427551,-1.6955680678177032,270029564.2593101,978226642.0,3.883459840610497,10.010766780062164,19.41050334222438,1040.0523324758365,976.9159597604917,18.42594601045103,641.7797725053985
2023-10-23,978.4080906933191,983.30015552119,959.5387674269721,962.7335815429688,5896695,990.1120483398438,993.4891259007916,997.9586089333469,36.022019979451215,-4.469483032555331,265718537.93733752,972329947.0,4.216089599815904,8.699859557127304,20.241057275936274,1042.8450615357856,968.7369941282768,18.807049016434384,641.9222256437153
2023-10-25,958.4405458687386,972.4178038293244,949.854540353068,953.89794921875,6957048,990.425537109375,987.398175642016,994.6948563618953,33.65474668186293,-7.296680719879305,261254940.37209195,965372899.0,5.0879230552722525,4.39582416523288,21.39009201913716,1045.5737190387676,959.6686454631853,19.075350049278807,642.0850966206904
2023-10-26,954.4470918023892,973.4162285641521,951.2023710405086,970.4710083007812,17540495,991.1214050292969,984.7939960510568,992.9004972462571,41.4298536462311,-8.106501195200394,274144228.6873844,982913394.0,25.942220060834742,11.748744238640962,22.374829211550054,1045.4022484843442,955.6369543965151,19.29952915459057,642.5031573852368
2023-10-27,978.4080497382199,1003.1178448719147,971.7189212926039,1001.12109375,13443016,992.3753637695313,987.3058572355096,993.5094303206084,52.513452636026486,-6.20357308509881,285877481.78980505,996356410.0,64.50999333914832,31.84671215175177,21.233414051117304,1043.0287522468661,955.7690932121182,20.252908255772205,642.8495440487609
2023-10-30,1001.1211166212637,1001.1211166212637,977.6093838107785,987.5931396484375,5270567,993.4965405273438,987.3500545298062,993.0711865671143,48.17979537331639,-5.7211320373080525,285082982.5027349,991085843.0,47.48742850575098,45.979880635244676,20.17352854500118,1038.9848035768161,955.6498094602931,20.485681438251707,642.9839161800487
2023-10-31,996.378856354625,996.378856354625,976.4113442032296,980.2550659179688,7816805,994.4010693359374,986.2585178202928,992.1218442968072,45.9639669684023,-5.86332647651443,280275628.3437383,983269038.0,38.253745800194885,50.083722548364726,19.255287490209497,1033.052380885788,956.1061518290558,20.448669346333393,643.1804636369898
2023-11-01,976.2615345714077,977.7091913467073,966.4275595025264,970.2213745117188,5703984,994.9751342773437,983.7912650035892,990.4995872756896,43.04859792761433,-6.708322272100418,278407943.9873143,977565054.0,25.62809958651762,37.123091297487825,18.940918964817172,1025.0339863362306,957.210782950879,19.975729136984032,643.318327303404
2023-11-02,976.4113002621044,986.744462961027,972.4177980115437,981.353271484375,5193982,995.5811486816406,983.4161890775562,989.8220824022588,47.06048855318143,-6.405893324702674,279692886.2230677,982759036.0,49.84200646233662,37.9079506163497,18.046620967723424,1024.63900398166,956.3478124245901,19.72911194500719,643.4470967521635
2023-11-03,984.3983672192595,989.7896199739728,979.9056769023359,987.2437133789062,4268048,996.2161157226562,984.0050389700715,989.6310921042327,49.10361381107852,-5.626053134161225,281762206.150171,987027084.0,59.162745185092376,44.8776170779822,17.018875609903144,1023.556310700719,955.9928470141247,19.02588559690931,643.5545558636666
2023-11-06,993.3836824986804,1014.5492565642459,991.4867445597067,1007.7603149414062,6552178,996.8181359863281,987.6596968118153,990.9739974995789,55.539801399032385,-3.314300687763648,284456837.84856266,993579262.0,89.5061884178006,66.17031335507653,16.91323063375066,1024.6485714726712,955.74421417186,19.617289710368617,643.7285247863425
2023-11-07,1006.3625690269995,1020.5395142302563,1003.6170362245946,1019.2416381835938,6559859,997.6078515625,992.5184570228581,993.067896809506,58.68818219514971,-0.5494397866478948,290010474.9627685,1000139121.0,98.1638586315141,82.27759741146902,17.092844636729698,1028.1104994549669,954.7432847247205,19.424803160032408,643.9072876082432
2023-11-08,1022.336595889503,1025.2817551073692,1013.9502166269431,1020.0403442382812,7643314,998.3785986328126,996.7525935175386,995.0658558783042,58.9061899695025,1.6867376392343658,290582948.7331467,1007782435.0,93.05103484708867,93.57369396546778,17.476966093783187,1029.7797285759523,954.0175248420163,18.84671282577482,644.1183294843063
2023-11-09,1023.0853973586273,1027.1787129492586,1014.998579363083,1020.2400512695312,4407935,999.0115686035156,1000.3660485563067,996.9306110924692,58.964500697090116,3.435437463837502,289968743.46599185,1012190370.0,91.02652967790152,94.08047438550143,17.922297673552503,1030.3140825561425,953.762717980967,18.370528594374882,644.2402699730796
2023-11-10,1016.2466262128621,1029.3253232099892,1014.9986566163417,1027.5281982421875,3294063,999.9799926757812,1004.5448408156731,999.1970990294853,61.1320649003083,5.347741786187726,292436397.50000995,1015484433.0,97.73863437203431,93.93873296567483,18.440086944713183,1032.4898969535473,952.6601579780934,18.08168130860864,644.3321055596291
2023-11-13,1028.3768869198957,1030.1738899664845,1021.8374776642931,1023.6844482421875,5985481,1000.8186291503906,1007.4893958043676,1001.0109767489448,59.35146483646923,6.478419055422819,289103138.31937456,1009498952.0,91.92045035781393,93.56187146924992,18.964078051889942,1036.2918111930985,951.9831643928391,17.38559066529312,644.499424678859
2023-11-15,1043.302542722266,1043.302542722266,1029.8744391269477,1039.658447265625,7240388,1002.1734240722657,1012.438480644561,1003.873752342773,64.03926493067247,8.564728301788023,292413758.45188254,1016739340.0,96.0433347841817,95.23413983800998,20.079703310274223,1042.4571130007405,949.4669287473063,17.545055223492078,644.7082021281203
2023-11-16,1041.1062144920775,1042.3042165669049,1020.4897321941974,1024.682861328125,6908825,1002.8762805175782,1014.3222315189555,1005.4151678231694,57.36055774995554,8.907063695786064,288160929.79759055,1009830515.0,75.77927094836758,87.91435203012107,20.311071371982546,1044.8504341835385,948.900646138727,17.85001444843604,644.9029307889965
2023-11-17,1013.251408286068,1018.3430994087075,990.2388022417986,992.7347412109375,13268353,1003.1178869628907,1011.0010791638758,1004.4758769630041,46.27332962613659,6.525202200871718,277249298.1994682,996562162.0,34.220731643237706,68.68111245859566,19.177704008384353,1044.8945424198157,949.006293761825,19.035303351142495,645.2484428984797
2023-11-20,979.4064896291164,993.1341544939486,978.7575210974649,987.093994140625,8215656,1003.2626525878907,1007.3230660833757,1003.1883300872723,44.63296149502017,4.134735996103359,278561546.66597956,988346506.0,26.88317287696263,45.62772515618931,18.700427442842365,1044.8545878975374,948.7766865165252,18.702541211524014,645.453559177209
2023-11-21,988.3419333306163,995.8796568923234,985.0473060514076,990.1889038085938,7061614,1003.7967834472656,1004.6870411180246,1002.2254096221851,45.76890051164659,2.4616314958394696,278203552.0811433,995408120.0,30.909072510816536,30.670992343672285,18.08657821692211,1044.8213458273,949.9530682352,18.140384756480568,645.6317549461172
2023-11-22,989.3901954825055,998.2757624803141,986.395068755515,996.4786376953125,6103988,1004.1941357421875,1003.4242098222228,1001.7997228127872,48.09937979604199,1.6244870094355974,282460909.1728395,1001512108.0,33.94360772823556,30.578617705338235,17.36265252837041,1043.7801706924809,954.3687489852534,17.693263968503324,645.7871301829741
2023-11-23,997.3772174309884,1001.7700944146982,993.783089670506,997.4271240234375,3112891,1004.5685266113281,1002.5015812377943,1001.4758266061688,48.45907326134947,1.0257546316255457,282188502.71097124,1004624999.0,28.924930933478716,31.25920372417693,16.460496019040253,1040.8995252763234,961.6023118818799,16.999959738195383,645.8672120384953
2023-11-24,1000.3723748528136,1009.1081615593627,998.0761231057231,1006.86181640625,6956281,1004.730263671875,1003.172386648326,1001.8747888135822,52.021057737654466,1.297597834743783,286311905.96608186,1011581280.0,43.5421580182509,35.47023222665506,15.419347585638375,1040.1593382263031,965.9815797424469,16.62003672374751,646.0496062185905
2023-11-28,1011.4043930220315,1020.28996026832,1007.6105779156203,1019.4912719726562,6173384,1005.1346057128907,1005.6829843905307,1003.1797134920322,56.36802381283884,2.5032708984984993,291707553.4157856,1017754664.0,63.1090514028732,45.19204678486761,15.110912810558762,1041.7431589717157,966.2347768192999,16.39204437648483,646.2163295361654
2023-11-29,1025.481463521349,1061.7723901404636,1019.4912102624464,1058.4278564453125,9422396,1006.047119140625,1013.7975800912664,1007.2721685256084,66.45786250026981,6.525411565657919,299639285.20054966,1027177060.0,95.97116307752201,67.54079083288202,16.557318297133488,1051.2817866168984,963.7796208538047,18.241268340879994,646.4916682544285
2023-11-30,1060.973597017865,1079.1441042738957,1053.7353746297888,1072.5048828125,24755589,1007.1123840332032,1022.82947281761,1012.1042214357485,69.22841837688509,10.72525138186154,311457758.4863518,1051932649.0,93.38634581303845,84.1555200978112,18.40636133737547,1062.3885294064883,961.897859753668,18.753229862539058,647.2527642035676
2023-12-01,1073.6531055819628,1107.1985001480225,1068.4614795274906,1102.8555908203125,14428758,1008.6598645019532,1035.1411832795643,1018.8265450938644,74.180297150104,16.31463818569989,322651224.4219819,1066361407.0,96.61875099379263,95.32541996145102,20.781422090559662,1079.1316389487772,958.4181718422385,20.180643488109975,647.7207026437403
2023-12-04,1118.67979349121,1127.165985588198,1097.3145325432133,1123.771484375,14043213,1010.6735852050781,1048.7766142173236,1026.6002442998745,76.93494994245435,22.176369917449165,333500642.9025752,1080404620.0,97.71273072270753,95.90594250984618,23.364209820889027,1099.1412008376788,952.6504312423996,20.871415599315316,648.1989296991391
2023-12-05,1134.953382736085,1149.9788617561794,1125.319034229928,1130.6103515625,15804808,1012.7731652832031,1061.3664199627353,1034.3046966896986,77.77006487997599,27.061723273036705,324478384.73341614,1096209428.0,88.6880279530777,94.33983655652594,26.127065263419468,1117.0497196066478,949.0785762917895,21.25255572659132,648.7580390853458
2023-12-06,1133.2560683014217,1143.8388248118424,1116.1339031558173,1118.6798095703125,7342767,1014.8907177734375,1070.1838645177472,1040.5547050512257,72.81687929637116,29.629159466521514,318485125.07637435,1088866661.0,81.720121997962,89.37362689124906,28.126792318047556,1129.5413957044368,947.6788496568914,21.713439007265162,649.0125173838309
2023-12-07,1117.4319299515028,1127.7650934037656,1106.6993918706642,1116.0341796875,6439419,1016.879482421875,1077.2377591592476,1046.1457772465053,71.72593653843029,31.091981912742312,317752671.0150209,1082427242.0,80.17497004865804,83.5277066665659,29.418962633654036,1139.8794014982197,947.0200980134989,21.667172044824895,649.231080742623
2023-12-08,1114.037385715821,1132.5073342632686,1109.6944762425824,1129.3624267578125,7300989,1019.1208337402344,1085.256938789796,1052.309973506602,73.85136981118242,32.946965283194004,323040678.1183614,1089728231.0,87.9591907649757,83.28476093719856,30.722626574155008,1151.6084150461186,946.2232927175535,21.749006757386418,649.4823576848833
2023-12-11,1127.166096859431,1137.5492278833829,1112.0406815484266,1114.6864013671875,6924589,1021.1645092773438,1089.784548417087,1056.9304496444233,67.80696355582856,32.85409877266375,317552511.4149129,1082803642.0,78.60175377708461,82.24530486357277,32.04532973749037,1159.2660731940764,948.0102695793612,22.017545298641405,649.719215196283
2023-12-12,1118.1807098253757,1132.0581555092208,1107.1985778538765,1129.162841796875,9044111,1023.2770727539063,1095.842747398593,1062.2809972112716,70.38202976571347,33.56175018732142,324489946.35168153,1091847753.0,87.27501082016121,84.6119851207405,32.95269028368402,1168.5306801809163,948.9091269479898,22.220547609834473,650.0291184503839
2023-12-13,1148.131864847023,1149.1302403816726,1109.6444392374763,1113.0389404296875,8184523,1024.9533422851562,1098.488315557223,1066.0408448570802,64.22044020311154,32.44747070014273,317712631.627878,1083663230.0,76.35024249809376,80.74233569844652,34.20001933248103,1174.1974445669541,952.1778117807022,23.453780005146033,650.3098877918562
2023-12-14,1130.560544254832,1136.7504241736842,1116.084098177239,1118.6298828125,9421193,1026.6256225585937,1101.587018211881,1069.9363291500742,65.35308848952809,31.650689061806816,310612540.9263083,1093084423.0,79.36246625821762,80.99590652549085,35.3582534492211,1180.1178741658596,954.1545257364841,23.47218741506394,650.6325900521647
2023-12-15,1117.3818730335781,1126.0178459635727,1106.7991165190488,1118.530029296875,12048410,1028.20904296875,1104.19363530188,1073.5358624942817,65.31332130221287,30.65777280759835,313272579.4977368,1081036013.0,77.9102257813794,77.87431151256358,35.78091931983199,1185.1625503639682,958.4945663352509,23.168368988596793,651.0388020838277
2023-12-18,1117.8810894625565,1118.1806508857087,1105.401394698207,1109.544677734375,7922468,1030.5212805175781,1105.0168725991869,1076.203182141696,61.676397876168494,28.813690457490793,310487347.46630394,1073113545.0,69.01301881140348,75.42857028366682,36.07496029742706,1186.0271784687795,969.3109318827829,22.451245103601877,651.302047078991
2023-12-19,1121.974580081625,1125.0195526254015,1112.3900765501955,1118.4302978515625,6824641,1032.85748046875,1107.0804764841678,1079.3311166387232,63.821837255303684,27.749359845444587,310190664.03111684,1079938186.0,67.22005317285924,71.38109925521404,36.55787072534013,1185.5300858005446,982.9416549221116,21.95293294556078,651.5323028738102
2023-12-20,1120.1774467497467,1122.0244172741716,1100.908748515848,1108.446533203125,9848057,1035.0399304199218,1107.290639056315,1081.4878141620122,59.77286087148742,25.80282489430283,307373644.89249355,1070090129.0,49.05095402040801,61.761342001556905,36.17775959658845,1182.1755645968992,998.12193906521,21.893128360758123,651.8583726614345
2023-12-21,1102.106920689418,1102.106920689418,1075.4502173174362,1093.6207275390625,10914682,1037.0197119140626,1105.1875757459686,1082.386548486238,54.2670555478901,22.801027259730517,311338922.9595178,1059175447.0,24.3805725415562,46.88385991160781,34.302237907455776,1176.3825193063756,1013.6291933401086,22.686213183967453,652.2034278668274
2023-12-22,1093.6206690285596,1104.5029875664939,1084.0362875341675,1086.5322265625,10600025,1038.538243408203,1102.317522025435,1082.6936357511465,51.80980440797887,19.623886274288452,303324269.9107373,1048575422.0,14.869463048093317,29.4336632033525,32.6648911941338,1167.6725677174716,1031.2496551829192,22.5276765302788,652.5390072201061
2023-12-26,1089.4274397564448,1098.8621625922465,1084.9347494171177,1092.4725341796875,5687517,1040.0388024902343,1100.8029085107046,1083.417998597705,53.70178530427237,17.384909912999547,303793140.8114014,1054262939.0,23.10302868310821,20.7843547575859,31.14449781747768,1157.354639887798,1050.1286547899363,21.91337200491094,652.7190170142561
2023-12-27,1094.2696605556087,1108.7461072242813,1087.8800321343413,1104.5528564453125,6132936,1041.793946533203,1101.3798235775673,1084.9835436234537,57.36745698913992,16.396279954113652,307461124.6295927,1060395875.0,39.49868352036719,25.823725083856232,30.18790639271067,1145.1767746596004,1070.8126784653998,21.83856508241302,652.9166242703773
2023-12-28,1105.4512920325003,1111.1919512595825,1096.2163184932808,1106.05029296875,14097667,1044.0662475585937,1102.098357330057,1086.5440435749572,57.81333809309392,15.554313755099884,311878347.73208296,1074493542.0,41.531034300349965,34.71091550127511,29.410110079508843,1139.8581647469234,1080.8935320304201,21.348355631262212,653.3743486803725
2023-12-29,1099.6606827129087,1105.0519349686435,1092.1728662110586,1100.5093994140625,8786731,1046.0130798339844,1101.853902266058,1087.578514377854,55.50026705677827,14.275387888204023,314466798.6037107,1065706811.0,34.01082281798278,38.346846879566634,28.41184314185268,1136.148021303186,1087.404127134314,20.814717854578586,653.6558586849321
2024-01-01,1093.221182919986,1102.2065625056298,1091.2244319009542,1095.916748046875,4083732,1047.803165283203,1100.9404939246451,1088.1961613162998,53.58651873125462,12.744332608345303,313872764.96716946,1061623079.0,27.777584585709835,34.43981390134751,27.417961581744333,1136.4870443995237,1086.3712197606324,20.112390193871228,653.785752603199
2024-01-02,1093.3210915732434,1097.5641878592241,1080.5419570586787,1091.47412109375,7895577,1049.8079040527343,1099.4841288737382,1088.4389731516665,51.72837362252732,11.04515572207174,316118719.23024815,1053727502.0,21.747962486851655,27.845456630181413,25.762105510793685,1135.6336661886928,1083.9948616433383,19.89166452291939,654.0329413002261
2024-01-03,1089.2277993642253,1100.8089321599628,1079.5436046173127,1096.8154296875,10225290,1051.9484204101564,1099.073559768163,1089.05945141358,53.80249930722945,10.014108354582959,322503511.51726913,1063952792.0,34.8534099080061,28.126318993522517,24.419345379545753,1132.6707813312605,1083.578254313271,19.98978331004301,654.3545060769685
2024-01-04,1101.2083083004443,1128.164450026747,1098.2631489717503,1121.5751953125,11411683,1054.804774169922,1102.5353498519073,1091.4680250357223,61.96170254472571,11.067324816184964,328885681.86382705,1075364475.0,87.50004623877749,48.03380621121173,24.537869182765316,1133.0954130229975,1083.4431611957525,20.801157383557584,654.7321385018683
2024-01-05,1122.174233462395,1138.0484307122917,1117.182355199662,1135.1031494140625,8025466,1058.2521655273438,1107.5457805537774,1094.700256471155,65.54252654594674,12.845524082622433,334645532.089067,1083389941.0,95.29494351595775,72.5494665542471,25.038801094749026,1136.5110626551277,1081.9344085362786,20.805794392777024,655.0054580799894
2024-01-08,1143.1400058358747,1144.138381386823,1116.6830537357432,1120.1773681640625,4735538,1061.57775390625,1109.4891017245905,1096.5874499298889,58.94886039981151,12.901651794701593,331115403.76179427,1078654403.0,65.11624157175632,82.6370771088305,25.732868105016383,1134.9682246721666,1082.5587406598645,21.28076105408437,655.1655314005963
2024-01-09,1126.7168353593506,1133.7054645793887,1110.543077469764,1114.736328125,6359362,1064.4630603027344,1110.2963673246534,1097.9318112776748,56.709176893070655,12.364556046978578,327058602.2662167,1072295041.0,57.19487678820189,72.53535395863865,25.91171039790415,1134.9729868848028,1082.5589711230098,21.41516291519439,655.3769829553021
2024-01-10,1113.4383808745924,1114.187162569868,1097.264745005451,1105.2017822265625,5934163,1066.5446740722657,1109.51258500187,1098.470327644259,52.91520184337809,11.042257357611106,326690981.0948712,1066360878.0,43.31396145494889,55.20835993830235,25.150267222244135,1132.0709918679856,1083.0648601827954,21.133478644076863,655.5681314771497
2024-01-11,1109.2451929528,1126.0677964347826,1109.2451929528,1123.9212646484375,4683035,1069.2712365722657,1111.7293049474958,1100.3555822371611,58.75020891157345,11.373722710334732,330178923.61173296,1071043913.0,68.70162302669598,56.403487089948904,24.98134315497922,1133.5426521972418,1082.6814322754144,21.114374041515667,655.7236191590238
2024-01-12,1124.520282630233,1127.6152224780649,1116.2338386422973,1118.530029296875,5616755,1072.0367358398437,1112.7755702320158,1101.7018375749178,56.57565874767595,11.073732657097935,326828525.76586413,1065427158.0,60.35538263205894,57.45698903790125,24.89240990320564,1133.529435760085,1082.6846633610085,20.419160455390802,655.9103921746547
2024-01-15,1120.1774576314062,1128.6136829619059,1114.7862048512886,1117.6815185546875,6719079,1074.9859387207032,1113.5303315124268,1102.8855176474933,56.222941000328504,10.64481386493344,322923241.3489823,1058708079.0,59.041792300730464,62.699599319828444,24.701510253165853,1133.4200358789142,1082.709212167961,19.94832600219269,656.133415900845
2024-01-16,1114.8361330321468,1125.9680452958034,1113.288602110393,1117.2821044921875,5229753,1077.7045153808594,1114.1075273554668,1103.951931487841,56.04581123699383,10.155595867625834,320987801.9487669,1053478326.0,58.42345428258822,59.273543071792524,24.406653365109147,1134.1196178106509,1082.7833729120055,19.42912008670825,656.3062911094262
2024-01-17,1080.2424307499423,1113.1888265121863,1077.4469302394873,1080.5419921875,24913719,1079.5704809570314,1108.9435988680873,1102.217861910038,42.71491517171288,6.7257369580493105,300388879.4034407,1028564607.0,4.640867599619388,40.70203806097934,23.413232219320555,1134.4921842781575,1078.6219758780924,20.8866953842791,657.0775183182429
2024-01-18,1064.2684519148634,1106.9490113138881,1064.2684519148634,1095.71728515625,11473135,1081.3296203613281,1106.9087813739586,1101.7363377060537,48.19593428285656,5.172443667904872,305823522.29817754,1040037742.0,39.37506073850674,34.146460873571435,23.082720103901085,1134.232027624345,1077.6092077272174,22.443399956760935,657.4306027478658
2024-01-19,1105.3515730836875,1124.47049025291,1103.2050411631287,1114.736328125,12303696,1083.2395141601562,1108.1130193356573,1102.699299959309,54.12071952447051,5.413719376348354,306863297.07733965,1052341438.0,63.18758078765377,35.73450304192662,21.78260063024261,1134.94715275503,1079.0056426551264,22.894100323896577,657.8306441181087
2024-01-23,1124.0712060531346,1139.7456555300578,1077.0477357503332,1087.480712890625,18924087,1084.588321533203,1104.9388183441138,1101.5719972134805,46.00120617834582,3.366821130633298,294237172.36270845,1033417351.0,29.062578531399435,43.87507335251997,21.651473623467343,1134.8586502109442,1079.1889938320246,25.737230285027145,658.4274703379631
2024-01-24,1033.1191433850806,1071.4566698090237,1019.2416978515686,1057.4295654296875,20884046,1085.3321118164063,1097.629702511125,1098.302187451718,39.0456909755867,-0.6724849405929945,303900578.6832101,1012533305.0,30.575565737371768,40.941908352141645,23.095094165627355,1140.0864351881698,1070.456911979799,28.773072053172093,659.0070819616122
2024-01-25,1056.2812991912028,1061.9719909011787,1024.1336562254926,1040.556884765625,20835434,1085.592685546875,1088.8492690118173,1094.0247576231186,35.77494531190517,-5.175488611301262,301151833.60584515,991697871.0,17.066255332584394,25.568133200451854,24.435598954775937,1146.8893963548142,1057.254353645186,29.4205908119231,659.5730665845155
2024-01-29,1034.317019563457,1066.265035611749,1034.317019563457,1059.5260009765625,11188604,1086.3095166015626,1084.3379970063936,1091.4692941678181,41.68883319422796,-7.131297161424527,307620245.2933452,1002886475.0,32.25410153795069,26.631974202635604,25.446927942408006,1148.1794279630356,1051.3118928377455,29.601121185949445,659.885145330817
2024-01-30,1058.3281032541713,1068.7111119938597,1049.0931289565679,1052.3876953125,9426983,1086.5641015625,1079.4225659765639,1088.5743609192762,40.18911462277895,-9.151794942712286,301359522.6546379,993459492.0,27.50614842822562,25.608835099586887,26.248037858006423,1149.9809236606866,1044.6982267299386,28.88803988961676,660.149947154222
2024-01-31,1046.4972120059565,1082.3389189419856,1041.0061464324485,1066.0155029296875,12600390,1087.3907543945313,1077.359940892429,1086.9033344015288,44.30816491565689,-9.543393509099815,304007451.4283922,1006059882.0,38.81516091190454,32.8584702926936,26.238595380243652,1150.2320605666346,1041.4569653122717,29.776949362468212,660.5090315898879
2024-02-01,1070.907636675715,1085.8832710247752,1055.0834074212792,1082.48876953125,9756682,1089.1858349609374,1078.1489914522476,1086.576329596323,48.89021017649659,-8.427338144075293,311613534.8382678,1015816564.0,52.485472592052034,39.60226064406072,26.039231263472537,1150.0674785596534,1040.7230121630027,29.85001466539877,660.7944733431821
2024-02-02,1086.2826608428827,1094.419324788731,1063.2700536557943,1065.3167724609375,8667415,1090.7502905273439,1076.174803915123,1085.0015475862942,44.756415467406,-8.826743671171243,304085135.97747517,1007149149.0,38.23532064589913,43.17865138328522,25.395405604846864,1150.0312629502564,1037.6093620497436,29.942818698794337,661.0476258282417
2024-02-05,1065.3167904650497,1077.7465186098864,1056.2814420465584,1059.7757568359375,12569454,1092.1420275878907,1073.6518735952484,1083.1329704936752,43.47892104821348,-9.481096898426813,295608062.34956837,994579695.0,33.637118452587174,41.45263723017943,25.057484182220755,1147.291978588579,1034.1687025637646,29.33726568911817,661.4055626715754
2024-02-06,1059.8256798919954,1063.3698401921326,1046.4972679713526,1048.3443603515625,8011171,1093.1793420410156,1069.7584100192967,1080.5560364090743,40.88609183502262,-10.797626389777633,289350906.4122432,986568524.0,24.150793932960557,32.00774434381561,25.09515489526753,1141.9754295664318,1030.8093726796621,28.44693044137973,661.6266603707918
2024-02-07,1059.3265523083303,1071.9559070231637,1055.7822699346784,1067.3634033203125,7281793,1094.578067626953,1069.389947450222,1079.5788043284253,46.592602384699866,-10.188856878203296,292497369.6613729,993850317.0,39.933713710163055,32.573875365236916,24.633476824837356,1137.6563933446378,1029.8470124170808,28.10154588639555,661.8337232791998
2024-02-08,1070.2586191313246,1073.8527468360933,1029.9741889516715,1034.21728515625,9869141,1095.125177001953,1063.978768635765,1076.218691797153,39.44581888192681,-12.239923161388106,284536938.37010366,983981176.0,12.427465116653735,25.50399091992577,25.088111231048654,1135.7579271915693,1023.6935742732745,29.228475314825992,662.1007984860395
2024-02-09,1038.2606648365577,1053.1864533000291,1032.869534050738,1049.692138671875,8233454,1095.7291943359376,1061.7808255643972,1074.2537619360214,43.78144563591967,-12.4729363716242,289938242.6332839,992214630.0,25.269245431382245,25.876808086066333,25.510271751102007,1133.1587156780156,1020.7418214313594,28.591935595859223,662.322881731869
2024-02-12,1049.692071971914,1055.5325445334493,1033.6680957322008,1044.9996337890625,8694379,1095.4606298828126,1059.1991037528073,1072.086789480691,42.78116192266833,-12.887685727883763,290255816.08768594,983520251.0,21.375178403864073,19.690629650633337,25.75471039214295,1126.483313850313,1019.5250601731248,28.1114008248156,662.556802726084
2024-02-13,1049.2927030055232,1073.8028715057906,1043.1028233445918,1069.0106201171875,8413609,1095.3907446289063,1060.7085678088658,1071.8589250833945,49.17943196315458,-11.150357274528687,296042710.67983216,991933860.0,66.20177344413716,37.61539909312781,24.905903255069592,1119.7640220271758,1021.292411078293,28.296304205985827,662.7930956942462
2024-02-14,1059.5760583399278,1099.1117071774415,1058.827276650308,1095.0682373046875,16609115,1095.2349975585937,1065.994670808223,1073.5781333960829,55.05337822445905,-7.583462587859913,309317611.6801892,1008542975.0,94.60712859107879,60.728026813026666,23.343141657082988,1115.1666106146038,1023.628494365865,29.15259894321066,663.2848236303626
2024-02-15,1095.7172029662108,1095.767170494197,1067.5130927304062,1070.458251953125,11780823,1094.1687329101562,1066.6813755997464,1073.347031066975,49.26221592345577,-6.665655467228589,299992816.4295099,996762152.0,58.555852220862086,73.121584752026,21.892005887524,1107.2374611736047,1026.8752585529576,29.088418858966378,663.6276008591019
2024-02-16,1071.2570122898392,1074.2521390716374,1056.2813783808479,1067.013916015625,8660907,1092.8968041992186,1066.7325356637277,1072.8779114335416,48.49336364938527,-6.145375769813882,301676881.67950994,988101245.0,53.573989947107265,68.91232358634936,20.634262185880925,1106.082836536091,1026.677075573284,28.294300418382324,663.87191157793
2024-02-19,1067.2636103322973,1068.2619860201664,1058.378042335854,1061.223388671875,7562645,1091.74767578125,1065.884974588058,1072.014613451196,47.160741934725074,-6.129638863138098,298468438.793294,980538600.0,45.198613606809786,52.44281859159303,19.4663573200695,1102.039785986655,1027.2707364742826,26.979274937377337,664.0832882747185
2024-02-20,1057.2797713474754,1088.7286030731084,1055.9818343052273,1086.8316650390625,8722800,1091.1636254882812,1069.107542349751,1073.112172828075,53.275959127799325,-4.0046304783240885,306180659.01971924,989261400.0,82.23823698982325,60.336946847913424,18.74131042819565,1094.6694520432552,1031.8506041090886,27.39123878241332,664.3357098497328
2024-02-21,1092.073192275301,1092.1730054669829,1071.3568973121146,1082.4388427734375,9177213,1090.2251538085939,1071.1585116457027,1073.8030372684723,52.16077349493176,-2.6445256227696063,306774857.0055099,980084187.0,75.88449103776267,67.77378054479856,18.217611376687643,1093.708663901444,1032.307205239181,26.921586594731533,664.6040380374207
2024-02-22,1088.5289376206943,1108.8957018427773,1079.743183816331,1099.1116943359375,14633340,1089.9136596679687,1075.4590012903543,1075.677752606803,55.93126053127588,-0.2187513164487882,311585875.0859929,994717527.0,87.60286372064415,81.90853058274335,18.412945493363903,1099.437833132721,1030.746248898529,27.080938839854007,665.0454358019284
2024-02-23,1097.214810240105,1105.601189852014,1088.2294296284936,1095.0184326171875,6250943,1089.230771484375,1078.4681445714054,1077.1103955705353,54.78955169240101,1.3577490008701716,310220754.8423647,988466584.0,82.41636694834102,81.96790723558262,18.59432717313471,1102.5814216143608,1033.0488152020453,26.387426081544458,665.2338729935569
2024-02-26,1091.673732347796,1093.021636882295,1077.8962224273082,1083.4371337890625,5354189,1088.6387353515624,1079.232604451045,1077.5790428459818,51.58132055313141,1.6535616050632598,308789378.8999995,983112395.0,67.74191583371955,79.25371550090156,18.143629355382014,1104.1965528302842,1033.8247972673719,25.725624946425516,665.3908444008254
2024-02-27,1079.8929933996226,1086.7818094222255,1070.30861200262,1077.2972412109375,6546815,1087.8120825195313,1078.9348562602593,1077.5581686507933,49.912664433869956,1.3766876094659892,307797437.2333328,976565580.0,59.96217067526485,70.0401511524418,17.294995037260573,1104.7570202338745,1035.7552844536256,25.064737265938366,665.5795775773167
2024-02-28,1075.6499533390715,1083.2375839304461,1062.3216627406925,1072.455078125,7643191,1086.8905834960938,1077.9379673163733,1077.180161945179,48.577984282304506,0.7578053711943085,307560243.6610285,968922389.0,52.0683144026721,59.92413363721882,16.071977631432187,1105.034852324673,1036.1214098823584,24.768393260496595,665.7967870087823
2024-02-29,1069.26032190184,1080.5420155035836,1053.635718593948,1073.3536376953125,13648997,1086.1667626953124,1077.23268583621,1076.896715704448,48.851317894739516,0.3359701317619965,313916215.72567797,982571386.0,52.75396096584311,54.92814868126001,15.361694088578911,1104.1742621542219,1036.0684868692158,24.921100664006524,666.1807712466048
2024-03-01,1074.2522427400784,1099.9104492314327,1074.2522427400784,1097.4644775390625,4819390,1085.7474462890625,1080.3452691751104,1078.4202536181233,55.6617224320329,1.9250155569870913,317816750.2695521,987390776.0,82.62543824704366,62.48257120518628,14.821468323928375,1107.7034261829044,1035.7540933483456,25.037937154871788,666.3233583199368
2024-03-04,1097.4643317550683,1107.098680260867,1091.3242977010711,1104.9521484375,5895441,1085.67755859375,1084.1309429077858,1080.3855791602994,57.55195502467943,3.745363747486408,322107722.546759,993286217.0,92.86363626365953,76.08101182551542,14.648027251832389,1112.275324322578,1035.6998343688283,24.376254683794937,666.5019992746438
2024-03-05,1100.4095913012502,1109.0955325685745,1092.7221475547015,1099.011962890625,4851446,1085.7853833007812,1086.4203305974534,1081.7653112884716,55.529413430893406,4.655019308981764,320983630.3500624,988434771.0,81.81824107350437,85.76910519473584,14.578896100960005,1114.3892625007559,1038.6526564445564,23.804621135943375,666.6486087279937
2024-03-06,1098.4127231478956,1130.111146623373,1093.570626141005,1123.1724853515625,13787638,1086.5181884765625,1092.0745082519318,1084.832509367219,61.461685862193335,7.241998884712757,329535012.8968043,1002222409.0,90.92694025963368,88.53627253226585,15.394715787988728,1121.988839038809,1036.6339881096285,24.714328232116564,667.0794491450192
2024-03-07,1124.1709452324976,1125.0695076625943,1105.75096383962,1109.64453125,6943879,1086.8616284179689,1094.7775887131731,1086.6704369140916,56.88592288050466,8.107151799081521,325390150.34688157,995278530.0,73.23765829006116,81.99427987439972,16.152262640229686,1122.3484539169085,1043.817097840904,24.328915060034976,667.2950919048292
2024-03-11,1110.4433420755754,1118.1807535398016,1100.1101782364663,1103.304931640625,6751641,1086.836669921875,1096.0894876250889,1087.9026217086496,54.82595865405984,8.186865916439274,321025796.71392256,988526889.0,64.94793730028684,76.37084528332721,16.472840715437695,1122.8019136367009,1048.7249174179867,23.881890791699284,667.5016122108779
2024-03-12,1103.2050222642006,1119.5784062450598,1082.488728859692,1095.218017578125,9817138,1086.6200244140625,1095.9554153101712,1088.4445028841662,52.2278192813839,7.510912426005007,317947201.23033714,978709751.0,54.373411245475566,64.18633561194117,15.691682565618327,1120.4017716073963,1056.1468978261973,24.82530411981847,667.7960268112081
2024-03-13,1094.2196544723279,1097.7639365910056,1069.0106706443842,1078.64501953125,11503890,1086.1827368164063,1093.2922774980295,1087.7186152283946,47.28265215622398,5.573662269634951,314152521.72641647,967205861.0,32.70240073410152,50.674583093287964,14.880088272682164,1119.9901800441069,1057.521929330893,25.10587282173297,668.1267073872159
2024-03-14,1073.2536735868105,1079.4935205262686,1053.88516431233,1056.5308837890625,10253613,1085.39501953125,1087.6366784658808,1085.4084128995553,41.61982959394056,2.22826556632549,306017606.4979049,956952248.0,3.785745656762494,30.28718587877985,14.820158546864196,1120.8944612457612,1052.763912777676,25.1417644926048,668.4078401976896
2024-03-15,1054.5341700624665,1054.5341700624665,1028.5764058763134,1044.7001953125,17798175,1084.459541015625,1081.031065673053,1082.3929893745883,38.9333842338086,-1.361923701535261,310330274.6345017,939154073.0,15.88007150808973,17.456072632984572,15.713954889067452,1123.6880667334171,1047.3945016259577,25.342672594043677,668.869351011296
2024-03-18,1042.3041833307857,1065.1670101939606,1041.9048086945675,1059.6259765625,7612407,1083.715751953125,1077.7379750406603,1080.7065439811004,43.857009514590835,-2.9685689404400364,314316145.8395584,946766480.0,30.58024323274372,16.748686799198637,15.94918490785014,1124.162901072655,1046.1808733414075,25.19406751585435,669.0732292420639
2024-03-19,1053.835423795538,1059.2265545914659,1044.9997021501642,1049.0931396484375,6728886,1082.2661108398438,1073.3310772880106,1078.364810326829,41.32488111611588,-5.0337330388183545,311459412.7824037,940037594.0,20.206614623889937,22.22230978824112,16.167612782434066,1125.3631298597527,1043.7676196519662,24.43922515131731,669.2511884612046
2024-03-20,1048.2944426775036,1055.7322925934038,1029.2753376115431,1033.0692138671875,12619644,1080.2254321289063,1067.1369444540378,1075.0095809594482,37.753680457997866,-7.872636505410355,302459033.94418144,927417950.0,4.424897289161793,18.403918381931806,16.953816733712745,1128.40570062274,1035.3488037717912,24.583348710641836,669.574240305103
2024-03-21,1037.6616330283487,1048.8435126295615,1026.4798752991549,1033.917724609375,9903738,1078.5002392578126,1062.0262952471667,1071.9657397483318,38.05892959846023,-9.939444501165099,299142999.8819256,937321688.0,7.17722480403649,10.602912239029397,17.782388561270746,1130.454271728675,1028.4481208494499,24.424797897767892,669.8253565042049
2024-03-22,1038.4104631578375,1045.5488732507845,1028.2769261899778,1031.62158203125,9891194,1076.8379443359374,1057.3486470601026,1068.9772836211405,37.522687508763795,-11.628636561037865,293082600.3688225,927430494.0,4.961539761496246,5.5212206182315,18.551776686860318,1130.2614848049295,1021.8918965427267,23.913879980842093,670.0749477645612
2024-03-26,1027.3284547052351,1042.5037145196154,1025.8308913601838,1038.8597412109375,9656767,1075.511103515625,1054.504200006385,1066.746354553718,40.37468398246612,-12.24215454733303,298518246.4633068,937087261.0,12.494071689669925,8.210945418400877,19.36244798449319,1129.0335862092386,1017.5039259977927,23.39666163645563,670.3186829293044
2024-03-27,1044.1011741006478,1055.8320865340806,1042.5536432861559,1051.1396484375,17027308,1074.0554711914062,1053.986576688095,1065.590302248813,44.96475288291176,-11.603725560717976,303511073.12395257,954114569.0,24.2699416235991,13.908517691588413,19.190719885409976,1128.014730848239,1015.2930328236359,22.93778189979045,670.7642234602757
2024-03-28,1051.1397479991892,1056.6807814435142,1042.4039613170703,1045.4989013671875,10235318,1072.5948486328125,1052.6807804848784,1064.1020503316556,43.31524092118759,-11.42126984677725,297713395.34401965,943879251.0,19.818907941107526,18.86097375145884,18.974565789557307,1127.4824379763259,1012.6454917111741,22.319141773122844,671.0303785456916
2024-04-01,1050.6405005534539,1062.022006359109,1047.196153605961,1051.3892822265625,5484556,1071.26900390625,1052.4820884451374,1063.1603638053525,45.56110760134703,-10.678275360215139,295331183.4881039,949363807.0,27.263006275702278,23.783951946802958,18.409003410100166,1126.9852267843419,1011.0361233133141,21.905139145894168,671.1748598487329
2024-04-02,1049.2927774750888,1054.13487486163,1038.5102720214923,1045.4989013671875,13617893,1069.83333984375,1051.4077519716066,1061.8521073284514,43.696658310744866,-10.44435535684488,293895412.1868209,935745914.0,20.979766803585584,22.68722700679845,18.33808429547657,1126.4403678064907,1008.7955086583531,21.456529409768702,671.5261125744798
2024-04-03,1042.1044710178305,1068.5614236812999,1042.054503490413,1061.5228271484375,11573590,1069.4529565429686,1052.9639173834266,1061.827716204006,49.724017842205726,-8.863798820579404,299322544.59309584,947319504.0,49.61827442967814,32.62034916965532,17.32124997058613,1123.0609386336632,1008.580772792118,21.817271608419997,671.833135103189
2024-04-04,1068.2619860201664,1078.9445571315553,1057.429634181191,1061.223388671875,17964844,1068.7630786132813,1054.2346052739572,1061.782951201626,49.61712518158891,-7.548345927668834,287693229.4496641,929354660.0,65.95371464590761,45.51725195972377,16.39170857410082,1117.9969119191308,1009.271923530088,21.795675275701733,672.3192057700163
2024-04-05,1059.376267693954,1061.273205606129,1046.3973855934087,1057.3795166015625,9210187,1067.6159423828126,1054.7184377858964,1061.4567708608806,48.18513270304492,-6.738333074984212,292081953.99297446,920144473.0,59.39832015583371,58.32343641047314,15.543630591296552,1113.4706033995774,1009.6349874207352,21.30139989977449,672.5610819865755
2024-04-08,1065.2667760030004,1077.696503600243,1061.8224288968793,1074.3021240234375,4967186,1067.3523706054686,1057.731312591672,1062.4082785025514,54.421759199539125,-4.676965910879517,294924856.84228206,925111659.0,91.25943758410278,72.2038241286147,15.002400027313854,1103.2078884623086,1015.0106662251912,21.231084692553488,672.6969419441036
2024-04-09,1088.229361074942,1088.229361074942,1069.6096324949904,1078.24560546875,11385226,1067.76869140625,1060.887357649684,1063.581413833381,55.758127157347694,-2.6940561836970573,294100741.1843535,936496885.0,83.99999927589451,78.21925233861033,15.000849433616995,1096.2343696324097,1018.8442924769652,21.044559255939074,673.0137874095172
2024-04-10,1084.4355825167183,1091.224585687004,1078.245702234185,1086.0330810546875,9064074,1068.6782153320312,1064.755930481223,1065.2445002942186,58.3549001342928,-0.48856981299559266,295913624.0738517,945560959.0,92.06115408257746,89.1068636475249,15.13791751891816,1091.8581710836856,1021.4933059670957,20.468446467533,673.2697021165224
2024-04-12,1077.746397535418,1094.618968568782,1069.3600186086321,1071.7061767578125,18045983,1068.9218188476561,1065.8251991391598,1065.7231429952255,52.27577221782254,0.10205614393430551,281220015.58999085,927514976.0,66.69075115810104,80.91730150552432,14.697983111410812,1086.8107972905677,1024.189495678182,20.81062528843421,673.7701102136101
2024-04-15,1061.3731041634073,1069.2602959872042,1053.5358798697455,1056.2314453125,8889435,1068.9986938476563,1064.3492370119814,1065.0200542779867,46.62580719145872,-0.6708172660053151,275378331.75768065,918625541.0,44.19451042384452,67.64880522150766,13.90387247603004,1083.846451004484,1024.912484542391,20.622030402693696,674.0046773123854
2024-04-16,1048.2443786991994,1056.1315700594967,1042.6534998937286,1050.1912841796875,7107881,1068.6822094726563,1062.1710904223978,1063.921626863298,44.599588839607804,-1.7505364409000777,276220798.7005699,911517660.0,35.413684766375056,48.76631544944019,13.708082563293654,1083.5664477593061,1024.5585278266315,20.118881475270673,674.1871630550928
2024-04-18,1042.453901492634,1049.6921245535996,1012.2030722269628,1022.3366088867188,17832438,1067.4791662597656,1056.042708647678,1060.8412551613292,36.68268669785412,-4.7985465136512175,268028810.53810447,893685222.0,12.295609353961474,30.634601514727006,14.741909037143431,1085.3365626089553,1020.5520543344041,21.395262223660243,674.6179383835753
2024-04-19,1013.3511522068916,1035.2654461092607,994.0825168693706,1027.42822265625,21598007,1066.7213952636719,1051.6404800336122,1058.3662157165086,38.82051239282637,-6.725735682896357,281406498.579601,915283229.0,33.16777668519469,26.95902360184373,16.26282750152151,1085.3957825210284,1017.2730590317058,22.808667010533803,675.1248030029991
2024-04-22,1037.3121282267066,1056.7804501712887,1030.323499836344,1052.23779296875,9410832,1066.5706359863282,1051.7323743313257,1057.9122584759339,48.028478626714126,-6.179884144608195,287585651.70312697,924694061.0,57.844965797335625,34.43611727883059,16.483187192880884,1085.539208765788,1017.4440981189775,23.276064189427014,675.3628335012932
2024-04-23,1056.2813792679226,1058.527724356158,1047.046405016289,1054.0350341796875,8300012,1066.6844494628906,1052.0866296926122,1057.625056676212,48.63162884148507,-5.53842698359972,289390002.13790953,932994073.0,59.63261712236048,50.21511986829692,16.597320703555155,1085.528682967099,1019.5512059489164,22.433582414458574,675.5763319991447
2024-04-24,1054.2846042499411,1067.2135191612067,1054.2846042499411,1061.5228271484375,5641163,1066.567637939453,1053.5383523781238,1057.9137804148952,51.17402444520231,-4.375428036771382,290065223.06973845,938635236.0,67.0804560327065,61.51934631746752,16.24980043325565,1085.9735531291242,1021.8668460407978,21.772504026391477,675.7242959980873
2024-04-25,1098.2131700761147,1132.1079732582912,1084.3357247343847,1125.1693115234375,46136295,1068.3866784667969,1064.5584999389414,1062.8956716081204,66.39775051894611,1.6628283308209575,322799421.47199416,984771531.0,94.97291157994633,73.89532824500442,16.661153204256966,1101.6759706385983,1015.5192014805425,25.259121318067347,677.0956261496242
2024-04-26,1128.1644278290491,1139.495966512928,1121.1757986301081,1128.4639892578125,10133766,1069.9621154785157,1074.3901136803063,1067.7525840266162,66.97183743595366,6.6375296536900805,320728553.02369297,994905297.0,92.41337215906962,84.82224659057414,17.242012342184722,1114.7866406513913,1011.3689562724365,24.763481786978236,677.406570271941
2024-04-29,1128.4640177624838,1162.1092275784451,1123.472139637147,1157.366943359375,15183242,1072.209461669922,1087.1557797847784,1074.3906847179317,71.56194773412616,12.765095066846698,332184637.89216596,1010088539.0,97.17766050465569,94.85464808122386,18.34700076493807,1134.0439167496202,1002.7344096663955,25.754453655143948,677.8900978339389
2024-04-30,1158.2654439778757,1180.9784882359277,1153.2735661189631,1164.006103515625,18965164,1074.1093713378907,1098.978906512601,1081.0288638881311,72.50712751183103,17.950042624469916,327913204.5588325,1029053703.0,90.91880654451619,93.5032797360805,19.788512169319862,1151.0858339094864,997.5432127213728,25.893772830988276,678.5163191483196
2024-05-02,1154.1222121474534,1172.0929732362545,1146.1352072190973,1147.982177734375,12302236,1075.1676501464844,1106.517871315951,1085.9883686174826,66.74144601372724,20.529502698468377,317361648.27055883,1016751467.0,82.3450926949959,90.14718658138925,20.790456774099688,1161.4898029564558,996.7985332251849,25.898343772857483,678.9127938778155
2024-05-03,1149.0305070050233,1161.3604213398796,1132.257748109204,1139.645751953125,9993632,1076.5514001464844,1111.6144683370546,1089.962989605308,63.89481478214166,21.651478731746693,312441982.57224613,1006757835.0,77.88462962546303,83.71617628832503,21.085352312721195,1168.691682838593,999.0113384016413,26.127224448415927,679.2269703250744
2024-05-06,1142.0418302187284,1154.1221501495231,1133.8052318288203,1141.792236328125,7490104,1078.0469665527344,1116.2572018741423,1093.8021930662574,64.31683330558181,22.45500880788495,310840910.895352,1014247939.0,79.03312114152152,79.75428115399347,21.35918388429831,1175.6438769456963,1000.086085212507,25.712202582150702,679.4615664971724
2024-05-07,1144.1884546124293,1146.9339876311676,1122.2241904625234,1125.8681640625,7115509,1079.339862060547,1117.735811441582,1096.1774501770901,58.82363952457509,21.55836126449185,305824061.52978224,1007132430.0,70.51283461571231,75.81019512756562,21.074010159056265,1179.4727740697,1002.7216656275657,25.640602195471665,679.6786587563993
2024-05-08,1122.8231479726346,1133.6055313779955,1116.4335197294456,1126.816650390625,8175609,1080.139561767578,1119.1328635875886,1098.4470205632779,59.04799519605654,20.68584302431077,307535286.7829937,1015308039.0,71.02032887639102,73.52209487787493,20.54489367896714,1182.8290463408778,1006.3091067352942,25.035702870691534,679.9244981323576
2024-05-09,1120.177429274663,1132.7070918714192,1110.3932995927955,1113.8377685546875,5226693,1080.767540283203,1118.318233582527,1099.587075970049,54.659219288113256,18.731157612478,303922230.9081438,1010081346.0,64.07588714175236,68.53635021128522,19.77585727246552,1184.6724621444714,1008.4192553848256,24.841280685543826,680.0791829770302
2024-05-10,1121.8746454678296,1138.1482169680246,1111.5414820829196,1118.280517578125,7242718,1081.150916748047,1118.3124311203112,1100.971775348425,55.86838887935419,17.340655771886304,300348428.60896415,1017324064.0,58.38307690714614,64.49309764176317,19.268727902075767,1186.7392678423375,1010.3559408978967,24.967384556941052,680.2951467694368
2024-05-13,1118.280560072801,1133.5557565245344,1103.255079409812,1130.1612548828125,5513160,1081.8537731933593,1120.135327083773,1103.1339590176387,59.016052441849205,17.00136806613432,304626340.26119816,1022837224.0,62.05746066849515,61.505474905797875,18.395096984919128,1189.7869197293876,1011.7211063936594,25.34833402535401,680.4592737360529
2024-05-14,1128.114566096159,1134.2546009854527,1116.2838385028565,1121.026123046875,5471143,1082.6055529785156,1120.272372616558,1104.459304501286,55.724929104323415,15.813068115272017,302042744.95564264,1017366081.0,52.67935333351692,57.70663030305273,17.613909175722856,1191.6279864221185,1014.8120343298344,24.82136462944274,680.6225932683053
2024-05-15,1123.721712351589,1129.3624370292239,1116.7829287650115,1126.2176513671875,5436338,1083.5839611816407,1121.1870308858856,1106.07103389876,57.18617440944734,15.115996987125527,304760992.9576384,1022802419.0,43.336847080261855,52.69122036075797,16.88852049575489,1192.9236290808037,1020.5150122766183,23.94694631764057,680.7848520837736
2024-05-16,1132.3076822370365,1142.091689744301,1109.4948247332395,1137.4493408203125,10750526,1084.883846435547,1123.6889247219515,1108.3953529299863,60.24327028914963,15.293571791965178,312449402.843621,1033552945.0,43.99480404545893,46.6703348197459,16.791572109623306,1194.1775070597485,1027.9869399617357,24.56479765288492,681.10939263544
2024-05-17,1130.1611841531799,1144.1384426144384,1124.2707437129595,1139.4959716796875,9909986,1086.2066931152344,1126.1207781000646,1110.6991024670012,60.79264876722113,15.421675633063387,317728070.21966463,1043462931.0,46.62802727934174,44.65322613502084,16.791330815878386,1190.1103657597343,1043.770017541047,24.229290599213062,681.4123323198158
2024-05-21,1134.1546578731836,1143.8888197695424,1127.3656551864028,1135.802001953125,8162017,1086.9734436035155,1127.6101971543817,1112.5585765030105,59.202493669513444,15.051620651371195,317900728.5031324,1035300914.0,41.87531534563497,44.1660488901452,16.791106757400957,1183.228418791061,1061.4893424394077,23.678853026636382,681.66138014556
2024-05-22,1140.1449076515319,1140.1449076515319,1116.1339263028826,1124.1708984375,9094033,1087.3578186035156,1127.0810742748613,1113.418748498158,54.379304040228824,13.662325776703256,314894617.42110956,1026206881.0,30.3841646875804,39.62916910418569,16.069215496789514,1177.6335801268883,1074.2774916504554,23.70257647820873,681.9331310223114
2024-05-23,1124.1709351031163,1167.7500547859142,1123.9213412010063,1163.357177734375,12818081,1088.6447229003907,1132.6620132686326,1117.1178914045445,64.78775025719264,15.544121864088083,325143229.72061545,1039024962.0,93.18880730487578,55.14942911269704,16.640777513874337,1173.8052695619,1089.0380165709123,25.140157700115818,682.3369742794008
2024-05-24,1163.6068245207025,1175.0881445395682,1158.7147594426062,1172.093017578125,8814997,1089.623133544922,1138.728321623939,1121.1901229729579,66.61632795522638,17.538198650981258,330733232.6191037,1047839959.0,95.83043413777071,73.13446871007562,17.446143028359206,1169.0091197013303,1104.891185474451,24.513959657033404,682.6243133846369
2024-05-27,1176.985081003924,1194.0572802857782,1166.1027620182183,1185.0718994140625,10450046,1091.1316809082032,1145.8581028224196,1125.9221064130397,69.17731516385746,19.935996409379868,334465391.904818,1058290005.0,90.10444594400354,93.04122912888333,18.83012645675158,1177.7246021497288,1102.165961815115,24.759713843499583,682.9736881574273
2024-05-28,1186.0701643307336,1190.463041165621,1177.0847842979251,1181.4776611328125,4018776,1092.695135498047,1151.3380348701724,1130.0373326885783,67.63004116992124,21.300702181594033,333085821.9194117,1054271229.0,86.1461296845115,90.69366992209524,20.115253925973068,1184.0422709036663,1101.1496602486775,23.946752630942175,683.1082573979089
2024-05-29,1170.0961898274143,1183.9736348832184,1154.122180409975,1157.8660888671875,9418064,1093.9480969238282,1152.342350869713,1132.098722035142,58.39053604205123,20.243628834571155,326030146.62591666,1044853165.0,60.14282575812554,78.79780046221352,19.86398497771572,1184.1033614246226,1101.1384842785023,24.368517048249405,683.4121904549147
2024-05-30,1153.3234454629503,1177.8835827438165,1153.1238190915699,1166.052734375,7232217,1095.696251220703,1154.4516406397572,1134.6138340603168,60.41010714032432,19.83780657944044,326350887.0949512,1052085382.0,69.1587366378577,71.8158973601649,19.573418817768943,1184.42571943961,1101.0207893494526,24.396463234249207,683.6455005685405
2024-05-31,1171.0946809318539,1176.0865593671986,1151.5265418397094,1160.2623291015625,10057642,1097.7708801269532,1155.345592710804,1136.5137225818908,58.25634413718194,18.83187012891335,323448078.82172185,1042027740.0,62.78179288806131,64.0277850946815,19.20680048620854,1185.6879425127577,1100.9865814130235,24.40814568376635,683.9675250920205
2024-06-03,1195.1056253692,1240.182188649666,1191.4615298576955,1221.9119873046875,22197339,1101.3151159667968,1165.5865764944783,1142.8395199687645,70.36903230393757,22.747056525713788,328997455.21578187,1064225079.0,86.01991745991442,72.65348232861113,20.919169791250233,1201.8378410963237,1093.0633063646137,28.373268102647568,684.7585313400974
2024-06-04,1222.0118188881215,1222.0118188881215,1099.76076696467,1129.4124755859375,24135989,1102.7108459472656,1160.0213302008567,1141.8449240885552,47.90723120063935,18.176406112301493,316569722.33062077,1040089090.0,21.116228753034914,56.6393130336702,19.828475400305884,1201.7416349308828,1091.9215364558358,35.07882408984785,685.5074675089006
2024-06-05,1136.1513438967522,1191.0619976000223,1108.895643400688,1182.5758056640625,21039499,1105.3804992675782,1163.4912495028884,1144.8620264274816,56.50126480709468,18.6292230754068,333263276.3634804,1061128589.0,58.9760719594262,55.37073939079183,18.815687751571847,1205.7971092668927,1093.5368262799825,38.44221909766832,686.1729877142036
2024-06-06,1190.163519723218,1193.9573957244136,1161.3604082472602,1169.0478515625,12006879,1108.1000720214843,1164.3461113582134,1146.6535690300757,54.05738810055909,17.692542328137733,326919632.4566089,1049121710.0,49.34224690678613,43.144849206415735,17.78216276433044,1207.487183990128,1096.0698716739344,38.02470255334582,686.56308666193
2024-06-07,1176.0864384907798,1193.2584497946386,1164.8547131656344,1184.8721923828125,8583998,1111.1191613769531,1167.5039699773824,1149.4845781673155,56.43134829594201,18.019391810066963,330434746.894501,1057705708.0,60.61142551958416,56.309914795265485,16.82246099046342,1209.9574708183152,1100.70302722856,37.33749070160713,686.8451364253613
2024-06-10,1183.075146484375,1210.4306636973222,1183.075146484375,1198.05078125,9995057,1114.447745361328,1172.203479403939,1153.0820746919587,58.36103006238891,19.121404711980176,331383173.2092862,1067700765.0,69.99645289578514,59.983375107385136,15.893291467361433,1214.1910928124842,1104.4464316015785,36.62449259527428,687.1838919446468
2024-06-11,1202.4935218314042,1207.3855869678534,1188.5162625112805,1192.6595458984375,9390212,1117.5237414550782,1175.3505665569387,1156.013739225772,57.24404856422548,19.33682733116666,326116724.0361986,1058310553.0,66.15712746603944,65.5883352938029,15.030491195909589,1217.4364201612325,1107.4509333543924,35.35626629965276,687.5011161775586
2024-06-12,1190.1635879654755,1204.1908145964906,1182.176582765644,1185.970458984375,7199718,1120.2203576660156,1176.9843961611598,1158.232755504187,55.81663470032989,18.751640656972768,321398567.88324845,1051110835.0,61.39354735568564,65.8490425725034,13.98906574468245,1218.127934896074,1113.2538522133011,34.40326383759517,687.7414896377368
2024-06-13,1199.8478657463297,1200.0474921210014,1171.5438194952746,1172.741943359375,5321148,1122.7652185058594,1176.3317111147314,1159.3075101601269,53.0018846183359,17.024200954604567,316524758.33586985,1045789687.0,51.972965035507166,59.84121328574407,13.354336791608247,1217.2747400309468,1118.759476277647,33.98186446531885,687.9157026948185
2024-06-14,1179.0315346758443,1182.7255972640348,1168.0993713593632,1179.1314697265625,4451031,1125.3200622558593,1176.7624432088592,1160.7759516094925,54.20319062753348,15.986491599366673,318788270.3967383,1050240718.0,56.523215481996,56.62990929106292,12.893206179134468,1217.5013034821088,1122.70112571711,32.599318853844046,688.0599198192486
2024-06-18,1192.06055379712,1192.06055379712,1179.2314507709457,1189.9639892578125,6837181,1128.2093640136718,1178.7934502933135,1162.938028472331,56.24514014527437,15.855421820982428,323390752.49313116,1057077899.0,64.23750821686828,57.57789624479047,12.065396973609184,1218.590559422627,1126.6586715344042,31.194302083609298,688.2860114146484
2024-06-19,1191.0619882120275,1241.3301709679486,1183.5741718569645,1224.6573486328125,17987437,1131.4720544433594,1185.8494346532366,1167.5098299657,62.07708081256257,18.33960468753662,330993074.6658675,1075065336.0,88.22286322915512,69.66119564267312,12.769463365141888,1225.0696261649796,1129.0651394600204,33.09156615699321,688.9148851067073
2024-06-20,1228.1018171293836,1239.4833234915477,1218.4176224324674,1237.486572265625,8206858,1134.9973181152343,1193.793609670527,1172.693292358287,63.98854503001284,21.100317312240122,337644128.40124655,1083272194.0,97.28500749905358,83.24845964835899,13.423239300136542,1231.171777409949,1134.2945555978633,32.23257579285657,689.209607424681
2024-06-21,1243.9759793394421,1243.9759793394421,1221.7621225655237,1235.4398193359375,29311314,1138.5585241699218,1200.200718849821,1177.3411832455204,63.439166593179635,22.859535604300618,344428416.25144845,1053960880.0,94.08095729781841,93.1962760086757,14.162337011890175,1239.0141665308947,1133.6604306370741,31.516953005789563,690.263354700206
2024-06-24,1229.0002939189978,1233.742577750123,1223.0600081846046,1226.10498046875,6676530,1141.5945812988282,1204.1859898681178,1180.953316373167,60.87223264645947,23.23267349495086,341558058.29265594,1047284350.0,87.60810418234469,92.99135632640555,14.84864202994712,1244.0050986908316,1134.0706947661995,30.1500143018998,690.5001238352634
2024-06-25,1232.4447453162752,1276.6728343883735,1224.0085200079343,1269.3846435546875,17607952,1145.4173620605468,1214.216551973744,1187.5037850532794,67.44863225470684,26.712766920464446,354292497.1414414,1064892302.0,95.65603000575868,92.4483638286406,16.61751126205993,1258.3556154805399,1128.1514523905537,31.758178593224045,691.157273676861
2024-06-26,1279.0189479197,1290.8496743232877,1257.1544980568556,1283.31201171875,13956370,1149.3629406738282,1224.8466227037447,1194.6006907322032,69.24029070449271,30.245931971541495,362004744.3974454,1078848672.0,94.17892862246045,92.48102093685459,18.556886971781694,1274.0350811645503,1122.6554217651374,31.896535569881763,691.6958246041272
2024-06-27,1307.8720566322172,1307.8720566322172,1277.9207881597238,1286.856201171875,22311393,1153.6659411621094,1234.386557852688,1201.434432246253,69.69737757970016,32.95212560643495,353005743.25921303,1101160065.0,85.30537978755511,91.7134461385914,20.685964792938172,1287.2671218572168,1122.3223923029395,31.75758792006831,692.5749416214197
2024-06-28,1281.0156818707337,1287.8046845611411,1259.550606908322,1263.1947021484375,7167069,1157.8052062988281,1238.818580052034,1206.0092670538222,62.96979813505073,32.80931299821168,347687432.6826453,1093992996.0,68.03570426041121,82.50667089014225,21.743783196770444,1293.8495228060683,1125.4541881314317,31.507337186693373,692.8470412336898
2024-07-01,1270.9321647383285,1270.9321647383285,1254.4089994723001,1259.8502197265625,5797015,1161.9983850097656,1242.0542169250384,1209.9974857703214,62.0579734762473,32.056731154717,345708431.35307866,1088195981.0,65.64290310949525,72.99466238582052,22.479462072009863,1298.334175858845,1130.928324141155,30.437039192360164,693.0637193734766
2024-07-02,1262.9451463709113,1265.7904924843779,1236.2385988093129,1251.364013671875,9945447,1166.5789331054686,1243.4864933476285,1213.0616730222882,59.69590276572574,30.424820325340306,345943652.53784215,1078250534.0,59.57146931102357,64.41669222697666,22.328893839745728,1301.2904872245551,1130.9172154121636,30.373814512553366,693.4281497723349
2024-07-03,1257.9532642364502,1286.506782209,1241.579879914841,1277.9207763671875,15171347,1171.5887841796875,1248.7840753506375,1217.8660510478364,64.27812169521061,30.918024302801086,355316190.03536284,1093421881.0,78.57143532260183,67.92860258104021,22.745939999589883,1302.8854463450439,1144.1730863697999,31.413320782668052,694.000609925543
2024-07-04,1285.90777835371,1290.8996563752694,1266.4394540696283,1278.8193359375,4817380,1176.1204150390624,1253.4048846716933,1222.3811091878115,64.4254960493499,31.023775483881764,355375187.9628581,1098239261.0,79.21430740347971,72.45240401236836,23.245403255690146,1308.8444633194865,1147.838422422701,30.916669462880414,694.1853206423046
2024-07-05,1269.9337492225077,1293.2957623797786,1268.835560448999,1284.9593505859375,8593502,1180.7389013671875,1258.2594178892693,1227.0165344765614,65.47369787386208,31.242883412707897,358111095.5222292,1106832763.0,82.18858975913935,79.99144416174029,23.77284258533976,1313.4109293316826,1154.8631063128485,30.45549321058749,694.5165803002099
2024-07-08,1282.9125886119964,1295.2924698726165,1277.521336238757,1285.7579345703125,4216951,1185.223603515625,1262.4899589171223,1231.3677492983209,65.6156047113233,31.122209618801435,357803105.23193586,1111049714.0,82.2087704051521,81.20388918925704,24.318370753173024,1318.1123692871997,1160.2502405760815,29.549467526535498,694.6800549616901
2024-07-09,1281.9141677392236,1292.896298459731,1277.1219164941974,1287.305419921875,6930340,1188.4663256835938,1266.3077221486228,1235.511280455621,65.9080173551896,30.796441693001725,359820835.75529134,1117980054.0,77.00881248165143,80.46872421531428,24.802231383335737,1322.860771890798,1164.4273018396705,28.565532843606793,694.948332123588
2024-07-10,1282.1139084717208,1291.898038189819,1273.0786823324786,1289.5518798828125,9020489,1191.6880834960937,1269.8837464154212,1239.5142878205982,66.35532661879918,30.369458594823072,366592204.7151539,1127000543.0,78.72466522246384,79.31408270308911,25.01099455683027,1326.4824495391176,1170.4948575897888,27.86937734458777,695.2966054561928
2024-07-11,1298.9366185010135,1299.2860255853643,1274.8756691291196,1294.6435546875,7848846,1194.4336157226562,1273.6929476880487,1243.5979372181464,67.39939269135614,30.095010469902263,371455593.3579757,1134849389.0,84.40256757518561,80.04534842643362,25.453249001741934,1328.8174606764837,1179.0271560227352,27.62230442399184,695.6017516937769
2024-07-12,1292.7951283943742,1338.5060612393027,1292.7951283943742,1316.1751708984375,11278987,1197.4769970703126,1280.2286743358006,1248.9740286018719,71.43612088933233,31.254645733928783,371714467.3925503,1146128376.0,80.49662018877724,81.20795099547557,26.924067223622846,1330.8118754722032,1191.376063980922,28.914349311201597,696.0590407991283
2024-07-15,1315.5755973520327,1323.2690953628965,1303.8856369793373,1306.33349609375,11537127,1200.6440234375,1284.2448007601006,1253.2228780457147,67.33215808317556,31.021922714385937,363091295.2629609,1134591249.0,68.54076127333526,77.81331634576604,28.289827001083697,1328.8098816448503,1206.0982604449935,28.23357138779857,696.5225848428136
2024-07-16,1306.3334797626717,1317.3240865270145,1298.5900977241572,1302.886474609375,5433264,1203.908837890625,1287.112750583066,1256.9016629763562,65.90406209425859,30.211087606709725,360150116.64921093,1129157985.0,65.17016675336782,71.40251607182677,29.21713448997556,1324.938107180078,1221.262283444922,27.55502977458848,696.7389062229078
2024-07-18,1298.8899842960564,1317.4740781396913,1293.3946805163423,1308.281982421875,6787511,1207.2386328125,1290.3695554813442,1260.707612564913,67.08100253083856,29.661942916431144,361755483.82870007,1135945496.0,70.44604598640703,68.0523246710367,29.741424281088644,1326.2247417955257,1228.3381122083804,27.30677033521423,697.0089820907239
2024-07-19,1304.5351521039754,1307.882267202837,1287.0999791820136,1291.2464599609375,4496066,1210.5461987304689,1290.50446386282,1262.969749409063,60.03468958613735,27.534714453757033,359053527.4311744,1131449430.0,53.78823317267884,63.134815304151225,29.821228097248905,1325.6730880245784,1234.265754748859,26.869286971260458,697.1845300212236
2024-07-22,1282.254157040865,1291.2464721792971,1277.108530096213,1281.4049072265625,6695557,1213.6379638671874,1289.1045320726266,1264.3353166548038,56.35200435182308,24.769215417822807,356427394.08572036,1124753873.0,44.16488621507507,56.13305512472031,29.2729805762763,1323.1520527883142,1241.383298774186,25.959905193533583,697.4404573288439
2024-07-23,1287.3997027504545,1289.9974581222002,1249.9317253712213,1262.1712646484375,8789327,1216.6046337890625,1284.9609524689051,1264.175016506184,49.908535177085824,20.78593596272117,353008108.0484265,1115964546.0,21.244399038755613,39.73250614216983,27.33997618233854,1317.3643525996392,1250.7776273808297,26.967464304779675,697.7669750945466
2024-07-24,1261.8216015091461,1266.2677527529374,1225.602556319145,1238.1917724609375,10344860,1219.0028588867187,1277.7656940061408,1262.2503317620917,43.26618040013985,15.515362244049129,349068414.62415516,1105619686.0,11.150421017217601,25.519902090349422,26.221754105097485,1320.9373897872338,1244.0853030838598,27.945873742566306,698.1346198494396
2024-07-25,1198.9752696285975,1198.9752696285975,1154.513270046537,1174.8958740234375,32979871,1219.8975512695313,1261.9395678549558,1255.779631188858,31.390356224420287,6.159936666097792,346326304.23416114,1072639815.0,11.077936176067949,14.490918744013717,27.073506517605875,1337.7132249585989,1216.4678541429635,31.926775790554466,699.1592772496463
2024-07-26,1164.0051748855426,1182.139700501223,1154.263500675127,1176.3446044921875,18554648,1221.0039208984374,1248.7711119529915,1249.8955551372528,31.85142814049229,-1.1244431842612812,357166416.7347278,1091194463.0,11.984800769944329,11.404385987743288,27.869422620594996,1346.1562253772943,1196.9736940562996,31.63744893595028,699.7275476292651
2024-07-29,1181.3403267525803,1193.579866061191,1162.65634410464,1169.0509033203125,19598573,1221.8605859375,1236.5064644710408,1243.907062410072,30.731693648653476,-7.400597939031286,345673274.65991575,1071595890.0,8.026051418252353,10.362929454754871,28.086200367049027,1353.8235128796566,1179.8920266711245,31.586454151707475,700.331616662983
2024-07-30,1163.1059899797806,1178.992437900641,1159.2092956646895,1169.0009765625,18090045,1222.4916186523437,1226.121004792804,1238.3584634584001,30.723731501692555,-12.23745866559625,345490591.9944121,1053505845.0,7.998953033568804,9.33660174058849,28.370787036617052,1359.1960274116188,1165.4345878227562,30.743360443439197,700.8807664900902
2024-07-31,1156.0120428892758,1170.0000883520675,1153.0146045758206,1165.104248046875,17347076,1223.0037841796875,1216.7338114472764,1232.9322252797688,30.06892487965233,-16.198413832492406,352837539.06351835,1036158769.0,6.51762819081602,7.514210880879054,28.788513271823156,1363.725912960878,1152.278725710997,29.76065496721117,701.3990167672893
2024-08-01,1167.0026950641445,1174.6461874515737,1164.454823612974,1171.299072265625,11190500,1223.7137255859375,1209.743851573176,1228.3668065379802,32.53075714562786,-18.622954964804194,356677522.86538297,1047349269.0,9.857309882996933,8.124630369127248,28.937583189583595,1364.420677062457,1140.9217911992619,28.36284845802464,701.7380929607557
2024-08-02,1163.0060993620923,1166.8029034557203,1155.1128205144428,1159.8587646484375,10581445,1224.4274829101562,1202.069222815524,1223.2921367683844,30.402193816788724,-21.22291395286038,354687795.6622885,1036767824.0,4.019958616643099,6.79829889681868,29.328705997909275,1364.7592512176193,1128.6871599151932,27.49309155039304,702.0517413093678
2024-08-05,1141.0248463432538,1150.4667282030086,1123.3400091574642,1132.5321044921875,12013362,1223.8109814453126,1191.3712046119338,1216.5691714145921,26.022230608789528,-25.197966802658357,350816072.0675183,1024754462.0,4.734921275237268,6.204063258292429,30.431449861585573,1365.6549482223463,1112.5487383010914,28.137781831863055,702.387815503119
2024-08-06,1139.026583274535,1150.0171906570083,1122.1409893573368,1125.138427734375,8571122,1222.8718896484374,1181.181546630771,1209.7965237345759,24.973871670728883,-28.614977103804904,344088200.49758166,1016183340.0,1.5345266875792907,3.4298021931532143,31.4805759835886,1364.936008863731,1097.2057269761128,28.119097508135088,702.6256078746205
2024-08-07,1137.8276379214865,1143.8225145765712,1126.0376650467224,1135.829345703125,8370312,1221.8870385742186,1174.2042849495947,1204.317473510024,29.402737874872656,-30.113188560429307,344934657.18161243,1024553652.0,7.369582305325888,4.546343422714144,32.45476452544855,1360.873010037798,1086.1211183801706,27.445168174853737,702.8590853113669
2024-08-08,1132.1324857784152,1141.8242766781827,1125.038572458969,1137.17822265625,7903428,1221.0010498046875,1168.5079676736955,1199.3441956690037,29.964484375717532,-30.836227995308263,348462962.9982459,1032457080.0,8.89222102558606,5.932110006163742,33.383369570013926,1354.6498262664713,1077.106936428841,26.68377789230803,703.0790286326459
2024-08-09,1151.0162710566617,1154.713062724147,1138.9765121432943,1141.774169921875,6262086,1220.6792114257812,1164.3950757118769,1195.0797493173645,31.951309642390385,-30.68467360548766,344427435.29233074,1038719166.0,11.696409860760696,9.31940439722421,33.43116267266266,1345.64422678937,1070.8255974293802,26.03028233342153,703.2573615615713
2024-08-12,1145.0214849192898,1168.1017365309908,1134.880127129973,1163.305908203125,9078384,1220.6242749023438,1164.2275114797612,1192.7261314570505,40.47159823918762,-28.49861997728931,350884731.8770347,1047797550.0,28.56160637757353,16.38341242130676,32.70352064773862,1329.901668334749,1071.2812296144698,26.543948552535543,703.5216475988367
2024-08-13,1160.3582468075288,1178.592662314838,1154.413376565547,1158.6097412109375,6180463,1220.5912231445313,1163.3632391307115,1190.19899143882,39.315363659105,-26.835752308108567,346849532.9426703,1041617087.0,47.46416797925229,29.240728072528828,31.467069046240926,1314.1148406895102,1072.2956817714273,26.375044066589506,703.7047519864964
2024-08-14,1158.0103428946786,1158.0103428946786,1147.6692050368504,1152.1153564453125,5021841,1219.1952905273438,1161.63279564065,1187.3779814393008,37.710858262188,-25.74518579865071,346145952.80374575,1036595246.0,41.95806047207698,39.3279449429676,30.574200322665586,1296.6779184749678,1074.6554921695636,25.27257921712505,703.8497811417338
2024-08-16,1165.4040707231297,1169.000972398833,1148.6183669484067,1165.8536376953125,6107134,1219.9241137695312,1162.282155956752,1185.7835856064128,43.00945386823311,-23.50142964966085,350367047.76678365,1042702380.0,61.18887971766962,50.20370272299962,29.158654002040276,1274.4214655542455,1082.6691106176295,24.92329537664657,704.0293886649754
2024-08-19,1168.0018101230557,1170.2998949773084,1149.2178143474769,1152.2652587890625,6691823,1219.3179028320312,1160.7410948540305,1183.3007465829053,39.436203433491414,-22.55965172887477,345609849.6421452,1036010557.0,52.98769020595797,52.04487679856819,27.775333166043485,1252.8175357163486,1090.374920338339,24.648922894731214,704.2243534436168
2024-08-20,1157.0112241980148,1175.9950007608493,1153.6641090393628,1167.002685546875,6721749,1219.2769995117187,1161.7044164990834,1182.0934828024585,44.79330601254456,-20.389066303375103,346918103.6011874,1042732306.0,79.46920585207752,64.54859192523503,26.181127933284042,1229.583675839209,1102.1685580475098,24.583267114520897,704.4236030679416
2024-08-21,1165.603828347,1176.994118402172,1160.5082075756561,1173.397216796875,9480630,1219.0475,1163.5033088525897,1181.4493149501932,46.98455156406456,-17.94600609760346,352261759.4752108,1052212936.0,90.7966491588756,74.41784840563702,24.645011149218227,1207.6608614045306,1115.213967697032,24.00488452252054,704.707229827354
2024-08-22,1178.6926021829222,1179.9915408958257,1167.951781637088,1168.950927734375,5841326,1218.4655029296875,1164.3414040651721,1180.5235084897622,45.62840005819633,-16.18210442459008,347389944.2354272,1046371610.0,80.91528452567098,83.72704651220802,23.04390457716912,1188.335022801388,1127.6157218275182,23.15023271796462,704.8825589326418
2024-08-23,1169.0009361917578,1172.9475144975986,1162.506486546248,1164.954345703125,5121962,1217.9113989257812,1164.4357027787034,1179.3702371722336,44.38818713117655,-14.934534393530157,344669631.1231221,1041249648.0,74.00682483952431,81.90625284135696,21.86246573544679,1187.0282633456382,1127.9283284512367,22.24243237749219,705.0343817781386
2024-08-26,1170.6994882789022,1174.2465058769608,1165.104294265047,1169.30078125,3392612,1217.5780053710937,1165.184176389672,1178.6243515483645,46.10391125761623,-13.440175158692455,344391594.1750586,1044642260.0,81.5200385104143,78.81404929186986,20.680924983703488,1185.9266452461627,1128.3255642264937,21.317412934373873,705.1354871586328
2024-08-27,1169.000939360119,1183.838234581859,1163.2558492735202,1180.2413330078125,8702113,1217.7279931640626,1167.500662023232,1178.744127952768,50.26346372962582,-11.243465929535887,350052208.97372526,1053344373.0,93.88278530150545,83.13654955048135,19.43413954598746,1187.7961138927344,1127.575138548672,21.264910961085658,705.3980983149912
2024-08-28,1175.994955914158,1180.69089378261,1168.351463880549,1169.9500732421875,5483503,1217.544365234375,1167.877494518456,1178.092716492725,46.618745653804126,-10.21522197426907,345989513.7906096,1047860870.0,76.38054227140697,83.92778869444223,18.276410210965434,1187.9176526348758,1127.5485094744993,20.62737659972674,705.5624507720581
2024-08-29,1168.0018028062877,1178.8925198005202,1162.4066089824673,1174.3963623046875,7290114,1217.2330126953125,1168.8803972547992,1177.8189124787964,48.360967521829956,-8.938515223997229,349303201.9724277,1055150984.0,80.71438466764539,83.65923741351925,17.146918797409615,1189.0993225728828,1127.2960509622733,20.33155761532146,705.7802591626652
2024-08-30,1175.9949656447764,1181.9398361833976,1170.8493388105494,1174.2464599609375,10190506,1216.224794921875,1169.7059453634358,1177.5542863663622,48.30372869085678,-7.848341002926418,345355587.0352776,1044960478.0,80.4081997443468,79.16770889446637,15.962278853363843,1189.522092385926,1127.1680199187613,19.67148188371623,706.0868487901179
2024-09-02,1174.9957934621327,1192.9804229539002,1173.0973915114537,1187.784912109375,6432362,1215.23076171875,1172.487324862811,1178.3121104954744,53.640513216892884,-5.824785632663406,348426348.3031511,1051392840.0,88.53372060306017,83.21876833835078,15.59601603936109,1193.4621531404327,1126.0205739103485,19.686592566482677,706.2838470350954
2024-09-03,1186.985617809891,1192.5309276896276,1175.695217608263,1190.58251953125,7920246,1214.3336157226563,1175.2712009656477,1179.2210296833098,54.68162466268952,-3.949828717662058,354513363.40903646,1059313086.0,94.70792546993556,87.88328193911417,15.255914854929959,1196.4900032679786,1128.7977652867087,19.482958103259957,706.5270259498905
2024-09-04,1181.6900665341032,1188.634205243029,1172.2981905853524,1176.6943359375,6527941,1213.3454028320311,1175.490144807471,1179.0338671836203,48.820220130785316,-3.5437223761491623,351498859.20345783,1052785145.0,63.288250178523235,82.17663208383965,14.65863725084554,1194.8380744426572,1135.6052849323428,19.39734173487693,706.724324005528
2024-09-05,1180.990705264549,1181.8399550671666,1172.4479572141481,1179.5419921875,4234766,1211.5485498046876,1176.1135059428602,1179.0715060727966,50.00360436677778,-2.9580001299364085,353661364.2799853,1057019911.0,69.29243663864283,75.7628707623672,14.10402233276715,1194.3564361955646,1140.4581878278727,18.682674314744183,706.8518833376411
2024-09-06,1174.9957675970875,1180.341174629591,1149.817335649293,1157.760498046875,9874576,1209.03751953125,1173.2899662665548,1177.4929128856913,42.003469338603296,-4.202946619136583,348926073.7300162,1047145335.0,18.402674353495918,50.32778705688731,14.249555161362156,1192.0557320571775,1144.8171195053224,19.52847179085517,707.1394027279736
2024-09-09,1157.0112163733215,1174.596163835175,1144.0223167076451,1169.8502197265625,7700940,1206.6973999023437,1172.7607744911713,1176.9267874664965,47.065748618867566,-4.166012975325202,354236197.1166323,1054846275.0,52.755110438719264,46.81674047695265,14.720689757902006,1190.0445240620218,1149.635932480947,20.317427172046223,707.3634705210565
2024-09-10,1177.8933180831702,1189.8330647497864,1172.3480086470006,1186.1861572265625,8723854,1205.1572290039062,1174.8262179889239,1177.612666707983,53.03147647404664,-2.7864487190590808,359320933.39266473,1063570129.0,86.122286484769,52.426690425661384,13.975065520861293,1192.1473435520509,1149.8211378932617,20.293528447130345,707.6281507520538
2024-09-11,1186.1861945137762,1193.8296865293353,1179.9915375147775,1185.087158203125,6000329,1203.6619677734375,1176.4048241757241,1178.1663327446602,52.60197305680978,-1.7615085689360512,357739605.88731927,1057569800.0,82.44731982935771,73.774905584282,13.005057313199808,1193.5217674080905,1151.094455736441,19.832429916232304,707.8113736575714
2024-09-12,1189.083702391641,1204.6703565446362,1175.7451268751188,1202.3223876953125,7592871,1202.6811352539062,1180.3921416402763,1179.9556701484123,58.305183755824906,0.4364714918640402,364099793.5317419,1065162671.0,96.12853299853624,88.23271310422098,12.752042392323546,1197.6971347825279,1151.9397914870033,20.481915612895527,708.0468701485222
2024-09-13,1208.8669203308898,1218.5087048247742,1199.974495430322,1216.410400390625,6762566,1201.450927734375,1185.9334122172531,1182.6560205367246,62.29851184591136,3.2773916805285808,369331145.3405098,1071925237.0,97.18296928178387,91.9196073698926,13.286212912345949,1206.117432351415,1148.5751701876477,20.34279374014958,708.2639154944519
2024-09-16,1220.9565800362964,1232.9463336864073,1213.9625570737317,1229.9989013671875,4039284,1200.4745190429687,1192.71271824032,1186.1629005982404,65.70987887094546,6.549817642079688,372116146.1226849,1075964521.0,96.6854485218276,96.66565026738256,14.453854307446232,1215.8162208535057,1146.6497459433692,20.24572108818716,708.3970719687235
2024-09-17,1234.1451799941071,1239.5405931789464,1226.5516942361462,1231.0478515625,8030427,1199.3962890625,1198.610431059117,1189.4877117807782,65.96588620223292,9.122719278338764,369645245.50730014,1083994948.0,91.1087784137331,94.99239873911485,15.813538261056559,1224.5698455047343,1144.3006378937032,19.72737664923095,708.665043475344
2024-09-18,1230.8481209839067,1249.3323240741963,1223.9539884110695,1239.3907470703125,8210034,1198.4689453125,1204.88432583007,1193.1842329133362,68.01150103543095,11.700092916733865,371422967.6095507,1092204982.0,90.55970343893311,92.78464345816458,17.458885920225562,1234.0694504498272,1141.400385975954,20.13101657879494,708.941431593105
2024-09-19,1247.3838839474913,1260.6225696046859,1237.9420022086015,1241.6387939453125,8449864,1197.5556127929688,1210.5388593862613,1196.7734596564458,68.55986270897498,13.765399729815499,365727654.3988687,1100654846.0,83.7189241123377,88.4624686550013,19.383979699555024,1242.4047063275204,1140.3339167193546,20.313127351458473,709.230524313308
2024-09-20,1242.9377435523343,1248.9326201289532,1228.849807990495,1243.9368896484375,15009629,1196.6433129882812,1215.6770178881345,1200.26704706326,69.14221450438589,15.409970824874563,373269797.21420836,1115664475.0,85.68984239598349,86.65615664908476,20.417422450199147,1249.6815610598023,1140.955316381604,20.296676264815595,709.737401046549
2024-09-23,1250.4312892398568,1251.3804292067466,1239.4906887117218,1245.7353515625,5462814,1195.6651489257813,1220.30137691496,1203.6350696187592,69.61651802223022,16.666307296200785,373545280.30501294,1121127289.0,87.23225921702638,85.54700857511585,21.47512235276804,1256.323346188833,1141.9569882838232,19.696180852687686,709.9233632109593
2024-09-24,1240.0401803989173,1246.035056902626,1234.2950904161967,1238.4915771484375,9225946,1194.1114770507813,1223.099869258572,1206.2170331394761,65.26519255207705,16.882836119095828,370915019.2290073,1111901343.0,81.01977319398247,84.64729160233077,22.019741338139006,1260.9955208328327,1143.1098380538863,19.127879826526367,710.2336620773495
2024-09-25,1236.942817936568,1269.9146378007897,1230.0486857535618,1267.01708984375,6853324,1193.3251489257811,1229.8563647332146,1210.7207410434964,72.54319895337979,19.13562368971816,376772112.9154,1118754667.0,97.69839182256726,88.65014141119202,23.45296874165279,1270.2937100913475,1143.5183504555273,20.609170699433623,710.4709092561942
2024-09-26,1266.4677489486294,1280.5556852451584,1261.1722255766892,1276.009521484375,7270078,1192.7876098632812,1236.9568503872392,1215.55694700208,74.36659969406341,21.399903385159178,380631967.38389784,1126024745.0,96.67029107281247,91.7961520297874,25.11803304359665,1280.2393688298423,1143.7340076350013,20.521619911507592,710.7301613345164
2024-09-27,1271.9129699045366,1280.4557177425643,1256.1764190200147,1272.0628662109375,13372027,1192.0632275390626,1242.3577758985775,1219.7425706471806,72.10339095206011,22.6152052513969,384759127.917992,1112652718.0,92.15137104758284,95.50668464765418,26.252762289707867,1287.586152864562,1146.1688642252818,20.790025540867735,711.2038311190099
2024-09-30,1262.4211501734367,1273.9113308042197,1228.3002850375033,1231.1478271484375,8466919,1190.8612548828125,1240.6331683985559,1220.5874044620884,53.8177344091161,20.045763936467438,377349404.954482,1104185799.0,52.85984650297952,80.56050287445827,25.38452287023173,1288.7045483639745,1149.3867602297755,22.562955556999782,711.489865118442
2024-10-01,1227.0512520632726,1241.8885466631198,1223.6042469422223,1225.6025390625,11164280,1189.7452075195313,1238.3207638853166,1220.9588959139708,51.89676272647402,17.361867971345873,368625414.50268674,1093021519.0,47.56907411117569,64.19343055391268,24.305602864688627,1289.25588434009,1152.3374262067848,22.257337282992474,711.8565969083077
2024-10-03,1206.4689403357831,1218.1090170312034,1172.0982894021524,1174.696044921875,17300892,1187.995703125,1228.5323455832488,1217.5320180627043,38.360159142486474,11.000327520544488,353278131.5849629,1075720627.0,2.395185224143557,34.274701946099576,24.066576409503693,1289.418472755006,1151.9750086903064,24.489259595660695,712.3778639967848
2024-10-04,1174.4962507198202,1201.7729882724368,1172.997531556843,1177.393798828125,13064515,1186.7797436523438,1220.6648768516914,1214.5588166379207,39.26428197683773,6.106060213770661,344205567.10566825,1088785142.0,4.882571063791641,18.28227679970362,23.84462327254625,1289.5742322731778,1151.6044298361974,24.795416532798782,712.7672306247063
2024-10-07,1181.9398732684149,1183.8382753207918,1129.934390048423,1144.7216796875,20047013,1186.176259765625,1208.9813080572003,1209.385695382334,32.9590597213091,-0.4043873251337118,335157426.8634098,1068738129.0,9.817529201141483,5.698428496358884,24.855106566954557,1291.483907463928,1148.3908728095093,26.874592871339498,713.3239505673635
2024-10-08,1152.0155149847044,1167.3523840477021,1141.5244803729618,1152.3153076171875,8464570,1185.695673828125,1200.2634618356599,1205.1582592515824,35.549569612557406,-4.89479741592254,333765805.0760815,1077202699.0,14.859065937211247,9.85305540071478,25.793412483190842,1293.4154271019918,1144.7058619605084,26.799829357296705,713.5590751389617
2024-10-09,1153.0146443687056,1183.988174676704,1153.0146443687056,1169.15087890625,9807734,1185.6976733398437,1195.4769106157507,1202.491045892669,40.993450393289,-7.014135276918296,334177112.59521896,1087010433.0,26.03648362378243,16.904359587378377,25.796888916248612,1294.417687467901,1142.0000737625678,27.147903478883826,713.840460954965
2024-10-10,1175.9949603025386,1189.9830057097056,1174.046674192971,1183.23876953125,6806243,1185.9824291992188,1193.5941196796737,1201.0649513473788,45.16719654077629,-7.47083166770517,335222568.022275,1093816676.0,35.38967010820282,25.428406556398823,25.503138863885532,1294.4900175427038,1141.7429048205777,26.696776573496095,714.0414061643072
2024-10-11,1181.4903201137774,1187.1854043714447,1165.0044086703294,1171.4488525390625,4754158,1186.1093212890626,1190.187155504195,1198.8711662504666,42.46037809268163,-8.684010746271497,333230946.45543855,1089062518.0,27.562146797645713,29.66276684321031,25.515294520837504,1295.3704426842808,1137.7751261633755,26.37422079689747,714.1793054422983
2024-10-14,1170.5496378403072,1173.9966430270208,1155.6123307770424,1163.355712890625,9765296,1185.9504541015624,1186.0592412559536,1196.2403919275152,40.65908428567511,-10.181150671561682,331691839.97529167,1079297222.0,22.188975867289173,28.380264257712557,25.812755506063635,1296.0621769720642,1131.7779231255922,25.803513043546104,714.45601384815
2024-10-15,1165.104286275286,1170.999272878385,1148.5184847898495,1152.86474609375,8741516,1185.8105737304688,1180.9523958463838,1193.027381125014,38.385796507266996,-12.074985278630265,326330357.8583211,1070555706.0,15.223847342021799,21.658323335652216,26.299945768500898,1295.9800250228025,1124.1466595475101,25.566175546759634,714.699650965877
2024-10-16,1150.017137372719,1161.956884234946,1147.1195893492861,1152.2152099609375,7739854,1186.2042358398437,1176.5312903255458,1190.0042573350825,38.24322791818422,-13.47296700953666,323906750.5026727,1062815852.0,14.792609427114678,17.40181087880854,26.794879868317402,1295.0078276564575,1117.235592753699,24.79982692810966,714.9133475875616
2024-10-17,1150.017218078076,1150.3668948371856,1123.040272041492,1130.883544921875,6595231,1186.3191381835939,1169.5085602634426,1185.6249453044743,33.802915043970756,-16.116385041031663,321097438.95777,1056220621.0,4.982530682076236,11.666329150404225,27.9260509584832,1293.9368685788831,1107.4558316164294,25.112334856062215,715.0874004375514
2024-10-18,1157.0112007686191,1202.8220257322612,1155.0629146314764,1195.8280029296875,20829666,1187.519111328125,1173.5577052890187,1186.3807273507864,52.05475334511782,-12.823022061767688,335826356.6140011,1077050287.0,48.24499243600292,22.6733775150646,26.446579346608015,1289.7419557474423,1107.0696653463078,28.457059567085356,715.7012913492866
2024-10-21,1195.8280254005576,1213.7627716752456,1184.5377472724651,1189.28369140625,7456038,1188.561220703125,1175.9770877685928,1186.5957617252652,50.54247814457653,-10.61867395667241,330791937.79348826,1069594249.0,55.73780484037683,36.321775986151984,24.66820834118633,1284.6363367176093,1106.7099645519218,28.511914198206437,715.9259274002859
2024-10-22,1193.2301736580623,1196.9769713563815,1172.347996759549,1174.7459716796875,7256246,1189.2206567382811,1175.7876852933766,1185.7179994996668,47.258025388558124,-9.930314206290177,324948685.7331217,1062338003.0,54.38769560257814,52.790164292985956,23.43605273188611,1278.4393704168087,1105.807992864441,28.234561369536866,716.1377415297875
2024-10-23,1174.0965788352514,1182.1397538713547,1157.6606739810497,1159.4091796875,6501834,1189.1427221679687,1173.267915200165,1183.7691980320988,44.008875976862626,-10.50128283193385,319375685.1616931,1055836169.0,40.08807935498815,50.07119326598104,22.766690025492146,1272.8566874353494,1103.482436099807,27.966312692448874,716.3212748944771
2024-10-24,1164.005180524674,1174.196421730821,1153.6640430136567,1166.3531494140625,5046700,1189.2975903320312,1172.204105079226,1182.4791203566888,45.825022266259616,-10.275015277462671,320566753.727436,1060882869.0,47.74215607751594,47.40597701169406,22.271621739589843,1260.0933761075785,1106.179353384609,27.43531740849997,716.4631029990089
2024-10-25,1185.9863817213213,1200.7237862119612,1169.0008985795669,1188.3343505859375,12798716,1190.0219702148438,1174.6856813110278,1182.9128411144109,51.219016516321034,-8.227159803383074,323368342.74358386,1073681585.0,71.97120759242462,53.26714767497623,20.749693589788823,1242.9852412446025,1114.519971157741,27.93069736488559,716.8394420140005
2024-10-28,1192.9805076128803,1192.9805076128803,1166.0535675549525,1170.599609375,8572243,1190.1168896484376,1174.0570548593312,1182.0007498744544,47.140830034252936,-7.9436950151232395,317690582.00452954,1065109342.0,52.42286921712348,57.378744295688,19.443493875739957,1221.583689795119,1125.775196923631,27.859000414388607,717.086083233172
2024-10-29,1175.3955196864351,1190.1828090793306,1156.6115238483947,1185.8365478515625,9908946,1190.7883154296876,1175.8692845504438,1182.284883057944,50.767789665318354,-6.415598507500135,325033831.30798715,1075018288.0,69.21797356066996,64.537350123406,18.57618914232022,1211.9517840902934,1130.8759746987691,28.2670207584277,717.3714738173516
2024-10-30,1177.7434804139418,1186.635905210707,1163.3058678710145,1169.400634765625,9686560,1190.8362744140625,1174.8741076604717,1181.33049429555,47.01991525007529,-6.456386635078161,320408328.377983,1065331728.0,51.10128458903755,57.58070912227699,17.770834747001892,1200.6235224690881,1136.5840458902867,27.914379085660904,717.6474355036355
2024-10-31,1164.5048071730241,1176.9941337192813,1152.8647304386966,1158.5599365234375,8682294,1190.5395288085938,1172.3642351778512,1179.6437863124306,44.677141976770805,-7.279551134579378,315824557.0843523,1056649434.0,39.151990548472796,53.15708289939342,17.419044041396656,1199.974805708419,1135.6191518111123,27.644023671012604,717.8889111668777
2024-11-01,1163.0560879501725,1171.4988238645128,1163.0060818578193,1168.5513916015625,460781,1190.5315380859374,1171.7776438584222,1178.822127444959,47.28416963370411,-7.044483586536899,315965507.1547223,1057110215.0,50.1651957825222,46.80615697334417,17.09238124333465,1199.2347062987046,1135.4750104981704,26.5936567903028,717.9018597437321
2024-11-04,1170.9992572381775,1175.9449817651664,1134.480417622347,1138.2772216796875,9288653,1189.9979956054688,1166.6237327540014,1175.818801091976,40.982348655206785,-9.19506833797459,308377930.53773475,1047821562.0,16.795116646594828,35.370767659196595,17.78088409603149,1199.934900275282,1134.1303707208117,27.6558644583397,718.1522167153721
2024-11-05,1137.9774273803207,1173.896803662119,1132.4821237068345,1170.699462890625,11701049,1190.0259692382813,1167.2507681596358,1175.4395908548388,48.84538976917593,-8.188822695203044,318272265.53789973,1059522611.0,52.53293399270628,39.831082140607755,18.482364745285917,1200.1783607970492,1135.7253257263883,28.638636993835764,718.4740874166071
2024-11-06,1170.799429278286,1182.5393957578722,1160.4581697425565,1165.50390625,10353506,1189.731220703125,1166.9820201735379,1174.7036142174434,47.74756361074361,-7.7215940439054975,312650477.1669843,1049169105.0,40.62686920999826,36.65163994976644,18.655977827346714,1200.0080797434348,1135.5309095143775,28.170250495370045,718.7652604761339
2024-11-07,1167.6020678828468,1171.8984447514144,1150.0671276109715,1158.9095458984375,6252889,1189.51041015625,1165.7401010542917,1173.5336832308503,46.32443102031044,-7.79358217655863,311462849.203449,1042916216.0,32.5137936915485,41.891198964751005,19.176229041709764,1198.1955255119149,1134.9105413826162,27.717469541446683,718.9373402910264
2024-11-08,1155.0128937463028,1166.7528604431186,1150.1170534539897,1159.9586181640625,3786168,1189.2216552734376,1164.8506421481027,1172.5281228555327,46.59712540611289,-7.67748070743005,312156393.83771515,1046702384.0,40.26351857293017,37.80139382482563,19.65931945504688,1197.6618060101525,1134.295237446879,26.925922216281126,719.0411523972512
2024-11-11,1151.0163455380018,1175.795218429766,1141.9740242453897,1170.0001220703125,6620678,1189.136728515625,1165.6428698284426,1172.340863538109,49.25462987624422,-6.697993709666434,316508230.1897382,1053323062.0,54.9781423637788,42.58515154275248,19.56566558965002,1198.016386003063,1134.605098371937,27.418441642573637,719.2240696160404
2024-11-12,1170.6496057768486,1185.9864747171694,1152.8148714727597,1157.1611328125,9606088,1188.5242529296875,1164.3379872106052,1171.2164390399157,46.09606379065701,-6.878451829310507,309419389.7639916,1043716974.0,36.16413815213175,43.801933029613565,18.90239316172122,1197.9205829205216,1135.1305401263535,27.829381756990497,719.4908333072959
2024-11-13,1150.9164816548919,1164.5048449852266,1134.130777445248,1138.1773681640625,8079113,1187.4761499023436,1160.3132765880603,1168.769100456519,41.82518748581664,-8.455823868458765,303492959.386365,1035637861.0,8.345700043283886,33.162660186398135,19.04676900031339,1199.0417900830203,1132.6055487841672,28.01114502720393,719.7050344069629
2024-11-14,1136.5787393829623,1149.7674196333846,1130.6337466753373,1139.7259521484375,5975873,1186.7367822265626,1157.1459959050414,1166.617756137402,42.29487030979284,-9.471760232360566,303196483.6789062,1041613734.0,14.583284418269107,19.697707537894903,19.312741391427966,1197.804930035971,1134.7266495538727,27.37703987940703,719.8612666264142
2024-11-18,1130.2340117154433,1134.0308156556105,1120.5923494899985,1125.23828125,9474971,1185.6507080078125,1152.2371167273427,1163.5526098494463,39.11329246607359,-11.31549312210359,300272865.80976236,1032138763.0,6.676104436467511,9.868362966006826,19.931258716058046,1196.0042264214417,1129.4683810004335,26.788222935052172,720.1008356715523
2024-11-19,1129.0351110813517,1138.0274261253624,1121.0919482455736,1132.981689453125,19225966,1185.1551318359375,1149.27474330054,1161.2880972274966,41.6401864270016,-12.013353926956597,308042507.7079002,1051364729.0,18.759347263978,13.339578706238198,20.24911108048952,1193.2554230052208,1126.5869842213417,26.08445543110479,720.5909566625322
2024-11-21,1137.0283256912808,1151.0163718772894,1114.7973237170884,1138.1773681640625,8126248,1184.5216748046876,1147.567454818005,1159.5761913709457,43.3393716797144,-12.008736552940718,310407537.03726447,1059490977.0,32.84214535294504,19.425865684463506,19.749776676390987,1191.9808492342036,1124.2046976407964,26.808354911754524,720.7997633197008
2024-11-22,1135.6794703132584,1146.919864248595,1126.5872649454466,1141.424560546875,16687505,1183.6264428710938,1146.6223941609082,1158.2316261247183,44.42837780923138,-11.609231963810089,318074758.24258286,1076178482.0,37.40350384253962,29.66833215315421,19.28610901544235,1191.8401367583658,1122.5469482025717,26.34580093971124,721.2316673548812
2024-11-25,1159.0094383509029,1163.5055956548504,1141.024809135113,1154.9129638671875,12385823,1183.022958984375,1147.8978664234128,1157.9857992908271,48.828029409167975,-10.087932867414338,320992334.53931683,1088564305.0,56.350777592576556,42.19880892935373,17.90949982760084,1191.021216988451,1122.221849417799,26.06972848114168,721.563041863184
2024-11-26,1156.1119336772122,1158.609798939658,1141.674321246706,1143.822509765625,5127437,1181.8529614257814,1147.2708884760607,1156.9366667334048,45.629265694175416,-9.665778257344073,317165681.78580594,1083436868.0,40.77192330683029,44.842068247315474,16.631219867462296,1185.941902040135,1122.849980284084,25.417281996270987,721.6984510915888
2024-11-27,1144.2220616490547,1154.463309144657,1132.5821071903288,1148.6683349609375,5989943,1180.4981201171875,1147.4858802429649,1156.324197713222,47.25517354991768,-8.838317470257152,319982895.5070942,1089426811.0,47.578894772618646,48.23386522400849,15.938497201472279,1184.0302603052633,1122.5684945775492,25.164704850417927,721.8554918604677
2024-11-28,1147.5192965947504,1153.464167107178,1128.43563046558,1131.532958984375,10731275,1178.5288012695312,1145.0315846647202,1154.4878096592333,42.423997165130004,-9.45622499451315,311907651.4669937,1078695536.0,23.50868781574258,37.28650196506383,15.513769562531667,1178.8316804838003,1122.3367155122935,25.15497854978792,722.1316167550044
2024-11-29,1132.582060260801,1139.925759377213,1126.736958261915,1135.3297119140625,6406277,1176.6144384765626,1143.5389888569266,1153.068691307739,43.79513409869923,-9.529702450812465,313848995.99941146,1085101813.0,28.842018634202798,33.309867074188,15.211282132106124,1176.4857274676638,1121.275576243274,24.30025159018148,722.2947704367296
2024-12-02,1131.7327610004063,1140.4254054214641,1125.6379940634379,1136.1290283203125,4785858,1174.5492041015625,1142.3989949282168,1151.8139014568185,44.096966436456015,-9.414906528601705,315853860.0549368,1089887671.0,29.964825122299686,27.43851052408168,14.992893636706357,1175.5222441164508,1119.9959687741741,23.620763002170396,722.41659103179
2024-12-03,1143.422805606189,1163.9053003762572,1137.0282462603673,1159.509033203125,8382042,1172.9066088867187,1145.031308508972,1152.3839112158041,52.18537625815423,-7.352602706832158,321493808.67449975,1098269713.0,62.806914899133666,40.53791955187871,14.535355948120182,1173.973868775085,1120.640108275696,23.917585077439988,722.6398319262084
2024-12-04,1156.5116747211634,1167.0027093514634,1152.9147729554202,1158.4599609375,18379798,1171.1970703125,1147.0972550364377,1152.8339889729666,51.823052962258714,-5.736733936528935,317583047.4613609,1079889915.0,83.63626987875678,58.802669966730036,14.277655669300477,1175.0671907657531,1121.5650602108092,23.215467314483078,723.1353181249747
2024-12-05,1163.00607766556,1175.895086940121,1149.1179222761664,1165.404052734375,10640451,1169.5904443359375,1149.913685451505,1153.765104807145,54.09501973307539,-3.8514193556400187,319885846.8237451,1090530366.0,82.82910265069883,76.42409580952975,14.50500251379177,1174.003922727273,1122.0987872336643,23.46987426801676,723.4242857235419
2024-12-06,1166.503084244846,1192.8305598686338,1159.0094884145792,1183.53857421875,7542210,1168.4913842773437,1155.0867452618504,1155.9705469857824,59.470412622742025,-0.8838017239320379,323283770.1955928,1098072576.0,88.09227182140927,84.85254811695495,15.487022150007006,1178.299868727951,1119.6063080298613,24.209245495590892,723.6358515871458
2024-12-09,1183.2387822026365,1184.9872878972571,1160.008635116961,1162.2567138671875,6308112,1166.3961767578126,1156.1898173549791,1156.4361889769978,51.80385108700833,-0.2463716220186143,318111118.3555928,1091764464.0,60.81945654276084,77.24694367162296,16.398897526492583,1178.72944139857,1119.5114521561172,24.26420315878413,723.8090045148597
2024-12-10,1156.0120320175192,1164.0552068694128,1150.2669419707597,1152.6649169921875,4714389,1163.9292846679687,1155.6475249914727,1156.1568354966414,48.753296981889896,-0.5093105051687417,315036527.7125852,1087050075.0,48.52751871210093,65.813082358757,16.510625056377233,1177.9992232739621,1119.5123001635377,23.515921854489058,723.9344250469993
2024-12-11,1149.018037571162,1157.3608832768325,1143.572740005626,1146.2703857421875,7788242,1161.4134350585937,1154.2048881838903,1155.4245058852005,46.775732264037444,-1.2196177013101988,310295819.729799,1079261833.0,30.70636078783903,46.684445347566914,16.142121481495852,1175.146799977461,1119.9917498272266,22.821080527111736,724.1382998048913
2024-12-12,1144.022283571999,1153.5641776056896,1142.6234546399185,1144.6717529296875,4825283,1159.6839135742186,1152.738251990936,1154.6280056662736,46.2704257438249,-1.889753675337488,307277294.6465241,1074436550.0,28.327179708291123,35.85368640274368,15.732439560229425,1174.188858878582,1119.700752937824,21.972483558444548,724.2638862007896
2024-12-13,1140.0257583610694,1151.7157195420548,1112.6991355227563,1147.169677734375,8731618,1158.1152563476562,1151.8815482591574,1154.0755369305775,47.229692194580295,-2.1939886714201293,313974172.72890055,1083168168.0,43.01750841571321,34.01701630394777,15.629227136147412,1174.3400393326278,1120.4488034408096,23.189919305648402,724.4857101361677
2024-12-16,1145.5209692270178,1154.0137108218105,1140.7750253946338,1149.917236328125,3975202,1157.6196801757812,1151.579346423614,1153.7675146637293,48.32258834269075,-2.188168240115374,315489264.3667616,1087143370.0,46.44632378518736,39.263670636397215,15.385129510421907,1174.6348579852943,1121.1731132061118,22.47911688575757,724.5893193914029
2024-12-17,1144.2721002862004,1150.8664403216148,1129.035121871562,1135.27978515625,7292817,1156.7773999023439,1149.0717216132502,1152.3980532187309,43.19064199544734,-3.3263316054806182,312368544.1337105,1079850553.0,28.17951860686653,39.214450269255686,15.728099191772486,1173.7567703935367,1123.0553511884943,22.432845568921515,724.7748543512932
2024-12-18,1135.229787819368,1138.9267016920649,1114.997078620928,1121.291748046875,7222127,1156.3088012695312,1144.7978795261156,1150.09388246526,38.935150064775144,-5.2960029391445005,308945967.3298889,1072628426.0,10.723149618593798,28.449664003549213,16.643626629246832,1175.038229110389,1120.6048983310172,22.53975824765118,724.9525144588371
2024-12-19,1103.956540634929,1118.0944822195825,1100.1098525767634,1107.953125,11677610,1155.4215576171875,1139.129455752867,1146.9723448752407,35.35762934597662,-7.842889122373663,307453796.59678894,1060950816.0,8.459029975415529,15.787232733625268,18.039008647483964,1178.4181108397224,1114.2025922852777,22.4427680492555,725.2277167936055
2024-12-20,1103.0072568859084,1104.9056588150418,1064.0905661860045,1070.9346923828125,12623056,1153.4572338867188,1128.6379536959355,1141.3399261720979,27.739743559791222,-12.701972476162382,299064164.20009154,1048327760.0,5.316239344923539,8.166139646310938,20.327342075119855,1188.7504510411154,1096.8212652674783,23.972753103879786,725.5024938141246
2024-12-23,1074.181925218324,1082.6247827661366,1071.4842795912562,1078.228515625,3886921,1151.3570288085937,1120.8826555311762,1136.665006872313,30.898809834087672,-15.782351341136746,299883370.4291782,1052214681.0,10.981785096128311,8.252351472155777,22.452223115067472,1192.412420524339,1085.4908509600361,23.095420052411523,725.5864145600059
2024-12-24,1076.3801503868544,1083.8237401012339,1075.0812116606846,1077.978759765625,4343694,1149.487626953125,1114.28205618263,1132.3178774570026,30.8490766182439,-18.035821274372665,298418949.2628277,1047870987.0,10.787784885136613,9.028603108729472,24.33596906244642,1195.2706447878286,1076.0482516965462,22.070213508707074,725.6805536408257
2024-12-26,1082.075186563399,1091.666964377949,1071.8339394144841,1075.780517578125,4775460,1147.736123046875,1108.3587425511676,1128.1299248733822,30.38550610739223,-19.7711823222146,295544029.01327515,1043095527.0,9.080279606769798,10.283283196011558,25.495517992639027,1196.695962245635,1067.3341525004587,21.910414326904057,725.7842263528719
2024-12-27,1077.1793765790876,1085.3224416159574,1075.081194180686,1076.5299072265625,3801667,1146.2094262695311,1103.4619986550745,1124.3077013439881,30.767451071463228,-20.84570268891366,292817919.38336855,1046897194.0,10.289229405465514,10.052431299123958,26.572241999246444,1198.3231410187464,1060.206668551566,21.07690240607315,725.8665327623324
2024-12-30,1073.1828578787208,1095.5637560852615,1063.0415000388418,1069.036376953125,9452155,1144.545849609375,1098.165749162467,1120.2135291668872,29.051021509106278,-22.047780004420247,286850424.59383166,1037445039.0,5.934716289877669,8.434741767370978,27.95357485374432,1199.7284913706796,1052.171984703539,21.8944276660979,726.0692130163526
2024-12-31,1061.093125882966,1069.5358613844005,1057.5961146394723,1063.790771484375,5292136,1143.203994140625,1092.8772910581451,1116.0340656348492,27.878559867066443,-23.156774576704038,287049689.24024516,1032152903.0,6.209262978817697,7.477736224720277,29.398275347367445,1200.7102397367132,1043.9564106539117,21.183379028871496,726.1786216076129
2025-01-01,1063.2413952878649,1076.03039277255,1053.050031422574,1070.8848876953125,2985355,1140.7051318359374,1089.49384438694,1112.6896820837724,31.882462723329425,-23.195837696832314,288698149.7435995,1035138258.0,17.66462591187361,9.936201726856309,30.198776209313216,1197.3840657598055,1038.4201700800384,21.31173490895039,726.2408599620447
2025-01-02,1071.0846105910884,1087.7703015405455,1066.5884531772265,1085.672119140625,6557076,1138.632900390625,1088.9058866567377,1110.6883811250207,39.43069084974261,-21.782494468282948,293956194.49550825,1041695334.0,32.310716004173,18.72820163162142,30.033188272811508,1192.6410785271237,1035.8843731330326,21.302457298548145,726.3828412746003
2025-01-03,1085.0726691338768,1092.5662649151882,1078.8780120744239,1083.9736328125,7357220,1136.8174536132813,1088.1470783730088,1108.7095108796489,38.89751822795434,-20.562432506640107,292076606.04464835,1034338114.0,30.628441409753016,26.867927775266526,29.529673261421344,1185.9358799357692,1034.4465297321995,20.758585551563588,726.5443212284554
2025-01-06,1086.8211254988164,1089.0692041311972,1058.994932153449,1062.491943359375,5283413,1134.8791088867188,1084.2001345247575,1105.2859873596287,32.847851094101586,-21.085852834871275,288021894.7389208,1029054701.0,9.652687154510346,24.197281522812105,29.86526656085427,1174.6357493052224,1033.641997276809,21.423991724862482,726.6553624850968
2025-01-07,1063.6410686595937,1069.585939386801,1055.0983204039812,1066.5885009765625,4619462,1132.8838159179688,1081.4906524404198,1102.4195068868091,34.92635125334756,-20.928854446389323,290729855.22167945,1033674163.0,15.765014539459036,18.682047701240784,30.31731939940274,1166.3237750914675,1032.387150201501,20.928536529002294,726.7505752375776
2025-01-08,1062.8417164055375,1081.425810390834,1058.1956624176928,1074.0321044921875,8780098,1130.5977709960937,1080.3431835253073,1100.3167363390594,38.642609423243854,-19.97355281375212,293920883.152186,1042454261.0,32.25805247413748,19.22525138936894,29.87033103845392,1158.5332396136873,1032.3144044292812,21.09293734644078,726.9353983862768
2025-01-09,1078.6781174845069,1079.2276966322133,1053.3497879534912,1060.8433837890625,9054190,1128.402646484375,1077.3432143351158,1097.392784298319,34.84551238903266,-20.049569963203112,290110427.591535,1033400071.0,15.028942389424344,21.017336467673605,29.66024085506312,1151.4177819738777,1030.8871618737787,21.43472101303231,727.1220541300136
2025-01-10,1055.3480496665616,1063.940681583058,1036.114487577964,1039.811279296875,5612886,1125.4821411132812,1071.5690704830788,1093.1274876315454,29.814280581589188,-21.55841714846656,285988918.4201586,1027787185.0,6.2183973188118875,17.835130727457887,30.125072557345458,1144.8693611518784,1026.9495353324965,21.891254798179578,727.231544809614
2025-01-13,1025.7233630583805,1062.0923055338462,1022.3762480127075,1048.404052734375,7180930,1123.0622094726561,1068.005221598663,1089.8146406021253,34.00668101074825,-21.80941900346238,288219992.3009811,1034968115.0,35.563179300851445,18.936839669695875,31.00310849162773,1134.9108799915564,1027.0314539928188,23.16445499267666,727.3704923277983
2025-01-14,1052.0508920133261,1060.094067323752,1044.607301966996,1050.7520751953125,6892897,1120.9060522460939,1065.350891382763,1086.9211172386576,35.146667921121534,-21.570225855894705,286796964.31177056,1041861012.0,38.771407757830474,26.850994792497918,31.81842757346127,1121.213373015683,1030.8124448554108,22.616048590110896,727.5069169949841
2025-01-15,1042.1093350734811,1052.0009054084283,1013.7835688153692,1025.9232177734375,11418721,1118.0534887695312,1059.2850954428668,1082.402754315308,29.369270712748175,-23.117658872441098,282632504.1707179,1030442291.0,14.844242063184344,29.726276373955404,33.41061579301628,1112.0514207268343,1029.0387404059784,23.730426304607192,727.7178739775164
2025-01-16,1033.0171728612916,1045.5563831841841,1026.1730464981413,1037.1136474609375,10261727,1116.0302172851561,1055.8741034456468,1079.0480056594286,34.588171826381654,-23.17390221378173,283954898.3274218,1040704018.0,28.527788238701362,27.381146019905376,34.88907628260307,1103.2198309843798,1029.4525200898388,23.437764812188583,727.9107762915053
2025-01-17,999.1461051896173,1010.8361268169435,973.7677697245856,990.2037353515625,33831617,1112.420302734375,1045.7709698927108,1072.4669485995867,25.936511208120407,-26.69597870687585,280124896.59899175,1006872401.0,13.835163147989979,19.06906448329188,37.19906603828766,1105.5551406813452,1015.3422714280301,26.288344306771677,728.4531492766766
2025-01-20,991.2028832561386,993.3510717794115,975.6661734888432,987.206298828125,33440507,1108.8543505859375,1036.7610204981593,1066.1513449128117,25.497635210666147,-29.39032441465247,290327008.9512264,973431894.0,11.312036471487591,17.89166261939296,39.34405652570907,1111.1748065091597,1001.3497662447467,25.673812448471438,728.9744953254733
2025-01-21,992.7515647509814,993.6008755464943,962.1777177393942,969.37158203125,11894500,1105.0635913085937,1026.3934145801732,1058.9824735882517,23.00347355648921,-32.58905900807849,283878646.4365013,961537394.0,5.517251666403486,10.221483761960336,41.51989170982382,1116.4729422863772,985.1659371081538,26.08447997408777,729.1519543297636
2025-01-22,974.9168003898411,974.9168003898411,953.185372863857,958.4808349609375,17303146,1101.0340356445313,1015.945325407983,1051.5379077640061,21.61314091963922,-35.59258235602317,275008278.60477316,944234248.0,3.7992740749071383,6.876187404266055,43.655558320885646,1120.5105378898504,969.1785490242122,25.773547656366084,729.3961781239227
2025-01-23,953.1854083200985,962.8771379807579,947.1905315382111,950.2379150390625,24649522,1096.6387915039063,1005.8364930435337,1044.0342045991956,20.598373938215133,-38.197711555661954,259935913.64275882,919584726.0,2.1478799069354086,3.8214685494153273,45.71410376687673,1123.2220599370037,953.9127667231526,25.053051855378992,729.730151823899
2025-01-24,947.1904904330852,960.978694236453,945.2920884746561,947.6900634765625,14421921,1092.4493701171875,996.8908884947689,1036.8976015530748,20.281399610238637,-40.00671305830588,249923283.80014777,905162805.0,1.761484934190592,2.569546305344363,47.650074981599786,1123.5798933868573,940.6709488982988,24.384019991551696,729.9232485977002
2025-01-27,942.2946747087996,948.9390207529837,932.7028964179103,947.2904052734375,12713296,1088.631630859375,989.2600449222564,1030.260031458287,20.228814730987082,-40.99998653603052,260054764.56529203,892449509.0,9.808514684013634,4.572626508379861,49.6062202573547,1122.9020060705152,929.1742390466724,23.802027444660382,730.0867856817822
2025-01-28,959.180235428942,993.0013057953831,957.3817846841201,982.9598999023438,21781371,1085.496309814453,988.2907918422698,1026.7563180096984,36.14241242575175,-38.46552616742861,269555477.0783525,914230880.0,34.29931548169932,15.289771699967831,48.48141459872262,1118.967552906052,925.0256050529323,25.366946950180758,730.412096359241
2025-01-29,987.1563504180045,987.8058197786002,976.7652065467048,982.560302734375,11175206,1082.6427502441406,987.4091781333628,1023.4825391004151,36.055635230355726,-36.07336096705228,270111755.9744884,903055674.0,37.990130855778204,27.3659870071637,47.43695220142142,1113.2798172962016,921.8808821666889,24.343637398874655,730.5817645714035
2025-01-30,983.809246785376,990.5534830633907,973.9676209602275,983.8591918945312,10473118,1079.6603002929687,986.8630264043119,1020.5474763444237,36.58858988254577,-33.68444994011179,272130673.53537446,913528792.0,39.536694561131895,37.27538029953646,46.54753924061316,1103.8945985091245,921.0848082291569,23.789510592038123,730.7408285677272
2025-01-31,981.1614599961304,989.154628713003,977.2148207455668,985.2579345703125,9036312,1076.6019116210937,986.6160891990812,1017.933436213008,37.19564504397796,-31.317347013926792,275268776.0938226,922565104.0,41.254851320306244,39.593892245738765,45.72165577700549,1093.4825538320147,921.6252830820479,22.943103261709414,730.878498093841
2025-02-01,988.6550911139932,1004.0919109485104,981.1614951732605,997.2977294921875,4830391,1073.719375,988.2594184749437,1016.4048653447991,42.31472225964662,-28.14544686985539,277236719.8289621,927395495.0,54.14577629657786,44.979107392671985,44.035086632018455,1086.5050834953634,922.0833320319805,22.94219701267659,730.955024261612
2025-02-03,986.2570909647077,999.6456730985736,982.5102930895256,988.55517578125,7124605,1070.3922192382813,988.3049195989909,1014.3419253771287,39.77923050914979,-26.037005778137882,275138837.4843257,920270890.0,49.490964757706614,48.297197458196884,42.468986711673345,1077.6658468708388,923.1192361369738,22.527424369560265,731.0661245756672
2025-02-04,993.1512442533443,1016.2314952547484,986.9565261066653,1014.4330444335938,16058171,1067.8044299316407,992.3246311120066,1014.3486749368669,49.43702956925475,-22.024043824860314,289224003.44544023,936329061.0,97.84690411883034,67.16121505770492,40.06059486929529,1067.344793813087,927.480383188866,23.009391853740475,731.3312721258741
2025-02-05,1019.7285079133438,1021.1772819871264,1009.6371564724461,1012.4347534179688,7858373,1065.0797583007814,995.4184960821547,1014.2069029725042,48.78638262095031,-18.788406890349506,285175738.10390735,928470688.0,90.11857667853693,79.15214851835795,37.560602304195285,1059.082088441692,930.9022255231517,22.190158543807605,731.464872457367
2025-02-06,1011.135846962794,1020.9774115938708,1009.1874998832046,1019.8284301757812,5815563,1062.8456677246095,999.1738705580972,1014.6233123949692,51.33830057964061,-15.449441836871983,289857794.0876192,934286251.0,98.47543240603808,95.48030440113509,35.26163977120039,1055.8407591908529,932.1452698618816,21.447283770011786,731.5644466583196
2025-02-07,1018.6294771085081,1026.4727498171085,1006.7896198894281,1023.2255249023438,8638651,1060.603583984375,1002.8741250725966,1015.2605133214414,52.5092079748795,-12.38638824884481,295646121.70305336,942924902.0,96.53702677667565,95.04367862041687,32.81250957122891,1051.0230206541314,934.4451556153999,21.32127278127383,731.7133517109818
2025-02-10,1020.1281486117224,1025.8732385769695,1005.3407988108239,1010.8860473632812,3960565,1058.0987243652344,1004.1067285019326,1014.9364788060221,47.99192548884541,-10.829750304089544,293824836.55321276,938964337.0,83.37770414605286,92.79672110958886,30.6212165388144,1043.41324646123,938.0683270250981,21.264927565907524,731.7804291730845
2025-02-11,1008.1384042718065,1015.4821036361709,1001.743844906005,1006.539794921875,4808215,1055.0393395996093,1004.481046412693,1014.3145022220112,46.47533891511805,-9.833455809318252,292373663.9933762,934156122.0,78.7426830983998,86.21913800704276,28.79883526568841,1040.4962830039613,939.0469481972107,20.72730836335455,731.8600575934836
2025-02-12,999.1460897554412,1009.7870200045517,983.1597523193541,1006.0402221679688,7669283,1051.9909448242188,1004.7209196058124,1013.7015925883785,46.2942488793557,-8.980672982566148,297884614.1676228,926486839.0,78.2099183176131,80.1101018540219,28.08677411142681,1034.7799054349312,941.6559832369439,21.14873402920048,731.9831756872946
2025-02-13,1002.1435394057845,1016.5812127633229,1000.195192312027,1007.339111328125,6348246,1048.8296459960939,1005.123718332322,1013.2302976802116,46.873862077121345,-8.106579347889578,297071739.66957664,932835085.0,72.30659833430538,76.41973325010606,26.968358126581954,1036.3760359759156,941.7733902936155,20.8085402022073,732.0881873429095
2025-02-14,1009.6870990599269,1015.1324576088659,986.8066895087635,996.6482543945312,5375755,1045.0918395996093,1003.8198008034312,1012.0019981775686,42.78128897953445,-8.182197374137331,295431512.0844395,927459330.0,43.19698651940627,64.5711677237749,26.571521847311597,1036.952476695901,942.141145130271,21.34548505205695,732.174309542666
2025-02-17,991.6025387766662,998.7964027455306,977.2148108389374,992.1021118164062,7166803,1041.6887475585938,1002.017079420812,1010.5279325211861,41.136507008076734,-8.510853100374106,298152242.29042435,920292527.0,34.53851319098741,50.014032681566334,26.614743287231352,1037.1809536737533,944.1857211309343,21.362349827380967,732.2846798784956
2025-02-18,992.1021599108303,996.4983662838368,985.7076002989517,993.3011474609375,3090004,1038.5014721679688,1000.6761668116005,1009.2518743685752,41.772360964128,-8.575707556974635,299411158.67987424,923382531.0,32.65734814671974,36.797615952371125,26.654877481442554,1036.5137409852198,948.3349650694677,20.607236695774127,732.3326933139491
2025-02-19,990.8032596729911,1012.5846325710227,987.3062483045857,1010.4863891601562,6401381,1035.7857922363282,1002.1854317883013,1009.3433199086923,50.09340010098465,-7.157888120390908,304749840.78566295,929783912.0,67.54561601930467,44.91382578567059,25.558038343872113,1035.6472686973839,955.2262847694129,20.940890093678615,732.4365561243543
2025-02-20,1007.5389474515373,1018.7793410298854,1005.6405454762012,1016.3314208984375,5011212,1033.218985595703,1004.3617378052454,1009.8609570190437,52.575759614434475,-5.499219213798256,307893751.22249746,934795124.0,79.41178796951864,59.871584045181,24.148194638913328,1033.5262364580237,964.2114527509606,20.383597626536154,732.5208431891456
2025-02-21,1011.1358844792248,1021.0274555684333,999.7956002866314,1008.0885009765625,5019937,1030.4373620605468,1004.935085985448,1009.7296639788599,48.8830600764691,-4.794577993411849,306795265.1233419,929775187.0,62.67759223808966,69.87833207563764,23.159517151811652,1027.3862700232653,976.4312287560315,20.44418745905514,732.6040414732247
2025-02-24,1000.4949167860066,1012.134993173767,997.6973199195476,1009.1875,4265454,1027.6227673339845,1005.5893035261483,1009.6895036841295,49.39340807513942,-4.100200157981135,309319109.33253396,934040641.0,64.90870268695461,68.99936096485429,22.35731654536342,1027.3242670119323,979.1159917771303,20.01515073013831,732.6738551004137
2025-02-25,1003.1426606538377,1012.8343897910249,996.2485283338186,1008.23828125,5708975,1025.0819372558594,1005.9968385605871,1009.5820057260457,48.93893333161864,-3.5851671654586426,311864055.8826765,928331666.0,62.98166560482933,63.52265350995785,21.695884568072447,1026.7320859627496,982.2759706778754,19.77020149635745,732.767046238035
2025-02-27,1006.7895881710506,1022.675974509891,1004.2917229306947,1015.8318481445312,9777690,1022.9727392578125,1007.509916958117,1010.0449570163039,52.68922480639536,-2.5350400581869508,314361629.4598746,938109356.0,78.39759053399939,68.76265294192775,20.366950567789946,1026.7008670076762,985.504455257949,19.67120507370308,732.9314663993531
2025-02-28,1013.9334407248853,1034.615777000597,1009.0876065778273,1014.6828002929688,15026849,1021.1073327636718,1008.613437471171,1010.3885009627236,52.06605445432743,-1.7750634915526007,305921866.7798708,923082507.0,65.27414425135177,68.88446679672681,19.45440570989965,1026.1063378949834,989.0414709429073,20.089559741493563,733.1884411648963
2025-03-03,1016.1815119995523,1018.5295418855362,991.1529148051625,1006.389892578125,6763184,1019.8164367675781,1008.2713536414716,1010.0923077490496,47.68276818512469,-1.820954107578018,306687037.8237493,916319323.0,50.82681301395022,64.83284926643377,18.625802955892286,1025.9668747847359,990.0901503617484,20.610064551413576,733.2982573018678
2025-03-04,1000.2451655910475,1010.2366268834685,997.7473002679423,1000.944580078125,5786420,1018.2707580566406,1007.144157708649,1009.4146982919441,45.00364014686787,-2.2705405832950873,303863276.16535085,910532903.0,41.340365547779975,52.48044093769397,17.85638611288545,1024.5992873177677,992.6966782584042,20.03001184170734,733.3913213028867
2025-03-05,1002.1435659127035,1016.5312945423531,1001.6939379587069,1013.5838012695312,5133873,1016.9828588867188,1008.1348721026309,1009.7235207347284,51.77651144812235,-1.5886486320974882,306957425.1692719,915666776.0,63.35954403305168,51.84224086492727,16.71661203377107,1024.4994181137292,992.7116231460363,19.712633457601676,733.4761709618738
2025-03-06,1021.7267392253694,1038.612332076587,1014.2831498454004,1033.2169189453125,7861120,1016.1315869140625,1011.9936485399666,1011.4637724540308,60.01408893283592,0.5298760859357117,311331868.98990107,923527896.0,91.2123274319321,65.30407900425456,16.64294500956572,1028.7890425521691,990.5002152603308,20.09234041113412,733.6144740434789
2025-03-07,1032.817337571361,1049.4531455409124,1029.8198990891383,1036.7640380859375,7597321,1015.33626953125,1015.8044777008852,1013.3378662045425,61.30032130816983,2.4666114963426935,309108784.3045004,931125217.0,82.43438541693298,79.00208562730556,17.078095368417234,1032.627148161909,988.3556704416067,20.059547985465546,733.7525269605843
2025-03-10,1035.1153504084468,1049.6029687298005,1031.468442782615,1034.9654541015625,5995655,1014.6548510742188,1018.7523202240662,1014.9399097524699,60.24215825594375,3.8124104715963085,305425500.0232683,925129562.0,77.09143090069266,83.57938124985257,17.489022990339013,1035.0779246997213,987.0788868237162,19.922046411302684,733.8613873770038
2025-03-11,1029.520113656347,1035.914672765481,1020.2280066108474,1024.774169921875,4771085,1013.8745190429687,1019.6787586391137,1015.6683734687222,54.50126707550179,4.010385170391487,303419837.7545205,920358477.0,60.14429228625017,73.22336953462525,17.069946239676334,1036.5024601000246,987.0431636792722,19.61951925011204,733.9446335055255
2025-03-12,1024.3245322593168,1028.9207018891527,998.3467946594548,1010.3365478515625,7504702,1012.6635522460938,1018.2414954410289,1015.2734234230065,47.58321238247096,2.968072018022326,301801169.49461865,912853775.0,32.820556626233795,56.685426604392184,16.300889613244717,1036.586764237809,987.3385348344569,20.40197553436818,734.0690333988798
2025-03-13,1014.1332914267962,1015.132437526724,1004.2417206442948,1009.33740234375,4004140,1011.1368579101562,1016.8716349645244,1014.8337181578764,47.13728950648126,2.0379168066480133,301544041.40215904,908849635.0,31.111156136884826,41.358668349789575,15.586765602986787,1036.6346843562667,987.6203327335769,19.722599916372534,734.1346555860241
2025-03-17,1010.2366012913976,1038.1128019842872,1010.2366012913976,1033.2669677734375,5938668,1010.122724609375,1019.3939938582034,1016.1991440553254,57.42753138158128,3.194849802878025,305418023.4086607,914788303.0,72.05135006816987,45.32768761042948,15.265422649879044,1039.475172479426,987.372630254949,20.369228468098584,734.2381520955382
2025-03-18,1033.2669677734375,1033.2669677734375,1033.2669677734375,1033.2669677734375,0,1009.5382250976562,1021.5282975374703,1017.4634272937041,57.42753138158128,4.064870243766222,305418023.4086607,914788303.0,72.05135006816987,58.4046187577415,14.967032764850426,1041.4793373264806,989.030336745785,18.914283577520113,734.2381520955382
2025-03-19,1046.9053623518132,1057.646183234451,1042.6089852123262,1051.1517333984375,4822365,1009.2294897460938,1026.0857492083883,1019.9588573755361,63.573755132976586,6.126891832852152,306074903.9164878,919610668.0,90.23292133260088,78.11187382298017,15.754098571739616,1046.5509864391806,989.8636497912881,19.304635854912497,734.3288096184848
2025-03-20,1055.3481090881514,1057.9958707491392,1046.0061170837591,1053.44970703125,3742644,1008.817841796875,1030.2955888734439,1022.4396610537372,64.28718306943156,7.8559278197067215,306979345.75877297,923353312.0,93.1987392632674,85.16100355467935,16.498593602118223,1051.0731916300374,991.3563005574626,18.782144269945892,734.3995814374885
2025-03-21,1053.4496491429936,1074.6316193008408,1049.6529672039042,1069.2362060546875,6848565,1008.9856982421875,1036.2864530551738,1025.9060717945483,68.80697707981328,10.380381260625427,310869317.3026694,930201877.0,93.53677889618824,92.32281316401883,17.80587092580976,1060.141179057538,988.1632948194151,19.224751971873808,734.533895349732
2025-03-24,1081.0760349569089,1104.0063882058416,1072.783073887539,1096.9124755859375,8284863,1010.1277221679687,1045.613533444522,1031.1658054087252,74.82294901815925,14.4477280357969,315389551.5005678,938486740.0,93.32394738410517,93.35315518118692,19.866229178039386,1075.8976215101209,980.4649578355824,20.335139841822404,734.7093807757857
2025-03-25,1109.002216272288,1122.5406953407569,1095.413853076155,1117.594970703125,11720528,1011.5115405273438,1056.6876007150763,1037.567965800903,78.20570873714007,19.119634914173275,322836341.81077445,950207268.0,96.01773951015255,94.29282193014863,22.198309661396138,1094.279619472317,973.0336068460422,20.82026144344951,734.9716822047214
2025-03-26,1114.047955120439,1117.8946433973692,1088.1201613639344,1095.31396484375,7127060,1012.4027783203124,1062.630118273334,1041.8454472114843,67.6591794415771,20.78467106184962,319153215.3758508,943080208.0,78.07724022866933,89.13964237430899,23.878895544289183,1103.0901159700356,972.8357568326988,21.459848628448466,735.1261828662809
2025-03-27,1091.067555947459,1107.053893763539,1087.1708617115737,1097.412109375,8508917,1013.8325561523437,1067.9811938274363,1045.9614962606336,68.09550264183196,22.019697566802733,319409754.8833682,951589125.0,79.76665051350619,84.62054341744266,25.374899097959137,1110.920968030872,973.9222875843623,21.347218872985383,735.3088387770007
2025-03-28,1097.462058532138,1106.0546902692902,1085.5721960050441,1101.0589599609375,4921190,1015.1114624023437,1073.0700809248979,1050.0427898680634,68.88136248521002,23.02729105683443,321930364.3955633,956510315.0,82.7030673310243,80.18231935773325,26.64901459298479,1118.5563934541815,974.8095733426935,21.285452829504003,735.4144969629472
