Date,Open,High,Low,Close,Volume,SMA_50,EMA_12,EMA_26,RSI,MACD,ADI,OBV,SO_K,SO_D,ADX,BB_High,BB_Low,ATR,VWAP
2020-04-01,760.7542201439759,765.9871918187101,722.7565914485206,730.1109619140625,4104403,,,,,,-2707924.5822403184,4104403.0,,,0.0,,,0.0,739.6182483937646
2020-04-03,745.9040166467607,745.9040166467607,719.2208220856751,730.3938598632812,4268480,,,,,,-3401728.530332391,8372883.0,,,0.0,,,0.0,735.6526908460795
2020-04-07,759.0099080007254,766.552863608186,745.8097356876693,755.851318359375,5768998,,,,,,-3585274.7535435003,14141881.0,,,0.0,,,0.0,743.9822015612908
2020-04-08,758.0671176507688,784.4674650316414,752.1270509997105,760.989990234375,6151091,,,,,,-6364934.224802691,20292972.0,,,0.0,,,0.0,750.6141315003691
2020-04-09,786.6831450830971,786.6831450830971,758.4442495687423,766.3643188476562,6410296,,,,,,-9179481.347688364,26703268.0,,,0.0,,,0.0,755.3872026088454
2020-04-13,766.3643072024106,822.5593631329441,761.7914132116539,816.0064086914062,9462711,,,,,,-1757606.4843938462,36165979.0,,,0.0,,,0.0,767.0911483217614
2020-04-15,840.0496175775231,873.6628817256625,819.3536199259132,829.8666381835938,10435477,,,,,,-8152949.017712079,46601456.0,,,0.0,,,0.0,783.6328551859683
2020-04-16,825.9065047522856,867.2513070411804,820.4378734617542,859.5669555664062,6980512,,,,,,-3464117.1437113453,53581968.0,,,0.0,,,0.0,792.1598306369006
2020-04-17,876.8685000896979,886.2971936390495,863.6683291206058,879.6028442382812,5827648,,,,,,-1084482.353997814,59409616.0,,,0.0,,,0.0,800.4352186746686
2020-04-20,887.0515190956024,889.1258432830996,858.9540225142139,863.2911987304688,4958362,,,,,,-4617322.844857803,54451254.0,,,0.0,,,0.0,805.8291032914346
2020-04-21,845.753897701611,854.805421413592,813.6963363617506,820.6264038085938,5122305,,,,,,-8012616.937729284,49328949.0,,,0.0,,,0.0,807.5893795827088
2020-04-22,823.1250010201162,834.9108687323171,801.4390044296664,803.8904418945312,6090168,,807.4335707649544,,,,-13210712.367911968,43238781.0,,,0.0,,,0.0,808.0586741672026
2020-04-23,810.8677404575386,819.8250003811975,787.296003816331,792.5760498046875,6321888,,805.1477983095288,,,,-17480286.254460856,36916893.0,,,0.0,,,0.0,807.4288456051283
2020-04-24,790.1246072278044,819.353560478475,786.494582827237,802.5704956054688,7960368,,804.7512902012118,,57.18942115376821,,-17651599.8895387,44877261.0,49.056627598394435,,0.0,,,38.37476603474577,807.0193558609424
2020-04-27,812.7062129348569,824.916382004045,803.5603691219274,806.3889770507812,4224177,,805.0032420242225,,58.222061158110016,,-20756790.810907204,49101438.0,51.30404878606819,,0.0,,,37.22984606073366,807.2259946605461
2020-04-28,814.4506505809771,818.1278645960301,803.4190660840046,808.1806030273438,3772704,,805.4920667939334,,58.72512712672713,,-22086892.9277423,52874142.0,43.51978879843871,47.96015506096711,0.0,,,35.621199807254506,807.329437321162
2020-04-29,812.7534749982115,832.6008656332524,805.2105193137734,825.3407592773438,4837925,,808.5457117913812,,63.28525495471499,,-19813656.203839816,57712067.0,53.44113408400485,49.42165722283725,0.0,,,35.03328170098483,807.97582601281
2020-04-30,839.3423935189301,864.4226977985187,833.5908553613332,846.2724609375,6332497,,814.3498270446303,,67.93837993324516,,-20936848.607147645,64044564.0,67.2077902269327,54.72290436979208,0.0,,,35.32247147385555,810.3059797888743
2020-05-04,829.7250738140425,829.7250738140425,796.724644741893,802.0518798828125,4678576,,812.4578351735814,,52.73316316695116,,-24104906.400116403,59365988.0,31.617895213862415,50.75560650826666,0.0,,,36.338567525409225,810.2728394164227
2020-05-05,811.8105940370937,820.1078336627953,787.2959884099573,789.0874633789062,4296433,,808.862393359016,,49.25282242386261,,-27932182.47730662,55069555.0,2.526404275025318,33.78402990527348,0.0,885.0627777972813,723.8402251324062,36.08665879165414,809.8562338148414
2020-05-06,790.1245586650788,799.5532526825618,770.8899998501408,789.4645385742188,5081524,,805.8781080075088,,49.35751421511294,,-26427785.13284775,60151079.0,15.709735884456997,16.61801179111491,0.0,880.9213438613672,733.9170167343359,35.55641550885177,808.8976031930727
2020-05-07,785.410297417794,788.2860378975014,773.2472577878473,775.8401489257812,3529134,,801.2568835333968,,45.6898134427078,,-28739977.305590466,56621945.0,4.186673796975288,7.474271318819201,0.0,875.9846425378502,743.3983469641029,34.17504874296032,808.0677427965403
2020-05-08,785.4102634359438,787.1545489249008,763.7242657660437,769.3343505859375,4394509,,796.3457246184031,,44.00813929037547,,-31030067.160108037,52227436.0,4.473695571437915,8.1233684176234,0.0,874.7003214618794,746.03097126273,33.407565486952954,806.9050208174021
2020-05-11,774.2843247757046,780.2243901944374,769.7113738813075,774.6614379882812,2882920,,793.0096805214613,,45.76828927836344,,-31198135.70544914,55110356.0,10.861313330787862,6.507227566400355,0.0,873.5348038944267,748.5636336055734,31.79917078134917,806.2151667730118
2020-05-12,770.3243854554449,772.4458418413382,758.0670818925064,768.2500610351562,3024381,,789.200508292799,,43.976481455871614,,-29938808.130854197,52085975.0,9.574463046360123,8.3031573161953,0.0,873.3642284119854,748.9227833067645,30.71311258952243,805.3324687086373
2020-05-13,814.3563348124752,822.1350075776118,801.9104468786202,813.60205078125,8625444,,792.9545917525606,789.109637368714,56.846347487090505,3.844954383846698,-28591696.85677665,60711419.0,52.21630133553126,24.217359237559748,0.0,873.2152474878696,748.8313284398648,32.36824358616051,805.7601585918404
2020-05-14,809.8305874556333,829.3479388834184,793.424636131327,821.8521728515625,6778584,,797.4003734600994,791.5350103674434,58.70480189363356,5.865363092656025,-24641955.184662193,67490003.0,59.973411291627265,40.58805855783955,0.0,872.4257692498703,748.8193601446609,32.622176383726995,806.1657818449229
2020-05-15,831.5638289393974,834.439569618841,805.2106129429268,815.0164794921875,5653901,,800.1105436188823,793.2743784507578,56.53240730837936,6.836165168124467,-26502262.092101406,61836102.0,53.546206389334394,55.24530633883097,19.25754521421874,866.0538586209541,750.7362231661552,32.37980354745465,806.5972788039965
2020-05-18,820.2021237363261,820.2963876581636,763.7242229920832,766.8828125,6211249,,794.9985849852081,791.3194476395905,44.14461582996624,3.679137345617619,-32019926.675162114,55624853.0,8.28891876784783,40.602845482936495,18.03427309251358,853.0384980942426,752.4795805190386,34.107829341642194,805.7285864775245
2020-05-19,779.8472371930709,786.1644735164207,746.4696958405654,750.85400390625,5533176,,788.2071109730607,788.3220073630467,40.92831097142455,-0.11489638998602913,-36330818.55689592,50091677.0,3.716995746532608,21.850706967904944,17.396435059791877,844.1222923486891,750.1520667821703,34.506897079800275,804.2756581876021
2020-05-20,754.2955300336827,792.9531759479089,754.2955300336827,787.2959594726562,5949898,,788.0669338191524,788.2460038156104,49.8707464905759,-0.17906999645799715,-32122354.117871538,56041575.0,34.61231418819185,15.539409567524098,16.57579041263852,841.3565247756854,749.5847899215802,35.04920243421875,803.391856274133
2020-05-21,788.1917964565606,796.7247542079667,771.3615407884611,773.6244506835938,4701930,,785.8450133367587,787.1629258058314,46.99639154369146,-1.3179124690726667,-35985270.24788309,51339645.0,30.86824349830353,23.065851144342663,15.683419942748388,840.6223909720845,747.2923246040873,34.35734607602496,802.7969424356451
2020-05-22,768.4386126784765,779.281611507682,763.8185292884975,769.0986328125,4607479,,783.2686471022573,785.8248300285476,46.05017374819651,-2.556182926290262,-37446162.330756746,46732166.0,25.723507378184863,30.401355021560082,15.099945380605558,840.6930169936838,744.8739568832693,33.00775580053635,801.9982886915636
2020-05-26,774.9444252883872,794.5560983720069,774.0958197626745,778.3858642578125,4335209,,782.5174497415735,785.2737955270117,48.348356809804216,-2.756345785438157,-39963386.35989329,51067375.0,36.280793692725425,30.95751485640461,14.040494861611199,839.6551799276992,743.4933308144882,32.46844935474853,801.5482589388583
2020-05-27,784.420339452471,808.2277957666204,779.7531236357027,802.2405395507812,5159287,,785.5517712506824,786.5305913806242,53.7930543044759,-0.9788201299418233,-36973744.932493776,56226662.0,63.3976625347718,41.80065453522736,13.521345006660168,839.2256042579105,743.5080627342769,32.28084093718134,801.42071117314
2020-05-28,806.1533443760569,859.8969006677941,806.1533443760569,853.7682495117188,11481079,,796.0466140600726,791.5111586495941,62.892304607344016,4.535455410478448,-28111157.63424817,67707741.0,94.59684194333236,64.75843272360987,14.436155694623267,848.3447201754893,738.9477114651356,34.09337809288358,803.5679658232289
2020-05-29,842.1710104841022,883.9401159186758,840.0966861691095,878.9900512695312,10166556,,808.8071428615277,797.9910766214414,66.3820193044572,10.816066240086343,-20240275.569732033,77874297.0,96.39917834954463,84.79789427588294,15.786174543922641,861.2821187140369,731.3752421258068,34.78981035407521,806.5836523707146
2020-06-01,890.6816749929625,918.4963245808774,871.2113972621477,875.1243286132812,7617144,,819.009786823336,803.7046508430592,65.36734640101835,15.30513598027676,-26596748.854821447,70257153.0,74.78762661037226,88.59454896774974,17.65085595171744,868.1523752152996,727.3901723921224,35.68231870869339,809.3649031346628
2020-06-02,881.5829764045816,898.5546272872366,860.8869795130398,891.4359741210938,7325471,,830.1522771768371,810.203267382173,67.61665515498936,19.949009794664107,-22040098.86749747,77582624.0,84.26967344652589,85.15215946881426,18.98043770365803,883.631846438203,720.849110593047,35.82412792765792,811.719215090468
2020-06-03,901.3360426650588,917.2705014951392,900.4403051973725,906.38037109375,4651554,,841.8796762409776,817.3274972867342,69.56683949631234,24.552178954243345,-23408204.856350407,82234178.0,92.9569313914665,84.00474381612155,20.542159327459707,900.9566268192292,715.2536209835051,35.110585030971315,813.6197975375203
2020-06-04,906.1446908264282,912.6976451394945,875.5485650763195,877.5286254882812,5355931,,847.364129971332,821.7868401164784,61.82575558134782,25.577289854853575,-28193189.446680833,76878247.0,76.18525725198036,84.47062069665759,21.053592066056726,909.6591336493702,715.3575228447703,35.25619181898586,815.2854613186926
2020-06-05,886.2973266058459,905.0604526032658,883.0915472988479,900.6760864257812,6071040,,855.5659694258626,827.6304879912416,65.17401331547505,27.93548143462101,-24545361.898036182,82949287.0,89.64100018375805,86.26106294240164,21.528493894753954,921.5520634253182,715.9481868188225,34.70445148298577,817.2749901767709
2020-06-08,923.5405931574849,938.1550691084201,894.7830759637092,906.427490234375,9858804,,863.3908187810184,833.4673029722144,65.9726185358476,29.92351580880404,-29110427.25862127,92808091.0,83.44809604762591,83.09145116112144,22.619034730203712,932.513030362165,718.6965338468194,35.323561601680424,820.9517652299103
2020-06-09,909.3975513076589,914.8190504471291,895.4430954670067,898.83740234375,5117749,,868.8441393291309,838.3095325552911,63.890420236381175,30.53460677383987,-32435107.41200526,87690342.0,78.61537836843604,83.90149153327333,23.631679791692772,940.5735698209825,723.0535908235487,34.18444684299771,822.5543660994325
2020-06-10,902.3260809471072,904.6832546172931,882.2429727867617,892.4730834960938,5175923,,872.4793615086636,842.321647439795,62.119987097862435,30.157714068868586,-32891814.698686007,82514419.0,73.79666611513993,78.62004684373396,24.034718138666424,945.7385773096872,730.3108855809377,33.34557791353583,823.9210592826785
2020-06-11,890.068777492305,897.6117332337652,875.1714514125581,877.2929077148438,3602957,,873.2199070788452,844.9121111638726,57.9921499987356,28.30779591497253,-35813539.98373573,78911462.0,65.08926845947344,72.50043764768314,24.12505099477483,949.610435751029,732.8081128329554,32.56662819265521,824.7115832862125
2020-06-12,839.1538909449895,876.7744086257318,839.1538909449895,873.474365234375,5411314,,873.2590544873881,847.0278336876136,56.96669240254501,26.23122079977452,-31351578.736177925,73500148.0,60.57478982014956,66.48690813158765,22.917328487946794,952.6822157520616,734.8985520702041,32.96465594816943,825.4640627049862
2020-06-15,869.1370261332983,876.3500002677465,843.0195315007398,848.4882202148438,4982324,,869.4481569069967,847.1360104674084,50.65485391923677,22.312146439588332,-34698955.49200474,68517824.0,43.39283610060192,56.35229812674165,21.795871874463614,953.5613986941283,737.3665432004028,32.990785435229235,826.0040850545603
2020-06-16,867.4398873087993,871.8713851992527,840.2381269054001,843.915283203125,4661460,,865.5200224910164,846.8974380774615,49.5722876764193,18.622584413554932,-38276687.926771685,63856364.0,28.60715562893695,44.19159384989615,20.656798841544454,951.2527999778878,747.3783889869559,32.89381921084519,826.4279920124242
2020-06-17,841.6995459579055,848.3467638846532,830.7622261152287,834.2508544921875,4681085,820.0899365234375,860.7093812604273,845.960654108182,47.27290449335369,14.748727152245351,-41100395.02124024,59175279.0,3.248473808613077,25.082821846050653,19.260961772141894,945.2900982865422,761.6807757368954,31.800299107886566,826.6109391985485
2020-06-18,825.9536126018108,848.5824787004906,824.0678737602542,845.4238891601562,5869802,822.3961950683594,858.3577670911549,845.9208937416615,50.15164715943414,12.43687334949334,-36743184.82080075,65045081.0,18.71902919054919,16.858219542699743,18.04318728359311,943.1737186626497,769.6099483295379,31.27989238162584,826.8632907245832
2020-06-19,850.4682684804794,863.5741772335439,843.9624460681725,846.8853759765625,5409996,824.726025390625,856.592783842756,845.9923368701727,50.53210006796245,10.600446972583313,-40540570.594877265,70455077.0,20.000055349485038,13.989186116215771,17.13316261616182,938.3198820076047,781.7898775138797,30.446452294750518,827.3042901849678
2020-06-22,853.2969526948456,863.6685178657222,844.8111266459465,855.6069946289062,6839642,826.7211389160157,856.4411239637022,846.7045337411901,52.84503998842536,9.736590222512177,-39548814.15570491,77294719.0,27.64475081747996,22.121278452504736,16.291508311346675,930.7122100409988,798.0483856621263,29.618662217966598,827.9110732707472
2020-06-23,858.0112359947462,914.5834054009933,857.0683665046422,912.3204956054688,14580218,829.7477490234374,865.0379503701279,851.5649753607662,64.47642822293764,13.472975009361676,-26115903.66922472,91874937.0,77.35541361665469,41.66673992787323,17.02758111831815,927.6560158916589,814.4980429462319,31.715644257546636,830.9208936006087
2020-06-24,923.0692867678935,933.3465878523075,897.6118089918638,900.958984375,11985132,832.4396423339844,870.5642632939544,855.223790843302,61.2186447909584,15.340472450652328,-35855809.02597579,79889805.0,67.39679276021569,57.46565239811679,18.139961202216096,924.3308797585291,827.6950235617833,32.00272530061071,833.7702222983761
2020-06-25,895.6317120965626,909.680432349473,882.7615211060236,889.2201538085938,7508087,833.9039172363281,873.4344002962066,857.7420399518421,57.96009939026151,15.692360344364488,-39761077.48748514,72381718.0,57.10744299525543,67.2865497907086,18.555563052106315,925.3036958658874,830.2673978841126,31.63959572509919,835.0868189612672
2020-06-26,900.4403322996939,920.3348548422248,886.7687251600651,907.22900390625,6554103,835.4511645507813,878.6335700823672,861.407740985502,61.35825043382984,17.225829096865255,-38325056.18176395,78935821.0,76.10002628320024,66.86808734622379,19.20188991924157,928.4224207666376,829.9725682470342,31.77720529346066,836.3941598452104
2020-06-29,895.7259651746397,901.4774457212245,876.868576434121,883.0914916992188,4575801,835.9216552734375,879.3194041772674,863.0139447420736,54.947350991430575,16.305459435193825,-40586665.370612994,74360020.0,54.01199897835979,62.406489418938484,19.38478043667936,928.8114306334994,830.3802746887661,31.676006877651254,837.0502556425874
2020-06-30,894.5002486907019,897.7531597663497,878.1886188983123,889.73876953125,3656480,836.1243737792969,880.9223834624954,864.9935613931237,56.30144580120098,15.928822069371677,-39925855.73205878,78016500.0,60.09486505823677,63.4022967732656,19.554607345728733,928.6504100859984,830.3715747772828,30.810902162678836,837.5769279456323
2020-07-01,887.2401947710243,887.2401947710243,864.6113268916358,871.4942626953125,6426017,836.2884350585938,879.4719033444673,865.4750948229155,51.70779730408417,13.99680852155177,-42442718.92727461,71590483.0,43.399475670172734,52.502113235589775,19.121991872364962,925.4214123914021,830.1119616320354,30.404940768174217,838.2277861070268
2020-07-02,882.5258136308047,896.3860061878485,873.097119040732,887.5230102539062,6542705,837.6263671875,880.7105351766886,867.1082737437296,55.168569059413414,13.60226143295904,-40879897.03166443,78133188.0,58.06724303161111,53.853861253340206,19.0102220272885,926.109899096238,830.4229134037621,30.011140962771485,839.0653658244428
2020-07-03,893.8402036586577,900.8174603351816,887.8058163952759,890.304443359375,3928063,839.3546472167968,882.1865210509482,868.8265085300736,55.76102318807709,13.360012520874534,-43299347.56519831,82061251.0,60.61250825419211,54.026408985325325,19.047184271632357,924.8272061264199,830.6684420669394,28.81709161409319,839.6308085498949
2020-07-06,898.6488392801671,904.6832267089635,892.5673774372415,896.857421875,3900219,841.4402746582032,884.4435827161869,870.9028724815497,57.196212324769014,13.540710234637231,-44437545.93391788,85961470.0,66.60908185049647,61.76294437876657,19.207737905405533,923.3570961263729,831.1815452310491,27.785783880914284,840.2327823101805
2020-07-07,900.4403240969468,906.9461463165021,886.2972823572042,889.6915893554688,4051767,843.1826965332032,885.2509683529995,872.2946292870253,55.091460272772764,12.956339065974248,-47157235.67189062,81909703.0,60.05169089008037,62.424426998256315,19.036757376352476,922.2110686670862,831.4129913915076,27.276003886513116,840.8056889649532
2020-07-08,890.9645196716505,909.3033424239472,884.4115653272327,887.4758911132812,5227021,844.8044348144531,885.5932641622736,873.4191672000812,54.42456554244514,12.17409696219238,-51097301.93400398,76682682.0,48.68139266828206,58.44738846961963,18.96554978184027,921.6677449816448,831.4565958386677,27.105701972956076,841.5192449706473
2020-07-09,891.0116095008281,897.6116954971304,886.2972623606121,890.9644775390625,3777760,846.4601123046875,886.4196046817797,874.7188198177835,55.34121536409301,11.700784863996205,-51758402.248131566,80460442.0,52.12979100604723,53.62095818813656,18.89942844407893,922.7871831556251,831.7043146471092,25.97775419892481,842.0027739025477
2020-07-10,886.2973154222672,897.6117492361684,877.3871872841826,878.8958129882812,4537688,847.5312133789063,885.2620982673953,875.0282267193019,51.483459202285495,10.233871548093475,-55619124.01566313,75922754.0,28.615568242149553,43.14225063882628,18.326404082777646,923.0297665719473,832.0038760061776,25.566811895572023,842.4912436514527
2020-07-13,886.2973089030507,890.8230708856844,872.1542667397041,875.1243286132812,3821300,848.1082507324219,883.7024413975316,875.0353453781152,50.303353790447,8.667096019416476,-58224545.660654075,72101454.0,15.294917884520231,32.01342571090567,17.50158686738585,922.4025729571977,835.2946804607711,25.074097056315473,842.8436825477909
2020-07-14,874.9828501177445,881.5358043087589,854.098268768613,860.7455444335938,3646237,849.2821240234375,880.1706110953874,873.9768416044469,45.97639705518886,6.19376949094044,-60104039.25592018,68455217.0,10.03565560820617,17.982047244958654,16.68828748034719,921.1098244232865,838.2704551177292,25.242914090874788,843.0480684127231
2020-07-15,865.6013348568405,872.1542894057972,857.3512267138127,860.0855712890625,3229770,850.7020861816407,877.0806049713374,872.9478586181222,45.781741544562145,4.132746353215225,-62140636.69932667,65225447.0,9.039267986721887,11.456613826482767,15.933080906668433,918.0337047495951,843.9300464711081,24.49721041952548,843.2080787741119
2020-07-16,860.8398217957687,871.2113859137901,847.1210825856593,868.5242309570312,3134451,852.2832800292969,875.7642397383672,872.6201824950784,48.76850409302369,3.1440572432887848,-59705450.912108965,68359898.0,34.42002337488739,17.83164898993849,15.72481883417772,915.9845851863249,848.2892002140657,24.468145627283,843.3539844718498
2020-07-17,869.4199402877512,876.8215003691632,865.5541983687776,872.6728515625,2040517,854.2199340820313,875.2886415574646,872.6240839074801,50.22035447956451,2.6645576499845447,-59167580.84865799,70400415.0,41.09173427162501,28.1836752110781,15.19552812363527,913.5658762369612,853.286656722023,23.525228225361758,843.4943311249301
2020-07-20,875.9257402039435,878.6600846942526,862.7255675851542,867.062744140625,3035845,856.174501953125,874.0231188779509,872.212132813639,48.22989524875644,1.810986064311919,-60550787.65825747,67364570.0,32.069695773081,35.86048447319781,14.84873973323208,912.3866274648259,855.6114804453304,22.983034574200094,843.6844843018179
2020-07-21,874.0399832494102,888.4658743759286,868.0055957287381,884.4586791992188,4756570,858.3704467773438,875.6285896966075,873.119284397756,54.28096121881679,2.509305298851473,-57657389.190801576,72121140.0,60.04541602486,44.40228202318868,13.926156221700628,907.8589423902613,857.3529838792699,22.870184264278915,844.0996018637838
2020-07-22,885.5429506323552,887.2401040401177,858.0111526849172,868.2884521484375,4977432,860.3712145996094,874.4993377661199,872.7614449718806,48.59507547243588,1.7378927942393148,-59134554.71858636,67143708.0,34.0408496214617,42.05198713980091,13.610133813778306,905.4810242216028,856.4638488252723,23.324381913630454,844.4170195443327
2020-07-23,859.8969063556008,884.3643791809475,859.2840182166666,864.1869506835938,9075059,861.3829125976563,872.9128166765004,872.1262972468222,47.243306961906676,0.786519429678151,-64661466.90572766,58068649.0,27.44491458225571,40.51039340952581,13.316684434993292,904.9626027128469,854.478950021528,23.449808988676914,844.9372124089319
2020-07-24,862.1598344878626,862.2540984121007,846.7438846948324,852.7311401367188,6059379,862.0004919433594,869.8079433626879,870.6896189423701,43.595596770827505,-0.8816755796822235,-66042760.79954883,52009270.0,9.570504060011812,23.68542275457641,13.696913894590237,901.5274384089129,852.4643279485091,23.02075591725437,845.060836981086
2020-07-27,856.125468509661,862.7255547206386,845.0938843331044,852.1654052734375,3615970,862.7434704589843,867.0937067335724,869.3174549668936,43.417311785225706,-2.223748233321203,-66758221.997762814,48393300.0,11.013207634190614,16.009542092152717,14.131961507613084,902.0599567530869,848.8392009617569,22.635821236560073,845.1282592385638
2020-07-28,856.8797204621752,864.6112612435644,847.6396116226438,861.3112182617188,3793721,864.6320385742188,866.204093122518,868.7244003961399,47.17811084897239,-2.5203072736219383,-64439836.94220725,52187021.0,30.879652016600193,17.154454570267546,14.389920483927009,900.470088690319,847.5863138975717,22.231237549728686,845.2362176907695
2020-07-29,867.0627256752347,887.0987015449152,864.8470054806849,869.2785034179688,7245021,867.0005285644531,866.6770793218182,868.7654450644235,50.27848182024762,-2.0883657426053333,-68799118.75860502,59432042.0,46.050270949711404,29.314376866834078,13.606534030304298,900.4193391131046,847.4154875470517,22.485255102119243,845.6906727887722
2020-07-30,875.9257477839853,879.4143763730636,852.5425961665582,856.3612060546875,3364408,868.3818334960938,865.0900218961058,867.8466125451838,45.60482806597743,-2.7565906490780208,-71207329.47224948,56067634.0,24.639234963490583,33.856385976600734,13.097738616119768,899.1410915278997,845.5775547123347,22.79857832386112,845.8162100758641
2020-07-31,861.6884629427948,870.1742884809408,855.229772309849,861.26416015625,2943858,870.1346276855469,864.5014277822818,867.3590234793369,47.59600401353921,-2.8575956970551033,-71773809.6122565,59011492.0,37.28276200188088,35.99075597169429,12.625285731519849,896.7732092675394,845.0414086523824,22.237573884377603,845.921037241365
2020-08-03,860.8398132733435,867.2041821009394,851.9296854050723,863.5741577148438,3583167,872.0241381835938,864.3587708488297,867.0786630523373,48.55156806481834,-2.719892203507584,-69893740.76971953,62594659.0,42.60877438063714,34.843590448669545,12.379831474519479,892.3524597046896,846.1338317992165,21.740211228055426,846.0366490460286
2020-08-04,865.5540878795307,876.8685204008317,864.2340477327737,871.447021484375,3860346,873.885361328125,865.449270946606,867.4022451584142,51.77886360808884,-1.9529742118081685,-69346372.24111958,66455005.0,60.76072858370188,46.8840883220733,11.499794615679807,889.4982363498456,847.1635983669513,21.136936332193464,846.2412413818557
2020-08-05,878.770572213178,888.8046851924327,875.7745781439545,880.4825439453125,3007723,875.4502014160156,867.7620821771762,868.371156179666,55.248466225016465,-0.6090740024897059,-70180627.75213042,69462728.0,80.96090420785751,61.44346905739885,11.38943637801278,888.07584444642,847.8866555535801,20.866988287612337,846.4674996457763
2020-08-06,880.7678561327164,888.0438085017618,875.2514770156625,877.05859375,2188023,875.9160083007813,869.1923147268413,869.0146700737648,53.67247861157632,0.177644653076527,-71750465.86805172,67274705.0,73.12771394824276,71.61644891326738,11.250037679709108,884.9690798053394,849.6028318157543,20.290227087504256,846.6230352879264
2020-08-07,877.4390330245552,881.5287595228515,869.4022104804233,870.87646484375,2461109,875.7537365722657,869.4514147448273,869.1525807974674,50.85191937738602,0.2988339473598671,-73613168.73137128,64813596.0,58.984461514718255,71.02435989027283,10.701766473830773,883.8458365264125,849.9241402802281,19.70710722714168,846.7642993517719
2020-08-10,879.7692374543842,922.5688219791921,879.7692374543842,913.1053466796875,11861641,876.5133569335937,876.1674042732673,872.4083412331873,64.55446639056407,3.7590630400799228,-66997015.408945635,76675237.0,87.78511401618087,73.2990964930473,12.17749798171341,894.9934221711998,842.5746564420814,21.991767934877423,848.1842614423077
2020-08-11,922.1884288193295,931.794593358469,910.2996544273174,914.864990234375,5427516,876.9819372558594,882.1208790365147,875.5532781962382,64.99244840901322,6.567600840276441,-70119018.16998798,82102753.0,80.4735124840315,75.74769600497689,13.867553445044404,904.1918453941789,838.7881777991804,21.956280148897008,848.9635224973653
2020-08-12,905.4490614306396,909.2534692517768,898.7913477436497,903.30908203125,3672458,876.9205114746094,885.3806025741663,877.6092636654984,59.76924880078798,7.771338908667985,-70619807.89726071,78430295.0,67.14500763899699,78.46787804640313,14.655323211541782,908.6826817040824,838.6196925634958,21.53609174474189,849.3687676086722
2020-08-13,910.2045075697578,945.0624150140852,905.0209906657348,942.2566528320312,8816193,878.2150720214844,894.1307641522994,882.3979591593156,68.85438773613595,11.732804992983802,-63039142.41965305,87246488.0,97.19335458574689,81.60395823625846,16.527056312937276,923.2608499416918,831.4147665133863,22.980180404605697,850.7882805139694
2020-08-14,951.0543404516332,967.2706159626064,925.8025970432707,934.742919921875,13443785,878.8964086914062,900.3787881168496,886.275363660246,65.76869473696158,14.103424456603648,-70686085.33542728,73802703.0,72.80997829935836,79.04944684136741,18.790230660907934,932.6439536476989,828.2386696433166,24.300740298514985,853.1663388531579
2020-08-17,953.0040046698481,957.7595136751867,939.4032605247093,951.8626708984375,4735094,879.8051123046876,908.2993854678631,891.1336827149267,69.15996449512842,17.16570275293634,-68993235.80898447,78537797.0,86.6413900168049,85.54824096730339,20.891749698309262,944.9939140789594,824.3687018878376,24.209015545286178,854.0387659243717
2020-08-18,956.7608870567897,958.7106341768808,946.7267744699291,955.4293212890625,4362050,880.9369506835938,915.5501448249706,895.8963226093072,69.83054983421734,19.653822215663467,-67019940.55617246,82899847.0,89.7336577602543,83.06167535880586,22.86586093932462,955.9667465590043,820.4929336167769,23.335790128262293,854.8612164942143
2020-08-19,967.5083390924893,974.8317767620829,956.2378055978352,959.7568359375,4914223,882.2826257324218,922.3511742268983,900.6267310039882,70.66404316977957,21.724443222910054,-70074066.03530182,87814070.0,87.73418689777002,88.03641155827641,25.069303753368693,966.6159565753711,818.9905619793163,23.05483765288787,855.8637161387802
2020-08-20,937.7864490981201,955.8573847298284,933.0309397213548,947.0596923828125,4791040,883.6779614257813,926.1524847124235,904.0662096246418,64.99071125084606,22.0862750877817,-68976119.36863516,83023030.0,77.40308234576986,84.95697566793139,25.632359802466684,973.1348800106587,820.7589127139506,23.317056121691962,856.6605085576865
2020-08-21,960.6129055508685,960.6129055508685,943.4930715905559,945.5379638671875,2806380,885.1192333984375,929.1348661208488,907.1381914203859,64.32416589646458,21.996674700462904,-71112078.7558422,80216650.0,73.51318770104918,79.55015231486301,26.29381650284851,977.7429302817105,825.4315448159458,22.87439739587915,857.1443724115313
2020-08-24,947.297463816344,952.4334371416329,941.5908525885347,942.8748168945312,2026255,887.0069653320312,931.2487047014154,909.7853488629152,63.104388399070764,21.463355838500206,-72658440.96236546,78190395.0,69.68880647561687,73.53502550747864,26.789369790763576,980.7540480790818,831.4913681806837,22.014982192823364,857.47475796577
2020-08-25,944.4441878831896,951.0068142216724,929.9874273749476,932.4603271484375,2914757,888.7778662109375,931.4351081548034,911.464976884065,58.437517794693875,19.97013127073842,-74887364.26249222,75275638.0,59.81065738196415,67.67088385287673,26.537271508303792,982.1807501644773,837.1795769839603,21.943868239530605,857.9039639475496
2020-08-26,938.7375679807036,939.6886698732878,917.813326343849,921.5701904296875,4482066,890.5242529296875,929.9174285047856,912.2135112207777,53.944927351158356,17.703917284007844,-77829933.2700818,70793572.0,49.48135688037949,59.660273579320176,25.616696628304673,982.5144500722417,842.0750457773677,21.938973617381198,858.4617061210137
2020-08-27,927.5620960628069,932.079829932377,918.0986208732612,927.8949584960938,4466609,892.1736743164063,929.6062792726791,913.3750999078381,56.05784409482328,16.231179364840955,-76037225.26707155,75260181.0,50.625326645163646,53.30578030250243,24.76187709687692,981.4656188639785,850.2772522297714,21.370561863219386,859.0058744608003
2020-08-28,939.6887166547623,955.5721306617908,930.3679292535405,933.8394165039062,7821191,893.9127551269531,930.2575311544064,914.8909752112505,58.00780469023317,15.366555943155845,-81703921.11768049,83081372.0,46.09136115179,48.73268155911105,24.88450428603851,980.4764557888934,858.5239409396222,21.82103402768207,860.1312508825425
2020-08-31,939.7837237692394,946.7268137812844,894.4162115300725,898.7437133789062,8489726,894.7754895019531,925.4092514966371,913.6948817421879,45.24281516777415,11.714369754449194,-88788987.12983869,74591646.0,5.381423156509955,34.032703651154534,23.22136877530242,977.5290673163945,864.9882849785274,23.99886032936277,860.9218797359109
2020-09-01,917.7657356514827,918.7643809771976,897.1743575159472,908.4924926757812,5099949,894.6989294433594,922.8066732165055,913.3095195891208,48.62477718238968,9.497153627384705,-88541844.94266519,79691595.0,17.5044235591663,22.992402622488754,21.677028658190334,974.9664041258143,871.2554952882483,23.826800553069024,861.3400036843852
2020-09-02,909.6814544121312,912.8676226638611,901.6446314771249,908.825439453125,2107714,894.8562585449218,920.6557141759854,912.9773655049729,48.741217975887054,7.678348671012486,-87952401.07262884,81799309.0,17.91845631064066,13.60143434210564,20.2429985494434,973.0907748121417,875.9654141527021,22.92652845547382,861.5093229601817
2020-09-03,913.0578209265456,923.519941791329,906.6854266078652,914.151611328125,3278899,895.3548876953125,919.6550829686223,913.0643466770582,50.667456182972565,6.590736291564099,-88322886.57259265,85078208.0,24.54176593935897,19.98821526972198,19.388298737566174,970.1484691854494,882.6170215372069,22.491384650330243,861.8098030939904
2020-09-04,901.6445734727288,909.3960769396167,894.0357585067142,896.4135131835938,3130721,895.1385778808594,916.0794568478486,911.8309516034683,44.649672798457274,4.24850524438034,-90484345.5703402,81947487.0,2.9429107129565675,15.134377654318733,18.029713744372454,966.0309244892318,889.2882710674088,22.321703805407427,862.0140853023257
2020-09-07,900.8362313378626,904.2601751230623,871.4471579873845,886.5697021484375,3470806,895.2081420898437,911.5394945864007,909.9597479401327,41.69040376484744,1.5797466462679495,-90755968.95373297,78476681.0,14.627460390417399,14.037379014244314,17.715440701231852,968.2926531207373,884.3729779827783,23.071083328998167,862.1640924160512
2020-09-08,890.2313771034474,890.2313771034474,868.308489950507,871.8751220703125,3738931,894.850869140625,905.4372834300794,907.1386645423682,37.67609605562549,-1.7013811122888,-93278327.40055555,74737750.0,3.8639886256877207,7.144786576353895,17.544095596215808,972.2350916586238,876.1315526284857,22.989069316422608,862.2566073786803
2020-09-09,863.1725003667187,882.6225454404893,856.9427946571991,865.0271606445312,5656245,894.7215270996094,899.220341463072,904.0192938832693,35.939360436909695,-4.7989524201972245,-95373232.95611107,69081505.0,7.798164695342116,8.763204570482413,17.81305331571723,976.1863940922556,868.3520580561819,23.18126084977029,862.3128602567091
2020-09-10,872.8261554004596,877.8669834569844,867.4048633941167,875.917236328125,2948599,894.4894116210937,895.6352483653878,901.9376599902955,40.62656859636962,-6.302411624907677,-93523650.67544927,72030104.0,19.23813181713253,10.300095046054123,18.06279976953998,975.6342962344099,862.270214263637,22.442586704247635,862.3689376462034
2020-09-11,875.0137352383612,876.4879315517301,867.4049201493319,872.5408935546875,2632298,894.134140625,892.0822707022031,899.760121735806,39.65773063872511,-7.677851033602906,-93179091.78866804,69397806.0,15.8148675935142,14.283721368662947,18.294707190946816,975.4667858383714,856.2175220229567,21.4883313255441,862.4116158994485
2020-09-14,877.2964289727355,878.1999293507996,856.942824786404,857.989013671875,5006356,893.3567724609375,886.8371542359988,896.6659655829222,35.70557295852831,-9.82881134692343,-97692662.51887323,64391450.0,1.0607584488120168,12.037919286486249,18.932950823050106,973.413033494155,848.883908644517,21.471815128319207,862.4278026902147
2020-09-15,865.5027436809884,870.4484852550105,855.9917245196589,865.4552001953125,4488829,892.8720446777344,883.547622845124,894.3540570356919,39.06113434481135,-10.80643419056787,-96304666.85098052,68880279.0,9.503351153384868,8.79299239857036,19.563613457512833,968.4667414101764,844.8327886191205,20.97073981453581,862.4390705502309
2020-09-16,870.2582873699138,878.8182049506014,866.7867420197057,876.7257690429688,3596197,892.6570422363282,882.4981068755617,893.0482579251197,43.82709472971383,-10.550151049558053,-93959325.50784296,72476476.0,20.821409880289114,10.461839827495332,19.55781070270042,960.527634384356,844.4687889554876,20.427330167446744,862.5072031958716
2020-09-17,870.2582407395497,873.0640029619008,860.7947652000655,861.983642578125,4512652,892.0774255371093,879.3420354451869,890.7471753068238,39.47789791267259,-11.40513986163694,-97597434.20173094,67963824.0,6.603749560645754,12.309503531439914,19.826108203636714,955.0438414580169,841.4449769013581,20.106164001407922,862.5273730805937
2020-09-18,866.6440403938949,869.4022010019071,853.1383821543425,856.657470703125,7496145,891.6326586914063,875.8521024079465,888.2220120028461,38.01029896265483,-12.369909594899582,-101849618.07836126,60467679.0,5.000015013780954,10.808391484905274,20.411884327409503,948.9885781308465,838.6121909121223,19.831710776133402,862.4940162916885
2020-09-21,856.9428116108339,859.6058853198048,831.5483792792725,838.7291870117188,4597697,890.904755859375,870.1408846546807,884.5558768183182,33.49632768511566,-14.414992163637521,-104093921.43593624,55869982.0,7.807639161838699,6.47046791208847,21.764392030515758,943.9300795268972,833.2561265277903,20.419267580733326,862.3544835614305
2020-09-22,844.5308773950682,844.5308773950682,810.3387551650065,814.6187133789062,5089087,889.9822192382812,861.5990121507155,879.3753461931766,28.58067010779473,-17.776334042461144,-107908967.61680567,50780895.0,3.781510285830772,5.529721487150142,23.63833787620049,942.9744816979232,822.4275629798112,21.4030429128282,862.0417319930428
2020-09-23,823.8445162686187,830.9777808552484,812.7641553904582,818.518310546875,3709291,889.1508740234375,854.9712119039707,874.8674176267839,30.360740826259317,-19.896205722813193,-109274536.77234791,54490186.0,8.257396056477063,6.615515168048847,25.37843044719346,941.175581798376,813.921274891077,21.175227380825486,861.8029701865096
2020-09-24,814.1431841553397,817.8525045931299,801.7788600969058,809.1023559570312,11609426,887.9624365234375,847.9144648352108,869.9959315771727,28.512789669835286,-22.08146674196189,-110304957.70981766,42880760.0,7.146176703778929,6.395027682028922,27.287398244827305,937.4671020058157,805.7504944297312,20.85838617147861,860.8745460213185
2020-09-25,818.0426913818885,851.6166336780724,810.3387894907928,845.767333984375,4961967,887.424326171875,847.5841370120053,868.2012206443728,43.049000976005836,-20.617083632367553,-106749267.25476284,47842727.0,49.731172584061156,21.71158178143905,26.80953004082741,927.361453491257,807.0489346923368,22.405235567875934,860.6862726611986
2020-09-28,854.0894498175875,872.6359356432478,849.3339406315207,858.7022705078125,3853608,887.2571166992187,849.2946190882833,867.4975947083313,47.13316997135804,-18.20297562004805,-107504267.5226997,51696335.0,70.41169655859177,42.42968194881062,25.31541821481998,923.6690665279158,806.7371773685685,22.724047431518564,860.683581417115
2020-09-29,865.4550997179838,868.2132601241609,848.7632746378634,851.6641235351562,3362381,886.6012255859375,849.6591582339561,866.3247449917999,45.23239521209683,-16.665586757843812,-109863690.52841227,48333954.0,64.75296945085256,61.63194619783516,23.951908828589556,917.5689404462541,807.1544665361678,22.490185864002772,860.6609875886606
2020-09-30,853.8992522175892,860.271646393598,840.8691449130506,857.513427734375,3582787,886.3857250976563,850.8675073878667,865.6720548245833,47.14031086524841,-14.804547436716575,-107299546.40446916,51916741.0,72.34558879402985,69.1700849344914,23.02246112051924,910.7317013644965,808.8605044460503,22.269636979470242,860.6193303076905
2020-10-01,865.4552484915108,868.9267358487278,856.6575552763311,858.6548461914062,2506154,886.2750830078126,852.0655595114882,865.1522615924961,47.52447567165231,-13.086702081007843,-108989750.4579437,54422895.0,73.82719336789908,70.30858387092717,21.71546557975139,901.439645024008,812.6028842728671,21.555318664679277,860.6222934197714
2020-10-05,863.5530024994627,864.1236404329358,851.2837644739006,853.0908813476562,2788003,886.2822778320312,852.2233013324371,864.2588260188043,45.777955779049236,-12.035524686367125,-110992972.159206,51634892.0,66.6049553617005,70.92591250787648,20.747545783170725,895.437934149518,814.2723319637632,20.932787042847547,860.6038630825799
2020-10-06,856.9903134831151,860.3191699703536,844.8162213684867,848.9534912109375,3497325,886.2180395507812,851.7202536214372,863.1250975145178,44.46924775156995,-11.404843893080624,-112623635.83904827,48137567.0,61.23446558848656,67.22220477269538,20.142019822655907,890.903428062763,815.0452169567683,20.54494143992036,860.5561674539291
2020-10-07,851.2361986929031,851.2361986929031,833.2128061160346,844.4833984375,5073845,885.8814831542969,850.6068912854469,861.7442309162203,43.037686183239366,-11.137339630773454,-111351812.20275635,43063722.0,59.90664621584782,62.5820223886783,20.07798241955908,888.673390152202,814.536082504048,20.36483080684523,860.4255165936387
2020-10-08,846.766015385275,850.285104047953,836.0661189417184,837.9683227539062,3918217,885.2552795410156,848.6624961267482,859.9830525338267,40.967645574145564,-11.32055640707847,-114221677.68417838,39145505.0,51.073886944899144,57.404999583077846,20.018519116683457,887.2372152014699,813.2663736657177,19.925841828230187,860.3171695227854
2020-10-09,844.0078207107947,870.210665558704,842.295790908224,864.0285034179688,9668150,885.4086254882812,851.0264972484745,860.2827155622817,51.09944105255152,-9.256218313807267,-108835837.50281997,48813655.0,87.85240265857492,66.2776452731073,18.79894717913711,885.3326221912333,813.9820933849386,20.805591897985014,860.2967269697634
2020-10-12,872.1128627029475,880.4825474662475,857.941421759493,861.4605102539062,6188905,885.4125524902344,852.6317300185409,860.3699596135132,50.18538114357312,-7.7382295949722675,-113092336.4054625,42624750.0,75.83081829054034,71.58570263133812,17.764526485814283,883.6667351732061,814.5399420728876,20.929558598611408,860.3525100512201
2020-10-13,863.5530288928608,870.9240690205562,845.3869467800174,852.6153564453125,4548652,885.1933764648437,852.629211007275,859.7955445640168,47.06267357413045,-7.166333556741847,-115065951.1893529,38076098.0,64.59226758949745,76.0918295128709,16.82030745472728,883.200560795426,814.4687507280115,21.258670287320506,860.3264936507126
2020-10-14,853.138419823034,872.1604581691441,843.817632643571,870.448486328125,5286914,885.1734057617188,855.3706379797135,860.5846513613582,53.36336438859845,-5.2140133816446905,-110417720.71691604,43363012.0,87.25083731968677,75.89130773324152,16.02062789916858,883.997772126536,814.1708680101827,21.764681375767122,860.3399706733821
2020-10-15,868.3559703171912,874.0625812940841,842.1055830437438,845.3392944335938,4927777,884.4705407714844,853.8273543572336,859.4553656630053,45.20500977047883,-5.628011305771679,-114348219.53160518,38435235.0,49.89824604927585,67.24711698615336,15.16833278836245,880.0587074024322,814.9712852733489,22.492704009665207,860.2952822164292
2020-10-16,850.285101018272,859.3205690939695,846.0051424560995,850.3801879882812,2373435,883.93697265625,853.2970210697024,858.7831302796925,46.958231506450055,-5.486109209990104,-115161976.95234667,40808670.0,36.317909474174286,57.82233094771231,14.376915899756762,878.8334168078151,815.0362304089819,21.88474477043025,860.2675981570285
2020-10-19,855.0405575188564,861.6982704250099,840.7740298628131,858.7498779296875,5800391,883.6944409179688,854.1359221250847,858.7806671426551,49.828606778004854,-4.644745017570472,-110996228.72406408,46609061.0,54.02414120367908,46.74676557570974,13.945755409598025,879.0783202739781,815.000567665475,21.816137326985004,860.2154072875974
2020-10-20,874.0626245463533,889.7558055093727,868.3560132870736,872.4457397460938,13188572,882.8812487792969,856.9528171437015,859.7928947429099,54.196610327221,-2.840077599208371,-119143849.73680279,59797633.0,69.3860142740881,53.24268831731382,13.931572036050069,882.3467741670071,815.1037690458835,22.472550916463593,860.5124936220307
2020-10-21,879.7217667988458,885.4759220289671,864.2188165087922,879.2462158203125,6390783,882.1688732910156,860.382570786257,861.2338814893842,56.23410853397053,-0.8513107031271829,-116498891.91469248,66188416.0,81.41310188384085,68.27441912053601,13.663613875504433,884.2412008996238,819.6720925574074,22.385733388157263,860.6480463309309
2020-10-22,876.9159175687056,893.0846492375429,875.1564023426513,890.5166625976562,6151367,881.9130249023438,865.0185849110877,863.4029763862932,59.45326443459951,1.6156085247945384,-112109730.48511447,72339783.0,95.7108608888573,82.16999234892874,13.789968689205809,888.1787241383595,822.9344045237499,22.067341495781143,860.8577385021051
2020-10-23,894.0357930258134,902.1201592393447,882.6225701361221,895.2246704101562,5102184,880.9723852539063,869.6656749878675,865.7601389065793,60.75195297282466,3.9055360812882327,-110616408.33877301,77441967.0,89.99310158257137,89.03902145175651,14.32760489307334,889.4117547071554,830.3136054002665,21.883787753455533,861.076777594374
2020-10-26,903.4041258268526,912.3445069994674,896.8891009648139,905.2112426757812,6975809,880.3817517089843,875.1342238629311,868.6824428894831,63.427816503360624,6.451780973447967,-110079807.64646524,84417776.0,90.9855794276506,92.22984729969308,15.266143064548979,897.6109405371682,828.0588104393943,21.543505527445216,861.4765576506477
2020-10-27,913.0578112536532,937.7864603084397,908.4449903233098,933.9345092773438,9638520,880.0231884765625,884.1804216189945,873.515929288584,69.8044434688588,10.664492330410553,-102971979.33103693,94056296.0,96.21319494278049,92.39729198433416,17.034916822150908,913.0765014433704,820.1164734101452,22.331484963531874,862.2902793579748
2020-10-28,941.543324535897,946.0135150144057,926.5634698173952,934.7904663085938,7369181,879.6104113769532,891.9665823404714,878.0547838826587,69.97246410858465,13.911798457812665,-104107115.56497897,101425477.0,89.33570542496889,92.1781599318,18.92100558218153,925.3126842136166,816.1929249172426,22.125667837351774,862.9844941086618
2020-10-29,904.5929551438381,911.9164510704477,880.7203216960942,888.8046875,11852038,878.1913684082032,891.4801369803989,878.8510730394988,52.93162167440612,12.629063940900096,-109816326.70565948,89573439.0,45.639388645811934,77.06276300452043,18.065112937362596,927.0632067889369,817.571528318485,24.40741617843376,863.4458151274127
2020-10-30,894.9868659172859,900.5032451916617,879.0083659998812,884.0491943359375,4797473,876.9311584472656,890.3369150350971,879.2361190614573,51.533922239270474,11.100795973639833,-112363660.25392322,84775966.0,41.12065391691011,58.698582662563645,17.192975497682045,928.1842683894524,818.9899015324227,24.199377822244237,863.592763412483
2020-11-02,884.5247917478208,892.0860636745057,875.6320119542739,883.8590087890625,3682174,875.6975793457032,889.3403140741688,879.5785553375762,51.475380612336664,9.761758736592583,-112363673.2448032,81093792.0,40.93993700576117,42.566659856161074,16.22387546105281,929.0557173011895,821.1952653648262,23.64614024352906,863.6859813278695
2020-11-03,898.6961822010807,906.3049971781645,886.90249576634,901.4067993164062,4049112,874.8682189941406,891.1966964191283,881.195462298971,56.397097263168995,10.001234120157278,-110358973.07804577,85142904.0,57.61408787419897,46.55822626562341,15.92424707298919,931.4333734133845,824.0629400631781,23.56041511106999,863.8596995972358
2020-11-04,888.5669798432341,904.1650747460533,884.5247966328153,893.8931274414062,3369408,874.096875,891.6115319610172,882.1360300872996,53.877249225231225,9.47550187371769,-110513993.93025514,81773496.0,50.47449396210704,49.67617294735573,15.522309444338761,932.0695107134222,828.3677756635309,23.28040532551056,863.9862045859858
2020-11-05,905.4490338913623,912.8676173068119,898.1255374482865,911.250732421875,2889134,873.8904858398438,894.6329474165339,884.2926747046755,58.4912676893871,10.340272711858347,-108258610.00351307,84662630.0,66.9679279193959,58.352169918567306,15.517099816237986,933.5857771066273,834.1797502371226,22.972839935503067,864.1409461007371
2020-11-06,912.1066898978256,920.1910557624049,903.6418600664175,913.7711181640625,3419233,873.6080090332031,897.5772813776921,886.4762631090746,59.13059656879798,11.101018268617509,-107492226.47093648,88081863.0,60.58131218842938,59.34124468997744,15.811072704036716,936.8225522587079,835.9172365596514,22.514008204109086,864.3441609162245
2020-11-09,923.5199018786456,926.943845338883,915.3404491399393,918.6217041015625,3040456,873.3036547851563,900.8148848736721,888.857406886296,60.39489019015689,11.957477987376137,-108813097.76236552,91122319.0,66.51150818660537,64.68691609814356,16.352879614079658,940.1861430916396,838.2697651114855,21.846773844874182,864.552331120432
2020-11-10,927.3243563763643,986.1975874527251,924.0905866825855,983.1539916992188,12149416,874.9918603515625,913.4824397699101,895.8423390946607,72.55777337371053,17.640100675249414,-97854462.52738872,103271735.0,97.25903884176915,74.78395307226796,18.534566754481695,958.3860068708346,833.1237648576811,25.11313880960907,866.0160403041615
2020-11-11,989.1460712011757,1010.8312430488053,971.3129088598083,1007.6449584960938,10254627,876.9749096679687,927.9689811123999,904.124014605878,75.61809142892568,23.844966506521928,-89253455.81652611,113526362.0,97.64326725313721,87.13793809383723,21.018477515435727,980.782628071031,824.4467908742815,26.142081336708202,867.6107138396474
2020-11-12,1003.3173787087726,1023.2429163022687,1000.9871094831543,1020.7224731445312,6743163,879.2128503417969,942.2387491173432,912.760937460593,77.0874398959725,29.47781165675019,-84037602.89636213,120269525.0,98.29250882997408,97.73160497496015,23.530058754052256,1000.47048378105,822.2972530353563,25.864490299737213,868.7847553121293
2020-11-13,1012.9712186103994,1015.9196115525008,987.3389503767929,1000.083740234375,5025096,880.9314929199219,951.1379785199636,919.229293221614,69.92543248656612,31.90868529834961,-84581081.61393128,115244429.0,84.31066040128337,93.41547882813155,25.10497809508731,1011.2895910874962,826.4485009535193,26.40156404745158,869.5657182037512
2020-11-14,1008.2156340030423,1015.5866738630579,1002.4614209621197,1007.4071044921875,911852,883.1513647460938,959.7947671310749,925.7609829453602,70.95655796151016,34.033784185714694,-84805749.68653633,116156281.0,89.2719227756047,90.62503066895404,26.567403197477006,1022.0385363136593,830.5652783836063,25.623090446110954,869.7143296020319
2020-11-17,1011.0212740463207,1043.2160486872722,1009.1666718655896,1028.0460205078125,7611327,885.9808911132812,970.2949599582653,933.3376523944307,73.69390260688789,36.95730756383455,-83976575.8917342,123767608.0,90.94780835024926,88.17679717571245,28.459724609385734,1036.1292790526522,832.0345637207853,26.350651428180505,871.1046908659506
2020-11-18,1028.0460864408062,1097.8093889095326,1026.3816580842183,1092.0076904296875,13436421,890.3835424804688,989.0199954154073,945.0909885451905,79.9886177000185,43.92900687021677,-72722894.35131203,137204029.0,97.3887087158233,92.53614661389241,30.975677098874623,1064.501911700572,824.9380785338029,29.570442813690057,874.1961814022118
2020-11-19,1070.0372622860195,1119.4469606241046,1053.5355510814143,1078.787353515625,10841151,894.6587463378906,1002.8303582000561,954.994422987445,75.94361926719887,47.83593521261116,-75257179.96606685,126362878.0,83.3235790790088,90.55336538169377,33.540424557107976,1084.5193420666756,823.7477172594963,32.16622615147579,876.767429305762
2020-11-20,1084.2561775251347,1104.2293176374399,1063.8074864577748,1076.9327392578125,7009257,898.6790563964844,1014.2307245166342,964.026890859324,75.36781899184965,50.203833657310156,-77714526.90259029,119353621.0,81.9028478863031,87.53837856037838,35.92197576832466,1101.0309800716982,825.4068861392392,32.755912224917886,878.3787274210097
2020-11-23,1083.114812009892,1091.7222139230532,1067.9446681386887,1070.7979736328125,4998877,902.6441979980468,1022.9333782268154,971.9358599536564,73.38573839284419,50.99751827315902,-81513673.42259027,114354744.0,79.29144438108618,81.50595711546602,38.13341617874015,1114.185487709779,828.8110515968617,32.11460033630693,879.4855145305845
2020-11-24,1079.500645343977,1088.0605623555152,1073.1283091203538,1079.9761962890625,4623887,907.0839416503907,1031.709196390238,979.9388478303531,74.46760141142276,51.77034855988495,-81896558.61821435,118978631.0,82.16586367073627,81.12005197937518,40.18689655984025,1127.8562004104133,829.7445075973991,31.05374236390663,880.5166474041478
2020-11-25,1085.6827851982528,1091.674773423048,1058.053229419134,1061.4296875,4651911,911.0034313964844,1036.2815796378936,985.975206324401,68.41557135567464,50.3063733134926,-85614129.274678,114326720.0,73.11589347324258,78.19106717502167,41.18474836273864,1136.9065478315308,833.3580822954223,31.237156766764308,881.4920201550976
2020-11-26,1074.7450674089769,1079.4529750248068,1047.6862667983585,1064.1402587890625,7360928,914.7517211914062,1040.5675302765349,991.7652102106722,68.8144769171375,48.80232006586266,-85349674.78350069,121687648.0,72.90301939272878,76.06159217890253,41.52273617815677,1142.6291873369246,845.1689999189347,31.274981871027453,882.9616609342194
2020-11-27,1073.794095316422,1084.0660427573164,1038.603323370711,1067.516845703125,18995549,918.8623852539063,1044.7135788037026,997.3764424693725,69.33406015049488,47.337136334330125,-80183526.56704324,140683197.0,73.41775245248711,73.14555510615283,41.33615094581118,1146.0918860431113,860.0530663494667,32.288391693568734,886.6395140869429
2020-12-01,1084.2562510788284,1084.2562510788284,1056.8644677689424,1061.3822021484375,3551604,922.9568798828125,1047.2779823952003,1002.1176098530069,67.14522373934851,45.160372542193386,-82563596.51162003,137131593.0,60.80255836918785,69.04111007146791,41.16761302866951,1146.027125626786,877.8701461017295,31.93863395187711,887.3261766253615
2020-12-02,1065.2817836367055,1076.695007016335,1050.1116379004939,1059.289794921875,4434968,927.3680920410156,1049.1259535531503,1006.3525865247749,66.375533012566,42.773367028375446,-83936136.0804138,132696625.0,54.46365016806106,62.89465366324533,40.61689123043984,1145.270488153571,894.4150831354914,31.5561150350174,888.1505366623902
2020-12-03,1079.5005315588883,1081.8306845036745,1065.5193816875853,1070.1322021484375,4087608,932.4783618164063,1052.3576841062716,1011.077002496898,68.3971180068028,41.28068160937357,-85711801.0025446,136784233.0,62.670879393802224,59.312362643683706,40.255231708521364,1141.5912181824565,915.7182605773091,30.912170359787552,888.9487725373237
2020-12-04,1074.7451390635194,1105.1803996387696,1073.5562616972989,1093.2916259765625,6542918,937.973828125,1058.6552136247778,1017.1669746065027,72.2367812065323,41.48823901827518,-84088370.22058973,143327151.0,77.64224986856097,64.92559314347476,40.53453463685613,1140.2365607303125,935.2770073849217,31.20760086911216,890.3373511572496
2020-12-07,1098.3324595380795,1114.596277904214,1088.0605131482578,1112.5037841796875,5484461,944.0418566894531,1066.939609094764,1024.2289605008127,74.95520413798012,42.71064859395119,-79468870.17652635,148811612.0,93.7040639604954,78.00573107428619,41.01263165349866,1137.9712753165093,957.4155594002874,30.873898289601023,891.5691345635377
2020-12-08,1117.4970694373844,1124.6779348275431,1091.912522617062,1114.1207275390625,4982626,949.4089245605469,1074.1982427015791,1030.8876099110535,75.17551242730059,43.31063279052569,-77697106.60578927,153794238.0,89.25980958968766,86.868707806248,41.680792121518444,1130.3964771771548,984.540259883392,31.009006426806746,892.7028952790362
2020-12-09,1120.3980370762993,1127.0557503696218,1109.317676732151,1123.2513427734375,4304573,954.6999060058594,1081.744873481865,1037.7293679008596,76.43603776093674,44.0155055810053,-75238996.81867568,158098811.0,95.69892231873844,92.88759862297383,42.35399196504609,1134.353068455914,994.5934037120549,30.061082656139888,893.7159245096769
2020-12-10,1124.202365888528,1135.3778124191458,1112.836745431951,1132.14404296875,4921373,960.3095043945312,1089.4985918644627,1044.7230475355182,77.62756202573371,44.775544328944534,-71729676.37771767,163020184.0,96.65844843802033,93.87239344881546,43.16461646715987,1141.3959112478954,1000.0004693673388,29.523938679786674,894.8981537289139
2020-12-11,1129.9090128014886,1157.3007928856816,1124.2024016257235,1135.9010009765625,6689415,965.877255859375,1096.637424035555,1051.4769700126326,78.1306883714472,45.160454022922295,-73690354.84415893,169709599.0,81.97114732389463,91.44283936021777,44.350409635386484,1148.6808915662737,1004.2333418321638,29.77925672122749,896.5705658220874
2020-12-14,1139.5150874655153,1202.0976347683365,1139.5150874655153,1188.54443359375,9723233,972.4750476074219,1110.7769639675848,1061.6301154630858,83.67177809728342,49.146848504499076,-68178549.42567696,179432832.0,91.71029190023343,90.11329588738279,46.09442097189732,1164.6661534349846,1007.0941492993902,32.380497940552246,899.3314122588281
2020-12-15,1188.877300847856,1190.7795045292125,1156.6349252286025,1185.3106689453125,6953407,979.119443359375,1122.2436878103122,1070.7916379432506,82.29244571597332,51.45204986706153,-63452555.40951537,172479425.0,89.7323853781081,87.80460820074536,47.71386007008596,1176.239549265584,1013.3111099141036,32.506503751984944,901.2786373092976
2020-12-16,1194.821762545161,1215.5082288817637,1186.0716715007757,1206.2349853515625,5729223,986.2650732421876,1135.1654258935814,1080.8244784920144,84.11697450180932,54.340947401567064,-61333026.26265212,178208648.0,94.75806309417361,92.06691345750504,49.497118513124875,1192.639804951624,1014.7297507124384,32.34157919373253,903.0061810411493
2020-12-17,1207.8994218174425,1221.2148485146427,1192.7293928422266,1216.2691650390625,5345257,993.7007885742188,1147.6429242236554,1090.8574182362402,84.91943739707314,56.78550598741526,-57843870.81297617,183553905.0,97.29169149007323,93.92737998745163,51.21192473619087,1211.2209273332378,1008.5747757917621,32.06614179935278,904.6399035168987
2020-12-18,1221.1671951534352,1237.383528419126,1207.8993705551804,1218.8846435546875,10315248,1001.3191149902344,1158.6031887361219,1100.340916407977,85.13032314215164,58.262272328144945,-60472562.8081878,193869153.0,90.12191054770285,94.0572217106499,52.96389807537689,1227.592122625716,1006.2133095031904,31.881714375395113,907.859032819387
2020-12-21,1213.8439070764998,1273.050005580329,1097.571689532835,1174.46826171875,21153346,1007.52791015625,1161.0439691949878,1105.8318308754415,67.79270771676977,55.212138319546284,-63086640.432460025,172715807.0,55.780718730679126,81.06477358948507,49.7870058383697,1233.5840159939091,1009.9749683810907,42.13861449483074,913.4496160845422
2020-12-22,1174.848479215757,1205.9970626558022,1154.2096169341673,1200.9561767578125,7998730,1014.3178234863282,1167.1843088200376,1112.8780787185801,71.5180340819671,54.30623010145746,-56645071.04144456,180714537.0,65.2611130491391,70.38791410917369,46.83703447543446,1242.5887863872147,1013.9860183002853,42.827816725316744,915.5456084056065
2020-12-23,1205.9970926265403,1209.135775033673,1187.3079188778022,1202.95361328125,4057070,1021.3245886230469,1172.6872787371472,1119.5503405380373,71.78308513544559,53.13693819910986,-54886116.14737146,184771607.0,64.86286189496805,61.96823122492875,44.17927893257951,1250.891354784554,1017.9811916021645,41.3278195417849,916.6458276443556
2020-12-24,1212.6548630543575,1218.3614741746135,1192.2061732067743,1200.480712890625,3277840,1027.9252331542968,1176.9631916838362,1125.5451829345252,70.90336458682575,51.41800874931096,-56089989.02379194,181493767.0,60.771127194507145,63.63170071287143,41.95646595589137,1256.1704233533694,1026.6072255724118,40.244068215074485,917.540636984272
2020-12-28,1212.6550600150622,1227.8726921407415,1204.5706929482951,1226.3509521484375,3405825,1035.5454663085939,1184.56130867839,1133.0122769503705,74.43336455139801,51.5490317280196,-53128999.68501441,184899592.0,74.21900058014957,66.61766322320825,40.14362866415837,1264.2248436663006,1034.7738745954182,39.32606186043463,918.515878982015
2020-12-29,1231.629298860331,1231.7245019267298,1205.7117733501195,1222.023193359375,3778319,1042.9783264160155,1190.3246755523878,1139.6056781658524,72.8413135267572,50.71899738653542,-52168888.57711981,181121273.0,70.92130049439075,68.63714275634915,38.5635822327364,1269.6120845800845,1044.8372684472595,38.375109483018605,919.5912322219156
2020-12-30,1225.2093807449962,1232.9608841946947,1208.8504750448628,1228.8712158203125,2866392,1050.3807531738282,1196.254912516684,1146.2179402143308,73.79638814237319,50.036972302353206,-50274905.849657096,183987665.0,74.82378976781418,73.32136361411817,37.13127763072812,1273.0230218171873,1058.175232577344,37.356202316362406,920.4120356815607
2020-12-31,1229.7747674705554,1240.2368884621842,1219.3126464789264,1224.6387939453125,3889877,1057.4246142578124,1200.6216635057037,1152.0268923425517,72.10857671888168,48.59477116315202,-52184490.46490252,180097788.0,72.41185536456034,72.71898187558843,36.01303344322803,1272.3718655582873,1075.3612887385877,36.18249086399779,921.5352915503971
2021-01-01,1220.2639171450342,1236.3850502801934,1220.2639171450342,1233.579345703125,2058419,1064.5112768554689,1205.692076151461,1158.0678148137054,73.48798131111614,47.62426133775557,-50842561.49837651,182156207.0,77.50681635985089,74.9141538307418,34.974663840549375,1271.4654460087304,1092.6124226436132,34.74953674050932,922.1302587092845
2021-01-04,1241.1879268131543,1257.8798108901274,1238.3346212342733,1250.3184814453125,4014636,1071.707313232422,1212.5576769658996,1164.9011975271578,75.89198855876806,47.656479438741826,-49934161.45019003,186170843.0,87.04596405583003,78.98821192674707,34.6320900466086,1274.1976256608448,1105.582928538374,34.0031744866874,923.3543964713415
2021-01-05,1243.090041219638,1248.7966519673944,1231.7244212542066,1242.42431640625,2833637,1078.6513061523438,1217.1525445721074,1170.6436507774608,72.55085847345865,46.50889379464661,-49215876.11405035,183337206.0,82.5473084858017,82.3666963004942,33.98477227258808,1275.7157860889954,1117.0568213328795,32.90252346557443,924.1921793267742
2021-01-06,1244.041313275899,1264.9655555481236,1236.432497904181,1249.7479248046875,4615963,1085.542039794922,1222.167218454043,1176.5032266313294,73.70733202591799,45.66399182271357,-49523606.980717026,187953169.0,86.72082038367934,85.43803097510367,33.83722927431965,1276.1415419456043,1130.1937852028332,32.5904187640293,925.5877119280844
2021-01-07,1264.965468035437,1280.9440256511416,1260.209958757108,1273.477783203125,4270598,1092.3329052734375,1230.0611514923633,1183.686527118129,77.07731117506655,46.374624374234145,-48328654.50930266,192223767.0,95.92837032779056,88.39883306575719,34.10497517160362,1280.0395364073827,1141.3184347840236,32.490824627059645,926.9516714209944
2021-01-08,1283.7974259729751,1315.3263619343493,1281.1342941400296,1306.243408203125,4984995,1099.761964111328,1241.7814986786343,1192.7648146059066,80.74678511554956,49.016684072727685,-45992138.051621564,197208762.0,95.82881339304795,92.82600136817261,35.07443244184635,1290.803450146066,1147.9644575687776,33.15923563449998,928.6647428135869
2021-01-11,1314.4228092447916,1317.2285133739313,1279.2320393880207,1283.987548828125,3252470,1107.6656213378906,1248.2747371631713,1199.5220541779227,72.28264436570439,48.75268298524861,-48430471.88759795,193956292.0,79.60913411158508,90.45543927747453,35.87399125847218,1292.5324247600036,1161.0441377399964,33.50475265960073,929.7518965125046
2021-01-12,1287.7919447342913,1300.013580664574,1278.3285274745865,1283.79736328125,2836161,1115.6605847167968,1253.7397565659526,1205.7646696670581,72.21298319841262,47.97508689889446,-49836108.48958318,191120131.0,74.2680133027891,83.2353202691407,36.56569390560086,1299.293454331939,1163.8084011368107,32.66048841177121,930.6788046002603
2021-01-13,1287.7920093360096,1305.8629459515075,1278.5663670833583,1286.3653564453125,4389762,1123.710711669922,1258.7590796243157,1211.7350909098918,72.59700491539814,47.02398871442392,-51717445.73021097,195509893.0,75.31388639234059,76.39701126890492,37.33536109694978,1304.869476567051,1168.337847651699,32.277352015798215,932.115548944359
2021-01-14,1291.5963929401396,1321.7462770270117,1289.931964598722,1309.286865234375,5168591,1131.8683129882813,1266.5325851027865,1218.9611482672608,75.81048128248447,47.571436835525674,-50597196.419308916,200678484.0,89.36688740184415,79.64959569899128,38.37883086641023,1315.418612988114,1168.0938992189172,32.49903548479114,933.8708573927739
2021-01-15,1309.381971087877,1316.8006125285615,1279.2796881028867,1287.9346923828125,2587576,1139.7491442871094,1269.8252169920213,1224.0702996832276,67.83076663013668,45.754917308793665,-51991012.84662053,198090908.0,70.86074954192037,78.51384111203504,38.703281105285456,1320.647928927898,1170.031136013508,32.85774183771141,934.7146603937438
2021-01-18,1279.4222159748704,1287.6492705435503,1261.3037946313318,1270.7197265625,3185998,1146.938524169922,1269.962833849018,1227.525812785396,62.15070630717912,42.43702106362184,-52899645.24496708,194904910.0,54.80208336481807,71.6765734361942,38.01017728574085,1322.9868956024716,1172.8756776397158,32.4129672601235,935.686619884099
2021-01-19,1274.524175772233,1314.4228549206541,1271.6232684724419,1302.866943359375,3885798,1154.720440673828,1275.0250045429189,1233.1066372723574,67.60594153341353,41.918367270561475,-51112182.38132777,198790708.0,81.5692038184918,69.07734557507673,38.05186191771001,1325.0102915701252,1183.6921498361246,33.21940733855426,936.9450837396814
2021-01-20,1302.0584519597069,1324.9324982319522,1295.9238913767504,1315.041015625,3957992,1162.6488269042968,1281.1813139401622,1239.1758504836644,69.40436653499583,42.005463456497864,-49853417.49153527,202748700.0,90.54971176236909,75.64033298189298,38.327576979175795,1330.9708692175652,1189.1400560754034,32.91863587545766,938.2734034580717
2021-01-21,1326.787162544097,1327.7382644527308,1294.4972991865038,1304.24609375,2985423,1169.0706689453125,1284.729741603214,1243.995868503393,65.91016706272882,40.73387309982104,-51087731.56440032,199763277.0,75.53251706198557,82.55047754761547,38.647071362896114,1333.4196573744732,1196.8205159653705,32.94165940336976,939.2607528845074
2021-01-22,1295.400762641483,1307.7650871013502,1282.5608872408516,1295.495849609375,3282665,1174.8276867675781,1286.386065911854,1247.810681918651,63.13544495243688,38.575383993203104,-51001025.707282476,196480612.0,66.41899358544642,77.50040746993368,38.27567625994813,1332.508214640702,1207.2334723710167,32.38898372173611,940.3007588325603
2021-01-25,1303.0095249453675,1328.118636821509,1276.3786733406446,1294.7349853515625,4847989,1180.3079370117186,1287.6705150564246,1251.2865562470147,62.887529661663066,36.38395880940993,-52409074.17688722,191632623.0,63.589205670392545,68.5135721059415,38.44117604620032,1333.4691563583976,1213.1109339736338,33.77119656167385,941.8448239638116
2021-01-27,1301.8683891020462,1324.59963271253,1265.0606741599904,1293.35595703125,8896211,1186.1733813476562,1288.545198437167,1254.4028081569581,62.40919775242473,34.14239028020893,-52849618.06926447,182736412.0,48.80966500733242,59.605954754390446,37.9882102192409,1332.7629615045557,1220.9504051946628,35.61175098959282,944.6017191090344
2021-01-28,1278.9467019396532,1298.3492042756695,1274.4765693682132,1279.56494140625,2962948,1191.6165380859375,1287.1636204324104,1256.266669879128,57.68392008703236,30.896950553282522,-54549481.21819526,179773464.0,27.33097344290797,46.57661470687763,37.567599094207154,1330.7796884624665,1228.0030507953459,34.77324269801164,945.483851979783
2021-01-29,1295.4009220163928,1302.058636006198,1260.30523504987,1269.435791015625,5130876,1196.4443334960938,1284.4362620605973,1257.2421603336832,54.42454039075833,27.19410172691414,-57436336.40080843,174642588.0,13.464235279778688,29.868291243339684,36.41606523104184,1326.8080432240483,1236.4543957407952,35.27182543074853,946.9698883028125
2021-02-01,1279.9454411158702,1390.5110421039585,1271.813473054286,1378.0040283203125,11317043,1202.1642602539061,1298.8313030236304,1266.1874838882484,72.4156360938672,32.643819135382046,-48504218.61746358,185959631.0,90.39442704851827,43.72987859040163,37.319224064096765,1345.6688918667646,1232.036015359798,41.40064154914746,950.8809743949752
2021-02-02,1401.9242494345756,1515.1053794771228,1401.9242494345756,1445.8651123046875,14349665,1209.5058154296876,1321.45188906687,1279.4969378450219,78.2066355862452,41.954951221848205,-51711802.5698541,200309296.0,72.82565623026801,58.89477285285498,39.423338306077135,1385.1129881674,1212.1465821450997,48.23640652112338,957.048782745968
2021-02-03,1455.1859361076874,1481.8167898403772,1431.4083881320717,1453.806884765625,6197782,1217.0432983398437,1341.8141960974478,1292.4087857650666,78.76840048289046,49.40541033238128,-52401732.919813596,206507078.0,75.94251963660132,79.72086763846252,41.37715867363034,1415.107808413887,1203.2900187345506,48.391549034493536,959.6734989011212
2021-02-04,1450.4302703085718,1474.2078157234666,1436.1637430596352,1454.99560546875,3957579,1224.7272509765626,1359.2267206161098,1304.4522538912652,78.85625403366427,54.774466724844615,-52441299.04775552,210464657.0,76.40905026035628,75.05907537574186,43.19142044350117,1439.2105312681133,1199.7120639467303,47.65244357944624,961.3332387579534
2021-02-05,1459.370817014566,1471.3546780499144,1437.210095720414,1442.3460693359375,3270494,1231.9746484375,1372.0143127268525,1314.6666105908705,75.2862262924452,57.34770213598199,-54727908.06526357,207194163.0,71.4445569468825,74.59870894794669,44.87609208695266,1456.9471494564013,1198.8622743717237,46.68759634730725,962.6831550760511
2021-02-08,1446.7686264662702,1493.2299293930482,1445.674836100276,1475.919921875,5223019,1240.264453125,1387.9997910573366,1326.6113003156208,78.11785670406326,61.388490741715714,-53307236.69605457,212417182.0,84.62110071004668,77.49156930576181,46.620544426985376,1480.0962533063635,1192.6808218889491,46.98732946943607,964.9171173475105
2021-02-09,1480.86564916596,1497.5099323132972,1469.4524264363572,1489.853515625,3825206,1248.7787182617187,1403.669594836977,1338.7033162644636,79.18382685223341,64.96627857251337,-51569698.158945166,216242388.0,90.08954099736297,82.05173288476404,48.274911629272005,1502.8523413562384,1190.5113305187615,45.63519921282921,966.585666435405
2021-02-10,1483.7189809846705,1487.5233886282208,1453.9494447333652,1476.9185791015625,2578777,1256.9667529296876,1414.938669339221,1348.9414838820267,75.50655544661637,65.99718545719429,-50620008.2261287,213663611.0,85.0130381749203,86.57455996077664,49.10955806378791,1519.4872123767602,1193.1885810802712,44.94011861845818,967.6768931969691
2021-02-11,1473.6373486609114,1483.6239188926959,1451.9046928529567,1455.6614990234375,2720190,1264.8523388671874,1421.2037200598695,1356.8466701887978,69.77206583973208,64.3570498710717,-52695842.87117287,210943421.0,76.67038981186413,83.9243229947158,49.79146834202249,1530.1051287440619,1199.500278970782,43.995769148549684,968.8023018997806
2021-02-12,1459.9414265493126,1468.5013437082337,1441.965577295317,1446.9588623046875,1867284,1272.6057202148438,1425.1660496359953,1363.5216473825676,67.51148671400824,61.64440225342764,-53860386.19578774,209076137.0,73.25491422871167,78.31278073849869,49.96097792046034,1538.6260565925936,1204.7465508292812,42.748626096004465,969.5543907907064
2021-02-15,1452.3325340062647,1468.5012655570877,1446.958785299996,1462.4617919921875,1917477,1280.4523120117187,1430.9038561523325,1370.85054698328,69.41268367498367,60.053309169052454,-53018045.5324212,210993614.0,79.33926309058062,76.42152237705213,50.11837967186692,1547.17433109168,1213.6509862911325,41.23390139322498,970.3351574396364
2021-02-16,1464.6969478048456,1497.0344128862514,1463.7458458906867,1473.684814453125,3838556,1288.06017578125,1437.4855420447623,1378.4679001291945,70.74726336915867,59.017641915567765,-54564445.94553505,214832170.0,83.74390049224495,78.77935927051242,50.674202187320056,1554.0569015657532,1227.0649246061218,40.7580956432849,971.9506607355594
2021-02-17,1468.5012799112083,1490.37662281144,1458.0391593937063,1472.6385498046875,2340184,1295.26287109375,1442.8936970847508,1385.4435038088607,70.43870954595639,57.450193275890115,-54791584.81220554,212491986.0,83.33327880645692,82.13881412976082,50.90639647827091,1561.0742306862749,1237.0247561301312,40.15662191288839,972.921869155397
2021-02-18,1466.78917342,1475.349089759479,1441.0619389715653,1450.0498046875,2446843,1301.9814526367188,1443.994636715943,1390.2291557257968,63.95354301066923,53.765480990146216,-55955620.94102468,210045143.0,73.26027990567123,80.11248640145769,50.30143803546027,1564.4771626109487,1247.1227031117078,39.737373975390206,973.8965730460465
2021-02-19,1449.336596840758,1471.3546288902428,1425.5590495089828,1435.0225830078125,3044240,1308.2168774414063,1442.6143207608459,1393.5471873763165,59.996190918251486,49.06713338452937,-57741692.89914305,207000903.0,29.243685374756847,61.94574802896165,49.04402708163463,1564.3768925017284,1260.300622146709,40.17010293295233,975.0749205311364
2021-02-22,1437.0198118676367,1438.0183991517765,1376.339467250068,1381.1900634765625,6168108,1313.1977978515624,1433.1644350248023,1392.6318448652237,48.43397892332817,40.532590159578604,-62939647.86740479,200832795.0,4.003117611179656,35.50236096386923,46.080412465481444,1559.8217737840314,1273.4251622511247,41.706447859292055,977.2146825025364
2021-02-23,1390.5111001604007,1424.750771573379,1388.608896193013,1413.6229248046875,3733776,1318.752236328125,1430.1580488370923,1394.1867396755545,54.16509056991997,35.971309161537874,-61505082.229863696,204566571.0,30.769426803110953,21.33874326301581,43.32848460762491,1554.4574080309862,1290.6783219494823,41.838895019115235,978.5314356917503
2021-02-24,1414.0031591166592,1457.0881219570879,1414.0031591166592,1451.9521484375,2380414,1324.020390625,1433.5109872371552,1398.465658843106,59.84503331412281,35.04532839404919,-59692186.10448441,206946985.0,62.40190722052254,32.39148387827104,41.606235076546945,1548.7214785734202,1312.2738705476734,41.95505945720703,979.4288621016921
2021-02-25,1458.9902562532625,1465.2675053219666,1428.5549966704043,1432.787353515625,3168105,1328.9699243164061,1433.3996589723045,1401.008006596626,56.1015065582058,32.391652375678404,-62129828.85193784,203778880.0,46.58551589787272,46.58561664050206,40.19871954977789,1534.007672561666,1342.3099177703652,41.580591542518114,980.6209253764393
2021-02-26,1409.533127640273,1420.4708003581293,1364.9740233099647,1371.964599609375,5579058,1332.2845166015625,1423.9481113780075,1398.856643116089,46.21988390121912,25.091468261918635,-66303369.89393548,198199822.0,5.274477197900061,38.08730010543176,37.657809785965334,1508.590132894922,1377.9803382964844,43.454358589885416,982.4506092366363
2021-03-01,1384.8044001506103,1413.3374578460212,1367.8747394774762,1400.8304443359375,2494481,1335.9757421875,1420.3915472176889,1399.0028506138553,50.66151444441448,21.388696603833523,-65181376.44801156,200694303.0,27.151533583247403,26.337175559673383,35.298393576710815,1505.8079364241107,1383.045176368858,43.59781285978967,983.279898407621
2021-03-02,1406.9650429464007,1416.8089240821434,1386.849215172568,1413.0045166015625,2089473,1339.8581396484376,1419.255080969054,1400.0400110573894,52.445330825645634,19.215069911664614,-63622563.25753536,202783776.0,36.37009813896716,22.932036306704862,33.005928097060114,1505.6638148974896,1379.9032383251667,42.62366257763152,983.9914196568608
2021-03-03,1420.470576276411,1436.1637563959698,1408.914665877204,1423.704345703125,2184001,1344.842861328125,1419.939583235834,1401.792924734851,54.01884219370199,18.146658500982994,-63435793.349989176,204967777.0,44.472322534861114,35.99798475235855,30.975737914133155,1504.4715098063566,1378.0852895100497,41.52547885914111,984.7631159857202
2021-03-04,1400.9731483700157,1421.2791514346823,1386.706619364211,1391.0816650390625,3530366,1348.64537109375,1415.499903513254,1400.9994980907186,48.725164218648686,14.500405422535323,-66072645.82500587,201437411.0,19.769471991460666,33.53729755509631,29.07290912050792,1504.5569784027566,1371.608426870681,41.202067964839166,985.9389612210668
2021-03-05,1382.521574704308,1404.9675543122132,1368.7305983903934,1391.985107421875,3306902,1352.4260009765626,1411.8822425761186,1400.331765448582,48.874586231380185,11.550477127536624,-65135240.847834006,204744313.0,20.453585059513227,28.23179319527833,27.778841006612645,1504.9536268029397,1366.1756822790917,40.847417104623496,987.0048880929855
2021-03-08,1405.7284351168714,1450.4302189128748,1398.119620853722,1441.109375,4150049,1357.23857421875,1416.3787244874852,1403.3523291190575,56.327097936312626,13.026395368427757,-62464125.76925622,208894362.0,60.712738007587795,33.64526501952056,26.26890503000836,1500.7804636748751,1366.867790719656,42.10439527507895,988.4714779889017
2021-03-09,1450.430351859996,1457.3734419520435,1418.8538162141224,1434.5469970703125,3779948,1361.4024951171875,1419.1738433463818,1405.663045263595,55.1701343105418,13.510798082786778,-63164116.139626585,205114414.0,63.033233861898104,48.066518976333036,25.0363328555917,1492.9038408378744,1369.2137617011879,41.84834030813911,989.820015415477
2021-03-10,1448.5281577825713,1459.7036048304672,1433.7860786981132,1449.66943359375,2210547,1365.955419921875,1423.8654726152076,1408.9227777324952,57.344452339335206,14.94269488271243,-62665229.96802038,207324961.0,79.61546169228332,67.78714452058973,23.95096513262435,1488.56935175187,1370.823336236411,40.710425009868736,990.6238506086029
2021-03-12,1451.666861408374,1488.4744581174662,1429.6488294306566,1439.96826171875,4885349,1370.1773608398437,1426.3428247849833,1411.2224432129585,55.485276379793355,15.120381572024826,-65836563.17814718,202439612.0,60.72386589219534,67.7908538154589,23.63848440082788,1486.7894228336004,1371.0339414242121,42.004368129650224,992.4096051456091
2021-03-15,1445.6748301916596,1453.3787320533418,1391.7474010585834,1411.1973876953125,3181450,1373.9085327148437,1424.0127575404188,1411.2205872486884,50.278977866752385,12.792170291730372,-67009970.87282411,199258162.0,37.427693641237454,59.255673741905355,22.213743521187542,1484.8701506448267,1369.3770661520482,43.406294048586524,993.4799658912739
2021-03-16,1415.5251253586719,1423.7996661563286,1385.7555869003145,1390.3209228515625,3233903,1377.0433642578125,1418.829398357518,1409.6724639600125,46.8442215960066,9.156934397505438,-69467729.25755313,196024259.0,20.52373303875871,39.55843085739716,20.726970892983164,1480.9948232671563,1366.038306615656,43.02327870625992,994.5145877250534
2021-03-17,1403.8264196102496,1419.9475505493972,1361.7401600792512,1367.3516845703125,5178384,1379.3840283203126,1410.9097500825633,1406.5375914126273,43.33640645185352,4.3721586699359705,-73647661.74115938,190845875.0,4.4277867774746085,20.793071152490246,19.77768117402897,1475.8038227297236,1360.5959941648077,44.107858117966074,996.0915959143953
2021-03-18,1384.3762462123775,1397.834243556188,1350.5645313977825,1358.2684326171875,3381940,1381.7009106445312,1402.8110858571208,1402.9620981685205,41.99710160025449,-0.1510123113996542,-75927241.24433027,187463935.0,5.58618324485371,10.179234353695668,19.1728458925022,1470.0404933388033,1354.922311836978,44.333704835140324,997.077283645899
2021-03-19,1345.8093082235387,1352.3243335978557,1311.1891727634613,1342.24267578125,9920812,1383.5508056640624,1393.4928689223716,1398.4643631768708,39.66779591024779,-4.971494254499248,-70869336.29601474,177543123.0,17.516119826741832,9.176696616356708,19.47918632444874,1469.5509848157924,1344.6311074693638,44.529815907896456,999.6800396435673
2021-03-22,1340.1026480463781,1348.0919276495997,1324.1716903779773,1331.59033203125,2964175,1384.713056640625,1383.9694017083527,1393.5107312401583,38.15302333367316,-9.541329531805559,-71994888.05219956,174578948.0,11.507531054848378,11.536611375481298,19.76364529697053,1471.0446753623994,1332.7941918251006,43.0577031481626,1000.4484897310446
2021-03-23,1333.349656566008,1347.2357198332643,1329.7354232314788,1335.6798095703125,2564844,1385.3017846679688,1376.5402336871157,1389.2269592646142,39.11426427525157,-12.686725577498464,-72817313.168478,177143792.0,13.814252411274884,14.279301097621689,20.027785771455047,1474.1367622896096,1325.1510795072654,41.23217410913566,1001.1163847772435
2021-03-24,1331.5426418702368,1338.200355079588,1293.5461679231043,1302.201171875,4237815,1385.6660571289062,1365.1034549467902,1382.7806046431613,34.40054473426132,-17.67714969637109,-75412357.00151579,172905977.0,4.440096377629845,9.920626614584359,21.01604787606622,1479.4248730968086,1308.7207934070977,41.47660361251766,1002.1285464152179
2021-03-25,1294.4495590342317,1321.0804096242084,1294.4495590342317,1304.0556640625,3894604,1386.0712231445314,1355.7114871184378,1376.9491275631124,34.868775269170484,-21.237640444674525,-76497289.1931662,176800581.0,5.391467872065515,7.8819388869900715,21.933719830348025,1476.214884840213,1297.1411332261932,40.41619268233616,1003.0386154885126
2021-03-26,1318.5126799186407,1339.1515457961389,1314.422895092517,1329.9259033203125,3093766,1386.9424340820312,1351.7444742264186,1373.4659257673495,41.176470467705634,-21.721451540930957,-75711936.97295135,179894347.0,18.663137793356796,9.49823401435071,22.088194433986583,1471.7014121159034,1291.3684609309714,40.036170471714925,1003.8081582820325
2021-03-30,1339.1513603222577,1358.3635706136354,1327.310189123563,1353.9410400390625,2801282,1387.835517578125,1352.0824074283637,1372.0196379356246,46.36886565469504,-19.937230507260892,-73708555.53633839,182695629.0,30.983123104265058,18.34590958989578,21.548253827789335,1471.522213195,1289.7453038948438,39.394542687311876,1004.5418516379851
2021-03-31,1353.988564853224,1361.5973796218302,1341.4340669255434,1349.5184326171875,2400871,1389.0671923828124,1351.687949765106,1370.3528819861108,45.57108402983419,-18.664932221004847,-74184195.35683706,180294758.0,28.71428494974924,26.12018194912369,20.934129983584427,1469.426974946414,1286.7093409715546,38.02088340223865,1005.1760730438882
2021-04-01,1361.9778101755064,1377.052750845807,1351.0401392139013,1373.961669921875,1380763,1391.13203125,1355.1146759430706,1370.6201996109824,50.62712929905438,-15.505523667911802,-73131584.73385838,181675521.0,41.2538897861305,33.65043261338159,19.829460150491318,1466.0629600996922,1286.169071150308,37.27184303269443,1005.5571304256667
2021-04-05,1368.635599955826,1368.635599955826,1313.8521551028025,1335.1568603515625,2548649,1391.7778295898438,1352.0442427751464,1367.9932855917662,43.68868980469586,-15.949042816619794,-73697948.17758416,179126872.0,26.033926599933814,32.00070044527118,19.79287739186132,1460.5404668700712,1282.8368158447724,38.90310530315001,1006.2038572289214
2021-04-06,1337.1541969880918,1347.0456800612485,1325.1703361558073,1332.4937744140625,1824079,1392.126884765625,1349.0364784119026,1365.3636921711955,43.25060818708736,-16.327213759292817,-74300695.07031089,177302793.0,29.90138999662094,32.39640212756174,19.758907687419185,1458.716743084625,1278.8017505677187,37.68683663188509,1006.6592122543678
2021-04-07,1333.4448538038184,1347.901556134921,1321.3183046697252,1335.48974609375,1841308,1392.7517578125,1346.9523657475715,1363.1508072765698,43.93175414572947,-16.198441528998273,-74178812.93912984,179144101.0,33.18284760749202,29.70605473468225,19.827033642372335,1456.3441999753982,1275.524757544133,36.893723405693,1007.1175903935433
2021-04-08,1341.0536203612057,1364.6409928903488,1341.0536203612057,1349.7562255859375,1644834,1393.8369653320312,1347.3837287996278,1362.1586160402267,47.18276507943835,-14.7748872405989,-74609917.77582176,180788935.0,53.8988348587395,38.99435748761748,19.24468509032505,1445.1078380097533,1277.6258045683717,36.340689362186275,1007.5470494820042
2021-04-09,1344.857947659038,1347.7112530642553,1328.784303989389,1335.4420166015625,2015002,1394.6511059570312,1345.5465423076178,1360.1796086743998,44.40094585943335,-14.633066366782032,-75207332.16823745,178773933.0,50.1707137474884,45.75079873790663,19.056003788707216,1433.7271035903204,1279.0960409409295,35.242920236069295,1008.0495975036118
2021-04-12,1325.7883328498085,1325.7883328498085,1266.8676216612616,1279.3746337890625,3755497,1394.3714794921875,1335.3662486893784,1354.1940549791896,35.55778005316378,-18.82780628981118,-77368481.59240405,175018436.0,11.350907532043907,38.47348537942393,20.267001994196352,1419.5572846440716,1276.2363799067095,37.62373985780012,1008.8500703386771
2021-04-13,1281.3719669698357,1314.422756245918,1281.3719669698357,1306.528564453125,2063654,1394.910751953125,1330.9296818838009,1350.6632779031847,41.62196101230644,-19.733596019383867,-76290636.45366193,177082090.0,35.99482351691634,32.50548159881621,21.391500327864833,1401.2581381614496,1281.191556662769,37.439767186304074,1009.3036953172646
2021-04-15,1311.5219194886606,1323.077830802065,1291.691468079948,1307.4322509765625,2625838,1395.6706811523438,1327.3146925134565,1347.4609796123239,41.818187977340976,-20.146287098867333,-76282671.59822276,179707928.0,36.81497640880427,28.053569152588164,22.082496102360118,1388.4339244610794,1283.6392566912643,37.00738115314785,1009.8919388522064
2021-04-16,1293.9741499064546,1325.1703390275595,1289.0284664098122,1292.690185546875,3752588,1393.964404296875,1321.9878452878286,1343.403883755624,39.48643610402379,-21.416038467795488,-79274871.58853425,175955340.0,23.43561610965127,32.08180534512395,22.782741963413923,1380.5168548253182,1281.7932525965566,36.94555911490495,1010.71422626013
2021-04-19,1274.4764432093805,1280.3732280732634,1242.1389812175007,1246.371337890625,4157065,1389.9745288085937,1310.3545364574895,1336.2162877656242,33.21902599729475,-25.86175130813467,-82511600.33293937,171798275.0,3.1370828083631697,21.12922510893956,24.328858394180624,1383.9774338716131,1266.2346388822932,37.917390915938476,1011.4768992114855
2021-04-20,1255.4544187711228,1273.9533029708298,1253.2668381160781,1266.39208984375,2989204,1386.2262329101563,1303.5910831322988,1331.0441249565965,37.81357697794573,-27.45304182429777,-81707594.11158523,174787479.0,17.97674818001731,14.849815699343909,25.76453793703542,1382.5682053957985,1258.456233080764,37.17914621338606,1012.0407565067688
2021-04-22,1245.9435273241893,1274.0010342372148,1243.3279970187377,1271.43310546875,2398100,1382.5549829101562,1298.6437019532914,1326.6284938834226,38.9524644205149,-27.984791930131223,-79711029.17547813,177185579.0,21.713220475534836,14.2756838213051,27.269567738209584,1381.6873864265424,1252.25609501877,36.714424142321135,1012.4884150679704
2021-04-23,1264.9655690488971,1278.8992355673292,1250.1758875717487,1258.2127685546875,2062964,1378.8723168945312,1292.423558353506,1321.5606623775902,37.036764712416186,-29.137104024084238,-80619545.849725,175122615.0,11.91411920478601,17.20136262011271,28.431446342755155,1382.4552656186497,1244.1504594790067,36.143632988982525,1012.871483586897
2021-04-26,1265.012982046441,1275.6176741223678,1258.3076679873968,1270.576904296875,1431562,1374.7654565429686,1289.0625346524857,1317.7840877049446,40.00835668627251,-28.72155305245883,-80021741.4436456,176554177.0,22.481172511181388,18.702837397167404,29.510333618404612,1380.7911050870543,1239.3043294832582,34.80515245888951,1013.1427149601973
2021-04-27,1273.5253786266217,1320.5573187231341,1270.5769861084632,1313.1387939453125,4303909,1371.231162109375,1292.76657454369,1317.4399918708978,48.94163500902713,-24.673417327207744,-76995481.22618361,180858086.0,57.95807902112069,30.784456912362685,28.533990616861566,1381.255959102525,1239.9332376748187,35.88909974227305,1014.0605845413729
2021-04-28,1317.1334090953942,1331.495024195505,1305.387324152967,1308.62109375,3220346,1367.8652124023438,1295.2057313446608,1316.7867401582387,48.122511148033276,-21.58100881357791,-79418065.87840046,177637740.0,54.270221055671605,44.90315752932455,27.22907553588582,1381.427734281516,1240.2180054645776,35.19042833514912,1014.7762189414054
2021-04-29,1316.2774076453095,1321.603671083729,1287.3164016800986,1292.214599609375,2221346,1364.5962744140625,1294.7455572315398,1314.9665815990636,45.16608768145355,-20.221024367523796,-81004739.44360726,175416394.0,40.87738454908433,51.03522820862553,26.523039640075762,1379.4149168840427,1238.4596924909574,35.12591698289779,1015.2436672095562
2021-04-30,1283.9876109260333,1298.2541399363224,1270.7672708229031,1274.904541015625,1968093,1361.1551879882813,1291.6930931983222,1311.9990230373273,42.21899570021834,-20.305929839005103,-82380365.36619616,173448301.0,31.036141616508694,42.06124907375487,26.293638601020994,1373.7692329100094,1236.201726562647,34.580270706506475,1015.628932701168
2021-05-03,1260.685636938795,1285.22411373241,1254.6461627659519,1276.8543701171875,1653245,1357.4430395507814,1289.4102127243013,1309.3957154136133,42.67275442274555,-19.985502689311943,-81632167.06460488,175101546.0,38.850633647947284,36.92138660451343,26.466258761323086,1367.9858952140344,1234.7186580086218,34.29439072507444,1015.9406881520162
2021-05-04,1283.9874109512293,1284.8434257787887,1265.916477019323,1272.1937255859375,2029558,1353.4132177734375,1286.7615223953221,1306.6400124634151,41.827216710332436,-19.878490068093015,-82315492.21870157,173071988.0,33.634820171966425,34.50719847880746,26.62654891017503,1355.0183805271445,1237.5093782619178,33.19671629895953,1016.3254634951537
2021-05-05,1276.5689691574653,1280.8965293969545,1259.2589604021293,1273.192626953125,1813150,1349.4242993164062,1284.6740000195996,1304.1624283515416,42.092055604253865,-19.488428331942032,-81793460.52495585,174885138.0,34.75270916290282,35.7460543276055,26.941485154279977,1349.8897321543902,1236.4416032948286,32.37106292009279,1016.66398891729
2021-05-06,1278.280964329031,1290.2173397147394,1270.4343735881719,1274.3814697265625,2333882,1345.9109326171874,1283.0905338206708,1301.956431416358,42.427994106343085,-18.86589759568733,-83196030.54972196,177219020.0,36.08316509382418,34.823564809564466,26.795196626497752,1344.5286282003408,1235.9914767801279,31.4719131491267,1017.1107570482691
2021-05-07,1281.1342180726617,1293.4034554080947,1273.525403117516,1277.04443359375,2362325,1342.7513696289063,1282.1603645549908,1300.111098244313,43.22254746980145,-17.950733689322306,-84721946.27297308,179581345.0,39.06333719907621,36.63307048526773,26.508032750894547,1337.7035018302897,1236.9720719001791,30.643780230658994,1017.566560030016
2021-05-10,1281.1343374600974,1330.4489507634473,1281.1343374600974,1326.7872314453125,3929224,1341.6633129882812,1289.026036384271,1302.0871081110538,55.56021976483396,-13.061071726782757,-81376229.45116286,183510569.0,94.66037032103416,56.60229087131151,24.705025531819736,1331.6147588303481,1240.7639154860583,32.269547154876015,1018.4112468765167
2021-05-11,1312.5206364207672,1331.4475876589802,1308.8113157497514,1315.944580078125,1975828,1339.70974609375,1293.1673507987102,1303.1135875160219,52.863692647456155,-9.946236717311649,-82106790.25805624,181534741.0,82.36251735447229,72.02874162486087,22.994203027356708,1327.0663116898322,1243.3626189742304,31.58145606590121,1018.8427178105978
2021-05-12,1312.520636869868,1355.320222854755,1309.6673311375423,1317.5615234375,4283174,1337.02193359375,1296.9203004354472,1304.183804991687,53.22825215884641,-7.263504556239923,-84908691.20224977,185817915.0,64.08869834440081,80.37052867330242,22.127390238268593,1331.1628875213307,1243.0847321075755,32.58655861242346,1019.8010768436408
2021-05-14,1325.8359782044772,1354.2739467248189,1306.861542747451,1346.28466796875,4558155,1335.2918798828125,1304.514818517494,1307.3023874344326,59.25652382813164,-2.7875689169386533,-81886689.94487596,190376070.0,91.02494239525566,79.15871936470957,21.20863792467093,1339.5925759022268,1238.6306540782418,33.645547567062344,1020.8417499247113
2021-05-17,1362.9290143637609,1370.5378295172222,1301.297565180202,1318.9405517578125,9620003,1334.2313989257811,1306.7341620929276,1308.1644736806088,52.34039881595324,-1.4303115876812171,-86604181.79964258,180756067.0,55.47800872503704,70.19721648823116,20.889313888740702,1341.2411468181385,1238.1329132404553,36.18802733634506,1022.9774564834457
2021-05-18,1336.2981048569566,1352.4668363747987,1328.6892900250307,1347.9967041015625,3312380,1333.1747241210937,1313.0822454788715,1311.115009267346,57.95592392308721,1.96723621152546,-84537243.74065822,184068447.0,80.54983067588624,75.68426059872631,20.592798712519777,1349.9453005450528,1234.9594113690096,35.99790285639086,1023.736350737979
2021-05-19,1344.858146542134,1364.8312873323637,1331.5427193486476,1334.823974609375,3215258,1331.61111328125,1316.4271268835644,1312.871228922311,54.80332151182104,3.555897961253322,-87118645.56323078,180853189.0,69.18341421001631,68.40375120364651,20.72011174632482,1353.1029057360417,1240.6470698498958,35.80437893691409,1024.4711248313401
2021-05-20,1341.8146214150308,1357.1748243844515,1333.1120157160221,1340.81591796875,1996254,1329.9533447265626,1320.1792485889775,1314.941205888714,55.976417001735946,5.238042700263577,-87836665.92895065,182849443.0,74.3537112014601,74.69565202912088,20.838330992000937,1358.0984343702225,1243.093924028215,34.96569534630804,1024.925582619785
2021-05-21,1345.8090539919112,1355.034695059324,1338.2953265126162,1348.7099609375,2185322,1329.1059106445311,1324.5685889502886,1317.442595151587,57.54000821520831,7.125993798701529,-87302730.07078822,185034765.0,81.16528203311653,74.90080248153096,20.948106005843044,1363.95525245872,1244.9647914865925,33.6638148606223,1025.4272743038098
2021-05-24,1350.5647366376884,1386.7066098716548,1341.053717365592,1372.6778564453125,5035538,1328.719765625,1331.9700147187539,1321.5340959881594,61.95792136642434,10.435918730594494,-85361949.7999549,190070303.0,88.99253655541386,81.50384326333015,22.03719558663243,1372.7263238258647,1247.6402289085104,34.52017754958233,1026.6469224803955
2021-05-25,1388.6087391224532,1390.463341340349,1371.583992319801,1380.001220703125,2892219,1327.4976025390624,1339.3594310240417,1325.864994115194,63.21727187608885,13.494436908847774,-85675216.75758386,192962522.0,92.02608894427826,87.39463584426953,23.14983555318704,1382.385834926526,1248.9231494484739,33.40297551179417,1027.3719123534447
2021-05-26,1387.5626247773482,1404.39708244784,1381.7609262418366,1400.8780517578125,3230579,1326.8242236328124,1348.8238342138525,1331.421516903536,66.61062670880304,17.402317310316448,-83449093.33247012,196193101.0,97.37312665593096,92.79725071854102,24.54650731415339,1396.3790971937697,1243.7038129624802,32.75961024271708,1028.2124385396428
2021-05-27,1403.7785613223787,1412.386078476843,1390.272963106751,1410.3411865234375,3747221,1326.0376586914062,1358.288042261481,1337.267418356862,68.04948597802282,21.020623904619015,-80394914.62364326,199940322.0,98.52737864905666,95.97553141642196,26.03967281389364,1410.7352233850763,1239.5196960485175,31.99914632324387,1029.2054400949555
2021-05-28,1414.3834021565096,1426.3197756688285,1401.828905382061,1405.823486328125,2315923,1325.3547631835938,1365.601187502503,1342.3456456139927,66.57450950869273,23.25554188851038,-81955360.84555998,197624399.0,85.88268245522238,93.92772925340331,27.748131522291835,1421.8317354319413,1239.7840726735274,31.462840892066982,1029.8279228564265
2021-05-31,1400.3074127191749,1403.8264434064315,1386.2786593043747,1395.9322509765625,2405318,1325.0494604492187,1370.2675049600507,1346.3150237889977,63.337535474909,23.952481171053023,-81714195.65671773,195219081.0,75.69429897815608,86.7014533608117,28.366939806602165,1428.3035880381428,1245.4149910634198,30.611554187187217,1030.4453020033634
2021-06-01,1394.2678240395367,1419.519626652676,1391.4621197942142,1402.54248046875,2077742,1325.2938916015626,1375.232885807543,1350.4800205800905,64.57709145065155,24.752865227452503,-82150870.19731955,197296823.0,80.98154311370017,80.85284151569287,29.347614765294086,1434.5046438243517,1251.7827463123672,30.429122235135395,1030.990273483316
2021-06-02,1396.5029999851806,1402.4948724393112,1383.9008995053966,1399.1185302734375,2469417,1325.929228515625,1378.9076003407574,1354.0828731499682,63.381716721452314,24.82472719078919,-80578259.57343489,194827406.0,78.24286957566993,78.30623722250871,29.808280843110033,1437.8391328003984,1261.1407378050706,29.58715500143668,1031.6197770980964
2021-06-03,1407.7259064584794,1440.9193861653214,1401.1632800933066,1436.9722900390625,3025466,1327.5033056640625,1387.840629525112,1360.222829956568,69.99460523435775,27.617799568544115,-78153546.83166881,197852872.0,97.17300913395225,85.46580727444076,31.131430101641875,1446.5817842367078,1268.7760526773545,30.459562207897196,1032.4539614338728
2021-06-04,1444.6759912940595,1471.5922179036982,1442.726302320675,1462.3665771484375,5677538,1329.9057836914062,1399.3061599287005,1367.789033452262,73.45755247922126,31.517126476438534,-76105128.15142088,203530410.0,93.5441205493748,89.65333308633232,32.89048668041412,1458.4813669953862,1275.6749806608639,30.756731183378516,1034.1384486720121
2021-06-07,1469.8803855628364,1492.7544327084486,1465.4102530713872,1481.6265869140625,3131245,1332.9065087890624,1411.9708410033716,1376.2214448198026,75.74404636928655,35.74939618356893,-75522433.66322456,206661655.0,93.09737142390495,94.60483370241066,34.82879818879209,1471.8538734929166,1282.7606894953647,30.730382924566555,1035.1075135358444
2021-06-08,1484.670070462184,1505.5943123264813,1470.4511434540136,1473.3995361328125,3945382,1335.6609033203124,1421.4214094848242,1383.4198219540997,72.85687875203553,38.001587530724464,-78805807.32549733,202716273.0,81.33444601194131,89.32531266174034,36.797987099439815,1484.9394199903616,1284.3363734666698,31.045581920845205,1036.3313468815718
2021-06-09,1474.2079370045537,1478.963446478762,1439.3025439043877,1445.0091552734375,3025732,1338.5170629882812,1425.050293452303,1387.9819947925691,63.81683592859193,37.068298659733955,-80960824.06133921,199690541.0,63.78629747316574,79.406038303004,37.07039412931916,1489.4730463076903,1292.7092046688722,31.66096196752586,1037.20534583064
2021-06-10,1450.4304129313407,1458.9903301224108,1440.9193938301514,1445.3895263671875,1584311,1341.343740234375,1428.179406208439,1392.2344045388372,63.88149815056477,35.94500166960188,-81761326.18333241,201274852.0,63.410375431300544,69.51037297213585,37.32334351420713,1492.4769736453654,1302.4880776241657,30.690245847863967,1037.6549750797583
2021-06-11,1446.6260900425796,1452.475390352758,1425.3689843263192,1429.9342041015625,1909384,1343.34390625,1428.4493751150735,1395.0269822842242,59.24835595166874,33.422392830849276,-83027559.07087353,199365468.0,43.54158081172618,56.91275123873081,36.83433470117722,1494.6184900845858,1308.7115147982265,30.434257289190747,1038.1790966263231
2021-06-14,1429.934090736792,1445.1993225188257,1405.7285940656957,1441.6326904296875,2005404,1345.0977392578125,1430.477577471168,1398.4792569616661,61.523121583016795,31.99832050950181,-81384577.48051208,201370872.0,48.348644966331086,51.766867069785924,35.548177828076774,1494.0587162829502,1321.54050246705,31.07971951518641,1038.7210906115345
2021-06-15,1445.6748957740308,1449.1939263824315,1432.2167805963993,1436.9248046875,1831871,1346.8458666992187,1431.4694585813727,1401.3270753117279,60.06990810508625,30.142383269644824,-82200436.3771249,199539001.0,43.57171349944788,45.15397975916837,34.46509625830993,1494.8046563407315,1329.6873724678621,30.072392820246826,1039.2256973683777
2021-06-16,1432.2167292657073,1441.8704364768914,1415.2395840881363,1417.997802734375,1504791,1347.7265893554688,1429.396896143373,1402.5619440097018,54.496739639401916,26.834952133671095,-83393518.04583481,198034210.0,28.01869258043417,39.979683682071034,32.765421666017694,1490.9334429938392,1341.8759686272545,29.826568503711705,1039.6243674736127
2021-06-17,1408.58176023161,1426.5100058704772,1407.8684338844298,1414.8115234375,1675778,1349.3196826171875,1427.1529926501617,1403.4693202636129,53.595255179283185,23.68367238654878,-83821002.52919649,196358432.0,25.40040846545129,32.33027151511111,30.89970685922591,1486.116256597929,1354.0927155700397,29.0276401810214,1040.0574390600548
2021-06-18,1414.8116894920424,1418.0453430977536,1388.703872460236,1403.826416015625,4649835,1350.7463354492188,1423.5642885525406,1403.4957718007988,50.494032649035226,20.068516751741754,-83677803.58883491,191708597.0,16.37353743996246,23.264212828615964,28.92181030884587,1480.8321561349499,1364.8884615408315,29.050056642199706,1041.2129785547434
2021-06-21,1388.6087720877738,1397.5491531557234,1376.482222879473,1395.3140869140625,1970012,1351.942822265625,1419.2181036850825,1402.889721068448,48.16811149837627,16.3283826166346,-82125802.87563644,189738585.0,14.585670571398081,18.786538825603934,27.497760069485334,1478.7982719555048,1369.1859687671513,28.92820924891058,1041.681850450011
2021-06-22,1398.2148051151005,1431.218108939024,1397.6917687588855,1425.891845703125,3862264,1353.4655346679688,1420.2448332263198,1404.5935821524981,56.007397573479025,15.65125107382164,-79490719.33374818,193600849.0,38.26878105317261,23.075996354844374,26.06274508347156,1477.2409124602718,1375.3323907623844,29.426481590057072,1042.6723593615845
2021-06-23,1431.4082301096153,1433.3104337376678,1403.9213644639954,1406.9173583984375,1818874,1354.8950415039062,1418.1944524835687,1404.7657137262715,50.86626919453458,13.428738757297197,-80938752.36421831,191781975.0,23.57264579120301,25.475699138591224,24.796143098691562,1477.0057418219694,1376.1714920647491,29.42380928174389,1043.1326289697229
2021-06-24,1417.141733525804,1439.2072496475657,1409.5329188491555,1430.5047607421875,2762042,1357.9176440429687,1420.0883460618177,1406.6723098015245,56.24340850597777,13.41603626029314,-79796739.47452778,194544017.0,41.84157974214107,34.56100219550556,23.812253572486014,1477.4775757321302,1377.7160155764634,29.628529422271345,1043.8513317470833
2021-06-25,1436.6394822267273,1454.5202451623609,1433.7861764030397,1449.336669921875,2099002,1360.7738061523437,1424.5880881941341,1409.8326327734023,60.00661959359728,14.755455420731778,-78747250.2279799,196643019.0,56.42728527935703,40.61383693756702,23.380880081349478,1479.4601522704718,1380.0847573974968,29.227597636407207,1044.4234065102733
2021-06-28,1451.3815137283464,1453.236116011133,1436.4967456261395,1440.396240234375,1173658,1363.4330859375,1427.0201115849404,1412.0966036964373,57.47921568372846,14.923507888503082,-79374092.79374883,195469361.0,62.366563464163555,53.54514282855388,22.980318982436977,1479.3521522349304,1384.6391563588197,28.335581404163367,1044.740582019974
2021-06-29,1439.0171882494824,1454.9957467604554,1430.3621840982498,1437.0198974609375,2174022,1366.3196801757813,1428.5585401812477,1413.9427736049188,56.51119901639286,14.615766576328951,-80372968.8744471,193295339.0,73.37178927546681,64.05521267299578,22.321905779695864,1479.132097065468,1388.3069532275006,28.071151494023525,1045.3229714329982
2021-06-30,1441.8705035409378,1448.9086809341566,1422.3729142780162,1427.176025390625,2139362,1369.9357739257812,1428.3458455980751,1414.9230144779342,53.67306740354457,13.422831120140927,-81737859.6839782,191155977.0,64.56696885494279,66.76844053152438,21.34012333286864,1477.8254111140184,1392.419388690669,27.961481148460443,1045.8828851053177
2021-07-01,1423.8945649497093,1429.5060891186054,1407.7734349360976,1419.329345703125,2060651,1372.9945190429687,1426.9586917680826,1415.249409383504,51.45472824837415,11.709282384578728,-81607089.5277761,189095326.0,54.57292031447137,64.17055948162698,19.84162076695384,1477.479518696666,1391.0009866744278,27.516564936606677,1046.401282864285
2021-07-02,1426.6528052178865,1427.2710446537412,1403.3508093993275,1413.0045166015625,1814564,1375.825947265625,1424.811895588618,1415.083121029286,49.67261179797716,9.728774559331896,-81957013.2874604,187280762.0,46.51720100788384,55.21903005909933,18.63628724689417,1473.9294890763088,1389.6148102400973,27.259684245021464,1046.8512910080628
2021-07-05,1417.141878096281,1439.968324454879,1415.2396742330645,1434.214111328125,1605396,1379.3459741210938,1426.2583903177729,1416.5002314217927,55.267623738383485,9.75815889598016,-81098749.91734321,188886158.0,73.5311390890657,58.207086803806966,17.643420878789033,1464.8819640236266,1393.9210877341861,27.238550217042533,1047.2650008025867
2021-07-06,1432.3594620830393,1444.7237867889355,1426.6528506803181,1431.8839111328125,1072506,1382.5721142578125,1427.1238550585483,1417.6397632522385,54.55009763568382,9.484091806309834,-81550331.39102744,187813652.0,70.5632425024282,63.53719419979259,16.92078137199207,1456.577983616702,1398.0735056411104,26.58372063786931,1047.5442141290928
2021-07-07,1421.8972518018945,1445.389420825928,1421.8972518018945,1442.29833984375,1096808,1385.1553051757812,1429.4583911793486,1419.4663244812393,57.22312188912152,9.992066698109284,-80742157.64582378,188910460.0,83.82774547738649,75.97404235629347,16.014892562042416,1456.1369674016435,1398.2434403132004,26.362895522595323,1047.8308916446072
2021-07-08,1429.5060621126177,1449.4792007050096,1423.79945108622,1427.3184814453125,1456033,1387.5292529296876,1429.1291742971891,1420.0479657378373,52.44526468078895,9.081208559351808,-81799135.01585053,187454427.0,64.74841027757394,73.04646608579621,15.362095729994321,1454.0068557250142,1398.566447497642,26.3140993866092,1048.2078809107431
2021-07-09,1424.6555121311624,1429.3634199399964,1412.8618257408002,1426.2723388671875,1248405,1390.2104077148438,1428.689661154112,1420.5090304140854,52.11798646348537,8.180630740026572,-81018432.83536212,186206022.0,49.87536835142408,66.1505080354615,14.33471690736457,1453.7733024154948,1398.433814283724,25.613206158936844,1048.521566450908
2021-07-12,1430.8376338094965,1441.8703919524614,1418.6634837957636,1427.3660888671875,865284,1393.259638671875,1428.4860346484313,1421.0169606698705,52.45206941239853,7.4690739785608,-81234752.75313485,187071306.0,46.5007427541887,53.70817379439558,13.839486673055072,1452.1421886762778,1398.638267866691,25.44132773020549,1048.7424287962629
2021-07-13,1440.9193343941902,1440.9193343941902,1427.9367706363187,1439.5877685546875,995833,1396.514306640625,1430.193993710932,1422.3925760687457,56.13503144992281,7.8014176421863795,-80443196.38591403,188067139.0,70.16555931121104,55.51389013894127,13.379630026910537,1452.5289538727295,1398.517799056958,24.59217900140529,1049.0008649050612
2021-07-14,1439.5403818292518,1474.1129139863344,1434.2617196433557,1469.1671142578125,4010254,1400.4537744140625,1436.1898584104522,1425.8573566753435,63.503245273056756,10.332501735108735,-77428341.06700769,192077393.0,93.01066615049481,69.89232273863152,14.298411463229758,1460.8346517591024,1395.3290323229287,25.682108668660536,1050.099824682841
2021-07-15,1474.2078893065313,1545.540529111686,1474.1602877728071,1530.65576171875,9066480,1405.603037109375,1450.7230743040363,1433.6202014933738,73.47699031847151,17.102872810662575,-72143088.00996569,201143873.0,89.53175558468848,84.23599368213145,16.83971386259453,1488.7157278668271,1379.032380043329,29.30291625331861,1052.909630123042
2021-07-16,1530.6558103795219,1543.4482005187076,1517.1026083856752,1539.59619140625,4157388,1410.9073315429687,1464.3958615505308,1441.4702748202535,74.56536314445309,22.925586730277246,-69201409.74836576,205301261.0,95.81943215201414,92.78728462906581,19.19949466200467,1510.5062026992066,1370.8188827500123,29.09167881615531,1054.2324629977431
2021-07-19,1521.7629999083108,1559.2364370013136,1519.4803321881877,1530.8935546875,3027093,1415.9843139648438,1474.6262758792952,1448.0942214770864,71.49012950890663,26.532054402208814,-70490460.95088543,202274168.0,81.81815556070387,89.05644776580216,21.662486979001578,1524.3268172632347,1370.5562149633279,29.85342353022463,1055.1973864613576
2021-07-20,1531.131325370602,1543.305475772339,1504.6431614564988,1512.5848388671875,1847026,1419.7002661132813,1480.4660548005095,1452.8713042467234,65.38093672956936,27.59475055378607,-71578686.81588446,200427142.0,70.07318836779554,82.57025869350451,23.16641662293756,1532.9675792535033,1370.5847522894653,30.482630014911454,1055.7643091246991
2021-07-22,1531.2741006443937,1566.6075604105804,1513.726316552688,1561.85205078125,3231269,1424.6184155273438,1492.986977259085,1460.9439521381698,72.25238385743921,32.04302512091522,-68928581.56028315,203658411.0,97.0870977157921,82.99281388143051,25.003468173523846,1551.0263189416316,1368.0194818396183,32.1640651240887,1056.810722158619
2021-07-23,1563.6116371350047,1565.4662395341463,1528.2781757641544,1532.9385986328125,2259058,1428.92595703125,1499.1333805473507,1466.276888915551,64.19884502664883,32.85649163179983,-70621427.47513983,201399353.0,78.10088074958104,81.75372227772289,26.70930175621111,1560.443919835077,1368.8452647352356,32.522922170224646,1057.5319746258876
2021-07-26,1532.9383384072437,1547.7280179560182,1514.9150055936482,1519.480224609375,2219416,1432.3898681640626,1502.2636642492007,1470.217876744723,60.801599687867,32.04578750447763,-72223276.27252433,199179937.0,69.34722390677899,81.5117341240507,27.58262173592195,1566.553156155288,1369.7503838837747,32.543642898235035,1058.2168356398815
2021-07-27,1531.41661374273,1539.833841602261,1506.7830534641023,1529.6094970703125,3984778,1436.6032470703126,1506.4707154524488,1474.6172560281,62.41372688407824,31.853459424348785,-70703900.48835169,203164715.0,75.93555137010242,74.46121867548749,27.977186402410805,1573.6301506023474,1371.594715120309,32.57986755822957,1059.4363190180666
2021-07-28,1531.725545689726,1540.2381652869392,1493.779927404074,1533.4088134765625,4119892,1440.3114892578126,1510.6150382253895,1478.9721862094675,63.02793640658721,31.642852015922017,-67795255.11202674,207284607.0,78.40672002685265,74.56316510124468,27.702931061001767,1580.3762584515587,1374.48749887266,33.57117972427498,1060.6825817828894
2021-07-29,1533.2166460462681,1546.057552440666,1525.5217067938402,1535.140380859375,1672177,1444.3178173828126,1514.3881678613875,1483.1327932205718,63.32211440488827,31.255374640815717,-67900988.16620658,208956784.0,79.53297395938068,77.95841511877859,27.61870615962202,1585.989712551922,1379.670480319172,32.64008443302861,1061.2007939388118
2021-07-30,1537.0640508425975,1562.9383064706597,1524.559775084804,1540.3824462890625,2536568,1448.3091479492186,1518.3872876194914,1487.3735082626822,64.24951247955835,31.01377935680921,-68346007.58412428,211493352.0,82.27363019758008,80.07110806127115,28.010054088904855,1590.624352551514,1387.1411503781735,33.049973501087685,1061.9963843625105
2021-08-02,1545.0475704276257,1556.3013714503022,1540.9596341923575,1552.40576171875,1083353,1452.3830639648438,1523.6208990193775,1492.190712222391,66.35106254277315,31.43018679698639,-67812829.62865137,212576705.0,89.7586227676722,83.85507564154432,28.373448594667487,1594.9111782409543,1396.794449200452,31.826327191098546,1062.3404974582807
2021-08-03,1563.0345174381628,1576.2120537882292,1548.8951136927499,1572.0279541015625,1777140,1456.3700659179688,1531.0681382627906,1498.1045819912188,69.50198238095413,32.96355627157186,-66580094.00858361,214353845.0,97.05241998064163,89.69489098196463,29.23196639979833,1602.8599256151156,1402.6270861036346,31.504228112840032,1062.9222186245854
2021-08-04,1577.4625197051964,1581.5985964486533,1552.0691971244123,1561.3031005859375,2067087,1459.996103515625,1535.71967092789,1502.7859537389759,65.87128019506923,32.933717188914216,-67354416.35766809,212286758.0,81.10962829473638,89.3068903476834,30.160257180083526,1606.874247395406,1411.5546832686566,31.363168913654388,1063.59619214131
2021-08-05,1558.2251753926237,1570.58514789953,1547.452307565967,1565.343017578125,1831728,1463.2854028320312,1540.27710887408,1507.4198103196536,66.57950649361577,32.85729855442651,-66352863.70586647,214118486.0,81.48960916012457,86.55055247850085,30.741486669130786,1610.8683348636646,1419.8650635738354,30.775288300790724,1064.1873261785156
2021-08-06,1564.9582306289417,1576.5006392137893,1546.9713575504013,1548.943115234375,1192143,1466.05744140625,1541.6103406218178,1510.495610683707,61.04176547938509,31.11472993811094,-67385800.86080456,212926343.0,62.81487573251487,75.13803772912529,31.44308907113202,1608.8985701699364,1433.9972916464696,30.686287826690528,1064.5684755197053
2021-08-09,1558.225067264951,1562.0725365668397,1529.3690475007852,1536.534912109375,1223794,1468.671669921875,1540.8295054660575,1512.4244478263488,57.16746483830667,28.40505763970873,-68073288.65230846,211702549.0,48.68553027556968,64.33000505606971,31.037213949923345,1602.8549374063225,1451.0671817343025,30.830373629502244,1064.9473919350482
2021-08-10,1544.7588696847406,1548.5101756035513,1512.0553817835691,1527.8780517578125,1429931,1471.3105859375,1538.8369741263275,1513.5691592286794,54.56539049390395,25.267814897648122,-68261938.38704243,210272618.0,38.827876492217506,50.109427500100686,29.75882217860896,1592.6100086879549,1471.3633067417325,31.232117928822237,1065.3771811668846
2021-08-11,1529.5614736630303,1536.9679230010233,1503.1582608246133,1522.9246826171875,1370930,1473.7182299804688,1536.3889292787674,1514.2621609611615,53.07671590069449,22.126768317605865,-68029872.14965317,208901688.0,33.187425327886466,40.23361069855788,28.14652763381947,1579.910253819276,1492.3967530166615,31.416228232221364,1065.7809892107332
2021-08-12,1529.369042074539,1564.958132990739,1521.6741034980632,1561.54345703125,1645811,1476.966728515625,1540.258856625303,1517.7644791885755,61.82206940668539,22.494377436727518,-66643737.12351385,210547499.0,77.16301142388899,49.72610441466432,27.652403605184336,1573.3424602707105,1508.2021808425707,32.26392832225382,1066.2949763923114
2021-08-13,1563.9963411099866,1612.8592503937482,1563.0344737415303,1604.779541015625,5439442,1480.3228735351563,1550.1851157622757,1524.2100393239125,68.82695100916908,25.975076438363203,-62968441.93930096,215986941.0,93.21485109650496,67.8550959494268,28.42036653879733,1586.9612890451263,1501.9957299978423,33.62477582512842,1068.140564856143
2021-08-16,1610.165935284085,1613.0996776520658,1590.303351129779,1592.948486328125,1794407,1482.93451171875,1556.7640958493294,1529.3017761390392,65.29642347735405,27.462319710290103,-64346426.66080639,214192534.0,83.11160450632946,84.4964890089078,29.138654241592132,1594.489784947881,1499.8024635872755,32.85131516063973,1068.7525992441158
2021-08-17,1594.776078464674,1601.5091499660325,1563.0825960066006,1576.2601318359375,1838525,1484.8271826171874,1559.7634860011153,1532.7801728573281,60.576247641729495,26.9833131437872,-64923988.781532384,212354009.0,66.4916581219377,80.9393712415907,28.564143648995092,1597.7625329952182,1501.0663732547816,33.2495465034106,1069.356382534238
2021-08-18,1584.1955295284415,1597.7578357152674,1565.0543457310737,1570.5850830078125,1570228,1486.7708935546875,1561.4283470790688,1535.580536572179,59.013948388283865,25.8478105068898,-65963110.25212061,210783781.0,61.32977373670033,70.31101212165584,28.030669527297842,1598.3823669619558,1506.2465637021066,33.21054246632368,1069.868425535482
2021-08-20,1557.1670780564712,1561.1107107125815,1529.3690881287769,1532.831787109375,2416059,1488.5273461914062,1557.0288763145004,1535.3769255008601,49.81046189578819,21.65195081364027,-67852032.68156397,208367722.0,26.990307330069065,51.603913062902365,26.14917293398647,1597.463362518028,1504.2635417788472,33.782360495803104,1070.597504767214
2021-08-23,1539.08403491791,1557.2633526349737,1508.1119509669547,1520.471923828125,1973841,1490.028994140625,1551.4047297781349,1534.2728513028796,47.214396502532594,17.131878475255235,-68833160.5395443,206393881.0,15.748080662526492,34.68938724309863,24.837784401231854,1598.0989356800974,1502.381301136309,34.88014915096138,1071.1757014463021
2021-08-24,1529.3690991685567,1551.8286784940112,1522.443701157369,1544.566650390625,1580003,1492.3216430664063,1550.3527175646718,1535.0353549390088,52.42044763523255,15.317362625663009,-68034102.5821751,207973884.0,37.664049419155724,26.80081247058376,23.620066477959707,1597.3352134434188,1505.6536659511123,34.628478116313154,1071.648581950204
2021-08-25,1553.3675696527862,1563.9962504241212,1529.3690271674986,1533.024169921875,1795313,1494.14947265625,1547.6867871580878,1534.886378271073,49.88238698990632,12.800408887014783,-69450400.1898547,206178571.0,27.165293989375026,26.85914135701908,22.040637622278552,1597.20306929582,1506.1272773838675,34.62838848347811,1072.1876289456825
2021-08-26,1533.0241859602588,1541.8251780310375,1524.5597065539077,1534.8997802734375,2051262,1496.1089721679687,1545.7195553296801,1534.8873710119888,50.30345824447381,10.832184317691372,-69044712.16376759,208229833.0,28.87130288546391,31.233548764664885,20.744316675797585,1597.1625626753817,1506.3168806839935,33.388180125881796,1072.7910749250327
2021-08-27,1542.835114907132,1603.1441463104557,1537.1120515655161,1575.634765625,4903187,1499.2617114257812,1550.321895375114,1537.9056965388786,58.465264667716774,12.41619883623548,-68226921.46312743,213133020.0,65.9228404470491,40.65314577396268,20.835744507946206,1599.6547834100502,1507.8740984258875,35.877907690962964,1074.346145505333
2021-08-30,1583.9069740806356,1620.6984015143153,1582.3680097495067,1596.7960205078125,3345934,1502.9014013671874,1557.4717607801447,1542.2679427587996,61.960330746660134,15.203818021345114,-69053957.55857207,216478954.0,79.66449515352934,58.15287949534744,21.318399058293124,1605.6628786733957,1507.507360584417,36.53403113370241,1075.46115351221
2021-08-31,1596.7479756908979,1612.089713287327,1582.2718247957355,1608.4345703125,3264644,1506.993564453125,1565.3121930158916,1547.169174429444,63.76625409407874,18.143018586447624,-66589688.178342745,219743598.0,89.56626125351427,78.38453228469757,21.762739338826545,1613.3440790863845,1505.4290410308029,36.05430665926592,1076.5465418472022
2021-09-01,1608.4826930191548,1652.4881247462447,1608.4345526849672,1622.0931396484375,3530101,1511.5291455078125,1574.0477232670526,1552.719097778999,65.81723133883821,21.328625488053603,-67930809.2957913,223273699.0,78.9473676284894,82.72604134517768,23.00364829417211,1622.228949986764,1501.550688685111,36.6256827594096,1077.7747424354397
2021-09-02,1623.535879665695,1644.7931240430453,1617.8608389709955,1621.900634765625,2400278,1515.4493212890625,1581.4097096514483,1557.8436560743046,65.76073302658662,23.566053577143748,-69611012.2672966,220873421.0,78.81403199714985,82.44255362638451,24.155920895564414,1630.67896019941,1499.1604318904338,35.93329721031247,1078.6075067804084
2021-09-03,1632.2888052971662,1639.3104835412857,1608.3382860852037,1626.99853515625,2336258,1519.8509448242187,1588.4233751137256,1562.9662397100044,66.57891643901976,25.457135403721168,-69132154.79245555,223209679.0,82.34501654756345,80.03547205773424,24.809318211017665,1639.1149701679442,1496.889973679712,35.57893294215315,1079.4107871396718
2021-09-06,1635.1745810146433,1650.564459424193,1625.7482335226125,1629.595703125,1850835,1523.832763671875,1594.7575794231525,1567.9017555185226,67.01141363253284,26.855823904629915,-70409088.55301839,225060514.0,84.14390614323892,81.76765156265073,25.657322959965892,1647.3878213599203,1496.6823812767987,34.81016815354082,1080.0576133103025
2021-09-07,1629.5956074263852,1639.9838217089612,1615.4080641007506,1617.572265625,1734879,1527.1974755859376,1598.2675311465136,1571.581052563447,62.95004765682119,26.686478583066673,-71838412.14870127,223325635.0,75.81605177138086,80.76832482072774,25.9788529680892,1652.0806257745382,1500.0933122137428,34.07913882887438,1080.6505859335905
2021-09-08,1617.8609260599144,1630.0765947661243,1594.7761090412234,1603.0001220703125,1644392,1530.4495532226563,1598.9956220578672,1573.908391045437,58.33543491672288,25.087231012430266,-72716610.65559642,221681243.0,65.7228742246728,75.22761071309753,25.412725787001847,1653.3185530312085,1506.3675919883226,34.16637789287627,1081.1959267045945
2021-09-09,1592.0827534036766,1616.514207003606,1592.0827534036766,1606.3665771484375,1225239,1533.8364868164062,1600.1296151487243,1576.3127011271408,59.08169615850698,23.816914021583443,-72509180.2608243,222906482.0,68.05459904463606,69.86450834689657,24.778203156971355,1653.4542007714952,1514.576133701161,33.47102615766578,1081.5982300922926
2021-09-13,1598.6716872211537,1611.7530597896073,1597.180745852041,1607.95361328125,1578773,1537.4520385742187,1601.333307169113,1578.6564723978156,59.45042660359796,22.676834771297308,-71753675.76684722,224485255.0,65.75438589678649,66.51061972203178,24.18900357194304,1655.717622558014,1516.9537275396422,32.12111814194439,1082.1163390240986
2021-09-14,1612.0897465251928,1634.020369995416,1611.5126495739667,1631.7598876953125,1407269,1541.7006494140626,1606.0143195577589,1582.5900587161489,64.60323766766695,23.42426084161002,-70629074.8119819,225892524.0,83.79700355571673,72.53532949904643,24.29847297259354,1659.4566355754573,1515.9127491901677,31.688663754245944,1082.5950317163386
2021-09-15,1635.1745001160273,1658.8364135169695,1632.288898056999,1651.5262451171875,2757989,1546.471083984375,1613.0161542592095,1587.6964428940037,68.21485716304868,25.319711365205876,-69389974.76904054,228650513.0,94.55589240672028,81.36909395307448,25.019502508114037,1667.5973809375128,1513.6297797070183,31.35922533048959,1083.5682715474202
2021-09-16,1644.4084791494438,1662.5877964438089,1644.0718490434367,1655.6142578125,2128381,1550.8990869140625,1619.5697086520233,1592.7273921472256,68.9211322897605,26.842316504797736,-68864789.84696259,230778894.0,94.44232139201645,90.93173911815116,25.77643009896509,1676.2351175307394,1512.9274557114481,30.441848335481204,1084.3257297800462
2021-09-17,1658.259203605349,1675.2842076274646,1641.0417556764746,1650.756591796875,3473932,1555.2765405273437,1624.367690674308,1597.025851380533,67.01555971822657,27.341839293775138,-70367561.5970063,227304962.0,73.62973070482118,87.54264816785263,26.77200863235334,1682.9642824659886,1514.2154416551052,30.71332002230326,1085.5612037941307
2021-09-20,1635.366747702365,1668.8397769379608,1635.126280875717,1639.3585205078125,1820374,1559.217744140625,1626.673972187155,1600.1616046492204,62.63925010716818,26.51236753793455,-71730892.57934879,225484588.0,61.37537172373476,76.48247460685747,27.387618970298043,1684.3721195040816,1523.4602779568559,30.927618310870447,1086.1975101319363
2021-09-21,1633.827777989402,1664.7518352752343,1627.864247674801,1655.2774658203125,2029747,1563.776923828125,1631.0745096691792,1604.2442610322641,65.98063285373324,26.83024863691503,-70743803.78656606,227514335.0,75.95385562211479,70.31965268355691,27.57912061861008,1684.3208253801213,1536.9921262800349,31.353330402982085,1086.9072255088759
2021-09-22,1655.2776094148028,1664.0305791515268,1640.9457618684999,1645.658935546875,1487933,1568.1646557617187,1633.3182674965171,1607.3120147000132,62.35202281851643,26.006252796503986,-71624161.11769196,226026402.0,64.39332418288487,67.24085050957814,27.75694357775697,1684.2362776131463,1547.185902562635,30.76272232298529,1087.4272000335156
2021-09-23,1652.7767848420267,1707.3146189429237,1649.650715821427,1702.2166748046875,3702946,1573.6616674804689,1643.918022467005,1614.3419895225816,72.07642394333972,29.576032944423332,-68575954.42020261,229729348.0,95.57592501485631,78.641034939952,28.989327637105653,1691.5402794720558,1556.8011511920067,32.96936239963268,1088.800005657718
2021-09-24,1712.1238640128092,1740.9798841928005,1683.267843832818,1701.3028564453125,3612494,1578.8959692382812,1652.7464584636678,1620.7835352205616,71.75393157510695,31.96292324310616,-69930639.67020261,226116854.0,73.35272510812803,77.77399143528974,30.729921183250728,1694.6018327792515,1570.3799055019983,34.736696539657665,1090.1825828099954
2021-09-27,1704.4289296539991,1714.7690035782546,1670.7635726913072,1673.264404296875,1650711,1582.9779150390625,1655.9030655149304,1624.6710070039921,62.51189442348865,31.23205851093826,-71393730.63525447,224466143.0,54.52197128510973,74.48354046936468,31.71913450047604,1696.0956792588372,1578.6490228896005,35.398748993035504,1090.78963252616
2021-09-28,1678.7472016910995,1691.9728782953896,1653.4500423836214,1670.907958984375,1442615,1585.782958984375,1658.2115106640758,1628.0959664099464,61.79155178302127,30.115544254129418,-71528806.78143388,223023528.0,52.93937174137687,60.27135604487154,31.825527911962176,1698.428999932294,1583.7268960638,35.62189805865927,1091.3065560167508
2021-09-29,1665.95432059395,1675.5729945003814,1651.1415392949546,1655.373779296875,1698747,1588.0985107421875,1657.7749366075834,1630.1165451423117,57.11881523124945,27.658391465271734,-72639008.8138017,221324781.0,42.50654499369403,49.989296006726875,31.818073321270067,1699.0564319004707,1587.7933849940605,34.822580711999805,1091.9021410115288
2021-09-30,1654.3637079022612,1668.1184580252873,1632.2888991027319,1638.011962890625,1792078,1590.24087890625,1654.7344791126666,1630.7013909014458,52.35362270855563,24.03308821122073,-73858588.74152298,219532703.0,28.394618708929066,41.280178481333316,30.969779611452754,1699.0586416536653,1589.3830575650845,34.89450772703949,1092.5130542044517
2021-10-01,1632.769845957181,1647.19785637801,1623.1511723432945,1632.1927490234375,1563937,1592.633037109375,1651.2665206374004,1630.8118618734452,50.82318047118173,20.454658763955194,-74246442.06295852,217968766.0,15.97323022334987,28.958131308657652,29.800009959560157,1698.9149791549899,1590.5559314895413,34.11966317758778,1093.0336025691427
2021-10-04,1631.807883532432,1658.211094098212,1619.8326825469562,1649.8428955078125,1588493,1594.3928540039062,1651.0475013866944,1632.2215680685836,55.10957912656627,18.825933318110856,-73350673.14121832,219557259.0,24.771693075162116,23.04651400248035,29.047595634259896,1699.4733791043604,1592.2819675753271,34.42385948999264,1093.5695394206327
2021-10-05,1649.1214877318869,1673.6491039098764,1640.945615672557,1651.237548828125,1705242,1596.7588330078124,1651.0767394546067,1633.6301592359569,55.44008494616037,17.446580218649842,-73982620.66261652,221262501.0,25.922898634486184,22.22260731099939,28.788913837903642,1700.0685325451311,1593.850998704869,34.3009758290874,1094.156930659578
2021-10-06,1651.2376646755272,1669.705588601538,1625.5558529006146,1630.413330078125,1845661,1598.9774951171876,1647.8977533966865,1633.3918755946358,49.571364256353576,14.50587780205069,-75422152.1108723,219416840.0,8.733711870703974,19.80943452678409,27.870431135096474,1699.5722341723897,1595.6314035229227,35.00445867707568,1094.7761746664157
2021-10-07,1644.7932521123237,1663.3573398772,1635.1745781233628,1647.1497802734375,1378863,1601.32830078125,1647.7826806084943,1634.4109796449175,53.80393167230814,13.371700963576814,-75629223.41022322,220795703.0,22.548682392465604,19.068430965885256,27.017554339632674,1697.596441686057,1602.0221618295682,34.8572837572185,1095.2435166782197
2021-10-08,1673.6493905143684,1674.6112579801813,1654.4120411981114,1661.0489501953125,1755402,1603.881103515625,1649.8236451603125,1636.3841626486505,57.029507076380085,13.439482511661936,-76231071.44293806,222551105.0,34.02164233957784,21.768012200915805,26.587902876667677,1696.1498534035084,1608.936987416804,34.329011896470305,1095.8532201400499
2021-10-11,1667.6374948497478,1680.2379334762659,1649.6024822882869,1651.4300537109375,1528151,1606.2068969726563,1650.0707849373316,1637.498673097709,54.20858354710895,12.572111839622721,-77576897.39213608,221022954.0,26.081800268364002,27.55070833346915,26.366481174028056,1693.2557520914875,1616.1787327717939,34.06518613157807,1096.3801895092636
2021-10-12,1645.274088355265,1659.7502388173493,1635.1744812650982,1652.680419921875,1671988,1608.4528564453126,1650.472267242646,1638.623246936536,54.52348562540711,11.849020306110106,-76866886.03357016,222694942.0,27.113905173760628,29.072449260567492,25.455755202548684,1692.8612709029744,1618.665267182963,33.38736980448329,1096.9441853462474
2021-10-13,1661.145042212687,1696.6379736619904,1658.307580276422,1685.2398681640625,2105025,1611.1095385742187,1655.821128922864,1642.0763299904268,61.875695130855625,13.744798932437334,-76013781.24135019,224799967.0,53.98984436166708,35.728516601263905,25.72318036754311,1696.6290365021996,1618.2688638884256,34.14238294274273,1097.6922062831225
2021-10-14,1707.3144644549789,1748.5785952761623,1700.0523193442189,1721.0692138671875,4440909,1614.0903637695312,1665.8592958373754,1647.9276547220388,68.00556995498447,17.93164111533656,-76607944.77215324,229240876.0,78.63281184946362,53.24552046163044,27.05775516451047,1708.6911676740995,1612.7522283219944,36.22783609769681,1099.3805247392804
2021-10-18,1738.238453166504,1741.4606850243895,1714.0474679444696,1720.25146484375,1918546,1617.2693310546874,1674.2273218383561,1653.2849739903138,67.7378707671819,20.942347848042346,-77658102.84085529,227322330.0,77.99764681307332,70.20676767473468,28.29700319026588,1718.4336300641007,1609.9592532366805,35.59822045356988,1100.1094428071133
2021-10-19,1740.7875819017424,1813.1199598593969,1733.3331099182356,1775.6552734375,6639827,1621.475576171875,1689.8316220843783,1662.3494406160312,74.93648391111823,27.482181468347108,-77253865.70645572,233962157.0,80.61709650897673,79.08251839050456,30.463400802404347,1742.545427294631,1599.477131299119,39.688954350861096,1102.8149141149354
2021-10-20,1784.2639032258805,1797.393415808179,1727.8023377287925,1737.8056640625,3295376,1625.2528271484375,1697.2122439271661,1667.9387905009548,64.36968051653375,29.27345342621129,-79601858.15011355,230666781.0,61.03504749815761,73.21659694006922,32.239186721451595,1751.8958333023272,1598.3795451156413,41.82482033147006,1104.1104250415035
2021-10-21,1745.789240763555,1756.8507152918087,1722.7525646904573,1736.8919677734375,2774633,1629.2599682617188,1703.3168168265925,1673.0464332618794,64.1345723788699,30.27038356471303,-80075389.55354874,227892148.0,60.56233335899285,67.40482578870906,33.66559203442978,1759.6836944381967,1599.7149872024283,41.27291535074729,1105.1713171745507
2021-10-22,1746.75108758195,1761.6600313360912,1713.422360803313,1723.90673828125,1520637,1633.1805419921875,1706.484497050386,1676.8138632633143,60.73919692234381,29.670633787071665,-80935010.70685339,226371511.0,53.84423495503147,58.48053860406065,34.572844794859456,1762.5288436408202,1599.038844347461,41.770397863749494,1105.745895380996
2021-10-25,1723.9068250108426,1743.6732467874424,1693.2232318707033,1716.11572265625,2488386,1637.0443627929687,1707.9662240666726,1679.7251121072354,58.7301689613997,28.24111195943715,-81165107.83736953,223883125.0,48.28208937413392,54.22955256271941,34.55662855100172,1764.2621033734765,1598.7868712358984,42.390370510391605,1106.6609580900877
2021-10-26,1716.9331431856733,1742.8073972299353,1713.6147479423319,1727.754150390625,1930107,1640.3685766601564,1711.0105204242036,1683.282818646746,60.81523176328598,27.727701777457696,-81225527.7546794,225813232.0,54.487129305858474,52.20448454500795,34.541570610276686,1769.2761017159717,1599.2218475027782,41.44767613733531,1107.3808755173018
2021-10-27,1732.323159792911,1744.8274357936373,1707.4107710468354,1716.50048828125,1408879,1642.6029956054688,1711.8551308637493,1685.7433867678203,57.77563869679639,26.111744095928998,-81949882.26196125,224404353.0,45.70276674552015,49.49066180850418,34.25482367055633,1772.4428667346351,1600.6143354138026,41.15974675229721,1107.9009778649001
2021-10-28,1730.9284677608655,1790.9970378815283,1722.704454804413,1745.06787109375,6379424,1645.6453833007813,1716.9647832068263,1690.1377930141855,62.85145764907911,26.82699019264078,-84151232.79717253,230783777.0,61.756775556629826,53.982223869336146,34.9092637249552,1779.2859253477684,1602.7406859803566,43.54094695572443,1110.3594320229206
2021-10-29,1752.52229274805,1755.3117315159743,1669.6093750408577,1699.282958984375,3984689,1648.10583984375,1714.2445025572183,1690.8152127156811,52.05168855257673,23.429289841537184,-85376604.35495867,226799088.0,36.027033800301815,47.82885870081727,33.602876387849456,1778.9671552812201,1609.1865556562798,46.552476207109585,1111.7790034999766
2021-11-01,1708.2765605346983,1736.1707160839699,1684.4222012367243,1726.888671875,2316925,1651.2319116210938,1716.1897593753388,1693.4873208015565,56.864463812754956,22.702438573782274,-83890845.24802245,229116013.0,51.540613076774356,49.774807477901994,32.38980243196555,1779.843030454789,1617.7802727678675,46.923621824262156,1112.6120276002719
2021-11-02,1731.3613026391029,1754.8789133671028,1726.9367361265602,1746.41455078125,1687119,1655.5035668945313,1720.8397272839404,1697.407856355608,59.92823969765761,23.4318709283325,-83225864.70334376,230803132.0,56.912096269152215,48.159914382076124,31.68586451550595,1783.9299777938272,1623.350490956173,45.5712375148222,1113.2441700000077
2021-11-03,1748.674731038304,1841.9758580518987,1748.674731038304,1817.4482421875,11580233,1661.4430932617188,1735.702575730642,1706.2997367875998,68.65147174193496,29.40283894304207,-77734207.81674585,242383365.0,85.77007812892046,64.74092915828236,32.48386397681212,1802.5676945609755,1621.3338435249618,49.14195678309552,1117.9591665536868
2021-11-04,1827.5479504630928,1847.6028610679798,1827.5479504630928,1836.1566162109375,764191,1667.274892578125,1751.1570434968412,1715.9187648930324,70.47449686757214,35.238278603808794,-77842333.57505804,243147556.0,93.56929002710909,78.75048814172725,33.298030594853834,1819.9306756389014,1624.5451910603174,47.785718361480114,1118.2835653929208
2021-11-08,1870.3992123364842,1879.3926486236303,1839.282709466464,1851.161865234375,3674523,1673.637646484375,1766.5424006872308,1725.9367723257244,71.8866442731219,40.60562836150643,-79340327.16578953,246822079.0,86.54288165728498,88.62741660443817,34.44822602948748,1838.8541966143075,1626.022878581005,47.46074079370959,1119.8815469442375
2021-11-09,1859.7705148439222,1889.2036321698445,1856.6925863006622,1869.4853515625,3550645,1680.3293579101562,1782.3797777449647,1736.5700004173373,73.55026252296685,45.809777327627444,-80096686.9129626,250372724.0,91.02058457031404,90.37758541823604,35.6306535634444,1859.5946986094011,1626.1260167226303,46.78795694669244,1121.4507823129209
2021-11-10,1859.0008677708897,1879.4886880510307,1858.3276076328514,1875.7855224609375,3208195,1686.332373046875,1796.7498923166527,1746.8822613094558,74.11738651463727,49.867631007196906,-78011353.0425014,253580919.0,93.8895898807475,90.48435203611551,36.728621987832966,1876.4932951265805,1631.662967080451,44.95746576608436,1122.8619303921548
2021-11-11,1873.5732432631423,1906.1805690244853,1852.219835640021,1858.0390625,7061537,1691.5572338867187,1806.178995421783,1755.1160984346811,69.59097864827916,51.062896987101794,-83549831.21042979,246519382.0,79.65030918860855,88.18682787989003,38.065934865134366,1885.4618200387442,1643.2303064260993,45.600556310254355,1125.9532648805318
2021-11-12,1866.0225860757814,1890.0692688860363,1854.5763415750114,1885.2117919921875,2026320,1697.0927783203124,1818.3378872018452,1764.7528164759779,72.37307607610687,53.585070725867354,-82078145.79964195,248545702.0,91.13637773086228,88.22542560007277,39.307725394057094,1900.5955433877039,1648.0937754599522,44.878582810309396,1126.840912984371
2021-11-15,1886.4623021361317,1899.2070442665606,1868.9082233527106,1872.8038330078125,1127678,1702.1069921875,1826.7172634796862,1772.7565954783358,69.25715598249016,53.960668001350314,-82915845.96075925,247418024.0,85.89146233121573,85.55938308356218,40.5715364959426,1912.6227784212308,1651.2400023404878,43.83717124627658,1127.3364189410045
2021-11-16,1875.6413139417616,1904.4491938230474,1869.8701098988638,1880.7392578125,2279531,1707.2837646484375,1835.0283395308884,1780.7553112067924,70.14251025343422,54.273028324096,-83762339.5982286,249697555.0,89.2458118913049,88.75788398446097,41.80970951522085,1924.1734833378548,1655.738076720739,43.17587929469851,1128.3423230363587
2021-11-17,1874.6794799550973,1903.439337430315,1869.4373498223772,1878.4307861328125,2166686,1712.3124096679687,1841.7056390081075,1787.9905315716828,69.51532955446369,53.71510743642466,-84782860.0992939,247530869.0,88.27000767743799,87.80242729998622,42.93837892395862,1934.4983872633884,1655.6907240647365,42.520601317072746,1129.2943827176696
2021-11-18,1878.4307615857063,1879.4887921821462,1820.8148841355182,1824.662353515625,1883794,1716.2137426757813,1839.0835950861872,1790.7069628267895,56.78038107133445,48.37663225939764,-86419599.14847423,245647075.0,65.54178294653155,81.01920083842482,41.9115030918828,1936.8289289348436,1662.0458513385938,43.6744089406124,1130.0740937755795
2021-11-22,1825.8647575347727,1827.5480254529532,1767.767944189915,1793.4017333984375,2407464,1719.73033203125,1832.0556163649949,1790.9065754617263,50.93771626011571,41.14904090326854,-86762414.74388054,243239611.0,49.143368635367395,67.65171975311232,39.323388422552405,1936.6853514495972,1667.8404053863403,44.824814106499964,1131.0046332587974
2021-11-23,1779.4547219665542,1823.315852711395,1774.1644511715183,1814.4185791015625,2028470,1723.958701171875,1829.3422260167745,1792.6482053609736,54.33950919456524,36.69402065580084,-85468322.6876995,245268081.0,48.8060546132268,54.49706873170859,36.920139086745614,1936.3612013673387,1677.2157395506301,45.13385606602689,1131.795751076718
2021-11-24,1821.7767262216862,1829.856435290975,1775.5589539677826,1791.4779052734375,1361828,1727.660927734375,1823.5169459024148,1792.5615164656006,50.24435108314601,30.955429436814256,-86031628.43250908,243906253.0,27.17561125505005,41.70834483454808,34.85578188183687,1933.5804441519724,1687.532715027715,45.788400727253,1132.3218864968073
2021-11-25,1784.2638983406846,1795.6620027257018,1768.1044802197227,1779.3583984375,1930012,1731.0890234375,1816.723323215505,1791.5835077227784,48.178624580263744,25.139815492726484,-86385287.02827136,241976241.0,8.373841809183139,28.118502559153328,32.7107622463521,1931.1692371622366,1695.1043468221383,44.48619514001915,1133.0461083775524
2021-11-26,1750.598483311657,1771.5190970545298,1701.1584806844921,1710.3443603515625,2796595,1732.660712890625,1800.3573289287447,1785.5657931026885,38.477365852036606,14.791535826056133,-88451667.1304249,239179646.0,4.48043415294707,13.343295739060087,31.694523669278006,1931.8954413892886,1693.7625298021178,46.89431818380405,1134.006453619315
2021-11-29,1710.2000588230744,1721.790606750341,1668.9840685150666,1699.8599853515625,2111420,1733.6273876953126,1784.8961991476397,1779.2172147507533,37.250230563325026,5.678984396886335,-88093997.86589265,237068226.0,13.017020390345033,8.623765450825081,31.351819218536075,1936.2287227800985,1684.9084598370891,47.31661961605194,1134.6919535481386
2021-11-30,1699.8601127653694,1730.3032385650667,1684.5183751517745,1697.4554443359375,3385628,1734.4642114257813,1771.4437753304546,1773.1607873126186,36.959103308538666,-1.7170119821639673,-89566325.25068875,233682598.0,12.003286625107835,9.833580389466645,30.77465903473622,1936.4631419909474,1684.4912891613963,47.20720845871195,1135.8017237263384
2021-12-01,1696.7340592302105,1725.5900806456905,1694.8584648043852,1717.8951416015625,1359786,1735.806982421875,1763.205523987548,1769.0670357784663,41.16823696270959,-5.861511790918257,-88887497.28667949,235042384.0,20.620486803747642,15.213597939733503,30.238724578350638,1937.2616696069138,1682.7934085180862,46.03038041461148,1136.2530256329496
2021-12-02,1717.8469535610727,1725.590032725379,1695.7721447574374,1720.9730224609375,2813690,1737.4392724609374,1756.7082160603773,1765.504516273464,41.79842061589727,-8.796300213086852,-86945152.40843481,237856074.0,22.07925860692577,18.23434401192708,29.741071154564025,1938.981689619294,1678.5292356736747,44.87234523984934,1137.1867781550422
2021-12-03,1731.313002104564,1774.4528445026099,1728.0427472123167,1732.5634765625,3612772,1738.9849926757813,1752.9936407530117,1763.0644392578372,44.22143470588253,-10.070798504825461,-89854096.34646104,241468846.0,27.001624110693072,23.233789840455497,27.78219312288493,1938.7972877622838,1670.2251609681848,45.48716501140813,1138.4452934777544
2021-12-06,1730.3993592207441,1751.5604408788076,1710.2001449107743,1714.6728515625,1566109,1740.3652709960938,1747.098134723702,1759.4798772063307,41.35921355795946,-12.381742482628624,-91081486.97041067,239902737.0,19.403630574877678,22.82817109749884,26.400429317974012,1937.3581081575412,1659.5159641080836,45.19238865116707,1138.9717084870272
2021-12-07,1721.934794179822,1740.979813693586,1704.5250195259744,1729.5335693359375,2097201,1740.9116088867188,1744.3958938948153,1757.2616321788942,44.56862199417619,-12.865738284078816,-90301263.6498201,241999938.0,25.82560891082321,24.07695453213132,25.254783470614104,1932.1579312452602,1652.553311430521,44.568274759484545,1139.6746044345578
2021-12-08,1733.2849652961947,1770.797791959098,1733.2849652961947,1755.4560546875,3433206,1741.9946728515624,1746.09745709369,1757.1278856980502,49.73636201825863,-11.030428604360168,-89676235.49920414,245433144.0,41.07840653931918,28.769215341673355,23.548398424957025,1922.658478472787,1650.6498345154941,44.3322710354614,1140.876838412475
2021-12-09,1765.026582014455,1812.3023856098118,1758.2453702508908,1808.1182861328125,3791595,1744.6917504882813,1755.6391230997087,1760.9049523969215,58.251523964648705,-5.265829297212804,-86471591.5378865,249224739.0,86.48733179363037,51.13044908125759,22.931901272297182,1913.480812497241,1653.0607768582277,45.22613245595072,1142.2848608630395
2021-12-10,1808.1182546711516,1818.7468182229163,1790.0832422259616,1801.9622802734375,1771926,1747.3128369140625,1762.765762664898,1763.94623594333,57.03515297290162,-1.180473278432146,-86774839.91206981,247452813.0,82.66069208990164,70.07547680761706,22.495928233380102,1906.4630596237696,1654.470851509043,44.04309270887957,1142.9515854230358
2021-12-13,1821.4881956987153,1823.941004463911,1784.3121156969796,1790.51611328125,1857829,1750.01568359375,1767.035047375106,1765.9143750053981,54.74609067878886,1.1206723697077905,-88050973.74035935,245594984.0,75.54563111231825,81.56455166528342,21.914183712056346,1892.3994184679711,1659.0649247937474,43.72779242731184,1143.6449587107047
2021-12-14,1779.4546374353943,1802.5394543534749,1775.7994944571844,1794.555908203125,1685243,1753.1465625,1771.269025964032,1768.0359700570816,55.42604555164003,3.2330559069503124,-87372031.07268861,247280227.0,81.0366047309513,79.7476426443904,21.107886162005503,1880.1540000400923,1663.4855507411576,42.51437581795317,1144.26440123257
2021-12-15,1794.8445161237564,1826.3456725562605,1792.5841512826821,1809.0802001953125,2176709,1756.6843115234376,1777.086129691921,1771.0762834006541,57.876618053055104,6.0098462912669675,-87421638.16625506,249456936.0,89.02815431620265,81.87013005315738,20.929590628056246,1866.165016336318,1670.3086286832133,41.889171921926405,1145.0854183629597
2021-12-16,1819.853012727714,1835.2428902137835,1795.133068981894,1802.4432373046875,2469902,1759.736318359375,1780.9872231708082,1773.3997614676196,56.35202129878604,7.587461703188637,-88991241.9945719,246987034.0,80.27193229569895,83.44556378095096,20.965839991672507,1850.0976103098228,1678.7772798268961,41.76207544406663,1146.0168136313732
2021-12-17,1795.3252878790213,1803.212552651719,1761.852259386893,1776.6650390625,2352938,1762.2448681640626,1780.32227176953,1773.641633882055,50.75915912179634,6.680637887475086,-89658817.08086142,244634096.0,61.1358171381847,76.81196791669542,19.935328753762985,1843.395562228322,1680.6795964630842,41.73337671697802,1146.861275011769
2021-12-20,1751.5604131537573,1759.88058906616,1703.9479801767607,1730.7359619140625,2488158,1764.2513208007813,1772.6936087148426,1770.4634359585,42.63920522713293,2.230172756342654,-89763652.27911906,242145938.0,25.556607868037325,55.654785767306976,19.46668433013947,1840.0157425427963,1677.7928390001723,43.94649687188954,1147.6828884370932
2021-12-21,1748.5785529618436,1781.5705302385943,1743.38444616329,1757.860595703125,2077840,1766.465537109375,1770.4116067130399,1769.5298922358797,47.936269861044515,0.8817144771601306,-90266095.2051204,244223778.0,44.517185838890526,43.73653694837085,18.46373619007773,1833.0889241641855,1679.0638590389397,44.43850197564971,1148.4017252369736
2021-12-22,1757.8608385135406,1807.8779440156952,1757.8608385135406,1799.6539306640625,1692505,1769.23763671875,1774.9104257824279,1771.7613024898192,54.85404973378052,3.1491232926086923,-89130167.14326832,245916283.0,72.89387719624045,47.6558903010561,17.389138126256928,1834.327396372112,1678.6429893700754,44.83699099971546,1149.0122658283515
2021-12-23,1811.1961232529052,1815.8611561679988,1791.093073229198,1806.819580078125,1677127,1772.3454272460938,1779.8195264433043,1774.3582119408047,55.93512811287807,5.46131450249959,-88677508.8613641,247593410.0,78.35155214498135,65.25420506003745,16.575391540566322,1838.1946750839054,1677.5218288223448,43.403497566793,1149.6313402663363
2021-12-24,1816.7268757215386,1816.7268757215386,1779.4545175829762,1788.49609375,1203991,1775.0617407226562,1781.1543829520267,1775.4054624451894,52.474731757287685,5.748920506837294,-89297368.51714157,246389419.0,64.39557599711843,71.88033511278007,15.515313940127905,1840.0543143910995,1683.4773628549942,42.9655590362051,1150.0684760231254
2021-12-27,1788.4962374717913,1804.1265824633565,1775.4148645311718,1795.036865234375,1139744,1777.2576806640625,1783.2901494570035,1776.8596404295736,53.578718567866645,6.430509027429935,-88879277.65527129,247529163.0,69.37731632698393,70.70814815636123,14.423346900194911,1840.6423212866894,1692.4070439476855,41.947427528775066,1150.4795826077407
2021-12-28,1800.7119482503217,1836.2048790337508,1800.7119482503217,1827.067138671875,1916098,1779.3776391601561,1790.0250708746762,1780.5787143734476,58.64494154501513,9.446356501228593,-87949787.72879133,249445261.0,93.09091590620429,75.62126941010222,14.210427526857995,1844.4503393161215,1701.5601953518474,41.89175511953226,1151.20160983618
2021-12-29,1822.7386639399774,1836.1566667690283,1817.9774674304306,1822.5943603515625,1287946,1781.4244970703126,1795.0357307941972,1783.6909844459005,57.697986751983414,11.344746348296667,-88583545.53717223,248157315.0,89.70902932110529,84.0590871847645,14.012716680188003,1848.0912804044092,1708.3891761385594,40.1980011351798,1151.6891340815494
2021-12-30,1820.1415088282813,1829.1829673672626,1809.1761983054914,1813.7930908203125,1805349,1782.1872534179688,1797.9214784905225,1785.9207701032644,55.78901282911384,12.0007083872581,-89555666.31736273,246351966.0,83.05435224390658,88.61809915707204,13.554248715409063,1849.1376160458894,1716.624847333017,38.75577027279347,1152.3630317489576
2021-12-31,1815.3804786579838,1834.3773604855655,1815.3324557355434,1823.6044921875,1145546,1783.9032299804687,1801.8727113669806,1788.7121569243188,57.47798905222247,13.160554442661805,-89706090.69362427,247497512.0,90.47279426997935,87.74539194499708,13.270282730034591,1851.7164474180092,1723.1501175233968,37.45780594368345,1152.7944603785418
2022-01-03,1822.7386291012049,1863.5698511615935,1821.440131661188,1849.526611328125,1906676,1786.1559228515625,1809.204080591772,1793.2169313246006,61.646859493127785,15.98714926717139,-89070532.0269576,249404188.0,91.20218316774215,88.24310989387602,13.749544869017539,1854.6967947010826,1733.6551462168864,37.79151405487789,1153.533095426777
2022-01-04,1849.5266171499334,1868.9082678055822,1841.5431885653443,1863.6661376953125,1643920,1788.9511108398438,1817.5828586077014,1798.4353910557645,63.735371059346214,19.14746755193687,-88056439.73220342,251048108.0,96.8221866088976,92.8323880155397,14.321188116096746,1860.990030796076,1740.7751669578302,37.04676871097503,1154.1808057789253
2022-01-05,1866.6959022551766,1876.6031828365356,1854.1436039007458,1874.294677734375,1711667,1792.1146899414061,1826.307753857959,1804.0545974764023,65.26648706804505,22.253156381556664,-86696639.7029954,252759775.0,98.66293916047836,95.5624363123727,15.03780014458306,1871.1427208439454,1742.5063392146485,36.00482658417608,1154.86380234759
2022-01-06,1870.3509937582712,1878.5268659346382,1846.400474135002,1851.1136474609375,1372015,1794.5818798828125,1830.1240451814942,1807.5404530308122,59.37811714204355,22.58359215068208,-87666085.71603207,251387760.0,84.29751779277598,93.26088118738397,15.394364874179942,1876.1331700510582,1741.8154261403479,35.72779552813751,1155.402922276999
2022-01-07,1855.4902280024285,1861.1651513418446,1824.8066365583966,1832.2611083984375,1447123,1796.8970922851563,1830.4528241379471,1809.3716126876732,55.029768732382806,21.08121145027394,-88519810.56889507,249940637.0,65.76518489569803,82.90854728298412,14.914776182044076,1878.3107355079057,1742.6677434960004,35.77284690351684,1155.9551052162926
2022-01-10,1837.1667080734471,1885.2119370592393,1834.5215727607758,1878.6231689453125,2397846,1799.5681982421875,1837.8636464160031,1814.5013575956464,62.334710890860684,23.362288820356753,-86745311.8849208,252338483.0,94.8262966011538,81.62966642987594,15.133783420108484,1888.180253242675,1741.6089313276375,36.99984560046577,1156.9037761639856
2022-01-11,1874.6794989412565,1894.878713655349,1863.762327805063,1886.3662109375,2232435,1803.30986328125,1845.3255794193103,1819.8246800654133,63.403913175026574,25.50089935389701,-85734330.37224774,254570918.0,92.87441114591861,84.48863088092348,15.584553383196262,1898.386329374504,1740.583885469246,36.579598475452926,1157.8040449959717
2022-01-12,1903.0546558986082,1908.3449266125035,1885.5487161388082,1898.9185791015625,1585970,1806.7504614257812,1853.570656293503,1825.6834874014244,65.13191958459315,27.887168892078535,-85459973.49138242,256156888.0,92.90879176361656,93.53649983689631,16.337430033590714,1909.9129114683012,1738.041141266074,35.59507076104167,1158.4563072277701
2022-01-13,1900.2171125214566,1951.628876015113,1900.2171125214566,1941.43310546875,2373324,1810.6508325195311,1867.087956166618,1834.257533184189,70.25489795993084,32.8304229824289,-84027985.29828048,258530212.0,94.21398419994983,93.33239570316168,17.938722008079043,1930.2151888313,1731.6378507194813,36.8175869147923,1159.4743655911473
2022-01-14,1937.200898451828,1971.7799837097502,1930.4678268087482,1966.7783203125,3124945,1813.6374340820312,1882.4249352659845,1844.0738877862862,72.81882695820853,38.35104747969831,-81659714.5654883,261655157.0,97.07621392633781,94.73299662996807,19.77102313309539,1952.6778514149564,1728.1865162608246,37.13862762809299,1160.8544831109755
2022-01-17,1966.7782234226597,1992.940967837871,1964.1330882646148,1990.4881591796875,1858651,1816.7240649414061,1899.0500466373232,1854.9193893709826,74.99058470075052,44.13065726634068,-80117568.30883454,263513808.0,98.66524543065292,96.65181451898017,21.802714243555982,1971.8304552830623,1735.0091321192813,36.543574195604656,1161.7000220992113
2022-01-18,1996.4998983590165,1999.2894546106477,1933.8824739174609,1945.088134765625,1460676,1818.6025903320312,1906.1328294262926,1861.5985556965118,64.38278922173407,44.53427372978081,-81077752.16895632,262053132.0,71.48998397143723,89.07714777614264,22.503022688084503,1979.0775512889609,1746.4847900196328,38.6052460882891,1162.344627044256
2022-01-19,1942.8759011960494,1949.7051359592897,1911.2304416137683,1943.8377685546875,2336679,1820.089638671875,1911.9335892921995,1867.690349241562,64.11379946721368,44.243240050637496,-79453757.41156496,259716453.0,69.85616943359217,80.00379961189411,22.374275408177784,1987.6083164696222,1752.3724086280342,38.59592096380569,1163.3420299705247
2022-01-20,1942.9720072392845,1957.4000171940315,1908.4409465978338,1927.1011962890625,2031107,1821.1159521484376,1914.267067291717,1872.091152726562,60.47185583750954,42.175914565154926,-79936593.03679968,257685346.0,59.41043962135338,66.91886434212758,22.42139376357941,1992.3811004991962,1759.6277862195539,39.33614593754798,1164.202490192955
2022-01-21,1906.5654079304568,1918.7330534972734,1868.9564177002092,1881.460693359375,2209132,1821.584384765625,1909.2199328405877,1872.785192773437,51.82617072241207,36.43474006715064,-81035822.96916685,255476214.0,32.469705288696474,53.912104781214005,21.236039636738536,1989.8841433554728,1771.4212033242145,40.67961969835551,1165.0859353365513
2022-01-24,1880.450649162319,1884.298118521219,1809.8015400256986,1827.4517822265625,2307120,1820.4291845703126,1896.6402173615068,1869.4271623625575,43.83879041337478,27.213054998949247,-82249705.46460398,253169094.0,9.314706027307684,33.731616979119174,20.69468659302131,1987.2546575936467,1777.2921807852595,43.09511675529586,1165.9437853385123
2022-01-25,1822.7386724040705,1857.6545050210518,1779.5508038597968,1851.88330078125,2998042,1820.0107739257812,1889.7545378876212,1868.1276170602384,47.76090779093678,21.62692082738272,-79694723.4590537,256167136.0,32.91751208733273,24.900641134445625,20.759755766964226,1986.4222793390431,1780.6061752508008,45.59572992715009,1167.0374588481816
2022-01-27,1841.543232672062,1848.7090976609147,1795.806391952616,1837.9842529296875,2932713,1819.155673828125,1881.7898786633236,1865.8947752727902,45.801247845086635,15.89510339053345,-77951094.87903328,253234423.0,26.592248960400255,22.941489025013553,20.82017714276836,1985.575618751957,1782.9918250956991,46.34438556297037,1168.1002847435548
2022-01-28,1843.0339748430315,1873.7175662748725,1819.1797354136459,1825.19140625,2233620,1818.0908862304686,1873.0824213689662,1862.8797109007317,44.01130478629963,10.2027104682345,-79692293.82005626,251000803.0,20.770402582453492,26.760054543395487,20.171794374262564,1984.6701878598951,1785.0370875307299,46.92963165570296,1168.9219865254663
2022-01-31,1818.1217359611855,1850.632901466647,1779.8875063180988,1836.397216796875,3161064,1818.3255834960937,1867.4385437424905,1860.9180446708165,46.00198042276973,6.520499071674067,-77803394.89116736,254161867.0,25.870010916528788,24.41088748646084,20.330446070106547,1983.8854510990668,1787.1010967524958,48.63075761947761,1170.0519449645485
2022-02-01,1855.1055711203785,1923.638622876351,1843.8997925080655,1914.5970458984375,5392787,1820.7494897460938,1874.6936979203288,1864.8942669839735,57.38815223876781,9.799430936355293,-73633582.91000798,259554654.0,61.45766417386531,36.03269255761586,18.97911555454193,1986.467646342735,1791.0259449658588,51.38866108090607,1172.1816972064844
2022-02-02,1919.021539052658,1931.429651431899,1895.4557888235338,1907.0943603515625,3579380,1822.6030053710938,1879.6784152174416,1868.0201998260172,56.16450161892419,11.658215391424392,-74896899.68324132,255975274.0,58.043296459656545,48.45699051668354,17.87827497709211,1988.2425269716043,1793.5938866026142,50.287604047153145,1173.6220589852655
2022-02-03,1905.9399983056048,1909.3065337555515,1856.403833827816,1859.9146728515625,2262217,1823.9717407226562,1876.637839468845,1867.419790420502,49.077812398042354,9.218049048342891,-76858856.78215379,253713057.0,36.57247767616708,52.02447943656298,17.127364213816527,1988.2141591452882,1792.1842539406493,50.47439661005188,1174.4850673447204
2022-02-04,1873.7176960002648,1883.1440434904723,1849.9596181762993,1873.6695556640625,1440816,1825.8579638671874,1876.1811804219553,1867.882735994099,51.01826122495405,8.298444427856339,-76240775.75633857,255153873.0,42.832133301383365,45.815969145735664,16.551931723705813,1988.0273273381565,1794.6266765680937,49.23939866034625,1175.0286960407461
2022-02-07,1858.8086713192222,1873.2366817046236,1803.0685048298008,1812.6390380859375,2641464,1827.903857421875,1866.405466216414,1863.790610223124,43.159617956959465,2.6148559932898934,-78161678.94992095,252512409.0,15.057994628199273,31.487535201916568,16.836614986002584,1989.7828425195034,1790.9089543554965,50.765230958483066,1175.9668416473226
2022-02-08,1817.929282394338,1824.6142134771753,1777.530853896686,1804.078369140625,2040523,1829.9882250976561,1856.816682050908,1859.36748125405,42.17819713671079,-2.5507992031421054,-77901142.04549749,250471886.0,14.759347715457322,24.216491881679982,17.49184022792561,1992.8875128752513,1780.34980401928,50.50224014576923,1176.6592250663596
2022-02-09,1812.6389480096038,1827.4517280856073,1804.0783054565838,1816.7750244140625,1390810,1832.3746166992187,1850.6564270298547,1856.2124844510881,44.20467469407353,-5.55605742123339,-77780943.24087994,251862696.0,21.818175944089482,17.211839429248688,18.026700690902167,1993.6843567582391,1772.5938414839484,48.56446746600168,1177.1408380825064
2022-02-10,1819.8530812832885,1838.1285614864505,1809.2725401130367,1828.5098876953125,1288856,1834.5869116210938,1847.249267132233,1854.1604402469566,46.08541915817043,-6.911173114723624,-77351324.57421328,253151552.0,33.1250371121075,23.23418692388476,18.237180274128658,1992.391675055588,1766.8456540459745,47.15672131653112,1177.592917192915
2022-02-11,1816.9674326517618,1816.9674326517618,1779.4546058262358,1799.894287109375,1744894,1836.1653369140624,1839.963885590255,1850.1407251997284,42.337686403085684,-10.176839609473518,-77194731.52293123,251406658.0,14.531259224148313,23.158157426781756,18.929003234256026,1986.6662598981375,1758.4171873674877,47.292332784570085,1178.1789230746263
2022-02-14,1772.9620455645932,1776.5209078991527,1726.5519445481866,1730.3994140625,2290199,1836.1220556640626,1823.1078130475232,1841.2709984488226,34.91231326866509,-18.163185401299415,-79132252.77085052,249116459.0,1.8779346825163339,16.51141033959071,20.311992344340883,1982.0918019952958,1739.3537546453292,49.15304776861425,1178.8792607243224
2022-02-15,1740.979847093444,1810.2342940496474,1737.2766813990138,1804.51123046875,2602134,1837.9188232421875,1820.2468003430968,1838.548052672521,45.824535025456576,-18.301252329424187,-76938360.70166391,251718593.0,38.05161972298564,18.153604543216755,20.70865226957542,1959.3530870568009,1743.4947767127303,51.34460721279519,1179.7283352769343
2022-02-16,1804.5114632829707,1815.332472015981,1771.904133484408,1789.7467041015625,1898439,1839.1230859375,1815.5544778443991,1834.9331379635612,44.233490607103,-19.378660119162078,-77276849.07655612,249820154.0,30.84511268434147,23.591555696614474,20.947323878318084,1945.7039692791782,1741.6097514239468,50.779159449850745,1180.3548015628044
2022-02-17,1797.7301355008594,1813.0238503453536,1783.3982880375856,1797.4415283203125,1459905,1839.9627954101563,1812.7678702253088,1832.1559816936908,45.29944792110067,-19.38811146838202,-77352692.8059568,251280059.0,34.60092601112648,34.49921947281786,21.168947515007698,1929.176815456141,1743.4972812235465,49.26818822541626,1180.8401065743076
2022-02-18,1798.6917985486527,1823.7003476193827,1794.0267657627774,1811.292236328125,1912482,1840.0262744140625,1812.5408496257419,1830.6105190740193,47.25385501606357,-18.06966944827741,-77039632.78428091,253192541.0,41.36140191574703,35.60248020373832,21.07488421472197,1913.9907590186451,1747.1024416649486,47.86857348478691,1181.4867560423615
2022-02-21,1803.4532219897058,1812.0620056084783,1778.3485065092248,1792.8726806640625,1262585,1839.844482421875,1809.514977477791,1827.8151236362446,44.9535815055959,-18.300146158453572,-77214344.68209723,251929956.0,32.37088950508375,36.111072477319084,21.27835750542087,1907.6639049045461,1744.5704945095163,46.8574967429631,1181.9025907937523
2022-02-22,1743.8655293336071,1784.2639585845786,1731.8421872946276,1774.1162109375,2288298,1839.516484375,1804.0690133946694,1823.8374263993005,42.675459027386935,-19.768413004631157,-75811978.9989156,249641658.0,26.026304781514387,33.25286540078172,22.225994130340208,1908.078328132085,1738.822514153071,47.86985364485395,1182.616715013922
2022-02-23,1778.4926293755498,1781.3782312620433,1746.8953122015332,1750.8870849609375,1583872,1838.6431079101562,1795.8871782510184,1818.4336974038663,39.973659437963896,-22.54651915284785,-77029150.1930535,248057786.0,15.540465053552898,24.64588644671701,23.105942424908164,1907.570572266868,1729.230648436257,46.91364403168653,1183.1068465154206
2022-02-24,1715.250035547548,1731.3613144458636,1684.2298119970594,1690.337646484375,3616355,1836.2682568359376,1779.648788748458,1808.9451010394594,33.94155798057881,-29.296312291001414,-79708208.62325418,244441431.0,3.231540999946599,14.932770278337957,24.760432373594675,1915.596516941157,1706.4400431174367,48.32390324112878,1184.1110613024819
2022-02-25,1714.0475732459636,1730.110710608185,1697.6958287200482,1709.286376953125,2476882,1834.4051196289063,1768.8238023184067,1801.5629733293606,37.13849573600589,-32.739171010953896,-80413779.50833406,246918313.0,16.28120113983957,11.684402397779683,26.296744468803578,1918.5013071387523,1691.9447499901542,47.71312901846316,1184.8103711924348
2022-02-28,1697.59961623489,1752.7626822437367,1685.9610454223828,1747.472412109375,2553662,1833.8212670898438,1765.538973055479,1797.556265090843,43.1133254703203,-32.01729203536411,-78264585.49608658,249471975.0,41.09364132076666,20.20212782018427,26.99361993865861,1915.7791923295931,1685.774384330563,49.07659386152678,1185.5517319889987
2022-03-02,1731.3612142975974,1757.2834921788187,1701.0623930473894,1716.4522705078125,3152628,1833.5355932617188,1757.9871726635301,1791.5485617883962,39.80363492163929,-33.56138912486608,-79691222.38784176,246319347.0,20.937440114140966,26.104094191582394,27.496996049872035,1898.8697998386265,1682.8692992824672,49.58691566651982,1186.457815093467
2022-03-03,1740.9799244046017,1744.3946005042822,1678.987619918916,1685.480224609375,2259979,1832.0879858398437,1746.8322575782754,1783.6916479232837,36.7685995470243,-36.85939034500825,-81502529.08637118,244059368.0,4.486547101715735,22.172542845541116,28.304378708364386,1883.1941929375937,1676.3834926092811,50.716920303580274,1187.0790396969571
2022-03-04,1673.6491931343107,1687.1634764013734,1638.0601010963971,1646.4764404296875,3906819,1829.0244360351562,1731.3929010938773,1773.5275584793137,33.322699085258364,-42.13465738543641,-84070087.22238679,240152549.0,4.533682480457308,9.985889898771331,29.60458691464392,1880.9539431231974,1657.2799191814902,50.60166708939427,1188.054565246984
2022-03-07,1595.0166368931455,1603.2406502367958,1544.3262712169224,1572.1241455078125,6318251,1824.33052734375,1706.890015619098,1758.6087871480913,27.94598048490306,-51.71877152899333,-84425992.52823818,233834298.0,9.950055011849104,6.323428198007377,31.717438278265327,1885.0862255115544,1622.9930957775082,54.283702955349334,1189.3427433662318
2022-03-08,1565.823841355213,1602.4709629430301,1534.1783828896357,1595.2569580078125,4421730,1820.4657446289064,1689.7156990635156,1746.508651656219,31.641604172270576,-56.79295259270339,-80938430.83809732,238256028.0,21.096352801829845,11.860030098045414,33.75776032425324,1888.2783248685053,1598.0627884127446,55.28433703378113,1190.2486495533274
2022-03-09,1612.5705467453618,1634.9821020558081,1587.1292033378948,1626.469482421875,3306502,1817.0943969726563,1679.9855118878786,1737.6168613425639,36.38281348083606,-57.63134945468528,-78808325.44515605,241562530.0,31.877063150765782,20.97449032148157,34.68043527619114,1885.030588135556,1583.549636473819,54.75352001121915,1190.9911032353289
2022-03-10,1673.6491537225654,1690.9627656576265,1641.90753184162,1662.299072265625,2776325,1813.7990356445312,1677.2645211767626,1732.0377658553832,41.40673226451815,-54.773244678620586,-79276495.36918522,244338855.0,44.252493760044416,32.40863657088001,34.1122614360182,1875.4281724037917,1577.7044569907396,55.44921738440003,1191.6839233124483
2022-03-11,1654.4117579558256,1669.272560792217,1640.7532892458555,1662.73193359375,1577597,1810.601787109375,1675.0287384716837,1726.9040005026695,41.46687200078934,-51.87526203098582,-78422512.4930345,245916452.0,46.26165063141642,40.7970691807422,33.600430306299195,1861.8792853861237,1574.6755485982512,53.52564982454014,1192.0705057226478
2022-03-14,1668.8397827410504,1687.1152616298573,1650.083370197275,1680.1417236328125,1558334,1807.928759765625,1675.8153515733957,1723.4401281419393,43.95833399631796,-47.624776568543666,-77451083.50602151,247474786.0,58.365357673096845,49.62650068818589,32.69234232125889,1851.7053308705001,1572.8742467662184,52.34752422511458,1192.4639087783482
2022-03-15,1681.3440725617688,1697.6958169745549,1660.7600884649376,1676.967529296875,2062332,1804.9960205078125,1675.9926096847003,1719.9977134126752,43.59399649078548,-44.00510372797498,-77703508.12287037,245412454.0,57.76263510976222,54.129881138091825,31.593697800009473,1849.5899217282426,1569.6464674319136,51.24668167400763,1192.99008289928
2022-03-16,1693.848455701376,1703.1304993988435,1679.612771515218,1689.2314453125,2101909,1801.7901171875,1678.0293536274387,1717.71873059044,45.4743681705366,-39.68937696300122,-78086069.30809715,247514363.0,69.49776404353365,61.87525227546424,30.43862658300827,1837.0509634257935,1570.6574472187378,49.454987990290554,1193.5386124242361
2022-03-17,1713.230051646176,1735.7857940073554,1701.0142658682314,1719.72265625,3383036,1798.9112475585937,1684.4437078770634,1717.867169528185,49.94242195894149,-33.42346165112167,-77828704.00560948,250897399.0,83.16451109143657,70.14163674824414,28.588215189136797,1827.8959367761906,1572.8100690831845,49.247799469188045,1194.4688468500171
2022-03-21,1736.1705286701545,1736.1705286701545,1678.4584889359664,1689.32763671875,2301462,1795.2119067382812,1685.1950815450152,1715.7531300608196,45.90426528881529,-30.55804851580433,-79263278.23974034,248595937.0,69.54087888144859,74.06771800547294,27.317161354640714,1814.4855416731493,1575.4090750260693,49.85238805954519,1195.078716333022
2022-03-22,1689.3277328467047,1709.2383407217965,1655.5180708287967,1706.40087890625,3986030,1792.3176513671874,1688.4575119082822,1715.0603707160367,48.42679308094281,-26.6028588077545,-75698326.09147677,252581967.0,77.19343432578407,76.63294143288974,26.56390283147848,1796.933219634067,1582.4722613229642,50.12866533336337,1196.1087811653856
2022-03-23,1712.1237934224255,1723.2334076998543,1692.0688837072792,1699.8599853515625,1574226,1789.66962890625,1690.2117385918639,1713.934416244594,47.51270415222737,-23.722677652730226,-76485442.05700323,251007741.0,78.8148527939184,75.18305533371701,25.51270952780994,1781.50773622838,1588.596475197401,48.774083809021356,1196.5264491019625
2022-03-24,1688.0772636047534,1711.835341089306,1684.2297940580759,1703.9962158203125,1580887,1786.17708984375,1692.3324273962405,1713.1982532502027,48.178839083271974,-20.86582585396218,-75802401.50902994,252588628.0,84.0715030153687,80.02659671169039,24.692803038878168,1769.5223153243865,1593.5698965896759,47.26204546775055,1196.9410500596155
2022-03-25,1707.891678293925,1710.1040202105935,1672.6873560431568,1684.325927734375,1483897,1782.1362841796874,1691.1006582174919,1711.0595624712525,45.23843983705372,-19.958904253760693,-76363156.8019232,251104731.0,74.33335799496237,79.07323793474983,24.16386145095839,1760.2876572461928,1596.1484389452135,46.55880394629956,1197.3211125637995
2022-03-28,1685.1915540183218,1688.0771559943805,1659.3172994832391,1675.1881103515625,1799629,1777.6616748046874,1688.652573930426,1708.402417869794,43.89810836488259,-19.74984393936802,-76176574.81501614,249305102.0,69.80951012577765,76.07145704536957,23.93905943924219,1759.3482066999711,1595.5729358781539,45.28745055807398,1197.7673631638881
2022-03-29,1682.0172897296202,1687.2113965993142,1666.9160201828877,1680.0455322265625,2071779,1772.4339233398437,1687.328413668293,1706.301907822147,44.83378506902427,-18.973494153854062,-75567797.73424135,251376881.0,62.34266146085872,68.8285098605329,23.730314714077146,1756.5950214488867,1595.402036656582,43.50230240509916,1198.2842228312752
2022-03-30,1699.523431277984,1709.2864082893534,1687.2114823254024,1705.9678955078125,1712835,1767.21771484375,1690.1960262589885,1706.2771661692334,49.659070351507545,-16.08113991024493,-74369942.02336358,253089716.0,68.34677533685746,66.83298230783127,22.84954515481143,1748.9999156321455,1598.8466908131668,42.48362909493428,1198.7309304685243
2022-03-31,1712.0758941195004,1713.422532011716,1690.9629508854923,1700.2449951171875,1401916,1761.4128515625,1691.742021467942,1705.8303386838968,48.647407537498246,-14.088317215954703,-74613096.75813876,251687800.0,62.349011803606885,64.34614953377435,21.906107102083865,1746.6703636487734,1599.5555152574764,41.05333995431209,1199.0964843949116
2022-04-01,1691.9245736250518,1725.5899289842769,1691.9245736250518,1721.838623046875,2050573,1756.947861328125,1696.3722678647011,1707.0161375255989,52.573432076626105,-10.643869660897735,-73019511.45887117,253738373.0,83.35186585605041,71.34921766550491,20.65713892353113,1751.3620298673952,1598.4996888826047,40.525626768948726,1199.642516328115
2022-04-04,1715.971481123599,1760.0730789462907,1708.8536387165645,1756.70654296875,1955281,1753.2052368164063,1705.6544640345548,1710.6969082991657,58.13872692049972,-5.042444264610822,-71321262.70300263,255693654.0,96.78012939011248,80.82700234992325,19.81230392125747,1763.4829495295269,1597.4017794743793,41.289470587575686,1200.1911961563758
2022-04-05,1769.8359502163498,1774.64528703759,1757.3316744811257,1766.03662109375,1718581,1749.9839453125,1714.9440266590464,1714.7961462839496,59.507968168157504,0.14788037509674723,-71311705.70688178,257412235.0,92.7735523268238,90.96851585766223,19.3833453798291,1765.227443725612,1615.0485328368882,39.62156155052313,1200.6939775224487
2022-04-06,1763.102807142747,1787.1494902734446,1758.004863352861,1782.1478271484375,2245496,1747.9976879882813,1725.2830728881836,1719.785159681319,61.82974290808579,5.497913206864496,-69836932.52801481,259657731.0,96.20025131833336,95.25131101175653,19.28071582834292,1771.467422220747,1627.4976412558156,38.873209076956016,1201.3608881333712
2022-04-07,1779.358617652619,1785.0816820088355,1741.124386549187,1756.6585693359375,2003954,1746.5818237304688,1730.1100723416841,1722.516523359439,56.32698000766981,7.593548982245238,-70424521.51252763,257653777.0,76.8361375527605,88.60331373263921,18.63556095337857,1773.815074005687,1638.1688981622817,39.2363581042912,1201.9394417320048
2022-04-08,1765.4114275407258,1768.7779633989594,1748.723051840859,1760.938720703125,1903321,1744.7629321289062,1734.8529413203673,1725.3626120515637,57.018730097394176,9.490329268803634,-70009174.68821543,259557098.0,80.08775588616862,84.3747149190875,18.036488569483105,1779.6603347050534,1642.1876023066654,37.86625477956329,1202.4863884156316
2022-04-11,1750.839134197037,1759.976874493629,1711.1621039618344,1713.5667724609375,2262446,1742.2745825195314,1731.5781461112242,1724.4888461559617,47.96360211809942,7.089299955262504,-72048719.60447161,257294652.0,42.43803743200416,66.45397695697775,17.15128628817614,1778.548339979671,1648.3830809187664,38.71699491968667,1203.0987486574747
2022-04-12,1712.123904758193,1713.5667058015285,1667.4932356679233,1681.0555419921875,4215141,1739.391865234375,1723.8054377852186,1721.2715643660524,42.92526854999429,2.5338734191661842,-73782300.90097237,253079511.0,17.005296063981678,46.510363127384814,17.359735459750336,1778.5016044779088,1648.5211982564663,39.24246219635292,1204.147352518042
2022-04-13,1687.3077092958501,1705.2465593975055,1680.4784743879586,1693.6561279296875,1673417,1736.5370434570314,1719.1670824228293,1719.225976481877,45.322583684800435,-0.05889405904781597,-73675062.71924642,254752928.0,26.862426618976016,28.768586704987282,17.553295404783515,1777.8493498360465,1650.84231276161,38.208578111581055,1204.5673346872675
2022-04-18,1679.709049896753,1683.2197718956158,1649.602553986103,1672.0621337890625,1808707,1731.6863452148436,1711.9201672484037,1715.7323585046315,42.061980906113014,-3.812191256227834,-73066984.40905118,252944221.0,16.32866598790719,20.06546289028829,18.36906153199038,1778.765116544436,1648.2096149008764,38.62607781386701,1204.9974292164893
2022-04-19,1681.6327021040734,1693.6079034113418,1622.6701877353023,1640.7052001953125,2737766,1726.3585620117187,1700.964018471005,1710.1747912224598,37.80838127939194,-9.210772751454897,-74412666.0022715,250206455.0,10.964913020486529,18.052001875789905,19.6071755852883,1781.9962757164135,1637.07671012343,40.934051946879336,1205.62454577551
2022-04-20,1644.745091704065,1647.101737251873,1607.6170340428698,1627.0948486328125,3832617,1721.7021655273438,1689.5995308035906,1704.0207214010045,36.101840498774884,-14.421190597413897,-74464021.03228202,246373838.0,10.849188497107837,12.71425583516718,21.004611228275916,1786.98127034598,1625.8684366852701,40.83052703703104,1206.4504243395677
2022-04-21,1638.0119671021305,1659.990730121345,1635.1745053678187,1649.12158203125,1797489,1717.2112060546874,1683.3721540693844,1699.9541184847262,40.76193661582904,-16.581964415341872,-74241080.48397918,248171327.0,23.11813076019837,14.97741075926424,21.83116850363217,1787.901033227401,1619.2207441163491,40.26376664070972,1206.8557583765214
2022-04-22,1636.136309317322,1650.9490895102795,1625.9405392208907,1629.7398681640625,1474689,1713.55322265625,1675.1210331608731,1694.753062905418,38.12702410198586,-19.632029744544752,-75267696.44215602,246696638.0,12.32247059149025,15.429929949598815,22.76854916844344,1790.339216735883,1609.770548889117,39.174108329901074,1207.1783013746808
2022-04-25,1611.1279850182045,1611.1279850182045,1589.0050335821338,1594.1510009765625,1964344,1709.3546752929688,1662.6641051325178,1687.3010583180953,33.80577804340027,-24.636953185577568,-76318197.62107925,244732294.0,2.597078656833475,12.67922666950736,24.25177221026267,1795.9066937082564,1593.2185504323686,39.28558877647447,1207.5696941582594
2022-04-26,1615.937136246687,1638.1562483869895,1600.5472587586232,1635.1263427734375,2440990,1705.7217016601562,1658.427526308044,1683.4362645740466,41.961878046837114,-25.008738266002638,-74270516.20909014,247173284.0,23.27660837020339,12.732052539509034,24.663740612959973,1796.6588054416884,1587.5464802028428,39.622707250328226,1208.0879156153544
2022-04-27,1611.127734435335,1627.0947082009789,1603.1441888447919,1613.099609375,1346726,1701.41349609375,1651.4540006260372,1678.2261419667097,39.16800837696724,-26.772141340672533,-74497665.34567639,245826558.0,12.160105912224997,12.67793097975395,25.0462827011789,1798.9278175143515,1579.0686180325235,39.07695344163661,1208.3663110477357
2022-04-28,1625.5556899072542,1664.9922480647676,1615.9370171859096,1653.6903076171875,3117433,1698.4894165039063,1651.798047855445,1676.4086727556341,46.26781958129913,-24.610624900189123,-72816696.5711666,248943991.0,32.9897897348213,22.808834672416555,24.16835995259974,1798.6348188221314,1576.7260942638063,39.992359530788825,1209.0574634204306
2022-04-29,1664.9923288820014,1672.6872674325825,1622.8144704347171,1629.7398681640625,2404830,1696.4762255859375,1648.4044817490785,1672.9517242673696,43.07337529797515,-24.547242518291114,-74553651.28748542,246539161.0,22.65904806882452,22.602981238623602,23.125900511753876,1797.2590885067964,1570.4790218447663,40.698105064151434,1209.5853205847507
2022-05-02,1604.9718437446447,1621.660218857025,1591.9386115444258,1615.4080810546875,1399802,1692.6941625976563,1643.32811241148,1668.6892321775413,41.23856417051603,-25.361119766061165,-73742764.6114745,245139359.0,15.442921671657846,23.697253158434552,22.85981538496919,1796.5420218475697,1562.7123970977427,40.49118731811466,1209.8692200482656
2022-05-04,1615.4561699617448,1617.7646750214387,1563.0825411586954,1571.64306640625,1777673,1688.33208984375,1632.2996437952909,1661.5006273055938,36.1714591875773,-29.200983510302876,-74963845.77705216,243361686.0,5.688655193636184,14.596874978039514,23.18033976990771,1796.291666664989,1547.943196616261,41.50482635701671,1210.2062131034374
2022-05-05,1587.754447377692,1607.472728794091,1570.7294416087386,1575.2021484375,1707752,1683.8873022460937,1623.515413740246,1655.1081473894387,36.85100449285161,-31.592733649192724,-76255833.45015895,245069438.0,8.525087732428739,9.885554865907585,23.47796955592205,1787.6907300125808,1538.3936938155443,41.16471641618354,1210.529643556801
2022-05-06,1554.3776674784876,1570.7294127428033,1550.6263612582898,1560.5816650390625,1439520,1678.8730908203124,1613.8332985554484,1648.1061857338555,35.193428328772356,-34.27288717840702,-76269613.78973597,243629918.0,6.962649605580741,7.05879751054855,24.13723044829887,1775.6238443474952,1529.915083875161,39.97979289925688,1210.7844991226673
2022-05-09,1546.2499367618755,1567.6995086518446,1530.571451673292,1554.52197265625,1400010,1674.1060766601563,1604.708479186341,1641.174021802181,34.500758400026186,-36.46554261583992,-75863390.35819817,242229908.0,14.690285962208817,10.059341100072762,25.102423121586078,1756.0957352083376,1526.6806075651,39.776097476349435,1211.0251314787256
2022-05-10,1549.5682637979048,1567.4589725970263,1539.9495905278993,1546.634521484375,1176030,1669.5564428710939,1595.7740241552692,1634.171095852714,33.574473138309514,-38.397071697444744,-76467856.85793568,241053878.0,11.302802383578475,10.98524598378934,25.99867346106706,1739.7672798699843,1522.006658118297,38.899903518690685,1211.227250899142
2022-05-11,1539.468657779915,1547.644530064282,1497.964059112069,1510.9012451171875,2988788,1664.7567260742187,1582.7166735340259,1625.0399957982306,29.685924554793317,-42.32332226420476,-77900036.97782686,238065090.0,7.404388993010276,11.132492446265852,27.504899736482262,1721.9532267360166,1514.8169636936707,39.669944049656564,1211.6908456856663
2022-05-12,1490.8943698883581,1495.6555662324683,1455.4014417285719,1467.953857421875,3407191,1660.3090502929688,1565.060855670618,1613.40398554813,25.815896354330533,-48.34312987751218,-79182303.97038303,234657899.0,5.776914187859725,8.16136852148282,29.43945426355842,1719.4053848101173,1492.803514115664,40.80064828815364,1212.1390288123039
2022-05-13,1471.6569487719942,1514.844813431463,1444.72466474218,1475.9853515625,4328846,1655.6430297851562,1551.3569319616765,1603.2248274751205,27.71375342685461,-51.867895513443955,-79651412.03117706,238986745.0,13.713076816715988,8.964793332528657,30.52460912283762,1717.008798926877,1474.6930809559356,42.89489831680574,1212.7182248410095
2022-05-16,1490.8942977444326,1507.7269752996117,1480.7465508807056,1484.0650634765625,1775914,1650.3748828125,1541.0043368101205,1594.398178290042,29.663235511454502,-53.39384147992155,-80990461.66709916,240762659.0,17.25739146249831,12.249127489024668,31.532252920739733,1707.1334010207302,1463.60937241677,42.09823584682759,1212.9660996678683
2022-05-17,1486.0849418683981,1546.586417030141,1486.0849418683981,1542.9312744140625,1608711,1646.904462890625,1541.3007887491885,1590.5858150399697,41.947271959706526,-49.28502629078116,-79576128.34524122,242371370.0,43.08014056378252,24.683536280998936,31.110491551613823,1695.1749651993243,1462.6547223006758,43.55702996873838,1213.2179686337981
2022-05-18,1561.1106771350856,1561.1106771350856,1505.322371975606,1512.536376953125,2984009,1643.4455859375,1536.8754946267172,1584.804375181685,38.23422622396245,-47.92888055496769,-81788410.87972398,239387361.0,29.746858217371948,30.028130081217586,30.268102587821783,1688.5656715319603,1456.4471336438207,44.430692482362744,1213.6857645006937
2022-05-19,1490.8943603427101,1503.1581687906905,1481.612317132326,1488.9224853515625,1798843,1640.2945068359375,1529.4981085843858,1577.7020129720463,35.5978809415096,-48.20390438766049,-82366615.6669949,237588518.0,19.38818915373054,30.738395978295,29.95351898396513,1684.2574340267106,1446.9381348209458,43.46593300653676,1213.9355125219315
2022-05-20,1509.5546815296514,1551.9248689413155,1501.523112432973,1548.70263671875,2175224,1639.8260766601563,1532.452651374288,1575.5539110273576,45.7887956701165,-43.10125965306952,-80469519.94464481,239763742.0,58.766013702978064,35.96702035802684,28.291729408103546,1673.0095594766829,1448.1441148397232,44.86139376248077,1214.2834588994797
2022-05-23,1566.8819098281172,1596.6997976149014,1544.3741904027452,1581.4542236328125,4177811,1639.5500219726562,1539.9913547986764,1575.9909712203544,50.41790954388157,-35.999616421677956,-78726200.5856281,243941553.0,79.01615277875504,52.39011854515454,26.790822945533428,1666.5519921240395,1449.7731177392418,45.39455186602902,1215.0332128230127
2022-05-24,1582.0794580142813,1590.6399834632025,1548.7025906514857,1564.284912109375,1970395,1638.3063305664064,1543.7288251541686,1575.1238557306522,48.09917183965806,-31.395030576483578,-79232349.65947507,241971158.0,73.46339144719994,70.41518597631101,25.39712408743261,1663.8504674247365,1449.488033551826,45.14761193357815,1215.3795545792334
2022-05-25,1570.7293328895212,1577.1737969645926,1511.1897223238473,1514.7005615234375,1417130,1635.3543603515625,1539.2629384417485,1570.6480561597473,42.08021569674391,-31.38511771799881,-80498676.1335636,240554028.0,46.04430702479598,66.17461708358364,23.92787855172936,1652.9414640581585,1448.3544587934039,46.63593069837581,1215.6045794732004
2022-05-26,1514.9411155395023,1528.311095534338,1478.0535251934243,1504.8896484375,3578710,1632.1975146484374,1533.9747399795565,1565.7770629951365,40.987310517454745,-31.802323015579987,-80255525.9853971,236975318.0,39.588702808181075,53.03213376005899,23.222623936841078,1645.165385900749,1445.3095408570637,46.89461924427137,1216.1170057550398
2022-05-27,1515.1334027698856,1544.758964116379,1513.9792089160526,1539.2763671875,1279218,1629.3802075195313,1534.7903749346247,1563.814048490867,46.255976812485684,-29.02367355624233,-79432025.49403359,238254536.0,62.21524578268123,49.28275187188609,22.166356132435464,1626.1734871052734,1452.8600456095703,46.39281184674335,1216.3181039182818
2022-05-30,1558.225076977025,1600.2586323959677,1552.0691025725453,1597.517333984375,2119326,1627.7912036132811,1544.440676326894,1566.3105881570527,53.782348772526895,-21.8699118301588,-77553818.4681649,240373862.0,98.23749213567633,66.68048024217954,21.156695572362825,1618.7992480657224,1457.0120312311526,47.43491565829509,1216.7039187616258
2022-05-31,1597.1807500540074,1610.5507298308346,1582.2718059854515,1591.4095458984375,3534742,1625.834765625,1551.6666562609776,1568.16977021197,52.94497316740912,-16.50311395099243,-78804205.29028699,236839120.0,88.45707161768341,82.96993651201365,20.412508474523207,1613.5771932841265,1459.8342324971234,46.06663052880138,1217.3656671744382
2022-06-01,1590.4957592427477,1597.6616238344063,1575.9714687300793,1585.1573486328125,1425466,1623.1434594726563,1556.8190704720291,1569.4281093542545,52.05156943269713,-12.609038882225377,-79022288.54742986,235413654.0,84.68673716375879,90.46043363903952,19.57091765616007,1615.6935372195373,1459.069316784369,44.3254537127675,1217.6258950311155
2022-06-02,1569.7675509578212,1586.5520896314779,1561.7840048047842,1574.72119140625,1852251,1620.8513305664062,1559.5732429234477,1569.820189506254,50.519170411396026,-10.246946582806459,-78939556.12118402,233561403.0,72.95826842337155,82.03402573493791,18.447074395546547,1615.623300857779,1459.0914574430024,42.92849879233365,1217.9525792763723
2022-06-03,1594.7280243687492,1609.8774360660411,1582.223748047175,1589.0531005859375,2928263,1618.504375,1564.1086056407537,1571.2448495862307,52.58366676926559,-7.136243945476963,-80421491.93765818,236489666.0,83.77503185540618,80.47334581417883,17.901228302072635,1619.6763420586672,1457.8855597968018,42.37333778286632,1218.495819140809
2022-06-06,1589.1491704719153,1598.9121475862953,1571.7874177870372,1577.65478515625,1538005,1616.0602709960938,1566.1926332585224,1571.7196596284543,50.769402658867904,-5.527026369931946,-81294123.27919444,234951661.0,75.17234815284812,77.30188281054194,17.127353629490482,1622.3474943593671,1457.5276887461016,41.284151498322885,1218.7722195942385
2022-06-07,1567.8437326383207,1575.9234416147606,1525.6177337792674,1528.8399658203125,2157491,1612.5571459960938,1560.4460690372593,1568.5433860130365,43.799669178801224,-8.097316975777176,-83175226.69108216,232794170.0,38.330197807470384,65.75919260524155,16.458189555675318,1621.533543155491,1456.5621843835713,42.05221577537001,1219.117433625676
2022-06-08,1534.1784199446652,1546.4903689643188,1510.2278994981762,1524.126953125,2122442,1609.3531665039063,1554.8585127430656,1565.253279873182,43.18327112171549,-10.394767130116406,-83670645.73251799,230671728.0,34.77313205033984,49.42522600355277,16.148825554996545,1621.4906776272733,1457.9276207125704,41.638662467568054,1219.4390714605486
2022-06-09,1496.857873963084,1538.987709476172,1496.857873963084,1534.2745361328125,1361104,1606.5348950195312,1551.691747110719,1562.9585581146362,44.97870703929313,-11.266811003917155,-82614082.16151384,232032832.0,42.431846840272364,38.511725566027515,16.127843213190754,1617.9943547533994,1468.0560114575383,41.67374625653377,1219.6425877175034
2022-06-10,1510.1317105654396,1533.697460188913,1509.2179835666261,1524.6558837890625,1337799,1603.4271020507813,1547.5323835227719,1560.1213229794084,43.57314854536148,-12.58893945663658,-82264524.21362287,230695033.0,35.1723334263311,37.45910410564776,16.10835961008538,1614.4899122220254,1476.4275072115684,40.486803850080385,1219.8417951387862
2022-06-13,1500.6573550399273,1506.2361151665843,1460.4032303156946,1473.62890625,2460367,1598.780322265625,1536.1626177884991,1553.7144772957486,36.97244241048077,-17.551859507249446,-83304949.32136261,228234666.0,8.80845566993395,28.804211978845796,17.00555317549257,1615.9459573274494,1473.927846383488,42.184364537458066,1220.1562106796143
2022-06-14,1473.6289080616007,1495.0304564179683,1467.0400228375074,1485.7484130859375,1983405,1594.490390625,1528.4065862957973,1548.6799540209477,39.32349216352367,-20.273367725150365,-82636997.41015063,230218071.0,16.8801897148392,20.286992937034743,17.838661486227817,1617.6385826001065,1466.5169349780185,41.17051232624398,1220.4115705783904
2022-06-15,1488.9225525412512,1507.2461729565846,1480.362026856947,1500.8497314453125,1461683,1590.0706127929689,1524.1670701649534,1545.1369745709007,42.215866793603524,-20.969904405947318,-81870859.64211519,231679754.0,26.937845292281747,17.54216355901829,18.22325496524851,1618.1320833243667,1464.8547697029771,40.15005759577209,1220.6091482815827
2022-06-16,1508.5928123197548,1514.9411135027715,1458.91233898751,1469.15625,2329325,1584.3196069335938,1515.703867062653,1539.5087727508342,38.109933196318174,-23.80490568818118,-83348429.51359035,229350429.0,6.755486493571461,16.857840500230797,18.986785443236418,1620.2758445121412,1460.7343849800463,41.28425166144989,1220.9061430901663
2022-06-17,1463.9620496048149,1471.608847772907,1424.910260200942,1433.1341552734375,4548572,1577.6615576171876,1503.0008344796968,1531.6291714562121,34.0556916896259,-28.628336976515357,-86294941.11722206,224801857.0,4.4300119951706955,12.707781260341292,20.26601686496892,1627.0417669219119,1442.4116144257446,41.6709899407724,1221.4001791860467
2022-06-20,1433.182330144532,1440.7329652464325,1400.8154708162324,1415.6763916015625,1837431,1570.33212890625,1489.5663048061376,1523.0400766521639,32.2642708877497,-33.47377184602624,-86764254.35686226,222964426.0,7.1083808896432945,6.097959792795141,21.809680199555036,1629.6131482663075,1423.2624498782236,41.54574026144581,1221.57747318481
2022-06-21,1423.5636458787785,1457.421328868636,1420.5818806441484,1443.089599609375,1458922,1564.0607495117188,1482.4160424681743,1517.1178190934386,37.797418438310494,-34.7017766252643,-86440467.4428694,224423348.0,20.22086071114329,10.586417865319083,22.679576575766596,1628.0867764595455,1412.6692904349857,41.559968618990645,1221.7331685856645
2022-06-22,1433.182335693153,1434.096062699396,1412.0212542265426,1422.361328125,1906619,1557.2892016601563,1473.1768556461475,1510.098819762443,35.440003110597814,-36.92196411629561,-86560925.40954065,222516729.0,10.305967076805388,12.545069559197314,23.62785912303014,1631.6529012908886,1399.8692422637987,40.81056695926505,1221.9200128892244
2022-06-23,1425.006531941935,1454.1030203599191,1425.006531941935,1437.3184814453125,1828491,1551.7642358398436,1467.6601826921728,1504.7076835908038,38.42437757713136,-37.047500898630915,-86841993.32975309,224345220.0,18.42686673207058,16.317898173339742,23.830817188800633,1633.1809734693375,1391.5840533861315,40.16279019324035,1222.1131043619555
2022-06-24,1444.4843204341469,1454.3434609598335,1432.220511487561,1437.847412109375,1731440,1546.9000732421875,1463.0736026025115,1499.7550708884755,38.53258803285462,-36.681468285964,-87692661.00553434,226076660.0,21.148061464175147,16.626965091017027,24.011127931875706,1631.6325441513534,1382.9895871963029,38.87423014174264,1222.297871938601
2022-06-27,1465.885879919633,1485.7964876216522,1452.1792698219592,1477.2359619140625,2389778,1542.571669921875,1465.252427111981,1498.0869887422227,46.125365655815145,-32.83456163024175,-86519982.89323647,228466438.0,52.459615259277236,30.678181151840977,23.16076943424818,1619.0451271229635,1383.5488670176615,39.522433382495116,1222.5875289580406
2022-06-28,1471.657131046316,1498.1084847089132,1465.9820898683406,1492.3372802734375,2072405,1538.9771728515625,1469.419327598359,1497.6610844112015,48.73973048910522,-28.241756812842596,-85192153.99568774,230538843.0,66.23748036858004,46.6150523640108,22.00775893943023,1606.6088362503444,1386.0779313277806,38.99414491521494,1222.851995339087
2022-06-29,1472.8593966734638,1494.7418791383266,1467.2324960941603,1488.87451171875,1480197,1535.9405590820313,1472.4124328476498,1497.0102271747237,48.162585491766826,-24.59779432707387,-84343367.71387152,229058646.0,66.2686051873797,61.65523360507899,20.93710633709927,1593.995523711541,1389.062960175178,38.173804781568606,1223.0392273464954
2022-06-30,1489.9805797693073,1507.149887496016,1483.2955316221105,1498.8297119140625,3308971,1533.3752563476562,1476.476629627098,1497.1450038220821,49.99582535302377,-20.668374194984153,-83342672.80911572,232367617.0,85.88275061638772,72.79627872411581,19.55789170843501,1582.9618857905089,1392.5074501469912,37.15098700244981,1223.4773390419953
2022-07-01,1501.4268439667162,1515.9029950416384,1476.0816619172258,1512.1998291015625,1294305,1530.6368212890625,1481.9725064693234,1498.2601760650066,52.42907918998188,-16.287669595683155,-82289094.36526066,233661922.0,96.78230462858596,82.97788681078445,18.31214928480335,1568.0096756945886,1399.774333094474,37.34172601116144,1223.6514380388933
2022-07-04,1512.1515952278046,1526.9162351549392,1491.086677367915,1521.385498046875,1269969,1528.4697338867188,1488.0360436351007,1499.9731628784784,54.08226573764306,-11.937119243377765,-81411196.33170362,234931891.0,95.6140336364587,92.75969629381079,17.487939068619585,1555.6907434661443,1406.4663366119808,37.23371399515164,1223.829260096281
2022-07-05,1523.5979622238062,1536.3427052790241,1502.0521089718939,1505.226318359375,1445200,1526.691240234375,1490.680701284989,1500.3622855066928,50.741566486795165,-9.681584221703815,-82588837.99788521,233486691.0,77.04049149752852,89.81227658752438,17.002291019831098,1552.1598610828182,1407.635854249213,37.02349130315012,1224.0323381569306
2022-07-06,1505.8515133160283,1529.8500573149583,1492.6258369324503,1496.8099365234375,2422594,1523.924912109375,1491.6236605524427,1500.0991485449701,49.042365637979835,-8.475487992527405,-84466820.21231286,231064097.0,70.83038777239999,81.1616376354624,16.209192580048953,1548.3911225552324,1408.6728911166424,37.037829094532825,1224.3626352508163
2022-07-07,1506.1880724500224,1552.5981710276164,1505.9476056180142,1549.6644287109375,1697912,1522.6562084960938,1500.5530094999035,1503.7706507794862,58.45198901667521,-3.217641279582722,-82982463.44966789,232762009.0,98.06714315096964,81.97934080696604,16.152256928344872,1551.885562628602,1406.7174403010856,38.377143766650406,1224.6179474852263
2022-07-08,1559.1869883293703,1637.0982443779076,1556.3013862534985,1623.10302734375,6516138,1522.044462890625,1519.406858398957,1512.6100860805427,67.44666673225308,6.7967723184142415,-78723709.40373456,239278147.0,93.78203119530532,87.55985403955832,17.839239667589403,1578.5419338143147,1389.9057834708415,41.88119175953039,1225.8114629819634
2022-07-11,1620.698267512933,1624.4495734830202,1590.3514245096828,1599.5853271484375,1316037,1521.4413720703126,1531.7420074373385,1519.0526965300164,62.76090984542781,12.689310907322124,-79326971.20080487,237962110.0,83.33329532963697,91.72748989197062,19.40572363974504,1597.182132454077,1383.861226920923,41.32526013194518,1226.0511587991348
2022-07-12,1591.890566686744,1609.1080168427613,1586.1675025521492,1590.688232421875,781516,1520.9469750976561,1540.8106574349597,1524.359032522006,61.033383204877325,16.451624912953775,-79800471.20080487,237180594.0,78.117951228272,85.07775925107143,20.69791401381485,1610.9573826449957,1380.5799586635978,40.01206400042139,1226.1897993990242
2022-07-13,1600.5471903930793,1619.0631359550187,1581.694614758557,1584.4359130859375,1914814,1521.20283203125,1547.522235227418,1528.8091718230378,59.7879321191376,18.713063404380136,-81434349.46947913,235265780.0,74.29572723739788,78.58232459843562,22.076451533205784,1621.462527889203,1378.433431583453,39.82323951442426,1226.5288110549805
2022-07-14,1588.8606489985168,1603.7695937716287,1572.2684362671505,1583.3780517578125,1170472,1521.3663500976563,1553.0385146936324,1532.8513110774657,59.56645276804032,20.1872036161667,-81779233.14874916,234095308.0,70.94933456715567,74.45433767760852,22.964496175705666,1631.5074248881615,1379.810714760276,39.228805085142405,1226.730908215779
2022-07-15,1590.8323056600104,1623.4876525990933,1586.3114590294597,1620.60205078125,1345141,1522.5667578125,1563.432904860958,1539.3513658703387,64.54372894035068,24.081538990619265,-80642910.8008032,235440449.0,90.35965152212717,78.53490444222689,24.16871608820316,1645.7105862649314,1384.3543429342872,39.29171906772371,1226.9781421920832
2022-07-18,1631.3752768288207,1668.4551952426139,1625.5559319995627,1661.770263671875,3200640,1524.7117236328124,1578.5617292934066,1548.4194323741563,69.0773960051785,30.142296919250384,-78439773.21763249,238641089.0,96.6778441999692,85.99561009641734,26.001206780878643,1664.4619919505783,1390.2123244556717,39.90324945298372,1227.6291599452659
2022-07-19,1654.3637691197753,1668.7917799580493,1648.6407051201077,1663.8382568359375,1351783,1527.0557983398437,1591.6811950691806,1556.9689749268807,69.2898234600017,34.712220142299884,-77752578.92075913,239992872.0,97.42954694207468,94.82234755472366,27.707599791216047,1681.9813461053793,1394.767836023527,38.492379837623574,1227.9090109858107
2022-07-20,1673.985722549337,1680.2378599637714,1662.0585446140972,1673.6009521484375,1509911,1530.3097924804688,1604.2842346198356,1565.6083806469962,70.32618962086593,38.67585397283938,-77345145.09590073,241502783.0,96.7491029521324,96.95216469805875,29.45926976181118,1695.7022619763482,1406.170882554902,37.0414466599129,1228.2295010600872
2022-07-21,1682.3200661085284,1723.2844731749217,1670.824635774424,1719.5826416015625,2827327,1535.3423681640625,1622.0224510785629,1577.0138814584457,74.66313250898426,45.008569620117214,-74916839.09464715,244330110.0,98.40574215595224,97.52813068338644,31.628564435179978,1717.5845618299588,1412.5149987169164,38.14276028424039,1228.8723755667754
2022-07-22,1719.9236842508685,1733.6110315997064,1707.3080355788775,1722.1156005859375,1495629,1540.2649731445313,1637.4213971566205,1587.762156949371,74.88092452428259,49.65924020724947,-74728506.03751825,245825739.0,95.22981856638894,96.7948878914912,33.75616736881784,1734.6871950615478,1423.8391843329837,37.297062836853854,1229.2234830386676
2022-07-25,1719.4365541853315,1739.4073470243113,1714.6143859211081,1736.43603515625,1916615,1545.312392578125,1652.6544183873327,1598.775036816547,76.13017901350044,53.879381570785654,-73271284.40100548,247742354.0,98.79597467940151,97.47717846724755,35.79602587186396,1754.5300764293731,1429.916310289377,36.40391271302166,1229.681037223419
2022-07-26,1734.779961787897,1734.779961787897,1696.932897819101,1706.04150390625,1585897,1548.5745971679687,1660.867816159474,1606.720701045414,68.35932147418676,54.14711511405994,-74093829.66097613,246156457.0,85.7080955726779,93.24462960615612,36.86571586089358,1765.6422724863803,1440.174536595651,36.625285900459325,1230.0457397925409
2022-07-27,1708.7205165701112,1772.5296350623246,1704.823776509518,1750.26953125,5369460,1553.3292602539063,1674.621926173401,1617.3539477272352,72.72250416033016,57.2679784461659,-72255075.5576572,251525917.0,89.70527489587846,91.40311504931928,38.353130731305676,1781.9340315950762,1450.0222794400802,38.845326804198415,1231.3528573054414
2022-07-28,1758.4040484987638,1769.1200842513879,1740.8199604461458,1754.7508544921875,1831059,1558.6458276367186,1686.9494536070606,1627.531496376491,73.1268652185194,59.41795723056953,-72283436.51318249,253356976.0,91.12220406294425,88.84519151050019,39.734301682402624,1796.085949595387,1461.4624756975816,38.09209801855867,1231.8078162787963
2022-07-29,1768.0970255333173,1785.1940199220257,1747.6878972660922,1761.375244140625,1747781,1562.8992797851563,1698.3995752276091,1637.4458480627234,73.74641711290192,60.95372716488578,-72755559.93443604,255104757.0,88.81356792708954,89.88034896197074,41.21293454597492,1809.0752390349305,1473.3907277619444,38.05024263551401,1232.249514437184
2022-08-01,1761.3265235313118,1770.9222222346566,1744.083496172776,1767.853515625,1341943,1566.627265625,1709.0847968272076,1647.1056752895586,74.36875608744056,61.97912153764901,-71720489.12683353,256446700.0,91.85607290614149,90.59728163205841,42.40913970691782,1820.5816094006934,1486.5311591539942,37.249420023111625,1232.5857367778776
2022-08-02,1762.30077741573,1764.8823916142223,1729.8603672787556,1746.7625732421875,1749346,1570.2768188476562,1714.8813778141275,1654.487667730494,68.66215671468193,60.39371008363355,-71781308.72355749,254697354.0,81.95076137861825,87.54013407061642,42.8256410989569,1822.640028861699,1508.6263651812699,37.302543474763965,1233.011973910908
2022-08-03,1746.7625369330258,1757.4298155741199,1727.2300792754515,1743.596435546875,1264299,1574.854736328125,1719.299079003781,1661.088317198374,67.82082275830166,58.210761805406946,-71675266.76011558,253433055.0,79.08434797477227,84.29706075317733,43.08420512878353,1817.820668684487,1538.1243752608257,36.795200105042845,1233.3169452961297
2022-08-04,1747.493134627194,1767.951020025929,1729.1784087026033,1734.146728515625,1856927,1579.4398779296876,1721.583332774834,1666.5000513700222,65.25095327731104,55.083281404811714,-73056300.75778459,251576128.0,68.02311273535507,76.35274069624852,43.513902715519976,1815.8655216482566,1558.5277522775245,36.936443763491624,1233.7650918359586
2022-08-05,1736.923052381223,1760.3522485810424,1729.4706324629906,1741.306884765625,1430542,1583.48048828125,1724.6177253888018,1672.041298288215,66.29316237626882,52.57642710058667,-73390251.44100972,253006670.0,67.86080570796639,71.65608880603124,43.91290761748953,1820.3072464674776,1565.9064132004912,36.503956074531644,1234.109766350298
2022-08-08,1750.0259514070908,1784.7556703143566,1744.0346898951082,1782.4176025390625,2625195,1587.1784936523438,1733.5100141811497,1680.2173208253148,71.56623321355649,53.2926933558349,-71066516.95449293,255631865.0,97.74523355189056,77.876383998404,44.71113666674991,1827.5149519519643,1576.981935255067,37.00001532268878,1234.7741372865337
2022-08-10,1782.7585014767997,1818.8033454957294,1775.208567932294,1807.25927734375,3422074,1591.49548828125,1744.8560546677036,1689.6278361229765,74.1933958177597,55.22821854472704,-69456800.19933185,259053939.0,92.19883172807705,85.934956995978,45.93422965820093,1835.302143980473,1590.8518477187458,37.471069768456395,1235.6861127070385
2022-08-11,1821.7746230445255,1830.2987414025495,1807.3078813245152,1818.949462890625,1918049,1596.1713305664061,1756.255040548153,1699.207215883543,75.34773795100816,57.047824664609834,-69432414.35300533,260971988.0,91.49011605447305,93.81139377814686,47.211139770963825,1840.2197908126846,1609.385555867003,36.44024078919519,1236.2126217205441
2022-08-12,1816.8549924706392,1820.751732400871,1790.5519979415735,1798.7838134765625,1041383,1600.6525830078126,1762.7979286909854,1706.5832601496927,69.56701018630716,56.21466854129267,-69906078.93357174,259930605.0,76.36956579045837,86.68617119100281,47.51714841044547,1835.3305259769695,1635.8153968745928,35.994490337059645,1236.4904967253422
2022-08-16,1811.984083917083,1815.880823882496,1794.4487540727241,1801.170654296875,1426893,1604.8949340820313,1768.7014249380454,1713.5897337902247,69.86174156707601,55.11169114782069,-70437917.70300311,261357498.0,78.15926003013753,82.0063139583563,47.80129928996415,1833.159117874,1656.043665329125,34.954317442253384,1236.8711124553045
2022-08-17,1813.3966076550712,1819.1443228975936,1802.290993870107,1807.7950439453125,1748371,1609.4977392578126,1774.7158278622403,1720.567904912824,70.70958256957964,54.1479229494164,-71044304.0519775,263105869.0,82.06518927785987,78.86467169948524,48.123009179658006,1835.9010050429126,1667.904256187556,33.74141395357233,1237.3416391702851
2022-08-18,1809.0613984887004,1849.538829528163,1802.242104040978,1845.64208984375,2519639,1615.8337817382812,1785.6275604747802,1729.8326593521517,75.03135621689549,55.79490112262852,-68939847.16788761,265625508.0,96.81401397989791,85.67948776263177,48.91047641701875,1844.2487591529834,1677.7368853782664,34.709650491687526,1238.045247895539
2022-08-19,1845.2037906193796,1891.8672760524794,1843.8886646489857,1886.0709228515625,4134598,1623.0726611328125,1801.0803854558237,1741.405864055812,78.6545079946024,59.67452140001183,-65804260.58779959,269760106.0,96.47931736303369,91.7861735402638,50.15836458114099,1861.5137879464523,1681.7188536551103,35.657433413959396,1239.2765296312646
2022-08-22,1887.09377080716,1893.8156712017205,1826.596905094252,1832.10107421875,3175874,1629.0291918945313,1805.8527991116584,1748.1240277715851,65.07845600106597,57.72877134007331,-68460025.4389304,266584232.0,62.95322046201601,85.41551726831585,50.45827790038792,1867.492621640958,1686.991863222323,37.91181432063862,1240.184758269062
2022-08-23,1821.7259423518321,1862.592955362633,1817.5368993017921,1828.593994140625,1811509,1635.1079541015624,1809.3514445007304,1754.0847660211437,64.30175853241371,55.266678479586744,-69382418.58789577,264772723.0,60.84794830878128,73.42682871127698,50.304800447980696,1871.7365922808447,1693.3957319379053,38.42211730208163,1240.6892477365075
2022-08-24,1827.5710585782126,1849.0031285615394,1803.8009208128915,1844.47314453125,1534933,1642.5248388671876,1814.754782966964,1760.7802014663366,66.26494834387671,53.97458150062744,-68155135.25032943,266307656.0,70.38007543154777,64.72708140078167,49.525370892800275,1878.3867248179322,1697.5493103383178,38.906409476836366,1241.1133109361222
2022-08-25,1850.9515848436763,1868.4869156474585,1824.648588638003,1829.422119140625,1121363,1649.3983129882813,1817.0112962244505,1765.8647879607283,62.74283662080964,51.146508263722126,-69032289.09135048,265186293.0,60.88761979904712,64.03854784645871,49.165760663693945,1877.9500105565967,1710.3240861230906,39.258689300594874,1241.4271407363094
2022-08-26,1841.4044745691317,1862.641755541998,1838.481919513365,1856.212158203125,1119310,1656.5055615234376,1823.0421980673234,1772.5571857564614,66.18780018371592,50.485012310861975,-68508737.48878703,266305603.0,77.11916752267996,69.46228758442494,48.83183687952378,1884.8634854044003,1714.0048739705999,38.82732837922189,1241.7461205533825
2022-08-29,1821.7259496505862,1841.2096496468494,1812.958284652268,1832.9290771484375,1183546,1663.7810180664062,1824.563256387495,1777.0291777114226,60.91601038779016,47.53407867607234,-68018994.31637324,265122057.0,59.349582622480064,65.78545664806903,47.35226759265317,1887.3794499238356,1719.3067317167893,39.14351017719582,1242.070127261894
2022-08-30,1845.0090593553255,1878.22874522513,1840.3816804446308,1872.8707275390625,1394462,1672.5757495117186,1831.9951750261976,1784.1285517727292,65.9293869407366,47.86662325346833,-67019360.929999255,266516519.0,82.34090279139544,72.93655097885181,46.750482847740706,1895.8221551360414,1722.0135748444275,39.58323574144559,1242.4740182458263
2022-09-01,1855.822415529026,1880.6641329022493,1843.255405309347,1863.567138671875,2014905,1681.533564453125,1836.8524002024556,1790.0128915430362,63.87413229963068,46.83950865941938,-66846208.98477508,264501614.0,70.707479624861,70.79932167957882,46.23766865562139,1901.571612778911,1725.835479506245,39.42791373083536,1243.0554392931183
2022-09-02,1851.4386055839948,1908.2336390529886,1851.1950593322738,1890.406005859375,3201140,1690.479892578125,1845.0914164573664,1797.4494185294316,67.0638870830275,47.64199792793488,-65646126.86527761,267702754.0,84.85096483593796,79.29978241739813,46.25302648895543,1909.174434333469,1732.5970012134062,40.68581844439817,1244.0078376962413
2022-09-05,1897.6635898697427,1921.8234250132546,1891.9646315035989,1917.5369873046875,2474746,1700.3834057617187,1856.2368888954159,1806.3447939942653,69.95216028439815,49.892094901150585,-63881914.9041091,270177500.0,96.6347801514099,84.06440820406961,46.4853248180592,1919.948177177594,1739.217313545062,40.023789923646845,1244.7733838204451
2022-09-06,1922.8463154808192,1933.85453414226,1900.9271539507517,1911.6431884765625,1172733,1709.8698999023438,1864.760934984823,1814.144675067028,68.54591210051302,50.616259917795105,-64291328.912773214,269004767.0,83.12367179254662,88.20313892663148,46.88695335345659,1924.3414314358133,1752.5737052829368,39.51690351420837,1245.1382854587996
2022-09-07,1890.990490646461,1910.717737010488,1884.0738008902947,1907.5516357421875,1238549,1719.263984375,1871.3441197167253,1821.063709191114,67.53096978825047,50.28041052561139,-63347133.68558386,267766218.0,80.01488280413089,86.59111158269577,46.475958603040155,1925.298856135575,1768.2407556808312,38.66350951935548,1245.5147970414819
2022-09-08,1917.0987056359018,1925.9637654462006,1897.274064459255,1923.430908203125,1632797,1728.1878833007813,1879.3574717915562,1828.6464646734853,69.4232204739988,50.71100711807094,-62002638.17117995,269399015.0,91.98513161434694,85.04122873700815,46.370475115222696,1933.2881244296373,1774.3528179531754,37.95109462418334,1246.0216746078531
2022-09-09,1926.304719005476,1936.095325991028,1893.815672482049,1899.417236328125,980869,1736.329482421875,1882.4435894125668,1833.8887440553106,63.40528574447289,48.55484535725623,-62723599.6330555,268418146.0,72.27540377575656,81.42513939807812,46.44888874475982,1937.247155358333,1779.6095829229168,38.260277401668745,1246.3231766890833
2022-09-12,1899.4171687235194,1916.2218596636299,1897.6149502905669,1911.2535400390625,791708,1744.7770629882812,1886.8758895089506,1839.6194696837365,65.0150638418865,47.25641982521415,-62354687.091931805,269209854.0,81.22234578362131,81.82762705790826,46.52170140075857,1942.8782995435856,1783.208846452508,36.856465399625485,1246.5658165414898
2022-09-13,1918.0728320581738,1943.4990362676367,1912.4225116031532,1939.9432373046875,1761021,1753.5993334960938,1895.0400968621411,1847.050859877881,68.61849306944184,47.98923698426006,-60996660.74549346,270970875.0,97.45465502424683,83.65080152787489,47.0506111704474,1950.917211411774,1789.2858769671323,36.527110458836106,1247.1241074080428
2022-09-14,1913.9325716902722,1922.0182357866847,1899.0762505360851,1903.4600830078125,2322752,1761.4245385742188,1896.3354793460908,1851.2293208504686,60.13605079408614,45.10615849562214,-62431734.061182246,268648123.0,69.32838767636574,82.66846282807795,46.872845719784344,1950.706450134753,1799.725581115247,36.83710162381941,1247.833581679016
2022-09-15,1908.5257131529493,1933.4648241073235,1904.3367892163315,1906.967041015625,1566565,1769.1361694335938,1897.9711042183267,1855.3580408627026,60.639737618426146,42.613063355624035,-63715378.471078545,270214688.0,72.01487290371111,79.59930520144123,46.91845230576797,1950.1243323518997,1810.2248986051313,36.34907587208309,1248.3160964221747
2022-09-16,1896.7381753921509,1906.3826305762632,1865.5642557144165,1870.4351806640625,3881617,1776.4403466796875,1893.7348082869014,1856.4748660331738,53.111478367190294,37.25994225372756,-66670595.77220456,266333071.0,44.02984914714376,61.791036575740186,45.24829947577024,1949.7318239123645,1813.0967161266979,36.710055117020616,1249.4476069311318
2022-09-19,1871.5067919908884,1882.0766755263999,1855.8224371718325,1861.375244140625,1755456,1783.7316528320312,1888.7564138028588,1856.8378570040961,51.40697694539265,31.918556798762665,-67683489.12928464,264577615.0,20.35890421010046,45.46787542031843,43.325728765455416,1949.0065522203945,1811.3524199475742,35.96321106255967,1249.9463861496067
2022-09-20,1881.1513060519515,1905.3111425321067,1875.3061958311791,1882.807373046875,1666658,1790.39451171875,1887.8411767634768,1858.7615248591167,55.079608423133564,29.079651904360162,-68516824.73477621,266244273.0,39.45584109376998,34.61486481700472,42.11002561237558,1947.9108758000161,1817.5187262507652,36.532688728911246,1250.4355892662934
2022-09-21,1871.5067048071967,1896.0562371760168,1842.7682484574832,1846.7137451171875,1618385,1794.8667260742188,1881.5138795871246,1857.869096730085,48.43979819512225,23.644782857039672,-69895556.00547737,264625888.0,3.9168726319706235,21.243872645280348,39.823224549928455,1946.235864793876,1821.0057123545614,37.72949587102713,1250.8905851970821
2022-09-22,1833.4161553035422,1856.4068973354374,1824.6484903738228,1839.4560546875,1875115,1799.664140625,1875.0434449871825,1856.5051676898934,47.20746516125796,18.53827729728914,-70022101.81612222,262750773.0,12.458978797545349,18.610564174428642,37.1377236586343,1946.6470483898315,1820.092819774231,37.30298952035481,1251.398239437687
2022-09-23,1841.209662018044,1846.5189227350718,1804.7264810975357,1808.9154052734375,1948766,1804.0286840820313,1864.869900415837,1852.9800001034891,42.32753855489223,11.88990031234789,-71580211.86539434,260802007.0,3.0185537556523228,6.464801728389425,34.8957199799208,1949.6231980071066,1815.065998770237,37.62366467158204,1251.9069124081975
2022-09-26,1801.2680794547243,1828.3504702396806,1771.068344212379,1803.65478515625,1529101,1808.4130615234376,1855.4521903759005,1849.3262804777678,41.53115915266447,6.125909898132704,-71369574.38536777,259272906.0,18.89828345259333,11.45860533526366,33.65073925367959,1954.5540442746137,1804.8794151980424,39.02784048270486,1252.2920595345774
2022-09-27,1808.087296585386,1815.880776312047,1785.1939498883187,1793.6693115234375,1443698,1812.61888671875,1845.947132090906,1845.2035420367065,39.99301321557683,0.7435900541995579,-72015805.58492753,257829208.0,13.107276344872316,11.674704517705983,32.4946857221699,1959.1676536852176,1796.3398292249387,38.43205376420652,1252.6533625343318
2022-09-28,1782.4661854665994,1808.0872976507194,1778.4720508881448,1788.0677490234375,1853503,1815.9682006835938,1837.0426116189878,1840.9712610727606,39.11778177594493,-3.9286494537727776,-72668193.80621594,255975705.0,9.858688501702895,13.954749433056174,31.586197078268878,1963.847729685051,1783.1794553735426,37.80228183551852,1253.1108312369633
2022-09-29,1797.03045218102,1809.4513114020453,1751.0002091854556,1768.6329345703125,2377718,1818.1054541015626,1826.5180459191915,1835.6128665170236,36.16090031740155,-9.09482059783204,-73611357.21454114,253597987.0,9.15991315486261,10.708626000479265,31.3710361932218,1970.0108223824025,1767.5229422660352,39.277197577023614,1253.6800329616265
2022-09-30,1776.8648135370024,1834.341732753633,1769.1688466076637,1800.001708984375,2339518,1820.8287231445313,1822.4386094676813,1832.9750029960867,43.57461791152651,-10.53639352840537,-73737254.15868431,255937505.0,25.455479673130597,14.82469377656536,30.283500662375697,1969.2261202747577,1759.2672146861796,41.16516904890197,1254.2654086050952
2022-10-03,1804.19064117341,1804.19064117341,1767.1716107389666,1772.3348388671875,1850414,1822.8034008789064,1814.7303370676054,1828.4831389865387,39.24561760378566,-13.7528019189333,-75071495.28751346,254087091.0,11.692475108594351,15.435955978862511,29.32326315848319,1966.2176640550922,1747.7554560620954,40.86901629072637,1254.7106716593196
2022-10-04,1787.9216363920605,1832.3930829828728,1787.9216363920605,1823.23583984375,1637532,1824.87646484375,1816.0388759562431,1828.094450161147,49.23751331675948,-12.055574204903905,-74108341.11066222,255724623.0,39.588843398061606,25.57893272659551,27.497907736264573,1959.7278849632132,1745.404500290693,42.23967542108058,1255.1289517924554
2022-10-06,1833.4161606433738,1869.4610054594232,1829.61681537895,1863.567138671875,2771898,1827.7054956054687,1823.3509163740327,1830.7220567174973,55.48464539780352,-7.3711403434645035,-72156497.30313922,258496521.0,72.44508643825192,41.24213498163595,26.277902949466874,1954.692450357545,1746.0414851893297,42.5243532921229,1255.8857101934889
2022-10-07,1855.8224334472457,1879.154116735819,1853.922820256226,1874.8677978515625,1469264,1830.474130859375,1831.2765904474988,1833.992111616317,57.07853624302832,-2.7155211688182135,-71186433.49558686,259965785.0,80.27142729274088,64.10178570968479,25.382253162406574,1947.5009175782043,1748.3767069335145,41.28913494837076,1256.2961641099541
2022-10-10,1855.8223111659258,1867.5125304488608,1834.8773349506673,1860.352294921875,1656954,1833.5603466796874,1835.749775751249,1835.9447177870993,54.3848933786906,-0.19494203585031755,-70256558.38794637,258308831.0,70.86476853248362,74.52709408782546,23.959643506184758,1942.9297006509482,1749.0414297201455,41.19637265926536,1256.7470314115474
2022-10-11,1874.1371157933002,1874.1371157933002,1822.9436474255601,1830.44482421875,1047963,1835.1638525390624,1834.9336293616336,1835.5373182635178,49.22989666321182,-0.6036889018841975,-70997413.62649314,257260868.0,54.7682272386942,68.6348076879729,22.286196863288925,1934.2987223580565,1749.591536431006,41.91045092415641,1257.0262422288579
2022-10-12,1831.4677306450294,1866.5383893169555,1810.0844182724109,1861.9110107421875,1907748,1837.3070556640625,1839.0839957278727,1837.4909251137897,54.153728821917205,1.5930706140829898,-69402411.46378033,259168616.0,86.54500176917742,70.72599918011842,21.0261582529757,1919.45173203928,1756.6353040935326,42.94927378989843,1257.5370257997677
2022-10-13,1851.9256359104224,1862.641670626369,1820.0210780061266,1827.7171630859375,1303645,1838.6338940429687,1837.335252244498,1836.7669427413562,48.63393168775104,0.5683095031417906,-70235252.92881939,257864971.0,59.863140630599084,67.05878987949023,19.856122400541995,1909.988721372049,1758.5240227685758,42.92579656349442,1257.8800001588454
2022-10-14,1850.9515526576379,1886.7528524261475,1849.4415182970522,1862.2520751953125,1819114,1840.521865234375,1841.1686096215465,1838.654730330538,53.76024707242324,2.5138792910083794,-70805209.5912237,259684085.0,81.95189673957609,76.12001304645086,18.85874095790502,1901.4092255239266,1762.632022034667,44.076503190402676,1258.3821442505123
2022-10-17,1853.7765982166932,1864.5900275708304,1829.9090665158128,1834.5850830078125,2588147,1842.2783154296876,1840.1557593732796,1838.353274973299,49.498304483199654,1.8024843999805853,-72695439.48122662,257095938.0,61.57145218466165,67.79549651827894,17.701638814705653,1897.3705452091492,1763.0856925838195,43.40539303787517,1259.068019226956
2022-10-18,1844.2296034661042,1881.3460282577605,1844.2296034661042,1868.584228515625,1401849,1844.7780712890626,1844.5293700105635,1840.5926048653232,54.2935871790525,3.936765145240315,-72257590.45197459,258497787.0,86.61637558076187,76.71324150166653,16.756408919331736,1898.4693110650778,1762.7078251653911,43.64507533873752,1259.452621255125
2022-10-19,1870.4351448685388,1896.7381390932526,1852.558874429259,1855.7249755859375,1636141,1847.2096362304687,1846.2517708683133,1841.7135212149983,52.27192238541943,4.538249653315006,-73659223.79540822,256861646.0,71.85827770899272,73.34870182480542,16.31726092730818,1893.8987179690569,1764.570178515318,43.683231719112946,1259.9035663201594
2022-10-20,1849.6363672851744,1868.2920337509202,1837.6052063628852,1854.994384765625,1374019,1849.4833862304688,1847.5967883909766,1842.6972888854152,52.153103922906475,4.89949950556138,-73476023.39194064,255487627.0,67.78199211027427,75.41888180000963,15.411690721838797,1894.8588458996219,1764.4381145495968,42.75491712403595,1260.2726076087347
2022-10-21,1864.2978471577112,1875.3061855809578,1818.9008484749943,1828.3017578125,2225676,1850.4010693359376,1844.6283221481342,1841.6309532503847,47.871610478188856,2.9973688977495385,-74959805.8278137,253261951.0,47.18050861591311,62.2735928117267,14.630047484327473,1894.1466846885069,1764.034846073212,43.72994712274506,1260.8565502430554
2022-10-24,1856.7966353017819,1870.3378307701155,1850.9515252221331,1860.4498291015625,269400,1851.4648803710938,1847.0624001409692,1843.0249440541756,52.88803863548459,4.037456086793554,-74965221.22705674,253531351.0,66.65183212941787,60.53811095186842,13.904235906638387,1897.4016771656327,1765.9332959788987,43.60895611095009,1260.929555469337
2022-10-25,1865.5642512535364,1904.19070979568,1842.7196608619483,1898.783935546875,2136147,1853.0615698242189,1855.0195594341856,1847.1552397203016,58.06963986056935,7.864319713884015,-73204849.97162597,255667498.0,94.25460916450189,69.36231663661096,13.644415485181288,1906.953863394829,1765.8940247887645,44.88481988400592,1261.5283630187798
2022-10-27,1901.7065621395006,1920.9467163692968,1899.563402653683,1913.34814453125,2245395,1855.3528564453125,1863.993187910657,1852.058417854446,59.87527943032055,11.934770056211164,-72555259.57321425,257912893.0,93.14593692491724,84.68412607294566,13.851360255805188,1917.5684744016023,1767.2472970827728,43.26181709389277,1262.1863097605647
2022-10-28,1921.0927751657798,1934.731364847484,1913.104505919836,1924.0640869140625,2013794,1857.8107250976564,1873.2348646804119,1857.3921711181213,61.199227628474176,15.842693562290606,-72528041.65164736,259926687.0,91.44200622114981,92.9475174368563,14.391298940912465,1927.9931136889866,1770.422291584451,41.71646293916101,1262.7867657957215
2022-10-31,1934.7314173726495,1982.125541587067,1927.1327267760662,1970.8736572265625,3176507,1861.0722973632812,1888.2562173798196,1865.798207126154,66.4126579874594,22.458010253665634,-70651402.2637043,263103194.0,93.45977046434115,92.68257120346941,15.889845063630556,1945.6921310435089,1772.9473464955538,42.883962348721255,1263.7832582591082
2022-11-01,1979.5438648157105,2002.9243041639277,1938.6768527725985,1972.188720703125,4464211,1863.6032299804688,1901.1689101987897,1873.6789859096334,66.54864382497496,27.489924289156306,-70458493.1381208,267567405.0,84.06160462151841,89.6544604356698,17.638889622777643,1962.838847347521,1773.0193313634163,44.409925851764676,1265.2013968518663
2022-11-02,1983.9278275134945,1989.2858452160842,1948.3700736690346,1961.3267822265625,1889651,1865.1083471679688,1910.4239674338319,1880.1714152664429,64.2353158314703,30.252552167389013,-71151360.77773435,265677754.0,77.39553266096681,84.97230258227545,19.26300242769994,1969.9403215403684,1784.8170515065065,44.16034340142789,1265.7957837395907
2022-11-03,1954.2150850153173,1970.2891373098103,1941.550680177232,1956.8453369140625,1052241,1867.603232421875,1917.5657165846364,1885.8509650181184,63.25827925198874,31.71475156651809,-71083592.80681606,264625513.0,74.96027499464232,78.80580409237585,20.48425377792688,1979.2738736617607,1788.8444490921456,43.05878009651006,1266.121562661133
2022-11-04,1958.1117586406199,1976.962213727303,1952.997287629245,1963.080078125,2312753,1870.2929541015626,1924.5679260523848,1891.5716400630727,64.07692402025904,32.99628598931213,-71450251.42939015,266938266.0,78.34828941247636,76.90136568936184,21.75130537186912,1989.691102947234,1788.3785137519849,41.69493338233491,1266.8449333856108
2022-11-07,1969.2175246969275,1979.5438616085135,1941.5506477292163,1965.5643310546875,1395070,1872.7147778320314,1930.8750652835083,1897.0525801365256,64.4171277436946,33.82248514698267,-71081808.11865546,268333336.0,79.6982547853073,77.66893973080866,22.421467401241937,1999.3081982805802,1787.8310717389509,41.43052484640365,1267.2792234128083
2022-11-09,1972.77339757121,1984.3661040285297,1944.7168217795372,1951.7796630859375,1301233,1875.1619287109374,1934.0911572531127,1901.1064381327785,60.96692197065331,32.98471912033415,-71919456.32415973,267032103.0,72.20754230132313,76.75136216636893,23.155620661529035,2005.6308041588052,1790.6512026771322,41.30329323230285,1267.682688142735
2022-11-10,1943.4990092222604,1950.1721524625943,1919.3391744723233,1926.596923828125,1261210,1876.5696240234374,1932.9381982646528,1902.9946222583599,55.15499881901024,29.943576006292915,-72586915.952858,265770893.0,58.52301542210808,70.14293750291284,22.755212133892893,2006.423234980779,1799.473981816096,40.67023575953937,1268.0573622094098
2022-11-11,1951.8770840231928,1966.684767691797,1940.5278047462907,1959.1834716796875,1203125,1879.0947119140626,1936.9759326361966,1907.1567592525323,60.41382913511476,29.819173383664292,-72073855.52827308,266974018.0,76.23083844367204,68.98713205570108,22.81964246362184,2012.2537658804185,1803.3706970102066,40.628636338406,1268.4269850571764
2022-11-14,1961.083244764712,1969.704758595559,1943.7427034636396,1948.17529296875,1175155,1880.6008032226562,1938.6989111488972,1910.1951691574372,57.9419347503413,28.503741991459947,-72847734.15062039,265798863.0,65.8255777942853,66.85981055335513,22.957883001640187,2012.8589929271325,1814.8112829517736,39.58102339508553,1268.786796236222
2022-11-15,1951.292601104273,1964.9311914265197,1927.0353702473205,1945.0091552734375,1450841,1882.2296435546875,1939.669717937288,1912.7739829438078,57.216804278145005,26.89573499348012,-72922322.91859908,264348022.0,63.849269473842625,68.63522857059998,22.3830750605197,2014.9236903035312,1821.0222935831875,39.460651808236506,1269.2251758119137
2022-11-16,1934.7314426894316,1957.965731548187,1933.8060144914223,1951.8770751953125,1195832,1883.4590649414063,1941.5477729000609,1915.670508295771,58.43204395640049,25.87726460428985,-72329230.60190444,265543854.0,50.6126318339478,60.095826367358576,21.849324829479247,2013.8434385801038,1833.8317445253651,38.36772789741709,1269.5872631237512
2022-11-17,1950.3183820786555,2005.8469274225533,1949.441591789412,1977.1572265625,3786182,1884.6514697265625,1947.02615038659,1920.2250800192326,62.63881166423503,26.801070367357397,-72394614.33633101,269330036.0,69.06518031857438,61.17569387545493,22.61655340325862,2018.3795480383153,1840.1529348718411,39.65612844996882,1270.7810571976527
2022-11-18,1986.3631596256073,1998.004622483448,1955.043088964912,1972.188720703125,1248459,1885.8623803710936,1950.8973150506724,1924.0742385884098,61.32522174090626,26.823076462262634,-72646571.74520312,268081577.0,61.092265639135604,60.25669259721926,23.328979936053752,2019.3055059097915,1850.8733515120834,39.89222881200933,1271.1724821029022
2022-11-21,1966.879558542956,1980.5181488448882,1955.1893382841567,1959.5244140625,714687,1886.9018359375,1952.224561052492,1926.7001775124165,57.987203120961496,25.524383540075405,-73116618.57188207,267366890.0,46.45276084479529,58.87006893416842,23.990518859363515,2016.601268724031,1864.0305916275315,38.85198465120376,1271.3931786323246
2022-11-22,1969.3638521752698,1980.6643750677422,1967.464119960139,1977.40087890625,1337869,1887.9812353515624,1956.0978407223008,1930.4557850230708,61.19783484423475,25.642055699230013,-72440271.6880061,268704759.0,67.1173420344544,58.220789506128426,24.6086180188695,2005.7602914760282,1889.7814809849092,37.586840105063644,1271.8119468953928
2022-11-23,1986.3144424497345,1991.234124228395,1965.9053144290124,1972.724609375,1046988,1889.4473828125,1958.6558051304085,1933.5868090491397,59.90810991222005,25.06899608126878,-72923496.91877533,267657771.0,61.71173459260999,58.42727915728656,25.461930495367262,1996.2362193103122,1910.533031177969,36.71126651180072,1272.1399911491976
2022-11-24,1978.0825243691538,2006.8209801528967,1976.03675977514,1999.2222900390625,1611889,1891.2067578125,1964.8968028086629,1938.4486965298747,64.47656166826943,26.448106278788146,-72107356.18581595,269269660.0,91.31397659808295,73.38101774171578,26.636905728578256,1997.8951707388785,1918.9179151986216,36.524488245093295,1272.6568977965665
2022-11-25,2007.7952983090117,2041.6969841013617,2005.3110789749178,2009.5001220703125,2652761,1892.5978955078126,1971.7588519258397,1943.7117650884256,66.09058974757045,28.0470868374141,-74149302.08517928,271922421.0,73.68630402206207,75.57067173758502,28.429376668916,2003.000554180217,1923.4277295111892,36.94950294632229,1273.5351873328284
2022-11-28,2011.0589741992862,2018.5113945894193,1999.0276938694442,2011.15625,1105372,1894.7518188476563,1977.8199900910952,1948.7076528596533,66.35585637653091,29.11233723144187,-73878491.3425035,273027793.0,75.03981626186803,80.01336562733768,29.749621431340763,2008.3149393232673,1926.8225606767326,35.70194564444035,1273.8960047105713
2022-11-29,2016.5629631102458,2018.5113331229127,1985.9735301275618,1997.6151123046875,1413764,1896.5647802734375,1980.8653935085708,1952.3304276333595,62.079659755596985,28.534965875211356,-74280604.38454463,271614029.0,63.97298061290846,70.89970029894619,30.279395577537628,2011.701537321655,1926.1101081861575,35.47593545521967,1274.3514178129435
2022-11-30,2000.0019252026161,2032.1500321347576,1992.2084447342181,2021.2879638671875,2104550,1899.5818359375,1987.0842504868197,1957.4383932803096,66.182629775288,29.645857206510073,-73320714.23710752,273718579.0,82.20065150996919,73.73781612824855,31.083066774166802,2019.878700018848,1922.842869805371,35.79491059417108,1275.041823204261
2022-12-01,2031.4191966175224,2055.5302744817036,2025.768876257483,2049.9287109375,2614357,1903.3529052734375,1996.7526290176934,1964.2895279215832,70.36101009618375,32.46310109611022,-71690483.50378375,276332936.0,95.64063370638732,80.60475527642166,32.30399973356342,2034.8665330715194,1916.7152296237932,35.684010595624294,1275.9306684570515
2022-12-02,2041.9892980556242,2044.716825817735,2015.7348217211363,2031.662841796875,1957264,1906.3300146484376,2002.1234309837214,1969.2801437641974,64.8571582541773,32.84328721952397,-71496389.01376274,274375672.0,81.42538583375038,86.42222368336895,32.909499523825694,2042.6705283437161,1916.3929848398777,35.577573354248536,1276.5834901425674
2022-12-05,2041.843048246208,2042.6712006497394,2015.4427768664302,2031.7603759765625,1767537,1910.030947265625,2006.68296098262,1973.9083091132616,64.87295899370568,32.77465186935842,-71145407.482697,276143209.0,80.47234092280459,85.84612015431411,33.45604343752418,2049.5297922230884,1916.4017507456617,34.98120552775286,1277.1714782691326
2022-12-06,2027.2791076616425,2045.788623781571,2013.640516836432,2039.4564208984375,1530731,1914.0309545898438,2011.7250317388996,1978.7637248010524,66.16564738835903,32.96130693784721,-70217691.72512124,277673940.0,84.84866323593813,82.24879666416437,34.03843295211022,2057.043933118326,1916.2768188347989,34.77884134328045,1277.6819783830153
2022-12-07,2042.184309267532,2088.6528918020244,2042.184309267532,2069.169189453125,3438327,1919.2360302734376,2020.562594464165,1985.460425886391,70.65556384907914,35.10216857777391,-69662660.75836945,281112267.0,85.41746044438628,83.57948820104299,35.44294095046816,2069.563936574746,1915.4957680150976,35.80867202615948,1278.8772156384293
2022-12-08,2065.2723856865587,2118.852565503899,2065.2723856865587,2111.740966796875,3743754,1925.39775390625,2034.590036361505,1994.8145400279084,75.64290641514776,39.77549633359672,-66912709.922023594,284856021.0,95.65473635841515,88.64028667957986,37.19618949580523,2088.760008442179,1914.8141004445401,37.07806543981524,1280.2271336192084
2022-12-09,2112.032947564595,2137.7028158402154,2082.3203069277315,2098.443115234375,2573609,1931.4932299804686,2044.4135869573313,2002.490730783943,71.55208869371032,41.922856173388254,-67987874.54389614,282282412.0,77.14768824729819,86.07329501669987,39.063256710215164,2102.961649539661,1914.5384237025266,38.385525687863,1281.1610650046216
2022-12-12,2093.4260088657006,2113.0072221034325,2079.44659710238,2107.843994140625,1536090,1937.8887548828125,2054.1721111393763,2010.2946762177712,72.67705891883176,43.87743492160507,-66924432.6451243,283818502.0,82.61975788104023,85.14072749558453,40.638920482295326,2115.9854219730987,1917.4815213862764,38.040889924519384,1281.7134029128279
2022-12-13,2113.9815990610546,2119.534406384967,2096.9333603589494,2116.806640625,1233124,1944.8522290039064,2063.808192598703,2018.1844513590472,73.74312982479279,45.62374123965583,-65988965.08289461,285051626.0,87.07448197610259,82.28064270148033,42.191100365930296,2127.9384432433117,1922.7082486512195,36.93804393176926,1282.162211621238
2022-12-14,2120.751749450648,2152.9486076438943,2118.9008932942515,2138.774169921875,1516631,1951.6276782226562,2075.341419879191,2027.117023104442,76.19479010762167,48.22439677474904,-65735114.39384429,286568257.0,91.51104588010575,87.06842857908286,44.036264223135916,2142.723278803663,1926.6131225635245,36.881181295135335,1282.7306886695505
2022-12-15,2139.992218201503,2151.974741696186,2117.4886866023603,2121.336669921875,1323412,1958.60771484375,2082.41761219345,2034.0962562020297,70.56257245309195,48.32135599142043,-66763191.52373575,285244845.0,81.06787061145263,86.55113282255365,45.66811417729891,2152.82222714336,1930.932118559765,36.710100852184645,1283.2222913899864
2022-12-16,2105.2137054373206,2154.507559709604,2105.2137054373206,2118.852294921875,2822390,1964.5200439453124,2088.0229479978234,2040.3744812923885,69.77125940328901,47.648466705434885,-68023787.69999917,282422455.0,78.84387807248629,83.8075981880149,46.470840413934994,2160.1492574646336,1938.2714456603662,37.60894038219168,1284.2637756799875
2022-12-19,2114.9557117280506,2130.981007991802,2099.41750798197,2127.6201171875,1592779,1969.801103515625,2094.1148201808505,2046.8371209883226,71.00699736481042,47.27769919252796,-66770207.85679217,284015234.0,83.43340163858468,81.11505010750786,46.885588908715285,2165.530770343791,1949.6995030937087,37.177123212737406,1284.8456147115255
2022-12-20,2123.6256012792023,2123.6256012792023,2082.8073484719894,2107.405517578125,1747181,1974.4518579101561,2096.159542857354,2051.3236688838633,64.46393258767857,44.835873973490834,-66411593.006097026,282268053.0,66.56276644219285,76.28001538442128,46.36305307252893,2167.487138947112,1960.743598357576,37.7225264629355,1285.4716777829415
2022-12-21,2097.5178161065155,2118.8036156279727,2087.532419868554,2090.893310546875,1979681,1979.0626782226564,2095.3493532711263,2054.254753451494,59.63031961345566,41.09459981963255,-67965739.18036556,280288372.0,54.84092810835588,68.27903206304447,45.87784122464159,2164.992440284657,1975.0551671372184,37.26171712697002,1286.1751107221132
2022-12-22,2088.6524897438258,2092.8902893242152,2042.7682844094488,2055.4814453125,1993744,1983.5634106445314,2089.215828969799,2054.345619515272,50.8281844021249,34.87020945452696,-68948079.5737223,278294628.0,29.702425508952487,50.36870668650041,43.364983749313026,2162.430936380472,1983.2425865687471,38.18030911181262,1286.851547411261
2022-12-23,2040.4304960253396,2049.8312862024004,1997.176776873879,2009.5001220703125,2026125,1986.5151928710939,2076.9518740621857,2051.0237308156456,42.13164182354568,25.928143246540003,-70025809.53198561,276268503.0,7.832761634003226,30.792038417103864,40.96563221995394,2162.430936380472,1983.2425865687471,39.6177633494418,1287.4981245550653
2022-12-26,1999.7582472255208,2053.5819681653384,1998.0534234853455,2037.069580078125,1154610,1990.7022412109375,2070.8161365261763,2049.990090020274,47.88875690136311,20.826046505902468,-69557886.65909293,277423113.0,25.356006297826468,20.963731146927394,38.61126392915644,2160.8236174048975,1987.4412385521343,40.754247730195445,1287.8714726758706
2022-12-27,2047.2984391256764,2073.065583609971,2031.1756305577017,2069.266357421875,1059351,1994.8425268554688,2070.5777089716685,2051.417961679652,53.68390507035703,19.15974729201662,-68690692.1915466,278482464.0,45.820391438125355,26.336386456651685,35.91973031216658,2157.0735381283416,1998.356442340408,40.835369538915,1288.2267305838966
2022-12-28,2074.0399608610746,2080.859256176259,2059.086125284662,2066.343994140625,1153883,1999.477705078125,2069.926368228431,2052.523593713798,53.10662272447943,17.40277451463271,-69075303.05233788,277328581.0,43.96292703823017,38.379774924727336,33.66394012840235,2155.244193858556,2004.691389637537,39.47378106410656,1288.6188063155228
2022-12-29,2055.189007198882,2065.807764939992,2040.0891417775188,2056.40673828125,1517150,2003.2341552734374,2067.846425159634,2052.811234052128,51.094585506445696,15.035191107505852,-68667292.33286683,275811431.0,37.64677219537855,42.47669689057803,31.56685510396431,2155.1026043463175,2005.4807818841514,38.529571871177964,1289.124039685291
2022-12-30,2060.4012319632016,2077.936561596931,2027.3764562882632,2031.955078125,1189427,2006.7587573242188,2062.3246794619977,2051.2663336130813,46.43293193395882,11.05834584891636,-69641295.08079469,274622004.0,22.105210833047497,34.571636688885405,30.00464702196823,2155.079322918335,2005.5332869449464,39.388895688141524,1289.5153543448043
2023-01-02,2038.8717550451568,2043.4506149586769,2021.4826949549222,2035.5108642578125,807344,2010.3690869140626,2058.199477122892,2050.099261808987,47.18752635410241,8.100215313904755,-69417539.33937748,275429348.0,24.365281029561572,28.03908801932921,28.730493459032903,2154.796241248852,2006.1914174425542,38.144540282113894,1289.7764279260957
2023-01-03,2034.0982534703219,2042.6711289261373,2014.5657969074464,2035.023681640625,1260225,2014.503525390625,2054.63397012562,2048.9825521668863,47.08964904917742,5.651417958733873,-68843127.56862348,274169123.0,24.055626041258243,23.508705967955773,27.757032326932936,2155.087598623123,2005.4567861425019,37.42745397758368,1290.1820917194657
2023-01-04,2036.9721565827676,2047.2010994764664,2004.8728071649327,2017.098876953125,1015547,2017.6365063476562,2048.8593404067747,2046.6207984473485,43.51341989041345,2.2385419594261293,-69272015.01695496,273153576.0,12.662557015334704,20.36115469538484,27.14428154811584,2157.316338733094,1998.021014782531,37.777513858580114,1290.5052773476327
2023-01-05,2026.3047332412766,2045.0090370574167,2015.1016061103753,2033.465087890625,1881403,2020.3301293945312,2046.4909938658286,2045.6463013690727,47.43847903674064,0.8446924967558971,-68843014.975451,275034979.0,27.12045106014982,21.27954470558092,26.575298682071384,2154.011260689838,1993.4985049351621,37.215365079184494,1291.109898710202
2023-01-06,2036.2415934696633,2066.928423291056,2018.3654400702517,2032.6859130859375,1877917,2022.716884765625,2044.3671352843069,2044.686272607359,47.270072620895704,-0.3191373230520185,-69613394.59036395,273157062.0,28.08182391497479,22.621610663486436,25.094847490101394,2151.7890761992144,1989.1449692109422,38.02590923215733,1291.7190388551833
2023-01-09,2053.582178573964,2072.383998459659,2046.5193366410128,2066.928466796875,1844365,2025.5741723632811,2047.8381093631635,2046.333842547323,54.85503043148093,1.5042668158405377,-68547078.94015105,275001427.0,57.34892942833174,37.51706813448545,23.500081164227147,2147.917361070432,1988.9251316053494,38.145350385126186,1292.3344009572686
2023-01-10,2076.8650182786214,2076.8650182786214,2043.0608445246776,2052.266845703125,1425414,2027.2020361328125,2048.5194534154653,2046.7733242625675,51.44292693181148,1.7461291528977654,-69196117.6286708,273576013.0,57.55725332703795,47.66266889011482,21.83498103164639,2141.7575771976444,1988.6309359859497,37.835266340041734,1292.806503740998
2023-01-11,2051.731070098705,2084.755845601724,2042.963405327483,2070.484130859375,1455621,2029.1679443359376,2051.8986345606822,2048.5296803067754,55.173907339998216,3.3689542539068498,-68734657.6562946,275031634.0,83.70419445004728,66.20345906847233,20.58701926636031,2130.613631419391,1992.9458778579526,38.11792162105597,1293.293470416818
2023-01-12,2063.42138286387,2108.7695052054955,2063.42138286387,2103.99609375,2726901,2032.0213305664063,2059.9136282821155,2052.638303524792,61.09588662288166,7.275324757323688,-66581832.04461356,277758535.0,95.68860152804089,78.98334976837536,20.313583232602582,2127.1104165966444,1994.715035063512,38.63436452966808,1294.2347163086224
2023-01-13,2106.0903866791405,2108.964422604553,2062.5443661876034,2097.809814453125,2180210,2034.8406201171874,2065.743810769963,2055.984341371335,59.53236646015597,9.75946939862797,-65449418.62716769,275578325.0,89.28385528044922,89.5588837528458,20.017379857546565,2122.9366408345154,1996.7845627787663,39.19048537875962,1294.9835113649401
2023-01-16,2091.575381732473,2105.2139729501046,2077.2549085215915,2082.0283203125,1009649,2037.2195849609375,2068.249119930353,2057.9135249966066,55.62179864774592,10.335594933746506,-66114315.71648758,274568676.0,74.12269741583786,86.36505140810932,19.74233386642312,2113.5971859115307,2001.5648380142504,38.388241025170586,1295.3290986524748
2023-01-17,2084.658459372712,2160.5476162333484,2081.2488117533007,2155.968994140625,4645453,2041.0276782226563,2081.744485193472,2065.1768930813487,66.6690519210912,16.567592112123293,-62005308.98137068,279214129.0,97.05885485254635,86.8218025162778,21.107723749455065,2127.4908156374163,1992.527555944615,41.31042412909038,1297.004167694694
2023-01-18,2163.6648182426097,2216.0760171931493,2143.2069338738143,2207.990234375,4090049,2046.1518896484374,2101.166908144476,2075.7556591031007,71.95806431619198,25.411249041375413,-58822949.39979413,283304178.0,96.17156253587764,89.11770493475395,23.36397098409974,2158.6302207940917,1973.0978431707517,43.56461407125071,1298.5727812819962
2023-01-19,2201.5119711890197,2224.8436533519025,2183.148489606168,2214.419921875,2176835,2051.908349609375,2118.590448718403,2086.027085975093,72.53809559728244,32.56336274330988,-57734525.69122811,285481013.0,95.2613122795179,96.16390988931396,25.584268922030162,2186.7054297961486,1960.9164818249458,43.43108190514242,1299.4225772640043
2023-01-20,2223.528690918848,2238.3362565848015,2180.664547347946,2191.86767578125,1962410,2056.562033691406,2129.8638682665332,2093.867129664438,67.28128506354062,35.99673860209532,-58934512.25832766,283518603.0,80.09599321905812,90.50962267815122,27.834233823499233,2202.8162976281283,1963.0423693640596,44.448269571693345,1300.1840643223884
2023-01-23,2196.7870170092833,2214.614648794765,2169.5098389710306,2175.842041015625,1466706,2061.115368652344,2136.937433304855,2099.9393453200814,63.74604012803827,36.99808798477352,-59989400.59327981,282051897.0,73.23169184535402,82.86299911464334,29.373801064127044,2214.311666937105,1965.4242461488327,44.495165303981985,1300.7416899193113
2023-01-24,2186.7528145899723,2194.156715023207,2143.2067967865232,2150.51318359375,1036962,2065.22544921875,2139.0260102723773,2103.6855555625752,58.51290517657959,35.34045470980209,-60728955.03155617,281014935.0,60.65885255518943,71.32884587320054,29.622783683217673,2220.701391262357,1967.1592044407678,44.95621908488927,1301.124826287105
2023-01-25,2144.1811715000645,2148.07791147553,2099.3686617822077,2118.56005859375,2134447,2068.5591088867186,2135.8774023218193,2104.7873706019213,52.64177548850498,31.09003171989798,-61181461.96439797,278880488.0,45.54905060184245,59.813198334128636,28.281642643673308,2223.0826718841927,1969.9995302642444,45.39824070822163,1301.8752529273695
2023-01-27,2118.5600099834787,2138.3360124728347,2072.1889480422974,2104.093505859375,1647900,2071.0978344726564,2130.987572096828,2104.7359732135847,50.186537229107145,26.251598883243332,-61239706.51167646,277232588.0,31.288943237758094,45.832282131596656,26.275406509016594,2224.142384046432,1973.7084948598176,46.880299545529894,1302.4416007678026
2023-01-30,2074.4295218543148,2117.1476308455844,2030.0068268870946,2058.35546875,3441304,2072.8211694335937,2119.813402351162,2101.3003802903563,43.30892522206679,18.513022060805724,-62441960.8310273,273791284.0,13.607603065990372,30.14853230186364,25.429914431497675,2223.145792801328,1977.3451251674223,49.75604986074132,1303.5682423450166
2023-01-31,2065.2232742815386,2077.692888829359,2019.1442799824054,2069.558349609375,4516463,2075.0218481445313,2112.081855775503,2098.9491187584317,45.286714919336156,13.132737017071122,-59180501.02009176,278307747.0,22.999961225049027,22.63216917626583,24.87749664282972,2222.127390270636,1981.7682762332697,50.38408978832793,1305.0167416503382
2023-02-01,2077.936771499605,2158.745376156959,2026.5972654535326,2090.162841796875,6868872,2077.2770874023436,2108.709699778791,2098.298283427946,48.82307506898982,10.41141635084523,-59441275.406217575,285176619.0,32.400164876150534,23.00257638906331,23.805971734006324,2221.0866259519526,1988.3229565675783,56.22437699654925,1307.315275492846
2023-02-02,2080.469566708332,2111.010123543669,2053.4359331457954,2089.529296875,3488506,2079.6131811523437,2105.7588685628234,2097.6487288684684,48.71880479756209,8.110139694354984,-58555880.00840782,281688113.0,32.11112832851073,29.170418143236763,22.810984318670318,2217.8862030493556,1998.766421462363,56.320792239500996,1308.466869412904
2023-02-03,2120.7520345550315,2125.5256838622936,2076.037037212541,2110.62060546875,2045634,2081.8411474609375,2106.506828086812,2098.6096086166376,52.36603287344863,7.897219470174605,-57742461.36278144,283733747.0,41.733427885582856,35.41490703008137,22.185760199398494,2216.222792977397,2008.1453832921343,55.83278184023327,1309.1574105407012
2023-02-06,2108.3799425141196,2125.2821478504247,2086.9966287611123,2100.4404296875,1332484,2083.6599536132812,2105.57353602538,2098.745224992257,50.49911594663342,6.828311033122645,-58139152.924297966,282401263.0,37.089017109673684,36.97785777458909,21.60519494578895,2213.253624429533,2017.890003500155,54.57940592945321,1309.6066714388721
2023-02-07,2106.4312764113124,2115.9295790798337,2094.5462683321684,2109.402587890625,1089248,2085.6248803710937,2106.162620927725,2099.534659281025,52.11754526927261,6.627961646699987,-57714863.88998474,283490511.0,41.17774259225918,40.000062529171906,21.0660986388658,2212.8694261669766,2022.5216138720857,52.20825627361121,1309.9746475854731
2023-02-08,2104.7755332422917,2119.0960057456714,2070.6790568827473,2075.84228515625,1452145,2087.189423828125,2101.4979538859598,2097.779668605116,46.04635322136858,3.718285280843702,-58857292.71425244,282038366.0,25.866825078498263,34.71119492681037,19.856741360356715,2211.322497853915,2026.4260861304597,51.93744860141927,1310.453565736659
2023-02-09,2094.497819969872,2096.3974332157045,2080.5669264368626,2091.96484375,1563181,2088.6029614257814,2100.0313215573506,2097.34894083807,49.11317241700545,2.682380719280445,-58169502.46836907,283601547.0,33.22227615095953,33.422281273905654,18.733766744598277,2210.6045943745307,2029.2920608989066,49.69585570556465,1310.969176072777
2023-02-10,2084.9506172200963,2113.9326199663046,2082.3691221947606,2107.990234375,1454665,2089.7641918945315,2101.2557696831427,2098.137184803769,52.03180919670861,3.118584879373884,-57262570.19423751,285056212.0,45.45239001307749,34.84716374751176,18.1635682807707,2210.680369294553,2029.615700041384,48.400687281706034,1311.4556343585334
2023-02-13,2116.9037809163433,2153.3382009243446,2104.4341666686805,2146.421630859375,2978938,2092.0593676757812,2108.2043637102556,2101.7138104375176,58.2205167809697,6.490553272737998,-55126263.42946383,288035150.0,72.72474715713578,50.4664711070576,18.54644296158616,2213.191724325531,2031.965526651032,48.43664063698875,1312.4918775255162
2023-02-14,2157.8198251798653,2158.79401020252,2125.817752050407,2135.072509765625,1874906,2094.1256103515625,2112.337924641851,2104.1848252025625,55.925848291397465,8.153099439288326,-55948788.00469646,286160244.0,83.01357231445749,67.06356982822359,19.01609898793323,2214.028080410552,2036.4335895113231,47.33232760235477,1313.14682660309
2023-02-15,2129.56815581538,2131.3704929855076,2101.5603404083845,2118.90087890625,1946344,2095.7144995117187,2113.3476099132968,2105.2749032546876,52.73629554679751,8.07270665860915,-55630758.95428876,284213900.0,71.43343475609241,75.72391807589523,18.639441173651498,2211.0715403501304,2035.6833180483068,46.345173441989466,1313.8070643767503
2023-02-16,2130.347710803531,2145.4475776318445,2115.6374228226337,2122.067138671875,2464602,2096.772458496094,2114.689075876155,2106.5187725448495,53.297900614527215,8.170303331305604,-57032186.96925628,286678502.0,73.70072146021592,76.0492428435886,18.621027893543936,2197.7254563928127,2040.4370924353127,45.164100682505286,1314.6523944807554
2023-02-17,2113.7867416930553,2190.9421490865907,2104.23968075902,2168.876953125,3753179,2097.9151782226563,2123.0256723759776,2111.137897032268,60.72752118483324,11.887775343709563,-55189325.67327008,290431681.0,87.15630404693236,77.43015342108023,19.523077868360595,2186.3900162331474,2047.2182357199772,48.13112694286711,1315.9789111528617
2023-02-20,2176.0370979649756,2193.8647319422603,2157.819885103067,2168.048828125,1779752,2099.3072924804687,2129.952311721981,2115.3535215576558,60.54401735803359,14.598790164325237,-55958948.159756586,288651929.0,84.5660938380985,81.8077064484156,20.41368067268325,2180.688673185186,2050.537694002314,47.26782122117612,1316.6203664939878
2023-02-21,2181.200242952478,2203.6064982396183,2165.3209796813558,2171.896728515625,1882604,2100.5883471679685,2136.405298921003,2119.5419072582463,61.13173314394255,16.86339166275684,-57194856.9327061,290534533.0,78.88416434726618,83.53552074409902,21.42180037586969,2179.7799461458576,2051.051889791642,46.62622817382515,1317.3034076896274
2023-02-22,2171.4583655554093,2183.148585558399,2125.7204273613374,2138.092529296875,2103097,2101.014064941406,2136.6648728249834,2120.916027409256,53.58088266466349,15.748845415727374,-58391787.64490569,288431436.0,50.7144888414292,71.38824900893128,21.009498664548108,2178.0219959426518,2051.5677745651606,47.39779460405634,1318.03755286285
2023-02-23,2147.103667870588,2151.1951971655108,2097.907327023281,2103.411376953125,2000556,2100.306809082031,2131.548950383159,2119.619386634728,47.146770058641145,11.929563748431065,-59979072.85430891,286430880.0,24.624200794252147,51.40761799431584,19.83400040594596,2177.4287301200347,2050.6461722237154,47.818514285354425,1318.7082882162154
2023-02-24,2104.239524936824,2116.2220475770064,2064.054395120322,2078.95947265625,1479060,2099.459265136719,2123.458261502096,2116.607541154841,43.20728362788725,6.850720347254992,-60612953.7848235,284951820.0,10.680654180601078,28.673114605427475,18.92645916112706,2177.884156151508,2047.6773428719293,48.12916701187798,1319.18418198301
2023-02-27,2078.9595253051125,2084.6583647932616,2028.3506626464266,2059.134765625,1398112,2098.264914550781,2113.5623390594656,2112.3502985230007,40.26935581922011,1.2120405364648832,-60482336.2454314,283553708.0,17.565237057230004,17.62336401069441,18.830735638841613,2177.793582666552,2047.8458460443856,48.71334809294634,1319.6164872037036
2023-02-28,2060.401225686352,2083.099783210712,2031.1756763858366,2054.7021484375,2108587,2096.8065551757813,2104.5069251176246,2108.080065183334,39.62065574627233,-3.5731400657095946,-60680149.38113316,281445121.0,15.036010471138399,14.427300569656493,18.74184951100512,2179.3124429195436,2044.8413656742061,48.942688002369835,1320.2665877197157
2023-03-01,2045.7885252639317,2075.0140756248447,2045.7885252639317,2060.693603515625,1389077,2095.872316894531,2097.7664141019322,2104.5699569116523,41.004057036070236,-6.8035428097200565,-60652363.31939812,282834198.0,18.454701242744154,17.018649590370853,18.659312392299807,2180.9165761958925,2040.2903085697321,47.53432102798006,1320.6966532692759
2023-03-02,2074.9651118832635,2093.52338207937,2053.1434649251737,2066.830810546875,1727640,2095.3910668945314,2093.0070904780773,2101.7744645883354,42.45839357717275,-8.76737411025806,-61208787.15768202,284561838.0,21.956557263958672,18.482422992613742,18.01190534839701,2181.8091657797927,2037.1278703530202,47.02329217985266,1321.2385453825564
2023-03-03,2084.7558962503617,2104.1420825802397,2077.205962513941,2096.494873046875,1821066,2096.211335449219,2093.5436724117385,2101.3833837334123,49.00231089055138,-7.8397113216738035,-60421728.523390934,286382904.0,38.88270548583984,26.431321330847556,17.095314989004894,2181.31959895799,2036.204863932635,46.32957645510352,1321.8252073542037
2023-03-06,2102.534634071253,2128.448048454176,2084.560969604305,2085.8759765625,1821012,2097.7388525390625,2092.364026896471,2100.2346869059375,46.94418894204694,-7.870660009466519,-62133613.030119,284561892.0,32.82362251811268,31.220961755970396,16.183039098661606,2181.200640548591,2034.8673770295345,46.15511234044407,1322.4162905214953
2023-03-08,2096.4462595414525,2133.0757131147975,2085.340644937506,2114.760986328125,2965342,2099.2926806640626,2095.809712962879,2101.3107090853587,52.756804774541784,-5.500996122479592,-61443723.04612266,287527234.0,49.30524760515035,40.33719186970095,15.460226186754676,2181.5258641576684,2035.0779932642065,46.26796632879031,1323.3910200975029
2023-03-09,2118.803643072398,2142.232840165252,2115.4427523505437,2136.58251953125,1873933,2100.63900390625,2102.0824524349364,2103.923435785054,56.62309662114953,-1.8409833501177673,-60360255.71162334,289401167.0,61.75649245486691,47.96178752604332,15.039404413803302,2183.9618268572967,2038.7160540020784,44.92538686510009,1324.0216442216602
2023-03-10,2115.442548520946,2125.6714901555165,2077.9364291941874,2102.14501953125,1900535,2101.3550244140624,2102.0920781420614,2103.7917012477355,49.709195788390694,-1.6996231056741635,-60333097.63614903,287500632.0,42.10664748197985,51.0561291806657,14.387742517061923,2184.0620876208286,2039.6338108166708,45.90543711309741,1324.6368830181998
2023-03-13,2108.1852339238553,2122.7004962326046,2052.6079284917478,2078.764892578125,2334468,2101.8021875,2098.5032803629942,2101.9378635685052,45.63512383307682,-3.4345832055109895,-60925224.112506896,285166164.0,28.76607775202487,44.20973922962387,14.408965380319698,2184.0226917552936,2036.750672502519,47.63308930079451,1325.3745444887224
2023-03-14,2088.993682561043,2114.9556174604845,2079.300351620923,2088.847412109375,2871343,2102.9400341796877,2097.0177621701296,2100.9682004974584,47.62852033901507,-3.9504383273288113,-62258904.461080104,288037507.0,39.081111894085616,36.65127904269678,14.428672324773345,2179.772751905417,2035.2431904773957,46.81577755662058,1326.291427815482
2023-03-15,2108.3311609332873,2155.3355878855878,2104.239631439782,2120.459716796875,3044201,2104.639011230469,2100.6242167280907,2102.4120165196373,53.39817695348113,-1.787799791546604,-63370381.09309536,291081708.0,72.53542416705906,46.79420460438985,13.553275215551285,2178.2031810650037,2035.3514820209334,48.220948858020016,1327.3019157165616
2023-03-16,2128.4966251743604,2130.542508726769,2076.9623358964204,2117.488525390625,2946792,2106.288308105469,2103.218725753096,2103.5287949545254,52.80929982607447,-0.31006920142954186,-61859470.00318059,288134916.0,70.19562564321531,60.604053901453334,13.134988928403784,2178.087256644014,2035.326171090361,48.603750570329204,1328.2552476918272
2023-03-17,2130.2502288341416,2171.3607870488154,2130.2502288341416,2139.066650390625,3286473,2108.7276635742187,2108.7337910819465,2106.161228690533,56.5563723308727,2.572562391413612,-63736332.78817463,291421389.0,77.41828643731257,73.38311208252898,12.683243246156172,2180.0448720862387,2035.068506820011,48.98007279089072,1329.3681529541273
2023-03-20,2134.536924709958,2148.078001557307,2096.4461947171535,2121.336669921875,1996773,2110.4850952148436,2110.6726955188587,2107.28533544841,52.84352819604052,3.3873600704487217,-63807911.53728098,289424616.0,64.31567026600696,70.64319411551162,12.109122464896597,2172.394840703518,2037.9645098824192,49.16948236583806,1330.0222660270927
2023-03-21,2126.35345806056,2169.5098992229664,2125.67157615829,2151.438720703125,3178680,2112.8601513671874,2116.9443917010535,2110.5559565783888,57.89721691196956,6.3884351226647595,-63249883.50212472,292603296.0,84.13497848767061,75.28964506366339,11.422393491558521,2168.789788210111,2039.9085516336386,49.09832143264187,1331.096650182961
2023-03-22,2162.2036494224576,2188.263098677718,2150.903008068098,2156.796875,1956033,2114.65751953125,2123.0755429778146,2113.9812097948043,58.744737684602654,9.094333183010349,-64588755.35351443,294559329.0,76.80425771123882,75.0849688216388,11.205482837743759,2165.140347304071,2042.0480071881168,48.25987637385458,1331.7696521970886
2023-03-23,2156.8454128910325,2184.1225906511722,2143.742673284589,2149.68505859375,2455799,2116.6058837890623,2127.1693146110356,2116.6259393354667,57.10173285831874,10.543375275568906,-66321754.26616559,292103530.0,71.56168833736211,77.50030817875718,10.81640603098259,2167.208982708758,2041.1386247131172,47.697022159049496,1332.6068599513515
2023-03-24,2149.051831097035,2162.0572942944464,2097.468789609086,2110.23046875,1449544,2117.400810546875,2124.5633383247223,2116.1522007735803,48.92624890632202,8.41113755114202,-67198483.78412263,290653986.0,42.47721644464949,63.61438749775014,10.722922879753005,2167.6034987425173,2041.4260178590446,48.90355662521456,1333.0787833151678
2023-03-27,2118.901173470744,2133.465191939415,2094.497791173398,2098.39453125,1540581,2117.288779296875,2120.537368005534,2114.8368178459077,46.763238657177446,5.700550159626346,-68430948.58412261,289113405.0,33.75219882550969,49.26370120250709,10.699992505496407,2167.5613762440576,2043.41164621688,48.193831206700445,1333.5705569388692
2023-03-28,2111.7893152665924,2113.786441877599,2067.6586917646714,2078.52099609375,1627243,2116.9030029296873,2114.0733107883366,2112.1467569753777,43.30162940263869,1.9265538129589004,-69291815.22108343,287486162.0,19.10215995931293,31.77719174315737,11.240013056325237,2166.165633876705,2046.7460116311076,48.04625398571666,1334.0745082027838
2023-03-29,2082.466367636559,2103.5576145515392,2066.2462833200034,2092.013427734375,2372385,2117.102705078125,2110.6794826261885,2110.655399253822,46.21270159494308,0.024083372366476397,-68387469.80789347,289858547.0,29.048284107864117,27.300880964228913,11.770338446928715,2163.614860315757,2053.027913121743,47.279473788989456,1334.8086213908991
2023-03-31,2100.8301212930633,2120.75215857609,2095.033767644977,2108.331298828125,1489542,2116.149951171875,2110.3182235803324,2110.4832436667334,49.58408399084068,-0.1650200864010003,-68336695.28912973,291348089.0,41.07721825860806,29.742554108595034,11.74662871368729,2161.506751634432,2059.899791334318,45.955135007041285,1335.2815164232218
2023-04-03,2123.723258604463,2127.132906038002,2099.3686340791824,2114.12744140625,1231654,2114.2726953125,2110.904257092012,2110.753184240031,50.76458438688446,0.1510728519810982,-68258915.05605684,292579743.0,39.2414422109561,36.4556481924761,11.535501531789132,2159.715828637914,2066.420377416773,44.65578764645404,1335.6748832544654
2023-04-05,2113.9813353397326,2204.093442952141,2109.110410603927,2199.466064453125,2763363,2113.9736181640624,2124.529150532183,2117.32450870026,64.09502172084113,7.2046418319228,-65764802.80990301,295343106.0,96.64310928758741,58.987256585717184,11.916143534167949,2177.44475390028,2058.988571295032,48.250590839436875,1336.6209625350057
2023-04-06,2199.4662303624737,2232.4910074271015,2196.2513722267154,2215.540283203125,2389899,2114.4470703125,2138.5308632507895,2124.599751256028,65.96428548812659,13.931111994761523,-65610606.16441929,297733005.0,89.80375207994177,75.22943452616175,12.778388099881449,2195.5873373713443,2053.8124184880303,47.39266543664753,1337.4803901089729
2023-04-10,2225.915116632462,2260.0115901813565,2219.2420923693385,2250.074951171875,1955914,2115.931728515625,2155.691492161726,2133.8942105090537,69.62331860166341,21.797281652672154,-64608111.381953135,299688919.0,94.87181726675583,93.77289287809499,14.024703056062105,2220.7177957527824,2042.2133565909676,47.1839969753321,1338.205190545309
2023-04-11,2260.1093376602216,2269.8511882535845,2228.2535337875543,2242.0869140625,1342440,2117.763203125,2168.983095531076,2141.908484846346,67.80747470552885,27.074610684730033,-65057689.35621256,298346479.0,86.36365160252814,90.34640698307525,15.334681129231607,2238.2140750656067,2035.2675167312686,46.78497251038197,1338.7039736537035
2023-04-12,2244.5224765129997,2252.997839338451,2223.0416474318645,2229.422607421875,1165839,2119.9804541015624,2178.281481975814,2148.3910124445333,64.91675093996727,29.890469531280814,-65726858.28299419,297180640.0,80.14361154762068,87.12636013896822,16.388699530636753,2250.8703499306253,2035.3390006553122,45.582916752967996,1339.1311797745534
2023-04-13,2235.5598474777003,2235.7546369154675,2184.5611661801236,2200.4404296875,1956668,2121.907392578125,2181.690550854535,2152.2465248329013,58.74466795059496,29.444026021633817,-66469682.16099367,295223972.0,65.90909310916291,77.47211875310391,16.25090237520439,2255.466142588342,2042.9107617085335,45.98367060885199,1339.8246952165978
2023-04-17,2200.4404841615146,2215.1020167481283,2144.3273300831665,2156.845703125,4125850,2123.877197265625,2177.8682665884526,2152.58720470639,50.904602974772196,25.28106188206266,-69136001.02497755,291098122.0,44.49766071920098,63.51678845866152,15.14862899800779,2255.2150118033733,2049.961721595064,47.75445747000269,1341.2248319123155
2023-04-18,2162.6907961213296,2172.4326465543086,2131.516874735797,2159.378662109375,2848601,2125.673603515625,2175.0237120532097,2153.09027562513,51.311195325601986,21.933436428079858,-68105065.51146843,293946723.0,45.74171669378631,52.04949017405007,14.290798283431096,2256.1209914168294,2052.9476365128585,47.26597992346761,1342.1683033048769
2023-04-19,2151.097898386689,2177.303378591081,2151.097898386689,2162.301025390625,1970015,2127.1163671875,2173.066375643581,2153.772553385537,51.80709323529544,19.2938222580442,-68390674.95411786,295916738.0,47.177027538681386,45.805468317222896,13.377687883851888,2256.9615533663114,2056.5883245633763,45.76165851496222,1342.8268182644683
2023-04-20,2167.5616384687114,2193.3287843111952,2164.8826297020646,2175.111572265625,1898996,2128.8280126953123,2173.3810212777416,2155.3532214507286,54.017993901787975,18.02779982701304,-68923952.36899874,297815734.0,53.4688930903384,48.795879107602026,12.699345058469234,2258.7215561865537,2058.432813930634,44.70923711536279,1343.4715656730807
2023-04-21,2182.3205175660287,2185.097040059364,2145.1554535045566,2158.0146484375,1009316,2129.7758935546876,2171.0169639177043,2155.5503641904893,50.67659355450183,15.466599727214998,-69283369.73890156,296806418.0,45.071785057159005,48.572568562059594,12.002859166213204,2259.093070301509,2061.729097667241,44.3686906467517,1343.8076822117782
2023-04-24,2162.6904453592247,2175.0625458348745,2130.1040085136633,2171.360595703125,1239073,2131.194296875,2171.0698303462304,2156.7214924506843,53.11464775460599,14.348337895546138,-68248350.8175663,298045491.0,43.66088218921462,47.40052011223734,11.711403597760222,2260.108967552319,2062.7053879164314,44.410822552070236,1344.2179642368765
2023-04-25,2173.455557590161,2195.8130564491107,2160.8399090260164,2189.919189453125,1350118,2132.80462890625,2173.969731747291,2159.180581117532,56.34607190264572,14.789150629759206,-67353291.42722587,299395609.0,53.11426486566492,47.28231070401285,10.895675926474597,2262.508798233807,2063.6177886802557,43.73670290000053,1344.6773451798795
2023-04-26,2189.821867794807,2228.2534188353698,2186.1199171926773,2217.39111328125,1894812,2135.63560546875,2180.649944290977,2163.492472388918,60.66758727768146,17.157471902059115,-66435470.47279127,301290421.0,67.36355532217604,54.71290079235186,10.85871212428,2268.419544454396,2064.477647928416,43.622188524478524,1345.3430422233541
2023-04-27,2217.0012960175304,2250.36712899066,2208.574691730364,2246.080810546875,1252989,2138.7179248046873,2190.716231407269,2169.6101270672852,64.60798123626013,21.10610433998363,-65439499.73794338,302543410.0,82.99044191736266,67.82275403506787,11.288118694986613,2277.4029271960317,2069.079299366468,43.49149200560835,1345.7950960343737
2023-04-28,2252.6081387067206,2307.8443834746818,2252.6081387067206,2303.363037109375,2884961,2142.625380859375,2208.046509207593,2179.5177500333657,70.88061419675068,28.52875917422716,-63022655.62553096,305428371.0,97.47871221364893,82.61090315106254,12.68787752517851,2296.163863235473,2070.8152139129647,44.79664064290824,1346.8960414534604
2023-05-02,2311.935682950348,2353.9719063762336,2311.935682950348,2322.895263671875,1840153,2146.154853515625,2225.715548355944,2190.1383065991813,72.6599595131682,35.57724175676276,-63903288.30234983,307268524.0,86.11831218273369,88.86248877124842,14.615480487723417,2313.1025783374616,2078.3139255687884,45.21179983033327,1347.6279592350506
2023-05-03,2322.5545585942014,2328.3021549712194,2287.8734773848987,2295.47216796875,998235,2149.3628466796877,2236.4473359886833,2197.9408148487787,66.51463721031638,38.506521139904635,-64526280.80876219,306270289.0,73.86863459833984,85.82188633157415,15.740164433870223,2320.8051540515808,2090.9572238781066,44.87014824147523,1348.0141626885159
2023-05-04,2300.8300454068312,2320.1674738179854,2282.3692883089234,2296.056396484375,1230912,2152.90595703125,2245.6179606803285,2205.2086357106746,66.57948774642168,40.40932496965388,-64865741.249828376,307501201.0,74.12960480496753,78.03885052868036,16.634036147751555,2327.4201434382503,2103.114744257062,44.36500804630286,1348.4877903763665
2023-05-05,2296.153964063322,2344.8144555304707,2296.153964063322,2316.124755859375,2425866,2156.787109375,2256.4651599386434,2213.424644610578,68.81375658629221,43.04051532806534,-65300403.98202616,309927067.0,83.09398047767773,77.03073996032838,17.83455626359069,2335.6341601350746,2115.1004590055504,44.67879740343092,1349.438941355223
2023-05-08,2316.076135297568,2323.431279788636,2293.280300895275,2304.337158203125,1583576,2159.4963134765626,2263.8300827485637,2220.1589048766928,66.02180528158476,43.671177871870896,-65722533.52086392,308343491.0,77.82855485444422,78.35071337902984,18.863579500131056,2345.336063622739,2115.885664892886,43.64109608128306,1350.051154650625
2023-05-09,2306.5289228484953,2339.894757691459,2306.5289228484953,2313.05615234375,1417301,2162.3964599609376,2271.403324224746,2227.040182466845,67.08556785108547,44.36314175790085,-66585312.27171931,309760792.0,81.72325982280798,80.88193171830999,20.07360780222628,2355.406624963126,2115.5666904665613,43.06370346750098,1350.6057482444037
2023-05-10,2325.3795398907587,2327.2791530281124,2289.334695744986,2303.41162109375,1675409,2165.0267578125,2276.327677589208,2232.697326068838,64.67360349324099,43.63035152037037,-67017609.14887785,308085383.0,77.4151248279814,78.98897983507787,20.655535181467428,2361.573696242581,2114.733286179294,42.69804302575993,1351.2516379137871
2023-05-11,2240.625746555419,2254.313094879183,2179.5931447247285,2184.26904296875,9470848,2165.9502880859377,2262.1648107245223,2229.1100458392016,43.74824283446006,33.054764885320765,-75303105.13937965,298614535.0,24.19508780501344,61.1111574852676,19.70462435833227,2360.8680527021274,2109.6571426103724,48.492359693135754,1354.503630437303
2023-05-12,2165.2722476880253,2177.3035278654015,2140.6255568601064,2163.762451171875,5367292,2167.1573095703125,2247.025986177961,2224.2694832712514,41.272971533535824,22.756502906709557,-73898895.64457378,293247243.0,15.034957213416186,38.88172328213701,19.45628503872498,2361.398486718836,2102.560692968664,48.146011579957744,1356.2377541972905
2023-05-15,2163.567365300352,2201.658093828839,2157.819768951716,2188.84765625,2662740,2169.3550732421877,2238.0754738813516,2221.6456442326403,45.34665947294628,16.429829648711348,-72792367.68754253,295909983.0,22.60273002058019,20.61092501300327,18.72234185976237,2361.480833544494,2101.3190687992555,47.83831967261239,1357.1189763104799
2023-05-16,2196.397893441037,2196.787472358517,2165.711061787248,2169.705078125,2528855,2171.5664794921877,2227.5569514572976,2217.798194891334,42.90106065391354,9.758756565963722,-74671193.42096156,293381128.0,13.630193969030369,17.08929373434225,18.040823193582803,2360.7634179603474,2103.322421883403,46.64104045108785,1357.948715898505
2023-05-17,2166.928403935729,2186.0710432028573,2153.1435440932287,2162.301025390625,1961004,2173.71845703125,2217.517578216271,2213.687293446837,41.95849082577952,3.8302847694340016,-75541446.04659629,291420124.0,10.159755992862742,15.464226660824432,17.6351220478281,2360.5854894040103,2103.792586767865,45.661501783840755,1358.5829664271655
2023-05-18,2172.4326524091007,2175.891056889758,2124.697585158856,2131.711669921875,2290757,2175.138818359375,2204.316669247902,2207.615025037581,38.22215283815649,-3.2983557896786806,-77204483.7993478,289129367.0,3.059254401354868,8.949734787749327,17.750661889647393,2363.0172866093953,2098.3018540156045,46.056642494345155,1359.301507002778
2023-05-19,2135.413529206188,2142.2815810534244,2112.52018160749,2133.513916015625,1729803,2176.47248046875,2193.423937981398,2202.1260539989175,38.56924165660734,-8.70211601751953,-76493875.70064485,290859170.0,8.694795793338086,7.3046020625185655,18.05972988792836,2365.5891799653946,2091.5701950346056,44.892696562315805,1359.8331026242233
2023-05-22,2133.465244822393,2164.6391662079254,2122.164603184879,2159.378662109375,1112099,2177.73015625,2188.186203231856,2198.959580525618,43.47729839420239,-10.773377293762223,-75657245.16605647,291971269.0,20.172034252304186,10.642028148999048,17.782570832056056,2365.5180962485206,2091.777680118667,44.71997273808228,1360.183036796581
2023-05-23,2168.1461403491203,2171.068695226745,2137.3618005028898,2140.91748046875,2265389,2178.830986328125,2180.9140920375316,2194.6601657065908,40.961720077215354,-13.746073669059115,-77444690.50804995,289705880.0,12.224708935647445,13.697179660429905,17.36500592150419,2367.151244864068,2087.100219979682,43.93332430849465,1360.8958594972373
2023-05-24,2143.206730802534,2151.487302262453,2119.8262937392337,2128.739990234375,2648479,2179.11056640625,2172.8873071447383,2189.777189745686,39.344595937024266,-16.889882600947658,-78601888.01823625,287057401.0,6.982440140673807,13.126394442875146,17.320383146291427,2369.767838605795,2078.36570631608,43.056730323832106,1361.7102704194654
2023-05-25,2133.4649299353932,2150.3183762646054,2121.7747111412264,2147.785400390625,1689521,2179.3346240234373,2169.025475336413,2186.6666868304965,43.126351772291464,-17.641211494083564,-77212224.51117453,288746922.0,15.509745808217195,11.57229829484615,17.27894771216529,2370.0361699307145,2071.136803702098,42.02008280951402,1362.2333454324216
2023-05-26,2151.9746633870272,2163.4213371284472,2144.1811833928687,2161.1806640625,1249128,2180.5153369140626,2167.8185812942725,2184.7788332921264,45.69107673088038,-16.960251997853902,-76254038.82941025,289996050.0,21.401021738261445,14.631069229050816,16.864090597316395,2367.4670752103034,2065.2158837740712,40.39294501851863,1362.627719665023
2023-05-29,2167.5616266983416,2183.9279822787917,2162.8854911270505,2167.123291015625,1369656,2182.2825048828126,2167.711613559096,2183.4710153457186,46.83647201120667,-15.759401786622675,-77072017.9388435,291365706.0,25.425298438960425,20.77868866181302,15.915959817449945,2356.5780172204195,2062.480967154581,39.132543104073854,1363.0678893370068
2023-05-30,2172.432576141825,2179.2518712238843,2150.221110306918,2153.728271484375,1716729,2183.5801220703124,2165.5603301629853,2181.2678491337674,44.555424412708355,-15.707518970782075,-78373956.20578381,289648977.0,29.06216462167264,25.296161599631503,15.344806194995146,2340.317290170946,2061.8249949853043,38.410987233566175,1363.6119376682907
2023-05-31,2144.278586252809,2166.5873264483457,2143.206887673723,2148.7109375,2809284,2184.145146484375,2162.9681159071415,2178.8562260497847,43.69697270766188,-15.8881101426432,-79860558.5177955,286839693.0,40.600856572274694,31.696106544302584,14.986026803194378,2327.6737713917128,2059.792390717662,37.33737662935592,1364.4914551480765
2023-06-01,2159.7681183844256,2164.6390433243996,2145.3013761774505,2150.8056640625,1049488,2184.8114892578124,2161.0969694695045,2176.778406643319,44.18052124211574,-15.68143717381463,-80312592.43607953,287889181.0,42.950840445913485,37.537953879953605,14.65287451080795,2312.976161799336,2059.9649270678515,36.051683094898294,1364.8198320480608
2023-06-02,2163.6649794809564,2179.5442432419845,2155.043346719221,2176.865234375,1399950,2185.5674609375,2163.522856378042,2176.7848383271476,49.94048268800545,-13.261981949105575,-79218792.74040414,289289131.0,76.3582787509113,53.30332525636649,13.8675010032824,2291.159476404079,2067.855660314671,35.5293185295116,1365.2668181017852
2023-06-05,2187.045096646126,2214.127484386025,2182.174172154709,2209.74365234375,2344944,2187.3356005859373,2170.633748065074,2179.2262319580072,56.09602085149896,-8.59248389293316,-77517277.53865348,291634075.0,95.68551479825206,71.66487799835895,13.586713281756545,2271.9531374002677,2077.602648732545,35.65309934961971,1366.0436931123113
2023-06-06,2210.425866806681,2221.8237842640133,2205.2626385012486,2219.144775390625,1677680,2188.6897216796874,2178.096983038236,2182.1831611011644,57.697775824885056,-4.086178062928411,-76382376.36218287,293311755.0,97.54902051874097,89.86427135596811,13.522015934354329,2247.052079940157,2093.1125684973426,34.28938837913007,1366.6075122599316
2023-06-07,2219.1936448998595,2258.1610486733425,2219.1936448998595,2255.7255859375,2128603,2190.6682958984375,2190.039845022738,2187.6307481260783,63.3073460961219,2.4090968966597757,-74519848.73718286,295440358.0,98.32776144161424,97.18743225286909,14.298672862587532,2229.4492741960457,2105.946770725829,34.6270230151006,1367.3461587248185
2023-06-08,2257.1379385137593,2284.512632759435,2253.04640899015,2279.88525390625,2556995,2193.2722998046875,2203.8622156202014,2194.4644152209057,66.46980433145902,9.397800399295647,-72714909.95323566,297997353.0,97.19018658091778,97.68898951375768,15.532000246894134,2251.1176766453627,2093.8399893702626,34.40125164039946,1368.2602181036907
2023-06-09,2284.463936720568,2307.6983452420895,2277.8881876489845,2301.999267578125,2501720,2197.10767578125,2218.960223613728,2202.429959839959,69.09541253532672,16.530263773769093,-71169742.86839308,300499073.0,96.9665111876005,97.49481973671084,17.08027306316539,2275.997542560862,2082.783805095388,34.073316351307,1369.1758109705663
2023-06-12,2303.947571766098,2308.818496864969,2272.871164770555,2279.544189453125,1172382,2200.7306689453126,2228.280833742866,2208.1421249964897,63.645457426217384,20.138708746376324,-71906858.4067345,299326691.0,84.51030945844475,92.88900240898768,18.333200170628096,2289.9391171141538,2077.9118838624086,34.20717461867178,1369.600202628552
2023-06-13,2285.292002180139,2297.030741286994,2267.0260332319576,2293.62109375,1688768,2205.0326708984376,2238.333181436271,2214.4739004597127,65.48346852454642,23.85928097655824,-70601903.74970669,301015459.0,91.87494892911602,91.11725652505375,19.27444949758831,2306.1019706700126,2074.1406318690497,33.90699843555495,1370.2100431213682
2023-06-14,2292.1597541124115,2299.0765626352527,2279.592862951903,2294.25439453125,1013564,2209.077490234375,2246.9364449893446,2220.383566687234,65.56781008638593,26.552878302110457,-70090048.9806637,302029023.0,91.20586871606297,89.19704236787459,20.190705574903575,2320.3771495237893,2073.060789929336,32.87676281039742,1370.577696449382
2023-06-15,2294.205604698567,2308.3312867657132,2288.3604948776792,2300.343017578125,2561534,2212.917724609375,2255.152840772234,2226.3064889754487,66.41742519950571,28.846351796785257,-69577729.97823423,304590557.0,94.88231572156482,92.6543777889146,21.23727868128956,2332.8587160553175,2077.4423581634323,31.95490774451432,1371.513644649807
2023-06-16,2302.729859971924,2318.5603666771776,2291.5267321497445,2305.701171875,1794542,2216.74919921875,2262.9295070957364,2232.187576597638,67.18481021774517,30.741930498098554,-69490421.61973901,306385099.0,92.66670106846053,92.9182951686961,22.42245801165082,2344.1769976805613,2083.3428021241266,31.60338822900852,1372.1726332738604
2023-06-19,2317.586040028599,2357.4301101044325,2300.050710595848,2305.2626953125,3111256,2218.8651318359375,2269.4423052829306,2237.6005483542945,67.04978571962154,31.841756928636187,-72036463.66279736,303273843.0,75.64810471992313,87.7323738366495,24.224475294308796,2354.7660546192574,2087.3421485057424,33.44453189183536,1373.3320694257623
2023-06-20,2303.898886392639,2327.961209559621,2293.6699433678045,2320.5087890625,1771306,2220.964501953125,2277.2986874028643,2243.7418995178655,69.35592176724535,33.55678788499881,-71035063.15810528,305045149.0,82.59485155149164,83.6365524466251,25.611253207803724,2365.12706939996,2094.940264584415,33.50501291326257,1373.9861216585628
2023-06-21,2320.5086514458535,2349.734201212174,2320.5086514458535,2332.63720703125,1607299,2222.6157470703124,2285.812305807231,2250.3267371114493,71.08938360455866,35.485568695781694,-71308309.22019838,306652448.0,87.7497408138332,81.99756569508266,27.26440492994485,2373.974189890356,2106.482865773707,33.199336974195276,1374.5915934721706
2023-06-22,2332.783743508098,2361.4246904099846,2318.5605458645887,2353.874755859375,1741775,2224.85150390625,2296.283451969099,2257.996960722407,73.87608771408902,38.286491246692094,-70180114.04974383,308394223.0,95.78805426946798,88.7108822115976,28.98201447194145,2385.9476202284513,2115.1183709824863,33.88968037213818,1375.2539120400293
2023-06-23,2356.5047128449655,2364.346949511714,2321.7263565817025,2327.86376953125,1212955,2226.8203271484376,2301.141962363276,2263.1722798934325,65.54315349499858,37.96968246984352,-71043735.302255,307181268.0,77.06676431589551,86.86818646639888,30.623007864215346,2391.752552161573,2125.9817495962393,34.51331698341483,1375.71145403946
2023-06-26,2336.1928869618646,2341.794450096431,2306.821069736013,2316.17333984375,793572,2229.1349853515626,2303.4544819756566,2267.0982843341967,62.15007387147767,36.35619764145986,-71412887.37959081,306387696.0,66.81190979648592,79.88890946061646,31.410566102712256,2394.4203301245784,2138.218976516047,34.54617865320075,1376.005471794202
2023-06-27,2325.8179817425366,2335.072739445712,2310.328535037741,2326.402587890625,1012317,2232.526123046875,2306.9849598087285,2271.491195708747,63.91060705074135,35.49376409998149,-71109984.32291919,307400013.0,65.9081964532442,69.92895685520854,32.14187018131653,2394.528647333144,2155.378090948106,33.846037635684354,1376.3811960172122
2023-06-28,2338.0439651757433,2370.094556063108,2328.350872137745,2358.940185546875,1734938,2236.517353515625,2314.978071460751,2277.9688986597193,68.87055396574299,37.00917280103158,-70302235.27487147,309134951.0,89.17771380646793,73.96594001873268,33.471142582994865,2395.372113122392,2175.557549963545,34.549318388312834,1377.0437961907153
2023-06-30,2357.5277728385217,2419.38852224978,2352.705604507162,2411.643798828125,2690699,2241.504208984375,2329.849721824962,2287.8707431166386,74.8903044242511,41.978978708323666,-68236545.50576197,311825650.0,94.91690935769023,83.3342732058008,35.37821020303739,2403.1817271679065,2193.8317493945933,36.844575485048914,1378.1139336783524
2023-07-03,2414.2252029226092,2428.0585822603825,2384.804863691428,2390.69873046875,1078456,2245.8159521484376,2339.21110777016,2295.487631068647,69.16596214923379,43.72347670151339,-69021094.93774885,310747194.0,76.79981344328226,86.96481220248013,37.24851369768552,2405.3240977289615,2213.072728442913,37.302371419613586,1378.545006959595
2023-07-04,2394.741445438242,2420.2650440819716,2394.741445438242,2398.29736328125,1441581,2250.6216064453124,2348.3013009257124,2303.103166788099,70.06006846056015,45.19813413761358,-70060997.18769526,312188775.0,79.9541475852111,83.89029012872787,38.985224085573066,2410.7895237391494,2226.4626735264756,36.74979586201415,1379.1224870311546
2023-07-05,2397.46929680723,2420.8009801045087,2390.9910616605794,2407.016357421875,1191896,2255.3347216796874,2357.334386540507,2310.800440168379,71.09577265321911,46.53394637212796,-69971407.90267967,313380671.0,84.9373565288247,80.56377251910601,40.398985810961385,2415.908246097606,2240.131109371144,36.254090332150945,1379.6003090929241
2023-07-06,2404.3858985733063,2435.413545603228,2403.8500492991516,2424.356689453125,1796824,2260.0234716796876,2367.645510065525,2319.212014189471,73.08957111833305,48.43349587605371,-69433457.40032113,315177495.0,92.31558758949258,85.73569723450946,41.91034268204104,2427.2857680927737,2245.616697727539,35.9190479015742,1380.3302706380432
2023-07-07,2418.657800947278,2439.3592321304936,2381.492738452428,2386.1201171875,1837661,2263.3980517578125,2370.4877573150593,2324.168169967103,62.802269808153284,46.31958734795626,-70977215.9053478,313339834.0,63.45708363659187,80.23667591830305,42.15964153702928,2431.158232866822,2252.367719281616,37.48672259989502,1381.0622406043803
2023-07-10,2386.753282571438,2399.758747634174,2357.527732172604,2375.793701171875,1178479,2265.9923095703125,2371.304056369954,2327.9922833896785,60.33252054742776,43.31177298027569,-71136251.70015751,312161355.0,56.36911162209084,70.71392761605843,41.31621432345612,2434.066710755142,2256.8386847526704,37.825600661443254,1381.519788432367
2023-07-11,2384.025379877015,2415.0045090860012,2384.025379877015,2410.66943359375,1219658,2268.1384375,2377.360268250538,2334.116516738128,65.29629230261231,43.243751512409744,-70257940.2544173,313381013.0,78.35355642599552,66.05991722822607,40.86243274990755,2439.5438857740537,2264.474034147821,37.92454403663489,1382.0050110263953
2023-07-12,2416.271124558023,2421.7751747217226,2384.6101117764288,2391.575439453125,1822435,2269.512041015625,2379.5472176663206,2338.372733235535,60.809780975064186,41.17448443078547,-71397268.2749853,311558578.0,63.94714411752052,66.22327072186896,40.583657717447394,2441.745850830202,2272.0675036619855,37.870295387253385,1382.7264064965655
2023-07-13,2402.3403422980937,2420.752344676798,2383.1001874885287,2386.8994140625,1141663,2271.3405859375,2380.6783248041943,2341.9673021856806,59.72745271240827,38.71102261851365,-72308536.16713363,310416915.0,60.419084495939614,67.57326167981854,40.25320518851879,2442.203080883342,2280.87477556197,37.854714087325966,1383.176736180004
2023-07-14,2386.996642319591,2413.104846203577,2385.4378512848593,2408.4287109375,845623,2273.5880322265625,2384.947614978549,2346.8903695006306,62.993353315605454,38.057245477918514,-71748758.99489504,311262538.0,76.66293191772685,67.00972017706233,39.94635641165652,2444.921561180795,2288.9648646004553,37.12701986099679,1383.5118125246718
2023-07-17,2411.107770263756,2429.61728445972,2401.3659206869324,2405.06787109375,878697,2275.36689453125,2388.0430389962726,2351.199814063084,62.146105543909854,36.843224933188594,-72397173.82212767,310383841.0,73.42387369100737,70.16863003489128,40.04994110743508,2446.2248426782344,2297.5982530248903,36.4930444261247,1383.8630714895478
2023-07-18,2405.262623082758,2425.6717500609357,2404.3859517697383,2410.8154296875,720865,2277.4964599609375,2391.5464837179998,2355.6157855908186,63.06110303639468,35.93069812718113,-72682557.33012237,311104706.0,74.28679926011145,74.79120162294855,40.14612689637232,2446.6538553467703,2307.724513793855,35.406812559344175,1384.151508258302
2023-07-19,2410.718301214754,2438.3363033200653,2402.729793927414,2429.763427734375,1431080,2279.83060546875,2397.4260135666727,2361.1082035273785,65.98055397620206,36.31781003929427,-71940591.25914466,312535786.0,88.92625195354779,78.87897496822221,40.52946514874676,2450.5949182571317,2314.708914750681,35.42107661886612,1384.7291913852278
2023-07-20,2429.617510071524,2431.27357708574,2405.3116406879567,2425.428466796875,1045704,2282.2709423828123,2401.7340832943964,2365.872667473267,64.72028222528982,35.86141582112941,-71365750.07275428,311490082.0,82.97628011121955,82.06311044162626,40.885422097380165,2453.592472898142,2320.990486086233,34.74542374593162,1385.1497113136556
2023-07-21,2456.894456485621,2528.0099581999157,2456.0177851613794,2519.48583984375,4610417,2288.9752783203126,2419.8497381481434,2377.2514209821916,75.60715313664019,42.59831716595181,-67847111.20697567,316100499.0,94.99999586185595,88.96750930887443,42.7087724505799,2481.55625150673,2309.587815876083,39.590857150010834,1387.1434973615146
2023-07-24,2569.55885882584,2569.8999186963224,2517.196417343684,2537.995361328125,2155297,2296.4599365234376,2438.0259878681404,2389.158379526335,77.10447642775681,48.86760834180541,-68301272.59274425,318255796.0,84.97705472150695,87.65111023152748,44.76590801974255,2506.536225728038,2305.621000834462,40.52747459305566,1388.1069369951663
2023-07-25,2548.467972093092,2550.172795851182,2487.09431680186,2494.790283203125,2068876,2302.5787890625,2446.758956381215,2396.9829649838753,66.79737039847862,49.77599139733957,-69865317.13756809,316186920.0,64.6330168170073,81.53668913345673,45.38877192419369,2513.650487469672,2316.3684334287655,42.13826062564612,1389.0054136972306
2023-07-26,2524.1132913985,2604.824612389548,2518.2681814994685,2577.93701171875,5820099,2310.743427734375,2466.9401956639126,2410.3869684457177,74.00044770150913,56.553227218194934,-67661090.37646018,322007019.0,89.12739997075158,79.57915716975528,46.53342214285053,2540.883129382206,2314.289233899044,46.98797980855874,1391.651817315791
2023-07-27,2600.0512190506947,2607.260331338246,2578.132054773015,2591.527099609375,2117794,2319.32794921875,2486.1074116555224,2423.804755939322,74.9567560809449,62.302655716200206,-67831090.07282908,324124813.0,93.69996877402636,82.48679518726175,47.61867540453728,2568.5526913863177,2309.8783633011826,45.72621836648283,1392.632493690772
2023-07-28,2591.4783186477766,2599.271799207243,2557.2358085748824,2581.152099609375,1325724,2328.3167578125,2500.7296713407304,2435.460114729696,72.75659252807073,65.2695566110342,-67648278.14737843,322799089.0,88.35286626762041,90.39341167079944,47.82079626654534,2590.2319169440652,2305.1499678215596,45.462630671188386,1393.2388874704343
2023-07-31,2586.460991312788,2620.557463891299,2563.1780666015657,2612.130859375,1284981,2337.8890966796876,2517.868315653695,2448.5468365552747,75.10620330738563,69.32147909842024,-66740715.775297545,324084070.0,96.45131762481519,92.83471755548732,48.2600107527371,2615.56204617445,2301.9630514818,46.31382828679874,1393.8356597908767
2023-08-01,2612.1310123263825,2619.583432348238,2586.802202642093,2597.810302734375,1298745,2346.6577294921876,2530.1670828968763,2459.6033896055783,72.01424610239016,70.56369329129802,-67167210.7052112,322785325.0,90.42052469331759,91.7415695285844,48.66785277562945,2634.0369437651834,2303.4394478363793,45.34721410246633,1394.4396129172626
2023-08-02,2593.2393620081925,2600.071388900892,2558.538271749699,2577.658203125,1479486,2355.3925439453124,2537.4734090858183,2468.348190607017,67.78524387515904,69.12521847880134,-67284522.4822776,321305839.0,81.75428230306464,89.54204154039915,47.961688233376584,2646.5135633321834,2308.0270128396915,45.074778605946804,1395.1139868390794
2023-08-03,2570.629507570981,2597.908654353044,2542.4165280878956,2554.016357421875,1612618,2363.8980712890625,2540.018478060596,2474.693980741451,63.10338907604539,65.32449731914494,-68222951.373303,319693221.0,69.64248460654187,80.60576386764137,46.73960675829603,2654.320536716445,2313.186006252305,45.81887486731834,1395.839501653566
2023-08-04,2560.7993238152967,2590.290294914897,2554.4096134103834,2582.32763671875,1101278,2372.588916015625,2546.5275793926194,2482.666844147177,66.1210824072363,63.860735245442356,-67610465.66627175,320794499.0,82.44950828382484,77.94875839781045,45.604816817149796,2663.107602216693,2324.0196927051816,45.13709362629718,1396.3390615069313
2023-08-07,2583.4089453335787,2608.9677857364222,2578.592182949216,2591.1748046875,1163125,2381.188798828125,2553.3963832841396,2490.7044708538674,67.0286008615945,62.69191243027217,-67809977.72914802,321957624.0,86.51105288475495,79.53434859170723,44.903202674803985,2669.9011113080037,2338.764293965434,44.082701423504986,1396.8739214126383
2023-08-08,2594.2714649771096,2604.5441046141023,2583.703867647575,2587.53759765625,767310,2389.5970849609375,2558.648877802926,2497.8772950614516,66.2429778093354,60.771582741474504,-68294981.97824113,321190314.0,84.65946249565309,84.54000788807762,44.25170382834001,2676.6696085479557,2349.6826131317316,42.42252539086372,1397.2262153630504
2023-08-09,2590.290209773469,2609.950856526968,2570.875321104389,2606.608642578125,906865,2398.6546923828123,2566.027303152957,2505.931468951576,68.33842956818779,60.09583420138097,-67543249.17642803,322097179.0,91.52251820299831,87.56434452780212,43.12555030700605,2682.219634177482,2365.6359078147057,42.183454678843376,1397.6436677166998
2023-08-10,2595.3037821301805,2616.4389774833166,2577.1666434216595,2598.64599609375,1040041,2407.6533935546877,2571.0455636053866,2512.799211702848,66.48280338840681,58.24635190253866,-67445623.77761604,321057138.0,83.58238339542135,86.5881213646909,42.225095803065145,2682.7350593169895,2386.295140878323,41.9755174919015,1398.1227075136305
2023-08-11,2597.2207700100184,2611.818656980212,2586.6039722146966,2593.73095703125,1320121,2416.5118994140626,2574.5356241324425,2518.794155801248,65.30405831606355,55.74146833119448,-68019474.70440213,319737017.0,79.8996895809212,85.00153039311363,41.38895947797716,2682.1548311844513,2405.4055936202362,40.77831515430249,1398.7301841212022
2023-08-14,2592.256233943249,2618.3557901003232,2571.612555174645,2614.767578125,1364413,2425.2699462890623,2580.725155515913,2525.9032981956,67.92529887137539,54.821857320312574,-66864538.137673005,321101430.0,94.33969460835576,85.94058919489943,39.952425487146165,2680.231121495169,2428.2992740126433,41.2043808522579,1399.3595906818032
2023-08-16,2623.7132496036984,2649.2720898021607,2607.0508998585565,2645.38916015625,1703875,2433.9828564453123,2590.6734639221186,2534.7541027852776,71.32169265469575,55.91936113684096,-65474061.54066749,322805305.0,96.36618854122558,90.20185757683419,39.38259839367252,2679.4060251920137,2452.5817433626735,41.277010073068354,1400.165776714864
2023-08-17,2645.389354746101,2645.389354746101,2597.1715681329524,2607.493408203125,1629067,2441.7498291015627,2593.261147657658,2540.142199482896,62.50122633829645,53.118948174761954,-66405669.357295915,321176238.0,60.90172478737875,83.86920264565336,38.432342197416844,2670.6881537920467,2479.072612809516,41.77277982593124,1400.9248392889613
2023-08-18,2605.035528123971,2629.316377311013,2588.0782213842963,2597.1220703125,1898966,2448.5777587890625,2593.855135758403,2544.3629306554594,60.30316919412397,49.492205102943444,-67471719.27567895,319277272.0,51.195783679363934,69.48789900265608,37.168077298884484,2650.667038228146,2516.2630887249793,41.73459240455878,1401.7998565971748
2023-08-21,2597.0241168644384,2621.354167592683,2578.936177576682,2617.077880859375,1376318,2455.321611328125,2597.427865773937,2549.749223263157,62.999523908463544,47.67864251077981,-66372902.89242189,320653590.0,69.8712837906613,60.656264085801325,35.615567416082925,2650.2167871409356,2526.472543913752,41.7834065196618,1402.4337507791415
2023-08-22,2622.7303703440416,2640.080795722812,2616.8321761078855,2633.34716796875,1497180,2461.9485693359375,2602.9539122654464,2555.94166361172,65.08188397359768,47.0122486537266,-65742996.12995673,322150770.0,85.09677776436716,68.72128174479747,34.70723626969085,2653.4054919742116,2532.8190197445388,40.45949316932358,1403.1364609330258
2023-08-23,2643.914664535535,2679.7461451458007,2636.9350389579504,2671.48876953125,1990672,2469.7874609375,2613.4977364601855,2564.500708494648,69.4261265083376,48.997027965537654,-64520242.91987269,324141442.0,93.98718514516138,82.98508223339661,34.78693871217876,2653.115376237018,2550.7789841145445,40.88374202701838,1404.094369417593
2023-08-24,2700.8813963683565,2719.8539688265487,2635.1166277936177,2642.538330078125,2619182,2476.7658056640626,2617.9655200937145,2570.281273056387,63.01749481975545,47.68424703732762,-66680623.904972166,321522260.0,53.26788964546971,77.45061751833275,35.56853699217108,2658.0041486816867,2552.3503435058133,44.016141956012135,1405.355610384983
2023-08-25,2632.0200312859306,2637.180951346529,2586.3582246541696,2593.632568359375,1408427,2482.753369140625,2614.221989057662,2572.0109986343864,53.95650328042055,42.21099042327569,-67685869.77918532,320113833.0,15.275509345089153,54.17686137857341,34.54438486236226,2658.008489641224,2552.5565494212756,44.88499648943666,1406.0004880474353
2023-08-28,2608.5254127182684,2654.1872151421076,2605.0847996616026,2649.6162109375,1551734,2489.7388330078124,2619.6672539622523,2577.759532879061,60.889130797775685,41.90772108319106,-66423041.42950913,321665567.0,52.85380894311792,40.46573597789226,33.9275674033239,2663.5673180772455,2553.844132118067,46.00425722467208,1406.728264891704
2023-08-29,2664.017582579011,2675.9123696296283,2650.550087817997,2672.815673828125,1101830,2497.081123046875,2627.8439339416173,2584.800728504918,63.351680977806716,43.04320543669928,-65590274.94361342,322767397.0,68.42614984252738,45.51848937691148,33.754583297396934,2673.324368987731,2550.1555626528943,44.59653590091896,1407.257160629063
2023-08-30,2676.7479214154737,2691.1984491335065,2661.0686032452586,2663.03466796875,1920079,2504.2365625,2633.2578930227146,2590.5958351318686,61.59094294074916,42.66205789084597,-67259771.8727845,320847318.0,61.67110157811895,60.98368678792142,33.8588346062556,2680.097410748764,2549.904957415298,43.56320090001389,1408.1816732933182
2023-08-31,2673.848060826761,2678.3701057524145,2632.9048583946064,2656.841552734375,2439625,2510.9632177734375,2636.8861483629703,2595.5029253246466,60.44540307757982,41.38322303832365,-67130553.13730094,318407693.0,57.49337884746725,62.53021008937119,33.018765022195566,2684.122014694547,2553.798688430453,43.699061361284905,1409.3398002519486
2023-09-01,2664.0178131123052,2669.8668079126833,2642.686057958969,2656.251953125,1263430,2517.4355126953124,2639.865502941744,2600.002853309858,60.330359606402624,39.86264963188614,-67132828.90433788,317144263.0,57.09564949852871,58.75337664137163,32.23870040842554,2683.872711664894,2564.2715510304183,42.51918197502987,1409.9388353331835
2023-09-04,2686.627433729209,2695.4747249489537,2659.102527712225,2665.09912109375,1548282,2523.66,2643.7475980420527,2604.8247990716277,61.51403560568465,38.92279897042499,-68170588.12599118,318692545.0,61.14412009501996,58.577716147005304,32.030729945607746,2687.335323376441,2569.086087756372,42.283724107095864,1410.6821212236694
2023-09-05,2674.3394206427047,2692.525518522466,2673.8479044837923,2686.578125,1066447,2530.834287109375,2650.3369098817366,2610.8806009922478,64.29917762853641,39.45630888948881,-67783304.95994988,319758992.0,76.38634303631255,64.87537087662041,31.83761451584837,2694.720016663585,2571.241726500478,41.22248648721159,1411.1980767154198
2023-09-06,2693.508612317878,2696.2611508702375,2665.983706790542,2684.12060546875,1747425,2538.193232421875,2655.534401510508,2616.305786509026,63.73089742044932,39.22861500148201,-67437232.89399236,318011567.0,74.64240459571319,70.72428924234856,31.362741589367626,2699.6846978005115,2575.935346144801,40.4406977438176,1412.0411354122634
2023-09-07,2686.6272611356144,2807.491033756782,2683.6781642518213,2798.10302734375,4100519,2547.6272412109374,2677.4680362540835,2629.7722487930796,74.83848036665741,47.695787461003874,-63958550.6840236,322112086.0,95.8924493795772,82.30706567053431,32.672646652425065,2739.0681029173547,2555.7013795045204,46.395852869613556,1414.1409183319083
2023-09-08,2838.997363557318,2879.0067313114264,2823.711162855713,2852.36669921875,3638510,2557.495771484375,2704.375522864032,2646.2607266023883,78.25305759897448,58.11479626164373,-63825928.257895134,325750596.0,90.89691849209515,87.14392415579518,34.5533556170632,2785.3325998748746,2534.8089528595006,48.86069937661805,1416.1206826240411
2023-09-11,2855.7088378789645,2876.352516225077,2841.0125529607603,2845.092041015625,1545803,2566.164736328125,2726.024217964277,2660.98897211448,76.74935175422473,65.03524584979687,-65014850.02253509,324204793.0,88.4111179369449,91.73349526953909,36.299728227084316,2817.6391058474183,2527.6385552853944,47.89493251145368,1416.9615632361017
2023-09-12,2901.5184948693486,2957.9444579889237,2882.6932806243726,2894.145751953125,7788759,2576.2336767578126,2751.8890693471767,2678.2598446951206,79.5965006994574,73.62922465205611,-70432867.66650464,331993552.0,82.83071322011982,87.37958321638662,38.49702225846754,2858.03645640891,2515.1790221067154,52.5347528301569,1421.3522945484594
2023-09-13,2893.5556370174218,2893.752195482007,2839.439659743868,2857.42919921875,2458417,2585.4163134765627,2768.126012404342,2691.531648733908,72.44558347298408,76.59436367043418,-71262718.10940446,329535135.0,72.94968172848814,81.39717096185096,39.333288386999534,2882.7748113788475,2511.6446710430273,52.689848500092616,1422.688302327483
2023-09-14,2875.2712810689263,2881.9067495619383,2856.6920652877484,2869.078369140625,1910041,2594.6575537109375,2783.657144209924,2704.6832576529237,73.26621095485578,78.97388655700024,-71296205.91205436,331445176.0,74.81545800119085,76.86528431659961,40.109821220636384,2905.3481836582496,2515.229794857375,50.727336769671,1423.7286809987781
2023-09-15,2883.233822929619,2885.1506879728545,2850.7937560504242,2859.19873046875,1655275,2603.35439453125,2795.278926711282,2716.1288482318737,71.32606732781468,79.15007847940842,-72141598.1168324,329789901.0,69.62040082395546,72.46184685121149,40.6623641885822,2921.470381466428,2525.315263064822,49.55802213772523,1424.6264792400013
2023-09-18,2860.624164172598,2880.284811349042,2857.675067096131,2870.30712890625,736631,2613.038134765625,2806.8217270489695,2727.549461615161,72.21691944847274,79.27226543380857,-72055117.78756101,330526532.0,73.0379531626134,72.49127066258657,41.17543980167475,2937.671888770835,2534.4366805651025,47.63314514595277,1425.0268704893892
2023-09-20,2877.2863747995616,2894.980956398286,2837.080449277266,2840.96337890625,1399240,2622.3415283203126,2812.0742888731666,2735.950492525612,66.3525065638762,76.12379634755462,-73266685.8404845,329127292.0,64.01020699364692,68.88952032673859,41.02033030488895,2947.2087155447703,2545.6614748849174,48.36652814417185,1425.7806273371568
2023-09-21,2836.097375315198,2855.8072208617195,2797.7591157476663,2850.15478515625,2444711,2631.1312353515623,2817.9328267628716,2744.4100697575113,67.24963124736601,73.52275700536029,-71298082.43155241,331572003.0,65.80910363611824,67.61908793079284,39.7890957470052,2957.8998642636357,2552.8369277285515,49.058069356306234,1427.0744514598116
2023-09-22,2859.3462152141647,2886.625363563662,2853.0057044082337,2868.97998046875,1965569,2640.679326171875,2825.7862350253145,2753.6374705509365,69.06866582361077,72.14876447437791,-71395783.4869767,333537572.0,70.23025602939951,66.68318888638822,39.10638986662103,2968.0400032197,2565.3409538115498,48.15896285995666,1428.138772849385
2023-09-25,2868.439267018743,2874.190102404505,2822.285945070252,2853.25146484375,1049532,2650.0063671875,2830.0116549973814,2761.0162849429967,65.78121271857074,68.9953700543847,-71193034.14505531,332488040.0,64.14141533906495,66.72692500152756,37.6979606061404,2967.757478648921,2591.585368030767,48.42647675097782,1428.698703223971
2023-09-26,2865.539240582725,2894.047178139123,2860.6240789350704,2863.130859375,953456,2659.10041015625,2835.106917209323,2768.580327493515,66.84856576981439,66.52658971580786,-72003469.0064983,333441496.0,67.52522446090721,67.29896527645722,36.70556941993173,2971.8153430255275,2608.8789684979097,47.881422218434615,1429.215109959176
2023-09-27,2872.4206420090172,2944.0836072015663,2862.246160778825,2914.740234375,2903693,2669.293857421875,2847.3581967732734,2779.406987262514,71.79752289259181,67.95120951075933,-71182053.74113725,336345189.0,84.24734478844235,71.97132819613817,36.488442951247954,2983.2123684383423,2621.6743991397825,50.30685251874224,1430.82297475901
2023-09-28,2938.283810069949,2998.7403019800536,2927.7162118905408,2958.927490234375,4081102,2680.2560986328126,2864.5227034595964,2792.704802297467,75.20980153610127,71.8179011621296,-71676304.8484037,340426291.0,80.19077681249007,77.32111535394654,36.91287872174974,2998.3799507315457,2636.0960990731414,52.71351073919305,1433.1605293089788
2023-09-29,2988.418393016862,3006.4571329344913,2954.258018294054,2972.24755859375,2698016,2691.10578125,2881.09575809562,2806.004265726821,76.14671511467319,75.09149236879921,-72514669.8602383,343124307.0,83.60809805388946,82.68207321827396,37.387983220952655,3010.428090886878,2655.5885595037466,52.67676816071048,1434.7179633187209
2023-10-03,2988.909937748808,3025.232936024404,2944.2803638997502,3021.104248046875,3254492,2703.019296875,2902.6355257804285,2821.9375977505283,79.24514391758464,80.69792802990014,-69592144.63141571,346378799.0,98.18498323345251,87.32795269994402,38.02696744101115,3027.245410059467,2675.2564698233455,54.69646844384928,1436.615797480281
2023-10-04,3012.1095429008956,3012.1095429008956,2939.315948821484,2976.376220703125,3100946,2712.1571044921875,2913.9802480762282,2833.3774957470173,70.24867918887499,80.60275232921094,-69535617.68881263,343277853.0,78.52204914752768,86.77171014495656,38.47627106871896,3028.697117705453,2704.9324721382973,56.63159921395938,1438.3955974736994
2023-10-05,2981.0947801948587,3062.047349653723,2981.0947801948587,3043.517333984375,3413447,2722.2675439453124,2933.9090305236355,2848.943409690525,74.86208764720327,84.96562083311028,-67684844.40798666,346691300.0,92.98870956323597,89.89858064807204,39.410106428595476,3041.758975161974,2727.564535580214,58.70585133800499,1440.4173154576486
2023-10-06,3062.0967138048354,3062.0967138048354,3021.00591165396,3041.207275390625,1898118,2733.1958837890625,2950.4164528108645,2863.185177520162,74.43441783732223,87.23127529070234,-67716628.8186681,344793182.0,92.09743957433834,87.86939942836733,40.277717733409126,3044.8620651871083,2760.170112547267,57.4476335389243,1441.5481762239153
2023-10-09,3022.8244987224443,3032.6548222955257,3003.7045673724283,3022.529541015625,1181760,2742.087734375,2961.5107740731355,2874.9884637050113,70.90727275526656,86.52231036812418,-67361504.19283807,343611422.0,85.03157587871661,90.03924167209698,40.54645213383935,3056.7721398102785,2770.7026892912836,56.022996001729474,1442.2418529413947
2023-10-10,3021.694193558358,3046.417362049435,3020.0228465048326,3023.8076171875,1551789,2750.7333447265623,2971.094903783038,2886.012104703714,71.00850929701954,85.08279907932365,-68468263.95917314,345163211.0,85.5150773485297,87.54803093386154,40.95889558673263,3070.0755922526364,2774.5433286458015,53.906675969077526,1443.157835957714
2023-10-11,3037.5699822508573,3057.2306293851666,3032.064905053997,3036.2919921875,2066921,2759.836142578125,2981.1252250760317,2897.1439482210317,72.03228450791084,83.98127685500003,-69840823.44983675,347230132.0,90.23796773255292,86.92820698659973,41.469693596314805,3083.114798532275,2780.6241174833503,52.443557128262455,1444.3852931578042
2023-10-12,3041.502107289892,3052.364662815554,3015.009433314256,3029.4599609375,1870280,2768.182724609375,2988.561338285488,2906.945134348178,70.56375237984602,81.61620393731027,-70264102.1510086,345359852.0,86.39062247306458,87.38122251804907,41.37707535557369,3094.5589297365223,2782.7114071775404,51.365819440622126,1445.4876962140552
2023-10-13,3015.69764799326,3046.4174105227326,3011.5197602892517,3037.177001953125,1437808,2776.97005859375,2996.0406711574324,2916.5919393559516,71.2760893399898,79.44873180148079,-69587716.95602623,346797660.0,89.60859348260087,88.74572789607278,41.1742257462929,3104.5057740995335,2790.7393430879665,50.189521640112034,1446.3338404362144
2023-10-16,3046.3679249546717,3060.4253349682836,3022.5293914694134,3049.267822265625,818794,2786.4022509765623,3004.229463635616,2926.419782534446,72.40291289587262,77.8096811011701,-69251069.7829621,347616454.0,93.63243968715493,89.87721854760679,41.196710760826086,3115.1254850683663,2798.138577431634,49.31140891573761,1446.8190505375844
2023-10-17,3057.1322843100943,3061.3593715184847,3011.0281619626157,3014.272216796875,1847182,2795.6073681640623,3005.774502583502,2932.927370257589,64.51413616771951,72.84713232591321,-70860134.72796842,345769272.0,76.06987006849258,86.43696774608277,40.80590205103029,3118.1567224044456,2810.6146887283667,49.384251818604135,1447.9021946676269
2023-10-18,3016.5820428973298,3026.9038822919865,2985.6165247133586,2993.92333984375,1350839,2803.8392822265623,3003.951246777386,2937.445590226934,60.3935784109529,66.50565655045193,-71667409.28102832,344418433.0,49.26840353330046,72.99023776298266,39.58636219975714,3118.5430500428183,2822.589982183744,48.805902230034405,1448.6799758469108
2023-10-19,2974.262834354896,3017.810976342754,2956.1256951318155,3002.573974609375,1599104,2812.067265625,3003.739358751538,2942.269914996004,61.51880977683882,61.46944375553403,-70858300.88262194,346017537.0,51.52112042669586,58.953131342829636,37.57497179039837,3114.593269062081,2842.700822734794,49.72585787152757,1449.5937893235703
2023-10-20,2988.369343638926,3004.3928200119526,2926.782458804239,2961.23779296875,1667471,2819.54126953125,2997.2006563234168,2943.674942993985,53.67203244036035,53.52571332943171,-71045215.17290981,344350066.0,25.46319614615557,42.084240035383964,34.94076574545566,3107.150557611514,2861.2518349666107,51.71760810982658,1450.528224300651
2023-10-23,2952.0459878633646,2955.879717822381,2898.9622438258616,2908.1044921875,1614030,2825.5711865234375,2983.49355414866,2941.040094786097,45.61756820588978,42.45345936256308,-72140744.8921687,342736036.0,5.604118101353274,27.529478224734902,33.039196210779764,3102.7944405930234,2869.520403156977,52.47174675504528,1451.4058567466677
2023-10-25,2908.7925954254843,2915.182305418815,2860.9189700904612,2866.62060546875,2108353,2830.9306787109376,2965.513100505597,2935.5275400218493,40.50651060223984,29.985560483747577,-73806034.08188204,340627683.0,2.834128305158725,11.300480850889189,32.03626311876335,3100.5246836873375,2873.127074125163,52.59971736742445,1452.5194820966315
2023-10-26,2856.6920731088903,2866.669755685704,2808.572686497823,2815.99462890625,3286109,2835.3759521484376,2942.5102587210818,2926.6732503095823,35.307462771632174,15.837008411499482,-76252537.50154059,337341574.0,2.9275104562138243,3.788585620908608,31.956638441912936,3109.6959478452954,2859.24218692033,52.992385354599925,1454.19050191697
2023-10-27,2816.0436642510904,2861.164995339321,2809.1624374618655,2852.66162109375,2399538,2840.1338330078124,2928.6873913937998,2921.1909074047057,41.19458256236142,7.496483989094031,-74637736.65537643,339741112.0,17.44116174169676,7.734266834356437,31.88270124198041,3116.070194519184,2846.660078918316,52.92168339194677,1455.417497672839
2023-10-30,2850.0075472526282,2882.2510586643284,2807.687953524656,2876.697021484375,1693052,2844.759990234375,2920.6888729461957,2917.8950640032,44.74424430470043,2.793808942995838,-73196907.88931982,341434164.0,27.20411645327645,15.857596217062346,31.212340737172127,3119.268497608568,2835.2387289539324,54.467499231070015,1456.291005343872
2023-10-31,2880.235463156178,2901.469057010668,2858.608752377691,2879.350830078125,1556467,2850.197138671875,2914.3291740434156,2915.039935564306,45.13801560812156,-0.7107615208901734,-73246882.58934109,342990631.0,28.25027632999325,24.298518174988818,30.070104903010474,3120.9122098025496,2824.3053439083883,53.63841390263481,1457.1069914453278
2023-11-01,2897.438624551836,2932.532831114658,2822.335049722768,2846.173583984375,3875595,2855.1781689453123,2903.843698649717,2909.9387243361625,41.18639084507909,-6.095025686445297,-75445701.46872108,339115036.0,15.171449256713297,23.541947346661,29.661871234349526,3120.1143166166744,2807.610170688013,57.67836872329591,1459.1164964258246
2023-11-02,2885.200065458901,2888.001803770443,2853.939587448508,2868.5869140625,1451606,2860.208349609375,2898.4195779439915,2906.875627278854,44.70803900998941,-8.456049334862655,-75648877.41966768,340566642.0,24.007024922029398,22.47625016957865,29.282797113450076,3119.9741180074957,2796.9714386331293,56.54621522777963,1459.8693709795932
2023-11-03,2884.217014075247,2898.028667067294,2855.709074944987,2861.85302734375,1136175,2864.778466796875,2892.7939547747233,2903.540619876254,43.85834131628602,-10.746665101530652,-76455152.96806191,339430467.0,21.352454386647352,20.17697618846335,28.634252657083724,3111.1709694718998,2787.608156504663,55.530027863103,1460.4587915973052
2023-11-06,2883.233946858254,2928.453435966839,2877.581510719681,2924.963623046875,1235499,2869.8479638671874,2897.7431345089008,2905.1275090000036,52.8942860410077,-7.38437449110279,-75389164.37490635,340665966.0,46.231329666423804,30.53026965836685,27.187483676225458,3100.0105113343266,2787.1442494078606,56.32076934595916,1461.1166353586293
2023-11-07,2919.6060442797034,2932.975380077677,2905.941990778791,2911.0537109375,1112206,2875.218271484375,2899.790915497916,2905.5664869212997,50.94793271169526,-5.775571423383553,-76080758.23722878,339553760.0,47.15248476425877,38.24542293910998,25.724062776388145,3090.6860205240123,2785.3211572103623,54.22881362831107,1461.7109031961365
2023-11-08,2924.226224553206,2951.8003294140635,2910.75872962952,2945.607177734375,1013438,2882.257763671875,2906.839571226602,2908.5324640185645,55.343818791158874,-1.6928927919625494,-75373174.55503848,340567198.0,65.63736917544465,53.007061202042415,23.90329379852196,3081.707483944612,2786.4796498444507,53.28686978232768,1462.259189446072
2023-11-09,2952.0462809446426,2977.310165485899,2946.148086577121,2973.525634765625,1719911,2888.7359521484377,2917.098965617221,2913.346772962791,58.57413590559736,3.7521926544300186,-74071018.48305154,342287109.0,84.3078690438393,65.69924099451424,22.82977697778059,3072.2795085101707,2789.630989536704,51.745163922984545,1463.2074295370107
2023-11-10,2969.790011978774,2992.350557042261,2954.258052414998,2981.782958984375,947753,2894.9152978515626,2927.050349212168,2918.416120075501,59.507121284202896,8.634229136666818,-73649115.53466444,343234862.0,94.2773480625825,81.40752876062216,22.172226923797677,3064.681174182525,2792.461623669037,50.769973973290135,1463.7330814948975
2023-11-13,2998.24847421119,3002.5247606572625,2980.209735752345,2996.77392578125,531769,2901.5900830078126,2937.7770532997192,2924.2204019796304,61.21494357458471,13.556651320088804,-73391432.3332878,343766631.0,97.04838374193923,91.87786694945368,21.787358285358028,3057.2448882943036,2795.8576019400716,48.737477611263536,1464.0311774258003
2023-11-15,3010.389328150513,3018.9416619229605,3003.163944102434,3012.945068359375,1160184,2908.7121533203126,2949.341363308897,2930.792599489241,63.02649391771105,18.54876381965596,-73113144.17983714,344926815.0,97.16142565777858,96.16238582076677,21.785267679252538,3049.4288996485484,2800.0413151952016,46.8396389348669,1464.6890128646294
2023-11-16,3006.0638185745934,3029.8041945516875,2993.3335972525724,2999.379150390625,1597607,2915.574697265625,2957.0394843983936,2935.8730847411957,60.47465902145535,21.16639965719787,-74181096.13015364,343329208.0,86.30219743482883,93.50400227818221,22.011635419554075,3046.6986104103303,2801.282297792795,46.09899310374176,1465.5915126731945
2023-11-17,2998.248650276918,3062.5880692152014,2993.480847407553,3056.24755859375,1325050,2923.397666015625,2972.302265043833,2944.7897124339775,66.58276430477197,27.512552609855447,-73099189.85317405,344654258.0,97.51255090478307,93.65872466579681,22.85014971225994,3059.540479370428,2794.6728507076973,47.74243801116366,1466.3537580836198
2023-11-20,3042.5835326847646,3059.147483838917,3024.004077208596,3036.390380859375,1231164,2930.3939111328127,2982.1619751693006,2951.574947132155,62.92603835315407,30.5870280371455,-73462505.65004905,343423094.0,89.09579225635855,90.9701801986568,23.628770126915388,3065.825959877774,2791.769010825351,46.842507198246345,1467.0624172888247
2023-11-21,3036.0952970188937,3046.4171362996767,3010.4872572798026,3022.677001953125,1884782,2937.1650390625,2988.3950562129658,2956.8417660077826,60.45666687165338,31.553290205183202,-74068407.12099601,341538312.0,83.38790191008054,89.99874835707404,23.84472689999311,3074.3168153194333,2789.422076282129,46.06303375693404,1468.1368863207872
2023-11-22,3022.677189239935,3036.2428439938585,3010.5366434296247,3030.000732421875,1104208,2941.8029931640626,2994.795929475875,2962.2609487051227,61.329455118533986,32.5349807707521,-73500458.03000544,342642520.0,84.38170432998172,85.62179949880694,24.04525818927957,3086.138686873943,2789.789828751057,44.60897424316973,1468.7653045526572
2023-11-23,3027.739669684493,3035.6039285667907,2979.620283648063,2993.972412109375,1514688,2944.635107421875,2994.669234496413,2964.6099459943266,54.90887185255525,30.059288502086474,-74238526.47311997,341127832.0,66.83295114234542,78.20085246080257,23.11500474087822,3090.6290659059696,2798.034630383093,45.42145071999531,1469.614045556758
2023-11-24,2998.248626241866,3014.9601759619027,2988.025185941801,3002.426513671875,915121,2947.781796875,2995.862662061869,2967.4111732297006,56.071028161108096,28.451488832168252,-74175072.21292217,342042953.0,67.4813930746228,72.89868284898331,22.251197967362685,3089.4334744654016,2817.8734103002234,44.10098924143149,1470.1259485231296
2023-11-28,3002.180908843494,3007.243429635509,2983.5032934970545,2998.248779296875,1210508,2949.863857421875,2996.2297570211003,2969.6954403457876,55.31235686490477,26.534316675312766,-73881837.48621926,340832445.0,58.92697055646716,64.41377159114514,21.286483534618846,3089.704459160329,2832.1611414256085,42.64664259121885,1470.8001433621298
2023-11-29,2998.2486834021583,3037.4715783759366,2997.2656510469446,3031.426025390625,1801107,2953.3437939453124,3001.644567539489,2974.268076275035,59.947172923235414,27.37649126445376,-72622376.38393065,342633552.0,79.47561129514708,68.62799164207901,21.229111282920396,3094.833647810146,2842.5048531664165,42.47230578677407,1471.8190673482366
2023-11-30,3024.1024239342632,3071.5337341572085,3006.8009588174195,3056.444091796875,3131624,2957.0911083984374,3010.075263579087,2980.355188535912,63.05857929392306,29.720075043174802,-70950757.33255182,345765176.0,87.96541498045436,75.45599894402285,21.942710554395315,3102.220198308625,2852.827628839812,44.062339326275136,1473.6136005715575
2023-12-01,3076.8419493120086,3143.6881467966937,3068.093057699292,3136.511962890625,2112908,2962.637373046875,3029.5270634731696,2991.9223570066315,70.86040574001737,37.60470646653812,-69239002.80867425,347878084.0,96.21169807812645,87.88424145124263,23.762233651305028,3119.7555843390464,2864.326080700016,47.1467475886711,1474.8767979216464
2023-12-04,3229.2612825931287,3290.7500043298023,3194.8551502062915,3257.326904296875,3095974,2970.3777685546875,3064.573192830663,3011.5819531022053,78.3056172380516,52.99123972845791,-68301164.39680634,350974058.0,89.25750328201,91.14487211353027,26.73163308212018,3172.185753465067,2850.7699105974325,54.796125720850114,1476.8722868570553
2023-12-05,3262.733592562646,3268.582587087281,3223.4122982818967,3259.194580078125,1659309,2978.742392578125,3094.514944714888,3029.9236291744955,78.3975061169317,64.59131554039232,-67331583.3101908,352633367.0,89.8577917331286,91.77566436442169,29.488932553591393,3210.3517082352687,2852.338111100669,54.10856594117398,1477.9415947359876
2023-12-06,3273.4977586317705,3343.2930561881835,3264.650467392225,3334.74072265625,2057233,2988.434111328125,3131.4727567058667,3052.502673136107,81.76244878523335,78.97008356975948,-65721795.976420045,354690600.0,97.64834373709128,92.2545462507433,32.46328441129208,3267.49708897319,2836.170440323685,56.25070238180859,1479.313227269645
2023-12-07,3334.7405680156485,3352.041792749576,3280.4280326470534,3298.663330078125,2128823,2997.0277783203123,3157.1943833785217,3070.7367958725526,75.69833118005336,86.45758750596906,-66766477.589973316,352561777.0,85.66719124246359,91.05777557089448,35.26776519334701,3301.929263451666,2840.499227759272,57.34806364757387,1480.727461978071
2023-12-08,3319.7003834549623,3371.8011001630207,3308.887027157063,3321.125732421875,2428891,3006.385263671875,3182.414590923653,3089.2841245058357,76.84960309313593,93.13046641781739,-68250381.89147934,354990668.0,87.07857049422688,90.13136849126057,37.96850857724998,3337.285544827763,2842.6948018519247,58.47589982166829,1482.3591177092367
2023-12-11,3320.633930475794,3347.2250023561032,3302.988548580472,3328.350830078125,1534238,3015.6896630859374,3204.866320024341,3106.9927693630425,77.22337223089824,97.8735506612984,-68025356.98863645,356524906.0,88.92085786576497,87.2222065341518,40.28915231021995,3369.5450201366657,2845.9178460742714,57.45879653266564,1483.3839850878544
2023-12-12,3317.734206714598,3317.734206714598,3275.46381534016,3285.687255859375,1888423,3023.108603515625,3217.300310152808,3120.2293979924007,70.03308178804605,97.07091216040726,-69000318.83590662,354636483.0,78.0423109246188,84.68057976153689,41.58309390547941,3388.9789501028913,2856.8743457955466,57.13224069018701,1484.6211676879093
2023-12-13,3296.0583625004438,3352.1404076425965,3289.422893951591,3342.113525390625,1509107,3030.77232421875,3236.5023432663183,3136.665259281158,73.54193025874261,99.83708398516046,-67973744.9372402,356145590.0,92.43013081664503,86.46443320234295,43.042846153400504,3415.9052683751183,2864.4819874842565,57.798020053975186,1485.627703664841
2023-12-14,3367.819563512354,3381.6312157507286,3342.4083217765915,3374.848388671875,2425646,3038.8243408203125,3257.7863502517885,3154.3084540508407,75.34549870647899,103.47789620094773,-66387034.34997959,358571236.0,98.29631967522944,89.58958713883108,44.59981657243601,3445.4843731414926,2871.0932147491326,56.49228221869864,1487.2769239071372
2023-12-15,3376.8632975183427,3439.531606423848,3374.602515234757,3428.816650390625,2632935,3046.9785888671877,3284.0987041193016,3174.642394520454,78.00724517630906,109.45630959884738,-64623102.20360568,361204171.0,97.65037482772625,96.12560843986692,46.38642455849481,3480.133344642371,2879.3879932482537,57.09491143086954,1489.109477605332
2023-12-18,3436.6809590595285,3446.5112821689663,3407.1899897312146,3432.355712890625,1767429,3056.0981787109376,3306.907474699505,3193.7322699552815,78.17365766405112,113.17520474422372,-64128213.45358125,362971600.0,96.84903573953812,97.59857674749794,48.082998833605245,3512.443320861656,2884.6888324586566,55.8253672170754,1490.3468417077806
2023-12-19,3429.750731011291,3465.189095863652,3417.0697094682364,3439.5810546875,1311700,3064.019453125,3327.3187946976586,3211.9432910465566,78.53082884191043,115.37550365110201,-64212627.166866615,364283300.0,94.41345900852382,96.30428985859606,49.759760160357686,3540.052157493125,2897.39906321,55.27494001552826,1491.2697777108112
2023-12-20,3445.528392158476,3454.9655987325427,3354.6470992579452,3360.49609375,1876048,3070.4052294921876,3332.422994551865,3222.947202357923,65.8322692739761,109.4757921939422,-65869912.037906356,362407252.0,73.63534458877706,88.29927977894634,49.526824952219776,3549.3717165034273,2921.861413379385,58.49233711974749,1492.554072661477
2023-12-21,3332.528790453094,3381.582007605103,3276.446748159293,3366.050048828125,2292802,3077.2756396484374,3337.5963875174434,3233.5474132075674,66.24507392541528,104.04897430987603,-64254555.57493152,364700054.0,63.327192671103774,77.12533208946822,47.58789173722656,3556.162357154845,2948.6757043685925,61.823974428751974,1494.0811048728601
2023-12-22,3365.9029498269756,3436.6812828840852,3350.764346811241,3418.9375,1681707,3085.1782373046876,3350.1104048224524,3247.280012229229,69.9661946967118,102.83039259322322,-63267469.3388132,366381761.0,80.87012636189286,72.61088787392457,46.40309312373595,3561.1404217273534,2986.194148585146,63.54490026047285,1495.2363302018086
2023-12-26,3418.937487352161,3448.821816309053,3418.937487352161,3430.832275390625,1072263,3093.06904296875,3362.5291541406327,3260.8764761671105,70.74726718421374,101.65267797352226,-63486151.77992659,367454024.0,82.86772940709425,75.6883494800303,45.42945156248982,3561.6046362818297,3028.570510202545,61.14057373878848,1495.9840371000473
2023-12-27,3450.4435988312116,3488.781861040447,3444.692763500572,3483.86669921875,1389266,3102.157177734375,3381.196468768035,3277.3942704672318,73.99462664898509,103.80219830080341,-62406643.41092395,368843290.0,97.69585277909268,87.14456951602659,44.925891614185765,3560.5695368405986,3078.167401635964,60.91264601814802,1496.9717183328992
2023-12-28,3484.849606864931,3499.5458921862173,3441.1046682174024,3458.35693359375,3371121,3110.5807763671874,3393.067309510453,3290.7989121803075,69.9710208288529,102.26839733014549,-63787406.572463445,365472169.0,81.61880719234682,87.39412979284458,44.56228426049045,3549.6088715703017,3131.821157726573,60.73611587176708,1499.356874091459
2023-12-29,3471.0872809658385,3479.934572251223,3435.6981158243007,3466.172119140625,968577,3118.9188623046875,3404.3142032997102,3303.7895201032943,70.50025875551226,100.52468319641594,-63421499.70579678,366440746.0,85.10645138811353,88.14037045318435,44.098618633016294,3531.330127271307,3191.072704759943,59.55756876856389,1500.0391047428327
2024-01-01,3477.968451638937,3477.968451638937,3436.730292587616,3465.63134765625,777080,3127.946044921875,3413.7476101237935,3315.7778036257355,70.40779100723199,97.969806498058,-63109373.37896805,365663666.0,84.86512397273684,83.86346085106572,43.66807197893315,3518.882860132219,3236.431910375594,58.24903950304654,1500.585971617821
2024-01-02,3465.2382880568675,3465.6314050038186,3373.7670784461066,3379.763671875,1511464,3135.6628515625,3408.519311931672,3320.5174975701257,57.50931562516787,88.00181436154617,-64423510.83383271,364152202.0,46.3098700653188,72.09381514205639,41.832280252358096,3513.778183218076,3253.780264047549,60.65013143552265,1501.619646430535
2024-01-03,3374.7502018567843,3407.042911934397,3353.7134046664887,3381.9755859375,1283859,3143.2508837890623,3404.4356617787225,3325.0699485603013,57.72416450061284,79.3657132184212,-64346597.621851146,365436061.0,47.30131898913585,59.49210434239716,39.72680677441933,3506.7316365137576,3273.104911337805,60.12722970926449,1502.4850522390282
2024-01-04,3382.6634911645956,3421.0509521502554,3364.919709377571,3400.013916015625,1651616,3152.02640625,3403.7553931997845,3330.621353556992,59.521687758048714,73.13403964279269,-63932976.8543188,367087677.0,55.3866615648779,49.66595020644419,37.987996669677095,3507.2618518371355,3279.102015350364,59.841802070937334,1503.6057150248773
2024-01-05,3406.157716000353,3494.67982251401,3401.291754120527,3462.141357421875,2069018,3163.1071435546874,3412.737849233952,3340.363576065502,65.03582341190219,72.37427316845015,-63305741.96700382,369156695.0,83.23412000190005,61.97403351863793,37.36198515333084,3510.4947566937826,3292.2169132280924,62.32923810146932,1505.0502475796727
2024-01-08,3479.9346884970446,3499.546136835132,3430.783068603019,3441.69482421875,1993855,3174.6086279296874,3417.1927684623824,3347.869594447224,62.04045055494293,69.32317401515866,-64666802.09462368,367162840.0,74.06926439388889,70.89668198688894,36.83886708064464,3511.326620283854,3303.441958817709,62.788797396515314,1506.4435883233007
2024-01-09,3467.5975902807595,3532.7726863797207,3460.3724461419374,3495.614013671875,1807271,3188.201015625,3429.257575417689,3358.8136255009017,66.43123365818023,70.44394991678746,-64714657.30312304,368970111.0,85.5033505521041,80.93557831596434,36.742990723655744,3519.8237557980137,3311.671141662924,64.80944487969069,1507.7299796553934
2024-01-10,3489.715510244733,3498.562801058463,3460.2737404808913,3485.341064453125,1534821,3200.8546044921877,3437.8858045000643,3368.1860283862516,64.89115497712251,69.69977611381273,-64239825.69394284,367435290.0,81.4955824385565,80.35606579484983,36.65154761740404,3515.2778067785553,3336.1824715417574,62.9151317152536,1508.812984983197
2024-01-11,3485.3412734209137,3499.152926241177,3441.154016318223,3445.381103515625,1105348,3212.2282861328126,3439.0389274255353,3373.9041820995385,59.14709931852564,65.13474532599685,-65184053.34234724,366329942.0,51.984846918942935,72.99459330320117,36.08788929105762,3512.0786602374988,3349.7083758953136,62.56397301580362,1509.584506607123
2024-01-12,3445.5775381734243,3517.928574122562,3434.7641824746715,3508.245849609375,1782631,3224.8061865234376,3449.686146223049,3383.8554167298967,64.47476419551033,65.83072949315238,-63816521.26965612,368112573.0,86.30239296412122,73.26094077387354,35.81751282779009,3521.1190241774348,3354.007758049128,64.03543148952413,1510.8434513524612
2024-01-15,3515.4221289211832,3544.5197428637716,3478.0176995136876,3482.932861328125,1783518,3237.5413720703127,3454.801025469984,3391.1944867001357,61.02384714876522,63.60653876984816,-65336399.86468886,366329055.0,67.72283241871699,68.67002410059372,35.907316721579704,3525.9933805407404,3354.5450227795723,64.2116180509927,1512.110868610084
2024-01-16,3487.798642841839,3528.1029676322887,3477.968319722217,3512.865966796875,1791818,3250.426953125,3463.7340933664286,3400.207188929524,63.510985437394964,63.526904436904715,-64633726.139198646,368120873.0,83.41052170176421,79.14524902820081,35.989325963287904,3535.5380660895644,3353.0513626213733,63.20612018378405,1513.3854292694227
2024-01-17,3494.6800567814375,3553.12128286779,3487.5038725189397,3510.359375,2699076,3263.397080078125,3470.9072136177474,3408.3666101199296,63.147594329976954,62.540603497817756,-65452546.9481874,365421797.0,78.55555745665075,76.56297052571064,36.38656418805393,3543.456418916145,3352.2108418260427,63.37835519557449,1515.3125451356645
2024-01-18,3510.2120074684813,3555.5788549915437,3465.189077273359,3534.984375,2148898,3275.5974951171875,3480.765238445786,3417.7457038147495,65.25110057941546,63.01953463103655,-64282862.26150801,367570695.0,89.79791739577955,83.9213321847315,36.10637351867789,3550.5406890200393,3362.575399847148,65.30774251861807,1516.8454063528677
2024-01-19,3541.86535356598,3593.818706277956,3541.86535356598,3584.1357421875,1913923,3289.0591357421877,3496.6683928675884,3430.0708918423607,69.0486357636691,66.59750102522776,-63082365.69939894,369484618.0,95.96720104659542,88.10689196634189,36.357159379568024,3567.332235109904,3367.5924230932205,64.84535600142793,1518.2459262252332
2024-01-23,3575.8784984849062,3599.2255163150785,3476.198876255316,3490.747802734375,1742142,3299.9619482421876,3495.757532847094,3434.565477834362,56.430041038418366,61.192055012732,-64412462.05039531,367742476.0,55.81573843657395,80.52695229298298,34.95654051405324,3568.8277990013526,3373.2778894752096,69.00116200559468,1519.4873572668837
2024-01-24,3509.42538797253,3556.5617397917517,3461.944878841512,3528.299560546875,3711521,3311.0574267578127,3500.76399864706,3441.508743220474,59.62518613289606,59.25525542658579,-62918213.33610959,371453997.0,69.72932224973817,73.83742057763585,33.348435674436914,3574.905203924926,3376.9472130672616,70.83085478735504,1522.1185142992927
2024-01-25,3538.818049700548,3556.856789265897,3504.3137583223156,3532.4775390625,2206540,3322.071318359375,3505.64300486482,3448.2471725421055,59.9768560741359,57.39583232271434,-62759282.30642443,373660537.0,66.2776190819982,63.940893256103436,31.860332506144157,3580.338178786675,3376.3753221898874,69.52458165565693,1523.6917071823123
2024-01-29,3542.848619117449,3670.4954668349046,3539.0148889195443,3645.083984375,2072982,3335.03751953125,3527.0954632510015,3462.82767712232,68.0534820949565,64.26778612868156,-61487598.05804534,375733519.0,89.39917891300605,75.13537341491414,32.0664910066773,3612.3170869613605,3363.0691190933267,74.4169635211389,1525.2313749197206
2024-01-30,3652.898892229969,3674.4764035995604,3563.3937517215904,3571.6513671875,1454989,3346.2116455078126,3533.9502177027703,3470.888691201222,59.60613777473991,63.06152650154809,-62726266.33710456,374278530.0,57.10480011009156,70.92719936836527,32.30218394001482,3622.3388016341905,3363.5953292251843,77.03594126091255,1526.3029410957781
2024-01-31,3460.274085782025,3477.968669175228,3329.5799747746314,3420.70703125,9637606,3354.638203125,3516.5281890177284,3467.1715312048354,46.75804446252959,49.35665781289299,-60526762.10715136,364640924.0,26.42157148041249,57.6418501678367,31.096981205158176,3623.429999260836,3358.0116999579136,88.82418777176655,1532.7134274068067
2024-02-01,3420.952648501876,3434.4693435929394,3313.8021201436277,3340.343994140625,6149780,3360.3201318359374,3489.422928267405,3457.7768988297084,41.61498394224022,31.646029437696598,-63971139.90755869,358491144.0,7.3589593753889595,30.295110321964334,30.138220348282005,3628.9515774285605,3348.5481540167516,91.09869032016263,1536.680322544217
2024-02-02,3344.9640731096847,3378.0432551299355,3303.9716728034773,3318.766357421875,7579802,3365.9676513671875,3463.1680712142465,3447.4798216883873,40.332211703869035,15.688249525859192,-68523038.9915481,350911342.0,3.993116251608764,12.591215702470071,29.350849032166618,3637.6265548676834,3333.5522537260663,89.88246832061232,1541.4680431267216
2024-02-05,3318.2259281033166,3350.1252820787877,3262.1438806374467,3285.048583984375,2954238,3371.2150830078126,3435.7650731788817,3435.447878154757,38.343241224549516,0.3171950241248851,-69939089.51333801,347957104.0,5.554910678009462,5.6356621016690625,29.04861520742893,3651.7766376986788,3307.9056376919466,89.7466778292358,1543.2913841265954
2024-02-06,3289.226158100314,3369.5890506360884,3280.9195829570976,3366.1484375,2545192,3377.938037109375,3425.0548215359768,3430.3145862544043,45.327083261687605,-5.259764718427505,-67591418.06372115,350502296.0,25.22346675818961,11.590497895935945,28.447421087198506,3653.905180931692,3296.177802466745,89.66973424707543,1544.8947543341012
2024-02-07,3386.5466762260303,3388.512741059834,3331.4968608795407,3337.10009765625,2099940,3384.8005908203127,3411.5233255544804,3423.4098093212074,43.42956850488452,-11.886483766726997,-69278614.77186367,348402356.0,18.178584720975422,16.31898738572483,27.577292449353205,3658.135902387075,3281.487608355112,87.33731609944812,1546.2254061106685
2024-02-08,3355.089301524322,3359.807904650614,3237.9610968272273,3278.904296875,3471727,3390.330146484375,3391.1203980653295,3412.705697288155,39.83195863781885,-21.585299222825597,-70417188.92836387,344930629.0,9.37955654992114,17.593869343028725,27.73550586239222,3664.286604319733,3253.665934742767,89.80227979401516,1548.3479002431297
2024-02-09,3279.641811825158,3332.479802798737,3252.8049795729025,3268.140380859375,3121873,3395.727978515625,3372.200395418259,3401.9971553304676,39.18538791276168,-29.796759912208472,-72337297.7252679,341808756.0,6.913682879828061,11.49060805024154,27.88241831735702,3669.0805288476054,3227.1519418555195,89.07889003914512,1550.243642165216
2024-02-12,3273.497740318375,3282.4923903623385,3231.2273490770262,3243.564453125,1922273,3399.9707470703124,3352.4102504500656,3390.261399611544,37.681428762250306,-37.85114916147859,-73334367.84178148,339886483.0,2.7833345434347794,6.358857991061327,28.226597640959522,3676.320827734897,3199.7299779291657,86.37790084244277,1551.3873424493963
2024-02-13,3255.8030386779315,3281.9025947321757,3228.3765329926664,3265.141845703125,2151493,3404.1447021484373,3338.984342027459,3380.9932845072167,39.86376589921221,-42.00894247975748,-72530279.5653441,342037976.0,8.241498178522546,5.979505200595129,28.574362611752125,3673.2267804721823,3178.513624801255,84.03134090651895,1552.6701440511392
2024-02-14,3234.2255891152977,3260.669062987632,3207.683716009988,3252.85400390625,2502138,3406.47154296875,3325.7335207780425,3371.501485944182,39.025627795812845,-45.767965166139675,-70766245.86833268,339535838.0,9.676734254238772,6.9005223253987,29.106609679967303,3671.2545728384234,3157.477946692826,82.13325439127736,1554.1438114387909
2024-02-15,3252.8538465925767,3265.5840667444713,3234.3727915467334,3244.301513671875,1999189,3406.21103515625,3313.205519684786,3362.079265775863,38.42015033610918,-48.87374609107701,-71493497.60009328,337536649.0,7.844552546650675,8.587594993137332,29.493184969592534,3663.834027672759,3138.0420465459906,78.4959701631674,1555.3247689925677
2024-02-16,3248.8725772025077,3340.343781429929,3247.987944124862,3329.28466796875,2768329,3407.6128369140624,3315.6792348053955,3359.6500363086693,47.18821720881876,-43.97080150327383,-69388153.53753139,340304978.0,26.050312096079708,14.523866298989718,28.37614119899926,3651.535330224338,3132.233273291287,79.74927713423074,1557.0130872931973
2024-02-19,3342.850927811554,3350.1744713058297,3278.9046211973573,3283.180908203125,1216447,3406.581640625,3310.6794922512,3353.985656448999,43.564254685769086,-43.30616419779926,-70458623.62046511,339088531.0,27.932443633657012,20.6091027587958,27.16574085164957,3634.347781766617,3124.2404750693204,79.14360377524801,1557.7531749060245
2024-02-20,3283.1807940708886,3310.6073015047805,3271.9740809272776,3299.7939453125,1578162,3406.6042529296874,3309.004792722169,3349.9714556240733,45.19748704621685,-40.96666290190433,-69763909.98847714,340666693.0,40.615549708422684,31.532768479386466,26.142432520128388,3604.0663730400297,3126.087704108408,76.25000497540907,1558.7069247355992
2024-02-21,3299.941231179559,3299.941231179559,3234.2256619543627,3240.4677734375,2430672,3404.99109375,3298.460635909143,3341.8600717584013,40.67100699488225,-43.399435849258225,-71732818.48914728,338236021.0,18.12986461574681,28.8926193192755,25.723541314331296,3590.1264321356834,3114.999642083066,75.49754527896529,1560.1434775251025
2024-02-22,3253.83706031099,3311.8359686367753,3221.3477933254794,3306.675048828125,2521388,3404.557578125,3299.7243917428327,3339.253773763566,47.044813790133276,-39.529382020733465,-69499041.13506266,340757409.0,54.74305509906379,37.82948980774443,25.5076878339574,3565.5123201025162,3117.4513029443588,76.5683045669889,1561.6501271269703
2024-02-23,3306.675020932053,3342.2115438868536,3284.0652771991845,3330.46435546875,2107176,3405.4531201171876,3304.453616931435,3338.602705741728,49.158362211265704,-34.14908881029305,-68243283.28835763,342864585.0,67.89874547236943,46.92388839572667,24.678947715700186,3537.5606343265413,3125.2016703609584,75.25244471846607,1562.9357456555229
2024-02-26,3342.3099095564894,3432.404726266313,3335.428683272108,3411.26953125,4122419,3406.836240234375,3320.8868345189067,3343.985433557156,55.635477044515724,-23.098599038249176,-65917764.36416627,346987004.0,90.59491811993662,71.07890623045661,23.44019834331849,3473.1760122604546,3166.2048471145454,77.15872515268727,1565.5513970125744
2024-02-27,3416.0372949709936,3452.4094906296773,3393.329152492944,3446.95361328125,2122286,3408.2783447265624,3340.2817235592674,3351.612706129311,58.16985546906053,-11.330982570043489,-64187450.80303372,349109290.0,97.77061596519376,85.42142651916662,22.572188497492395,3431.5430076012617,3195.3680763831135,75.86741179440483,1566.9229011550144
2024-02-28,3445.528421783715,3453.392680663678,3387.676871398735,3411.31884765625,1666903,3407.928388671875,3351.21051188188,3356.0353832794544,54.803003160503174,-4.824871397574498,-64654980.87921571,347442387.0,82.8765576108595,90.41403056532995,21.664352833812057,3429.4276936211654,3196.544572003834,75.14229732801472,1567.990951838968
2024-02-29,3425.8677324453834,3436.681088272327,3378.1414639550185,3418.544189453125,2119512,3407.652158203125,3361.569539200533,3360.6656652182446,55.36709575885818,0.9038739822885873,-63848814.3315786,349561899.0,85.81716737129646,88.82144698244991,20.642890320928718,3441.701168627352,3192.0911165288976,73.9563921129643,1569.3425781443166
2024-03-01,3442.235229526505,3596.2765951174333,3440.613322102484,3571.84814453125,4407803,3410.2975,3393.9200938667973,3376.308811834023,65.27111204932598,17.611282032774398,-60824456.45249405,353969702.0,93.71361342433944,87.46911280216516,21.61822752044162,3496.6884852951516,3162.411978572036,81.36896450948886,1572.3376543629422
2024-03-04,3607.7288299638517,3617.3625952750995,3560.5924754030525,3582.6123046875,1307501,3414.73982421875,3422.94966476229,3391.5905520453916,65.84421409216603,31.35911271689838,-61117658.0684471,355277203.0,91.51767583187713,90.34948554250435,22.71033083475626,3543.078253753295,3145.7785821842053,79.61190417824301,1573.2471900619462
2024-03-05,3569.587237333214,3582.61241675893,3529.3813077844134,3551.302978515625,1981370,3418.4448828125,3442.6963284166495,3403.421102154298,62.60791554913033,39.27522626235168,-61467089.84384635,353295833.0,83.3189021131896,89.51673045646874,23.142049635056498,3571.8237165821674,3135.5485734568947,77.72756166369113,1574.6017559258394
2024-03-06,3556.6110556652293,3590.476472250364,3525.20321996433,3580.400390625,1500196,3421.674140625,3463.8815687563956,3416.5306790780537,64.36107294244324,47.3508896783419,-60430057.446720146,354796029.0,90.66645881211235,88.50101225239302,23.623858481705383,3605.0517036479546,3126.6506156879827,76.83796813671565,1575.6317892361646
2024-03-07,3598.635714770417,3642.2822555903413,3581.4326484565518,3614.560791015625,2344401,3425.3487109375,3487.0629875655077,3431.199576258615,66.35545848255904,55.863411306892885,-60221750.08254382,357140430.0,93.41430387391915,89.13322159974037,24.57897229480647,3641.3801769553797,3123.8877917946206,75.76967505304606,1577.277614322879
2024-03-11,3637.21966177612,3637.21966177612,3569.8327467995337,3578.82763671875,1748541,3427.2479296875,3501.180625896776,3442.134988144551,62.42046019361952,59.04563775222505,-61503496.1915861,355391889.0,84.92529727070335,89.66868665224496,25.23235365881457,3664.74096252841,3131.595731807528,75.17090647615609,1578.4928834794453
2024-03-12,3577.3038813071857,3609.6947488782403,3551.8431997277125,3560.198974609375,1470377,3429.2847705078125,3510.2603718525606,3450.8804686234266,60.40921024601914,59.379903229134015,-62549126.07993292,353921512.0,80.49974797993195,86.27978304151816,25.472969529657913,3679.5724684441557,3148.4276780402197,73.9338095243255,1579.5028689568571
2024-03-13,3573.2240523994465,3575.0919577898185,3452.311078107708,3478.509033203125,2503293,3429.5315087890626,3505.3755505218783,3452.9270289626634,52.4311060902249,52.448521559214896,-63984155.71882219,351418219.0,61.092940334220884,75.50599519495206,23.98866041713776,3682.49389359443,3166.842971639945,77.42288596416726,1581.1580630192102
2024-03-14,3467.204315321638,3574.3056423875005,3462.2399539298067,3546.977294921875,4528490,3431.158427734375,3511.7758188911084,3459.893715330012,57.49768207458314,51.8821035610963,-61664301.56299192,355946709.0,73.39462772074484,71.66243867829922,22.610373384083328,3689.7677584203257,3188.9814359156117,79.89737185656202,1584.1853311572818
2024-03-15,3536.950427542037,3541.8655893368423,3464.2552325964903,3477.1328125,4054210,3433.105810546875,3506.4461256001687,3461.1706854907516,51.47468453878149,45.275440109417104,-64373113.46373377,351892499.0,46.179722842181114,60.222430299048945,21.3305354248185,3685.172234097453,3216.8600901212967,80.09913546147793,1586.8411015800605
2024-03-18,3477.1329253438525,3511.5882586432494,3466.8602848589567,3500.77490234375,1354787,3435.481796875,3505.573629714566,3464.1043311835665,53.25950327033887,41.46929853099937,-63673388.309887625,353247286.0,46.427300239957376,55.333883600961116,20.14211446264402,3687.7714183199128,3231.4099293363374,77.57262391310756,1587.7263056830393
2024-03-19,3480.9176442134026,3489.273419411317,3421.9357016398912,3442.284423828125,1447405,3436.32720703125,3495.8368288089596,3462.4880417498302,48.506085652763296,33.348787059129336,-64246013.37336419,351799881.0,24.283625212141928,38.963549431426806,19.12662312087151,3681.2024269624326,3253.889272256318,77.66309368387549,1588.650335496065
2024-03-20,3443.3166546278585,3465.139925372857,3428.571168989598,3450.148681640625,1442811,3436.087353515625,3488.8078830907543,3461.5740150750744,49.163055669978775,27.233868015679946,-63986153.80511958,353242692.0,27.26092294938712,32.65728280049547,18.183666874939895,3674.7019083744512,3275.425264477111,74.72778387668859,1589.5689343450722
2024-03-21,3465.3364409688484,3534.9843799376754,3465.3364409688484,3499.59521484375,2504962,3437.245361328125,3490.467472591215,3464.3904002431245,53.20552737842732,26.077072348090496,-64026809.52430828,355747654.0,35.24426037600855,28.929602845845874,17.631300413185645,3656.2380025514926,3319.801914440695,75.44977776385728,1591.2062035338695
2024-03-22,3486.0293371969537,3585.4140056521824,3486.0293371969537,3556.41455078125,3020545,3438.4613720703123,3500.6131769281437,3471.2070039866894,57.397756499116326,29.406172941454315,-62768994.32508395,358768199.0,61.030611430210705,41.1785982518688,17.80478719861471,3648.9386719644226,3352.0751952230776,77.15941281324095,1593.2207620360496
2024-03-26,3543.831646015062,3614.511576464763,3538.9164842314067,3607.8271484375,2320963,3440.91109375,3517.1076340834293,3481.3270146867494,60.818276005525085,35.78061939667987,-60858489.45587236,361089162.0,84.36321942180712,60.212697076008794,18.322824588871843,3647.7291500236934,3381.020996460682,77.04767562896347,1594.8011539703205
2024-03-27,3620.5081254618312,3663.958107097126,3607.827104214693,3643.510986328125,2387693,3444.87369140625,3536.5543036595363,3493.34064221574,63.036567377895274,43.213661443796354,-60210350.164989404,363476855.0,91.55155873673283,78.98179652958356,19.35338329572718,3661.829021393508,3390.1452705986794,75.55362757563987,1596.4662065452142
2024-03-28,3643.658638595526,3748.646542546278,3634.8113473636895,3700.035400390625,4278668,3448.709482421875,3561.705241618165,3508.651365043509,66.29205822667744,53.05387657465599,-59585928.78091925,367755523.0,85.12105015530182,87.01194277128059,21.07506376606575,3689.04672167005,3388.235749033075,78.28802526185048,1599.524886208133
2024-04-01,3716.697970808546,3786.493267927305,3716.697970808546,3772.878173828125,1905190,3454.508388671875,3594.193385035082,3528.2237212497766,69.96343936639524,65.96966378530533,-58424036.45848856,369660713.0,96.265310239523,90.97930637718589,22.961194349039346,3727.147337362479,3386.2910659578333,78.8715854243383,1600.9256201863752
2024-04-02,3784.478079921172,3794.5049621323606,3707.2608389745246,3742.79736328125,3608162,3459.1070166015625,3617.0555355344923,3544.11806510396,66.7311261608796,72.93747043053236,-59092824.84856337,366052551.0,86.12134592565086,89.16923544015856,24.515059376695586,3749.286326919233,3396.577393783892,79.46962383387384,1603.5605520363667
2024-04-03,3735.2280603905624,3735.2280603905624,3706.1794057633247,3718.270751953125,1684618,3463.265244140625,3632.627107291205,3557.018264129824,64.12956939199643,75.60884316138117,-59375016.49202777,364367933.0,79.53824476059359,87.30830030858915,25.93406810658755,3767.6321407717573,3392.873840673555,76.40879052559181,1604.7723628557735
2024-04-04,3740.339609743757,3754.93773581746,3667.7428163016702,3733.409423828125,2339529,3467.2337451171875,3648.1320790661157,3570.084275959328,65.03564671908245,78.0478031067878,-58190740.81412015,366707462.0,83.60156223745398,83.08705097456615,26.414331469318306,3786.7245271369575,3388.8611662224175,77.17922831060595,1606.4520260270262
2024-04-05,3706.1302515889165,3725.692498789113,3653.19386507257,3679.58837890625,1645597,3469.1427978515626,3652.9715098107517,3578.195690992433,59.30060201050929,74.77581881831884,-58638115.70828063,365061865.0,69.15564556393848,77.43181752066202,26.55670682025606,3796.2670679553867,3392.1471654430507,77.39610905667372,1607.6137077560913
2024-04-08,3681.45630839201,3754.9871793202697,3679.5886428462886,3743.239990234375,1083395,3474.1926416015626,3666.858968337463,3590.421194639984,63.41009791765434,76.43777369747886,-57892309.38081686,366145260.0,86.24014986361931,79.66578588833727,27.02110092368101,3814.40354933628,3390.2946440230953,77.25344415362702,1608.3924278787729
2024-04-09,3755.1835674348627,3762.9986265978296,3710.947111797541,3721.023193359375,1997057,3478.0471142578126,3675.1919260331415,3600.0954167673463,61.09143498678968,75.09650926579525,-59116189.68104788,364148203.0,80.27701784203668,78.55760442319816,27.542085771776218,3825.9395565644086,3389.4048770293416,75.45330634267428,1609.8302403351684
2024-04-10,3735.522806157532,3735.522806157532,3686.469589518029,3689.516845703125,1951581,3481.187900390625,3677.3957598285233,3606.7192263181446,57.860257198050256,70.6765335103787,-60825300.65847338,362196622.0,71.30953238082706,79.27556669549436,27.467734582584665,3833.8679953231954,3392.5453591689925,73.56758564959064,1611.2150339365076
2024-04-12,3686.3221165584205,3737.5873976609155,3601.3390178158124,3616.82177734375,3437544,3480.62265625,3668.0766856000964,3607.4675634311525,51.139358137785074,60.60912216894394,-63481585.2089414,358759078.0,46.02060240737672,65.86905087674683,25.782122240073964,3835.354953876082,3396.720680889543,78.04478523498437,1613.5893720642046
2024-04-15,3564.5244473250796,3617.411634962523,3525.3505127651024,3539.702880859375,1719910,3479.9836865234374,3648.326869486139,3602.4479573147246,45.1479903858395,45.87891217141441,-64665225.80835588,357039168.0,17.399606102965254,44.90991363038969,24.752888638286873,3832.276145423414,3405.918874107836,79.04595216087266,1614.7222566343703
2024-04-16,3519.3050076932896,3537.0977492045167,3469.56347485363,3483.325927734375,2291042,3481.236064453125,3622.9421092166367,3593.6241032717357,41.33541463850975,29.31800594490096,-66022509.124313876,354748126.0,4.23536341758041,22.55185730930747,24.455273855802798,3835.120632835784,3396.709249976716,78.40977029264926,1616.1796090491227
2024-04-18,3501.5120864898577,3556.266941251657,3479.6396163562536,3490.69873046875,3273257,3484.2431591796876,3602.5969740246537,3586.0000015826254,42.024919157016846,16.596972442028346,-68350951.13222222,358021383.0,6.504326607267144,9.379765375937613,23.859847161663392,3834.1547661864165,3399.0317084229587,78.28245276427457,1618.2713351849268
2024-04-19,3465.189168992757,3482.785352745265,3413.48156936541,3458.652099609375,2759031,3487.0408740234375,3580.4516087299953,3576.5668236586807,39.833411172019,3.8847850713145817,-67513442.7471657,355262352.0,11.855054335625304,7.531581453490962,24.032042103372067,3837.2461122423906,3391.728082093547,78.20636050277923,1619.9776039200476
2024-04-22,3508.1966556579137,3558.5770629720905,3480.8683086664028,3551.40087890625,2605754,3492.367919921875,3575.982265680188,3574.7026796029454,48.24534914714843,1.279586077242584,-65388956.797371246,357868106.0,36.19707140269917,18.185484115197216,23.020227477243953,3830.5794239639654,3409.3064158797843,79.75768927848897,1621.655231543223
2024-04-23,3571.1106694558407,3571.1106694558407,3527.1199730252715,3548.89404296875,1434580,3496.02283203125,3571.814846801505,3572.790928741153,48.04980954119211,-0.9760819396478837,-65403389.0027658,356433526.0,35.53914960968388,27.86375844933613,21.903229802035774,3823.660977512303,3426.0993984642596,77.20290407506613,1622.5866464468968
2024-04-24,3555.1855097527296,3592.933854043625,3539.997708729366,3573.175048828125,1501234,3500.7443310546873,3572.0241086517544,3572.819382080929,50.157023788525876,-0.7952734291743582,-65022848.246023014,357934760.0,45.68975280554708,39.14199127264339,20.554022365424466,3820.5359536682363,3436.582405706764,75.46956416357992,1623.5703111388405
2024-04-25,3554.7433784756945,3603.7965967640926,3550.3197328986516,3590.3291015625,2420380,3506.9728271484373,3574.840261407254,3574.116398338823,51.649166178501424,0.723863068431001,-63821554.54540101,360355140.0,50.597682870593374,43.94219509527479,19.144168211230888,3820.2415332274163,3440.2682812257085,73.89865699942713,1625.164548231113
2024-04-26,3590.0342841106994,3598.783176372282,3524.1711140571897,3544.0283203125,1973113,3512.4905859375,3570.0999627772917,3571.8876518183542,47.5145151082387,-1.7876890410625492,-64744421.49696525,358382027.0,37.35060943256909,44.546015036236525,18.20638649476273,3820.560751665371,3433.569179975254,73.94961452197465,1626.4451351172622
2024-04-29,3544.913057183897,3587.9696821621487,3544.0281840690564,3572.634521484375,1396979,3519.0719873046874,3570.4898948860737,3571.942975497319,50.16871826129332,-1.453080611245241,-64322506.996727645,359779006.0,45.535103030217066,44.494465111126516,17.335589186613724,3818.274383226701,3428.7679019295488,71.80617763419734,1627.3566649513527
2024-04-30,3577.254730576903,3587.035854484185,3523.2371508092306,3533.313232421875,1571996,3524.4354150390627,3564.77040835312,3569.081513047286,46.67467340308879,-4.311104694166261,-65397954.976835236,358207010.0,34.2849256071586,39.05687935664826,16.836531616680304,3810.396378653907,3419.973689705468,71.23421520853715,1628.3706272620097
2024-05-02,3529.1351973449114,3572.4867782763663,3515.3727449860767,3538.4248046875,3748847,3530.1468310546875,3560.717238558409,3566.8106457613762,47.18957774314296,-6.093407202967228,-66120622.949475445,361955857.0,38.55013529968743,39.456721312354375,16.491182504845156,3787.2088935709967,3419.7158378743156,70.22563078580518,1630.777124827162
2024-05-03,3548.7468675840228,3560.5432560635268,3429.2592346107563,3440.416748046875,4079696,3534.0691357421874,3542.209470787404,3557.4481348195613,39.3449252591841,-15.23866403215743,-69506871.83486743,357876161.0,8.310612253756414,27.048557720200822,17.292988630547107,3773.498330873418,3403.1883390484572,74.58694440487413,1633.299822258234
2024-05-06,3463.026311828979,3467.1549995816204,3382.7126191238076,3404.535888671875,2614667,3535.57416015625,3521.028919692707,3546.1213017715845,36.92483312057042,-25.092382078877563,-70770070.94847965,355261494.0,9.29840692773263,18.71971816039217,18.523703085379935,3764.17391631865,3381.1392672751003,75.29090412294117,1634.8617057319873
2024-05-07,3420.362635808808,3436.6810686902854,3366.8857723867927,3369.589111328125,3376013,3537.30232421875,3497.7304876366175,3533.0448432202174,34.686945788063554,-35.31435558359999,-73884561.81467685,351885481.0,1.1410786942461475,6.2500326252450735,19.822398297822605,3750.512048003619,3358.419104340131,74.89836070726629,1636.8437780525635
2024-05-08,3370.818004699296,3438.057322967009,3310.6564715126897,3427.6865234375,4116670,3539.86017578125,3486.9544931444457,3525.2405232363126,41.080111095144375,-38.286030091866905,-70438109.6163915,356002151.0,39.9229043872595,16.78746333641277,21.53967959308258,3736.506338675447,3347.234628121428,78.64853861777007,1639.2561340071093
2024-05-09,3256.5404459914744,3319.700275032287,3211.2225582602136,3219.873291015625,12120574,3539.4482861328124,3445.865077432319,3502.620728257002,29.831627450513068,-56.755650824683016,-80625533.66382575,343881577.0,2.203592674742265,14.422525252082648,23.844905250522938,3734.266765575579,3297.137531299421,88.49249765773551,1645.748664125854
2024-05-10,3225.919084549805,3250.0523369591824,3179.716563687459,3215.941162109375,4132191,3537.6336083984374,3410.492167382635,3481.38520483866,29.666103019055498,-70.89303745602456,-80501371.10105534,339749386.0,8.541925013331198,16.889474025110996,26.173600943477528,3724.4553048161138,3256.440788933886,87.19558877302038,1647.9021144361907
2024-05-13,3211.615866827031,3258.7522197128437,3170.4758672395483,3237.961181640625,3557067,3535.783544921875,3383.9489388069414,3463.353795712879,31.94345263088647,-79.40485690593778,-78619840.37663503,343306453.0,15.573987073068055,8.773168253713848,28.39100389709415,3707.754856093839,3227.985671249911,87.27278618018288,1649.759563690043
2024-05-14,3244.006770008901,3327.466120910786,3237.51866046963,3322.108642578125,2870328,3534.0003271484375,3374.435047079431,3452.891191776972,39.94578394342794,-78.45614469754082,-76091439.09679385,346176781.0,34.99319672634953,19.70303627091627,29.056365208978395,3690.8067313301353,3215.462482537052,87.46383434168094,1651.324928800306
2024-05-15,3332.4795764021014,3359.4145660646263,3296.254739284734,3353.418212890625,2718682,3532.129619140625,3371.2016879734606,3445.522822970576,42.64797556115683,-74.32113499711522,-73888976.92420447,348895463.0,42.21869234176909,30.92862538039557,29.098739159595244,3681.7928038249943,3205.847943245318,85.72783380155317,1652.8414467359466
2024-05-16,3370.768718156894,3409.647695479342,3321.3713427214498,3401.8818359375,3398714,3531.94087890625,3375.9217107371587,3442.290157264422,46.64957812212019,-66.36844652726313,-71088247.202492,352294177.0,54.028022348373774,43.746637138830806,28.303374530050835,3677.664491634224,3201.831846256401,85.9098708698631,1654.779843114892
2024-05-17,3416.9710965842637,3416.9710965842637,3354.2535874518694,3392.19873046875,2676919,3531.4139697265623,3378.425867618942,3438.579681205483,45.959584993328164,-60.15381358654122,-70526004.58064947,349617258.0,53.108059402103265,49.784924697415384,27.44724584208203,3672.3945308090497,3197.251807081575,84.25327360290103,1656.3125098845123
2024-05-21,3399.3259354549778,3411.417281605587,3375.7331585750126,3382.565185546875,2100848,3527.628310546875,3379.062685761701,3434.430459304846,45.2426151423399,-55.36777354314518,-71822402.36689556,347516410.0,50.91447205724326,52.68351793590677,26.652269203253855,3669.3775352107896,3192.6601112735852,80.78404856202056,1657.5149053146706
2024-05-22,3391.510887914321,3413.7764751730087,3376.7654023130335,3402.127685546875,1409992,3524.0186181640624,3382.6111472671123,3432.0376612487,47.049046613040865,-49.426513981587505,-71299966.38261396,348926402.0,57.62326642077408,53.88193262670688,25.870986553681597,3655.634077763033,3191.476249385404,77.6574074404459,1658.3245226185484
2024-05-23,3402.1766773364525,3540.5384852034813,3396.3768822776947,3524.564208984375,4525637,3523.4838427734376,3404.4500798389986,3438.8914795994906,56.68125692889175,-34.441399760492004,-67777284.0395849,353452039.0,90.77619711106185,66.43797852969307,24.808489385187187,3652.01954072611,3192.6578030238898,82.40770711797025,1661.0516769564392
2024-05-24,3525.1540577951887,3596.915420377188,3521.516886047509,3564.376953125,2740360,3523.1633740234374,3429.0542141906913,3448.1866998606392,59.275461111125885,-19.132485669947982,-67402145.45700197,356192399.0,92.36973516814331,80.25639956665975,24.4547767742857,3650.4533111202404,3193.344223059447,81.90705191880659,1662.7656275627687
2024-05-27,3583.0545539303653,3632.304571178892,3538.916496953724,3590.0341796875,2570708,3522.672841796875,3453.8203627286616,3458.6939205885546,60.900528859570414,-4.873557859893026,-67158604.69910724,358763107.0,90.84717101149617,91.33103443023379,24.48728686061467,3650.395129275136,3193.3729127170513,82.72712494068954,1664.39277147559
2024-05-28,3590.0341536601704,3622.7199794020107,3584.1851591586255,3596.12890625,1440187,3523.0188671875,3475.7139848088677,3468.87428989681,61.29562659162488,6.839694912057894,-67706028.78060171,360203294.0,92.16686519908406,91.79459045957452,24.51747479792014,3659.6030480317168,3189.375052554221,79.57053174802493,1665.30973771012
2024-05-29,3549.7297590075214,3599.7170492038185,3549.0908839895046,3573.1259765625,1506146,3523.2774072265624,3490.700445078657,3476.596637057231,58.87740591576495,14.103808021426175,-67782070.07544772,358697148.0,87.18602934126756,90.0666885172826,23.942231483564324,3659.6896434245514,3189.337602669199,77.50307699561701,1666.2543919629156
2024-05-30,3564.5244541734073,3582.120637009393,3546.534914403679,3573.027587890625,2701849,3525.1677783203127,3503.3661593574216,3483.739670452297,58.866708402759045,19.62648890512446,-66461002.12298778,355995299.0,87.16472519299012,88.83920657778059,23.364191856581396,3665.9482848795205,3187.050396761105,74.50898025348106,1667.940661704963
2024-05-31,3574.6988620799234,3681.259716412045,3574.6988620799234,3607.040771484375,6432341,3526.3690478515623,3519.3160996846455,3492.873085343562,61.4727932326814,26.443014341083654,-68988828.82110065,362427640.0,85.46959833442085,86.60678428955951,23.912786356438186,3677.523141983223,3182.3371363370893,76.91777655833383,1672.0564991352999
2024-06-03,3789.9828135864914,3853.3883999506247,3736.6043491575165,3831.0244140625,5767666,3533.4468798828125,3567.2712249735464,3517.921331915335,73.41691395288083,49.349893058211364,-65430163.11104485,368195306.0,96.3687149319966,89.6676794864692,25.66539284501809,3752.6599308346017,3146.2611140872737,89.01990883747067,1676.08312741667
2024-06-04,3786.640798989519,3831.8602893201314,3263.6675629920055,3345.455810546875,9920882,3530.340498046875,3533.1457766002122,3505.146108110264,42.590690604689286,27.999668489948363,-72494931.27719733,358274424.0,13.8689770530541,65.23576343982386,24.904929869988713,3752.5371185895146,3140.47591851986,123.24653865823176,1681.917484109039
2024-06-05,3383.1057774170854,3383.1057774170854,3121.176860025811,3351.1572265625,10372458,3528.5179541015623,3505.147538132872,3493.739524291911,42.89388670772074,11.408013840960848,-64652816.28170814,368646882.0,31.409006003962222,47.21556599633765,24.938259118061996,3752.645782785387,3138.5240658474254,133.15242285344908,1687.319535406713
2024-06-06,3379.6653320036944,3478.165128758799,3327.8595734307237,3423.45947265625,8374602,3527.984169921875,3492.580143444161,3488.533594541121,46.735658766408804,4.04654890303982,-62374304.28992813,377021484.0,41.28350840543684,28.85383048748439,24.248508792932892,3752.4892319048486,3138.257911649839,134.37764660163666,1691.9928723278297
2024-06-07,3406.25628373822,3487.798768964526,3387.5294695185335,3472.561767578125,5879660,3527.4435009765625,3489.5003933109247,3487.350496247566,49.233478446417266,2.1498970633588215,-58281599.78012423,382901144.0,47.98953422509505,40.22734954483138,23.536329871538307,3747.247132492467,3168.7688587184707,131.94133609051923,1695.333854291817
2024-06-10,3461.3060635247307,3524.170933573082,3461.3060635247307,3483.620849609375,3151257,3525.987626953125,3488.5958481260705,3487.0742261262185,49.80442041549726,1.5216219998519591,-59195689.16015928,386052401.0,49.49990130185344,46.25764797746178,22.595924456132877,3738.5149618416604,3204.2689981192775,127.00730280179296,1697.1603871197617
2024-06-11,3509.4256898192198,3577.254925840936,3490.9446325846884,3537.638671875,2548176,3524.583857421875,3496.1408979335984,3490.8197406261284,52.60805720014283,5.321157307470003,-58986728.65248054,388600577.0,56.87725324459553,51.455562923848014,21.320630899280115,3732.21392878411,3240.537780200265,124.62350090391924,1698.6721319343922
2024-06-12,3553.661949605066,3587.03584992884,3517.2897526104916,3568.702392578125,2242274,3523.087685546875,3507.304204801987,3496.588825955906,54.192561309383734,10.715378846080966,-57923262.82464196,390842851.0,61.119704914548,55.832286486999,20.061477352630398,3734.8983919872903,3262.512691997085,120.70368636209274,1700.0165372529916
2024-06-13,3603.305271173983,3652.8500082581154,3573.3227828993117,3640.807861328125,2965500,3521.903134765625,3527.8432288829317,3507.2717174649592,57.72573011902662,20.571511417972488,-55855844.87289069,393808351.0,70.96733293163771,62.98809703026043,18.866068980237035,3747.1221703508504,3279.027878477275,118.0925384562283,1701.8533610622924
2024-06-14,3654.9140899485865,3656.880154547806,3612.6437010653726,3625.2265625,1746508,3518.9501025390623,3542.8252802086345,3516.009113393481,56.70786136337998,26.816166815153338,-56608780.08717019,392061843.0,68.83935515765658,66.97546433461412,17.786731190772656,3757.3131648006192,3291.171356683756,112.81710381524294,1702.9387087618436
2024-06-18,3645.083838799685,3647.0499034376567,3612.6437722731503,3626.602783203125,1936792,3516.6262109375,3555.7141268231712,3524.2012370830844,56.78035046262962,31.512889740086848,-56974009.125451446,393998635.0,69.02730913380756,69.61133240770063,16.78448895769859,3764.8314876122263,3307.093439145586,107.21632005447604,1704.1391230335316
2024-06-19,3627.3895487993927,3636.2368403818305,3514.340823023802,3529.037109375,2936151,3512.8415380859374,3551.6099702926836,3524.5594498454484,50.34445539385316,27.050520447235158,-59202171.1886248,391062484.0,55.70251588647041,64.52306005931153,16.144931665510672,3761.162026912223,3325.4100922284015,108.26486986187264,1705.8910439836682
2024-06-20,3551.8243540135686,3579.9124915512257,3531.6625368886803,3561.236572265625,2618715,3509.3980810546873,3553.090985980828,3527.2762737284247,52.26738070094714,25.814712252403297,-58610687.522375934,393681199.0,60.100078767537724,61.60996792927191,15.55105703705046,3759.318623351568,3343.1643844609316,104.16562074146928,1707.4488633682074
2024-06-21,3570.7481998456587,3576.643172764542,3483.5117438892325,3502.336181640625,4508508,3505.853037109375,3545.2825545438736,3525.428859499699,48.562692562456355,19.853695044174856,-61296607.1819504,389172691.0,52.05590199438169,55.952832216129956,15.392317139736113,3759.001252487964,3341.2589525901612,103.37746417960075,1710.0715637738354
2024-06-24,3487.8214811554917,3534.0403306945373,3472.6132209375814,3498.967529296875,2330559,3500.967587890625,3538.157166044335,3523.468760966156,48.35160893479238,14.68840507817913,-61627388.85957453,386842132.0,53.1587840237382,55.10492159521922,15.33364085348108,3756.7817611566643,3336.9375015386486,100.38101029226898,1711.4101681407842
2024-06-25,3523.6373620686804,3558.7597499311096,3495.400706699931,3554.648193359375,2158039,3497.640087890625,3540.6942471697257,3525.778348550839,52.06077039397456,14.915898618886786,-59749432.98520301,389000171.0,80.91630904012791,62.04366501941595,15.002361464455527,3754.1216763747193,3336.0589876877807,97.73658407361965,1712.671677430239
2024-06-26,3567.7262697674155,3591.4053337598266,3559.057120958622,3569.658203125,2480187,3495.2429150390626,3545.150240393614,3529.028708148925,53.03983159232689,16.12153224468875,-60604017.58567857,391480358.0,73.49042691290856,69.18850665892491,14.331850481777538,3751.821656907536,3335.711936842464,93.38090952553623,1714.1488052498198
2024-06-27,3564.209017285815,3568.0235395085265,3517.1975102093993,3531.46435546875,5519875,3493.5357666015625,3543.0447196359423,3529.209126468912,50.22878170399611,13.83559316703031,-63025039.35783806,385960483.0,53.43772782110208,69.28148792471286,14.111042018696432,3749.3549598647464,3334.0124717758786,90.45803691054083,1717.3670714576447
2024-06-28,3507.289749024576,3542.9075160367374,3505.407402127858,3515.66162109375,3141514,3493.05494140625,3538.8319352448357,3528.2056075522332,49.069988642099275,10.626327692602445,-64448490.71308499,382818969.0,27.792821270280665,51.57365866809712,14.018584846830104,3746.2602999939136,3331.3705349670236,86.67532812470787,1719.1759943002
2024-07-01,3502.5340870656305,3508.676749607373,3481.530027139966,3493.964111328125,2961120,3493.267705078125,3531.9291931038033,3525.6692004245215,47.451298655177474,6.259992679281822,-64697031.65935599,379857849.0,11.586935307506987,30.939161466296586,14.164913957455408,3739.018097892122,3327.30507105319,82.92220425535616,1720.8526062691108
2024-07-02,3502.385541573321,3600.4211771476025,3502.385541573321,3592.990478515625,5087748,3495.3135400390624,3541.3232370133146,3530.655961764603,54.78256915426593,10.667275248711576,-60380544.47450726,384945597.0,65.32765006698096,34.90246888158955,13.19270729389269,3678.682087002548,3363.837688388077,84.60326579565056,1723.8402167560753
2024-07-03,3616.6202346651207,3616.7687518854223,3571.689179714271,3580.952880859375,1923801,3497.7595556640626,3547.420105297324,3534.381659475327,53.79997763601626,13.038445821996902,-61513676.146103255,383021796.0,58.79495457983901,45.23651331810899,12.390404885335572,3669.99603542081,3396.0734470010652,81.78014482247202,1724.9824045703776
2024-07-04,3582.686796593475,3610.3288997028403,3532.851527674528,3540.2822265625,1851947,3497.5371826171877,3546.3219701073513,3534.818738518821,50.50401314691398,11.50323158853007,-63010390.12378406,381169849.0,36.723357956374976,53.61532086773165,11.80327384603314,3651.0973105355456,3433.884671886329,81.47280390860348,1726.0637396538502
2024-07-05,3540.2822482724014,3604.3843626954545,3535.0311726490877,3593.634521484375,1635209,3498.4319921875,3553.600824165355,3539.1754631829363,54.44657147524865,14.425360982418624,-61882100.47630918,382805058.0,69.37835483470707,54.96555579030703,11.258080738109454,3646.891186339796,3455.108300964891,80.607117204158,1727.0260556309438
2024-07-08,3606.464948630707,3612.0130585397096,3560.7908237810175,3598.439697265625,1706210,3498.93728515625,3560.499112334627,3543.5654064483206,54.79581442405069,16.933705886306598,-61080146.40534304,384511268.0,76.89994681416763,61.0005532017499,10.651281046004653,3648.1579503497987,3466.4293299236388,78.50819702948186,1728.035989870466
2024-07-09,3616.2735228663482,3650.950118291094,3612.4096561300557,3632.224853515625,2425176,3499.7752001953127,3571.5338417470884,3550.1327728977503,57.275976477308326,21.401068849338117,-61011561.90325306,386936444.0,89.50006137072667,78.59278767320046,10.200642379224044,3654.5731180453154,3474.874562618747,76.65121302919523,1729.5015147068973
2024-07-10,3650.999592405431,3659.866844585888,3567.7261795760105,3616.322998046875,2231438,3501.22109375,3578.424481177825,3555.035752538426,55.72620580787094,23.388728639398778,-60889190.37944804,384705006.0,76.74605933351893,81.04868917280442,9.748580643920965,3660.291859459534,3477.0242538217162,77.75760245638682,1730.835782654533
2024-07-11,3626.1810867915146,3650.553876095973,3569.707774784106,3587.640625,2942924,3501.5212158203126,3579.8423494581593,3557.4509282763206,52.943547173523115,22.391421181838723,-62526547.025366776,381762082.0,61.42866654396988,75.89159574940517,9.328809032568106,3661.6116769288074,3477.59825959463,77.97820951749256,1732.5813964514577
2024-07-12,3596.45833837869,3633.809937207494,3579.3181442017562,3615.629638671875,2001185,3503.1675439453124,3585.348086260269,3561.760462379695,55.2897458923835,23.58762388057403,-61860687.53837281,383763267.0,75.19457476725059,71.12310021491312,8.939021107740452,3657.051066411679,3479.641047846133,76.3006083380815,1733.770959046439
2024-07-15,3636.0885264472968,3640.051565713179,3603.3934525037653,3617.858642578125,943302,3504.756220703125,3590.34971030917,3565.915883135134,55.48011983851265,24.43382717403574,-62059540.818408705,384706569.0,76.44445908063749,71.02256679728599,8.476555572964063,3655.7914223251,3480.163899940525,73.46900154317667,1734.3344023861769
2024-07-16,3612.4095587798215,3617.8587379140035,3587.541389977207,3602.94775390625,2220953,3508.0068408203124,3592.2878708625667,3568.6589846737356,53.828942928229765,23.628886188831075,-62023250.852524444,382485616.0,68.08337644754826,73.24080343181211,8.296058546777294,3652.017333599646,3481.572485736291,70.38674057129238,1735.647267767867
2024-07-18,3606.3657548731135,3645.2530779167314,3565.397739447795,3622.416015625,3240772,3512.364443359375,3596.9229700567876,3572.640986966422,55.68345818900026,24.28198309036543,-60636073.45136492,385726388.0,78.99994544186346,74.50926032334974,7.7503818972350285,3658.1199368700272,3484.80777309091,71.06306899255266,1737.568108303159
2024-07-19,3617.264147674278,3625.1406399640023,3576.6429945505733,3585.064453125,2432533,3516.6739501953125,3595.0985828365124,3573.5612437189093,51.41640022235947,21.537339117603096,-62223803.54533545,383293855.0,58.055553232259115,68.37962504055695,7.243682151231496,3659.3713065965267,3485.9391914503485,69.45125302261525,1738.99547843084
2024-07-22,3584.4699200062273,3628.0140083802585,3534.634893678459,3617.7099609375,3639057,3520.4744189453127,3598.5772563905102,3576.8315190684343,54.68487307603659,21.74573732207591,-59387860.091542155,386932912.0,73.23054683829746,70.09534850414002,7.39706567156695,3660.9078437950557,3495.9400321815065,71.16038599969984,1741.1242441527438
2024-07-23,3635.6924158520765,3679.682056118013,3428.02905604963,3505.35791015625,6957691,3526.184111328125,3584.2358185083167,3571.537177667532,43.77089901317547,12.69864084078472,-62069581.62476257,379975221.0,30.728365680364227,54.004821916973604,8.926680533769288,3660.0346069534194,3497.4523071090803,84.05271557603434,1745.0586411402326
2024-07-24,3516.2066892915877,3525.0739415258454,3468.6502167398844,3486.9296875,3184060,3531.6038818359375,3569.265644507037,3565.269956173641,42.280366073793864,3.995688333396174,-63190575.71093848,376791161.0,23.405495437910368,42.454802652190686,10.347037191528601,3665.5364117719923,3485.17865170457,82.07921623388624,1746.8092133341743
2024-07-25,3506.2991890603626,3597.349924596564,3499.413456322879,3585.70849609375,4691483,3538.558828125,3571.795313981916,3566.783922093649,51.762496970350085,5.011391888267099,-59614419.10322871,381482644.0,62.6574847115961,38.930448609956905,10.338966574250971,3666.407408167437,3485.9126846060008,84.10357486693465,1749.4812704899766
2024-07-26,3595.4673944643587,3666.8021016568177,3562.8714930705823,3645.89697265625,2617659,3545.0345947265623,3583.1955691625826,3572.644148061249,56.456466806213434,10.551421101333744,-58049818.48167729,384100303.0,86.57473447462085,57.545904874709116,9.892016758024448,3674.546367875229,3489.2169866169584,85.51979156117042,1751.02161018282
2024-07-29,3666.802205120295,3754.979831776795,3652.535360033135,3740.06884765625,4159919,3552.767607421875,3607.32991970007,3585.0459776608786,62.59030351291155,22.283942039191516,-55100867.435262196,388260222.0,95.43937949454876,81.55719956025524,10.510096139252031,3703.6044180290014,3482.5996591194357,87.20286781541145,1753.5824569866704
2024-07-30,3739.969946119707,3759.9336605012822,3704.054901273021,3749.67919921875,1979989,3559.7235546875,3629.2298088567904,3597.2410311096096,63.16062992077763,31.988777747180848,-53847584.64065234,390240211.0,96.91041909482578,92.97484435466514,11.136626568592858,3726.28085558778,3485.49473034972,84.96543148775785,1754.8126517093913
2024-07-31,3742.1494918483113,3786.6840981579703,3728.3284404949313,3779.748779296875,2703636,3567.4745556640623,3652.3865735398804,3610.760123567926,64.96061357231925,41.62644997195457,-51786579.65520134,392943847.0,98.0662982401345,96.80536560983636,12.006383445240461,3757.2044503147495,3473.2469657008755,83.06473335742079,1756.5128608015043
2024-08-01,3774.7949404176857,3803.477389028954,3731.0529908147664,3744.378662109375,1998663,3574.7108251953123,3666.539202550572,3620.6577930895146,61.17427853637712,45.8814094610575,-53049757.74063069,390945184.0,84.25915852372862,93.07862528622964,12.992941180155773,3775.0283103989595,3471.7656837416653,82.3047094186184,1757.7645906045032
2024-08-02,3695.881139197811,3714.259541086526,3623.307979478477,3631.828369140625,2512525,3579.3048388671873,3661.1990743336573,3621.4852431673744,50.9896387881399,39.713831166282944,-55091533.43941157,388432659.0,54.28158688940517,78.86901455108944,12.25417611337585,3774.7423280029248,3481.2062803955127,85.07370750520978,1759.2549437019225
2024-08-05,3563.7630621462454,3574.5622473988606,3479.0530977833027,3495.400634765625,2900685,3578.7215673828123,3635.6916220924218,3612.1456425450224,41.886492345330716,23.545979547399384,-56999244.35258454,385531974.0,17.944300932534738,52.161682115222845,12.727845764493052,3780.300217566666,3465.825002159896,89.9095334946464,1760.845766900793
2024-08-06,3515.215894468333,3601.3128273732077,3513.2343747983955,3543.1552734375,2125532,3578.2971337890626,3621.4552607608957,3607.035244833354,45.55085333857722,14.420015927541499,-57680658.62192495,387657506.0,30.663664551204707,34.29651745771488,12.826202775319201,3781.0742591222565,3459.522518221493,91.05258057414186,1762.0336646801152
2024-08-07,3596.458311189059,3621.970377721598,3576.9899765889945,3604.632080078125,1613097,3578.589091796875,3618.8670791173927,3606.8572326292633,49.92805025688005,12.00984648812937,-57311141.279266916,389270603.0,47.03790335865482,31.881956280798097,12.653789864139842,3779.735121802983,3458.1023781970166,90.17847512485302,1762.958582821415
2024-08-08,3587.5413009561235,3595.2196895455763,3514.6708679657236,3520.714599609375,2038088,3577.0808056640626,3603.7666976546207,3600.476296850012,44.65131745207409,3.2904008046084527,-59043386.02305155,387232515.0,24.68663073404808,34.12939954796921,13.102443591264821,3780.5653688263587,3447.711291329891,90.16295633824934,1764.0892378035762
2024-08-09,3566.7353789703648,3572.234144389889,3542.6598667853705,3558.85888671875,848232,3576.7954638671877,3596.8578036644867,3597.393525729178,47.373914168628005,-0.5357220646910719,-58962396.53809254,388080747.0,34.84629419737624,35.52360943002639,13.51905062359516,3780.509889544631,3444.888596783494,87.40271265555397,1764.5631821273946
2024-08-12,3545.9294853625324,3577.6338004034938,3530.0773278420515,3538.944580078125,1965035,3576.1138037109376,3587.9480769588927,3593.06397419947,46.09898012853797,-5.115897240577397,-60194641.23388314,386115712.0,20.99422303681874,26.84238265608103,14.032075257015823,3779.70947998563,3438.02050048312,84.5565526488317,1765.6546465279741
2024-08-13,3546.9203370072655,3573.6708535154207,3512.4418451309184,3518.98095703125,1316218,3574.352607421875,3577.3377508161784,3587.5763432981203,44.79743144988967,-10.23859248194185,-61229721.35449167,384799494.0,12.30729644030084,22.715937891498612,14.688821583708657,3779.1059296143667,3428.7362822996956,82.89029948709388,1766.3793097732555
2024-08-14,3526.0645978570737,3545.6321042179725,3503.822088370616,3512.441650390625,1584372,3567.9809521484376,3567.3537353660936,3582.010810490158,44.35566249409587,-14.65707512406425,-62160824.39776013,383215122.0,10.291631517209895,14.531050331443167,15.389058695559612,3779.065824901631,3419.7257766608686,79.95599351282694,1767.2437269330703
2024-08-16,3544.9386652756757,3547.811772023547,3500.3544730069766,3535.3779296875,2808865,3571.77939453125,3562.43438064631,3578.556523023294,46.35394026817,-16.122142376984357,-60823808.20824746,386023987.0,17.36147182072399,13.320133259411582,16.0775248042549,3776.48047710958,3413.6073158591703,77.63465819166574,1768.7804212596466
2024-08-19,3566.5870183316038,3566.636362817366,3514.2252623959716,3522.200927734375,1898535,3575.2002685546877,3556.2446186598586,3574.382034483374,45.34641450400703,-18.137415823515312,-62144523.63676353,384125452.0,13.299814815161639,13.650972717698517,16.3613170485723,3776.0773102637186,3407.7241301659687,75.83297549378919,1769.8214031978043
2024-08-20,3529.086661893691,3546.920339578724,3515.2160236942213,3539.687744140625,1285569,3577.524833984375,3553.697407195361,3571.8120870505777,46.992989950880215,-18.114679855216764,-61445499.41625877,385411021.0,18.689921807183744,16.450402814356465,16.624838418295603,3773.127017533981,3402.872201216019,72.68092837884015,1770.5254294818646
2024-08-21,3556.827875990509,3581.894148674575,3548.8026244189223,3562.822021484375,1714248,3579.3300390625,3555.1011940090552,3571.146156267896,49.17458327187817,-16.04496225884077,-61707247.18115382,387125269.0,25.82079269694487,19.270176439763425,16.192139523282112,3772.5318034533984,3409.2138264294144,70.5041766756337,1771.4795995009397
2024-08-22,3573.7202592470203,3578.7729892012117,3550.8336106374327,3573.17529296875,1734927,3581.1211279296876,3557.881824618239,3571.296462690181,50.16313087279529,-13.414638071942136,-60667510.61349123,388860196.0,40.0168438685614,28.17585279089668,15.790347692198154,3770.7624592766947,3419.607731152993,67.46383395335836,1772.4459079898322
2024-08-23,3573.1753203821986,3588.532097719208,3553.905090100767,3565.298828125,1825180,3581.6743310546876,3559.022902080818,3570.852193463131,49.37631389307814,-11.829291382312931,-61291569.04987138,387035016.0,60.34660775725221,42.06141477425283,15.220385862047916,3770.187115580483,3418.1421080523296,65.11834635800712,1773.4622974897566
2024-08-26,3577.6339076404442,3614.292023005356,3561.4844733054415,3608.248291015625,1606911,3582.4652490234375,3566.596038840019,3573.6222747633155,53.645922929502596,-7.026235923296554,-60052474.374262065,388641927.0,88.71686500365817,63.026772209823925,14.18156817580903,3766.8507034525765,3417.713652016174,64.23900373957193,1774.368846131158
2024-08-27,3608.9911527032123,3702.469438244461,3602.4026966702863,3668.486328125,3315435,3583.018818359375,3582.2714679607852,3580.6492416789956,58.88369056864781,1.622226281789608,-58988912.29280611,391957362.0,83.18624745103318,77.41657340398119,14.530413749443776,3753.6762742711458,3423.729829244479,66.79812787061498,1776.3011699551344
2024-08-28,3670.7652176002025,3689.985861796769,3650.950020744061,3654.962646484375,1278175,3583.6135400390626,3593.454726195184,3586.153938331246,57.31781683185803,7.300787863937785,-60004311.45566195,390679187.0,76.49516367861945,82.79942537777028,14.85434178210461,3735.0362635077518,3432.8981847344357,64.81510738362161,1777.048036462753
2024-08-29,3656.3992119323852,3675.7190289308087,3617.809164304788,3649.414306640625,2165489,3584.0697705078123,3602.0638924175596,3590.839891539348,56.65218939384916,11.224000878211427,-59806106.85997922,388513698.0,73.75002314079201,77.81047809014821,14.485429827388733,3703.3177502645285,3451.583250712034,64.32187575807869,1778.3002173261784
2024-08-30,3683.992060763176,3710.3957145547793,3632.5218919894023,3670.41845703125,2592912,3586.8973974609376,3612.5799792812045,3596.734600094304,58.611692648916744,15.845379186900573,-59875386.27026542,391106610.0,80.9669485721303,77.07071179718059,14.668609197574707,3683.038671461462,3464.4663090072877,65.28987195859999,1779.8161416759262
2024-09-02,3671.7559303082635,3687.5585012212314,3632.4723997991414,3649.067626953125,1277813,3588.6540185546874,3618.193463538423,3600.6111206023647,55.84805437723683,17.582342936058467,-60383291.92711081,389828797.0,70.80188293035928,75.17295154776053,14.837657116273617,3685.9715809109957,3463.2573253390046,64.56103120599214,1780.55649390959
2024-09-03,3659.8171817795624,3679.6323781420283,3633.0170803223837,3656.05224609375,1211993,3591.72833984375,3624.0178916238583,3604.717870638764,56.569501323851426,19.300020985094307,-60397460.99485782,391040790.0,74.12723898384432,75.29869016211131,14.994630183636888,3693.1629942013387,3472.1310731814738,63.27919310696732,1781.2581215893829
2024-09-04,3616.2735058407375,3646.9870616437684,3597.5482411534276,3617.066162109375,1930121,3594.0903125,3622.948394775476,3605.632558895846,51.5101065334951,17.315835879629958,-60803599.47505744,389110669.0,55.5660822809583,66.83173473172063,14.35216793158114,3696.2705763211393,3476.4145799288603,62.938108237921256,1782.3531394141485
2024-09-05,3634.107024290044,3634.107024290044,3575.0576421905484,3590.662109375,2958770,3594.8105908203124,3617.9812739446334,3604.523636709117,48.35575529304026,13.457637235516358,-62198592.591040425,386151899.0,38.964505682614096,56.219275649138915,13.35644343208801,3695.275478743103,3476.0126804365846,62.66034208517657,1784.0104372577077
2024-09-06,3581.6960064328896,3590.315568693052,3503.5249096620782,3541.71875,3096557,3594.2518017578127,3606.248577953151,3599.871422878812,43.08847322775028,6.3771550743390435,-62569754.83137933,383055342.0,18.462653711688315,37.664413891753576,13.65276396010748,3694.199409679294,3479.189164539456,64.40868905858694,1785.6894780094735
2024-09-09,3550.883366854938,3560.7909655347785,3521.012053589111,3545.236083984375,1454589,3594.527236328125,3596.8620404194935,3595.8243607384834,43.56424346692072,1.037679681010104,-62252751.476277,384509931.0,20.16291005583478,25.863356483379068,13.92791873612556,3694.3842233238647,3477.6420706214476,62.64941926480698,1786.4758213251273
2024-09-10,3551.8740229860086,3591.5044165479167,3538.003385239341,3562.9208984375,1203483,3595.472421875,3591.6403262684175,3593.387067234707,46.00821586686361,-1.746740966289508,-62335216.70137466,385713414.0,28.711634203883456,22.445732657135522,13.522553754846186,3693.992588201023,3480.4313375802267,61.99596298221905,1787.1339556331216
2024-09-11,3561.7817251150263,3570.6489775558207,3483.907902743875,3504.26806640625,1865165,3595.6785009765626,3578.1984401357763,3586.7856597659325,39.845226625519324,-8.587219630156142,-63324785.80313007,383848249.0,8.989518464407979,19.288020908042075,13.997703183576805,3695.31005031257,3477.64258640618,63.76347097005665,1788.1274355645717
2024-09-12,3525.12359528144,3604.4339707528998,3501.3453585510424,3588.5322265625,3751523,3595.5893359375,3579.7882534321952,3586.915035084197,50.172067361893085,-7.126781652001682,-60730631.35812797,387599772.0,46.19424020307823,27.965130957123225,13.749000114482055,3693.6805686013336,3486.8811257346038,66.57240962947098,1790.1742675669261
2024-09-13,3588.5320727667454,3601.164260488384,3566.7849430660444,3579.615234375,1752455,3595.5625830078125,3579.7616351157035,3586.374309105738,49.209336124937145,-6.6126739900346365,-61175061.07771764,385847317.0,42.25716645230843,32.48030837326488,13.518061550322644,3692.950753349367,3492.0346714553207,64.27290304324733,1791.138340195666
2024-09-16,3585.708311189913,3636.088544866544,3579.615235041641,3628.41015625,1045964,3597.3251416015623,3587.2460229825183,3589.4880755608688,54.36924087349931,-2.2420525783504672,-60413525.88473519,386893281.0,63.801337630817216,50.750914762067964,12.609829698544996,3693.974061028167,3501.6322866280834,63.71578928955423,1791.7235877757648
2024-09-17,3634.1070451471865,3670.7651587432733,3625.883690206795,3661.0556640625,1289060,3598.673564453125,3598.6013523794386,3594.7893784128414,57.481456368283,3.8119739665971792,-59682207.047015786,388182341.0,78.21514098362454,61.4245483555834,12.270313646231829,3699.9248503283156,3507.8182893201215,62.370480664334515,1792.4593082206052
2024-09-18,3654.9130336586118,3723.2258759487204,3650.1573380706172,3695.97998046875,2249929,3600.6243701171875,3613.582679777794,3602.284978565131,60.57907498986194,11.297701212663014,-59110191.19955814,390432270.0,88.61519044512,76.87722301985393,12.763112513379841,3712.5525095517587,3508.506425995116,63.13462760817514,1793.7677105911227
2024-09-19,3715.349537576296,3715.7457447730767,3640.051786948083,3649.662109375,1711564,3600.973115234375,3619.1333612542876,3605.7943956621584,54.86971259351671,13.33896559212917,-60387145.030742995,388720706.0,69.26107739064247,78.697136273129,13.00929720809694,3716.223355444302,3512.4842617431977,64.03172262366216,1794.7506607875825
2024-09-20,3665.8114955558667,3774.6959078186196,3646.243988248508,3758.84375,5401701,3603.8235302734374,3640.6272672151663,3617.131384872369,63.5825598004313,23.49588234279736,-56318684.00142724,394122407.0,94.54855167958357,84.14160650511535,14.045696931900393,3741.0652318301577,3506.996877544842,68.63316526269428,1797.942101209014
2024-09-23,3764.8873219164702,3803.328851369825,3714.358571017065,3752.700927734375,1937874,3607.124736328125,3657.869368833506,3627.1735732325174,62.84739902889845,30.69579560098873,-56586277.63619525,392184533.0,84.15009289364535,82.6532406546238,15.349475735355139,3760.6743228109485,3501.8330502359263,70.0858163405561,1799.102358921809
2024-09-24,3752.7010769583158,3796.3936835802774,3740.118475101147,3756.565185546875,2676546,3609.943447265625,3673.053340635563,3636.758137107655,63.13615288984048,36.29520352790814,-57698355.79160267,394861079.0,85.35986258130136,88.01950238484342,16.56012748142026,3775.4269489292233,3495.8883098598394,69.09934435045426,1800.708803397493
2024-09-25,3752.5525980290936,3777.9654919680165,3743.0907928834763,3758.79443359375,2113862,3612.7621630859376,3686.2442780137458,3645.797862773292,63.31329599657505,40.446415240453916,-57908526.563837156,396974941.0,86.05776547604403,85.18924031699692,17.684304102766443,3790.4675667416786,3491.2308707583215,66.6547268314604,1801.9728294302472
2024-09-26,3765.8780786807533,3767.810011954277,3701.874897506245,3727.386962890625,2750597,3615.250947265625,3692.573921840958,3651.8414998190206,59.01085650772382,40.73242202193751,-58530563.961035885,394224344.0,76.22513839312093,82.54758881682211,17.726573634063193,3799.0460589098534,3490.4496442151462,66.6033259469298,1803.5920192783828
2024-09-27,3703.460357923151,3703.460357923151,3617.2642500742177,3671.4091796875,4095425,3616.230810546875,3689.317807663503,3653.2909575870563,52.20199688651605,36.02685007644686,-57480826.28733123,390128919.0,58.70036944984274,73.6610911063359,16.758776118851156,3799.1291610336125,3490.4656143570123,69.71185358046391,1805.9126312355547
2024-09-30,3664.820672368274,3681.3167270593494,3631.134837585759,3641.58740234375,1837697,3617.36126953125,3681.974668383541,3652.4240275690336,48.96088353810141,29.55064081450746,-58552962.36088686,388291222.0,49.36416984489068,61.429892562618114,15.860106997582834,3798.7481979831923,3490.0985549464954,68.31685614425865,1806.944951106676
2024-10-01,3633.116469278175,3689.5897822721363,3605.7220554306127,3619.7412109375,1674100,3617.40189453125,3672.4002903149194,3650.00307818892,46.67467772112904,22.39721212599943,-59667384.18388254,386617122.0,39.20606761691636,49.09020230388327,15.450164088022234,3797.196832599519,3488.0188168145437,69.42763262263472,1807.8777472102108
2024-10-03,3549.397123794199,3583.578338245253,3453.194246657778,3465.3310546875,5315877,3616.601357421875,3640.5434848337777,3636.3236690406666,34.435395154425265,4.219815793111138,-63993603.966148585,381301245.0,3.4663263403237243,30.678854600710256,16.906775382725517,3807.7128794052096,3462.3292592666658,76.3647277409981,1810.6111614198387
2024-10-04,3482.5208261434614,3520.7146662267596,3436.4504937350202,3461.665283203125,3445879,3616.0960693359375,3613.023761505985,3623.386010830478,34.206069827699665,-10.36224932449295,-65377227.77635054,377855366.0,6.872792832659777,16.515062263299956,18.40931122103632,3816.3822013615963,3440.760254693091,76.92897379462248,1812.3492919613652
2024-10-07,3472.6132534846006,3480.4897458680553,3397.3155053348632,3436.302001953125,2304227,3613.107939453125,3585.835798497853,3609.527936098822,32.58895053864269,-23.69213760096909,-65521321.12036945,375551139.0,9.602269728075552,6.6471296336863555,20.141864544457786,3825.9001321554606,3420.7006490945396,77.37506427594887,1813.485147300749
2024-10-08,3460.6745819218163,3505.803741625895,3436.9459318073277,3499.760009765625,2249452,3610.1852001953125,3572.5933694621253,3601.3969785926593,40.20561715598911,-28.803609130533914,-63666743.27498951,377800591.0,25.23180713915259,13.902289899962645,21.23763971233504,3828.0522193397737,3414.0009544883515,76.81268394715038,1814.6216454232133
2024-10-09,3509.3208657946843,3524.826160210482,3448.834930458676,3454.878662109375,1645791,3604.481396484375,3554.483414484779,3590.543769964268,37.019724224685106,-36.06035547948886,-65050748.29811764,376154800.0,14.177651384286028,16.33724275050473,21.876309388300907,3833.7727127932003,3397.476237402112,76.75400864748293,1815.4498518215403
2024-10-10,3482.5209061300893,3522.052127770106,3423.5706944900494,3428.3759765625,2686116,3598.05533203125,3535.082270189044,3578.531340823396,35.24375554792621,-43.44907063435221,-67474732.75454806,373468684.0,7.650110896837896,15.686523140092175,22.73379418227535,3840.0039436419725,3383.655797568965,78.30596754980964,1816.7850276130612
2024-10-11,3437.3422121277545,3464.7864541615186,3415.1492876909674,3450.370849609375,1280465,3591.4677734375,3522.0497439460178,3569.037971103839,37.906118083063475,-46.98822715782126,-66938011.94445107,374749149.0,13.067389235511284,11.631717172211742,23.618242984328084,3843.6219672245857,3366.221636291039,76.25819604414832,1817.4150977041697
2024-10-14,3477.5671471693995,3540.8272616859044,3468.947584668747,3522.200927734375,1974378,3587.02421875,3522.0730029903807,3565.568560483879,45.75037552232452,-43.49555749349838,-65986883.505402066,376723527.0,31.29347311060269,17.33699108098396,22.956043350571658,3843.2673153513965,3360.834857500166,77.27235433217554,1818.425786179951
2024-10-15,3537.012684122755,3537.012684122755,3487.623208572359,3519.079833984375,1231552,3584.769248046875,3521.612515450995,3562.124951113545,45.48151741859153,-40.51243566255016,-65649661.206517726,375491975.0,31.988528287237436,25.449796877783808,22.341143690654977,3840.1079234788185,3353.0612171461817,75.280720133477,1819.0570660558242
2024-10-16,3517.19737614145,3548.802517781621,3481.0842289239285,3499.958251953125,1961835,3584.860400390625,3518.2810902974766,3557.5200104349956,43.78388201683434,-39.23892013751902,-66517915.149049014,373530140.0,27.704256010386782,30.328752469408972,21.550486326832907,3833.642172807764,3343.4172266062988,74.74054647092099,1820.0589713636743
2024-10-17,3517.09841185004,3549.892660730696,3489.258204269039,3537.31005859375,2968537,3584.74349609375,3521.2086238815186,3556.0229769652738,47.87662507512982,-34.81435308375512,-64781414.261170305,376498677.0,45.72820744014119,35.14033057925514,20.795074644919936,3821.519305013873,3339.67310221269,73.73296861311643,1821.586661122324
2024-10-18,3536.9631608978584,3559.255258044508,3507.5376410412273,3544.74072265625,2102609,3583.5456689453126,3524.8289467699387,3555.187254423865,48.67713227390988,-30.358307653926204,-63858998.56884857,378601286.0,50.44070893485665,41.29105746179488,19.902510731072965,3814.592603437325,3336.1076651173626,72.16044349812816,1822.6744789687739
2024-10-21,3546.920154115808,3588.482480170472,3538.300592062359,3552.468505859375,1750549,3584.1807470703125,3529.081186629852,3554.9858656413103,49.54499090753781,-25.904679011458484,-64621078.291805066,380351835.0,53.084726494015136,49.751214289671,18.493719694985746,3789.044282451479,3341.018461689146,70.59054668455566,1823.5910112033525
2024-10-22,3551.874105562686,3558.462561891636,3467.6595172857465,3479.449462890625,1363574,3582.59255859375,3521.445536823817,3549.390576548667,42.271375368955674,-27.945039724850176,-65630557.04405202,378988261.0,42.96451184959723,48.82998242615634,18.349791618834125,3760.787042059671,3341.950555596579,72.03429653607952,1824.2804817800481
2024-10-23,3468.699767124874,3481.4804722366666,3411.186110352357,3423.471435546875,2125268,3580.283095703125,3506.372598165826,3540.0632327707567,37.70177216579126,-33.69063460493089,-67012960.102807544,376862993.0,13.682243093768754,36.57716047912705,18.951442826118285,3728.6133682056848,3340.8148544505652,71.91001548952453,1825.3135564265217
2024-10-24,3412.1769780415616,3442.4943266909463,3385.1787716967206,3410.83935546875,1924421,3578.120263671875,3491.6751762124295,3530.4910937113486,36.73666876132091,-38.815917498919134,-67214227.02052996,374938572.0,12.621798178040839,23.089517707135613,19.81142497669516,3688.8179239344036,3345.814790909347,70.8675540255746,1826.2328770230579
2024-10-25,3393.3525953226635,3403.260194141124,3284.4185946906396,3295.66357421875,3236774,3573.7847021484376,3461.519545136479,3513.0964626378227,29.35757210202337,-51.576917501343814,-69838463.70135184,371701798.0,3.6982292423071303,10.000756838038912,21.565136157206233,3664.6946690987356,3326.7657068778267,74.83564022218431,1827.693961735467
2024-10-28,3285.3597705978486,3341.833083904265,3232.403703251498,3309.9306640625,2991674,3569.2757568359375,3438.1981788174053,3498.047144224836,31.201075691102332,-59.84896540743057,-68591140.97901356,374693472.0,21.77241830636913,12.697481908905706,23.580057501359796,3644.9105587068807,3310.401965707182,77.30662168151164,1829.0121766916477
2024-10-29,3285.3596939840263,3353.1275716175005,3285.3596939840263,3349.659912109375,2253467,3565.8249365234374,3424.5769070161696,3487.055497401468,36.1944749209451,-62.4785903852985,-66568292.27610885,376946939.0,32.92985048770787,19.466832678794713,25.213177343697787,3621.248738403806,3304.8710369868195,76.62528282093753,1830.0269971166772
2024-10-30,3348.7187203265817,3406.6285854189828,3322.017790636822,3376.8564453125,1785128,3562.568310546875,3417.235297523297,3478.8926046541374,39.43506276624883,-61.65730713084031,-66039436.15160271,378732067.0,40.56763599080556,31.756634928294194,25.66401466649927,3595.864542751997,3305.966756076128,77.19567653245346,1830.8508818090488
2024-10-31,3497.3821659060313,3621.177557084316,3475.93231254891,3588.829345703125,7637083,3563.08845703125,3443.634381858655,3487.0360669540623,57.537076249283224,-43.401685095407174,-61804130.27704214,386369150.0,91.67942723969769,55.05897123940371,24.449494292423882,3613.9986266768556,3300.1825012528316,89.13320762097935,1834.8079176233914
2024-11-01,3591.4548321093766,3608.248163013316,3586.5506192804,3592.842041015625,212796,3563.4817919921875,3466.589406344343,3494.873546514178,57.79424477443421,-28.284140169835155,-61893521.58238651,386581946.0,92.71156848915155,74.98621057321827,23.321725373639595,3631.368136107807,3295.93066760313,84.31637448611768,1834.9200745435953
2024-11-04,3591.454757579255,3591.454757579255,3498.273748223489,3541.42138671875,1724189,3563.0042431640627,3478.1020187096365,3498.3215346774796,53.33646844268436,-20.21951596784311,-62020932.780045554,384857757.0,79.48520210933138,87.95873261272688,22.024882407361325,3639.431595582251,3298.3791466052494,85.04865436511899,1835.801400571883
2024-11-05,3523.141977250831,3551.874012498377,3509.1721668076166,3541.768310546875,1251506,3561.6746435546875,3487.8968328384426,3501.539814371509,53.362605048002074,-13.642981533066177,-61361782.75070342,386109263.0,79.57443748992726,83.92373602947006,20.820671081531504,3644.017190695034,3297.9943815705906,82.02388231695052,1836.4370090087816
2024-11-06,3560.7908358845502,3626.0818120535296,3524.5289292827542,3611.765380859375,1819732,3560.540224609375,3506.9535325339707,3509.704671148388,58.4226959435042,-2.751138614417414,-60055124.67355021,387928995.0,96.36341699625625,85.14101886517163,19.793526043602554,3662.1461873828416,3295.554056757783,83.41881092079515,1837.3892821209984
2024-11-07,3613.64812502655,3629.1534203086458,3586.550745704968,3612.85546875,1581009,3559.6980810546875,3523.246138105668,3517.3454709707294,58.498215102507025,5.9006671349384305,-59683767.80621507,389510004.0,95.89213278347513,90.60999575655289,18.872464304109567,3678.7022148665837,3297.4459784927913,80.50337261242963,1838.226208920241
2024-11-08,3606.762005642167,3633.116314000204,3587.1944989060057,3626.478271484375,1622142,3559.2393603515625,3539.1280047793152,3525.429382119888,59.48851919430645,13.698622659427201,-58530590.177097365,391132146.0,98.34344057617098,96.86633011863411,18.06212031058903,3695.8160842014518,3297.9428513454236,78.0332613611274,1839.087031738061
2024-11-11,3612.3105270062706,3627.171925224892,3572.6801317566133,3595.319091796875,926127,3557.737373046875,3547.7727873974013,3530.6063976515165,56.18608048241354,17.16638974588477,-58687186.54465772,390206019.0,90.56749870369507,94.93435735444706,17.110303238594167,3703.838478130299,3297.2322738228263,76.35172794020966,1839.5733697577768
2024-11-12,3616.2734964993606,3617.264256361415,3546.920306155537,3558.16552734375,1116206,3555.9193310546875,3549.37167046607,3532.647814665756,52.4473487782997,16.72385580031414,-59446517.978333995,389089813.0,81.29562568135471,90.06885498707358,15.903400162704164,3707.214700431654,3297.7646208574088,75.92260095918596,1840.1510822784226
2024-11-13,3551.8739595234183,3571.540638731014,3502.979865586132,3515.166259765625,1568694,3553.101611328125,3544.1092995890785,3531.3528846731538,48.430719575094635,12.756414915924779,-60457554.22291142,387521119.0,70.56492581698468,80.80935006734482,15.352115826222017,3708.0448039068556,3298.455318163457,75.39675611530711,1840.9416486124114
2024-11-14,3525.1236180654023,3532.802007059221,3467.8080628221655,3493.6669921875,1291765,3550.6336279296875,3536.3489446042204,3528.5613370816236,46.512683002265604,7.7876075225967725,-60721418.5382022,386229354.0,65.19966727472044,72.35340625768661,15.262740146180402,3705.2937383298804,3296.8420770998073,74.65369812400343,1841.5798493026919
2024-11-18,3488.5646204454893,3535.3284372010994,3478.4093319368303,3509.419921875,1233217,3549.0087841796876,3532.2060180304943,3527.143454473726,48.133540804623365,5.062563556768509,-60610876.30255635,387462571.0,64.43018335080158,66.73159214750224,15.139330494945515,3702.5952580647663,3296.008477286796,73.38694149116525,1842.1922038363211
2024-11-19,3527.0059150429074,3573.670801019988,3462.7056971346988,3473.5048828125,1826460,3547.6445068359376,3523.175074150803,3523.1702269432644,44.800242659676755,0.004847207538659859,-62081832.09479268,385636111.0,48.69424982732295,59.441366817614984,14.416706686711228,3697.4269619476254,3293.2804110992492,76.0710959478884,1843.0958993562847
2024-11-21,3497.3823457348035,3497.9273120409725,3420.5488693375355,3451.31201171875,1510581,3545.766025390625,3512.1192183920257,3517.8473961858926,42.82662930445103,-5.728177793866962,-62391297.72576256,384125530.0,14.47217960870429,42.532204262276274,14.298857904057186,3696.8335716330644,3291.0600562966233,76.164477858999,1843.8215597784142
2024-11-22,3467.65948036631,3580.110723515332,3441.008137113958,3570.203125,2534018,3545.911669921875,3521.055204024022,3521.7255983202713,54.41291255581406,-0.6703942962494693,-60218251.20191014,386659548.0,70.40318704491959,44.52320549364894,13.542895954124907,3704.0576170949325,3298.509179780068,80.66005704059724,1845.0930692089867
2024-11-25,3626.18110979966,3726.247856272274,3620.2365506032675,3718.32177734375,4753829,3550.192744140625,3551.4039076116724,3536.2882782479364,64.15803318620294,15.115629363735934,-56175275.13648959,391413377.0,97.40722761040222,60.76086475467537,14.344937974647719,3735.6484690165075,3297.666570045992,86.04467662857415,1847.696160361042
2024-11-26,3720.203996884119,3720.203996884119,3655.9037805332373,3668.387451171875,1141534,3551.7898486328127,3569.4013758517035,3546.073402168228,59.53732229134178,23.327973683475648,-56873559.16665924,390271843.0,81.07275209493866,82.96105558342016,15.089691279418902,3738.774756058861,3331.812670698952,84.49150089445327,1848.3178493684093
2024-11-27,3669.774513123046,3685.6266708471194,3650.950075825708,3664.5234375,971816,3553.4880126953126,3584.0355391822104,3554.8474788594704,59.18212271665004,29.188060322740057,-57084584.78105657,389300027.0,79.80875913551813,86.09624628028634,15.705280153928298,3735.587143368296,3370.4595607332667,80.93329333209313,1848.842602857594
2024-11-28,3665.811542392949,3686.1221198575586,3614.2920288241835,3632.17529296875,2124283,3553.5633154296875,3591.4416551493705,3560.575465089787,56.16136299414921,30.86619005958346,-58151118.48795986,387175744.0,69.22706082647017,76.70285735230898,15.714825811393265,3726.8771922185824,3407.421049968918,80.28306459647042,1849.9742085617545
2024-11-29,3601.511214374312,3715.349423970889,3601.511214374312,3690.38232421875,2094305,3554.1498486328123,3606.6632965446597,3570.1907879882287,60.10713203782731,36.47250855643097,-56975463.245922595,389270049.0,88.26769679116381,79.1011722510507,16.03501574236567,3725.3915257284953,3440.25930434963,82.6798606679066,1851.1039030882444
2024-12-02,3672.5981504936294,3683.4965085580607,3638.96166095972,3669.823974609375,1158369,3553.626728515625,3616.3803239392314,3577.5710240342396,58.11747227766574,38.8092999049918,-56528350.27717464,388111680.0,81.54266645478137,79.67914135747178,16.332334963982902,3734.4083124328254,3439.3419805359244,80.44706085298684,1851.726427123403
2024-12-03,3686.61739260098,3763.7481434838655,3667.29757557445,3752.05712890625,3252670,3555.67462890625,3637.253678549542,3590.4959206914255,63.3442950191687,46.75775785811675,-54064208.80967404,391364350.0,96.59352001641156,88.8012944207856,17.415392208379103,3759.03832872316,3430.6334730346525,81.5901684998746,1853.5334438052691
2024-12-04,3740.118390394391,3799.5639807052953,3723.3250595085055,3754.880615234375,2510166,3555.5953662109373,3655.350130347209,3602.6725647316443,63.51266723528736,52.67756561556462,-54496441.86280757,393874516.0,88.21066386781506,88.782283446336,18.73282102789066,3781.744582127866,3429.2731424815092,81.20793654965425,1854.9490248827437
2024-12-05,3774.795072699305,3848.1113024577694,3725.2570796192617,3796.14599609375,2765170,3556.464267578125,3677.011032769754,3617.0039300177264,65.97270159676009,60.00710275202755,-54070514.306064576,396639686.0,87.84614775793308,90.8834438807199,20.345955525157926,3810.2378521513356,3426.2176410127267,84.18267128457235,1856.5309837881084
2024-12-06,3796.591629891723,3848.0615541590573,3764.8873156546315,3830.970947265625,1856562,3557.9523828125,3700.6971734614262,3632.853338702756,67.93736266947802,67.84383475867025,-52976923.43476559,398496248.0,95.99114565162829,90.68265242579214,21.84386612976324,3842.3334008563475,3416.0426489483402,84.11064037170475,1857.6052829979703
2024-12-09,3831.7637313714667,3922.418257918458,3831.7637313714667,3910.826416015625,3332753,3560.9930224609375,3733.0247492389954,3653.4439370222276,71.93839054515968,79.58081221676775,-50496477.48105891,401829001.0,97.6902671956921,93.84252020175116,23.78512081525567,3889.7566164877708,3398.416528043479,84.6346882489282,1859.603335631103
2024-12-10,3918.4552120818294,3926.8766708182884,3865.251456441381,3886.8994140625,2349493,3564.183271484375,3756.6977745964577,3670.736935321507,69.15382869118726,85.96083927495056,-51195291.43971589,399479508.0,92.10447132492524,95.26196139074854,25.618325687211843,3924.325113272567,3389.8901455164955,82.99115440092672,1861.012781881792
2024-12-11,3886.8993599564724,3911.1729759766104,3865.9448861460396,3880.55859375,1237958,3568.366259765625,3775.7532852354643,3686.2792803902844,68.39824434640279,89.47400484517993,-51633252.96381983,398241550.0,90.46695271349374,93.4205637447037,27.320587354028294,3953.883444815011,3388.855764169364,80.29379264590129,1861.7520411489218
2024-12-12,3893.6862496560757,3922.4182855950135,3811.403594909171,3824.23388671875,1899867,3572.019189453125,3783.211839309816,3696.4981401183186,61.92568934438419,86.7136991914972,-53093973.61555192,396341683.0,68.4530788174767,83.67483428529856,27.76371475643836,3969.658305229832,3399.6877396920427,82.4881425058971,1862.8669216975964
2024-12-13,3823.342220588058,3861.981854328129,3759.1409346122255,3851.08349609375,2300361,3576.64603515625,3793.6536326611904,3707.9489072276097,63.6896346993963,85.70472543358073,-51281164.81395019,398642044.0,76.70521771029217,78.54174974708754,27.23031438257221,3984.0997179195597,3418.838050635128,83.94191230661184,1864.1957607208863
2024-12-16,3846.1296229071436,3878.230144335169,3821.6083173515144,3842.01806640625,918660,3584.179775390625,3801.094314775815,3717.879956055657,62.63451459180277,83.21435872015763,-51537549.46659921,397723384.0,73.9189877931464,73.02576144030509,26.917791579457752,3990.881277395938,3446.8915985806243,81.99047764068632,1864.7322162954104
2024-12-17,3827.354784853903,3839.59052354427,3761.9150501295635,3772.020751953125,1690180,3590.386884765625,3796.62145895694,3721.890385381396,55.05091566906588,74.73107357554409,-52787939.289410196,396033204.0,52.40554404341704,67.6765831822852,25.638568125625202,3987.126274471517,3476.906684512858,81.85565897182919,1865.6905343348735
2024-12-18,3772.020891790718,3783.7119065193083,3710.395676856457,3723.424072265625,1318341,3596.129326171875,3785.3603225428915,3722.0039918172647,50.481083882127145,63.356330725626776,-53637738.251416646,394714863.0,37.469514810741636,54.59801554910169,23.90207648761346,3970.577757513796,3518.4471204158913,81.24569973547361,1866.4171928717792
2024-12-19,3667.941514543971,3727.4366924425294,3665.8114776014195,3682.010498046875,1856838,3599.7743359375,3769.460349543504,3719.041510797236,46.9075399605994,50.41883874626819,-54518386.33294083,392858025.0,14.951925260270954,34.94232803814321,22.861878429567962,3940.8751500205344,3571.2195765419656,79.84423652873333,1867.4138174321688
2024-12-20,3682.0105432934306,3690.5805194235677,3573.770027388189,3596.309814453125,2796593,3602.602958984375,3742.8218056834457,3709.9502740310054,40.515774204686466,32.87153165244035,-56235716.50938901,390061432.0,6.3832803727460234,19.60157348125287,22.886200463164307,3937.2140217767665,3577.491373731046,82.48468335063656,1868.8540115432713
2024-12-23,3636.0887444633295,3665.8115407395962,3583.628057412665,3606.861328125,1217612,3606.172666015625,3721.9048091359923,3702.3140558157456,41.571421113091624,19.590753320246677,-56764890.68530575,391279044.0,9.371474978595678,10.235560203870884,22.908785208646634,3942.7003642682603,3560.8589863176776,82.46316906322905,1869.4798004640118
2024-12-24,3614.2423464556105,3645.0054881752694,3598.835982411058,3606.1181640625,627922,3609.2876123046876,3704.091479124686,3695.188434204394,41.51553779914471,8.903044920291904,-57194732.069485895,390651122.0,9.16101049815406,8.305255283165254,22.929756758023075,3946.819024189407,3550.513397685593,79.87076454187066,1869.8019549088585
2024-12-26,3624.1995464681772,3631.283382671433,3576.989936171985,3595.962890625,1124705,3610.7628515625,3687.4563116631957,3687.838393939254,40.710192656232955,-0.3820822760580995,-57533376.205278456,389526417.0,6.285031349517528,8.272505608755756,23.18710630439989,3951.309024462391,3539.167342725109,78.0438132531262,1870.3736543245432
2024-12-27,3598.836013241129,3609.9820616491907,3570.2031500845333,3574.7607421875,1309122,3611.8764697265624,3670.1185317438576,3679.462271587272,39.00879119800625,-9.343739843414369,-58542517.94667726,388217295.0,1.2778050059872057,5.574615617886264,23.50111804576147,3956.1151936059487,3528.619718503426,75.31060598966415,1871.0323081160952
2024-12-30,3574.562331818288,3589.522902163864,3533.0495912548545,3545.8798828125,1591690,3612.79490234375,3651.0048934467254,3669.5672798261776,36.75538471005798,-18.562386379452164,-59410969.07717684,386625605.0,3.2578489960284567,3.60689511717773,24.194889461448152,3964.620586230378,3505.664081738372,73.96508491247452,1871.8189884299302
2024-12-31,3529.6315728968502,3587.1452309068904,3517.19748832877,3574.314697265625,1267628,3613.5349951171875,3639.206401726556,3662.5115329698406,40.40551280054491,-23.30513124328445,-58608383.781891584,387893233.0,14.095330082312442,6.210328028109369,25.003657863662607,3968.8807191186916,3491.853021115683,73.6781318885921,1872.4462426686584
2025-01-01,3566.7355253067485,3654.9131535712763,3566.6859389363945,3633.61181640625,1202029,3615.3124169921875,3638.345696292663,3660.3708132243896,47.24350168733079,-22.025116931726643,-57986783.9639099,389095262.0,28.72861631556192,15.360598464634274,24.428104580450004,3966.3676870275963,3482.5215219567785,74.71735208475567,1873.0613394772072
2025-01-02,3642.627825225075,3689.6889189264243,3616.3231023687426,3679.186767578125,1882900,3617.8467822265625,3644.6289380288877,3661.7645876209626,51.81935615802437,-17.13564959207497,-56642949.74962676,390978162.0,44.86831774200614,29.230754713293503,23.30556960679961,3962.928082714084,3478.391741504666,74.62081383282182,1874.0478759619814
2025-01-03,3673.7374314503086,3685.5273766150435,3617.7099149642713,3626.081787109375,1290107,3620.7794287109373,3641.7755301951165,3659.121417212697,46.732927533331704,-17.34588701758048,-57614536.69315159,389688055.0,30.159127427707052,34.585353828425035,22.263215702695675,3955.1670362285067,3469.1463670918056,74.13486010553255,1874.7161569693187
2025-01-06,3650.702274020346,3658.132972725863,3552.3693611506756,3569.90576171875,1212012,3623.708115234375,3630.718642737214,3652.512850139071,42.03279942196809,-21.794207401856966,-58424627.32135344,388476043.0,16.349073221990622,30.45883946390127,22.162600642015573,3943.226717363014,3454.9801674026107,76.39405663907935,1875.3259150114352
2025-01-07,3573.770038977811,3616.1250235998264,3562.4752312810992,3609.635498046875,1453540,3627.6840380859376,3627.4750820156232,3649.3367499840933,46.157225255850285,-21.8616679684701,-57322730.24724579,389929583.0,34.68405587423743,27.064085507978366,22.06917237138405,3910.5932129617076,3457.4945800070427,74.76946633048276,1876.057724096936
2025-01-08,3628.1626740164215,3629.99567654501,3556.8279627850775,3563.119384765625,1813201,3633.033154296875,3617.5742055156234,3642.950278486429,42.357245353433846,-25.37607297080558,-58824110.30764449,388116382.0,21.84268944055125,24.29193951225977,21.708699099481017,3879.9179352390324,3455.7918548000303,74.65505543258632,1876.9629704275194
2025-01-09,3566.6362215577715,3572.977229611797,3453.7887734755,3495.301513671875,2921681,3636.7405712890627,3598.7630221550467,3632.01333294461,37.50882285734224,-33.25031078956317,-59710577.69348393,385194701.0,17.531329071529147,24.686024795439277,22.573224589206777,3849.5718012946454,3447.6122807366046,77.83601262570853,1878.3547683519241
2025-01-10,3467.60988365528,3519.377085743505,3460.030667567546,3503.475341796875,1794238,3639.8168798828124,3584.1033790230204,3622.4920002669996,38.42367839888481,-38.38862124397929,-58877864.04936735,386988939.0,21.062542469568598,20.14552032721633,23.37599825823784,3825.959809876026,3439.1484176630365,76.51532730786928,1879.2014666348375
2025-01-13,3473.158149380393,3501.8405979080853,3416.734425780858,3432.289306640625,2137212,3640.925537109375,3560.747367887267,3608.4029118502312,33.78483598640838,-47.6555439629642,-60233838.280093305,384851727.0,5.698708484520701,14.764193341872813,24.545761863663333,3796.335973049189,3426.892835544561,77.24572650130838,1880.1814084210773
2025-01-14,3433.825194188746,3459.683881679932,3416.734586421315,3430.605224609375,2924491,3637.7610546875,3540.7254996906686,3595.232712795353,33.6812378732041,-54.507213104684524,-61269378.30657996,381927236.0,5.081725773651061,10.614325575913453,25.631970925844147,3759.463321112488,3422.6242033015747,74.7959814125447,1881.5078875424872
2025-01-15,3439.224660840124,3493.5676926152337,3439.224660840124,3469.04638671875,1155446,3635.2851416015624,3529.697943848835,3585.885577530419,38.32984675966167,-56.187633681583975,-61156680.342063904,383082682.0,19.165085115486256,9.98183979121934,25.888649901745943,3730.4050789712337,3421.385008919391,73.95073045492427,1882.0419918000136
2025-01-16,3502.336016404937,3510.7078886329764,3451.559574865827,3475.486328125,2305460,3633.9664404296873,3521.3576952759377,3577.70785535224,39.09999445477996,-56.35016007630247,-61596924.95194978,385388142.0,21.524431295149835,15.257080728095717,25.7631500754141,3708.142682653111,3418.853630823451,72.89341497722606,1883.114654985581
2025-01-17,3491.437718193442,3546.7717526774995,3479.499013600767,3535.675048828125,1600246,3633.8445751953127,3523.5603650531975,3574.5943141282314,45.90006774812508,-51.03394907503389,-60524603.22534355,386988388.0,43.57525742719172,28.088257945942605,24.919610260169737,3690.5453984270134,3421.8173701276737,72.77855851831701,1883.877644593625
2025-01-20,3541.86719925381,3583.7268018318755,3523.6373152399738,3559.800048828125,1593334,3632.8052685546877,3529.1357010185707,3573.4984426245196,48.38770103021464,-44.36274160594894,-60200153.72520265,388581722.0,52.4137270643756,39.17113859557239,23.460941082593216,3687.475839781781,3421.2359522104066,71.87219623785877,1884.6528961276167
2025-01-21,3579.3677309545706,3609.635493449755,3495.500004464314,3508.3798828125,2576596,3630.7157568359376,3525.942498217637,3568.674845601407,43.76816063720609,-42.73234738377005,-62195226.07594302,386005126.0,33.575361216995056,43.18811523618746,22.54101308462367,3681.701730208999,3417.1619172519386,74.89100286268607,1885.8916428433045
2025-01-22,3530.0772505720984,3549.24854990768,3457.8509562042627,3485.691162109375,1626055,3627.9000146484377,3519.749984970212,3562.5279060834787,41.86876620165474,-42.77792111326653,-62830670.61939345,384379071.0,25.654220512298814,37.21443626455649,22.223788447574275,3675.774395018424,3411.0465522472014,76.07004506559545,1886.6534238042925
2025-01-23,3459.7333463792547,3495.2025968754374,3428.6235842911324,3470.87939453125,1993204,3625.411220703125,3512.2314325949874,3555.7391274499805,40.629180685258575,-43.50769485499313,-62293814.568196535,382385867.0,22.429699530348493,27.21976041988079,22.31341446229709,3670.8108874340132,3403.5017102222364,75.3921141740747,1887.5672946727589
2025-01-24,3482.0254324332586,3488.5645440837366,3414.2079702539204,3426.24560546875,1206454,3622.772822265625,3499.0028438063355,3546.14701471063,37.06775291447962,-47.1441709042947,-63109641.28650625,381179413.0,5.5784620086703525,17.887460683772552,22.58087832274655,3670.5154813333024,3388.945602651073,75.31814700662767,1888.1122604244729
2025-01-27,3415.3472915835446,3461.6157279989393,3369.722752313938,3425.70068359375,1552938,3620.9835107421877,3487.725588389015,3537.2250642575277,37.025081477495114,-49.499475868512945,-62770590.13286744,379626475.0,21.507397069898165,16.505186202972336,23.361280293783643,3671.33001943212,3376.11314463038,76.5020633407972,1888.8023586011539
2025-01-28,3432.933319566636,3449.9743407371952,3372.5961410040695,3382.35498046875,1657689,3618.7572705078123,3471.514725632051,3525.7532061991,33.701636506740996,-54.23848056704901,-64010147.90497222,377968786.0,5.265342763792873,10.783733947453797,24.08593926688952,3671.9359404767683,3356.311251906044,76.56464451167781,1889.5299652993972
2025-01-29,3399.2970578637423,3423.0752943512766,3380.4726206444443,3417.82421875,1238704,3616.9253564453124,3463.2546476501966,3517.7584663880557,38.561494769783955,-54.50381873785909,-63076801.65769752,379207490.0,20.04956727530831,15.607435702999782,24.75883688477354,3656.4300039740865,3350.2384286431006,74.13878945418885,1890.0751804278905
2025-01-30,3423.07526485292,3485.295031502735,3363.629674146357,3389.33984375,2717740,3615.2420556640627,3451.8831393578585,3508.245975822274,36.26259921210038,-56.36283646441552,-64645922.89132291,376489750.0,10.451041230018513,11.921983756373232,23.95666428430775,3626.7270660078148,3350.9566742265606,77.53354430434523,1891.2744560372812
2025-01-31,3468.6997537985585,3556.827792366174,3448.884557183705,3534.4365234375,3995513,3616.9045458984374,3464.5836599854956,3510.186016386365,51.97024816129532,-45.60235640086921,-62308033.10300043,380485263.0,69.43203610988064,33.31088153840249,22.546725386995178,3609.0680770842096,3359.4511367829778,83.95885889804728,1893.1505406040048
2025-02-01,3544.938689720812,3595.6655448971665,3370.5649587563453,3415.64453125,4752505,3613.8133740234375,3457.054563256958,3503.182943413301,42.6935490438837,-46.128380156343155,-65157025.568031475,375732758.0,21.14375068481338,33.67560934157085,21.7934842665674,3598.2582617952135,3354.834829025099,94.04041084395969,1895.3039468797017
2025-02-03,3388.3985608380526,3388.3985608380526,3239.7845888714714,3258.80712890625,6077580,3604.6230810546876,3426.5549579722333,3485.0810312275935,34.05141493690792,-58.52607325536019,-69678749.04478927,369655178.0,5.143299583508847,31.906362126067624,22.468477466350517,3598.728043099915,3319.282210806335,99.8846630964289,1897.759847656533
2025-02-04,3285.359605382587,3417.1306631376783,3276.6904568460677,3407.37158203125,4742516,3599.402763671875,3423.603669365928,3479.324775731568,45.33868184232721,-55.721106365640026,-65595340.56840587,374397694.0,45.31204090222976,23.866363723517328,22.63412229762781,3584.052854056794,3318.3826195760184,104.05886817750027,1899.7678640060465
2025-02-05,3412.8208659180355,3419.0627014329593,3348.2233712162338,3351.938720703125,2670316,3593.1510693359373,3412.5782926485736,3469.8887716553872,42.421230348076804,-57.310479006813694,-67985553.4914828,371727378.0,30.324146958498183,26.926495814745596,22.75629727778441,3581.970691275815,3306.1285030601225,101.68604403744494,1900.900703895906
2025-02-06,3372.546460811088,3372.546460811088,3311.8128348643077,3321.77001953125,2874856,3586.9429638671877,3398.6077890920624,3458.917012238784,40.879479786450084,-60.309223146721706,-69917753.04255116,368852522.0,22.167156993508268,32.601114951412065,23.232877732263898,3579.7960788000355,3290.1325833093397,98.76087131668318,1902.0871896886688
2025-02-07,3335.8883741239174,3338.811067268702,3280.504995940615,3306.06640625,1722789,3579.2566455078127,3384.3706532702067,3447.5947451285037,40.06326426605621,-63.224091858297015,-70129998.95492998,367129733.0,18.624716005804743,23.705339985937062,23.97070678021849,3584.0186159151967,3273.2877561551154,95.87124274606916,1902.7839298361887
2025-02-10,3316.8657738090396,3318.054637216108,3263.61243348346,3297.892578125,1236663,3571.818017578125,3371.0663340170977,3436.5056957208367,39.61983662489117,-65.439361703739,-69809304.47832884,365893070.0,16.32792883959014,19.03993394630105,24.81204873381884,3587.4901966514817,3256.5449107703935,92.91202567368194,1903.2782127036267
2025-02-11,3329.894307442661,3329.9438938126723,3201.1451118443156,3209.715087890625,2593537,3560.9711767578124,3346.2430653822557,3419.7063914371174,35.105734232004494,-73.46332605486168,-72057705.45102265,363299533.0,2.1722515054527904,12.37496545028256,26.12519433483066,3596.8828111747666,3221.2191663642957,95.47536540901585,1904.2792278444858
2025-02-12,3228.8862381020726,3269.507390529868,3192.475814889354,3259.2529296875,1632415,3551.058623046875,3332.859967583063,3407.820949826035,39.29057444975918,-74.96098224297202,-70859905.362033,364931948.0,16.562206283590662,11.68746220954453,27.413629582672524,3594.245404263307,3202.2332334320054,94.15795185412289,1904.9054617186525
2025-02-13,3259.253165263129,3284.269852407941,3222.892325789994,3233.493408203125,2127644,3539.8055712890623,3317.572804601534,3394.9077985947083,37.92114582394495,-77.33499399317452,-72252579.06809455,362804304.0,10.173273340314585,9.63591037645268,28.298237216915737,3581.0084193440057,3185.2520542888064,91.81649290868174,1905.7247486885456
2025-02-14,3244.7882073809574,3255.4388761369437,3191.782553572095,3207.733642578125,1378340,3527.3408251953124,3300.674471982548,3381.0430462971835,36.549258651861784,-80.36857431463568,-72940146.39588517,361425964.0,3.949433214232982,10.22830427937941,29.39615298604483,3560.0175747246935,3171.036258283119,89.80505216983651,1906.2436754194641
2025-02-17,3183.8564785574367,3209.4674764678302,3165.0320407321565,3192.079833984375,1966689,3512.9658935546877,3283.9676045982133,3367.0457713110495,35.70394868691085,-83.07816671283626,-72512593.20684294,359459275.0,6.280930998312282,6.801212517619949,30.641758997556668,3546.5914280210204,3152.8324001039796,86.56436528168203,1906.9667895701214
2025-02-18,3197.1820654609105,3211.0527034889406,3153.5886316585306,3190.395263671875,2428215,3499.035810546875,3269.571859840315,3353.9605485229627,35.60850549176361,-84.38868868264763,-71830189.23720056,357031060.0,8.325843515260868,6.1854025759353775,31.894226035613645,3533.108250997159,3136.7859872840913,84.48577289230545,1907.8557976415684
2025-02-19,3190.395264786494,3272.331298674196,3181.9244614956297,3245.630126953125,1677978,3486.3372412109375,3265.888516319209,3345.936072851123,41.16234002060851,-80.04755653191387,-71143374.74032556,358709038.0,20.820244744359634,11.809006419310927,31.712621585898596,3515.153844336089,3132.215467187348,84.90870605560981,1908.4926074510172
2025-02-20,3229.9267819538545,3255.091986048982,3217.740387102775,3245.53125,1236693,3474.7631884765624,3262.7566291931767,3338.4986785658543,41.155496828134936,-75.74204937267768,-70539784.24089867,357472345.0,34.63337056594353,21.259819608521344,31.54398888259176,3502.935195256497,3126.362680720066,81.51176983350963,1908.9637337572735
2025-02-21,3245.531107782703,3294.177270429151,3240.676239472465,3284.468017578125,1706850,3463.43087890625,3266.096842790861,3334.496407381578,45.030982844471275,-68.39956459071709,-69452445.2272268,359179195.0,49.300252198190805,34.91795583616465,30.593702701077323,3489.158028009104,3126.016581365896,79.51100277087937,1909.629854707067
2025-02-24,3259.302704595859,3294.771956412763,3219.9695860296133,3227.598388671875,1512844,3451.1424853515623,3260.174003695632,3326.578035625304,40.80402019282324,-66.40403192967187,-70656711.08336814,357666351.0,27.87833744976671,37.270653404633684,29.98414513384098,3481.205577308775,3118.493372886537,79.17467188604152,1910.2086174438894
2025-02-25,3203.1265325672966,3218.929103489593,3176.7722243174926,3196.092041015625,2529084,3439.6239111328123,3250.3152402064,3316.9124063949575,38.640022916458776,-66.59716618855737,-70867718.40151945,355137267.0,19.411687411040432,32.19675901966598,29.946973185937907,3466.998376758841,3110.5273556630336,77.14977849092301,1911.1387748257366
2025-02-27,3208.0804058264525,3228.3909828244273,3154.5793737342265,3179.84375,2572065,3428.7523046875,3239.473472482339,3306.7591725879233,37.53447291629143,-67.28570010558451,-71679040.91829796,352565202.0,14.174912588195967,20.488312483001035,30.16403581386671,3456.272724290662,3100.303398756213,76.91133781944286,1912.0762674898224
2025-02-28,3170.233491733098,3170.233491733098,3111.976762791947,3134.61572265625,2494680,3417.8044091796874,3223.341510970633,3294.007805926318,34.56951243930105,-70.66629495568486,-72234821.7929684,350070522.0,10.386409986811511,14.657669995349302,30.81348426133449,3403.5069203753083,3113.0871225934416,76.26531277577217,1912.9495994071738
2025-03-03,3136.696173009949,3197.1821116617484,3130.801200139797,3167.756591796875,1352460,3409.2333447265623,3214.789984943901,3284.655864138952,38.40877954623252,-69.8658791950511,-72081406.44854793,351422982.0,25.590936002008636,16.717419525672035,30.820512088960673,3376.8961226189263,3114.9091264045114,75.55928411478499,1913.4326934328826
2025-03-04,3141.7489535167992,3191.2373578011934,3138.52898412442,3183.311279296875,1442098,3400.76234375,3209.9471071520506,3277.1488578543535,40.1828702554114,-67.20175070230289,-71073022.53083074,352865080.0,39.02428455143192,25.00054351341735,30.82703792889927,3375.741193510212,3108.514470552288,73.9270762263556,1913.9497716345616
2025-03-05,3183.3114343410048,3215.0157499024463,3158.3939205833267,3209.715087890625,1945855,3392.8342822265627,3209.911411881062,3272.1537637829665,43.175039292341395,-62.242351901904385,-69491490.61268954,354810935.0,53.4687609464301,39.361327166623546,30.292837966127873,3342.747800423221,3121.7422142252167,72.69098716155302,1914.6597499333539
2025-03-06,3220.068579328378,3236.2673572122503,3185.292812983288,3229.77783203125,1854837,3385.5105810546875,3212.9677842118604,3269.014805875432,45.40956596955749,-56.04702166357174,-68108929.00426869,356665772.0,64.44429249253982,52.31244599680061,29.332656919410113,3322.0407419703306,3130.2331838109194,71.13981266636797,1915.3477978784158
2025-03-07,3229.778007525388,3258.60921653258,3210.1611555824775,3214.718505859375,930240,3378.309736328125,3213.2371260037853,3264.9928577260944,44.01061115322018,-51.755731722309065,-68864159.74947323,355735532.0,56.205932460430034,58.039661966466646,27.97127740105691,3306.1065678149116,3135.4622065991507,69.5189732580633,1915.6954334280838
2025-03-10,3216.0065951851507,3216.3038715283815,3139.7676702104354,3148.337646484375,1777752,3370.3588916015624,3203.252590693107,3256.3517309674485,38.3954963814443,-53.09914027434161,-70243791.8480776,353957780.0,19.891597241803805,46.84727406492454,27.734874651881643,3294.2993766077707,3131.4965218297293,70.02020383376922,1916.329076272687
2025-03-11,3141.006069962357,3174.7908364600885,3131.891127518692,3165.923583984375,1274649,3362.1910693359373,3197.5096665840715,3249.653349709443,40.559178131522195,-52.14368312537135,-69496075.7704597,355232429.0,29.51216611544698,35.20323193922694,27.617369984283425,3280.113692158374,3132.4853068650636,68.08302562717117,1916.779159778198
2025-03-12,3175.3853579070405,3192.1786891920365,3123.9154314498933,3164.14013671875,1360149,3352.8016357421875,3192.3758927586377,3243.3190376360585,40.404194155210085,-50.943144877420764,-69253266.03522332,353872280.0,28.536512855479696,25.98009207091016,27.119869730741517,3280.053070080099,3127.988433826151,68.09589934966917,1917.2600573844925
2025-03-13,3172.6606881398275,3203.2750703502657,3148.6843484605674,3157.848876953125,1414376,3342.3748779296875,3187.0640441731744,3236.987914622508,39.82606210241301,-49.92387044933366,-70192759.53861961,352457904.0,25.094814175658076,27.71449771552825,26.409844222730168,3273.0743329313755,3124.8267657014367,67.13124381681409,1917.7636966434998
2025-03-17,3160.523832416647,3210.1114098884045,3129.8102779323476,3144.126708984375,2805790,3332.7357763671876,3180.4583002979743,3230.109306797461,38.53102861488605,-49.65100649948681,-71998092.92977755,349652114.0,17.58796035913225,23.739762463423343,26.046822923385754,3270.488530552501,3118.475898158437,68.0719501124743,1918.7547581070341
2025-03-18,3144.126708984375,3144.126708984375,3144.126708984375,3144.126708984375,0,3324.2201953125,3174.868824711267,3223.7402254779736,38.53102861488605,-48.871400766706756,-71998092.92977755,349652114.0,21.92553242633158,21.53610232037397,25.709731716851653,3270.0960108342597,3112.5077245173024,63.20966796158327,1918.7547581070341
2025-03-19,3244.7385528309187,3295.8618585393383,3238.29861371843,3288.876953125,1616312,3317.8050244140627,3192.408536774918,3228.565168266642,56.02491380687816,-36.156631491724056,-70774037.70665608,351268426.0,96.20148365698238,45.2383254808154,25.108615889421692,3285.689915055691,3106.593532209934,69.5329166468247,1919.3768065965742
2025-03-20,3304.4318830508832,3327.863257411344,3246.6209474165394,3320.0859375,2434722,3312.94435546875,3212.0512138095464,3235.34448450615,58.75070080146777,-23.293270696603486,-68805467.19571143,353703148.0,96.39749585769356,71.5081706470025,24.94875587044436,3307.108366549401,3098.1441480990366,70.36930188596612,1920.3292190890686
2025-03-21,3325.980742840182,3423.07520599131,3301.954817009418,3384.385986328125,3042073,3310.726044921875,3238.5642557354813,3246.384595752222,63.737877812175306,-7.820340016740829,-67706839.58121198,356745221.0,87.06737236899845,93.22211729455812,25.77907108841936,3339.8001148831445,3079.327985702793,73.99437953567511,1921.5791220412905
2025-03-24,3417.130688591747,3484.502357720259,3414.1584090713714,3449.67724609375,1955564,3309.6500830078126,3271.043177329061,3261.443310592335,67.97228477927536,9.599866736726199,-67687553.99323882,358700785.0,90.34210364010882,91.26899062226694,27.047853599910805,3386.555096641811,3052.9876035535012,75.86023609685074,1922.4255938018641
2025-03-25,3472.613329841321,3492.4285271585327,3403.607001938025,3437.54052734375,4235900,3309.755107421875,3296.6581542543977,3274.4875488702173,66.41965847412811,22.170605384180362,-68686873.22277209,354464885.0,85.10554972022507,87.5050085764441,28.021771094329125,3417.7669240206365,3037.083027151238,76.78604246282625,1924.2500056109634
2025-03-26,3440.9088610189397,3464.4889931540906,3386.912450732291,3412.969482421875,2315715,3309.402392578125,3314.5522047417016,3284.745469874044,63.26878069242012,29.806734867657724,-69446946.34301518,352149170.0,78.43793187760114,84.62852841264501,28.596247215111475,3443.5069236959025,3029.880136850972,76.84250674561008,1925.2304354527434
2025-03-27,3428.029165516825,3495.4008369778494,3419.1123266469835,3469.244873046875,3467864,3309.4063623046877,3338.3510767886514,3298.4120923312908,67.11641393342686,39.938984457360675,-68357037.43240236,355617034.0,92.9590870753586,85.50085622439492,29.41026512762125,3479.5061068460877,3021.1962369039124,77.2417101606361,1926.7352516423516
2025-03-28,3477.46799039738,3481.5302026409804,3440.463254176872,3460.03076171875,1348143,3309.0972509765625,3357.071028316359,3310.3838456192507,65.89922429742009,46.687182697108256,-68420458.81043498,354268891.0,90.47874432406535,87.2919210923417,30.166138903523187,3508.3395858613876,3020.381459060487,74.65779861088413,1927.3192380104501
