Date,Open,High,Low,Close,Volume,SMA_50,EMA_12,EMA_26,RSI,MACD,ADI,OBV,SO_K,SO_D,ADX,BB_High,BB_Low,ATR,VWAP
2020-04-01,472.17774460621314,485.8316751810511,452.81398851826117,462.44622802734375,377302,,,,,,-157161.60867745485,377302.0,,,0.0,,,0.0,467.03063057555204
2020-04-03,466.66659075115655,472.47569404247486,428.4852190203034,447.1042175292969,511693,,,,,,-235705.7872900694,-134391.0,,,0.0,,,0.0,456.8568116432231
2020-04-07,468.7022247938736,471.8302102755883,447.9978937606456,453.6580810546875,508313,,,,,,-502569.5952073461,373922.0,,,0.0,,,0.0,457.2103757134965
2020-04-08,454.8000832801343,478.63240205463916,449.3385102276436,459.3679504394531,245875,,,,,,-580082.6290580649,619797.0,,,0.0,,,0.0,457.99384281891304
2020-04-09,468.6028961765349,493.03102555811006,454.94896545866175,461.3539123535156,1338755,,,,,,-1468512.4807951786,1958552.0,,,0.0,,,0.0,463.2843807931418
2020-04-13,463.78677127580784,464.6308384990554,430.0243247807501,450.67901611328125,683063,,,,,,-1336211.3247571213,1275489.0,,,0.0,,,0.0,460.51864653965066
2020-04-15,452.3671483210009,460.7581219304867,444.8699108294354,451.2251892089844,1876608,,,,,,-1711534.3564954053,3152097.0,,,0.0,,,0.0,457.73020744408495
2020-04-16,451.2252560101106,459.21903158637105,447.84901671217733,457.1336975097656,289907,,,,,,-1527968.984511845,3442004.0,,,0.0,,,0.0,457.58125028174925
2020-04-17,466.7162105017817,498.4926333444562,462.29728957847897,485.23590087890625,1153738,,,,,,-1219356.0425982059,4595742.0,,,0.0,,,0.0,461.61585958341976
2020-04-20,486.9737018417292,503.85492744194175,470.24142217123483,475.0079040527344,398374,,,,,,-1504749.1179509165,4197368.0,,,0.0,,,0.0,462.771487892107
2020-04-21,466.7162126361914,476.547037437231,454.3531859456808,470.1421203613281,273636,,,,,,-1389050.1835070257,3923732.0,,,0.0,,,0.0,462.92310019080213
2020-04-22,465.4253344171507,474.6603457589169,456.78610679728405,470.2414245605469,340691,,465.4015219571674,,,,-1216812.4178209917,4264423.0,,,0.0,,,0.0,463.1065321956695
2020-04-23,471.6812378061965,501.07443258088546,471.6812378061965,495.41424560546875,1142421,,470.01886405690607,,,,-514378.73558005365,5406844.0,,,0.0,,,0.0,466.3915998539219
2020-04-24,491.54151182228674,491.54151182228674,474.85890293672753,482.35614013671875,199181,,471.9169065307234,,59.32284303133739,,-534534.1151899374,5207663.0,71.47555993589224,,0.0,,,28.385980592779088,466.7440699482092
2020-04-27,479.62537770136163,501.7695600366378,475.50437896417804,490.54852294921875,709739,,474.78330905664575,,62.940525759184375,,-431225.93471612304,5917402.0,82.34515593680764,,0.0,,,28.23449491275628,468.33527388060537
2020-04-28,492.53454558814184,497.4996115718933,468.10641488721325,488.3142395019531,1299395,,476.86499066361614,,61.33829775530585,,56047.35774325131,4618007.0,78.95088570344633,77.5905338587154,0.0,,,28.31725932503655,470.20213189903825
2020-04-29,485.5834214200383,493.97439450496944,479.6253426296084,483.64703369140625,209084,,477.90838189866076,,58.015952613020964,,-35834.29867768391,4408923.0,72.62937992898495,77.97514052307963,0.0,,,27.3195302214883,470.4833785401794
2020-04-30,490.5485043365176,506.3374076257487,488.711423917301,501.4716491699219,935890,,481.53349994039326,,65.6648650206411,,383339.61255829013,5344813.0,93.62395244114329,81.73473935785819,0.0,,,26.98887620097788,472.60756134985553
2020-05-04,486.6260735832243,491.4918621771923,467.7091855260469,474.2134094238281,269260,,480.40733216861406,,50.509919460969826,,261357.17533272493,5075553.0,57.90499216606356,74.71944151206394,0.0,,,27.47270387547053,472.71720812802613
2020-05-05,478.63234065468737,483.8952982538366,471.2343805290497,472.47564697265625,327042,,479.1870729076975,,49.72206184159235,,-1558.9423143343301,4748511.0,44.91111169647725,65.48001876789469,0.0,502.87557920869114,440.32807374541045,26.414719150421696,472.7959390981889
2020-05-06,476.3484410210399,483.5477866735725,448.395095381858,467.21270751953125,751468,,477.3448628479796,,47.314972005525085,,51510.79509674323,3997043.0,33.10689609493233,45.307666652491044,0.0,502.90312347586513,440.77717742745523,27.038860017656894,472.44789224466547
2020-05-07,467.11344288647797,471.9295633763353,460.7085253851861,462.14837646484375,214394,,475.0069418659587,,45.054695226802636,,-107862.37124854219,3782649.0,23.736161969331558,33.918056586913714,0.0,501.9020470186886,443.2826697781864,25.909015587192062,472.3332036267745
2020-05-08,470.6882316702381,470.6882316702381,452.9133024001025,456.5874328613281,243041,,472.1731712498617,,42.64562948649012,,-250428.78394010867,3539608.0,14.138782458295632,23.66061350751984,0.0,501.69572831929656,443.7819236582425,25.32800942168803,472.12464412251705
2020-05-11,459.4672032825568,463.2902797219525,445.86291080874327,447.4020690917969,209138,,468.3622324563132,,38.941751828960534,,-422625.2941943696,3330470.0,2.545136155016006,13.473360194214399,0.0,502.6315889190642,441.6494749237092,24.76367795679669,471.8372084391676
2020-05-12,451.22518999092796,454.800043555731,440.5999669813017,445.5650329589844,127876,,464.8549709951857,,38.22667185806914,,-461077.4416349453,3202594.0,7.552873870671589,8.078930827994409,0.0,503.6805306686325,439.02164523468775,24.009135000913307,471.62010007051686
2020-05-13,455.4951269058844,459.31820314619995,443.87686136584176,447.6502990722656,1007475,,462.2080983916595,465.9826316030039,39.5828838835274,-3.7745332113443624,-976154.2799524964,4210069.0,10.724987194279354,6.940999073322317,0.0,503.9407532265379,438.4585509726808,23.397149770873657,470.2458545460842
2020-05-14,447.6503353271426,453.75739070818565,442.0398168470066,447.0048828125,305826,,459.86914214871194,464.5768724333369,39.29532251088455,-4.707730284624972,-1022806.1058525696,3904243.0,9.743177964351348,9.340346343100764,0.0,504.2915365298138,437.6857370297565,22.562894348752614,469.8116331099326
2020-05-15,446.90553631143194,449.2391231718096,436.925766716135,438.31597900390625,346808,,456.5532708956649,462.6316210681939,35.550910621130726,-6.078350172528985,-1291302.924846325,3557435.0,2.0028517832931683,7.49033898064129,15.064864932958974,505.8339313052689,434.26157040371544,21.83078449924704,469.2089749925225
2020-05-18,435.93279690621705,436.77686419116674,403.0144152280429,411.6039733886719,381082,,449.63799435612754,458.85179531415525,27.02509138357111,-9.213800958027718,-1478481.573431028,3176353.0,8.313307581691486,6.686445776445335,16.74819662485046,509.53365554800996,423.198653411951,22.79298301900535,468.0189765846528
2020-05-19,418.555057146322,421.83198853248615,398.2479254073968,400.5815124511719,179668,,442.09084329382665,454.53547806504537,24.42235769573982,-12.444634771218716,-1622594.1295062746,2996685.0,2.158939978138665,4.158366447707773,18.45826497683431,514.2067212989286,411.08294850087606,22.849488740868498,467.3674014593314
2020-05-20,401.1773360594597,423.9173324633446,400.58152207374735,420.491455078125,489102,,438.767860491411,452.01369858453273,36.347282176985516,-13.245838093121733,-1277100.039657331,3485787.0,20.578810457981454,10.350352672603869,19.889901729050752,514.7344178822029,405.59018538928143,22.884226688818803,465.89070311164323
2020-05-21,424.0166264066084,456.28955464598727,417.3634260016705,448.6433410644531,482949,,440.28716519495595,451.76404247193426,48.67799268328881,-11.476877276978314,-983881.2456446905,3968736.0,54.046855380500105,25.594868605540075,19.17792397680156,513.6687569864829,404.4960379353921,24.030076828497226,465.2101062962398
2020-05-22,450.1329038839786,461.5525565071108,432.60622570152174,439.3587341308594,272172,,440.1443296466334,450.84513074296575,45.544370961160816,-10.700801096332327,-1129070.4002835213,3696564.0,48.00008144694829,40.87524909514329,18.243033617773012,508.83485363151107,403.724390142903,24.38123782686093,464.89879020965765
2020-05-26,448.84202539237884,459.76517202803404,433.9964639794481,456.3392639160156,632168,,442.63585799576913,451.25210357059905,51.67190811465298,-8.616245574829918,-664993.8292581536,4328732.0,68.10250057423484,56.71647913389441,17.374921141532216,506.1577518431942,403.7998043091495,24.48034284269843,464.3971508946176
2020-05-27,456.68675000175193,466.6168816839138,456.38885817302986,464.2832946777344,261854,,445.9662328699176,452.2173769859424,54.26470797828765,-6.251144116024818,-522627.0579032303,4590586.0,89.62255874139997,68.57504692086103,16.189831358100513,502.4165391078249,404.9144942173704,23.4658624802127,464.3700284452284
2020-05-28,466.66652167646436,471.53227983906,454.4028037462438,459.5168151855469,131363,,448.05093784155287,452.758076111839,52.44656557487671,-4.707138270286123,-575553.1131816219,4459223.0,83.60432489759135,80.44312807107538,15.245244787549352,498.4328961005838,406.01839479297087,23.013263452541516,464.35249587351245
2020-05-29,456.7861062454319,467.7092522643444,452.9133605359622,465.57427978515625,115731,,450.74683660210724,453.7074245320847,54.53152979893686,-2.9605879299774642,-493220.9112432431,4574954.0,91.87002450917474,88.36563604938868,14.279915844904508,495.70691789604155,406.9370976068882,22.426308329387275,464.33874158358327
2020-06-01,477.63934441791184,510.4087796898268,476.6463312278538,504.40106201171875,947807,,459.0013328189705,457.46250878983534,65.0954285063946,1.538824029135185,117278.98404555937,5522761.0,94.6436591299669,90.039336178911,15.280360500833188,496.52859742689503,406.4083593602143,24.02689344190751,465.8791507782279
2020-06-02,509.26676949175294,541.1921664925509,508.42273255813956,533.7445678710938,763829,,470.5002920577587,463.11303168474336,70.64609414370832,7.387260373015351,533912.9840455587,6286590.0,94.78985752422129,93.76784705445431,17.09767481296094,511.41326730009797,397.4768053317379,24.938622801830697,468.1358681887935
2020-06-03,550.1292701026522,582.5511728097678,544.2704684338868,571.8762817382812,1426590,,486.0965981624545,471.16956872574616,75.98954837140525,14.927029436708324,1164870.1396683855,7713180.0,94.20797450834868,94.54716372084562,19.634493560666748,535.8321693843811,382.99796672401726,26.643478668748077,474.38885966309084
2020-06-04,569.7910078184566,580.8134915892941,544.6181454194142,552.2146606445312,953605,,496.26860777508165,477.1729088678784,69.01352266182026,19.095698907203257,611541.7314295622,6759575.0,83.53989276216831,90.84590826491275,21.990110969250708,550.1377758022968,377.1925556186016,27.325754918828924,477.85553257126753
2020-06-05,556.5342879616726,579.5225083288783,547.249577710986,575.2525634765625,343631,,508.4199855753095,484.4380684685217,72.23038430168967,23.98191710678782,864242.9403350614,7103206.0,96.03989108381202,91.26258611810965,24.177469991507245,568.5145082697101,370.1262418523603,27.679124611619162,479.1542386194819
2020-06-08,580.9127295104751,585.8777955746671,556.7825205602447,560.406982421875,471321,,516.4179850901658,490.0653954280294,67.3763108417837,26.35258966213638,510348.9100570285,6631885.0,86.4249689401346,88.66825092870498,26.334062421966593,581.0881770320082,367.9345280461169,27.78027821181939,480.8822013694492
2020-06-09,560.4069479374608,569.5426810551539,547.497776964922,552.065673828125,213121,,521.9022448960056,494.65800864285126,64.74358967346649,27.244236253154384,385548.9790349657,6418764.0,81.75240057033622,88.07242019809428,27.728957844135145,590.6725577188693,368.81650783288853,27.370608631706002,481.5425646229683
2020-06-10,546.1572400758188,558.0237595046633,536.3263855109685,538.213134765625,209117,,524.4116125682548,497.88431428157526,60.51459036829944,26.527298286679525,212800.55930653724,6209647.0,71.71477961801065,79.9640497094938,28.32982403841806,596.9347356958123,371.8191400366096,26.965377586133773,482.0757183567023
2020-06-11,538.2132216944839,540.993646880386,519.5942218664921,524.31103515625,224162,,524.396139120254,499.8418491611808,56.524237972348956,24.55428995907323,87457.1303636768,5985485.0,59.8315848990308,71.09958836245922,27.943849814572634,600.7251576171303,375.69479172368995,26.56780954525949,482.4936064301162
2020-06-12,497.10238295093984,520.3388843196084,487.6687581398019,512.7423095703125,692342,,522.6032422664168,500.7974388211165,53.37038601247241,21.80580344530034,457827.447356962,5293143.0,51.84695496397875,61.1311064936734,26.125364195127265,602.8397733673879,380.15391864921367,27.287414364630102,483.1570307876748
2020-06-15,515.3738477256466,534.1418213371765,502.46467620265344,507.62835693359375,230407,,520.2994137536748,501.30343275537405,51.989437236537995,18.99598099830075,302537.5818791087,5062736.0,41.15009880777852,50.94287955692935,24.937306943101625,603.7540529133579,386.17087689621246,27.600966562479595,483.4400261249323
2020-06-16,523.218635266191,526.2969516834969,507.67795575129776,517.8067016601562,359495,,519.9159195854412,502.5258971186912,54.51220486472941,17.390022466749997,334173.60997155716,5422231.0,48.805036553800356,47.267363441852545,23.834110923363532,602.4365070557707,398.10869558094805,26.96294000443842,483.9062633076612
2020-06-17,509.01860046364345,528.1341067562932,506.43679009098247,520.7362060546875,156771,479.6343103027344,520.0421175037868,503.874808891728,55.241193291886916,16.167308612058832,384039.5664787218,5579002.0,51.00826059162558,46.98779865106815,22.88063998252138,597.8728101185685,414.6878618785019,26.58682405164359,484.11260457074684
2020-06-18,517.3598569785403,533.2480675575358,517.3598569785403,523.6654663085938,152299,480.8586950683594,520.5995557814495,505.3407835151995,56.000508147510665,15.258772266249935,352627.43294905865,5731301.0,43.0454131159981,47.61957008714134,22.19886273078143,594.3319474919314,428.5461256281858,25.82263737502587,484.3472019451885
2020-06-19,528.8291357358369,570.9825556625822,525.0060593892332,565.918212890625,682705,483.23497497558594,527.5716568751689,509.8280005059718,65.17724359036436,17.743656369197083,884931.5798012649,6414006.0,79.67642978144472,57.91003449635613,22.815778239727926,598.1646190082531,436.44094129448126,27.357955373523197,486.1031076605432
2020-06-22,568.9965932315564,593.1268031264389,554.1013944558612,582.2532958984375,490506,485.80687927246095,535.9842167249025,515.19283720171,67.9594632654896,20.791379523192518,1102101.7856062835,6904512.0,89.68925772388518,70.80370020710933,23.94773719354176,601.6686676628095,447.22634881668256,28.191344894741373,487.7118714508676
2020-06-23,590.6441834425752,682.8951252515017,574.06085244739,652.7571411132812,2031589,489.6746630859375,553.9492820154223,525.3827856396041,76.6360757797052,28.566496375818247,2008530.5676005837,8936101.0,84.56254419723088,84.64274390085359,26.447650603140424,623.3876111763931,445.1491930228257,33.95155403112497,497.9317617969434
2020-06-24,663.3327145868565,673.2628450447436,625.5982188468856,660.6019287109375,1708609,493.6596234130859,570.35738150704,535.3990184597029,77.37038774003268,34.958363047337116,2809441.036350579,10644710.0,88.58084752055596,87.610883147224,28.768998769196326,642.9239630135729,445.24470458896616,34.93105918589161,506.4050774581862
2020-06-25,652.955879074301,692.6267722747192,628.6766919244321,681.306396484375,1476229,498.2721710205078,587.4264607343223,546.2069723874564,79.22613835449395,41.21948834686589,3763029.0344607662,12120939.0,94.47673425304932,89.2067086569454,31.14859401902652,662.9374986584835,447.41012707393844,37.00384641191987,513.6623840671615
2020-06-26,675.2489078223556,702.060261515302,675.2489078223556,682.5972290039062,1419224,502.89961181640626,602.0681173911814,556.3099543590453,79.33989207148203,45.75816303213617,3121752.6084624995,13540163.0,90.9217332753589,91.32643834965472,33.46260220909189,679.0902180371587,452.9597026171381,36.27581121770748,520.8413395716287
2020-06-29,675.2490255075631,689.3001875612455,636.8690382701526,647.0474243164062,640433,506.69788635253906,608.988010764293,563.0312484299609,68.25492604305055,45.9567623343321,2729972.3425297937,12899730.0,74.34001052619026,86.57949268486617,33.9236418364566,687.7596327799072,458.55492410485846,37.429763937235,523.3581044639202
2020-06-30,647.4445711394866,657.3747025986812,602.3617500712583,611.0009765625,470205,509.21318786621094,609.297697810171,566.5845616249637,59.2200631810888,42.713136185207304,2407449.199463009,12429525.0,57.52663537541667,74.2627930589886,33.12528335931101,691.2556924519446,462.78450530196176,38.68570597939129,524.6928443952869
2020-07-01,610.7030999919527,631.0598699916844,605.7380341383596,610.0576171875,365909,511.91418212890625,609.4146084836062,569.8047879629294,58.999953767919465,39.60982052067686,2166379.039986524,12063616.0,57.08661822914584,62.984421376917595,32.38395048767582,694.0299755854718,463.82835571335625,37.7311438275294,525.6255235136125
2020-07-02,611.7457247558993,625.5982699990491,602.609991865917,606.1848754882812,163804,514.6350372314453,608.9177264843255,572.4996092611035,58.04612800173537,36.418117223222,2053521.0250217216,11899812.0,51.96517704695694,55.52614355050648,31.5838943805625,696.6272868051443,466.6280659780588,36.67808199221531,526.0178895565725
2020-07-03,609.710119165847,620.3353727779399,609.3128896330012,615.1716918945312,165455,517.533642578125,609.8798750089725,575.6605042709871,59.67527695287565,34.2193707379854,2063955.2716524259,12065267.0,55.58377070596808,54.87852199402362,30.840985138242992,699.4937618769243,467.7535037480756,35.06896879917555,526.4265588802571
2020-07-06,619.6401878720238,629.5703190879216,616.8101247189774,625.5982666015625,498167,520.1373229980469,612.2980891001401,579.3595977769556,61.541245966756804,32.93849132318451,2251978.8030250333,12563434.0,60.91369079741526,56.154212850113424,30.386407105432035,703.6220473642451,470.14434667872376,33.59251582733375,527.7582058262869
2020-07-07,629.620036117296,629.620036117296,617.6542386320995,625.5487060546875,331418,523.0011743164063,614.3366455546859,582.7810132049358,61.52667207386608,31.555632349750113,2357868.6560947723,12232016.0,58.57531787626047,58.35759312654793,29.965605616742817,707.3071407208188,473.8075565448062,32.0477502314668,528.6266950264632
2020-07-08,625.5487160033757,639.5501787425547,618.2500321684558,623.3640747070312,306679,525.6574853515625,615.7254808088928,585.7871659087948,60.84269041966566,29.93831490009802,2198453.379959932,11925337.0,55.55248852425636,58.34716573264402,29.8419422261337,709.8161131753099,479.8136780844558,31.28006425594052,529.4395072020646
2020-07-09,622.2220515938473,628.5773603655159,614.1786688563532,617.3563232421875,184662,528.2383270263672,615.9763796447843,588.1256220075646,58.90341288244278,27.850757637219658,2095297.677087491,11740675.0,42.751698525046386,52.293168308521075,29.531115771736808,710.1295750810408,488.8047449873185,30.074251916884965,529.8877661355577
2020-07-10,623.6123672808096,630.5634605466785,613.682234043854,624.506103515625,324407,531.0555084228515,617.2886448556828,590.8204724896432,60.516338706774704,26.468172366039653,2186895.8794513494,12065082.0,39.41053434197538,45.90490713042604,29.301653754589633,708.7009403186509,501.40975914423973,29.131892958737787,530.6894172011793
2020-07-13,620.6828689425344,623.0661247907784,604.2981516598201,609.1639404296875,693431,533.2093542480469,616.0386903286067,592.1792478926094,55.48415807802589,23.859442435997266,1853023.0212852464,11371651.0,6.8227601996314675,29.66166435555108,28.605543550892012,703.6430160766236,516.6212417358765,28.494468594242583,532.1632136674158
2020-07-14,610.6533943949805,627.5842549746924,602.7589284329719,625.3499755859375,1047616,536.2320855712891,617.4711957528115,594.6363388328559,59.326804609875275,22.83485691995554,2712068.1412852434,12419267.0,23.0577419679746,23.09701216986048,28.114346951002613,698.9967175838027,532.0218676212754,28.232387019062436,534.461276734311
2020-07-15,627.8822653594596,629.9676295480509,608.7171217712757,616.5619506835938,416285,539.1138116455078,617.3313118960087,596.260458229207,56.476326131796455,21.07085366680178,2603134.34795461,12002982.0,14.24314205564184,14.707881407749303,27.742721300874052,691.5898386862905,549.0113209816782,27.73368135889906,535.339303795129
2020-07-16,608.3695437127061,615.37027444946,597.9925439496456,606.2841796875,305408,541.8952410888672,615.6317530946997,597.0029561150064,53.253706906031,18.62879697969322,2589171.9872403257,11697574.0,9.080987538266797,15.46062385396108,26.798603943944748,680.8719511063824,567.9910798994769,27.07909031425971,535.8815221798772
2020-07-17,608.6178704443112,625.4990963953863,606.7311209474672,618.1011352539062,220410,545.0142962646485,616.0116580422698,598.5657841993694,56.33854323819037,17.44587384290037,2635819.546030993,11917984.0,33.86301839094099,19.062382661616542,26.318131160801048,676.8557760297086,577.2255472124788,26.517363628090184,536.3236327065684
2020-07-20,618.1010353034651,622.3709796435774,606.7310228356215,609.4121704101562,264058,548.070791015625,614.9963522527138,599.3692202149832,53.54074446134067,15.627132037730576,2462296.1267756606,11653926.0,27.47900961500143,23.474338514736406,25.871972056225513,674.6061879895294,582.19102270383,25.740405998080586,536.8213503873224
2020-07-21,615.6681451793578,617.6045329190031,600.3260800850007,605.9862670898438,131917,551.242474975586,613.61018530458,599.8593718353432,52.435077024264814,13.750813469236846,2416807.56991132,11522009.0,19.235269716461666,26.85909924080136,25.068045921839474,671.8318922339366,580.2882310570791,25.135980772074994,537.0518195454312
2020-07-22,605.9862754350254,607.7240484493823,592.3323446079355,599.1344604492188,168754,554.3138635253906,611.3831507114475,599.8056746956303,50.202137299600395,11.577476015817183,2397209.799592519,11353255.0,14.405819254416107,20.37336619529307,23.850408430339066,667.2997502204399,578.6736262444039,24.439960991315836,537.3104668520335
2020-07-23,598.4394622831742,607.7241119726012,579.9197408365999,585.4805908203125,250171,557.0704693603516,607.3981414974266,598.7445573715327,45.998421431219235,8.653584125893985,2247106.7633289173,11103084.0,9.325522634066205,14.32220386831466,22.251199800895886,656.5741082837388,579.8166876146987,24.680276001650515,537.6371666326102
2020-07-24,585.5800258005974,588.6138492989228,571.9526207805334,574.3896484375,114137,559.6181646728515,602.3199117958994,596.9404900430858,42.85899364972206,5.379421752813641,2166359.2610332663,10988947.0,3.6052007357067932,9.112180874729702,21.168878119568745,642.9529849020186,582.6170529397783,24.107486895703293,537.7497068080944
2020-07-27,576.8267297829533,579.7113242335829,537.7349593200307,547.2841186523438,478235,561.7975274658203,593.8528666968908,593.2622403104382,36.332537376939406,0.5906263864526409,1905710.6205331255,10510712.0,9.378911508980666,7.4365449595845545,21.552320580066187,645.6633309278897,569.930376347501,25.383835325549644,537.9463360947632
2020-07-28,548.3284327027145,552.158003821047,542.1612799113872,546.5877075195312,207540,564.4972021484375,586.5813037465279,589.8048675111118,36.180097816335376,-3.2235637645839006,1881962.9897325025,10303172.0,9.536670400274886,7.506927548320782,21.90837429338524,650.8324118539915,558.3199685171023,24.284755938700375,537.9909798784932
2020-07-29,547.0851076313594,565.8849656146369,539.1275060658123,551.5115356445312,223641,567.5158026123047,581.1859548077591,586.9683244098836,38.15580581178795,-5.782369602124504,1865335.4211803277,10526813.0,14.84089061274832,11.252157507334623,21.43717611551183,653.2485364009715,550.0492358158253,24.46137762513782,538.0662037609891
2020-07-30,553.9486047640919,571.3558594927501,543.8523727367955,547.5327758789062,242203,570.0566290283203,576.0085426648586,584.0471726668483,37.15485730250616,-8.038630001989645,1687953.633860619,10284610.0,10.622934947728487,11.66683198691723,20.697520799297873,655.370661892114,542.0619003637455,24.67867113448188,538.1586112681056
2020-07-31,551.3126400522315,574.5886513052824,547.234393115952,555.1422119140625,597377,572.1866064453125,572.7983379339669,581.9060644629383,40.37636373306549,-9.107726528971398,1435967.032493432,10881987.0,18.87319596298912,14.77900717448864,19.82972021681767,654.8694119198891,536.5602023379234,24.86978449554249,538.4479368933676
2020-08-03,558.5241913696399,561.7072443176454,547.632211470406,550.5665893554688,118226,574.4107635498046,569.3780689218902,579.5846218623849,39.07914056889227,-10.206552940494703,1367036.7980670766,10763761.0,13.912239560792623,14.469456823836744,19.02390539022891,652.5605650043915,531.3658815288115,24.098730806377983,538.488658005732
2020-08-04,553.0532683917819,561.8066173319063,547.134790517556,557.5294189453125,179406,576.4345666503906,567.5551996947244,577.9509031277869,42.126258803274155,-10.395703433062522,1441840.2746792315,10943167.0,22.554155130911788,18.446530218231178,18.30212918690159,648.8723910340475,528.2521267882182,23.425380521233148,538.5590924679001
2020-08-05,561.9061666957418,565.2881109453083,541.2661375666399,545.6925048828125,181575,578.0627508544922,564.1917081851994,575.5613921466777,38.59230092434939,-11.369683961478245,1327180.4804173028,10761592.0,9.066967246483955,15.177787312729455,17.950583384785883,645.525317094805,523.8320437450387,23.467994296764232,538.6099897259605
2020-08-06,545.7920655418134,558.0268670623399,545.7920655418134,555.1422119140625,160486,579.9752587890625,562.7994779896399,574.048860277595,42.723263631313756,-11.2493822879552,1411989.4430171046,10922078.0,20.567191755339298,17.396104710911683,17.624147997107013,641.7719794083403,521.3639702986909,22.672734859818743,538.6628522937558
2020-08-07,555.1421746706247,594.6317859860943,555.1421746706247,575.5833129882812,648775,582.175439453125,564.7662218355847,574.1625234413495,50.483099362344404,-9.396301605764847,1434869.5477530933,11570853.0,47.387699674331934,25.673952892051727,17.52838844137679,636.0341751756821,522.2094954786148,23.87394032093666,539.1968005749568
2020-08-10,580.3578174370874,593.3386423143702,573.9419892965492,579.2636108398438,239496,583.6726904296875,566.9965893747014,574.5403817671639,51.750546993058165,-7.543792392462478,1326788.7018997287,11810349.0,59.33583983501448,42.43024375489524,17.439468853913013,632.8497537044708,522.4038839908418,23.554134084999827,539.4279552839128
2020-08-11,579.4128968260289,580.1091991448093,551.0639396422662,552.605712890625,415198,584.0499133300781,564.7826083771512,572.9155914800128,43.13746127897444,-8.132983102861658,955669.5760523964,11395151.0,21.247226187197043,42.65692189884782,16.354761331249914,625.626476914566,522.3527345112152,23.94635732911006,539.6296076942912
2020-08-12,552.6057440366192,566.6310548081977,549.0745700851124,551.6607666015625,412643,583.6456030273438,562.7638634885991,571.3411600075351,42.86511981186734,-8.57729651893601,664597.1416832547,10982508.0,24.475543009216533,35.01953634380935,15.450226167919652,619.3396010976762,522.149491919902,23.489937857251153,539.7765973759834
2020-08-13,552.1581178224945,586.3758327727919,552.1581178224945,572.0521240234375,696163,584.0423522949219,564.192826647805,571.3938240087131,50.1752926208808,-7.200997360908104,777925.4276434059,11678671.0,60.31472529183324,35.34583149608227,15.089192117013258,614.8313044019566,523.2345830492153,24.29173273682103,540.2363572429239
2020-08-14,566.9790653884345,584.8836674533325,552.3569615597658,563.0499877929688,349724,583.79830078125,564.0170052855225,570.775762066806,47.29819238129791,-6.758756781283523,658142.1980747776,11328947.0,43.100246974674896,42.63017175857488,14.75394621260018,606.1903502793783,526.3704224256998,24.879945105160004,540.436255993948
2020-08-17,563.0004092984411,566.979210777582,554.6946854954115,557.1316528320312,145048,583.7327941894531,562.9577202926777,569.7650873086745,45.452899461700305,-6.807367015996874,570642.573795092,11183899.0,32.43740265088994,45.284124972466024,14.442646444216605,598.4534615495562,528.8792593977095,23.980272260660758,540.4959694664796
2020-08-18,558.0268748312849,591.7472396806317,558.0268748312849,586.3261108398438,742841,584.4180029296875,566.552857299934,570.9918297924648,54.817273734235336,-4.438972492530866,1074634.6297097353,11926740.0,84.43628927551316,53.324646300359326,15.276800847073726,593.5179945750517,531.848710747214,24.739937588370733,541.0959941961077
2020-08-19,591.9958801417075,625.1691093105023,579.114499716839,613.1829833984375,895461,585.9173999023437,573.7267228535499,574.1171004299443,61.384842229433815,-0.390377576394485,1503992.0891503445,12822201.0,85.71430109930328,67.5293310085688,17.12370258328833,597.9271658843055,528.844391732882,26.26241416017735,542.2986590070592
2020-08-20,601.7936617590386,621.2897627148222,599.456140415393,609.9999389648438,623528,587.6311779785157,579.3072176399028,576.7750884695665,60.266739212932436,2.5321291703362476,1482686.984809193,12198673.0,81.92058036756222,84.02372358079288,18.83868276691618,603.6506406498036,525.572851781837,25.946071884409633,543.1665795769349
2020-08-21,614.7247538476923,616.5152021534554,600.7989503624696,602.8380737304688,269591,589.4330932617188,582.9273493461437,578.705679970374,57.71926613717079,4.221669375769693,1283052.7805150966,11929082.0,73.38469053491288,80.33985733392612,20.431164365999184,608.3315799106788,523.7367550502588,25.215370449165082,543.5156151087356
2020-08-24,608.1598811757368,662.470501618326,602.7884744455039,619.44970703125,1638842,591.6695202636719,588.5461736053909,581.7237560489574,61.757143349570114,6.822417556433493,559230.8971817602,13567924.0,64.50557294394918,73.27028128214143,22.99765031621668,616.9428008486115,522.3420929502166,27.67727450085487,546.2528125199095
2020-08-25,623.0304581507078,661.9729960257781,621.0908412921802,643.2726440429688,1326031,594.1788391113281,596.9656305957875,586.2829329374027,66.67275589965385,10.682697658384768,672153.3121913632,14893955.0,83.5463533615002,73.81220561345408,25.38081584141864,630.3499493933814,518.6034380577905,28.737704107545817,548.6948974509032
2020-08-26,648.0969685803584,680.3750054705304,643.3721421534797,646.4557495117188,1608981,596.6932299804688,604.5794950443923,590.7401786095743,67.27796853485742,13.839316434817988,-668661.1079223361,16502936.0,74.16668432267922,74.07287020937618,27.92806828741278,642.1714528913468,516.2763559465437,29.335179630404088,551.9344439211973
2020-08-27,649.5393258606658,669.2343805667826,643.6208466603322,645.361572265625,1026226,599.1271520996094,610.8536607707357,594.7862077692818,66.82871343273187,16.06745300145394,-1555400.0787961166,15476710.0,73.33334569521624,77.01546112646521,30.293374130121627,651.4997773120402,516.7309111645224,29.069347792978828,553.8261196738805
2020-08-28,649.539281182377,657.4968834020692,642.5763792401463,647.0028076171875,599634,600.7488439941407,616.4150679778821,598.6541040543118,67.18270329066712,17.76096392357033,-1799250.2628293147,16076344.0,74.58333039385401,74.02778680391647,32.409085596794796,659.9779766668779,517.4387713799971,28.058716105046265,554.8586608797318
2020-08-31,651.8768122580806,655.8058905549063,607.2148055619228,635.8124389648438,636917,601.8200268554688,619.3992788989532,601.4065733069439,62.30089205314335,17.992705592009315,-1686469.293470602,15439427.0,66.06061025245032,71.32576211384018,32.048356835243275,664.8002366785006,521.141096329312,29.52531388275607,555.7480000903729
2020-09-01,624.2739126277867,638.2495010531308,621.6877160138455,635.1658935546875,396263,601.4682019042968,621.8249119229124,603.9072636956656,62.02047917986603,17.917648227246787,-1437765.213630135,15043164.0,64.74012687006957,68.4613558387913,31.713394413802575,668.991827360805,524.7131531079449,28.599347536793868,556.2824107773115
2020-09-02,634.8176622078149,654.5127134802335,630.8885843842525,648.2958374023438,361767,601.222080078125,625.8973619966711,607.1953061924567,65.42398957918239,18.70205580421441,-1266401.8978406617,15404931.0,74.94168236897332,68.5808064971644,31.910582037538408,673.4293103574471,530.536003363256,28.24397479102152,556.8458838774042
2020-09-03,654.5128576954725,657.3477295269531,641.5817526042244,648.345703125,434219,600.5628662109375,629.3509529394909,610.2434837430154,65.43665784779222,19.10746919647545,-1328041.9139216219,15839150.0,74.51526034316969,71.39902319407086,32.178194597441596,677.416105638143,535.8695572036539,27.352689229000607,557.5471888905648
2020-09-04,631.6346514216041,655.0101070253957,631.6346514216041,646.5054321289062,441470,599.8410302734375,631.9901035840163,612.9295539938221,64.49747651175096,19.060549590194228,-1207811.3276205081,15397680.0,72.31704876514084,73.92466382576129,31.807822830610807,681.4870686548667,538.8908061009928,27.068601112914248,558.2132427899479
2020-09-07,646.555208543771,655.3085592247949,639.1446790112005,643.7203369140625,476964,599.7744885253907,633.7947548655618,615.2103527286547,63.0232238925312,18.5844021369071,-1414738.1747659396,14920716.0,63.80161417954241,70.21130776261765,31.47464579426162,684.654124954561,542.1694224087203,26.28969247724854,558.9352207576756
2020-09-08,639.3933158657942,654.3635426570637,626.760610404068,631.8336181640625,327992,600.1911413574219,633.4930415268695,616.4417057238701,57.03151485299408,17.05133580299946,-1622170.087455973,14592724.0,40.012273685015,58.710312209899406,30.39992361593692,683.2601894440177,551.4861484466073,26.383495318373342,559.3776149208295
2020-09-09,626.6612037361685,654.3138605840933,623.6771027659963,647.9478149414062,901726,600.9489453125,635.7168528214136,618.7754915918357,62.268544345529904,16.941361229577865,-1095185.3644070714,15494450.0,59.250065255070254,54.35465103987588,29.21819337461374,681.9514347600796,562.4236079645298,26.687299782639315,560.6344599400428
2020-09-10,652.4239055065583,684.8511087380205,648.7932253803542,676.1972045898438,1118620,602.3491918945313,641.9445992473259,623.0289518139103,69.32655912238044,18.91564743341553,-513503.7177879987,16613070.0,89.45451334485631,62.90561742831385,29.294457796309644,686.9259515066528,567.8635992745972,27.41701364078038,562.6595709512526
2020-09-11,676.3464271673612,701.2636555520882,663.8131679602714,691.6150512695312,1101946,603.8780590820312,649.5862072507421,628.1094036254378,72.36491817657058,21.47680362530423,20639.747268788866,17715016.0,89.74085883711938,79.48181247901532,29.86033984995308,691.9218203151022,575.724236813804,28.133690351568696,564.8623399789933
2020-09-14,695.1960505924587,745.0305103799258,686.8902668200896,691.714599609375,1791778,605.2003857421874,656.0674983828394,632.820899624248,72.38393917505519,23.246598758591404,-1473783.6897898288,19506794.0,61.31361745676311,80.16966321291294,31.38181038735444,692.4011612792765,588.7031905273641,30.27701558073066,568.9121530275822
2020-09-15,696.3896001138506,751.5954623536993,696.3398772451604,743.8865356445312,2001624,607.5671423339844,669.5781195000227,641.0479837738986,80.11047192233148,28.53013572612406,-30668.75941606937,21508418.0,94.66069286532908,81.90505638640386,32.91542748954829,711.577399488879,585.2829947982303,32.39157609241592,573.8703044004275
2020-09-16,754.6293823150796,764.9245058002788,731.4030946391257,751.3966064453125,983695,610.12779296875,682.1655790300673,649.2219558236329,80.9372705821078,32.94362320643438,159066.41043185155,22492113.0,91.42227818928019,82.46552950379079,34.576578194375955,730.6302014541295,580.0515551376673,32.47227859732571,576.4738368567617
2020-09-17,738.2665372291121,745.3288847150069,706.2371770568719,709.7186279296875,575002,611.9750390625,686.4045096300089,653.7031907944518,64.83069362542918,32.70131883555712,-313517.89872295887,21917111.0,64.99525534120261,83.6927421319373,34.722279720014036,736.1507653415781,584.5028601467031,33.37850365383392,577.7123091365204
2020-09-18,714.1948317362766,722.8984595603607,667.4439165669103,678.3856201171875,4548300,613.0526293945312,685.1708343203439,655.5315188924321,55.83488073052602,29.63931542791181,-3066973.0556736304,17368811.0,39.58333902056786,65.33362418368354,33.17821868201331,735.4934788393067,592.7149012876465,34.955363606663674,584.8398192583109
2020-09-21,683.5580300325711,690.3219796504982,638.1996618014347,645.8091430664062,1529079,613.7855334472656,679.1151895120458,654.8113429053192,48.326716751078465,24.303846606726665,-4149583.1155602727,15839732.0,15.668989181371506,40.08252784771398,30.862612255755277,734.3976613646064,596.4466623658623,36.181574623977944,586.3763942800741
2020-09-22,638.7467878576834,644.5160371476029,610.696228751617,630.9383544921875,320614,613.8973010253907,671.70336873976,653.0429733932353,45.330111670274576,18.660395346524638,-4086403.758353816,15519118.0,13.124782386166277,22.79237019603521,29.49530415285647,734.7754734734211,594.8354213019694,36.10524174475018,586.5617593010195
2020-09-23,636.6080946209707,646.5550960994234,598.8094890028507,622.78173828125,361354,614.0216967773438,664.1769640538353,650.8014004219772,43.72846339701381,13.375563631858086,-4084898.4842754467,15157764.0,14.431115103598792,14.40829555704552,28.533957343699594,735.5665597409641,591.6769339113796,36.936696412737504,586.7392752086676
2020-09-24,606.8665458772493,628.6007808914364,602.390395138471,621.7870483398438,227266,614.3317541503907,657.655438559375,648.6521891566339,43.52648897269055,9.003249402741176,-3975794.021970104,14930498.0,13.832319184612587,13.796072224792546,27.641278163768213,736.2931399801806,588.5929012795849,36.17053136561093,586.834259381868
2020-09-25,628.6506243520439,639.7912804702412,619.946996245904,629.6453247070312,224220,614.5626379394531,653.3461902743991,647.2442732714782,45.66180247376137,6.1019170029209135,-3980851.750056355,15154718.0,18.562942892624736,15.608792393612035,26.39233941337883,736.5303667289821,586.6199262397678,35.00437085551995,586.9643473497775
2020-09-28,637.6027701543685,671.1241759850068,634.6683926891698,662.171875,322362,615.61783203125,654.7039879244916,648.3500215476649,53.49921229410421,6.353966376826634,-3816812.0456828107,15477080.0,38.14368334586975,23.512981807702356,24.824690115221404,736.9111204239475,588.875116148318,35.466833742838205,587.2635406351754
2020-09-29,676.3961470252259,681.3696481062938,646.5551405388189,659.1381225585938,493294,616.680869140625,655.3861624835841,649.149140141067,52.73520971791821,6.237022342517093,-3953524.2660650667,14983786.0,36.31738702426397,31.00800442091948,23.6733936680174,737.0436191098087,591.1398403628476,35.420239016026535,587.758341314616
2020-09-30,680.3252991320122,680.3252991320122,661.5254387129627,668.3391723632812,854301,618.0649633789062,657.3789332343067,650.5706240093792,54.84154932806564,6.808309224927484,-4188567.5331403567,15838087.0,41.85635031733451,38.77247356248941,22.604332681327968,737.700142229803,592.4876507389471,34.40359169869739,588.6869803043438
2020-10-01,676.3961528497667,679.380253524104,658.1434280097443,669.7813720703125,307303,619.7509790039062,659.2870007475383,651.9936423842632,55.178718326275394,7.293358363275047,-4159061.708184239,16145390.0,42.72454377439563,40.299427038664696,21.48129344065422,738.3831717984127,593.9481880648685,33.46310839981613,589.0120325617763
2020-10-05,666.4491518083055,672.3676302987907,636.6081450109187,665.8523559570312,277727,621.5802331542968,660.2970553951526,653.0202137600238,53.99591483944919,7.27684163512879,-3982536.8134465045,15867663.0,40.35930540580638,41.646733165845504,20.24343493625513,738.7873188246067,595.478733421487,33.627135320391545,589.2641442622202
2020-10-06,665.8523674715894,680.3252438762642,665.8523674715894,675.0533447265625,680272,624.1356176757813,662.567253753831,654.652297535323,56.35534654504675,7.914956218507996,-3797857.434856229,16547935.0,45.8982319561685,42.994027045456825,18.800458179175653,739.6040880473132,597.7952649800305,32.25897479173735,590.010672774838
2020-10-07,676.3960919427633,678.435215077608,662.7189650836265,671.8204956054688,1716812,626.6402734375,663.9908294233137,655.9240159108894,55.28250799908966,8.066813512424346,-3526203.1246042415,14831123.0,49.83026734975853,45.362601570577795,17.57804852763552,739.5580991043122,601.8399416671722,31.077351591897646,591.7772745826383
2020-10-08,670.4279988947712,695.1960605273392,669.5327443445095,686.6416015625,1441647,629.3428747558594,667.4755635985731,658.1993926258235,59.12438456809433,9.276170972749583,-3045656.3982730643,16272770.0,70.78156274891717,55.50335401828139,16.83092568789784,740.9997125239001,604.2677069096935,30.690634776964224,593.4325001899826
2020-10-09,686.1442658589211,686.1442658589211,671.4227133239342,675.8988647460938,761422,631.9101965332031,668.7714560828069,659.5104646347323,55.408506766198755,9.260991448074606,-3344051.124476552,15511348.0,79.9793731885746,66.86373442908342,16.137168765284276,740.9818090279094,604.2557764213094,29.58551002422148,594.2267488436294
2020-10-12,675.8987663759987,708.97254707063,673.2627866374687,698.2297973632812,832527,634.7719482421875,673.3035085874953,662.3785633553655,60.90840650707186,10.924945232129858,-3012430.8276928836,16343875.0,90.24831926802624,80.33641840183934,16.29121949905379,741.7396281060239,604.1594319525698,30.022956482002893,595.2378074384106
2020-10-13,700.9155315256121,700.9155315256121,679.3802475634162,689.2775268554688,823729,637.5461669921875,675.7610498594912,664.371079170188,57.829050927486584,11.389970689303254,-3079013.9281287305,15520146.0,82.12193764352149,84.11654336670745,16.43426660898262,741.4929028819563,604.1624499012469,29.416694159159533,596.1818873293882
2020-10-14,686.2438223165053,687.08929336206,623.4781913746199,666.5487060546875,593606,639.726552734375,674.3437661972138,664.5323848653361,50.80599743460213,9.81138133187767,-2868769.1807474205,14926540.0,60.196111406208196,77.5221227725853,16.10565918288592,729.4017869566475,608.5197828675713,32.01545425356591,596.6306130751758
2020-10-15,641.5319300136055,670.9750327449632,634.6684740934378,650.4345092773438,400907,641.8213928222656,670.6654189787722,663.4880977847441,46.494774338556915,7.177321194028082,-2921490.392711648,14525633.0,34.24580106385837,58.85461670452935,15.800523715796123,711.4594246416481,616.3659354657738,32.32196171056302,596.8964152588856
2020-10-16,651.6281091987618,671.422668449579,651.6281091987618,659.3370361328125,128640,643.9052893066406,668.9225908486246,663.1806117364529,49.06623907943662,5.741979112171748,-2949933.5307122734,14654273.0,41.94293818143378,45.46161688383344,15.498334649122059,704.0534200167614,618.733780910973,31.512404386396753,596.9946458524652
2020-10-19,664.9571366099914,664.9571366099914,638.8959771539938,643.07373046875,139154,645.25509765625,664.9458430978747,661.6912131240305,44.827745881570884,3.254629973844203,-3044473.1622884013,14515119.0,22.92027226195544,33.03633716908253,15.643494778811569,702.2515756316739,617.0044363312168,31.123029748511094,597.0809420371069
2020-10-20,639.0948886489672,661.4259206359253,633.7732667791315,637.0060424804688,233194,646.4099462890625,660.6474122336583,659.862681965248,43.32406051613256,0.7847302684102715,-3223143.361368482,14281925.0,15.823092642454053,26.895434361947753,15.945450322915791,702.5485727635252,615.8271291407717,30.87514575624557,597.2113020461447
2020-10-21,642.3774952291373,658.740328672592,628.15329189391,631.435791015625,175206,647.9865478515625,656.1533166616532,657.75698633935,41.93344565661435,-1.6036696776967574,-3360744.3102299534,14106719.0,9.307748536406,16.01703781360516,16.411505823311895,702.5091230636611,615.9163224929795,30.854566543562452,597.2991495787686
2020-10-22,633.8230207312158,656.9000790117545,623.6770658901866,638.1002197265625,345227,649.7153369140625,653.3759171331776,656.3009295532177,44.23953896923293,-2.925012420040048,-3406223.5353215975,14451946.0,17.102916599469747,14.077919259443263,16.994191350538262,701.1603897674114,618.7969039337605,31.023741299134276,597.4716531921962
2020-10-23,640.5869368364112,645.5604378988057,628.7997636032094,632.778564453125,221760,650.9298657226562,650.2070936439387,654.558532138396,42.778555079472106,-4.351438494457284,-3522696.7358866716,14230186.0,10.87834746842727,12.429670868101,17.535256482962744,699.9106689048949,621.1457764076051,30.004950798881566,597.5716629729873
2020-10-26,632.7786803943252,643.3224802938215,624.6718478925704,632.1818237304688,130781,652.3125024414062,647.4339751957125,652.9009981822533,42.6086305673194,-5.467022986540769,-3548155.6075077653,14099405.0,10.180359024864908,12.720541030920637,18.189285472666683,699.653326076067,621.6567691387769,29.193928056193673,597.6268240331102
2020-10-27,628.6505874404544,706.9335129238739,628.6505874404544,678.63427734375,2609870,654.7425549316406,652.234021680026,654.8071670090308,56.94554472812578,-2.573145329004774,-2825218.818227926,16709275.0,64.51430099695364,28.524335830081935,17.86417078009513,701.2568806741665,621.6994547750523,32.70028501528123,599.8265356674846
2020-10-28,697.2848695755741,700.2689703012898,669.0851420022344,678.9823608398438,1368760,656.5956799316406,656.3491507815364,656.5979221076095,57.032163503913694,-0.24877132607309704,-3325136.3447349244,18078035.0,64.92144307464989,46.53870103215613,17.5622785655644,702.9499085272461,621.9908507500976,32.59196667840796,601.1036498024581
2020-10-29,682.2648704804459,682.2648704804459,661.6248419652654,668.0903930664062,355207,657.693828125,658.1554957484395,657.4492162527056,53.41112403117555,0.706279495733952,-3457804.0194337214,17722828.0,52.181458446698805,60.53906750610077,16.94508784360662,702.9304005040168,621.9854808436395,31.738256809605993,601.3804464654252
2020-10-30,668.4385340198243,672.218382635338,651.0312805297247,656.0545043945312,248939,658.6149194335937,657.8322663093768,657.3459042632112,49.659074754124475,0.48636204616559553,-3588701.739465586,17473889.0,39.03443473126558,52.04577875087142,15.907689803917435,702.1895389186914,621.3536556613867,30.984602902177947,601.5428316634776
2020-11-02,659.3370332455055,678.3855672257409,637.5531343026576,671.124267578125,334551,659.9806433105468,659.8771895814918,658.3665237680196,54.014867496165834,1.510665813472201,-3373138.264063281,17808440.0,57.09171724344165,49.43587014046867,15.151438801623724,702.6245516369036,621.4458341052839,31.68801933224262,601.7692755445656
2020-11-03,673.3126654928537,680.1760612187971,648.5446034388125,651.280029296875,372368,660.6172497558593,658.5545495377047,657.8415982516385,48.111405802398245,0.7129512860661862,-3681102.968900606,17436072.0,33.15414528261061,43.093432419105945,14.36872637584799,701.2332154128353,620.4598387863834,31.683979221367053,602.009624703612
2020-11-04,654.5625830807221,678.883019891709,654.5625830807221,664.9572143554688,368310,661.0509411621093,659.5395748942838,658.3686809259963,52.004881564984345,1.170893968287487,-3734579.2613849235,17804382.0,49.581924206517456,46.6092622441899,13.641921980484806,700.6270156575285,620.3797104166902,31.392480033757547,602.2703513547751
2020-11-05,673.9591277608512,684.3537572922933,659.585697314919,676.0480346679688,362789,661.6427868652344,662.079337936389,659.6782626846609,54.95643057221247,2.401075251728116,-3615105.6286691325,18167171.0,62.90319926406636,48.54642291773147,12.695202781996628,698.9669036360502,620.9804657487153,30.919307172587313,602.5538056910389
2020-11-06,671.8206056250641,676.3962027116737,624.6717872101927,670.626953125,1129398,662.1480944824219,663.3943556577138,660.4892767913527,53.23320358308064,2.905078866361123,-2737649.7291846443,17037773.0,56.39189385035435,56.29233910697938,13.243812105960853,698.338696991735,621.0814812309212,32.40538633893686,603.2244766438643
2020-11-09,673.3623882040135,688.3326157540138,668.4883323916,677.6395874023438,1008651,662.760830078125,665.5859297722724,661.7596701699447,55.190575142432394,3.8262596023276956,-2816015.432480542,18046424.0,64.81482628044748,61.36997313162272,13.161713625429545,694.1131847317461,623.2479724948164,31.508164697756634,604.0363916665564
2020-11-10,684.3538404107535,702.6563511250199,671.7211338306005,694.4500732421875,1375356,663.9335827636719,670.0265672291823,664.1811815086293,59.56005704701752,5.845385720553054,-2170349.055566325,19421780.0,85.00603841930067,68.7375861833675,12.431757957348802,695.3240753818744,622.5543364833599,31.467239883232548,605.2823413101762
2020-11-11,721.1576765675972,775.7667442227001,688.3325685307273,699.2245483398438,5826723,665.214755859375,674.5185643231302,666.7769864590896,60.731274229964704,7.741577864040664,-6545361.697069946,25248503.0,49.341660769975036,66.38750848990772,13.611349858802544,700.8989510089687,620.2470450847813,35.464878155285426,612.0118485992516
2020-11-12,689.277611029673,725.9322941827604,686.3432328916388,722.1027221679688,2162056,666.6908935546875,681.839203991567,670.8751891041918,65.83705955936398,10.964014887375242,-4801590.388951197,27410559.0,64.48324741222888,66.27698220050151,14.623832307941537,712.2338748693282,616.0789425134842,35.759462664988014,614.1105569787468
2020-11-13,718.3726050874395,754.4304927837285,716.681602349689,747.4675903320312,2193815,668.6733312988281,691.9358788131769,676.548700306254,70.42791506867641,15.387178506922965,-3417087.6450961293,29604374.0,81.27061653796538,65.03184157338977,16.192595820097036,728.7067485116281,608.4191242911063,35.90156464849169,616.7398699992629
2020-11-14,747.0695671474583,754.9774458171282,747.0695671474583,749.8049926757812,85004,670.7393225097657,700.8388194074238,681.9750923336264,70.81709678086926,18.86372707379735,-3443283.9366517942,29689378.0,82.81759228749785,76.19048541256403,17.66068528150487,742.4084546165461,605.3905444068914,33.90201565000442,616.8485334588547
2020-11-17,750.9986660484506,775.6672193604206,734.0887623096113,739.8082885742188,2020786,672.6610815429688,706.8341223561615,686.2590327958925,66.76985668301322,20.57508956026902,-4908111.903479611,27668592.0,76.20141905496898,80.09654262681073,19.443417261974343,751.0421268581028,607.0370967747097,34.45033289291906,619.3663776126866
2020-11-18,740.1066993578141,761.94038170703,737.0728757766439,759.2049560546875,1428310,675.2085083007812,714.8911736943962,691.6624345187662,70.31484740721251,23.22873917563004,-3794030.1034796177,29096902.0,89.03882135083987,82.68594423110223,21.098811243838856,761.9341764219296,608.9219637147892,33.76584525273814,621.1273586359894
2020-11-19,757.9615923929822,769.8482725525057,737.2718392836473,742.1956176757812,1264663,677.0934643554688,719.0918573838401,695.4056332711377,63.87926598101893,23.686224112702348,-4676397.085905222,27832239.0,77.78143810309967,81.00722616963617,22.79798539113846,767.7130034277566,613.552676503884,33.68088725388959,622.6139193800972
2020-11-20,745.8261709314804,770.8926272101997,722.2020420331033,755.7234497070312,1572077,678.6839892578125,724.7274869720234,699.8736196737966,66.50497458473737,24.85386729822676,-4083857.0939289453,29404316.0,86.73463700445691,84.51829881946549,23.59920001149114,774.0337650954789,619.5264033615524,34.75300853411865,624.412264336483
2020-11-23,757.9615923076618,804.6627812988766,751.8939450528652,782.5307006835938,2661607,680.5023022460938,733.6202890814958,705.9963664152631,71.00326796424459,27.623922666232716,-3654889.844238149,32065923.0,87.70378444358275,84.07328651704644,25.065843933114444,784.1607233046025,624.4343328477412,36.039853370682415,628.0480832522946
2020-11-24,782.4809688554601,795.760192787935,751.3468027432845,769.5498657226562,2093324,682.0590075683593,739.147916257059,710.7040330306255,66.3561502024003,28.443883226433513,-4032294.0025002365,29972599.0,80.4918486316489,84.97675669322952,26.40025870577588,792.6008536388931,625.0857613513413,36.63796313310871,630.6549696612715
2020-11-25,769.8979887064719,775.6175151083611,721.1576767599381,727.4739990234375,854113,681.7307568359375,737.351928990348,711.9462527337968,54.01548094051033,25.40567625655126,-4688284.748705464,29118486.0,57.11519753182363,75.10361020235176,26.234269120803077,794.23111892572,628.3046598828737,37.91095421991687,631.4661541903555
2020-11-26,730.856002948579,737.0728794622621,697.632990574783,703.1536254882812,1218199,680.7658972167969,732.0906515284915,711.2949470119067,48.41113829717279,20.795704516584806,-5565446.685940122,27900287.0,25.45653268645531,54.354526283309276,25.167204537491155,793.7112745207044,632.3308275300769,38.020163839028456,632.3050910657637
2020-11-27,709.1715217392951,735.0834498802895,691.6150388749373,716.4825439453125,22823095,680.9011755371093,729.6894042080025,711.6792134514183,51.388003979968616,18.01019075658428,-2275167.973509188,50723382.0,33.669967965000176,38.7472327277597,23.956986114941266,792.3821909362101,639.7027150696493,38.40932435090872,645.6241468703008
2020-12-01,729.0159409738645,741.151237176795,701.6118966277498,711.7081298828125,1754561,681.5676257324219,726.9230543118194,711.6813554092994,50.26904596822928,15.241698902520056,-3133686.8610079577,48968821.0,21.437621536444375,26.854707395966614,23.023923985266055,791.6346373837233,644.5086548526048,38.490039793632754,646.5177326792265
2020-12-02,710.21591549644,713.6973660625989,681.369610805408,687.5864868164062,1483703,682.4031726074219,720.8712746971405,709.8965503283443,44.944308133454236,10.97472436879616,-4046734.861007958,47485118.0,5.042352294223456,20.049980598555997,21.407961252365986,788.3849767561983,651.3889612320829,38.049876612458334,647.0095430019913
2020-12-03,695.5939432879493,696.3399685511735,671.422736901822,674.2078857421875,1172454,683.2685632324219,713.692291780994,707.2529455441845,42.26996009553053,6.439346236809456,-4957084.390942005,46312664.0,2.090324161155192,9.523432663941003,20.192211110499834,787.4686612186229,653.2303439083303,37.111830543664986,647.281470846016
2020-12-04,676.3962103028065,687.7358181131467,664.9074338730893,673.412109375,818535,684.2811706542968,707.4953406416104,704.7462169390597,42.10945535382609,2.749123702550719,-5165731.762562138,45494129.0,6.0854025685327295,4.406026341303789,19.28555986328298,787.6937149380458,652.7416976596105,36.091584379121585,647.4389592098892
2020-12-07,677.291445119077,694.300795626983,668.438588340018,689.6754150390625,805601,685.6389379882812,704.7538136258338,703.6298612427636,46.574322472571055,1.1239523830702183,-4648289.556253922,46299730.0,17.72238531275196,8.632704014146624,18.181753832186967,786.3168948850499,656.0233639040126,35.360914586824684,647.64049410985
2020-12-08,697.2849491120974,704.1981287242347,679.7284635551974,684.7019653320312,782705,686.7400708007813,701.6689138883257,702.2277948790057,45.42063625180414,-0.5588809906799952,-5112822.265677389,45517025.0,14.163702372428519,12.657163417904398,16.998502365937295,785.7930395062326,657.2534570757987,34.58296819983987,647.8628752661816
2020-12-09,680.3750327979088,694.3008375627784,676.3962314365176,679.5792846679688,1295116,687.0882189941407,698.2705093928862,700.5501274559659,44.205998974170335,-2.279618063079738,-5947450.820175005,44221909.0,10.498239291108685,14.128108992096385,15.80439633939852,786.6102679876591,654.9491497369503,33.39165662315565,648.172450470009
2020-12-10,683.2098620535215,690.1727640035359,670.427987758527,673.3623657226562,874525,687.3727038574219,694.4384872897739,698.5362191794245,42.71314427508096,-4.097731889650618,-6562040.041998861,43347384.0,6.049809188200599,10.237250283912596,14.943178902400799,787.9243808681416,651.0488185947489,32.41687945328802,648.3466831832734
2020-12-11,672.4173103093505,689.2774902175792,672.4173103093505,685.696533203125,555016,687.7198510742187,693.0935712764432,697.5851313293282,46.568405283727934,-4.491560052885006,-6242785.279322822,43902400.0,14.875351614774601,10.474466698027959,14.1434769966172,787.6481499387024,647.6844306277038,31.305686628640924,648.4727465156465
2020-12-14,691.3166377146512,700.6668438619394,689.32723731835,696.0911865234375,683921,688.2460473632813,693.5547428529038,697.474468751114,49.644038512076115,-3.919725898210231,-6110803.736935601,44586321.0,23.831177048885507,14.918779283953564,13.394949324896817,784.2822867485097,645.9126534370371,30.1388740593676,648.6852740931106
2020-12-15,700.1694895523614,714.1947379772703,698.2795349025678,705.6900634765625,951521,689.0428015136719,695.4217152565436,698.0830313233696,52.37054846250517,-2.661316066825975,-6176219.353779773,45537842.0,36.83732244474229,25.181283702800794,13.276025849992696,780.2998464444134,645.4836008212116,29.279208158972256,649.044781377075
2020-12-16,712.7026947932887,720.1629463089198,702.2583426714053,712.404296875,1410592,689.7898205566406,698.0344201209216,699.1438658086755,54.23706051975835,-1.1094456877539187,-5988138.507208589,46948434.0,62.29603055439679,40.98817668267486,13.406814121183725,777.7898608060141,645.2531872896891,28.46673640743956,649.6206407911737
2020-12-17,717.1789412002182,717.1789412002182,694.499785715143,697.48388671875,1015681,690.3030883789063,697.9497226744337,699.020904394607,49.586672447687754,-1.0711817201732856,-6736534.890421241,45932753.0,42.726689165672,47.28668072160369,13.110276620077753,771.1894877230678,645.6814534390415,28.05333777012782,649.9724400989259
2020-12-18,698.2795868886927,705.5408866897849,691.8140351582418,694.7484130859375,641194,690.465224609375,697.4572135069727,698.7044235569277,48.76119755296595,-1.2472100499550152,-7103593.846904908,45291559.0,39.13889118828602,48.05387030278494,12.689770855015619,767.0964774340821,645.0297432690429,27.03001732451462,650.1686167180985
2020-12-21,694.3008177028053,696.3399411998525,630.9383956927473,681.7178344726562,1041283,690.5816040039062,695.0357705786164,697.4461576988335,44.924659182651524,-2.4103871202171376,-6527919.145337582,44250276.0,56.91195800845518,46.25917945413773,13.658845424079079,759.77025260387,644.9554065758175,29.770840766128234,650.2987966950171
2020-12-22,666.4491374441683,691.1176903893174,658.4915358030439,688.531494140625,457974,690.3876379394532,694.0351126650792,696.7858122500774,47.26132094051271,-2.7506995849981877,-6142550.124736347,44708250.0,64.54848811246194,53.53311243640104,14.558700381066577,741.9363078656005,653.38943065979,29.97479175328147,650.3839489073962
2020-12-23,688.5315210682016,690.3219693651403,674.4067654604685,677.0924682617188,512649,690.1439367675781,691.428551987639,695.3270460287174,43.89434135832452,-3.8984940410783793,-6482179.304996056,44195601.0,51.7279966671031,57.72948092934007,15.394279983983541,723.4658747219052,662.6141240573917,28.97053547838078,650.4826853374275
2020-12-24,679.3802463048215,687.9844274424036,671.4226445911487,681.1209716796875,1132681,690.4353820800782,689.8427704018003,694.2747442250856,45.37039474842723,-4.4319738232852615,-6288298.916813032,45328282.0,56.24301343115342,57.506499403572825,16.268983645926046,717.0950694680936,664.3496265768282,28.08419600501464,650.6954801300132
2020-12-28,680.3749448802415,691.3166472101869,678.3855444566151,680.9717407226562,818791,691.0461267089844,688.4779966050089,693.2893365582389,45.32282703625516,-4.811339953230004,-6779576.59219991,44509491.0,56.0757601852691,54.68225676117521,16.880080358071933,715.66527122982,663.5612363385395,27.001832201340157,650.8648452902122
2020-12-29,684.3041017612571,686.3432252882538,665.4545184316548,668.4883422851562,577636,691.2291528320312,685.4026651711854,691.4522258713439,41.41154008011653,-6.0495607001585086,-7189423.758982834,43931855.0,42.084769643662135,51.46784775336155,17.90078739507487,711.7193349651501,662.7077524371936,26.5651803910015,650.9465866293592
2020-12-30,671.0247287213459,686.5918110916164,646.555128155814,673.9591064453125,662060,691.8468603515626,683.6421176748972,690.1564392471935,43.704397270558594,-6.5143215722962395,-6945161.0301275365,44593915.0,48.21622575341658,48.792251860782606,19.425181901332934,707.7185686925257,662.933616366068,27.52743057277299,651.0213830762362
2020-12-31,677.4903803777138,686.3432377287464,671.5221783105072,683.9559326171875,790143,692.7858581542969,683.690396896788,689.6971424597856,47.72987383621069,-6.006745562997594,-6409562.913800448,45384058.0,59.42034625930683,49.907113885461854,20.840691085715424,707.519657459438,662.769472179234,26.619832633163433,651.1666694446454
2021-01-01,687.2384024096884,688.2828254924659,668.4385440729632,671.0745239257812,328829,693.5786328125,681.749493362787,688.3176892350446,43.42131792771419,-6.568195872257547,-6651033.08223596,45055229.0,44.9832786557728,50.873283556165404,22.249313114143657,707.7083195105057,662.2674739465255,26.13586468933053,651.2171778680836
2021-01-04,675.4014638902162,679.6786627857701,670.4279626833663,674.9041137695312,565557,694.3147106933594,680.6963580407477,687.3240910524139,45.01057520911293,-6.627733011666237,-6669276.138033974,45620786.0,49.2753594982129,51.22632813776418,23.557319283398442,707.6397446946629,662.4852492018214,24.92978150455005,651.3003225746698
2021-01-05,676.2967239645786,676.2967239645786,668.4385677083334,671.4226684570312,450769,695.0875927734374,679.2696365663297,686.1462078972004,43.80591075667064,-6.876571330870661,-6777689.993512448,45170017.0,45.373467823267355,46.54403532575102,24.83976096346579,707.3738487212909,660.9258705169905,23.710379701099708,651.3579782581791
2021-01-06,675.3021016988827,680.6734472398106,668.4386448996115,673.0640258789062,227409,695.9052368164063,678.314927229803,685.1771573773267,44.559281330082534,-6.862230147523746,-6833154.529863136,45397426.0,48.84666480050226,47.831830707327505,25.66176218707464,707.285412578322,659.8505127146467,22.890695603892517,651.3897514132998
2021-01-07,672.2682050397947,681.2205081601916,668.9359831629899,671.870361328125,302941,695.7699584960938,677.3234555526218,684.1914687810895,44.09627836754394,-6.868013228467703,-6991369.794691987,45094485.0,54.86675456588046,49.69562906321669,26.37744599643891,707.39218440774,658.9728485512443,22.13311198912888,651.431847254796
2021-01-08,674.4067904373694,697.2848968976342,671.3232438513129,691.714599609375,897082,696.0246032714844,679.5374777151992,684.7487377313329,52.864823640278374,-5.211260016133679,-6479241.204479136,45991567.0,91.60423355097899,65.10588430578723,25.744533588143753,708.1420123063031,660.0582440413532,22.406579207499767,651.625554215983
2021-01-11,699.1748966981055,701.4129724740767,684.6025123609938,690.0733642578125,487073,696.4642626953125,681.1583833371396,685.1431545110721,52.1364579772941,-3.9847711739324723,-6649284.899152111,45504494.0,79.32910350892307,75.26669720859417,24.856949160903657,708.4943049713534,660.1436344817716,22.00685641504142,651.7454339204129
2021-01-12,691.3166472101869,693.3060476338134,679.3802446684283,680.9717407226562,333187,696.962607421875,681.1296690887575,684.8341608971153,48.17262221266023,-3.7044918083578295,-6906316.032644721,45171307.0,62.73781442663182,77.89038382884463,24.320127429072244,707.1571625737602,659.9688322992868,21.429638311494536,651.8118852708852
2021-01-13,684.2544535286821,689.3274014625591,663.4651901522756,669.6820678710938,692189,696.9337634277343,679.3684996706554,683.7117836359286,43.73128693393036,-4.3432839652731445,-7265721.859567797,44479118.0,42.15794478016074,61.40828757190521,24.6021125694786,703.7701759387418,659.7550193737583,21.746250668550893,651.905523534544
2021-01-14,673.2628171173415,673.4120464344596,645.560440378086,651.1307373046875,543503,696.9307775878906,675.0242285374296,681.2983727965774,37.597233531313094,-6.274144259147761,-7591824.607361811,43935615.0,9.973221835364818,38.28966034738579,25.57126120539161,699.8334515711286,657.56438778434,22.182347481966804,651.9212501859525
2021-01-15,650.434506311978,655.5074532130196,636.1107986794023,640.089599609375,705409,696.4334252929688,669.6496702408058,678.2458710790069,34.49591477309923,-8.59620083820107,-8007835.04325925,43230206.0,6.092907324162049,19.408024646562534,26.792490861927856,701.1528764286983,650.5055342158329,21.98336941422756,651.887264774241
2021-01-18,642.4769079435541,696.2901665292093,626.6611498762884,656.5518798828125,488034,696.0435021972656,667.6346255703453,676.6389087681777,42.15718506316562,-9.004283197832365,-8076857.164900573,43718240.0,39.986623693919796,18.684250951148886,25.351394380366212,699.0079086620541,648.8308486621646,25.38662993127708,651.910499642704
2021-01-19,665.4544540399645,686.5918339328632,652.5730739158377,674.1580810546875,437784,696.1141247558594,668.6382341063979,676.4551437523636,49.024044051688676,-7.816909645965666,-7959090.594536165,44156024.0,63.539495797931764,36.53967560533787,24.013233361773256,698.3750587026336,648.7077232797883,26.003210651687684,651.960715287008
2021-01-20,673.4121184876423,691.3167242967672,653.5181120330591,676.3464965820312,628236,696.0882629394531,669.8241206411107,676.4470958138204,49.821443053980126,-6.622975172709744,-7828483.233015298,44784260.0,66.46707060653382,56.6643966994618,22.52057667890384,696.8457229306385,649.0185592959239,26.845739338260575,652.0421152588082
2021-01-21,681.3697096224408,681.3697096224408,657.0492749979591,663.0671997070312,874465,695.46060546875,668.7845943435599,675.4559923985026,45.20095457496173,-6.671398054942756,-8270187.502216397,43909795.0,48.70255809899144,59.56970816781901,21.134538330525093,696.4361263549672,648.0256290161265,26.665360430133518,652.1204136363178
2021-01-22,659.4863235970323,676.3962293302895,636.657938714797,656.9995727539062,1258060,694.6161059570312,666.9715140989978,674.0888502026065,43.228225382487445,-7.11733610360875,-8240270.806547218,42651735.0,40.58552931994395,51.91838600848973,20.824372667259436,695.7364936393801,646.3131218391354,27.59914115765917,652.1541656269451
2021-01-25,662.4703642581765,673.4120669711494,649.3403088602721,667.1951904296875,410716,693.5179553222656,667.0059258421808,673.5782087379459,47.383690147721516,-6.57228289576517,-8041701.393750526,43062451.0,54.22481906762016,47.83763549551852,20.536361694227043,694.6652709096842,646.0066895395345,27.34718522574618,652.1810475847021
2021-01-27,659.4863311159017,669.184659514665,649.9372320541037,655.7064819335938,390506,691.6827331542969,665.2675498562443,672.2543771228088,43.518234011144074,-6.986827266564546,-8198105.802973631,42671945.0,38.855684112998105,44.55534416685407,20.268922933554105,694.8444977606546,644.549276653408,26.768631099661548,652.1949728305257
2021-01-28,646.5551267124099,673.5612612897626,643.5710261275834,655.756103515625,472720,689.8017553710938,663.8042504192259,671.032282781536,43.539657956604344,-7.228032362310046,-8286692.117343906,43144665.0,38.922065881772156,44.00085635413014,20.330662617481334,694.5612324158242,643.0122417052696,26.99874567555566,652.2099613711285
2021-01-29,653.6175017071905,659.0386301433269,581.8996388757276,618.2559204101562,946190,687.3707080078125,656.7968150332151,667.1229226058782,33.26935899785252,-10.32610757266309,-8340986.865415456,42198475.0,30.420272315900682,36.06600743689032,22.373448141482942,698.4533901610962,632.5500827392943,30.580191789273066,652.0316492821023
2021-02-01,625.6665030241031,646.5552098023323,621.7871474806133,637.7521362304688,580728,684.9416516113281,653.8668644481772,664.9473088002923,41.054244507713626,-11.080444352115023,-8173063.972479348,42779203.0,48.826155889351874,39.38949802900824,24.27032041377015,698.7999494269561,628.8712847039033,30.417270189480426,651.975677372196
2021-02-02,638.4981034306087,678.3855584631993,637.7520782563456,662.2216796875,732091,683.3421728515625,655.1522206388423,664.7454103474929,49.083027700433526,-9.593189708650584,-8023420.260604303,43511294.0,70.2173881521803,49.82127211914428,24.178421311267396,697.7979508309145,628.6050398917419,31.146999476435663,652.0072003495544
2021-02-03,669.8809502721232,686.3432286131884,660.5307428730066,676.9432983398438,642063,681.7665698242188,658.5046941313041,665.6489576061855,53.21203568439012,-7.144263474881427,-7848987.344110705,44153357.0,83.08700153217916,67.37684852457045,23.6995094744619,698.4183317964287,628.5367219145089,30.76596278098896,652.0904467547128
2021-02-04,676.3464131007793,676.3464131007793,658.491532369276,666.1010131835938,426826,679.4379760742188,659.6733586008871,665.682443204512,49.99636527775104,-6.009084603624842,-7911999.739652253,43726531.0,73.60869473645033,75.63769480693661,23.32680000182553,697.819019601138,628.4397328402681,29.886377294530302,652.1268187685271
2021-02-05,675.6004143918917,688.432011046476,664.4597595740615,684.8013916015625,1424089,677.7430065917969,663.5392098317603,667.0986616042935,55.04270078873381,-3.55945177253318,-6919269.906782383,45150620.0,89.95653297233733,82.21740974698893,22.368717016228064,699.5579557432294,627.9938997255207,29.463939735807738,652.3459447513833
2021-02-08,692.2118940651704,692.2118940651704,678.3855369885031,688.2330932617188,521522,676.9581884765626,667.3382688209847,668.6641750603991,55.921808576890506,-1.325906239414394,-6697903.92634873,45672142.0,96.39314707453059,86.6527915944394,21.292390713486554,698.8686786345659,628.3350261994185,28.34696954586914,652.4461069034304
2021-02-09,690.8192946772538,691.018246861254,667.4935626498466,674.7051391601562,452702,676.38921875,668.4716334885495,669.1116538826033,51.635371071384284,-0.6400203940537494,-6873051.075449851,45219440.0,84.12981869063479,90.1598329125009,20.74794842941759,696.3878092161566,629.2790731080621,28.002520593407592,652.5107518958251
2021-02-10,673.3623622932267,695.2954911817294,666.4491832500124,687.1886596679688,336479,675.8033410644531,671.3511759776909,670.450691348186,55.05871413577267,0.9004846295049447,-6725697.045437393,45555919.0,92.85085710905531,91.12460762474024,20.01310571729826,697.4713153262006,628.8172588925494,28.062791117572548,652.568519991253
2021-02-11,685.3485153685303,695.2955184943435,673.6110638224085,689.8743896484375,438577,675.3666662597657,674.2009011578058,671.8894838148713,55.78384023300994,2.311417342934533,-6506409.159396811,45994496.0,95.21928939204948,90.73332173057986,19.330750238091884,700.3287387680585,627.9790676284259,27.607195657169864,652.6515811794437
2021-02-12,685.3485181627764,691.2669971891034,677.8882657880001,682.0162963867188,168139,675.2552624511719,675.4032696545617,672.6396180794525,53.08498697673309,2.7636515751091792,-6570789.003759572,45826357.0,88.28950209453227,92.11988286521235,18.697134435971684,702.1532493735237,629.2431129311638,26.59087678173654,652.6809211190204
2021-02-15,682.264948832715,709.1715793628146,677.3411702863642,697.981201171875,718300,675.7307287597656,678.8767975803022,674.5167723825948,57.57573817839491,4.360025197707387,-6357543.691259571,46544657.0,91.20750563862508,91.57209904173561,17.629526291345982,705.643218856305,631.5423036046326,26.96512908850181,652.8502678818153
2021-02-16,706.9335397034636,753.9828533717928,706.237237327141,746.27392578125,2095315,677.1879650878906,689.2455865342941,679.8321170787915,67.66005514138305,9.41346945550265,-4938840.826676241,48639972.0,95.52023268909876,91.67241347408537,18.40829065961758,722.7790854117093,623.3786416390719,29.039166453602952,653.8076590902824
2021-02-17,745.2294407773562,773.8767958863386,726.3798588637517,764.3276977539062,1348015,678.6810107421875,700.7966805680807,686.0910489806519,70.48461969405824,14.705631587428798,-4132853.516287867,49987987.0,95.02591960359919,93.91788597710767,19.690947524734344,741.2571446216214,613.9175440990819,30.357578637101813,654.5551947059985
2021-02-18,765.9192184428654,782.6798939384013,761.2938378390226,774.8715209960938,460573,680.4844018554687,712.1928098646981,692.667380241055,72.02153843823146,19.525429623643163,-4008604.8702917714,50448560.0,95.1468458869548,95.23099939321757,21.107609918985702,758.9943508404606,606.0328403216488,29.716755598693023,654.8536735778074
2021-02-19,767.9086462064113,800.7337567307786,761.4928170070381,789.7920532226562,630929,682.6886572265626,724.1311549966916,699.8618004619143,74.07853229028152,24.269354534777335,-3729524.633408909,51079489.0,93.28654385539488,94.48643644864963,22.84987179564701,777.8150846868768,599.884591826795,30.397054464767848,655.2981762933406
2021-02-22,795.5114992039672,840.4222383233503,787.8025725158387,812.0234985351562,1665511,685.4618798828125,737.6530540026093,708.1700743932656,76.8138392588454,29.482979609343715,-3861760.2658712873,52745000.0,84.39035365730794,90.94124779988586,25.205644985681346,799.0995863964587,594.1024826953382,31.984383846392397,656.7217886097524
2021-02-23,820.5282920277839,828.535617205524,776.363574946656,781.287353515625,417058,687.3736962890625,744.3660231584579,713.58616914307,66.38402764870156,30.779854015387855,-4200097.8955922015,52327942.0,67.4959295641644,81.72427569228908,26.774618423208796,810.1814820025006,594.42980339789,33.42635944728351,657.0337319561986
2021-02-24,779.9444463827997,795.3125774791127,758.9562952675458,780.7899780273438,301313,689.0676721191406,749.9697085229018,718.5642290604237,66.22731868837433,31.40547946247807,-4139505.219147104,52026629.0,66.11080912256838,72.66569744801357,27.354103478677366,819.3677581803821,597.7518768293836,33.63563964473233,657.2305782854779
2021-02-25,790.5877691744157,820.6277297261215,784.5698446320949,814.908203125,729553,691.2520349121094,759.9602461539938,725.7008197318738,71.24231765838343,34.25942642211999,-3641396.619147106,52756182.0,85.3344903395558,72.98040967542953,28.429881405114298,833.6901803740067,599.3446645966964,34.078647648592714,657.8154920251077
2021-02-26,795.8596441925047,818.6383041578779,781.8343949794556,804.3643798828125,1056061,693.0912365722656,766.7916513430428,731.5277501134248,67.88733384589742,35.263901229618,-3404495.055215252,51700121.0,79.27388328880143,76.90639425030854,29.293782667580878,839.8204096046454,611.8252813133233,34.27330918643768,658.6254496740443
2021-03-01,815.6542382020384,835.4487982674702,802.375013608668,825.9991455078125,442822,695.6615417480468,775.9004965991612,738.5256312537498,70.91406710330851,37.37486534541142,-3214714.198072394,52142943.0,91.70958237788159,85.43931866874628,30.439057341323497,849.6766373661385,620.7937544795645,34.187628863035144,659.008697401145
2021-03-02,833.558882855219,916.6660839140188,826.0489074491599,901.0990600585938,3800314,699.7885546875,795.1618140544585,750.568107461516,78.4922450066071,44.59370659294257,-720103.6199627854,55943257.0,93.59526750381141,88.19291105683146,32.6579318038872,877.4180340162793,616.9400958665333,38.22186525897594,663.4141521600724
2021-03-03,918.108297028729,918.108297028729,886.2778901978305,906.0724487304688,1535060,704.2756469726562,812.2249886199986,762.0869475555126,78.88459961746031,50.13804106448606,-345930.40264710574,57478317.0,95.00104168658402,93.43529718942568,34.73378576490215,901.8137201394397,615.4573247824353,37.76533251411326,665.3209669476943
2021-03-04,895.2302708570475,939.6933864519517,890.306492224996,922.1369018554688,1173560,708.9477551269531,829.1345137331479,773.9424997258797,80.14457236980192,55.1920140072682,-6745.124344140349,58651877.0,93.30804791624024,93.96811903554521,36.88869932173433,924.664160688063,618.2104731009995,38.595444065030584,666.8422782766379
2021-03-05,920.0977912808228,930.8405425393854,872.4018990391169,876.7288818359375,751162,712.9404833984376,836.4567242105002,781.5563058081061,67.82482463514083,54.90041840239405,-646670.2832080026,57900715.0,73.02940836981251,87.1128326575456,38.07535763471208,935.3911015398068,626.6762812726932,40.012815453261865,667.713852123014
2021-03-08,881.3044088138466,904.6301414829156,875.4356531386518,879.9118041992188,462683,716.9163000488281,843.1421211318416,788.8418982815219,68.19390102921137,54.30022285031964,-967474.5164535084,58363398.0,71.97478147370906,79.43741258658727,39.17725463961999,944.5389991389773,636.6962547672726,39.240077802619155,668.2316125880781
2021-03-09,885.2832388397478,939.4944034653279,883.3932840451906,900.9497680664062,1947228,721.3158605957032,852.0356052756207,797.1461849322542,70.59484058670186,54.88942034336651,-1695957.5922517795,60310626.0,78.56354878146435,74.52257954166197,40.64897118376814,953.3478817699754,650.5118350268997,40.69311505001129,670.5938269617475
2021-03-10,910.1506879836953,929.0499918871819,890.7540339774855,907.3655395507812,606764,726.0934045410156,860.5479028564146,805.3105815706635,71.30619947339545,55.23732128575102,-1776333.7373537472,60917390.0,82.11333009216885,77.55055344911408,42.015565117619985,961.3734262687151,664.5039785164411,40.521889539988805,671.3238178943063
2021-03-12,911.2448621835281,919.9982728322557,868.1246312248915,871.9044799804688,664299,730.0523120117188,862.2950685678074,810.2434629343529,62.33077034401175,52.05160563345453,-2343822.501146048,60253091.0,62.49308538316687,74.38998808560002,42.2313861036197,961.2089723897773,682.8714414285821,41.33272897337276,672.0431617926126
2021-03-15,875.3362255370495,883.3932733283413,836.6423612826125,841.3671875,1045124,733.200537109375,859.0753945573756,812.5489240132897,55.81531441148883,46.526470544085896,-3177698.033060939,59207967.0,45.59711108129456,63.401175518876755,41.173486134261836,953.5690138109317,706.4464891187558,41.71974204996962,672.9933477075749
2021-03-16,834.4042994227958,861.2612067841856,833.7577806725892,844.7492065429688,779547,736.6740307617188,856.8713656320822,814.9341301265993,56.35939506409893,41.93723550548293,-3334171.1637756815,59987514.0,47.46834792637473,51.85284813027872,40.08336142239934,945.0923218818746,729.5999815849223,40.704290911514384,673.6676268723094
2021-03-17,849.0264447376647,855.4422739345115,815.6542611933714,818.1907348632812,477076,739.5397631835938,850.920499359959,815.1753601070942,51.04386277379888,35.74513925286476,-3750420.2649597633,59510438.0,23.03089582968736,38.69878494578555,38.40456590423283,940.8022587528196,741.0817256221803,40.638842470773355,674.0377979301082
2021-03-18,830.4752645807037,842.2127154105706,814.1621561651697,818.7875366210938,400106,742.487060546875,845.9769666309028,815.4429287377609,51.15534590891553,30.534037893141885,-4018575.778232738,59910544.0,23.408955864307867,31.302733206789984,36.7912646229063,937.8277583889471,749.5022098727716,39.73967938324675,674.3375502662501
2021-03-19,814.6595309808781,822.9155311793726,771.887418853677,794.9644775390625,1242150,744.9250695800781,838.1288913860043,813.9260064267462,46.59408480825294,24.202884959258085,-4137220.8261744957,58668394.0,13.752227656546568,20.0640264501806,34.40877782942394,936.2689253035238,753.0703386124918,40.5459960219931,675.0862783727146
2021-03-22,795.9094832385332,812.5209299694747,786.3106008911133,795.76025390625,655786,747.4028674316406,831.610639466042,812.5803951289316,46.764838725154476,19.03024433711039,-4320143.617654118,59324180.0,14.226451772993117,17.12921176461585,32.196468664047465,935.8866323349491,754.0494516494259,39.52201981173369,675.4830608935736
2021-03-23,802.7231109120106,832.4646730111449,796.8046322146221,809.487060546875,798486,749.7583166503906,828.2070119400163,812.3512592339645,49.749433907666315,15.855752706051817,-4550669.444692411,60122666.0,22.406617733173267,16.79509905423765,30.267277550380708,935.9501502526886,753.7322899328584,39.320762618388066,676.020290059728
2021-03-24,812.5707065963908,841.5164612996831,774.3244675781986,780.8894653320312,1406039,751.574638671875,820.9273893849416,810.0207559819695,44.190853060228186,10.906633402972147,-5681954.195992401,58716627.0,5.364556819519697,13.999208775228695,28.42531735368092,935.9859140265937,753.6567373405937,41.31156484003782,676.860382136727
2021-03-25,784.9179834254269,800.8331882452997,741.8474725239837,753.93310546875,1361204,753.0338659667968,810.6205764747583,805.8661152032125,39.68926962033511,4.754461271545779,-6485361.729313174,57355423.0,6.114758720110339,11.295311090934433,27.568495403488164,939.0603855203975,747.8965785909305,42.57400418870054,677.4434050640854
2021-03-26,767.9085917312921,775.0207227917158,751.2473625713192,756.0219116210938,703225,754.7606628417968,802.2207818818869,802.1739519749075,40.197631387428075,0.04682990697938294,-6906120.790598541,58058648.0,7.17159585003453,6.2169704632215215,26.772875021166325,942.8459580594192,738.2223769015184,41.231101048107405,677.72545067368
2021-03-30,765.8694746574525,773.0313286468041,746.0749152678354,756.6187744140625,628410,756.8704235839843,795.2050884252985,798.7994943778078,40.352346489616224,-3.5944059525093053,-7042932.265755467,58687058.0,7.473580196629763,6.919978255591544,26.168907494890252,945.8112452591797,730.4825291548827,40.21148050031178,677.9692795539378
2021-03-31,761.8409146137477,768.7540324992743,743.0907792407882,747.069580078125,624642,759.0100231933594,787.7996256026565,794.9676488741277,38.630397020622624,-7.1680232714711565,-7473886.732253538,58062416.0,2.78954982652221,5.8115752910621685,25.68882206936811,948.9122953330971,719.4885225379967,39.17232141160996,678.1934454575021
2021-04-01,755.9721363955531,760.1498892916542,735.1331554933657,746.87060546875,810538,760.8163977050781,781.5028532743631,791.4049049181738,38.59344138064473,-9.902051643810637,-7523841.891595187,57251878.0,6.349196724803131,5.537442249318367,25.462950715355703,942.8984606019388,710.0795118101706,38.16120801065842,678.4607504394072
2021-04-05,743.0411461204793,744.7818716970668,717.5768419705045,725.5841674804688,738836,761.8449194335938,772.899978536841,786.529294737603,34.762126009506204,-13.629316200761991,-7827750.938017654,56513042.0,4.829030177765823,4.655925576363722,25.713922984130797,935.7652759427035,699.163868344406,37.52781911691464,678.6392043134318
2021-04-06,727.6232143758627,732.1490882559596,696.2901572974763,699.9208374023438,1267810,762.31640625,761.6724183623029,780.1138534535097,30.793111638553412,-18.441435091206813,-8838832.004905773,55245232.0,2.2007983316854354,4.459675078084797,26.444383686743226,924.9847232299745,687.7228146118224,37.40861281988383,678.8236437869123
2021-04-07,696.3399213973458,729.1153078845623,690.8193469656596,718.2233276367188,1618249,763.4195288085938,754.9879428660593,775.5293700596733,36.3726944962461,-20.541427193614027,-8141094.5012183,56863481.0,16.6465152671257,7.892114592192319,27.243561651038284,918.3656699579383,678.4913124639368,37.47199482695661,679.080644157942
2021-04-08,722.0529356469905,732.3977818183649,716.7312528833098,725.8825073242188,613211,764.7971875,750.51018355193,771.8518246718619,38.6034557534976,-21.341641119931865,-8037918.36655343,57476692.0,23.160301351850762,14.002538316887298,27.82064112059881,908.5079862008598,672.9460665335151,35.914461548963644,679.2122090829758
2021-04-09,731.1046986439432,732.099398914207,719.4169704683427,725.33544921875,344873,765.9599926757812,746.6371475006715,768.4061672308907,38.49963073733339,-21.769019730219156,-8060909.239514137,57131819.0,22.904288781923633,20.90370180030003,28.356500628047872,891.4422086326889,672.4504122169204,34.25503061302798,679.2868579803421
2021-04-12,705.2922127344502,715.9852406131971,685.3484845075899,706.9832153320312,921660,766.98552734375,740.53654255165,763.8563189420863,35.090057204763625,-23.319776390436346,-7680873.593740126,56210159.0,13.853500102164817,19.97269674531307,29.630602801275007,869.7316802256298,674.1227082021046,34.66445447718027,679.3873902566743
2021-04-13,707.9282147701846,728.916366789356,707.9282147701846,725.3851928710938,437329,768.3781091308593,738.2055656777181,761.0066058997905,40.75571338206527,-22.8010402220724,-7390702.357519336,56647488.0,25.63695143262618,20.798246772238212,30.142363306975597,852.8348884758528,676.3675712409441,33.755075690047725,679.4712203555765
2021-04-15,723.1471235954945,742.0464294391181,711.0117677009353,736.1776733398438,871200,770.7365441894531,737.8935822411221,759.1674257101648,43.85114593121904,-21.27384346904273,-6848995.899728455,57518688.0,32.547766754974916,24.012739429921975,29.975783351145346,840.9353043650691,677.7482039357122,33.56076040777167,679.6734134403731
2021-04-16,736.1776278616476,751.7944338679182,727.1258799067167,739.7088623046875,692021,772.7756787109375,738.1728560970552,757.7260506430924,44.86617244058913,-19.553194546037275,-6835042.153440405,58210709.0,47.07149608363853,35.08540475707988,29.365599836166535,825.9602886343221,682.219185242631,32.92560280444523,679.864067096278
2021-04-19,716.1841490033424,735.6305259068605,688.5314953924943,724.788330078125,715142,774.02701171875,736.113698247989,755.2862194901319,41.45603204925082,-19.17252124214292,-6449151.500004259,57495567.0,43.982224961944425,41.20049593351929,29.78344185640115,815.963309192773,682.8759242056645,34.22930024071294,679.9836349686997
2021-04-20,724.7883679745094,743.6378893124171,723.9428363273835,732.5967407226562,475888,775.1400805664063,735.5726278594763,753.6055173592079,43.86084935422189,-18.032889499731596,-6506834.04932717,57971455.0,53.88540561030411,48.31304221862902,29.807162530709938,803.8297043389773,686.3904494696164,33.19113972245013,680.099957386343
2021-04-22,727.9216648266994,746.0252223650967,721.1577149529268,743.4390258789062,422465,776.6868408203125,736.7828429393885,752.8524439162225,47.10962304911916,-16.069600976833954,-6172240.944200217,58393920.0,69.64829411241085,55.83864156155314,29.89872830115664,796.6162613120304,688.4513473305477,32.59659455743012,680.209516115638
2021-04-23,743.0410274634437,783.7740115932336,738.0675266102747,766.217529296875,3507205,778.3151635742188,741.3112562251556,753.8424502407153,53.23289009001903,-12.531194015559663,-5359366.191435704,61901125.0,82.16267383452055,68.56545785241184,28.401513727403973,790.6727663558158,691.4405698258247,33.53301530211075,681.5099771710888
2021-04-26,776.7614297651847,782.8290768512771,757.8123419150032,776.363525390625,824311,780.0777722167969,746.7039130198432,755.5106780295974,55.69342163465404,-8.806765009754258,-4961139.986566482,62725436.0,92.47097127947261,81.427313075468,27.011243051776496,781.3952128271319,697.4057698388838,32.92470956169383,681.8453240177117
2021-04-27,781.8344547888041,790.2894075441537,772.3350788354256,780.0440063476562,853518,782.1845495605469,751.8331581471991,757.3279616087129,56.58573102821288,-5.494803461513811,-5081719.596150864,63578954.0,90.23698200850801,88.29020904083372,25.430138861565464,781.1871743259468,697.5292624416314,31.85539664362485,682.2225331134703
2021-04-28,785.8132144768003,787.8026150197796,758.7076320787082,767.85888671875,593276,783.7979541015625,754.2986548505147,758.1080301353824,52.794780256694075,-3.809375284867656,-5301789.001816598,62985678.0,78.62557315453722,87.11117548083928,24.426291598204095,783.2713378920397,696.8376770005385,31.658224236299606,682.4581349937654
2021-04-29,774.8715505125034,784.818553728325,764.526642883373,771.7382202148438,589571,785.4352307128906,756.9816649065654,759.1176738449722,53.85471839011549,-2.1360089384068033,-5472302.684703436,63575249.0,82.3222563776704,83.72827051357187,23.494147710797108,785.7291226144675,695.9515231374855,30.846344708346205,682.6968932056942
2021-04-30,772.4842337767075,786.5095445259786,756.9172104063209,772.583740234375,1841225,787.2465795898438,759.3819841877669,760.1151602441872,54.09664652066457,-0.7331760564203478,-5363995.33176226,65416474.0,83.12796686226052,81.35859879815605,22.896858997657073,788.1594540386216,695.1176882953628,30.756772523439885,683.4208454327677
2021-05-03,753.982795108551,782.8291025731263,732.1988351868356,778.9000244140625,841965,788.8649560546875,762.3847596071969,761.5066316641779,55.95438344135309,0.878127943018967,-4652708.934225731,66258439.0,89.14686206245497,84.86569510079529,23.124915702861035,792.482959080597,693.9772276869811,32.176307870786374,683.720816411176
2021-05-04,793.7708873143124,793.7708873143124,768.9033783132375,772.6832275390625,651087,789.3931420898438,763.9691392890225,762.3345276549101,53.65282456923131,1.6346116341123889,-5105866.122052877,65607352.0,79.9621991441039,84.07900935627315,22.81448595742167,795.4130482840416,693.6284006905679,31.65425080866413,683.9905954830039
2021-05-05,783.4756701145361,805.7071962447641,771.4894836257447,791.8311157226562,1229552,789.9432104492188,768.2555972018891,764.5194601043727,59.217058818160446,3.736137097516462,-4873538.1474037375,66836904.0,88.15788561862138,85.75564894172675,21.9851739153967,801.8893206171308,693.7768231816974,31.837355223689507,684.555930964344
2021-05-06,792.776200878329,795.7603020108696,759.7521362025392,774.026123046875,665468,789.9263024902343,769.14337040881,765.2236573593729,52.861846521598956,3.9197130494371777,-5011410.183316674,66171436.0,72.9627619314765,80.36094889806726,21.616333578821685,801.988914321136,701.0877580421452,32.13527026544957,684.8213919373986
2021-05-07,781.6851744122262,781.6851744122262,739.4601969782873,748.7606201171875,513294,789.105673828125,766.0075626716373,764.004173119211,45.41380701803092,2.003389552426256,-5298589.135552475,65658142.0,51.4006950985747,70.84044754955752,21.89987530067309,801.1848512067867,704.9455504045415,32.85596363462738,684.9809423953249
2021-05-10,750.7997955816151,761.9404513997722,742.0464448358094,743.7871704101562,434021,787.740947265625,762.5890407852555,762.5066173629847,44.09670254870817,0.08242342227083554,-5656656.460552473,65224121.0,26.764747827511755,50.37606828585432,22.16316404239225,800.6694436877083,707.2514242322136,31.930109558151337,685.1014667745729
2021-05-11,738.0676151480747,770.8927247166548,738.0676151480747,759.1552734375,823028,787.2983056640625,762.0607688856009,762.2583696648006,49.01714008887104,-0.19760077919977448,-5422217.572871958,66047149.0,44.9412082771011,41.035550401062515,21.94876212814936,800.5046648063751,710.7981855354217,31.99403813032482,685.3528026083001
2021-05-12,754.5795631839154,771.887371309814,751.0483895425539,766.0186157226562,414426,787.0028784179688,762.669668398994,762.5369064098269,51.087684723007506,0.13276198916707926,-5241216.116367127,66461575.0,46.00807316213849,39.23800975558378,21.697893881410682,797.6510903834868,719.5552999973726,31.19724839010591,685.4910573818333
2021-05-14,765.9192356179885,778.8503395959546,754.2812298954814,768.5054321289062,541416,786.0748229980469,763.5674782035959,762.979019426055,51.85071711576029,0.58845877754095,-5155730.224495673,67002991.0,49.391112003516355,46.780131147585315,21.093962331495977,796.8849361055661,724.6334782010745,30.723809912274998,685.6807495463205
2021-05-17,768.5552171930684,809.6363277675061,756.569029913375,790.9359741210938,1956412,785.8062548828125,767.7780160370571,765.0499049590209,58.18677513826735,2.7281110780362496,-4578155.955357706,68959403.0,75.85103413965619,57.083406435103676,20.03855563407635,800.0533893607833,726.9408550239823,32.319773336693295,686.5128185648822
2021-05-18,795.7601529806459,828.4858135566476,795.0141278372266,823.91015625,2275063,785.7644750976563,776.4137299159714,769.4099235731675,65.39580770157073,7.003806342803955,-2925105.765007957,71234466.0,95.2478960456379,73.49668072960348,19.742755008513054,811.0918934736429,724.322480305654,32.69334948661191,687.751430312337
2021-05-19,830.5746309605732,850.4686340973534,807.746250218782,815.1070556640625,1855576,784.0446350097657,782.3665492618316,772.7948963206412,62.307300799893184,9.571652941190337,-4141272.97341276,69378890.0,70.10092283995066,80.39995100841492,20.15175493326347,815.6005585637372,728.8456877741535,33.40970908603758,688.8111908878706
2021-05-20,822.0202563115255,825.0540797302758,799.1421520803813,807.2986450195312,556669,782.0691589355469,786.2022563014776,775.3507295575961,59.617713486361026,10.85152674388155,-4347488.172422608,68822221.0,63.49872116508433,76.2825133502243,20.12130693153677,817.8844221928131,734.032014574765,32.87415326917022,689.0935666313835
2021-05-21,806.7019803485762,827.8890855692771,798.7443775831155,822.4679565429688,806206,780.0757800292969,791.7815948001685,778.8408945194756,62.962555661077715,12.940700280692909,-3841202.6073680636,69628427.0,76.32474409162579,69.97479603222025,20.184678889274974,823.6873124041508,736.1320174298335,32.60776432038389,689.5198643164167
2021-05-24,827.0933510384909,834.553603753811,801.7284918064025,805.4586181640625,684641,778.6503747558594,793.8857522407675,780.812577752408,57.23759704465904,13.073174488359541,-4370243.38009534,68943786.0,59.95586485421294,66.59311003697435,20.462948539203502,826.5274992302785,737.2159394904246,32.62328915088565,689.8726869749386
2021-05-25,815.0574256325772,826.4964787391195,806.5029668824118,820.2796020507812,720336,777.4577307128907,797.946344519231,783.7360610337689,60.599363498260864,14.210283485462128,-4097876.7131736022,69664122.0,73.14167404461428,69.80742766348433,20.721341785565706,831.6471144935156,736.4879318932033,31.79575853832646,690.2531938960286
2021-05-26,830.2764028350239,832.4149721825256,819.6330968381129,821.6224975585938,499153,775.8711853027344,801.5888296022099,786.5424637393114,60.89930720842215,15.046365862898483,-4441651.052206729,70163275.0,74.33641010694348,69.14464966859023,21.17011848550741,836.3994803124422,735.8934151953704,30.437624024475475,690.529523944194
2021-05-27,816.6488952717468,829.8286734232092,814.1621446771313,823.7112426757812,940317,774.1980993652344,804.9922777673746,789.2957066234944,61.39162547405942,15.696571143880192,-4235679.767375997,71103592.0,76.19470742196162,74.55759719117312,21.25189253917888,840.9920021687379,736.8861289347777,29.38254579030422,691.0393231778293
2021-05-28,824.0096250426712,842.8591442357184,818.2900992044789,822.2191162109375,905813,773.2043920898437,807.6425606048458,791.7344777040457,60.802661197854164,15.908082900800082,-4851782.306334791,70197779.0,74.86720480784648,75.13277411225052,21.807869298723862,844.8144321736157,738.1117885295092,29.038724307513885,691.5460577338157
2021-05-31,827.5906504449013,852.2592057677482,820.2298439327112,847.1365356445312,1296401,773.3197790527344,813.7185567647974,795.8383338477854,66.57025875074403,17.88022291701202,-3970065.4767289655,71494180.0,95.51396902747548,82.19196041909453,22.643353319963325,852.9783117654864,737.4031884786542,29.252341273765534,692.3285551377404
2021-06-01,852.4580827885729,858.2273318833119,828.9333984596177,835.7471313476562,697195,773.1397375488282,817.1075682390833,798.7945410699981,62.07419855200613,18.313027169085217,-4342927.077579937,70796985.0,79.02554359588332,83.13557247706842,23.615235439996336,857.891044021867,738.1751669156331,29.255312141617576,692.7490675249296
2021-06-02,832.0668164853223,850.4687723789009,828.5853653703209,848.6286010742188,826415,773.7484948730469,821.9569579060272,802.4859529221626,64.95692339858431,19.471004983864646,-3655498.2206574427,71623400.0,90.76566545014175,88.43505935783351,24.492531627845477,864.3503980028079,739.3103502882077,28.72874748925775,693.2497669745245
2021-06-03,848.6285356359633,859.3215632360645,842.7100570545007,850.2200317382812,404997,774.3771447753907,826.3051231109894,806.0218106122454,65.30776228665164,20.283312498743953,-3694301.1881882283,72028397.0,91.1422801915741,86.9778297458664,25.61004509377683,870.4991582438747,739.0004816487035,27.8632302529939,693.5073140067518
2021-06-04,848.2306859288783,858.6750391417229,843.008509322456,847.5841064453125,781342,775.4295373535156,829.5788128547314,809.1004991924726,64.1619509426032,20.478313662258756,-4019242.6644717087,71247055.0,81.74790097295009,87.88528220488865,26.647736169284514,875.1138033249616,741.7416349074603,26.992037364870544,693.998687041573
2021-06-07,846.5893991804419,869.3680602849399,840.5217516484831,852.9555053710938,463126,776.5734423828125,833.1752270880179,812.3490181686668,65.49064251901322,20.826208919351075,-4083122.112747573,71710181.0,76.76055073035411,83.2169106316261,27.97392717018921,877.0644315795549,750.2104951782575,27.124485312840992,694.296903884294
2021-06-08,852.9554468018874,864.7426202368667,843.505794621575,861.2611694335938,370448,777.6089245605468,837.4961412950296,815.9721404845874,67.49728977143266,21.524000810442203,-3834132.612293024,72080629.0,88.52100238729585,82.34315136353335,29.20539024245786,877.500556159915,761.5217705002412,26.703938191587476,694.5379468186562
2021-06-09,864.3448732327194,868.3236745956993,836.5429865665579,840.37255859375,465156,778.7985864257812,837.9386670332942,817.7795788630439,58.31347775655635,20.159088170250357,-4187186.0420625033,71615473.0,58.94365660084606,74.74173657283201,29.72457818683178,875.1014374449427,772.0426177308385,27.066563179984183,694.8245340881014
2021-06-10,849.4739657816141,880.1604424856565,833.9566670379575,872.2526245117188,1034717,781.1649768066407,843.2177374145903,821.8146192814643,65.93209869777135,21.403118133125986,-3506654.5436261613,72650190.0,89.91760640217066,79.12742179677086,30.65706141236738,877.4007816671549,780.3666743875326,28.43350691339239,695.514787357153
2021-06-11,880.3097210106944,887.7202500135169,863.2505874431577,869.0198974609375,590610,783.4249365234375,847.1873004986437,825.3113065540178,64.64197944060163,21.87599394462586,-3818763.589246149,72059580.0,76.9749099801919,75.2787243277362,31.784132398691888,876.8739437582938,790.9449588295968,28.150375174604306,695.9325629179242
2021-06-14,866.3839375559442,872.8992122000494,845.9925819647882,862.9522094726562,226622,785.5516052246094,849.6126711100303,828.099521585028,62.18251728936484,21.51314952500229,-3759699.5206836686,71832958.0,66.32860453977857,77.74037364071371,31.410503319919012,877.4281367979495,797.5923893250974,28.061536250365513,696.0808932101257
2021-06-15,859.4210078349289,867.2791640199453,848.9269324394666,852.1099853515625,306451,787.6524133300782,849.9968733010352,829.8780744566232,57.94036234569934,20.118798844412026,-3959847.3995959526,71526507.0,51.588931635600815,64.96414871852376,31.063562032487056,878.8091268641117,799.0313821690913,27.368014488230738,696.2755637194654
2021-06-16,852.4580304790005,865.1901802854759,843.6549584162519,846.6887817382812,246452,789.6487768554688,849.4879361375346,831.1233120330423,55.88733994108501,18.364624104492236,-4136860.428416436,71280055.0,40.90252174723145,52.94001930753694,30.326523488788776,878.96756664447,802.0311149961549,26.95138644401597,696.4276127575075
2021-06-17,837.5376519726212,890.2567678331307,824.5568252096825,851.0655517578125,1820950,792.1584045410157,849.730646232962,832.6005149756179,57.205720799718144,17.130131257344146,-4488370.313849594,73101005.0,44.03407447819736,45.50850928700987,30.719367232106624,878.2196534428689,807.1557188715843,29.71914045683255,697.5666305737091
2021-06-18,859.3215065894007,860.3162067656997,835.7471002687776,844.6994018554688,1005831,795.0539758300781,848.9566086364247,833.4967288185697,54.647400218600154,15.459879817854926,-4761207.425091676,72095174.0,30.658438716196674,38.53167831387516,31.084150708044625,878.1011568317808,809.4973600139224,29.35128088826752,698.1557850827594
2021-06-21,838.5322890104243,858.0781727008567,826.6456091887583,848.7279663085938,649897,797.6640686035156,848.9214328936815,834.6249686326456,55.988735919823505,14.296464261035908,-4497958.563502252,72745071.0,36.790201229619655,37.16090480800457,30.70313276785409,875.4373821090206,816.4880695511357,29.499943932826874,698.5277940314587
2021-06-22,856.4369110429412,859.818916161002,844.5005081015762,848.4793090820312,427455,800.1160046386718,848.8534138457353,835.6512160733408,55.878881268095576,13.20219777239447,-4703359.370076599,72317616.0,36.41172719047528,34.620122378763874,30.42915062374588,874.3939102082492,820.3515121550321,28.486977084726796,698.7822105977857
2021-06-23,855.4422561156159,863.1511834236345,844.5005528397185,852.9555053710938,437812,802.6684057617188,849.4845048496367,836.9330152805818,57.49563561087447,12.551489569054866,-4744221.823409932,72755428.0,43.224817294248005,38.80891523811432,30.331936598624118,873.3103779834795,824.5683451610518,27.784380906097457,699.0463552129269
2021-06-24,855.4422306875365,859.8189361524728,845.4952280051233,852.4581298828125,337562,805.5779040527344,849.9419856239715,838.0830237696359,57.24462494621861,11.858961854335575,-4753599.102043427,72417866.0,42.46777631609692,40.70144026694007,30.241666432439626,871.8445273206471,828.9088845445872,26.822904280472606,699.248159276516
2021-06-25,855.4422550168283,863.1511823149451,848.7280280152428,858.9237060546875,302991,808.2486743164062,851.3237887671586,839.6267780129731,59.707214984355325,11.697010754185499,-4628223.515836531,72720857.0,52.3088445327493,46.000479381031404,30.32870599408302,869.6313314080995,834.7925394415098,25.93720785327473,699.433962643283
2021-06-28,858.4262913297042,881.2049506913767,850.7173646115058,876.6790161132812,414235,811.058701171875,855.2245929742544,842.3713882426255,65.57161700790007,12.85320473162892,-4336976.31192152,73135092.0,79.33369318498683,58.03677134461102,31.214449414232455,873.9198143970258,833.4583044994587,26.262234869460173,699.7075410945314
2021-06-29,874.3415728610386,876.3309734818828,851.5629114676966,858.0782470703125,324166,813.4260888671874,855.6636166813403,843.5348592668986,56.32313252428752,12.12875741444168,-4490596.043121976,72810926.0,51.021995639713495,60.88817778581654,32.03692544722836,873.3465724725161,836.2646579962338,26.180368424897633,699.9115391022348
2021-06-30,850.5681233562751,861.16170485341,841.7650508024236,845.345947265625,351060,815.8372412109375,854.0762829250764,843.6690139334709,51.01863608568196,10.40726899160552,-4712034.768332312,72459866.0,31.642526957889444,53.999405260863256,31.844582507253588,873.4543850306737,835.828580057217,25.69581739818969,700.1147998792228
2021-07-01,846.8878417418246,857.4316404135109,843.505836508883,853.3533935546875,138698,818.2523742675781,853.9650691757857,844.3863753868943,53.955647234514714,9.578693788891428,-4654573.6845920775,72598564.0,43.8304314967964,42.16498469813311,31.665978348705583,873.5130941189414,836.0832071505899,24.855102148649557,700.1960295229854
2021-07-02,862.0569151932484,904.9781905330498,852.9553844736681,895.0311889648438,1945993,821.2842175292968,860.2829337587177,848.137843059335,65.53827542923656,12.145090699382763,-3452746.4414573666,74544557.0,87.63139430895012,54.36811758787866,33.24361848620058,882.4898223100005,831.851187211484,26.795652427987562,701.5724702782392
2021-07-05,904.6798967812592,916.118949901638,891.2514431182059,897.169921875,1316486,823.9032653808594,865.9578550073766,851.7698488975324,66.01078260169032,14.188006109844196,-4142583.819826509,75861043.0,79.30473097867856,70.25551892814168,34.97344236354028,890.0072949520429,828.7551562198321,26.65792773909074,702.5785430305011
2021-07-06,900.2037035282428,912.7369020772223,886.6758047543703,897.0703735351562,730080,826.31740234375,870.7443963193427,855.1254433151341,65.96544588621975,15.618953004208606,-4290273.394629655,75130963.0,79.1960087966861,82.04404469477159,36.19448461031207,895.9354696858563,826.407901896175,26.615296995073688,703.1246520859931
2021-07-07,902.7401871019528,907.3655674843467,888.6154316074382,904.0830688476562,283658,828.79818359375,875.8734228621602,858.751934095321,67.65095928788821,17.121488766839207,-4105932.7547169523,75414621.0,86.54808129652284,81.68294035729583,37.32830955374301,902.4319667231777,826.2824558842443,26.053499772347607,703.337302057475
2021-07-08,909.8523002187382,942.9260824189571,901.1983961924344,916.4172973632812,2179864,831.7693518066407,882.1109420161788,863.0234424855403,70.42520890001751,19.087499530638524,-4695718.905598143,77594485.0,77.20272001026623,80.98227003449172,39.18876446302973,910.8346760118078,822.2962138807703,27.173084519074397,705.1222173265845
2021-07-09,917.0145653348355,920.1996927004905,895.8136543325489,901.0889892578125,507064,834.3563671875,885.0306415918147,865.8431126168197,63.174314503668505,19.187528974995075,-4983400.6190468045,77087421.0,58.64307382734633,74.13129171137847,40.48406085796205,914.9305366715256,821.40726240074,26.974009793993478,705.505534918693
2021-07-12,905.7671350474354,920.5978519987126,890.8369075466535,895.067138671875,576161,836.80603515625,886.5747180656701,868.0078552875646,60.537332568313275,18.566862778105587,-5395770.164157669,76511260.0,52.690336404932275,62.84537674751493,41.287257123270365,917.8952996022583,821.6539923899293,27.173076555283878,705.9316561881019
2021-07-13,903.676843157069,932.3428651329012,896.7094043069798,922.4888916015625,842102,839.6778125,892.0999755327305,872.0434876071199,67.24272634000407,20.056487925610554,-5019413.035767278,77353362.0,79.79736812603403,63.71025945277088,42.31885234593263,925.8237320836619,820.7634505335255,27.894694405694047,706.5985474651399
2021-07-14,926.6693997676681,931.6958972509597,910.0470686312531,913.6801147460938,684507,842.4977502441407,895.419996950171,875.1276822100069,63.50952192197442,20.2923147401641,-5474175.919758385,76668855.0,71.08969016476156,67.85913156524262,43.2767621955476,930.4872697957105,822.7990461222582,27.44856113526637,707.1408510656428
2021-07-15,917.0144703337493,923.6335615055365,894.8182131261419,898.6005249023438,439404,844.6331384277344,895.909308942813,876.8664112983282,57.6127581662549,19.04289764448481,-5798227.302685837,76229451.0,56.18316973611319,69.02340934230293,42.93350994795586,932.3319601087186,825.7078531237033,27.546188795561243,707.4665297737149
2021-07-16,906.7624415227172,906.7624415227172,873.9159425432993,875.80712890625,569938,846.6687585449218,892.816665860265,876.787945935952,50.04844253050723,16.028719924312895,-6302535.235140262,75659513.0,33.651375000670356,53.64141163384837,41.22261668918963,931.5555157956624,829.5950701418376,27.92478238012243,707.8445061765954
2021-07-19,873.8164018148664,874.911260775862,855.9996408045977,865.953125,759172,849.0126086425781,888.6838134202242,875.985366607363,47.16532601702445,12.69844681286122,-6262578.814087628,74900341.0,23.91046612619078,37.915003620991435,38.656700942403084,930.7916638573367,832.0814379493038,27.344975645945993,708.2894489393643
2021-07-20,865.8537120312166,865.8537120312166,834.1020695693061,857.3932495117188,754030,851.2847302246093,883.8698805112234,874.6081727484263,44.753541854765125,9.261707762797073,-5910382.675830672,74146311.0,21.402610814022523,26.32148398029455,36.505667345286916,930.1886936855101,833.5758021640993,27.6668384877137,708.6921103963085
2021-07-22,862.9671763472426,920.6973911432518,861.0262345616088,916.2183227539062,1813383,854.4259912109375,888.8465639331746,877.6904060821656,59.92098435492765,11.15615785100897,-4369233.9323248835,75959694.0,75.45784338797566,40.25697344272965,35.31732702939071,933.6451087661846,836.445668821706,30.212360140843657,709.964033068873
2021-07-23,918.6568912741382,918.6568912741382,883.7201231941033,887.0048217773438,614666,856.8457153320312,888.5632189861237,878.380362800327,52.24924639093766,10.182856185796709,-4868320.120549457,75345028.0,48.613123907796904,48.49119270326503,34.21386816462995,933.0153447355049,840.530102041839,30.54981785078589,710.384883094293
2021-07-26,892.3299349412695,892.8276091938859,866.5503843552375,886.9052734375,613423,859.2137121582032,888.3081504401816,879.0118376623399,52.22470913741671,9.296312777841763,-4531402.496516425,74731605.0,48.52164746134268,57.53087158570508,32.44613048819148,932.6177274260216,843.7258760896035,30.244632635633213,710.7707120555756
2021-07-27,887.8509054235959,921.6430008015723,880.933220860011,912.734619140625,947007,861.6496850585937,892.0660687017883,881.5098214755462,57.76669095112458,10.556247226242021,-3998856.0906880945,75678612.0,72.25661645096291,56.46379594003415,31.681494458965833,935.3253241146758,844.6238397036836,30.992143157485213,711.4425057858776
2021-07-28,912.7345433884324,927.3661779899471,894.2708414930383,921.9912719726562,740399,863.6113073730469,896.6699461280757,884.5084474382951,59.57645281074929,12.161498689780615,-3498948.680230799,76419011.0,80.76269207677176,67.18031866302577,31.129025117996886,938.085481393188,848.2549849154057,31.142371253158323,711.9899508248805
2021-07-29,922.1903043965725,928.8093956417414,906.264729792854,910.644287109375,358868,865.5220520019532,898.8198447405833,886.4444355620788,56.3867197872495,12.375409178504583,-3718388.312953152,76060143.0,77.91286410187926,76.97739087653798,30.657281703611698,936.1639412263858,856.706359066583,30.52824943856754,712.2551434650796
2021-07-30,915.4219894815989,938.5638411429601,907.7577942004897,918.6071166992188,720404,867.7482214355468,901.8640404265273,888.8268563870521,58.08278948930301,13.037184039475164,-3931366.2650755765,76780547.0,80.8956672444807,79.85707447437723,30.501684677142773,935.2352535816221,864.1604190257997,30.548092117417745,712.8021450820265
2021-08-02,919.0052374284186,964.4926750154119,918.6071344880372,952.1503295898438,1342173,870.3418688964844,909.6003926054991,893.5174840317034,64.36882720016132,16.08290857379575,-3311231.7371728295,78122720.0,90.53432923074385,83.1142868590346,31.023465476897197,944.6985362507304,860.4090504191914,31.643625417330274,713.9272037606586
2021-08-03,961.4070966610499,961.4070966610499,929.7052119292329,934.3833618164062,572016,872.9203637695313,913.4131570994848,896.5445860898295,59.29650272476712,16.868571009655284,-3714426.4441488422,77550704.0,76.90837227421979,82.77945624981477,31.507976219526306,948.6768424245137,860.1520882395488,31.64778679693647,714.3966851894096
2021-08-04,942.5453136950598,948.2685678097255,916.4671697527672,924.5792846679688,335436,875.006357421875,915.1310228792516,898.621230428951,56.64395568522132,16.509792450300665,-3878731.8936100323,77215268.0,69.38936650314082,78.94402266936815,31.252233718792922,950.7579826159097,860.8218391614341,31.65875902979517,714.6565440997953
2021-08-05,926.271315616851,935.5281055258604,893.8229779129404,911.2415771484375,1041009,876.7987390136718,914.5326466129725,899.5560709266907,53.15995845991785,14.976575686281763,-4050163.4766629534,76174259.0,59.160326248362566,68.48602167524105,29.94882541268022,951.1697920975906,861.1258805098313,32.37635678573266,715.3984396434264
2021-08-06,916.9151007104824,932.5918404465046,908.0067189959523,915.0736694335938,636462,878.6259875488281,914.6158808930682,900.7055226679428,54.0347277258236,13.910358225125378,-4320725.684913817,76810721.0,62.099259058779005,63.54965060342746,28.73851769986128,951.0450873340639,861.1162224803892,31.819839976076928,715.8607446568672
2021-08-09,922.0410972856793,934.0848510907714,912.3862650323766,924.5792846679688,670460,880.6731909179688,916.1487122430528,902.4739494827595,56.21892385026896,13.674762760293333,-4237686.639134622,77481181.0,69.38936650314082,63.54965060342746,27.669599588214265,952.8593225489034,861.6510168065653,31.096893267671057,716.3577330038564
2021-08-10,928.0131246167005,959.6154386383888,916.4173513555552,941.4005737304688,2198799,882.5584716796875,920.0336140103476,905.357403130738,59.85441669267239,14.676210879609584,-3893174.6811715695,79679980.0,77.6815543439386,69.72339330195281,27.539407950711027,957.1296272357099,862.0140556256183,31.961264268754096,718.0913868240513
2021-08-11,916.7159849481408,925.6741216088718,848.0369372158697,896.3113403320312,2959134,883.769755859375,916.3840334444528,904.6873244049079,48.281219487914576,11.696709039544885,-3172359.988863878,76720846.0,41.45300526046844,62.84130870251595,26.312096402768876,955.7675793232439,860.7583484111311,36.347148000600164,719.8731261298786
2021-08-12,901.2880461487579,909.151323419523,876.0061705261393,892.5289916992188,592714,884.647763671875,912.7140270221091,903.7867071674495,47.45234603913969,8.927319854659572,-3174139.47362527,76128132.0,38.20512009458409,52.446559899663704,25.172449965394026,955.120512440534,859.2903029891536,36.11843406437042,720.2308701301042
2021-08-13,896.3112092033704,899.7949285062152,872.5721748259106,878.7432861328125,738531,885.2182287597657,907.4877591929866,901.9316389426616,44.45664282184914,5.556120250324966,-3577836.0877934704,75389601.0,26.367398890897352,35.34184141531662,24.21972388939356,955.6000323787956,856.8250591739387,35.483028322651435,720.6517484052816
2021-08-16,880.833669811202,885.0141456737252,861.9220482556813,870.63134765625,436930,885.6791735839844,901.8175420334886,899.6130988473718,42.74653934089467,2.204443186116805,-3685185.4422418,74952671.0,19.40171507845545,27.991411354645624,23.66358131064962,956.02532951434,855.8821839133943,34.597961829465184,720.882724941269
2021-08-17,865.9531298984082,904.6722079380426,862.9670846228964,883.272216796875,973907,886.2855078125,898.9644150740096,898.4026631399277,46.21835591792035,0.5617519340819399,-3710752.824074019,75926578.0,30.256370572016444,25.341828180456407,22.36575837691444,954.642752156483,858.996670450939,35.105616221299535,721.4325979413942
2021-08-18,890.4885789839354,899.695552807019,874.5630026413043,896.5601806640625,477749,886.9914880371093,898.5945328570947,898.2661829565302,49.67314105018998,0.32834990056448987,-3352205.488532945,76404327.0,41.66668329534516,30.44158964860568,21.1606370813032,951.2534545066935,866.3026612159626,34.39325436018633,721.7119608926084
2021-08-20,877.6485261288902,910.7438632355368,867.6950412847859,893.0266723632812,879721,888.0445703125,897.7379389349696,897.8780710607341,48.77586858571893,-0.14013212576446676,-3196601.1618840797,75524606.0,38.63247616433753,36.85184334389971,19.69157601554044,950.4825688746125,864.7543818089812,35.0115091880838,722.2246201404375
2021-08-23,895.3159781435884,897.5555122745757,862.1211298803438,880.087158203125,710233,888.2012609863282,895.0224342069935,896.5602256638742,45.53232957594588,-1.5377914568807682,-3186625.972458942,74814373.0,28.270420668106333,36.18986004259634,18.46105567870424,950.9012767148769,863.643907611295,35.041714417094376,722.6103926580802
2021-08-24,884.566243131269,898.799714837245,872.1243866135884,896.5601806640625,512709,888.7520666503906,895.259010585004,896.5602223305549,50.083261304224216,-1.3012117455508587,-2760006.209432599,75327082.0,43.48798633210511,36.79696105484965,17.265332068255052,950.679870847388,864.8308042014401,34.444115403277394,722.9039953201678
2021-08-25,898.5010837990986,918.2587267991744,886.2084936374112,912.4857177734375,761172,889.7427368164062,897.9092732293784,897.7398886596573,54.077995078518185,0.16938456972116,-2273044.5594141185,76088254.0,57.7609304085532,43.173112469588204,16.700322097732897,950.6617879666985,864.823996945411,34.27312381459781,723.3810186472335
2021-08-26,915.720587031979,959.6652460253719,915.6708317590205,936.9712524414062,3121784,891.4399621582031,903.9188084927673,900.6459156064535,59.45105172732048,3.272892886313798,-2371930.6034616022,79210038.0,79.67003726385056,60.30631800150295,17.468616797699845,952.8770662050913,864.1067167538931,35.19500984583613,725.6483222360315
2021-08-27,941.3011100173082,953.5438846956131,935.627611287971,944.0880737304688,638508,893.3879479980469,910.0986954524137,903.8638532452694,60.883636096783036,6.234842207144311,-2407403.270128263,79848546.0,86.04550005188547,74.49215590809641,18.182033304812006,957.1890735651008,863.139088055993,33.96081438596513,726.1212548190471
2021-08-30,950.5578261164837,1002.3159485856535,946.5764320803937,986.68896484375,1981330,896.1004162597657,921.8818138203117,909.9990466970087,68.13979094198659,11.882767123302983,-1537034.1696338737,81829876.0,89.87095937214173,85.19549889595925,19.955070905601897,971.2045607464316,855.9317856891151,35.69417584805224,727.8031339086245
2021-08-31,990.3717591933104,1010.2289739525119,971.4601376609758,1002.2164306640625,968660,899.2507568359375,934.2409856424272,916.8299640279016,70.302204975827,17.411021614525566,-968769.4832009107,82798536.0,95.05984174706452,90.32543372369723,21.748416640377965,983.6797113069282,848.4632452360405,35.91379445115823,728.6695676923449
2021-09-01,999.7777760379878,1031.8777032257897,983.6033635105591,989.7745361328125,861143,902.0716882324218,942.7846087947942,922.2332656653024,66.41255065059515,20.551343129491784,-1609743.253055294,81937393.0,75.22696899942386,86.71925670621003,23.79088681929122,993.4034570397876,844.2786169348219,36.79669054144911,729.4556046762951
2021-09-02,994.7512713698359,1008.9349868698739,980.9656588015059,995.8461303710938,600794,905.0190246582031,950.9479198065326,927.6860704583239,67.36156397177513,23.26184934820867,-1571258.5392924286,82538187.0,78.79942690872328,83.02874588507053,25.553702084263506,1004.1854054046787,840.6233531402431,36.166164650514744,729.9882922203606
2021-09-03,1004.2071552135845,1012.9164548423778,979.5722791207123,991.0685424804688,454344,907.7812854003906,957.1203232948304,932.3810683858901,65.78641323284322,24.739254908940325,-1712308.9480202745,82083843.0,75.98834781196402,76.67158124003704,27.263650279672536,1013.2429763317357,839.5484787463893,35.964594012739795,730.3886112277814
2021-09-06,995.4479899144842,1019.13733232442,991.0684930560192,1005.2024536132812,646921,910.836171875,964.5175741130537,937.7752450694005,68.15855724564256,26.74232904365317,-1707720.5777729533,82730764.0,84.28617573575448,79.69131681881392,28.96804126818321,1024.0562050954964,837.7481284005974,35.400611531001296,730.9793498289114
2021-09-07,1005.1028393462666,1017.1963471540765,988.6298348672158,994.3530883789062,597743,913.5447595214844,969.1076532308771,941.9661964256602,64.46380727703298,27.141456805216876,-2065949.9340011925,82133021.0,77.89504458803916,79.38985604525254,30.40540684167883,1031.4794718541732,837.3022420130143,34.912461584991256,731.5128628373046
2021-09-08,996.3438419165506,1045.1159180942839,990.3717509560119,1029.041015625,2226426,916.5919995117188,978.3281705222806,948.4161830330187,70.05329940924932,29.911987489261946,-1147045.1796776867,84359447.0,91.2156501143133,84.46562347936897,32.25763697035034,1044.2778265842958,833.2679314723449,36.32901198165417,733.6388186416768
2021-09-09,1033.7192155801893,1040.4875123628242,1005.6005601852897,1017.7935791015625,1228907,919.7863061523437,984.3997718421701,953.5552494084664,66.40602195627261,30.844522433703787,-1516944.13442981,83130540.0,85.06933489232563,84.72667653155936,33.977564946973885,1053.8055719494178,835.888409984176,36.22600770993133,734.7981034929769
2021-09-13,1009.2833824579097,1022.9196083536278,993.6066435291996,1001.4201049804688,448685,922.9077893066407,987.0182846326777,957.1007942656518,61.39479864009316,29.917490367025948,-1726432.3849873156,82681855.0,74.74106810905293,83.67535103856396,34.83524759126767,1059.1311922596394,841.4519010020792,35.7322189323954,735.1965464818007
2021-09-14,1005.2522307508235,1018.9880279145867,995.3982562902698,999.3298950195312,529047,925.8273193359375,988.9123785383475,960.2288758029761,60.76439425758293,28.683502735371462,-2079129.9308319031,82152808.0,71.1869830933048,76.99912869822778,35.631667189540465,1061.951262687712,850.6904914626787,34.86490126753265,735.6624126686679
2021-09-15,1001.0716646411992,1005.3018953891237,982.4088819297674,997.0902709960938,635701,927.8685009765625,990.1705158395393,962.9593495209848,60.052867427357256,27.211166318554547,-1899475.3003971202,81517107.0,62.89882570451266,69.6089589689568,35.570581521276296,1061.9501643159263,863.3374821684488,34.00976642409149,736.2000811118522
2021-09-16,1004.8043282461202,1005.7499214878355,985.5443587362571,991.1182861328125,286275,929.7474682617187,990.3163266538891,965.0451966774165,58.099244003404095,25.271129976472594,-2027806.0664188564,81230832.0,50.68182755169067,61.5892121165027,35.52710814498869,1061.028762203316,875.0434912146527,33.023751876054845,736.4407387658614
2021-09-17,995.3484185126159,995.3484185126159,959.5158754461618,977.8800659179688,562721,931.363662109375,988.4030557714398,965.9959277322722,53.912359057412935,22.40712803916756,-2013737.6597992554,80668111.0,31.767604139078284,48.44941913176053,34.0305985802848,1059.1602594426538,885.0439825007055,33.224379818226225,736.8821768274433
2021-09-20,966.4834053446137,997.7871282035028,948.5671321250431,974.5955200195312,569477,932.7739111328125,986.2788195019155,966.6329345683655,52.8938701405034,19.64588493354995,-1980916.0237180442,80098634.0,26.958793560366917,36.46940841704529,32.11684961006555,1055.3212153494696,897.0399113595147,34.36692383681433,737.3200022894491
2021-09-21,976.9345452916524,986.5396825438231,951.8019958585254,982.5582885742188,432370,934.0967309570312,985.7064301284236,967.8125904206508,55.108035361411496,17.893839707772713,-1647656.5561051313,80531004.0,35.20619768331916,31.310865127588116,30.33979699486196,1047.0276776409703,915.5805621051232,34.393406897420284,737.6513139528096
2021-09-22,980.4182083932677,990.371692742438,971.4103172075181,979.124267578125,252879,935.6574365234375,984.6937897360699,968.6504924323156,53.93072120891446,16.043297303754343,-1694780.8573306426,80278125.0,31.6494248439509,31.27147202921232,28.85755847450232,1038.498896237945,932.3657521995549,33.29111894295597,737.8501208539828
2021-09-23,984.3996875931362,1027.0006529069656,981.5131525807847,1001.8680419921875,1207650,937.7934545898438,987.3359823908572,971.1110516589728,60.022417474121376,16.224930731884456,-1821624.8327563533,81485775.0,55.20619377246792,40.687272099912654,28.81713301429532,1031.4460448014847,948.3568360578902,34.33292368480487,738.8853282448366
2021-09-24,1012.5680394323837,1020.5805828854362,973.4508546621609,982.9564208984375,834581,939.0028051757813,986.6622036997157,971.9884864174517,53.66777239794345,14.673717282264079,-2319553.5636214702,80651194.0,35.61856156777608,40.82472672806497,28.351254000715688,1026.1732391519029,958.2281585531754,35.246981151838476,739.566134132614
2021-09-27,990.371737443338,1003.3112676812913,978.1289632915247,998.6331176757812,314717,940.701865234375,988.5038827729566,973.9621628069575,57.66860920467753,14.54171996599905,-2121767.3506134977,80965911.0,51.85563448378162,47.56012994134187,27.9186520595346,1020.806361730488,969.0495403691215,34.528075668833345,739.8229552293677
2021-09-28,1004.3066552608367,1015.2554889653652,989.3266722062551,1009.233642578125,612126,942.9145275878906,991.6930765891364,976.5748650122291,60.17300350920642,15.118211576907242,-1793968.1500877296,81578037.0,62.83508367718831,50.10309324291533,27.929579542678102,1022.3603916016805,969.7499782713664,33.9138428895674,740.3430817714008
2021-09-29,1009.233549666619,1009.233549666619,965.4879741514656,1004.9037475585938,415354,945.4964599609375,993.7254875075143,978.6733007564043,58.64677697619136,15.05218675111007,-1460835.0651676438,81162683.0,61.288492593066074,58.659736918011994,26.679370076009615,1022.646287225642,969.7328143368579,34.61611614221683,740.6796773747144
2021-09-30,1008.2879827167901,1036.7549241672286,996.5926383960376,1021.0781860351562,941677,948.5989611816407,997.9335949733054,981.8144033696451,62.475618420495856,16.119191603660283,-1254296.6884073014,82104360.0,82.22345999481054,68.7823454216883,26.454137971926862,1026.1416681001276,969.3677984526068,35.01227111571499,741.5145071018194
2021-10-01,1021.078120238891,1084.9297436739619,1015.2553564655423,1039.4920654296875,3294173,952.2409375,1004.3272058127487,986.0868227815001,66.30100818943443,18.240383031248598,-2256668.7705257535,85398533.0,66.67878553501151,70.06357937429603,27.42545600237295,1033.6184910763234,966.2555689822705,37.48813655090817,744.6917798226082
2021-10-04,1048.5996003412345,1052.4814836273351,1016.0019383467633,1041.2838134765625,1043541,954.7422473144532,1010.0128377610278,990.1754887589121,66.65719725270371,19.837349002115616,-1853773.250996186,86442074.0,67.99274397752215,72.29832983578139,28.327394173501464,1040.3345507622723,964.5610363959308,37.41609431731273,745.6517412875453
2021-10-05,1045.1160013911028,1063.0322757006645,1035.411352806757,1044.9666748046875,675246,957.901484375,1015.3903511523599,994.2340951326732,67.4194777764792,21.15625601968668,-2061823.2067077586,87117320.0,70.69352924871345,68.45501958708236,29.38771891731894,1046.6218773775554,962.2501318997882,36.71643921564094,746.2933615240545
2021-10-06,1055.0194294165349,1092.6934614673007,1031.230701179002,1039.691162109375,1324497,960.9572021484375,1019.1289374534391,997.6012852790956,65.12275041524379,21.52765217434353,-3021681.356505331,85792823.0,63.2251098048429,67.30379434369281,30.92474202049652,1051.2825520546144,962.1232645957762,38.48403357797364,747.571956345428
2021-10-07,1054.0740412028183,1121.7079218744636,1050.1424633045256,1103.692138671875,1988186,964.7763525390625,1032.1386607178138,1005.4598670118941,75.8647045073048,26.678793705919702,-2034501.3909295406,87781009.0,89.59472044186576,74.5044531651407,32.79169248915285,1071.3715021434484,949.4994268116299,41.59351401991042,749.7023176218189
2021-10-08,1114.7404107854397,1114.7404107854397,1083.0385880111064,1098.2176513671875,439597,968.3008801269531,1042.304659279256,1012.3308140011751,73.77168956678321,29.97384527808083,-2053133.908120965,87341412.0,86.17454313802297,79.66479112824386,34.52528935290516,1086.4207874093047,942.492548772336,40.88696464522634,750.179111496252
2021-10-11,1109.614510604727,1134.6972431685056,1090.5535633159145,1098.0186767578125,681017,972.0483679199219,1050.8760465836492,1018.6780630942593,73.69211167112049,32.19798348938991,-2503818.086850169,86660395.0,78.32354774430272,84.69760377473047,36.41394431169791,1099.5863668632771,938.9868264960977,41.11958716003811,750.9343880134641
2021-10-12,1103.841477761526,1137.6833264936197,1089.9065988718403,1128.3270263671875,1064340,976.2427661132813,1062.7915819349628,1026.8002085218836,77.64741493508453,35.991373413079145,-1856345.66955281,87724735.0,94.56646187067749,86.3548509176677,38.20795793772212,1118.3645244006605,933.1083820934801,41.595097193019626,752.1442230073691
2021-10-13,1119.9163881945915,1204.321868026698,1098.4665794354626,1168.7381591796875,1433510,980.5745227050782,1079.0910553572282,1037.314130792832,81.61616185568599,41.77692456439627,-1386596.7276564573,89158245.0,85.10106406187076,85.99702455895032,40.58178478200578,1144.8227227868185,923.8149725256815,46.185110864320755,753.9311866506935
2021-10-14,1169.5843553352836,1178.492676203896,1139.674082984342,1149.080078125,563063,984.86845703125,1089.8585973215008,1045.593089854474,74.67070700212952,44.26550746702674,-1676792.1452621282,88595182.0,76.8702050595229,85.51257699735703,42.78605256598347,1161.4744629812021,922.9594115305167,45.658931032551706,754.626307881182
2021-10-18,1160.526498592293,1174.461377155444,1140.3706920991638,1148.9307861328125,571535,989.3554870605469,1098.9466263693948,1053.24773402324,74.61877289094848,45.698892346154935,-1961304.849556156,88023647.0,76.8076963469758,79.59298848945649,44.8328726511056,1174.783571090146,926.7553754430571,44.832627748532325,755.327397134502
2021-10-19,1154.6042660165288,1169.086635367996,1089.110285774245,1111.4559326171875,832711,993.3597741699218,1100.8711350229014,1057.5594524376063,62.80966636185301,43.3116825852951,-2328691.6375171673,87190936.0,61.11693616734988,71.59827919128286,44.303736272998776,1179.137239412237,936.087748380732,47.34289359461936,756.2645648156524
2021-10-20,1111.4558036552826,1132.9054885517523,1079.953002820885,1106.230224609375,574423,997.1829052734375,1101.6956103438972,1061.1646948207003,61.35157567022527,40.53091552319688,-2333009.556969043,86616513.0,52.779084776981776,63.56790576376914,43.451474410332146,1181.9545702740409,945.6376111224432,47.743578747208495,756.8787002152444
2021-10-21,1117.2786698013508,1118.4233448548769,1062.0866451368856,1075.32470703125,470149,1000.1978137207032,1097.6385482957976,1062.2135846140743,53.448928072477855,35.424963681723284,-2582206.261476806,86146364.0,31.771544346856803,48.55585509706281,41.982012625189,1180.2376464011516,956.9745789406454,48.35737310226441,757.3495227219587
2021-10-22,1075.9220042375464,1107.524321807854,1038.5467377763753,1045.9620361328125,814132,1002.28904296875,1089.6883156553383,1061.0097662080548,47.22501878916733,28.678549447283558,-3221294.9697672008,85332232.0,15.909148775155606,33.486592632998054,39.806873856195814,1178.7641047994448,962.8575199564148,49.83024531149401,758.1089678519529
2021-10-25,1056.0646898488428,1079.953052295942,1004.4558977792545,1015.9024047851562,772852,1004.6808642578125,1078.3366370599258,1057.668480176729,41.85205605433354,20.668156883196843,-3759794.9365241523,84559380.0,5.727091506238104,17.802594876083493,37.14298507954989,1175.9103555814265,969.0058675631047,51.66359596900782,758.7547253607728
2021-10-26,1019.2369290579751,1049.3462231048538,1011.7718148314763,1036.605712890625,999447,1007.5623986816406,1071.9164948800335,1056.108275192573,46.37719573898925,15.80821968746045,-3438121.2028088192,85558827.0,16.085687359167487,12.573975880187055,34.66937407266438,1173.6290968210276,975.0843858449882,50.65722541931995,759.5827284762589
2021-10-27,1047.3554522044858,1067.2624220729485,1021.4763913754846,1029.041015625,476913,1010.5683532714844,1065.320267302336,1054.1032930023825,44.99922759844247,11.216974299953563,-3757446.065564637,85081914.0,12.300802290308814,11.371193718571456,32.53540657053805,1172.3706980702632,978.3235219004399,50.309282939187376,759.9857027310393
2021-10-28,1032.6741049507298,1039.2931970082645,995.3485348922696,1001.0220336914062,495393,1013.1761669921875,1055.4282313621932,1050.1713478682361,40.23115681265397,5.256883493957048,-4124923.116037849,84586521.0,2.7149391331605752,10.367142927545615,30.622544174433397,1172.753310659747,977.552737924237,49.8546671661022,760.3621580143215
2021-10-29,1000.8229314275528,1033.271268702923,984.8973551939965,998.48388671875,446580,1015.480400390625,1046.6675629555095,1046.3426470423483,39.819549505546796,0.3249159131612487,-4320645.874677595,84139941.0,6.191893216193405,7.069211546554254,29.126097861846436,1174.5793861201485,973.4672325321951,49.7488990477325,760.6920308352172
2021-11-01,1009.2833526439595,1023.3675578516703,992.0140809204231,1019.9335327148438,539353,1017.9478674316406,1042.5546352261763,1044.386416351422,44.94579172211118,-1.8317811252456977,-3899439.3733057543,84679294.0,15.967303319278773,8.291378556210907,27.736540571587113,1175.291940793583,970.7988245872763,48.43494032512641,761.0993421152313
2021-11-02,1034.1671063763195,1063.0322132915392,1025.2089697474582,1032.624267578125,1518927,1020.7398193359375,1041.0268863572453,1043.5151460719185,47.78000073675915,-2.488259714673177,-4822791.005745623,86198221.0,21.750948318393892,14.636714951288681,26.275937428266467,1175.4648366754188,969.7599741155966,48.053778914524194,762.369031814525
2021-11-03,1091.897362469854,1127.0332149862504,1070.1490208907146,1087.0699462890625,5869336,1024.8794750976563,1048.1104340390634,1046.7414275694846,57.81394336326046,1.369006469578835,-7200310.0547296405,92067557.0,52.77637422334259,30.164875287005074,26.322305528061488,1176.9420404980729,972.4930974413801,51.364862378352846,768.109173029655
2021-11-04,1094.8833990406165,1098.267608392698,1085.1787507309382,1089.2099609375,141116,1028.732470703125,1054.4334381772844,1049.8872448560041,58.154291743752445,4.5461933212802705,-7254502.004639132,92208673.0,55.02763903411901,43.18498719195182,26.365361620728294,1178.2972057493596,976.0898120729059,48.63086204145335,768.2431388691161
2021-11-08,1094.6843967818343,1110.7094843250413,1079.9531894673585,1095.430908203125,1102344,1032.3913745117188,1060.7407412581829,1053.2608495483835,59.18514644700127,7.4798917097994035,-7247364.484774081,93311017.0,60.010850199702126,55.93828781905457,26.643239285950433,1177.5145533588868,976.046341416504,47.3541072426126,769.3002886644866
2021-11-09,1094.883311546407,1127.7298108927992,1089.0107313021583,1122.1558837890625,1034509,1036.0950671386718,1070.189224724472,1058.3641854180635,63.360916851092405,11.825039306408598,-6510707.49030333,94345526.0,92.73715266936946,69.25854730106352,27.214721880989476,1180.258857917104,975.6958601004742,46.73731955318605,770.3394072729322
2021-11-10,1121.7578151438413,1128.6257444350194,1103.8415412551196,1119.1201171875,503041,1039.5957080078124,1077.7170543341688,1062.8646248083921,62.57771480402682,14.852429525776643,-6393534.876025526,93842485.0,93.38639547989428,82.04479944965527,27.761976172067403,1182.5470036166319,975.5178584439151,45.16923981223703,770.8486329951872
2021-11-11,1118.4730793934293,1150.2745373972032,1115.9350135778493,1141.86376953125,979707,1042.6992041015626,1087.5857797491044,1068.7164133063816,65.9714099591312,18.86936644272282,-5893746.479265169,94822192.0,94.91419084912302,93.67924633279557,28.663940787940412,1184.6711579259445,974.7473784510083,44.39568866988823,771.8897881787606
2021-11-12,1144.849730463585,1154.6041938053527,1123.350228396674,1143.8046875,502799,1045.5309692382812,1096.2348424800114,1074.278507691094,66.25267357289871,21.956334788917275,-5738422.169265129,95324991.0,93.63637529652856,93.97898720851526,29.577725244177934,1179.6910361922169,977.2341530167673,43.4569941512304,772.4284866787436
2021-11-15,1151.5685456556962,1167.5439397235084,1134.6974350254045,1151.8173828125,724923,1048.771826171875,1104.7860025311634,1080.0221280704575,67.44884156768714,24.763874460705892,-5707670.005424572,96049914.0,91.38962442056106,93.3133968554042,30.654111218800356,1180.2161004680693,976.9828192096653,42.699102047435645,773.2250362936288
2021-11-16,1141.366004683743,1197.1055171839137,1135.9414043003494,1184.81298828125,1245041,1052.5511633300782,1117.0978464927152,1087.7844140119978,71.87042771657946,29.313432480717438,-4963076.13875049,97294955.0,94.20732511539886,93.0777749441628,32.121026965751966,1188.0041175781885,972.7830223143897,44.018031392873404,774.66181342771
2021-11-17,1184.315487373345,1194.4182997929292,1139.6741277190865,1147.8359375,792324,1055.6865112304688,1121.826783570759,1092.2326750111092,61.74778563954049,29.59410855964984,-5519144.934666679,96502631.0,76.78242946835633,87.45979300143874,33.483163016492746,1193.0435921445508,971.3815482363087,44.78418429865693,775.5434281039219
2021-11-18,1149.5778569143301,1152.6137188508255,1090.4044291891878,1132.3583984375,1003276,1058.2296301269532,1123.4470320117962,1095.2049508204716,58.061522019174376,28.242081191324587,-5169201.482057306,95499355.0,69.48886501854247,80.15953986743254,32.739236853018184,1196.0544838839387,970.9834738797331,46.02883468172699,776.5515787574495
2021-11-22,1107.22561562517,1134.2493497462951,1096.475804001603,1107.623779296875,724443,1060.4950439453125,1121.01268544027,1096.1248640409458,52.65189851794884,24.88782139932414,-5466039.79165211,94774912.0,56.36983215034035,67.54704221241303,32.04844827264895,1198.0789928021693,972.1888721880653,45.439171186224506,777.2502854502295
2021-11-23,1103.841492377879,1121.4094177969273,1088.4634065719927,1106.72802734375,1337545,1062.0487841796876,1118.815045733113,1096.9102835448573,52.461271411742786,21.904762188255745,-5320567.498701581,93437367.0,47.42332455887557,57.76067390925278,31.109063101085713,1200.0026173917959,976.3418467195324,44.54680261756094,778.505004724458
2021-11-24,1105.9815905581402,1112.7997039787958,1084.9299439507045,1090.6531982421875,1045914,1063.5059765625,1114.4824538114322,1096.4467957446595,49.03058532304059,18.035658066772612,-5936909.67727301,92391453.0,16.150553890617473,39.98123686661112,30.102240462972066,1198.712410858385,985.1071325986461,43.35558528974168,779.4514612566819
2021-11-25,1084.9298185067134,1093.8381385989576,1072.4879627898933,1087.5177001953125,602587,1065.2279284667968,1110.334030178183,1095.7853812595229,48.36618647719179,14.548648918660092,-5691098.569930562,91788866.0,12.060690388689208,25.211522946060736,28.69369924260041,1198.24859676033,990.66214542717,41.78377032683615,779.9744594295552
2021-11-26,1077.9624465484626,1086.7712566449643,1020.2322324212133,1036.8048095703125,904556,1065.9774267578125,1099.0218423923566,1091.416450023285,39.130422199115934,7.605392369071524,-6145067.135847643,90884310.0,9.36974578797106,12.526996689092565,27.51110266121941,1197.7092051910022,991.977916391029,43.605320144497796,780.6620668656665
2021-11-29,1030.1856965141892,1051.9838529438305,987.7838747552651,1021.9242553710938,850287,1066.4741064453126,1087.1606751583163,1086.2688800490487,36.90360188769523,0.8917951092676049,-6091019.815750897,90034023.0,16.310009906150107,12.580148694270113,27.166410248179627,1195.286463602167,996.4908801478331,45.076367147645485,781.239345452496
2021-11-30,1020.2321881018752,1062.8331514841045,998.1354397800529,1009.6815185546875,1075312,1066.84537109375,1075.240804911604,1080.5957421605774,35.13218845049829,-5.354937248973329,-6782527.296787289,88958711.0,10.461242108248163,12.046999267456428,26.483220744418702,1193.7494442803002,999.1476626532939,46.47789175881735,781.9744915097654
2021-12-01,1027.348945270755,1033.7191997647435,1001.3205585390464,1019.4358520507812,839843,1067.6764868164062,1066.6554275484007,1076.0653799302222,37.69818260955119,-9.40995238182154,-6683194.9565135185,89798554.0,15.12121581326947,13.9641559425559,25.848830490926414,1193.803043183813,999.0442956833742,45.47223100645162,782.53281688292
2021-12-02,1028.1949615680014,1039.9898165458956,1015.4545134006612,1026.5526123046875,904904,1068.7156286621093,1060.4857636647525,1072.3977675135159,39.576217870854656,-11.912003848763334,-6769465.167381007,90703458.0,18.52113192864781,14.701196616721802,25.032742053391384,1194.3274895041604,997.9126838356834,43.97673615922182,783.1547546897328
2021-12-03,1031.6786446602534,1032.0768083315809,1009.084223215467,1016.2009887695312,661928,1069.3884826660155,1053.6727213731801,1068.2350431621096,37.79174170698873,-14.562321788929466,-7021627.465448761,90041530.0,13.575812651074875,15.739386797664038,24.450482360934583,1196.7663758783006,988.3869017095898,42.47786822757126,783.5924658378875
2021-12-06,1024.3130387335284,1024.3130387335284,984.4991017775852,993.3577270507812,373519,1069.6731518554689,1044.3934914774266,1062.6885753020113,34.134114542328746,-18.295083824584708,-7228930.05449295,89668011.0,4.166678252048804,12.08787427725715,24.542870990950572,1200.6123763379017,974.955677861317,42.28758742245497,783.8195084604299
2021-12-07,1000.325251514067,1031.181055292113,990.5210930012208,1013.2150268554688,644619,1069.9000915527345,1039.59680461251,1059.0238680096747,39.606070286998715,-19.42706339716483,-7153974.312021122,90312630.0,13.679513522047916,10.474001475057184,24.349494855071445,1200.989276614254,966.357189450199,42.17132848448619,784.2298866731364
2021-12-08,1031.1809726975264,1047.106547565442,1013.2647009711216,1036.15771484375,550648,1070.9641174316407,1039.0677138788546,1057.330078886273,45.264074859390696,-18.26236500741834,-6959627.95907995,90863278.0,30.728210292183782,16.19146735542682,23.543127783013066,1197.0358047687905,961.7108444011315,41.57991364344956,784.610824751286
2021-12-09,1045.7131248419066,1045.7131248419066,1022.8201090125943,1032.624267578125,214644,1071.6439404296875,1038.076414447973,1055.5000187893731,44.57150073657597,-17.42360434140005,-6990425.162587085,90648634.0,32.136952327848874,25.514892047360178,22.794358358958856,1192.9076738151857,957.1893903937984,40.245135228154034,784.7599219433596
2021-12-10,1035.1623130472367,1035.1623130472367,1020.2320873782861,1031.131103515625,232075,1072.0818896484375,1037.0079050737656,1053.6949139542805,44.26328849324978,-16.687008880514895,-6883672.173492033,90416559.0,34.06025425538556,32.308472291806055,22.182241892044885,1184.668544151884,954.3552534555379,38.43692740249664,784.9177722547789
2021-12-13,1035.1623011363636,1047.8031767896305,1023.2181207386363,1026.4530029296875,337088,1072.5128747558595,1035.3840739746768,1051.6769946191255,43.25411287655476,-16.292920644448714,-7132052.629709723,90079471.0,32.699691530915054,32.965632704716484,21.076897815125875,1174.9558988845279,952.3327302658627,37.44750802024646,785.1501109023651
2021-12-14,1020.232137953616,1037.7005514532339,996.1446938633886,1025.65673828125,616598,1072.6044458007811,1033.8875607910727,1049.7495682237272,43.07409658416306,-15.862007432654536,-6872862.299526823,89462873.0,37.64221608326785,34.80072062318947,20.928715155847918,1162.049304066229,952.6232606310364,37.740961560932085,785.5522851160106
2021-12-15,1030.1856585699995,1081.8939625899775,1025.6567744651418,1031.280517578125,1671114,1072.44021484375,1033.48647721985,1048.381490398127,44.820784993625914,-14.89501317827694,-8209752.055325698,91133987.0,45.7420847944422,38.69466413620835,19.675352030742165,1136.9225557748812,962.3967618520721,39.06212318577462,786.7576120769523
2021-12-16,1042.1299990884975,1048.6495811126458,1000.3253572912511,1026.4034423828125,1121604,1072.142607421875,1032.3967795526135,1046.753486841437,43.5721643629679,-14.3567072888236,-8120812.678192922,90012383.0,43.025207136900065,42.13650267153669,18.796629025769697,1118.7399379495346,968.4361301657,39.72370180260462,787.4949378951235
2021-12-17,1026.4032729946684,1058.9512402097605,1008.4373063744423,1030.28515625,805803,1071.8489770507813,1032.0719144291345,1045.5336105013305,44.88813117496947,-13.461696072195991,-8229577.786403747,90818186.0,47.01074994152985,45.25934729095735,17.646467377068436,1101.7534558995585,975.2152879969259,40.49443266208416,788.0383302274647
2021-12-20,1025.2089074870798,1025.2089074870798,966.0851850266461,1003.2117309570312,852808,1071.1193884277343,1027.6318862026571,1042.398656461012,38.197188463320174,-14.766770258354882,-8011349.861594096,89965378.0,32.05849048020742,40.698149186212426,17.702527933271867,1089.7149744470744,976.8125646154258,42.18768541646057,788.5302891926442
2021-12-21,1019.2368413450306,1029.83732693491,1003.4107762463021,1013.6130981445312,377839,1069.3178076171876,1025.47514957833,1040.2663928820134,41.78728048854184,-14.791243303683359,-8097449.303970575,90343217.0,41.039992060959264,40.0364108275655,17.596577748128215,1074.4104790977083,982.8055670448699,41.076107599419004,788.7656010080076
2021-12-22,1025.2089670656076,1059.4986746931597,1010.8261689210873,1039.9898681640625,843395,1068.153251953125,1027.7081832069043,1040.2459095695726,49.75772452835168,-12.537726362668309,-7930149.755462567,91186612.0,63.81613267353657,45.63820507156774,16.550277930425832,1062.5191397274573,989.6305734073084,41.61870746889424,789.3379073190144
2021-12-23,1039.143860706198,1051.9340649594083,1027.1996783992302,1037.302490234375,577082,1066.9389282226562,1029.1842304418997,1040.0278785077062,49.02127824189535,-10.84364806580652,-8035811.059803554,90609530.0,61.49560223859793,55.450575657697904,15.578713813987905,1047.504385267093,999.6238068715787,40.41268454684309,789.73119767629
2021-12-24,1038.4967593519764,1047.8530588873755,1015.5042349369222,1036.15771484375,288355,1065.0955419921875,1030.2570741960305,1039.7411997177835,48.690678421809636,-9.484125521752958,-7955958.905957401,90321175.0,60.50709738196134,61.93961076469861,15.020568192947,1047.4020117026637,999.6614709633521,39.836694504243816,789.9228122238543
2021-12-27,1015.2553935436126,1063.032117945665,1015.2553935436126,1046.1610107421875,834703,1062.6439990234376,1032.7038336646701,1040.216741275147,51.75263544759611,-7.512907610476759,-7710763.201499804,91155878.0,69.14486742747198,63.71585568267707,14.003007254197778,1050.5469813769678,998.9401768261573,40.403839496944435,790.4946771038229
2021-12-28,1049.595011526372,1054.1735904055972,1027.1996698864066,1029.9866943359375,335064,1060.2621313476564,1032.2858122294806,1039.4589600203906,46.88107716227102,-7.1731477909099794,-7976587.614359087,90820814.0,55.17846803481379,61.61014428141569,13.058129239644927,1050.6951063612676,1000.8225694199825,39.44455956996202,790.7195251400472
2021-12-29,1035.8093462374673,1046.0116674308117,1022.2228161526614,1033.6195068359375,252419,1057.9559057617187,1032.4909960150894,1039.0264079326532,48.06359859000327,-6.535411917563806,-7987150.357245562,91073233.0,58.315374041798755,60.87956983469483,12.351346886966907,1051.451369442176,1001.4846718175897,38.32629469197547,790.8864680243928
2021-12-30,1040.736347429582,1040.736347429582,1021.1280309549484,1028.045654296875,607040,1056.2877001953125,1031.8070972892103,1038.2130187744474,46.35836058385854,-6.405921485237059,-8165874.741377619,90466193.0,53.50239470090694,55.66541225917316,11.7342680859048,1051.5355073142277,1001.5498381447564,36.98929624787963,791.2804498997281
2021-12-31,1037.6508015377422,1064.9233744829753,1024.761087184389,1060.046142578125,452416,1055.3640185546874,1036.1515657951973,1039.8302872043494,56.008312599880774,-3.6787214091521037,-7823339.821260359,90918609.0,81.1345733272206,64.31744735664209,11.511520912649727,1057.1694907015421,1000.3003701383019,37.215938465787254,791.5976933342149
2022-01-03,1060.0459829826157,1060.0459829826157,1036.1576228027257,1049.6943359375,363953,1054.8514111328125,1038.235068894013,1040.560957480879,52.70521840783439,-2.3258885868660855,-7774813.495057968,90554656.0,72.19586690234361,68.94427831015703,11.304684251770015,1056.3375655856362,1006.7659561428795,36.2639799879024,791.8510809306214
2022-01-04,1045.1158116060615,1062.0367342701595,1041.1344180380383,1051.0380859375,258035,1054.9529321289062,1040.2047638237802,1041.3370410702585,53.091944000802215,-1.1322772464782247,-7788330.814045135,90812691.0,85.95149443564989,79.76064488840468,11.185855389403534,1058.115296918767,1008.7705307179517,35.16671829106089,792.032359901254
2022-01-05,1050.0926473624158,1076.1210344387712,1044.9168838626724,1065.868896484375,741560,1055.9522619628906,1044.1530919254103,1043.1542155453783,57.247091529776284,0.9988763800320157,-7534050.568891936,91554251.0,90.68291106110507,82.94342413303285,11.583781208061223,1063.3663663905618,1006.4905794102195,34.883677739992166,792.5737590698832
2022-01-06,1062.036829111841,1083.8846796664218,1049.7939941958684,1075.32470703125,408431,1056.7266418457032,1048.9487250186164,1045.5372149147022,59.698303664880626,3.4115101039142246,-7330728.861069457,91962682.0,92.73343857599075,89.7892813575819,12.21883136175191,1070.466934588457,1003.6600551576367,34.82703543503225,792.879139056247
2022-01-07,1067.0135485454487,1089.9065631131216,1063.9279926216097,1080.152099609375,482099,1057.7488635253906,1053.7492441864256,1048.1012804476409,60.92987225376834,5.647963738784711,-7210668.034203675,92444781.0,88.72261429476805,90.71298797728794,13.012809738271555,1077.6727170975712,1001.3563722578975,34.195002224780794,793.2495540490171
2022-01-10,1084.9296979761837,1089.6576026233274,1057.0599442667037,1067.013427734375,604941,1059.06869140625,1055.789887809187,1049.5021802466583,55.921065813796915,6.287707562528567,-7446179.415883067,91839840.0,71.05080770948838,84.16895352674904,13.377395038343634,1080.9977503824216,1002.0873814535157,34.080906234198146,793.7020047849895
2022-01-11,1069.9995566136715,1118.7716294267598,1067.162837903613,1113.9442138671875,861357,1061.3778979492188,1064.7367072027255,1054.2756642185493,66.51107309832871,10.461042984176174,-6745962.7201384595,92701197.0,95.33656192346326,85.03666130923989,14.662642094384235,1095.7233201049512,996.19055928958,35.343570195497186,794.4100930748115
2022-01-12,1123.7484386937897,1145.1484311046988,1104.8368174934512,1139.9228515625,741670,1063.7776843261718,1076.3038063349984,1060.6199003181011,70.70652963684353,15.683906016897254,-6196577.534953277,93442867.0,95.97701336398316,87.45479433231158,16.524664775288173,1115.2756754714983,987.5024373214704,35.69843043947936,795.0767979579293
2022-01-13,1139.922811658277,1182.1753047336756,1124.7437478051543,1177.397705078125,682225,1066.673153076172,1091.8567138339408,1069.270108078103,75.47882694133159,22.58660575583781,-5627858.004744549,94125092.0,97.13778924186546,96.15045484310396,18.9773525548107,1142.0308097646778,975.8467292978223,37.25079661726807,795.7451401524603
2022-01-14,1159.6807219354464,1194.3685991080538,1154.0072830645267,1159.431884765625,744286,1068.1203918457031,1102.252893977277,1075.9487582031047,69.62283884696723,26.30413577417221,-6172078.422276947,93380806.0,79.83341043331569,90.98273767972142,21.455458920575953,1158.0948961669274,972.6973157471352,37.47297657628657,796.4870577973433
2022-01-17,1161.57172633401,1182.3745347650859,1149.57772803093,1152.8624267578125,501455,1069.3934411621094,1110.0389759435132,1081.6460669849348,67.55877105726364,28.392908958578346,-6573088.972703541,92879351.0,76.04130903475263,84.33750290331125,23.51648106969582,1168.407717759772,977.3495637343684,37.1389644447058,796.975014655908
2022-01-18,1171.5252666227584,1171.5252666227584,1130.5169541491175,1138.9774169921875,543636,1070.2643713378907,1114.4910437971553,1085.8928336521387,63.28810463343437,28.598210145016537,-6892408.881612907,92335715.0,68.02643704855953,74.63371883887595,24.442228526568478,1174.7500531146939,983.5436602642127,37.415346446772595,797.481425516422
2022-01-19,1139.6739842983009,1206.3623309777647,1131.1140118608394,1162.119140625,1671916,1071.0636364746094,1121.8184433091315,1091.5392267612397,67.02903608565666,30.279216547891792,-7186540.7271971395,94007631.0,75.63717658062727,73.23497422131314,25.997695451690497,1185.5580639940702,984.9485766309298,40.117701637497795,799.1162069823024
2022-01-20,1159.5809967823518,1188.6451242380417,1154.6042543068909,1164.5577392578125,968296,1071.9723889160157,1128.3937196089287,1096.9480054646895,67.4059486333795,31.44571414423922,-7588580.947980526,94975927.0,75.43863964270587,73.03408442396422,27.442057596446652,1195.042792915353,988.1893726119907,39.68364222990159,800.0633946571452
2022-01-21,1163.562335805175,1200.9377186315664,1136.687927707023,1176.3525390625,961910,1072.6621643066405,1135.7719995248626,1102.829822768231,69.2376847217252,32.942176756631625,-7362820.583301653,95937837.0,81.83733524116352,77.6377171548322,27.907968576210873,1205.0282007157848,992.2234472334341,41.438367136661725,801.0047637888217
2022-01-24,1173.5158817079378,1194.4182002116415,1086.2238668434713,1116.731201171875,979818,1072.1206945800782,1132.8426459320954,1103.8595545018343,53.0179623761457,28.983091430261084,-7790084.038596049,94958019.0,44.48209509309179,67.25268999232038,26.401126879940442,1206.0134393539179,998.2952276382699,46.206650438912334,801.8586329804766
2022-01-25,1086.920651637321,1108.071809006637,1045.5141749230684,1074.3294677734375,866941,1070.5709362792968,1123.840618523071,1101.6721406701013,44.95262540271848,22.168477852969772,-7858364.43817691,94091078.0,17.914593214590848,48.078007849615375,25.171035451314587,1203.7709794913558,1004.9719648445816,47.99310585390479,802.482015565022
2022-01-27,1055.0693594330744,1082.7400950078838,996.6921484054526,1018.1917114257812,1611802,1067.2385107421876,1107.5869405081035,1095.4884051705221,36.94033870081478,12.098535337581325,-8664730.863161977,92479276.0,10.25399165325464,24.21689332031242,25.079958852269844,1205.3945026770964,1001.8056621178256,50.711308764513824,803.4506375257947
2022-01-28,1020.3317735118349,1037.1531882942686,1003.6596853122868,1013.5634155273438,1230291,1064.5530603027344,1093.1217828187557,1089.4198874191757,36.36485369402293,3.701895399580053,-9167449.703476716,91248985.0,8.046574345912301,12.071719737919253,24.995387724585445,1206.9895267461654,998.7624141718031,49.481465494332966,804.138336297267
2022-01-31,1013.2648097890078,1033.022453930856,1013.2648097890078,1026.7518310546875,408254,1062.440928955078,1082.911021008899,1084.7778091699543,39.26824237304932,-1.866788161055183,-9018336.606441459,91657239.0,14.336651153946397,10.879072384371105,24.916857391735643,1209.0103531151908,993.412156650434,47.35833539772692,804.3721723822085
2022-02-01,1027.1996087856087,1059.896781334535,1026.7517505804512,1055.467529296875,521498,1061.3978039550782,1078.6889453608953,1082.606677327504,45.13764644488475,-3.9177319666086987,-8636216.728988593,92178737.0,28.032303005770338,16.805176168543003,23.956891897313305,1208.7753142502047,994.2245148513579,46.34309935175241,804.7013405935076
2022-02-02,1055.4676021466673,1101.8508191962524,1045.0164426149954,1092.44482421875,878597,1061.1121398925782,1080.8052344159498,1083.3354289490778,51.621471035080056,-2.5301945331279967,-8048432.41899614,93057334.0,45.66823696081522,29.345730373510644,22.574191782778843,1208.4415340149546,998.698968914733,47.09247629671702,805.3276676258149
2022-02-03,1092.8925594243392,1094.8832562538917,1072.338590358711,1078.260986328125,416753,1060.864295654297,1080.4138116332076,1082.9595443104886,49.218605688109214,-2.5457326772809665,-8246226.637445171,92640581.0,38.90340387076285,37.5346479457828,21.2902559621397,1208.3065386341013,1000.0731732799612,45.33906126803585,805.6259820149365
2022-02-04,1081.147532348502,1084.929905390315,1047.1066609822124,1052.4815673828125,305527,1060.163572998047,1076.116543286993,1080.70191638992,45.10877318465926,-4.585373102926951,-8464919.255384369,92335054.0,26.6081797101116,37.05994018056322,20.12386476501237,1208.892753551293,997.2026443979257,44.802217206612056,805.8282108565684
2022-02-07,1055.2683679978227,1063.8284617879624,1020.2321514938609,1045.563720703125,648493,1060.3387512207032,1071.4161090433208,1078.099087079787,44.04589678406989,-6.682978036466238,-8359800.529969803,91686561.0,23.30878511102423,29.60678956396622,19.684922290627366,1209.7030200820927,992.9335399765009,44.71608099857559,806.2257485997859
2022-02-08,1049.8936287643505,1062.0866476845258,1030.5340278630615,1049.0474853515625,377585,1060.8812158203125,1067.9747823215118,1075.9471165814,44.751891934316866,-7.972334259888157,-8294290.542273074,92064146.0,24.970330212810936,24.96243167798225,19.277332850127003,1210.2157330214798,990.6242327988327,43.775833771639064,806.4605129678196
2022-02-09,1059.0507198397327,1069.9995524696549,1048.1018872098107,1065.6199951171875,304759,1061.9999853515626,1067.6125073670005,1075.182144621088,48.10624689771103,-7.569637254087411,-8111435.818673553,92368905.0,33.74753569217049,27.34221700533521,18.643343506901953,1208.6264699455974,987.3810739997152,42.213107449368,806.6606771403991
2022-02-10,1071.4925175186677,1079.952978641667,1050.0925276193168,1070.5966796875,411046,1063.023201904297,1068.0716108009235,1074.8424805519332,49.10555296281076,-6.770869751009741,-7957979.314360402,92779951.0,36.1841538106457,31.634006571875698,17.733047887545272,1204.0276822138212,985.0472445439914,41.33077484743816,806.9361226951312
2022-02-11,1079.9531082952326,1094.435477380745,1050.4908173832546,1066.3665771484375,1656107,1063.8194812011718,1067.8092979313103,1074.214635855378,48.25496177145551,-6.40533792406768,-8417492.376487663,91123844.0,35.2378597086841,35.05651640383342,16.499364676350282,1192.1866082500758,985.785205714768,41.51748092958474,808.0550886301677
2022-02-14,1035.1624773098592,1050.0927053479822,1012.2694609847374,1031.479736328125,536059,1064.1250561523439,1062.2201346077434,1071.049087742248,41.820978889407534,-8.828953134504673,-8409026.90939525,90587785.0,31.23333985298789,34.21845112410589,16.334235064434182,1183.3629590476207,981.813640073473,42.416026303450124,808.3615080531356
2022-02-15,1032.1764486002826,1081.4462019326972,1021.2276145264127,1076.5689697265625,619460,1065.7892810058593,1064.4276477029462,1071.4579678892342,50.927844915986014,-7.030320186288009,-7889909.690338561,91207245.0,75.95837862958064,47.47652606375087,15.250133302030921,1174.2559860982476,983.2912673197213,43.68763781079544,808.7596390176728
2022-02-16,1084.8302981634915,1087.3186692843813,1050.7396138073052,1056.5623779296875,343162,1066.6562280273438,1063.217606199368,1070.3545908551937,47.38366219219748,-7.1369846558256995,-8123820.570772766,90864083.0,53.87726011995836,53.689659534175625,14.240783616163373,1166.428291995325,982.8774575163936,43.17988192981549,808.9841424342719
2022-02-17,1068.1581548341776,1068.1581548341776,1047.3055330488553,1057.8563232421875,287521,1067.0902001953125,1062.3927934367248,1069.4287932542302,47.63747229355068,-7.035999817505399,-8120387.86927588,91151604.0,50.88878218369129,60.24147364441009,13.244554300578228,1152.146294413221,986.7331733602166,41.58507763378026,809.1667306839976
2022-02-18,1040.1391255811086,1060.0460944917518,1035.1623833534477,1040.2884521484375,205306,1067.2434838867186,1058.992125546219,1067.270249468616,44.498945079981645,-8.278123922396844,-8241107.396287599,90946298.0,31.277702998812625,45.34791510082076,12.679264881579996,1134.264421627001,992.1881174354991,40.39212288410339,809.2903413231411
2022-02-21,1040.1391950586606,1049.8936590774372,1006.2973456500534,1030.5340576171875,576902,1067.23154296875,1054.6139612494449,1064.549050072214,42.81234517190239,-9.935088822769103,-8176569.489651775,90369396.0,25.364553550652357,35.84367957771875,12.928695420005601,1105.815545240302,1006.0551456776667,40.620993637194836,809.6130981889277
2022-02-22,997.917490916983,1054.0877213071406,997.917490916983,1045.2738037109375,714429,1067.607958984375,1053.1770139358284,1063.1212540454526,46.13469852312134,-9.944240109624161,-7686348.875147061,91083825.0,48.8381777108802,35.160144753448385,13.367270316938145,1093.841135325878,1010.8838158459971,41.73165340526361,810.0178752306654
2022-02-23,1045.721865879896,1079.5833358226737,1045.721865879896,1050.00439453125,393547,1068.094912109375,1052.6889186428164,1062.1496348221783,47.19499827513389,-9.460716179361953,-7980350.503608112,91477372.0,53.96600729318287,42.722912851571806,12.909322964327083,1091.3850648748662,1010.9073789727898,41.201501884297365,810.2662241233757
2022-02-24,1011.9600666416325,1032.9740743309537,976.0071736414721,1016.4915771484375,633017,1067.7991333007812,1047.1200968744504,1058.7675564759752,41.032858117096424,-11.647459601524815,-7713640.983660695,90844355.0,34.18473644281375,45.662973815625605,14.01605879784563,1091.5843506506105,1010.5380797693114,43.54405324183169,810.5844656079967
2022-02-25,1055.6313207953363,1070.3710687192793,1025.454847209967,1065.739990234375,543759,1068.5858642578125,1049.9846958529004,1059.2840330506715,51.130876011913216,-9.299337197771138,-7282010.320428781,91388114.0,75.76973895569354,54.640160897230054,13.96592725866726,1090.7749876522582,1016.5651002383667,44.28229883676098,810.9194939917378
2022-02-28,1025.9030032076873,1114.4408191412776,1025.9030032076873,1103.585205078125,1102621,1070.051865234375,1058.2309280413965,1062.5656013490013,57.1969070422598,-4.334673307604817,-6449773.854036557,92490735.0,92.15825457463093,67.37090999104608,13.067778333738508,1098.3911671315352,1016.6322581614335,47.44340720082022,811.6724873494392
2022-03-02,1094.5222899556047,1113.1460509917272,1075.6495475068443,1100.597412109375,661272,1071.999578857422,1064.7488486672394,1065.3827725164365,56.59958637692979,-0.6339238491971173,-6231106.510993771,91829463.0,89.99996931242984,85.97598761425142,12.233782903447523,1104.7259925232488,1014.81042105097,46.732914078253266,812.1473378806415
2022-03-03,1105.477528929579,1131.0230474937603,1101.0954315273377,1126.5413818359375,645290,1074.25814453125,1074.2553922316545,1069.9130398734364,60.460878204245475,4.342352358218022,-5779081.088805857,92474753.0,97.10889888470825,93.089040923923,11.864663009369524,1113.3166057423916,1009.6294635935457,45.56810845726269,812.6466940170756
2022-03-04,1121.4122712846083,1121.4122712846083,1077.9899376702392,1090.9866943359375,653153,1075.2780810546874,1076.8294387092365,1071.4740513151032,53.443444494029755,5.355387394133231,-6041243.098691879,91821600.0,74.17273975697954,87.09386931803921,11.079571279399389,1115.061945900478,1009.1566942362409,45.78120386500809,813.1131296148193
2022-03-07,1075.5996873568324,1075.5996873568324,1035.762661899172,1059.864013671875,372706,1075.7293115234374,1074.219373318873,1070.614048526716,48.172725088425715,3.6053247921570346,-5962975.748618637,91448894.0,54.095647075672105,75.12576190578663,11.25233524317632,1115.2601166002173,1009.6967681654078,46.45569162013362,813.341432941755
2022-03-08,1060.8103297847724,1087.1525170657262,1043.780023889029,1073.70751953125,461151,1076.4803076171875,1074.1406265823157,1070.8431945270518,50.51070357484566,3.2974320552639256,-5787728.260448685,91910045.0,63.026026600911074,63.76480447785423,11.119548118778258,1116.2877436546637,1011.4835209937737,46.23546315988816,813.6362045602917
2022-03-09,1073.6079312615461,1150.2942120659422,1065.6903703791093,1139.139892578125,757000,1078.3398852539062,1084.140513658594,1075.9022091975016,59.75242927661713,8.238304461092412,-5230336.686825658,92667045.0,93.6000292456337,70.24056764073896,11.025783725037533,1129.6554260685198,1007.1250793025737,48.976061626098506,814.21366223682
2022-03-10,1150.493420739152,1159.6061660065861,1133.9113536407233,1145.065673828125,557825,1080.64146484375,1093.5136152231373,1081.02542879977,60.472343068818404,12.488186423367324,-5303849.2450812785,93224870.0,92.08029848576446,82.90211811076973,11.113431058249404,1142.1091816089836,1002.615891633204,47.31311525036739,814.6765776429888
2022-03-11,1136.5005949629906,1176.93515257744,1126.3919251661391,1164.0379638671875,476838,1083.249833984375,1104.3635150145296,1087.1745054714306,62.768542887329026,17.18900954309902,-5070362.134417022,93701708.0,93.58118825533869,93.08717199557896,11.517905292710468,1157.3933893549438,996.6758123052124,47.54383754757693,815.0826851208551
2022-03-14,1175.092622686518,1202.5801445326754,1145.7625412487641,1162.3447265625,614586,1085.9358154296874,1113.283701406525,1092.742669996695,62.42003279799379,20.54103140983011,-5326214.982921578,93087122.0,82.2417396868156,89.30107547597292,12.34478319675289,1170.1410334964098,993.5259831051526,48.20624938588652,815.6268088558843
2022-03-15,1160.552208248776,1176.1881923202095,1140.832831755123,1153.5308837890625,400312,1087.8055102539063,1119.4755756192233,1097.2455006479813,60.53587073032556,22.230074971241947,-5438978.926583549,92686810.0,78.35167162672482,84.72486652295972,12.976553982406411,1178.3255365220305,997.5465948256258,47.28832875582939,815.9669916155767
2022-03-16,1169.2168231390074,1186.595678737909,1148.3023825206776,1166.47802734375,486972,1090.1411840820313,1126.7067220383813,1102.373835958779,62.33445925490296,24.332886079602304,-5463675.229000829,93173782.0,84.06600882403531,81.55314004585858,13.754500791668054,1188.8542639436205,996.0087731657545,46.64582643164383,816.3923499807388
2022-03-17,1185.1515855840485,1278.7686015881666,1182.163808477534,1256.9080810546875,4537229,1094.258583984375,1146.7377003485822,1113.8208170769944,71.95019712032206,32.91688327158772,-2979888.6002506283,97711011.0,91.37018019920026,84.5959535499868,15.808007983095935,1220.9779169838407,983.9196904380343,51.33473698969903,821.1117832677113
2022-03-21,1276.7767205537086,1297.1931969744192,1245.9030245028778,1274.386474609375,1520151,1098.428935546875,1166.375973311781,1125.7145694868004,73.36552158481378,40.66140382498065,-2811640.319204474,99231162.0,91.59323746708867,89.00980883010807,17.920410659817225,1251.460376683177,975.0902458754168,51.33155380983062,822.793235604665
2022-03-22,1269.8051553368125,1293.1595623097094,1250.882568708264,1281.10888671875,713407,1102.544619140625,1184.027190759007,1137.22525965213,73.9107716625407,46.801931106876964,-2504933.7767803236,99944569.0,93.84757780836901,92.27033182488599,19.881927431058422,1277.2484657888965,973.3842002267286,50.684799509231674,823.5824906323163
2022-03-23,1286.7358842500241,1309.2437786537394,1272.5439443502075,1294.9522705078125,713104,1106.8406225585939,1201.0925876434385,1148.908741937736,75.04377762759046,52.183845705702424,-2347218.203910757,100657673.0,94.77422488414342,93.40501338653371,21.891513762485395,1300.841702528193,976.2327847764943,49.68587342311025,824.3986073917715
2022-03-24,1299.6829130718058,1304.6126961818638,1265.8214425396668,1271.6475830078125,453482,1110.9333056640626,1211.9472023148805,1158.000507942927,69.56659271701847,53.94669437195353,-2664481.3615838033,100204191.0,86.2527270284379,91.62484324031679,23.532897653777326,1316.0917444453723,983.6201207890027,48.90768629590217,824.9033419632198
2022-03-25,1282.7523003473482,1282.7523003473482,1235.6948110683015,1256.1611328125,662176,1113.7776440429689,1218.7493454683604,1165.271665340673,66.11336470453446,53.477680127687336,-2750667.9803007343,99542015.0,80.59001423163056,87.20565538140397,24.094533526303568,1325.9209181338842,994.4066209286157,48.77552936612677,825.6020852050742
2022-03-28,1257.8540523564325,1284.7440439745035,1249.8866474325596,1274.336669921875,939603,1116.4659204101563,1227.301241538132,1173.3505545689104,68.11389898201777,53.95068696922158,-2372139.578640576,100481618.0,86.85051796890174,84.56441974299007,24.648290997270642,1332.0822542645424,1014.0297940753011,47.781377021542276,826.6158643388451
2022-03-29,1277.6730188251568,1278.0215684820985,1255.115278924266,1271.000244140625,539919,1118.3379711914063,1234.0241650154385,1180.583864907556,67.32813336621291,53.44030010788242,-2163216.6928347023,99941699.0,84.29768042088286,83.91273754047171,25.16249436316864,1339.7904143020473,1026.8476594284216,46.004585059848715,827.1942058739136
2022-03-30,1279.7645002317404,1279.7645002317404,1246.9487976682115,1251.9781494140625,366894,1120.188896484375,1236.7863164613807,1185.8723304265563,62.874701896145176,50.91398603482435,-2417649.9599968167,99574805.0,68.68195309622048,79.94338382866836,25.35428438550514,1345.4461669605084,1036.0312012035542,45.0625220243973,827.5788006525554
2022-03-31,1249.886745929905,1279.6649484941418,1243.7617785974094,1270.30322265625,755068,1122.5377124023437,1241.9427635682837,1192.126470591719,65.25875353650639,49.81629297656468,-2056348.840486586,100329873.0,78.70376741894496,77.2278003120161,25.417416652256644,1351.8261306046188,1046.6218186141314,44.40828258670695,828.3773075739118
2022-04-01,1275.7808993467706,1289.7238599953691,1254.916303291091,1263.281982421875,491523,1125.0238037109375,1245.22572031499,1197.3972492458047,63.57422043549491,47.8284710691853,-2311605.6906769415,99838350.0,72.70854592395742,73.36475547970763,25.692229260985055,1357.2713611306733,1054.8506481466704,43.72251645224775,828.9011619894364
2022-04-04,1251.231122377876,1303.666630334253,1251.231122377876,1289.3751220703125,762394,1127.5689233398436,1252.017935969655,1204.210425010583,66.98496877507338,47.807510959071806,-1964798.7833181794,100600744.0,88.20227725731641,79.87153020007293,26.23902314692446,1361.6197795058347,1070.3410725449467,44.34487298825697,829.7335344752375
2022-04-05,1304.6626058607446,1329.560747193965,1285.5906052849068,1313.8250732421875,1337792,1130.5542700195313,1261.5267263192752,1212.3300285832945,69.83518512232737,49.196697735980706,-1584522.8527834737,101938536.0,91.31864949783667,84.07649089303685,27.239455504286553,1361.366486152218,1095.9904718555945,44.31810648259991,831.2775803109587
2022-04-06,1318.1575364198573,1331.353552220716,1295.9483442163964,1322.88818359375,907711,1133.4849829101563,1270.9669505153483,1220.519521547032,70.84011526364601,50.447428968316444,-1110878.4014570154,102846247.0,94.32577038168358,91.28223237894555,28.20111073158043,1359.2776461132119,1122.9973783008506,43.68147087700845,832.3349947853691
2022-04-07,1330.5566521996273,1341.362421055969,1294.7033292361643,1302.4217529296875,1038577,1137.1987939453124,1275.8061508867852,1226.5863535013027,65.53089400352599,49.21979738548248,-1805849.1711726228,101807670.0,63.14796167829832,82.9307938526062,29.280484230990556,1360.4813260839892,1138.1218843652296,43.894158087208176,833.5295239713547
2022-04-08,1302.8699124023474,1314.2234893509087,1260.393779850291,1264.47705078125,874307,1141.0017456054688,1274.0632124090105,1229.3930718183358,57.00127114053956,44.67014059067469,-2547514.461196719,100933363.0,27.238469495342674,61.570733851774854,28.852069143938312,1355.727997754426,1154.8163503901053,44.60384033102315,834.4613287346456
2022-04-11,1274.037972667458,1286.2380626930012,1261.1905066116808,1275.6812744140625,509264,1146.1515368652344,1274.3121450251724,1232.8218275661675,58.71026739409056,41.49031745900493,-2467529.2466104245,101442627.0,37.841741050476884,42.74272407470596,28.454255134532655,1352.4256248191919,1169.283054380027,43.206962884615805,834.9958185614433
2022-04-12,1269.8050833377586,1282.6027024121033,1230.9141417640012,1245.4049072265625,845636,1150.7883666992188,1269.86487767154,1233.7539075410116,52.62368596593471,36.11097013052836,-2839021.15015846,100596991.0,13.119955834038159,26.066722126619243,26.98290623540841,1345.1523332583793,1184.8623640072456,43.812791296293405,835.8373990736072
2022-04-13,1254.866351430593,1257.6549919518445,1216.5232129146582,1227.7772216796875,742352,1154.8088745117188,1263.3898536727934,1233.3111900698023,49.41175729486196,30.078663602991128,-3175145.3569388194,99854639.0,9.014803067551039,19.99216665068869,25.15287892398265,1333.2170251749133,1204.2223058797742,43.6212904206429,836.5398983289207
2022-04-18,1224.9884085583112,1242.9150681957499,1211.0454510625254,1218.514892578125,395195,1158.0698217773438,1256.4860135043828,1232.2151680333816,47.762159090836654,24.270845471001167,-3385092.7006888175,99459444.0,5.7317489164882796,9.288835939359158,23.43328475597796,1321.7820317526357,1220.8609858254895,42.7818851858273,836.9036458192458
2022-04-19,1239.6286819099153,1272.793056663429,1225.6857219777648,1243.3634033203125,1575212,1161.088193359375,1254.4671503991412,1233.040963239821,52.35739889729075,21.426187159320307,-3778064.3566418705,101034656.0,24.799496381333164,13.182016121790829,22.577201671510927,1322.2118184474607,1219.076731357227,43.60304796436135,838.4329175970629
2022-04-20,1245.902993012803,1280.4118412345833,1245.902993012803,1260.7423095703125,743805,1164.7378198242188,1255.4325595023984,1235.0929148198575,55.31788765907733,20.339644682540893,-3882174.9929747614,101778461.0,38.13536986801288,22.88887172194477,21.990443787705015,1321.6743368252658,1218.2497964755155,43.13486153221203,839.1775492401905
2022-04-21,1274.6354485972495,1289.723746861612,1254.8663482977847,1280.561279296875,516906,1169.2994140625,1259.2985163938563,1238.460941818155,58.48603576922137,20.837574575701183,-3637012.4192861435,102295367.0,53.34364990058241,38.75950538330948,21.69958730127966,1321.623894341698,1218.2454782168957,42.5436141773274,839.7089726299535
2022-04-22,1277.7726021499213,1288.72778424162,1260.3439033676739,1281.35791015625,481960,1174.0152978515625,1262.6922692803782,1241.6384950283843,58.61306269988762,21.0537742519939,-3405334.22746871,102777327.0,53.95495237286602,48.47799071382044,21.429506278170404,1319.9585013576177,1218.5514351658196,41.5322046556573,840.2053002955481
2022-04-25,1250.185450214826,1276.5276336193758,1225.0880522332504,1232.4080810546875,403163,1177.682509765625,1258.0331633995027,1240.9547606599624,48.74351634909604,17.078402739540252,-3693754.2727162424,102374164.0,16.3928228175017,41.230475030316704,19.917792710163432,1320.4516667891305,1214.1343195389943,42.58489417475318,840.5891221445089
2022-04-26,1243.7119585276776,1281.9554049433254,1239.9273925557566,1274.6353759765625,640781,1181.8628173828124,1260.5873499498196,1243.4496210537845,55.67709930090014,17.137728896035014,-3276183.232687545,103014945.0,48.79635009717949,39.7147084291824,18.654670194287828,1321.2113282482512,1215.22208239628,43.082210582887804,841.2290376149152
2022-04-27,1234.9477957589286,1259.2484057320016,1210.0994996266706,1220.0089111328125,705547,1184.8510620117188,1254.3445132087415,1241.7132721707496,46.84837498278559,12.631241037991913,-3697225.2003704365,102309398.0,7.549284594796498,24.246152503159234,18.10148400897506,1322.388123599078,1208.612511166547,44.61461528053095,841.8722725143487
2022-04-28,1191.1270714358557,1233.8523059215154,1176.1881867606567,1220.755859375,1076903,1187.93884765625,1249.1770280035505,1240.1608712229163,46.97219677559051,9.016156780634219,-3109486.0957189086,103386301.0,26.98221838562395,27.775951025866647,18.45328734068257,1323.0325898128676,1202.9436064761949,45.54672270055436,842.8007718191856
2022-04-29,1234.9478552880523,1244.1103230045537,1217.320019208689,1223.3951416015625,439063,1191.7771557617189,1245.2105839417063,1238.9189653250382,47.438138162724684,6.2916186166680745,-3349420.22554955,103825364.0,34.199189595024336,22.910230858481594,18.407139556377366,1323.9003284228165,1199.217567084996,44.20697849307653,843.1964751796655
2022-05-02,1215.0293791100692,1226.8310745843733,1200.6880244190952,1215.228515625,488409,1194.5503466796874,1240.5979580468284,1237.1641171991093,46.08866788379135,3.4338408477190114,-3294533.265477002,103336955.0,34.38599222096482,31.85580006720437,18.769204473164848,1324.1514045614654,1193.4590202432223,42.91669789823378,843.6196998900829
2022-05-04,1218.61456858381,1229.8685767583913,1200.189944549305,1208.3067626953125,489438,1197.585234375,1235.630081838903,1235.0265353840132,44.92224704227053,0.603546454889738,-3516258.170630983,102847517.0,28.289441568875993,32.29154112828838,18.987370159668206,1324.9470347526235,1187.1658680794076,41.971121777580386,844.0411810814588
2022-05-05,1228.972214365683,1237.7861317829697,1201.1858652692429,1207.410400390625,464980,1200.5763159179687,1231.2885923853219,1232.9808957548732,44.76425157857765,-1.6923033695513823,-3823081.7080459488,102382537.0,27.49994239884463,30.058458729561817,18.87487998180137,1322.1721114616214,1181.744319202441,41.587489258733704,844.4436051230573
2022-05-06,1187.1433952270002,1194.86181914731,1133.512822366278,1142.0777587890625,840078,1202.6121020507812,1217.563848755128,1226.247330053702,35.079860466746794,-8.683481298573952,-4428593.047213294,101542459.0,5.482930499550528,20.42410482242372,20.245043739803815,1322.644181404887,1164.097517813863,43.8953527419918,845.0538860519248
2022-05-09,1131.1724375259548,1146.758577180983,1088.3973565674617,1099.3525390625,873730,1203.9884716796876,1199.3774934178007,1216.8477159062054,30.441673176613392,-17.470222488404715,-4974301.408845702,100668729.0,5.441503460640279,12.808125453011812,22.19057052322741,1325.2974119197297,1139.0907228458955,44.92862901852961,845.5941987490911
2022-05-10,1095.5183045589458,1107.568981594501,1050.7016466451707,1055.8306884765625,663951,1204.199609375,1177.293369580687,1204.9205286891947,26.585604996466074,-27.627159108507612,-5518484.796875537,100004778.0,2.1458441820849488,4.356759380758585,24.448884378385667,1335.1666561769907,1104.5623721433217,45.78139372787252,845.9415693600685
2022-05-11,1068.6282329403562,1071.2176153411842,1005.4367376702315,1041.638671875,805254,1204.032294921875,1156.4234160875044,1192.8255763325878,25.453354171157372,-36.40216024508345,-5437409.718934415,99199524.0,12.73429071125706,6.773879451327429,26.990490863428146,1345.6636373075323,1071.7815531221552,47.209928295235386,846.3019535451028
2022-05-12,1040.7422683667912,1040.7422683667912,978.8454670388077,1006.7313842773438,1433291,1203.837091064453,1133.3938727320951,1179.0408213655328,22.87301823242828,-45.64694863343766,-5579240.309116152,97766233.0,8.99887334335546,7.959669412232489,29.57481105576246,1354.3125349509073,1036.2376664651083,48.32301947673231,846.8387982006813
2022-05-13,1030.4842387569795,1050.203615587811,1014.400075710855,1027.7952880859375,467140,1203.0781970214844,1117.1479366326862,1167.8374485300071,27.639935536207915,-50.689511897320926,-5696837.245474926,98233373.0,16.149197015951827,12.627453690188114,31.633980327681314,1357.3878683302387,1011.4013711717143,47.97653460771339,847.0366970260483
2022-05-16,1019.8278401596106,1040.7921231983225,1001.0048215295742,1034.9161376953125,536424,1201.704815673828,1104.496890642321,1157.991425505215,29.23230544941532,-53.49453486289394,-5318856.744544503,98769797.0,18.498460012276986,14.548843457194756,33.672790284135836,1358.1829242840151,991.3202068195003,47.391589397787314,847.2569716678208
2022-05-17,1032.077844565432,1075.4503355635873,1031.7790182282668,1071.2176513671875,438660,1201.1172204589843,1099.3770076769158,1151.5637385320276,36.86053133860444,-52.18673085511182,-4965227.806709924,99208457.0,32.94265914575521,22.530105391328007,34.35070350026683,1354.9790996923116,979.7943072901102,47.12585567903968,847.4708771577428
2022-05-18,1080.5793054800854,1095.5181898876442,1061.4575820675911,1080.629150390625,623123,1200.198975830078,1096.4927219405633,1146.3093245956275,38.7052515874923,-49.816602655064116,-4886880.930936273,99831580.0,38.370587381903604,29.937235513311933,34.344965099966416,1347.0716231513404,971.4283585381129,46.19262368911206,847.802185769181
2022-05-19,1057.8223716419188,1070.4705777894264,1007.6774825711261,1032.42626953125,1247443,1199.0277673339845,1086.6363446468229,1137.873542739007,33.33356961691209,-51.237198092184144,-5151008.776791736,98584137.0,20.198982747779176,30.504076425145996,35.053389101871254,1337.3398524162667,958.3285252692802,48.10398398413969,848.3417522970376
2022-05-20,1041.4489166312087,1088.7059578221474,1041.4489166312087,1083.671142578125,629720,1199.5039099121093,1086.180159713177,1133.8585501344971,42.474000718148964,-47.678390421320046,-4655470.8489471,99213857.0,40.48250808457873,33.01735940475384,35.16926598780707,1319.1659013629321,956.8134626507397,48.68796286319381,848.6624765040588
2022-05-23,1088.7059580347654,1095.684842381142,1057.1514066139453,1062.0865478515625,302084,1199.2714904785157,1082.4734501960056,1128.5421055209465,39.98710485593645,-46.06865532494089,-4880176.479957045,98911773.0,32.14677806400106,30.94275629878632,35.06973994332194,1298.4477885517126,955.6044392314908,47.962639499194026,848.8162564686536
2022-05-24,1067.6696236595733,1077.1907427883816,1044.0909402250318,1072.654541015625,337854,1197.9417834472656,1080.9628487836394,1124.4022859279596,41.784350682508425,-43.43943714432021,-4634925.685719358,99249627.0,36.22801929140884,36.285768479996214,35.17129213685642,1284.8707630341487,953.2061107451482,46.90100828949087,848.9826028832877
2022-05-25,1076.6924035171544,1082.5746311706616,1023.3537802544175,1034.819091796875,407027,1195.7368518066405,1073.863809247214,1117.7664937701015,37.459099865654274,-43.90268452288751,-4884349.703357894,98842600.0,25.91175353704357,31.42885029748449,35.56282089943072,1260.3503950621382,953.7448502991899,47.78099704854467,849.1662199902586
2022-05-26,1040.2525813408956,1051.1197255503034,1001.3702258463406,1045.7857666015625,444559,1193.371807861328,1069.5441103786522,1112.4345880539136,39.416644690847185,-42.89047767526131,-4535118.675313537,99287159.0,39.86603518097854,34.00193600314365,36.221413361434934,1244.6127637503048,952.0601671578981,47.92160438107454,849.3520498035434
2022-05-27,1049.8237032463655,1071.6576678537322,1042.3463264426166,1065.22705078125,293538,1191.429454345703,1068.8799473636673,1108.9377334411238,42.83273742112346,-40.05778607745651,-4370379.316613961,99580697.0,67.10629681033804,44.29469517612006,36.1562045924862,1226.1211123858602,954.9989376629678,46.59229988322033,849.4925684737668
2022-05-30,1083.7211032171074,1119.8118585256536,1073.7512678609244,1115.52490234375,547836,1190.6693347167968,1076.05609428368,1109.4256718783554,50.594506845498614,-33.36957759467532,-3924519.817261303,100128533.0,96.95888066886945,67.97707088672868,34.725122527928136,1207.0519670834992,963.2810590395475,47.16319330187628,849.8082082714392
2022-05-31,1111.6366738928205,1131.5763451734092,1105.953916258691,1120.659423828125,1673884,1189.7529626464843,1082.9181449828254,1110.2578016524124,51.32109673334603,-27.33965666958693,-3677015.808787616,101802417.0,92.8521845231171,85.63912066744153,33.09793525021768,1188.3053621910326,972.5707547523266,45.62456727422214,850.829801126437
2022-06-01,1128.5854221556774,1141.546208805875,1102.913094752401,1106.1033935546875,521752,1186.7368688964843,1086.4851063015735,1109.9500677192475,49.115819648167644,-23.464961417673976,-4112595.89013842,101280665.0,74.78122570292561,88.19743029830404,31.332845579226575,1166.9388102483442,983.7169697809525,45.12517775845441,851.1436527154075
2022-06-02,1108.446404314003,1120.609555434139,1094.6879820877978,1109.4931640625,433531,1183.439002685547,1090.0248074955623,1109.9162230039328,49.6583285850402,-19.891415508370528,-4050901.908157875,101714196.0,77.1931632634595,81.60885782983408,29.873537013048942,1141.4318742197102,999.4321821767745,43.75349172901776,851.3954604281504
2022-06-03,1107.7483813303543,1141.5461475052064,1107.7483813303543,1125.8935546875,843397,1180.3346960449219,1095.543076294322,1111.0997290545674,52.30768909550822,-15.55665276024547,-3988701.497090893,102557593.0,88.8335692121427,80.2693193928426,27.96388193525014,1137.6443799582746,1001.6012560280535,43.042368475148784,851.9158653207983
2022-06-06,1125.5943294403428,1135.0656723364307,1088.7059413187374,1101.41748046875,620866,1176.4640002441406,1096.4468307826955,1110.382525455618,48.228364921301804,-13.93569467292241,-4269092.593865087,101936727.0,71.37260785343713,79.1331134430131,26.634621413983208,1137.9338292971652,1001.5183008297881,43.2793229424734,852.274400040691
2022-06-07,1102.6638642498428,1102.6638642498428,1069.7634053707789,1081.57763671875,284321,1172.6626013183593,1094.1592624651655,1108.2488299936279,45.15436671012502,-14.08956752846234,-4349219.841830582,101652406.0,57.21908217013424,72.47508641190468,25.81678893534926,1139.0953168288147,1002.9315081223573,42.53797550937272,852.4230739385406
2022-06-08,1076.7423060890064,1094.6381133288116,1074.6984409938302,1083.72119140625,469020,1169.2138024902345,1092.5534053791785,1106.4319678760444,45.55811918398065,-13.878562496865925,-4393774.451693863,102121426.0,58.74827043922509,62.44665348759883,25.057373062332022,1140.0291126965271,1006.2059642077697,40.923810996916195,852.6675804018993
2022-06-09,1074.748223183148,1088.456746438035,1059.8931445519797,1080.9793701171875,557580,1165.3466564941407,1090.7727845696413,1104.5465902642773,45.100771617454306,-13.77380569463594,-4128120.904499772,101563846.0,56.792285375896526,57.58654599508529,24.68597853980225,1136.4367202445405,1017.2231552437406,40.04093891756899,852.9476840448099
2022-06-10,1077.739275455217,1116.7213100142412,1068.5670749832468,1109.94189453125,859171,1162.125489501953,1093.7218784098889,1104.9462424322012,50.727630065838134,-11.22436402231233,-3510867.4503267594,102423017.0,77.4538308151201,64.33146221008057,23.47002995931692,1137.7165674067376,1024.1579687260748,40.62046006852795,853.4202112076669
2022-06-13,1106.6018359357874,1108.1971069677952,1080.18177202089,1083.3721923828125,514725,1158.753370361328,1092.1296190211078,1103.348164650765,46.06329533209948,-11.218545629657228,-3908357.4342969456,101908292.0,58.49929838561856,64.24847152554507,22.340934848866258,1136.0668618658694,1030.6532797356929,39.84472167151595,853.6934137108605
2022-06-14,1083.122943061185,1089.0051702923,1060.9898354342586,1066.2239990234375,495087,1154.6717858886718,1088.1441390214661,1100.5982264561483,43.296276861846025,-12.454087434682151,-4218448.155508436,101413205.0,46.265966400120526,60.73969853361973,21.781751772900545,1136.0914959484655,1030.1292804187221,38.99976547055348,853.9351123628227
2022-06-15,1067.0216217133748,1104.65774992611,1062.535195833711,1091.5972900390625,882202,1151.2380920410155,1088.6753930241732,1099.931490425253,48.249779212113594,-11.256097401079842,-3883314.7785553094,102295407.0,49.64820766227786,51.47115748267233,20.762180681327575,1136.7527587734098,1030.5648315586213,39.2228218006853,854.3924059883497
2022-06-16,1101.9159978399766,1114.228719550972,1066.2738382174666,1074.798095703125,387582,1146.946551513672,1086.5404242055504,1098.0697574828732,45.42066412363874,-11.529333277322849,-4133106.8946922002,101907825.0,18.254000982497384,38.0560583482986,19.518099611017956,1133.649751336008,1037.9050216132107,39.846540338743885,854.5917372901736
2022-06-17,1074.7981762091072,1081.428019525566,1033.1741125531494,1040.6514892578125,753097,1141.4830798339844,1079.4805880597446,1093.8165524291649,40.25402239923473,-14.335964369420253,-4652805.593188007,101154728.0,6.899725079808139,24.933977908194468,19.23300448859908,1135.3916284189318,1031.8611791982557,40.44706652686337,854.9221750565938
2022-06-20,1040.7511090063247,1054.758654281418,1011.4397695119865,1045.6363525390625,518858,1135.9380432128905,1074.2737825950244,1090.2476487336016,41.30370011525775,-15.97386613857725,-4352474.8827351825,101673586.0,26.28354385276174,17.145756638355763,19.46202135507666,1136.4022905662132,1029.2054975197243,40.652196401332525,855.1324989931152
2022-06-21,1052.91436099938,1065.775473845513,1034.9686561076876,1047.08203125,1352719,1130.8312487792969,1070.0904362342515,1087.0501955866682,41.62402059286157,-16.959759352416768,-4641403.857515244,103026305.0,27.39470753683645,20.19265882313545,19.300722157327122,1137.2106077402489,1025.8399293691261,39.94895506822487,855.7145285736041
2022-06-22,1047.0820037648311,1047.8297414490241,1006.2555140376876,1017.7208251953125,673346,1125.8961242675782,1062.0335729974915,1081.91468666879,37.185535121255555,-19.881113671298408,-4943360.086137943,102352959.0,8.474578663553643,20.717610017717288,19.784663805740077,1139.626622932265,1021.7140875169539,40.0650459498757,855.9651893784843
2022-06-23,1020.4126517121495,1034.819015163448,1008.9473410187545,1026.643798828125,486409,1120.9153747558594,1056.5889923560505,1077.8205468287406,39.303764245346784,-21.23155447269005,-4764352.82444128,102839368.0,15.828165309099195,17.23248383649644,20.234038193552106,1141.4592219449794,1017.9672917268956,39.051233678076976,856.1452962036055
2022-06-24,1036.8628055072888,1059.2949335110522,1031.0802527188187,1055.50634765625,462900,1117.117403564453,1056.4224316330044,1076.1676431863339,45.684185083685655,-19.745211553329455,-4425766.574797138,103302268.0,44.58469083861569,22.962478270422853,19.78870008797957,1141.5717815368998,1016.8826618224753,38.594083749852,856.3420549358619
2022-06-27,1077.6395505828605,1077.6395505828605,1038.1590260850883,1045.9354248046875,344510,1113.4805676269532,1054.8090459671096,1073.9282196025083,44.03126246428192,-19.119173635398738,-4634561.704897661,102957758.0,35.92054030500262,32.111132150905846,18.79078803729966,1137.3641548179369,1014.131340787532,38.65740094613201,856.4922473332656
2022-06-28,1046.832759615244,1072.7543327104786,1026.893088003525,1065.0277099609375,442089,1110.4108239746095,1056.3811481200062,1073.2689225920217,48.0678271330226,-16.887774472015508,-4341437.476636792,103399847.0,53.203976311114715,44.56973581824436,18.16899288699231,1131.148675385866,1014.7836488328842,39.17196121476212,856.6856014605189
2022-06-29,1056.4036762966266,1111.6365857024384,1039.5048549078138,1105.9039306640625,1397225,1107.6616345214843,1064.0000377421686,1075.686330597358,55.47230039857351,-11.686292855189322,-3166300.837688339,104797072.0,90.20748526315357,59.77733395975698,17.284247903561685,1131.1160423966999,1014.7963355329877,41.526230470466594,857.3887745127311
2022-06-30,1097.6788962748412,1109.9418427069784,1066.0246683395767,1070.909912109375,529542,1103.8649865722657,1065.0630953371233,1075.3325218204704,49.027556160065934,-10.26942648334716,-3578032.810353487,104267530.0,59.88003946380258,67.76383367935696,16.462698990376104,1126.7184010839126,1015.3356516504625,41.69701217739053,857.6502065806334
2022-07-01,1070.9099333837987,1084.8178055996273,1055.9052818717887,1070.311767578125,555368,1099.6599963378906,1065.8705833742006,1074.9606140988153,48.92293031599651,-9.090030724614735,-3579945.0671557477,103712162.0,59.32606449528466,69.80452974074696,15.384796401162408,1117.933659309963,1018.5622147134743,40.78383443099396,857.909189410571
2022-07-04,1070.3118054486908,1118.6156127740005,1070.3118054486908,1114.8270263671875,736578,1096.3293786621093,1073.40234383466,1077.9136816742503,56.382986583794946,-4.511337839590169,-2958910.315312724,104448740.0,96.62817454824058,71.94475950244261,15.302599549420018,1120.69438780298,1017.1424408103015,41.320978057056934,858.3015351225293
2022-07-05,1114.8270419183555,1130.978249680904,1106.7514988881326,1116.9705810546875,635508,1094.0206286621094,1080.105149560818,1080.8067853320604,56.710859423543695,-0.7016357712423087,-3058291.2444518036,105084248.0,88.76895334761824,81.5743974637145,15.525601073020868,1126.3475242393722,1015.0285988075027,40.09996182389368,858.662620140248
2022-07-06,1121.3073510402755,1171.455672332451,1109.6426921753346,1168.4647216796875,835710,1091.897215576172,1093.698929886798,1087.299965802255,63.758769880419194,6.398964084542968,-2303456.4057421223,105919958.0,98.18949891838066,94.52887560474649,16.58900906928024,1144.955543547997,1004.894932526222,41.650891704838166,859.1935912258965
2022-07-07,1171.6550412719062,1183.3695982042962,1154.8558924794938,1167.0191650390625,291188,1090.837420654297,1104.9789660640695,1093.205091671648,63.44648499674712,11.773874392421476,-2346216.576384615,105628770.0,90.76841729319898,92.5756231863993,17.797699197743675,1159.968437843035,998.4860177233711,40.71252127769275,859.3899287211091
2022-07-08,1168.3151405074673,1207.147722528019,1158.9434708629824,1200.617431640625,954902,1090.4346520996094,1119.6925761527702,1101.1615612989797,67.43841577374657,18.531014853790566,-1650038.1376291993,106583672.0,96.7493558179942,95.23575734319128,19.334738077183452,1179.653447716559,987.868561560785,41.24764487678873,860.0746097957189
2022-07-11,1199.1718346875589,1219.1115052230882,1193.3892815514193,1203.7579345703125,877368,1090.0419079589844,1132.6257082170075,1108.7612926524116,67.79247686068729,23.8644155645959,-1820070.3739720269,107461040.0,92.786874089251,93.43488240014807,20.957799506612247,1199.0060019715802,980.5545815245137,40.13868621928017,860.7326669507271
2022-07-12,1202.3621404108226,1208.3440416068963,1180.478400549356,1192.3424072265625,583382,1089.5841857910157,1141.812892680016,1114.952486324571,65.02469135726065,26.860406355444866,-1906693.8081762292,106877658.0,87.26276760937262,92.2663325055393,21.95877842765674,1213.4063509488583,978.766073367548,39.26204013629876,861.1540350322953
2022-07-13,1198.5735819455804,1208.2941716133623,1155.2546951325585,1201.91357421875,325971,1089.4563220214843,1151.0591513782826,1121.3940483908066,66.26818684354899,29.665102987476075,-1659150.7962078205,107203629.0,91.0529223717966,90.36752135680676,21.972561917561894,1227.6106537229643,975.5933990114108,40.24614273233483,861.385316678642
2022-07-14,1202.3622110573153,1213.2293565424488,1166.5704757907286,1175.7427978515625,453534,1088.822969970703,1154.856635451095,1125.4198816841958,59.98785768534144,29.436753766899074,-1934371.0498634062,106750095.0,77.43779810548152,85.25116269555025,22.09446268632411,1236.0013256197926,977.2971973294262,40.70419544800522,861.7033157369584
2022-07-15,1181.9240360558633,1211.1854798371137,1178.4844913799814,1207.0479736328125,315845,1090.1223742675782,1162.886072094436,1131.466407013723,64.34124866615372,31.419665080713003,-1698450.890594787,107065940.0,93.72405008595194,87.4049235210767,22.2076562573176,1247.6337670957023,982.3044042910163,40.328373057829936,861.9337850829016
2022-07-18,1218.3139213380575,1233.9665146907769,1199.0720897752024,1204.904541015625,980588,1092.2334143066407,1169.3504519284652,1136.9062687916417,63.829173796463756,32.44418313682354,-2351236.8585635396,106085352.0,85.05516526620842,85.4056711525473,22.830953293156995,1257.105986464975,988.7590037693998,39.94023390481169,862.6764060041123
2022-07-19,1204.1567201927462,1214.5751490887446,1191.4451805655092,1198.6234130859375,491128,1095.089268798828,1173.8539844142301,1141.4779091097375,62.26529702367558,32.37607530449259,-2537528.2153358236,105594224.0,80.15115303578284,86.31012279598106,23.099828828925524,1263.8063845580998,997.2127438598687,38.73950066327053,863.0354081152518
2022-07-20,1206.3501763787335,1229.2807995660978,1199.37129106084,1205.8516845703125,604230,1098.3735290527343,1178.776707515166,1146.2463369216318,63.377322903189,32.530370593534144,-2879925.2153358213,106198454.0,84.21058324972675,83.138967183906,23.687032180752855,1266.4275185331612,1013.4046958223074,38.16220679304838,863.4889987506716
2022-07-21,1208.0949036509178,1225.4922191695475,1197.3773297171465,1216.868408203125,476539,1102.57626953125,1184.6369691594673,1151.4776014610018,65.06703268620177,33.15936769846553,-2695728.268544717,106674993.0,89.55232845615245,84.63802158055402,24.144939196749654,1268.8488237445652,1030.0058515484036,37.44454126871642,863.8476900178858
2022-07-22,1218.3138987908292,1263.0285866932652,1216.868321323347,1239.998291015625,942665,1106.8203295898438,1193.1540955988762,1158.034689576159,68.36698923093957,35.11940602271716,-2693692.768872961,107617658.0,85.2631655727054,86.34202575952821,25.3630959116922,1276.1147272932583,1041.189142335648,38.06709299023084,864.6091666565128
2022-07-25,1233.7670507722553,1241.2444268375416,1217.6159671520704,1228.83203125,381778,1110.6986474609375,1198.6430087759722,1163.2789371075546,65.16650177537988,35.36407166841764,-2713022.553781536,107235880.0,77.70554094902927,84.17367832596238,26.494241432710275,1276.9161620916645,1058.6773681817729,37.03576203989087,864.9078927716712
2022-07-26,1234.9633886288493,1244.0360356631727,1219.51014468092,1227.78515625,331124,1113.8299975585937,1203.1264160796688,1168.0571755625506,64.85994000005152,35.06924051711826,-2820704.72793449,106904756.0,67.41929125513231,76.79599925895566,27.60134600590831,1277.174790562046,1074.694484340298,36.14219982148815,865.1674493499337
2022-07-27,1228.2837546935616,1254.7537170814728,1221.5042177562977,1250.6162109375,532946,1117.2297387695312,1210.4325383654889,1174.1726596643987,68.35615891547869,36.2598787010902,-2420396.3552166643,107437702.0,88.48294742259208,77.86925987558456,28.84861035364729,1284.0402651773054,1082.300237752382,35.935578357465786,865.5979587171722
2022-07-28,1252.211327092762,1267.1161823450755,1244.2853566252013,1255.0029296875,504060,1121.6812719726563,1217.2895216457982,1180.1600870735174,68.99447200565017,37.12943457228084,-2451210.232271615,107941762.0,89.17120363815437,81.69114743862626,30.24880292615765,1283.7388298470541,1101.0109748404457,34.99952459763781,866.0184421885305
2022-07-29,1264.1252517775465,1272.9984297707747,1246.2793434779537,1264.7733154296875,656479,1125.3033154296875,1224.5947206894734,1186.4277336184189,70.42540709634012,38.166987071054564,-2198907.8405842558,108598241.0,93.01439319352322,90.22284808475656,31.661782447286885,1279.800222835296,1124.3957366373604,34.40806471872232,866.5729654558359
2022-08-01,1264.1751053126202,1301.5619873703672,1264.1751053126202,1297.0755615234375,793553,1130.003095703125,1235.745619279314,1194.6238690187906,74.59922472771179,41.12175026052341,-1595807.5605842585,109391794.0,96.93355964811553,93.03971882659772,33.46668853028088,1288.5822207741408,1133.8385922141406,34.62083738579552,867.2856405412311
2022-08-02,1295.9789088025695,1308.5408768802013,1272.948613709896,1304.7025146484375,502117,1134.6440551757812,1246.3543724130254,1202.7778427691348,75.47916459637491,43.57652964389058,-1201989.7670440767,109893911.0,97.29636445180938,95.74810576448272,35.25052835485689,1295.4694999515214,1145.724506396135,34.69022494183192,867.7436752856566
2022-08-03,1307.0454591242838,1322.7479503380193,1288.1027713108883,1304.80224609375,393606,1140.0437182617188,1255.3463529792907,1210.3352059783656,75.49112085202275,45.01114700092512,-1216148.2562527107,110287517.0,87.56046446280673,93.93012952091055,37.118829579245315,1306.7521501116064,1148.075608677456,34.68700737649614,868.1102700524001
2022-08-04,1321.0031903761035,1321.0031903761035,1284.2144734131355,1312.778076171875,393725,1145.383564453125,1264.1820027012268,1217.9235667334403,76.47886980856322,46.258435967786454,-998479.0340782709,110681242.0,92.40695822074605,92.42126237845406,38.616141201552146,1317.224606729916,1152.1790431724276,34.83712948981556,868.477015539141
2022-08-05,1316.0182722343245,1319.7070626499021,1298.2719165491158,1311.9306640625,242951,1150.31763671875,1271.5279506029613,1224.8870554244818,76.12781900362896,46.64089517847947,-931807.1043794175,110438291.0,91.76157038098974,90.57633102151418,40.00650199369421,1327.7123989457555,1152.8225741987758,33.87984496202776,868.7050636233429
2022-08-08,1311.93065855893,1328.9790526736651,1303.506074663637,1314.67236328125,438066,1154.3005859375,1278.1655525534673,1231.5378189694275,76.50360413145226,46.62773358403979,-985813.4637957726,110876357.0,89.12879780674142,91.09910880282575,41.458964479079214,1337.2693190840212,1154.357096931604,33.27935446545636,869.1210130353682
2022-08-10,1315.4698941497602,1327.8325144893447,1297.0755963640968,1307.294677734375,313632,1158.033291015625,1282.646956427453,1237.1494381372013,73.16594859540218,45.49751829025172,-1091035.055752183,110562725.0,83.52272717093933,88.13769845289016,42.36439143929345,1343.3009377580306,1159.8207053083756,33.09918044115575,869.4150168602691
2022-08-11,1324.9911528969917,1355.5984995464305,1316.4668947674936,1336.1075439453125,1702218,1162.6333740234375,1290.8716621994315,1244.4796681970615,77.32632431651047,46.391994002369984,-1084523.4112084925,112264943.0,85.95045731882807,86.20066076550296,43.70483826261711,1354.0454046750647,1162.4956353639977,34.18522625336288,871.0950726081783
2022-08-12,1342.936818207179,1386.4052758814844,1328.6301288569712,1378.5789794921875,1159339,1168.0150903320311,1304.3650956290862,1254.4129505152189,81.80453586265943,49.952145113867346,-239275.54197866155,113424282.0,95.36327481390234,88.27881976788991,45.37753257921929,1369.8719933225989,1166.9526648805263,35.87022059415933,872.3020745524196
2022-08-16,1386.4052921748957,1449.96299311539,1385.507982644729,1405.6968994140625,1476050,1173.6111572265625,1319.954603903698,1265.6191689521702,83.98016484098716,54.33543495152776,-790654.1974308505,114900332.0,80.79169166185652,87.36847459819565,47.52987644973251,1391.9922273262653,1164.6973234549848,38.40692009623384,873.9829899788062
2022-08-17,1406.045943899856,1477.5296154822279,1406.045943899856,1470.2515869140625,1594684,1180.9878393554689,1343.0772166745232,1280.7771258382363,87.73867145405782,62.30009083628693,479307.93386036996,116495016.0,97.15730211423933,91.1040895299994,49.714737268406274,1427.6217010272826,1155.6025543438113,40.794476951371806,875.9128531608127
2022-08-18,1476.5327007538754,1517.9075198499495,1443.8814880937205,1451.109619140625,1748382,1188.3784790039062,1359.6975862846928,1293.3943475643393,81.62340395534976,66.30323872035342,-927639.1974527605,114746634.0,75.58754016045917,84.51217797885168,51.96830402323123,1449.9059987950513,1158.5668771815112,43.16815943743303,878.0858504700511
2022-08-19,1460.4812711749425,1482.9134017325073,1384.5110493320644,1393.9326171875,1284783,1194.5827075195311,1364.964514115894,1300.8416267956845,66.67466017643258,64.12288732020943,-1966398.1966290646,113461851.0,54.358599936751254,75.70114740381659,51.65945426112535,1456.9549833450567,1170.3259858932245,47.11345893479088,879.537379549119
2022-08-22,1393.9326276345623,1412.4764980273767,1295.231252441543,1310.1361083984375,3129067,1199.1658422851563,1356.5293747747469,1301.530106914407,51.72370736893338,54.99926786033984,-4299897.023583975,110332784.0,18.113965915480417,49.35336867089695,48.936662162411935,1454.618014462923,1181.9897247948898,52.122872267008226,882.5146094556912
2022-08-23,1305.4503381901789,1350.9127655921977,1279.1299470515053,1342.737548828125,2092763,1203.8217553710938,1354.4075553983434,1304.5825100191269,55.86980438060174,49.82504537921659,-2683816.090648044,112425547.0,28.49005827872517,33.65420804365229,46.06014249388579,1455.2324890776024,1191.6491759614603,53.52715414369995,884.4196172780618
2022-08-24,1345.9277311813719,1349.8159911896466,1318.0620909092297,1340.8431396484375,633681,1208.9711743164062,1352.3207222060503,1307.268482584261,55.57114471439568,45.05223962178934,-2408259.635177872,111791866.0,25.84547278610009,24.149832326768564,43.38908851596866,1453.5965117097116,1204.4862641691948,51.97192172489402,885.0088336002309
2022-08-25,1353.1558995411813,1369.2572079321355,1333.9639665397683,1355.2994384765625,1144010,1214.7526831054688,1352.7789862476675,1310.8263311688759,57.44079731804186,41.95265507879162,-2169115.6777921068,112935876.0,31.899767860255896,28.745099641693727,41.27882642247972,1451.3425612395165,1219.491642862046,50.78058741542782,886.1076768943321
2022-08-26,1361.879502922937,1396.6243546270755,1358.938450188237,1386.4052734375,1047852,1220.6488427734375,1357.9522611999494,1316.424771336922,61.2221640080979,41.52748986302731,-1689544.3027158116,113983728.0,44.926885355580474,34.22404200064549,39.80650836892842,1453.274308780164,1231.1388015713985,50.10518232507676,887.1693528375393
2022-08-29,1347.9218437806853,1363.8735815769064,1326.387022096207,1356.5457763671875,575626,1226.2837963867187,1357.7358789179862,1319.3966976354602,56.071939100914506,38.33918128252594,-1338962.9725965671,113408102.0,32.42173392097846,36.416129045604954,37.64575862019821,1450.9811641462315,1243.5862308732999,50.813258683377924,887.713271384306
2022-08-30,1358.4400101162482,1412.576144871544,1358.4400101162482,1403.005126953125,1311053,1233.530869140625,1364.7003786156997,1325.589914621954,61.49900178356095,39.110463993745725,-491486.1703327603,114719155.0,51.878900706551974,43.07583999437031,36.47395720305867,1453.2986036676712,1255.091972504204,51.1859093848764,889.0607976109919
2022-09-01,1390.2935619651007,1411.7287083130745,1387.3525091702859,1409.7347412109375,738051,1240.8128369140625,1371.62874209189,1331.8228647396563,62.226960017817795,39.805877352233665,125820.04865533067,115457206.0,54.69726181934085,46.33263214895711,35.385855887143386,1458.1081523906983,1261.5483417499267,49.270930081870134,889.8336569419746
2022-09-02,1414.7195497921136,1417.2619063319817,1383.912736101044,1386.9036865234375,462018,1247.6092700195313,1373.9787335428973,1335.9029256125289,58.206060967794215,38.075807930368455,-253324.94894705806,114995188.0,45.1356206568469,50.57059439424659,34.46963671113909,1459.4904698076032,1268.3861415205217,48.13366152108925,890.3097809173569
2022-09-05,1385.8071124061325,1404.6999016965883,1380.4732748390886,1394.0322265625,633249,1255.135498046875,1377.063886315144,1340.208799756971,59.09481633038571,36.85508655817284,-177751.15901412466,115628437.0,48.121051807485074,49.31797809455762,33.521861947347126,1460.7703101807429,1276.029299194257,46.42601618797571,890.9571024504917
2022-09-06,1400.7618528832904,1409.3358868594532,1382.3176576673895,1385.7572021484375,342940,1262.3177661132813,1378.401319520266,1343.5827554896723,57.56451432257842,34.818564030593734,-433375.4895862356,115285497.0,44.65547322860926,45.97071523098041,32.730880733352414,1461.0462399927833,1283.0512819798728,45.039745688267715,891.306551373634
2022-09-07,1385.6575917477437,1419.7545028955726,1381.9189033566722,1408.9371337890625,887074,1269.3863818359375,1383.099137100081,1348.4238205488864,60.63932150915637,34.675316551194555,-53538.43044255761,116172571.0,54.36322398968745,49.046583008593934,32.20078414106718,1462.7813411493096,1291.016827796003,44.52516382045576,892.22811706658
2022-09-08,1423.5928693051849,1423.5928693051849,1399.8646115689774,1402.8057861328125,604853,1276.5237890625,1386.1309292589629,1352.452114295844,59.413015710456385,33.67881496311884,-508445.4648991377,115567718.0,60.68983336989089,53.2361768627292,31.785523728320804,1462.901622433195,1299.7098887972738,43.03967052872374,892.8609820003751
2022-09-09,1410.2332044353645,1417.7105809169943,1367.7118325027452,1375.189208984375,594999,1282.7270190429688,1384.447587678257,1354.1363435320313,54.10557604963359,30.31124414622559,-925478.7489443233,114972719.0,66.49405981431545,60.51570572463127,30.36026588408671,1459.0223720000338,1310.3785923554349,43.536747520546974,893.4556810031665
2022-09-12,1380.822153507488,1413.5232611305944,1380.822153507488,1396.0760498046875,733357,1288.5304614257811,1386.2365818515539,1357.242988441117,57.2183567181873,28.993593410436915,-974666.1632682133,115706076.0,80.95233083255971,69.37874133892201,29.036812171583627,1458.7017740914464,1316.6960408499597,43.165126422380716,894.201422827864
2022-09-13,1403.4537364769121,1465.5658621736834,1400.7619294925341,1455.9449462890625,934852,1296.231162109375,1396.9609456111707,1364.5542445780018,64.62467280061642,32.40670103316893,-317393.9978385281,116640928.0,93.47751192925642,80.3079675253772,28.927353367247154,1468.3553682172078,1314.7790434038861,45.04546113285323,895.2317138683916
2022-09-14,1439.5943742604625,1469.9026990665593,1423.6426371732634,1426.28466796875,786238,1303.3506201171874,1401.4722875123366,1369.1268685328719,59.16037510706702,32.34541897946474,-1013823.8599517604,115854690.0,69.60747981085024,81.34577419088879,28.907021424798433,1470.6562772451098,1314.536911231453,45.1322183300277,896.0939276504005
2022-09-15,1439.8934772544521,1447.0717100596682,1421.7484255122106,1430.8707275390625,552868,1309.671494140625,1405.9951244395252,1373.7004877185157,59.72739058942593,32.29463672100951,-1168368.4222847538,116407558.0,72.80299103800341,78.62932759270336,28.82077385661094,1462.4935924069518,1318.7615101321107,43.717294488415554,896.6911240373013
2022-09-16,1434.6593409992163,1458.9857641724225,1405.39789789118,1428.3782958984375,936253,1315.8996484375,1409.4386892793577,1377.7506957318433,59.245952874250236,31.687993547514452,-1301623.7264044846,115471305.0,71.06629460647706,71.15892181844357,28.15870177727682,1458.1420475567145,1320.8399226581294,44.42233533076033,897.6950816017952
2022-09-19,1429.0762150668181,1435.656282018987,1381.3206796786849,1417.51123046875,625902,1320.8805786132812,1410.6806186931103,1380.6959205271698,57.08539795420014,29.984698165940472,-1093754.2342349035,114845403.0,52.996407056746236,65.62189756707558,26.759266980523314,1460.3871308355476,1320.952700707421,45.13042583144188,898.3397705773683
2022-09-20,1422.6956027328617,1454.5990780569343,1422.6956027328617,1441.189697265625,551632,1326.3639892578126,1415.3743230888817,1385.1769410263146,60.46821869784473,30.197382062567158,-1005836.2007876415,115397035.0,71.90257528249437,65.32175898190589,25.931517906909445,1459.6889900458455,1334.756200383842,44.55595595692348,898.9375488381226
2022-09-21,1446.6231179695487,1494.0795101800265,1441.6382002646226,1457.5400390625,1496404,1331.50244140625,1421.8613563155923,1390.5371705104765,62.657184113797875,31.324185805115803,-1594727.5843833243,116893439.0,71.08479653251104,65.32792629058389,26.008176955085894,1465.446070437396,1340.479369015729,45.151231453886204,900.6269662285471
2022-09-22,1457.5400186382624,1488.4964058329042,1436.6532624281413,1482.2652587890625,878084,1337.072587890625,1431.1542643884338,1397.3318437162977,65.74606389906884,33.822420672136104,-927721.4689987089,117771523.0,90.6508914240433,77.8794210796829,25.910480360953635,1474.7654026207133,1345.302248746474,45.62922516466312,901.6218768076703
2022-09-23,1485.5054361370862,1487.3498312979123,1413.4234793806054,1429.325439453125,743035,1341.8122485351562,1430.8729067060785,1399.7017396968035,55.214882899666236,31.171167009274996,-1351094.7355020656,117028488.0,48.75741018817253,70.16436604824229,25.059087609771147,1473.823737035573,1353.6465144292708,47.65044850413767,902.4229457086843
2022-09-26,1415.7166682925958,1424.4901723825715,1348.9187691548466,1404.699951171875,877826,1345.8679760742189,1426.846298162355,1400.0719775838459,51.113502600008,26.774320578509105,-933029.1735119672,116150662.0,38.42718191094964,59.278494507721824,23.92679893601968,1473.5925179116084,1355.707201326673,49.99017863229058,903.2779352583767
2022-09-27,1415.118407627807,1439.046011685083,1385.8070683172266,1391.8388671875,599701,1350.1898974609376,1421.4605395508388,1399.462117554487,49.06370204264775,21.998421996351908,-1396841.8336811732,115550961.0,29.567290528785865,38.91729420930268,22.507792814422825,1470.1791151632272,1362.6499131570852,50.222233256259564,903.8756266033018
2022-09-28,1382.81621310751,1405.198445597734,1366.166636151077,1383.9627685546875,341570,1353.728193359375,1415.691651705277,1398.314017628576,47.799496920571755,17.377634076701042,-1426941.5210681432,115209391.0,24.141513161442244,30.71199520039259,21.629330689914042,1470.7947288532775,1360.130063627191,49.42291726985938,904.2015627665106
2022-09-29,1398.7679196796312,1404.8993928482962,1365.9671365669674,1393.43408203125,513074,1357.4987841796874,1412.2674102169651,1397.9525409176629,49.485119384281,14.314869299302245,-1216061.8166998774,115722465.0,30.666220468440343,28.125008052889488,20.818109051609728,1470.7677520580087,1358.5269745044911,48.6735843421072,904.6933640228581
2022-09-30,1393.4838924279725,1425.6865105427487,1368.2602810319354,1415.7166748046875,721128,1361.8406494140625,1412.798066307384,1399.2684026870722,53.305377332404866,13.529663620311794,-745325.5894964114,116443593.0,46.01650913193807,33.60808092060689,19.490766156953292,1470.7458805547162,1361.4301448359088,49.298773282729066,905.4044744187645
2022-10-03,1414.7195344640018,1420.7014352439764,1378.828129784154,1385.607666015625,487553,1365.4357690429688,1408.6149278009595,1398.256496266965,48.02071330452701,10.358431533994462,-1075003.151101232,115956040.0,25.27466903356071,33.985799544646376,18.25823346905803,1471.1220959833647,1360.211473352573,48.76838272395002,905.8762294184514
2022-10-04,1405.746831220188,1432.5657135462973,1397.4718189229473,1427.132080078125,669791,1369.6410424804687,1411.4637204589849,1400.395428401125,54.69204532986205,11.068292057859935,-612621.379021981,116625831.0,53.880484744639965,41.723887636712924,17.130495117961107,1471.6386520576277,1363.8324050712783,48.63907306728732,906.5545757850217
2022-10-06,1434.5595758361835,1450.4116377530709,1423.6924313961733,1443.033935546875,572255,1373.7017553710937,1416.3206766263527,1403.5538363378473,56.969688582677776,12.766840288505364,-356388.26377506077,117198086.0,64.83513774271994,47.99676384030687,16.566638900164186,1474.2713848061985,1364.609352498489,47.07336830225948,907.155271079654
2022-10-07,1450.6110815021595,1475.5356705314061,1435.706225943508,1446.3739013671875,633829,1378.0525927734375,1420.9442496634042,1406.7256930066874,57.45347562988748,14.218556656716828,-650695.479523526,117831915.0,67.13601179222148,61.95054475986046,16.660099691968743,1477.091287387553,1366.146261440572,46.55594517980511,907.8358581303414
2022-10-10,1425.6864885463967,1447.420778800879,1413.7226858453082,1427.5308837890625,532783,1382.0475073242187,1421.9575779904285,1408.2668182498262,53.77986938517697,13.690759740602289,-746850.0249242232,117299132.0,54.155217229553585,62.04212225483167,16.053910796984038,1475.4769830895964,1372.9947332189975,45.63752716378836,908.3825518969575
2022-10-11,1441.8874152636222,1455.2470187670704,1402.0080744784573,1418.7574462890625,670168,1385.41033203125,1421.4652500363723,1409.0439018082882,52.109184320782326,12.42134822808407,-995338.2505576041,116628964.0,48.11127074785428,56.46749992320978,15.142533356314042,1475.048052593137,1375.691803363894,46.18048552984727,909.0630371834042
2022-10-12,1415.7165328839712,1435.5066304997142,1393.7828964590083,1418.0096435546875,402168,1388.6704663085939,1420.9336182699592,1409.70803082654,51.96101631709458,11.225587443419272,-930471.2331993987,116226796.0,49.49996005391771,50.58881601044186,14.068916103980289,1471.1952080799488,1375.751117603645,45.86214613776575,909.4629825838252
2022-10-13,1418.6577972835232,1434.260615319676,1391.7891373317773,1397.422119140625,286921,1391.3234423828126,1417.316464557754,1408.79796329425,47.9211315241458,8.51850126350405,-1141283.708130556,115939875.0,35.037909292100345,44.21638003129078,13.132884503493434,1471.0526179295878,1373.0074528711937,45.61995555563238,909.7434621892868
2022-10-14,1427.6805654520658,1427.6805654520658,1369.705942731032,1375.4385986328125,441023,1392.890703125,1410.8737159539169,1406.3268992452547,43.988291867282875,4.546816708662163,-1495088.0947059747,115498852.0,20.94493641026308,35.160935252093715,12.917372344778883,1472.0884130284846,1366.4284448816718,46.502431781732476,910.159377260621
2022-10-17,1373.793385561594,1383.2149527978706,1349.9655769191331,1374.092529296875,418522,1394.2785034179688,1405.2150718528335,1403.9391681379673,43.75152157565127,1.2759037148662173,-1306220.6267133085,115080330.0,19.21393198307192,25.065592561811787,13.241714697902333,1472.6947868939005,1360.3934943560994,45.555784931518545,910.5355000134219
2022-10-18,1382.8162079369365,1431.668402737881,1369.1575817448577,1424.58984375,651226,1396.6742553710938,1408.195805990859,1405.4688478129326,53.79842877711449,2.7269581779264627,-802480.8245335639,115731556.0,59.42837556630859,33.195747986547865,12.538770341771793,1473.1577693326649,1360.6383732454601,46.76685893591174,911.1696842959383
2022-10-19,1425.6864553169864,1443.3330152089543,1412.8253433726595,1419.8541259765625,451427,1398.8157763671875,1409.9893936809672,1406.5344239732015,52.84513051619419,3.454969707765713,-1045895.737504541,115280129.0,55.65700163705109,44.7664363954772,12.189727439384527,1471.0067636449471,1360.6558218042715,45.60548842879625,911.6232278393317
2022-10-20,1410.7317457998565,1427.2816486539798,1400.7619101404935,1421.2000732421875,439690,1401.0011645507811,1411.7141136134626,1407.6207683634968,53.09949917751807,4.0933452499657506,-807867.4463069197,115719819.0,56.72887092288671,57.27141604208214,11.506295950296144,1465.869549873677,1362.1590389935104,44.24222057770269,912.0565511673062
2022-10-21,1421.2000621099892,1438.647274377211,1401.958230757301,1426.6834716796875,458912,1403.24138671875,1414.0170917774972,1409.0328204609923,54.18383116760593,4.9842713165048735,-648245.483976175,116178731.0,61.09567378156043,57.82718211383275,11.18653587311856,1453.17011833071,1369.3002918255402,43.70270793786036,912.5134098381236
2022-10-24,1441.9871148507411,1441.9871148507411,1417.7105900576132,1424.938720703125,70262,1405.594267578125,1415.6973423814397,1410.2110352937427,53.757942817161585,5.486307087697014,-676667.6473650705,116108469.0,59.70620999574068,59.17691823339595,10.983400624986924,1452.6145526370572,1369.4171856441928,42.31512342752233,912.5840776638805
2022-10-25,1425.6864753801806,1437.6502779707835,1415.417496142409,1429.62451171875,244221,1407.4646069335938,1417.8399838179491,1411.649070584484,54.78580526666822,6.190913233465153,-608768.3218157542,116352690.0,63.43782385444614,61.413235877249086,10.714799563777232,1454.5174670422732,1370.0067272936642,40.88067045615463,912.829250150768
2022-10-27,1429.6245499309255,1466.1142461692655,1428.6774642146922,1458.6866455078125,441597,1409.0667602539063,1424.1240856163897,1415.1333353936193,60.630795141896776,8.99075022277043,-342400.3878864273,116794287.0,86.58197621830327,69.90867002283004,11.26975721723012,1461.3041152038732,1369.9048569640954,40.63467842032738,913.2922698945745
2022-10-28,1466.0642807167974,1473.5416571910414,1440.6412007043673,1454.549072265625,325536,1410.0438037109375,1428.804852793195,1418.0530196063603,59.45242583245302,10.751833186834801,-392711.4603296076,116468751.0,84.6308566482879,78.21688557367911,11.977127154376959,1465.4126121867403,1372.8549903523221,40.082233996495006,913.6363104171382
2022-10-31,1455.5959326514471,1538.3455644391665,1455.5959326514471,1523.2911376953125,2085522,1411.1045947265625,1443.3412043165977,1425.8484357610973,69.91430631046738,17.492768555500334,933983.2798165211,118554273.0,92.0084787444563,87.7404372036825,13.96612744992702,1488.9571745253381,1362.2961335801308,43.20468100914119,916.0302081277359
2022-11-01,1540.289716309032,1561.2762691181829,1518.1567297571603,1552.851806640625,999663,1413.1394384765624,1460.1889892895251,1435.2560928632845,73.1254678528174,24.93289642624063,1543028.7751538637,119553936.0,96.01323416724118,90.88418985332846,16.168540770784006,1516.3899105831977,1348.5769107058647,43.19859946284701,917.2450147496766
2022-11-02,1560.2793354046264,1560.2793354046264,1512.5736944420998,1525.6341552734375,535001,1415.7734692382812,1470.2574763639732,1441.9507641529253,66.1270139119368,28.306712211047852,1300964.185366448,119018935.0,83.13283938743083,90.38485076637612,17.994115842073256,1529.7076352664162,1349.2618349484273,43.520530998538405,917.8815782766583
2022-11-03,1506.4420816451745,1547.019261768415,1499.3136252175543,1540.8380126953125,504000,1420.3875073242189,1481.1160204149485,1449.2757455264357,67.97102816409438,31.840274888512795,1674356.996862748,119522935.0,90.32786452489682,89.82464602652294,19.168021011089365,1545.3441854920493,1344.9958779845133,43.81946710941856,918.4763815203729
2022-11-04,1545.1252049891993,1545.5239010605599,1491.0388456333285,1501.457275390625,591976,1423.5619018554687,1484.2454442573603,1453.141044034894,59.01012001826439,31.10440022246621,1308771.8971066666,118930959.0,71.6914496351137,81.71738451581378,19.936912506610152,1551.2098992270637,1344.9724982338737,44.581294846405186,919.1548275490333
2022-11-07,1513.121928548948,1518.904481985623,1482.016089577702,1503.3515625,501244,1426.8120703125,1487.1848470639202,1456.860341698976,59.288152567021434,30.324505364944116,1387345.9423716571,119432203.0,69.84951989307342,77.28961135102799,20.30014105483583,1556.822816886682,1345.057346687537,44.031801815084904,919.7172130702626
2022-11-09,1502.4043587138217,1504.3485497180388,1490.6400254792277,1497.2200927734375,328444,1429.6504833984375,1488.7287310192305,1459.849952889677,57.918717641432494,28.87877812955344,1374207.0160222214,119103759.0,60.09317997921369,67.21138316913361,20.637424706759674,1561.5756388563543,1347.2734456163018,41.865853416779636,920.0825884461158
2022-11-10,1490.490538160852,1494.7776164832267,1455.1475168899865,1466.4632568359375,584753,1431.2516430664064,1485.3032734525702,1460.3398272560667,51.49350260926817,24.963446196503583,1123387.7153331037,118519006.0,40.93175658171251,56.958152151333216,19.637377228385265,1562.7964208135509,1350.823244713793,41.88061930725616,920.7035232371519
2022-11-11,1467.6593080230416,1545.0251991716575,1390.7919085979372,1414.7694091796875,2812289,1432.4161157226563,1474.4519097182806,1456.9642407318904,42.88287992541398,17.48766898639019,-814490.0485100821,115706717.0,14.064340276481179,38.3630922791358,19.459940662567647,1562.8807743210134,1350.4148677688302,49.9058101120036,923.5524017498801
2022-11-14,1429.2257541189924,1437.2513983233523,1396.8237901646553,1422.745361328125,1122597,1432.8109204101563,1466.4970561197952,1454.4295089242041,44.426976693086424,12.067547195591033,-497502.59873661405,116829314.0,18.742747213104746,24.579614690432816,19.29517813716557,1561.8724666829146,1353.955499625679,49.22879568676741,924.6140777907513
2022-11-15,1419.8042665368005,1420.7015760831666,1401.808786261004,1411.8782958984375,710092,1432.8537915039062,1458.0941699318942,1451.2775672185917,42.73195447657421,6.816602713302473,-450662.63635627093,116119222.0,12.368517109812077,15.058534866466005,19.142184363577933,1559.0209460959982,1360.4509899391583,47.20792278536411,925.2731655423032
2022-11-16,1411.87825397911,1420.7015339018717,1382.9158336773264,1390.6424560546875,467953,1432.9285668945313,1447.7169831815545,1446.7860775027468,39.555941937727276,0.9309056788076759,-727236.5643863662,115651269.0,4.33202708788138,11.814430470266073,19.44758021134559,1557.220542891742,1363.9063858191955,46.534906888162766,925.6946089634024
2022-11-17,1391.7890986408916,1406.594280686444,1374.8403775256372,1392.4869384765625,944775,1432.8976611328126,1439.2200532269403,1442.7639190563627,39.97325693652166,-3.5438658294224297,-621934.0644342763,116596044.0,9.46521659546742,8.721920264386963,19.91515506900959,1558.960055402485,1358.9565827811089,45.47912090763735,926.5310194745911
2022-11-18,1399.4656632740155,1399.4656632740155,1367.7616616068258,1378.8780517578125,591196,1432.760078125,1429.936668385536,1438.0316325898034,37.894429160859076,-8.094964204267399,-798547.3590274672,116004848.0,5.744470814863065,6.513904832737293,20.51201348719457,1561.6009626818989,1352.21806807982,44.49518381903395,927.0424683749781
2022-11-21,1374.7903550379508,1378.6288388924725,1354.6014390690575,1374.4913330078125,457376,1432.071162109375,1421.4066167889632,1433.3249437318782,37.222449998132774,-11.918326942914973,-498691.18267963565,115547472.0,9.623762087539777,8.277816499290092,21.363603989780756,1564.3101279581786,1344.8380287801026,43.05100016687117,927.4262565479974
2022-11-22,1375.8372338069266,1408.6380153881037,1375.8372338069266,1403.90234375,770340,1432.0930932617186,1418.713651706046,1431.1454918813688,44.347966018990434,-12.431840175322804,49210.3805612686,116317812.0,23.969957666480006,13.112730189627621,20.974303968935903,1564.766771851438,1342.1032720938742,42.414977467829736,928.1103950478874
2022-11-23,1403.9023595420394,1417.6606590136187,1395.7769195627386,1406.0458984375,1390277,1432.7102270507812,1416.7647665878083,1429.2862627373786,44.83938324178378,-12.52149614957034,-36287.31742666167,117708089.0,26.735807861635415,20.109842538551735,20.29136685966756,1565.086682363542,1339.8940793552079,40.948460466619046,929.3673001759649
2022-11-24,1409.7347146306927,1429.6743852761056,1404.7497969693393,1425.1380615234375,602103,1433.2914672851562,1418.0529658086743,1428.9789885733828,49.14658033465492,-10.926022764708478,346647.8386084913,118310192.0,36.94516701629348,29.216977514802974,19.237540312343096,1565.0613867562572,1339.4707299429617,39.80389816948671,929.9247793291895
2022-11-25,1425.6864388356075,1443.6321422615101,1419.903885717536,1428.0792236328125,541513,1432.7341528320312,1419.5954670123879,1428.9123393185257,49.79692629914322,-9.316872306137839,178280.81773348385,118851705.0,38.586458183666416,34.0891443538651,17.934482290806233,1563.9707250068022,1337.5006495049165,38.65563805337867,930.435988203423
2022-11-28,1416.7136834358864,1440.5416156117162,1415.8662717235823,1434.8089599609375,290527,1432.904638671875,1421.9360043890879,1429.3491260327785,51.330637928995095,-7.413121643690602,333815.4742991375,119142232.0,42.12054254609,39.217389248683304,16.718867611538016,1563.1775174873278,1336.319845793922,37.65704561300405,930.7097539276274
2022-11-29,1434.6592486645116,1458.088360786552,1429.7242290472996,1452.5550537109375,476040,1433.3383251953126,1426.6466273616802,1431.068083638568,55.21595220306115,-4.421456276887739,624122.6251860263,119618272.0,51.43980698054841,44.048935903434945,16.045538525358474,1554.5444276841288,1337.8793271986835,36.99326605059321,931.1723686986478
2022-11-30,1452.5550847255524,1475.3362554242199,1431.0202651237776,1467.2108154296875,960009,1434.1149755859376,1432.887271679835,1433.7453230305027,58.184845012783235,-0.8580513506676652,1232091.8548535928,120578281.0,59.136200387995835,50.898849971544756,15.945265286228187,1539.276496173823,1344.5831595878958,37.516317782725295,932.122754712719
2022-12-01,1469.105161335121,1474.5386730112216,1451.2092335602804,1459.68359375,392526,1434.9584228515625,1437.0097827675527,1435.666676417132,56.12681105984269,1.3431063504206122,1124734.0188658389,120185755.0,87.03550297523553,65.8705034479266,15.852154421321492,1528.6024916336826,1348.6621079756926,36.502969330455,932.5132745858417
2022-12-02,1459.5838794373813,1472.9434830021578,1455.9947630906581,1464.2696533203125,286105,1435.4200219726563,1441.203609006439,1437.7854154469974,57.12191333670111,3.4181935594415336,1117999.6712239478,120471860.0,90.83395955036445,79.00188763786527,15.76569433247956,1512.7670879701977,1356.8406757016774,35.10623722910105,932.7989469420327
2022-12-05,1458.2380090002043,1476.5326327427222,1444.3300155017298,1471.09912109375,462047,1435.6912036132812,1445.8029185583327,1440.253097346757,58.62685245551431,5.549821211575818,1424125.322466192,120933907.0,95.54378868502316,91.13775040354103,15.171487323098718,1507.0693004184027,1359.5026478237846,34.898835801379,933.2592878789841
2022-12-06,1465.5656849536254,1483.5113872183636,1456.1442399454706,1471.29833984375,501781,1435.471865234375,1449.7252910637817,1442.5527449391268,58.67241957203462,7.1725461246549,1478049.9884776652,121435688.0,90.52590777519501,92.3012186701942,14.876655756930118,1500.537185815151,1362.8294401614114,34.36085804934428,933.7642657646794
2022-12-07,1471.5977068561103,1478.6263682883816,1450.6111531757174,1458.98583984375,233857,1436.0650732421875,1451.1499908760843,1443.770011228358,54.665187079073775,7.379979647726259,1384008.377526081,121201831.0,80.9746666361175,89.01478769877856,14.348131392051389,1493.145955690825,1366.3972449927685,33.90759783958142,933.9959695673394
2022-12-08,1461.5778543804372,1462.0264482879168,1440.441852233944,1453.70166015625,325774,1437.045107421875,1451.5425553807252,1444.5056889267203,52.992401931332076,7.036866454004894,1458492.103478404,120876057.0,76.87554181032844,82.79203874054699,13.3984968433291,1491.2620514231226,1367.0049895925026,33.02738342632366,934.3118903906337
2022-12-09,1463.5718865204904,1463.5718865204904,1428.5777874161759,1453.60205078125,381953,1438.28037109375,1451.8594008269597,1445.1794935085372,52.95950309415624,6.679907318422465,1622807.915062225,120494104.0,72.22236210873551,76.69085685172716,12.870420378437304,1493.711810138052,1368.4384950377294,33.16786311760872,934.6793195495093
2022-12-12,1450.611001662861,1452.1064769223074,1435.7559230786107,1445.177490234375,266399,1439.5046655273438,1450.8314145819468,1445.1793451178587,50.12514752739846,5.652069464088072,1663419.441154715,120227705.0,56.30691333939969,68.46827241948789,12.380063661037779,1494.9997602824774,1369.3937577839288,32.0734534451109,934.9331675850965
2022-12-13,1444.629038933284,1455.4961830282712,1435.755861765741,1439.1456298828125,392861,1440.418896484375,1449.0336015513108,1444.732403248596,48.13862797782013,4.301198302714738,1405481.0368440363,119834844.0,43.67082077027936,57.400032072804855,11.7534419058655,1495.720171286422,1371.4000801784218,31.19251543206942,935.3064120591981
2022-12-14,1439.8435892004154,1456.1443675476587,1437.2514563198874,1446.9720458984375,247467,1441.04400390625,1448.7164391431763,1444.89830270414,50.85988571013817,3.8181364390363797,1412662.4721470184,120082311.0,45.98376977751631,48.65383462906512,11.137262692666923,1495.5351353174901,1377.2180751317287,30.31397227461955,935.5427770852552
2022-12-15,1444.8783666031607,1455.54604158812,1423.792140811194,1431.6683349609375,383487,1441.9652172851563,1446.0936538843705,1443.9183050935324,45.79927652146994,2.175348790838143,1219414.6548616954,119698824.0,23.360242822816,37.671611123537225,11.21518434324068,1494.0452151364098,1382.6261349612464,30.416824310498583,935.901624933262
2022-12-16,1422.9448276339142,1428.1290936167263,1396.7740084183667,1403.0550537109375,505066,1441.4836767578124,1439.4723307807653,1440.8913975837106,38.15502812332322,-1.4190668029452809,916698.1239617512,119193758.0,7.241451585773518,25.52848806203528,12.345913521199334,1490.921662449469,1388.1673878434997,30.736645898503735,936.347391493733
2022-12-19,1390.7920633166177,1419.9538323861595,1383.8131784110863,1413.7725830078125,467614,1440.8984497070312,1435.5185234310802,1438.8825965040144,42.05619798615937,-3.3640730729341612,1224357.1464563662,119661372.0,30.05009313120118,20.217262513263574,13.813884306190166,1485.219399927518,1397.7977753654507,31.12264647540156,936.7563306267643
2022-12-20,1413.7725075091141,1417.0127038993626,1391.6394006837022,1408.1395263671875,270778,1440.1337622070312,1431.3063700366351,1436.6053320494345,40.60636266659239,-5.298962012799393,1305750.1660786923,119390594.0,24.399984961741445,20.563843226238717,15.177000035110224,1484.735659286808,1398.7052342678796,30.71197909970576,936.9926809627942
2022-12-21,1406.743887483764,1415.866311945004,1351.8101143753147,1362.2784423828125,585477,1438.8287133789063,1420.686688859124,1431.0996365185736,31.181574649964645,-10.412947659449628,911635.2983744107,118805117.0,7.948539738088277,20.799539277010304,17.508378731634934,1492.8126927560493,1386.2514551931695,33.093708990418875,937.4713882085765
2022-12-22,1363.8734774534764,1375.8372798872788,1314.2236486723596,1328.4306640625,879064,1437.022177734375,1406.493454275028,1423.4945274477532,26.32512888017456,-17.001073172725228,437964.57030655874,117926053.0,8.39222941493762,13.58025137158912,20.360209448699813,1506.6172732629589,1362.7761349401662,35.1308462921689,938.127547490305
2022-12-23,1311.0334305758374,1330.973102523759,1274.0951396114733,1280.5257568359375,1182635,1434.2725,1387.1138085151679,1412.9042481431743,21.27479206046607,-25.790439628006425,-477253.22233028896,116743418.0,3.070734624438283,6.470501259154731,23.539967072480465,1525.806725421846,1328.8313361015914,36.684211765034384,938.9098719798385
2022-12-26,1286.0589807635074,1360.8826506388123,1277.634517797537,1353.4052734375,835478,1433.3921630859375,1381.9278800416805,1408.4969166834949,40.10155151620106,-26.569036641814364,208138.90940623567,117578896.0,38.77654006142527,16.74650136693373,25.04313143695133,1526.7620788947122,1319.7356139763817,40.010206127623015,939.5152595424483
2022-12-27,1354.6014618333802,1359.137785536546,1323.944218550601,1342.7872314453125,868094,1432.7391357421875,1375.9062417960854,1403.6295325917777,38.65128013066848,-27.723290795692265,269618.56940803496,116710802.0,36.25357356743292,26.033616084432165,26.438926918245706,1526.0080561570621,1309.5128544874692,39.66616047464602,940.160442562729
2022-12-28,1340.9428217915813,1352.408132163777,1330.5741689406561,1342.338623046875,565769,1432.1040576171874,1370.7419927577453,1399.0894652180812,38.58778424449142,-28.347472460335894,313538.5541520466,116145033.0,36.016811850886825,37.01564182658168,27.735022722304766,1522.0167795311104,1301.0169118751396,38.39243209953708,940.5796291529417
2022-12-29,1337.0048296897157,1345.9277837231916,1304.3536186401345,1344.531982421875,572355,1430.502900390625,1366.7096834753036,1395.0481701961398,39.114435498091254,-28.338486720836272,847461.3281665558,116717388.0,38.6910966934132,36.98716070391099,29.408611594101615,1517.6119526250118,1293.9065776484258,38.619698741217086,940.9920795663318
2022-12-30,1351.2616157982632,1357.044169007675,1336.057616822268,1347.273681640625,310890,1429.0512915039062,1363.7195293468915,1391.5093191920275,39.80928785242425,-27.789789845136056,868875.7829977458,117028278.0,40.197117482312706,38.30167534220425,30.40732008248882,1511.1459835548305,1288.6729495506381,37.36018827294493,941.2244450895028
2023-01-02,1353.9037282127256,1354.3025459929727,1327.9821546239696,1338.1015625,195562,1427.3893212890625,1359.7783036781389,1387.5531890666923,38.23712340338953,-27.774885388553457,823689.3313934928,116832716.0,35.15885434623385,38.01568950731993,31.491097393708767,1502.562512768667,1283.956664477427,36.57163135123481,941.3680766787616
2023-01-03,1337.9518361326125,1345.9277040082168,1326.037932174263,1343.3355712890625,233893,1425.72236328125,1357.2486525413578,1384.277809972053,39.70056781014905,-27.02915743069525,996618.1631624454,117066609.0,38.15932074369112,37.83843085741256,32.53605857468214,1492.0463192989848,1281.6765810916402,35.380069957143306,941.538995282397
2023-01-04,1341.989736820792,1349.467113338046,1296.1284941816346,1303.456298828125,589604,1423.29271484375,1348.972905816245,1378.2910313687992,33.238299654222246,-29.318125552554193,569016.9671015505,116477005.0,19.061485116229882,30.793220068718288,34.05003285248729,1484.7867264202268,1273.3832198688356,36.66282347137673,941.9452629650116
2023-01-05,1308.0424551745211,1308.0424551745211,1268.462255783387,1276.039306640625,617568,1420.2210107421874,1337.752352096919,1370.7168295370827,29.663380940901618,-32.96447744016382,187897.70742047374,115859437.0,5.001631791783263,20.74081255056809,35.86355620399187,1479.139330232555,1261.2643807049449,36.87120746564512,942.3333745162672
2023-01-06,1277.136019470222,1285.6602781170818,1232.2717564911743,1244.3851318359375,1046858,1415.93498046875,1323.3881643644602,1361.3589260036647,26.164453674280452,-37.97076163920451,-383914.9644648593,114812579.0,6.556952053514421,10.206689653842526,37.9764789169014,1474.651876238655,1244.8301428043137,38.05101561994958,942.9315619680903
2023-01-09,1250.0180170905714,1251.2143486634363,1209.6899596841076,1216.0706787109375,852556,1411.1654125976563,1306.8777819562258,1350.5968336116107,23.494838872445882,-43.719051655384874,-974460.1113565322,113960023.0,3.09478703879467,4.884456961364123,40.161817581679784,1472.172562209081,1224.3987756815438,38.299113717048094,943.3726483938599
2023-01-10,1221.3047656652077,1231.4241723497078,1198.324247720224,1219.9588623046875,588497,1405.0987670898437,1293.5056404713737,1340.919946848135,24.632064966082353,-47.41430637676126,-793655.9167687928,114548520.0,12.187620435722948,7.279786509344018,42.2960156323594,1465.8175026053368,1208.8351585274759,37.92774306793634,943.6665390007233
2023-01-11,1226.389479457402,1231.274723347947,1201.3652158981993,1207.0479736328125,680945,1398.1826904296875,1280.2044609577488,1331.0035043877408,23.388815269686447,-50.799043429992025,-1215844.033386626,113867575.0,5.366517975055025,6.882975149857553,44.27777096513332,1455.4239360538716,1195.2363178523785,37.35501195235144,944.0016572653545
2023-01-12,1211.335094462943,1238.752143926096,1200.866766486103,1205.8516845703125,566434,1391.787041015625,1268.7655722827585,1321.7329992160794,23.27160959419119,-52.967426933320894,-1633216.45443926,113301141.0,4.6306045796096225,7.394914330129203,45.699631272179985,1444.4537273495366,1183.624861517651,37.392895201468704,944.2817775368384
2023-01-13,1210.3380725792756,1214.6749268350009,1182.5222062084097,1201.7640380859375,819106,1385.0055615234376,1258.457643944786,1312.8464095027355,22.85024964950398,-54.388765557949455,-1471932.6376696369,112482035.0,10.894753424769045,6.963958659811236,47.233319242465164,1436.4101208772956,1171.5393664273918,37.01859701754888,944.6627049839288
2023-01-16,1203.3092054903673,1212.7805488887072,1188.4043506127625,1193.7880859375,372068,1378.852177734375,1248.5084811744343,1304.027274423829,22.012730703470353,-55.518793249394776,-1679650.5111955537,112109967.0,6.455279065390934,7.326879023256538,48.65745807201569,1423.6365464752173,1162.3144911224388,36.115568536005725,944.8344609758653
2023-01-17,1196.330411893907,1196.330411893907,1177.288049637404,1189.5010986328125,528204,1372.5751684570312,1239.4304223218771,1295.5438539948648,21.555416746741784,-56.113431672987645,-1530314.4828445287,111581763.0,6.794232673799281,8.048088387986423,50.10971898042765,1408.8628306952596,1155.2243641289592,34.89605380175554,945.0676976203758
2023-01-18,1194.3863307610188,1228.5330184309394,1187.3077716720531,1219.111572265625,802598,1367.012998046875,1236.304445390146,1289.8822034964026,32.05507992484725,-53.577758106256624,-1094561.2900382685,112384361.0,23.266814378692057,12.172108705960762,49.68019715987551,1398.9123166459901,1150.8581911665099,35.34813901297916,945.4561295774794
2023-01-19,1219.2608471255442,1219.2608471255442,1188.4042583925755,1194.685302734375,334432,1361.5774389648439,1229.9015003661812,1282.8305812177339,28.648554774733782,-52.929080851552726,-1292841.997392472,112049929.0,9.8281516232576,13.296399558582985,49.281355469362815,1394.359859315603,1142.0361123640846,35.027313992978414,945.6110561202328
2023-01-20,1200.9664260144543,1203.857702808825,1173.449702862101,1178.7337646484375,373948,1356.8567260742188,1222.0295410249896,1275.1197059163046,26.656300724765558,-53.090164891315,-1536826.544331507,111675981.0,3.0020108647482853,12.03232562223265,49.20451080944664,1394.9551791732968,1131.2615932876408,34.697362989674524,945.7735999907765
2023-01-23,1184.665548081964,1185.7124293531474,1157.5974239052975,1173.69873046875,485408,1351.8757934570312,1214.594031708645,1267.6070410683376,26.040727592559875,-53.01300935969266,-1466253.6443206875,111190573.0,8.391792685470557,7.073985057825486,49.41955568999696,1384.6172893540283,1123.628828810034,34.22719459382991,945.9728228689603
2023-01-24,1173.4496221833754,1204.9045014333585,1173.3997243257254,1199.1219482421875,1173927,1347.6206665039062,1212.2137111753439,1262.5340712293635,34.291829146004744,-50.3203600540196,-723264.1682942897,112364500.0,27.601127127011065,12.998310225743305,48.62245322630052,1372.8568483533018,1121.0227414904484,34.032736201958706,946.4959220287463
2023-01-25,1202.212578455305,1215.7715302711429,1181.525169981605,1208.4437255859375,765489,1343.9766918945313,1211.6337133923585,1258.52737895948,37.064313887122246,-46.893665567121616,-285363.49203138426,113129989.0,39.704176510506905,25.23236544099618,47.35942056579618,1359.207347011062,1121.282753086594,34.04799506535723,946.8488699540638
2023-01-27,1208.3440960954729,1208.3440960954729,1151.5160321701908,1172.7518310546875,1368360,1339.5819897460938,1205.651885340409,1252.1736346702362,31.571438828090365,-46.52174932982712,-631052.0950330329,111761629.0,21.3000576453419,29.53512042761996,46.857638371473406,1343.8739464164069,1119.4381385445308,35.68225923324219,947.4172982845695
2023-01-30,1176.3408348248438,1186.4103436532484,1157.796966398916,1176.7894287109375,932999,1335.5402172851564,1201.2115073974135,1246.5896194139918,32.784962693207675,-45.37811201657837,-325473.1958113893,112694628.0,28.971255174077463,29.991829776642096,46.3916977624594,1324.2792001562952,1121.9844595116733,35.17733909189149,947.7967765638492
2023-01-31,1176.7894960056713,1200.7669988012397,1165.6731052045768,1192.990478515625,965496,1331.9102001953124,1199.9467337232923,1242.6193126807796,37.569219450249015,-42.6725789574873,212130.7431951975,113660124.0,47.54274979779422,32.6046875390712,45.25556122250807,1302.814820493578,1128.937730775953,35.171378699375154,948.2103322266139
2023-02-01,1200.3681074443616,1261.1840995989348,1188.5538775711443,1212.3319091796875,1724393,1328.0787915039064,1201.8521453319684,1240.3758013103284,42.80339636084331,-38.52365597836001,-383182.099405263,115384517.0,55.45449868441545,43.98950121876239,42.09455098588823,1273.6691503077602,1144.9830347508334,37.847010365690544,949.0509444735583
2023-02-02,1211.4345455674263,1220.9557860370985,1193.0900260527003,1206.9481201171875,590000,1324.0968359375,1202.6361414527714,1237.8996767775031,41.75401817387806,-35.26353532473172,-386348.97498121904,114794517.0,50.54533124057581,51.18085990759516,39.159327194741245,1252.2073141778537,1156.7940530096462,37.13406390988395,949.3229325045781
2023-02-03,1213.3289622220718,1234.6644342137247,1205.4029917988285,1231.9227294921875,304320,1320.232529296875,1207.1417703819125,1237.4569399415539,48.10935043416223,-30.31516955964139,-139056.62037394577,115098837.0,73.31824040233072,59.77269010910734,36.85598183315358,1239.4875782270567,1165.1021312455994,36.571733803099114,949.4722390395611
2023-02-06,1237.2565490113655,1244.8335994271815,1210.2383199446858,1226.389404296875,365009,1316.1987329101562,1210.1029448303682,1236.6371224863924,46.88864152446423,-26.534177656024212,-163250.84815676624,114733828.0,68.27271956381705,64.0454304022412,35.01987999539276,1235.18636009263,1167.6037766261202,36.430558494484586,949.6531640571997
2023-02-07,1228.3833899052265,1244.9831901138293,1202.4120418234063,1209.4906005859375,499648,1311.6923657226562,1210.0087380235327,1234.6262690122846,43.277079968724216,-24.617530988751923,-496739.9414506091,114234180.0,52.863672876715206,64.818210947621,33.02624051224343,1234.4044993787286,1167.7276295275212,36.86917205133733,949.8931443304049
2023-02-08,1208.4437047882307,1236.259569441073,1206.3500637287889,1232.321533203125,336510,1307.2876953125,1213.44147574347,1234.4555478412358,48.993276737009936,-21.014072097765848,-248843.14604045247,114570690.0,73.68188655775934,64.93942633276387,31.175003849319058,1236.8113412094685,1166.557054786625,36.372053027119236,950.0581365554553
2023-02-09,1286.1087052532807,1342.6875184495007,1260.237032305183,1337.8521728515625,4103779,1304.7005224609375,1232.5815829908688,1242.11455710126,66.03255179961556,-9.532974110391251,3373599.9479994923,118674469.0,97.47067635867333,74.67207859771597,31.87424527282088,1277.2563444970299,1139.1924714209388,41.65733389992327,952.697896023556
2023-02-10,1337.8522077986418,1348.5198827656209,1316.6164101740246,1324.791748046875,820161,1302.002685546875,1246.7677622302542,1248.238793467602,63.21788452507535,-1.4710312373476881,2973775.2148986035,117854308.0,87.95549698798817,86.36935330147362,32.61233251021809,1299.8475680667698,1128.495254198855,40.96062952075705,953.2446175329843
2023-02-13,1330.9730852914074,1330.9730852914074,1298.1225248633687,1302.5091552734375,338292,1298.7674755859375,1255.3433611599748,1252.2588202680342,58.62637854250873,3.0845408919406054,2725829.4345884454,117516016.0,76.64475727092683,87.35697687252946,32.61631424464998,1312.8507029983903,1125.5666309859848,40.38133887127718,953.4580492115239
2023-02-14,1303.4063021620877,1321.0030845724696,1292.9878736853493,1316.6163330078125,316603,1295.6778198242187,1264.7699722134882,1257.0260434339439,60.57850258580503,7.743928779544376,2943282.1043466954,117832619.0,83.8056212295434,82.8019584961528,32.43368292356225,1327.263633969679,1123.4365247217272,39.49804401526597,953.6573804469335
2023-02-15,1314.5726500256064,1347.9216996080017,1307.2946217536924,1343.3853759765625,821781,1293.119560546875,1276.8646497154998,1263.4230310296932,64.04521605216098,13.441618685806588,3581546.850308634,118654400.0,97.39370231924924,85.94802693990651,32.76326845061821,1345.6453823482739,1120.4432040775073,39.57868928948336,954.2065538500285
2023-02-16,1345.9276999135361,1366.8643530233023,1334.3128180146061,1358.9881591796875,584385,1291.1196069335938,1289.4990357869133,1270.5019294111742,65.9260942039038,18.997106375739122,3883135.3838396193,119238785.0,96.23270086703417,92.47734147194228,33.38583438738599,1365.0057104009659,1115.0705347162218,39.07674969799856,954.6172273227089
2023-02-17,1355.8977126787959,1374.7407272910023,1346.0774484384174,1356.5457763671875,535675,1289.1764892578126,1299.8139189531094,1276.8755477042123,65.34979956100531,22.938371248897056,3738736.036013532,118703110.0,91.29709768435916,94.97450029021421,34.091662401968485,1381.0158365092407,1115.246455971228,38.33293035189758,954.9983297320646
2023-02-20,1355.9475940624106,1359.7859565825613,1329.278282758446,1339.79638671875,390430,1286.9003759765626,1305.965067840131,1281.5363505941782,61.38673022016851,24.42871724595284,3617522.45368582,118312680.0,81.23157428957495,89.58712428032277,34.07592374142706,1390.780834408355,1121.5877202791448,37.773983457055984,955.2645517969048
2023-02-21,1338.9488421291742,1353.3552050408682,1325.639136728397,1334.0635986328125,575418,1284.6780981445313,1310.2879187313129,1285.4272578562993,60.04454468834326,24.860660875013536,3391907.821570702,117737262.0,77.60695203437355,83.37854133610256,33.91720995465742,1397.286437558111,1131.1186039457955,37.055560946728505,955.6509240541044
2023-02-22,1324.9413067361218,1348.3704213396047,1319.5077947961538,1339.79638671875,556036,1282.69111328125,1314.8276830370723,1289.4546007349995,60.96370512984655,25.373082302072817,3617587.753160612,118293298.0,79.72227288948766,79.52026640447873,33.51916838371449,1404.6874557342728,1137.7850296172899,36.47035134649439,956.0217907939833
2023-02-23,1340.9428535007307,1340.9428535007307,1310.8837756041437,1324.1934814453125,347591,1280.2355419921876,1316.2685750998785,1292.0278511579857,57.11271576038083,24.24072394189284,3577812.8464522157,117945707.0,70.66811848037078,75.99911446807734,32.79429417498086,1409.1129427235396,1144.9345182139605,36.01240324292958,956.2468314842096
2023-02-24,1327.982105019268,1337.9020427835812,1295.3807912120203,1301.6119384765625,409365,1277.6344140625,1314.0137079270605,1292.7377835519542,51.993720943611486,21.275924375106342,3288426.1399253714,117536342.0,57.56435522268833,69.31824886418227,31.506219161927955,1406.8681171707146,1160.0653545089729,36.47732098068896,956.5016844659889
2023-02-27,1302.3098191425308,1303.3567005966524,1268.1631310616647,1284.9622802734375,419611,1275.27255859375,1309.5442575188108,1292.161820346138,48.5392515747078,17.38243717267278,3269405.809927931,117116731.0,46.68442708262425,58.305633595227796,29.354637164804437,1402.1684718331942,1175.5822850027432,36.38562444885316,956.7433383395552
2023-02-28,1284.962231025914,1303.7055705481118,1269.1600660133774,1274.2945556640625,907835,1272.482998046875,1304.121226464234,1290.838319258577,46.41156423329858,13.282907205657011,2631433.3853807175,116208896.0,12.276916793489034,38.841899699600546,27.36805545040738,1397.6924737072934,1188.1886908434878,36.25418731213039,957.2600171719879
2023-03-01,1282.6193303231162,1305.9487696107255,1276.3881831684178,1287.604248046875,467538,1270.0722924804688,1301.5801528615634,1290.5987584280806,49.39222715425301,10.98139443348282,2518687.841976836,116676434.0,18.241279286667545,25.73420772092695,25.600742621015293,1394.7982518698946,1198.6101465676056,35.925617786025576,957.5316692748021
2023-03-02,1287.6041429047787,1302.8580385747275,1272.9485346745005,1281.0738525390625,299267,1268.4482006835938,1298.4253374273324,1289.893209843709,47.98204035009932,8.532127583623378,2382020.630290638,116377167.0,12.113916933926774,14.210704338027794,23.828870932070533,1389.881865195384,1210.9391064843032,35.495895365611396,957.7030446700098
2023-03-03,1286.108787855571,1308.8898377806559,1272.5498358279,1300.9638671875,568928,1267.8988647460938,1298.8158804673583,1290.7132585358415,52.43628537253912,8.102621931516751,2702775.4681931045,116946095.0,30.776389491139863,20.377195237244734,22.414553460173842,1387.6444478659728,1220.0806375832458,35.556188693264566,958.0367880996147
2023-03-06,1302.6587590807483,1329.5773165217183,1302.6587590807483,1321.402099609375,566960,1268.7163916015625,1302.290683412284,1292.9865060227698,56.55319686140021,9.304177389514052,2925361.81512597,117513055.0,49.95324573951618,30.94785072152761,21.837932559342534,1384.7068255956133,1232.5195293848556,35.06027873904698,958.3921694902602
2023-03-08,1315.071131933776,1343.9337555247828,1309.0892309447934,1338.500244140625,521534,1268.418291015625,1307.8613850627978,1296.3578940314999,59.69611460032719,11.503491031297926,3284244.095213986,118034589.0,65.99615263193434,48.90859595419679,21.757356661538193,1377.0104005091748,1253.1169188267627,35.04486772768572,958.7299198260467
2023-03-09,1342.3386591279886,1362.776821645179,1324.193485725618,1330.9730224609375,625276,1268.1820068359375,1311.4170215855884,1298.9219776188656,57.71665453801102,12.495043966722733,2878704.4923234154,117409313.0,58.93348472986405,58.29429436710486,22.221080585931258,1369.204436740085,1270.788031521634,35.29761545567681,959.1436201480186
2023-03-10,1320.55462514783,1341.3914842228005,1314.0243341387607,1336.9549560546875,391986,1268.0743334960937,1315.3459345808344,1301.7392352807785,58.883487041836815,13.60669930005588,3143599.6607851954,117801299.0,72.70810869839293,65.87924868673043,22.17193197727591,1369.0959751755486,1270.8067714064828,34.73115364341703,959.3967060138123
2023-03-13,1336.954880540078,1353.0062906341832,1307.0952732386795,1320.1058349609375,698497,1267.585810546875,1316.078226947004,1303.0997241459754,54.33526832989495,12.978502801028526,2840991.876352963,117102802.0,54.89977568671586,62.18045637165762,22.465486352616914,1368.81179469162,1270.6223605818177,35.529715339994645,959.8419234200143
2023-03-14,1327.0846641394057,1346.924659406686,1293.0376545149488,1333.7645263671875,626503,1267.3156274414061,1318.7991960885706,1305.3711909771764,57.21999814862421,13.428005111394214,3161489.269019267,117729305.0,69.33604946698198,65.64797795069693,22.078579226771613,1370.0729389939088,1272.4867533889037,36.84095030797625,960.2379894695318
2023-03-15,1340.942885876153,1355.8976392502366,1309.089309870193,1317.2645263671875,343676,1266.89888671875,1318.5630930545117,1306.2521787838439,52.87458808947937,12.310914270667809,2937861.377637259,117385629.0,51.89671283584651,58.710845996514784,22.002843048846362,1370.0937748117688,1272.5307369069812,37.55290595598107,960.4565829447272
2023-03-16,1316.018312693842,1340.992799808757,1304.054509851171,1332.3189697265625,475242,1266.6785546875,1320.6793817732887,1308.1830521870081,56.14685774398414,12.49632958628058,3189911.2179213944,117860871.0,67.80819801999817,63.01365344094222,21.689584636011336,1368.7714022770806,1272.7464688166692,37.50900481323856,960.7570904438996
2023-03-17,1344.9307760853071,1355.7480229980583,1331.9699902520165,1352.1090087890625,440067,1267.6516088867188,1325.5147090064845,1311.4368267501234,60.07185775636665,14.077882256361136,3495281.6193411993,118300938.0,88.72487396874108,69.47659494152857,21.878116419930198,1367.4149189311654,1273.415037123522,36.52822109415308,961.0507616541271
2023-03-20,1361.879452145839,1361.879452145839,1301.0634590412299,1340.3944091796875,605595,1268.9387109375,1327.8038936485157,1313.581832856017,56.829377608120986,14.222060792498723,3672988.035076663,117695343.0,76.0914461151351,77.54150603462479,20.674492009595088,1364.6089029147693,1274.6059164211683,38.2630619520428,961.4414388552135
2023-03-21,1342.288716515278,1349.666418786644,1314.074156368175,1317.5635986328125,318911,1270.4022802734376,1326.2284636460997,1313.876778469113,51.046418712255964,12.35168517698662,3416608.6892308183,117376432.0,49.88946754363593,71.56859587583737,19.55684077142677,1362.5356147186556,1274.455925808688,38.072290556787536,961.6427996656538
2023-03-22,1319.1089049904654,1345.4292949376675,1318.1119214447538,1325.4896240234375,344287,1272.5906591796875,1326.114796011844,1314.7369892509148,52.840591905817455,11.377806760929161,3258287.3779428895,117720719.0,58.674007245179546,61.55164030131686,18.51902176455619,1361.6570257803635,1274.4771172860426,37.34324811022093,961.861464367936
2023-03-23,1328.480541349134,1348.3205377517268,1312.2296612806877,1341.0924072265625,388796,1275.013330078125,1328.4190438910314,1316.6892424342961,56.24061889241935,11.729801456735231,3491350.4886118784,118109515.0,75.96681943633774,61.510098075051076,17.288335882324027,1361.8544971784606,1274.409247938727,37.253792993136514,962.1109043297379
2023-03-24,1340.9429161390356,1340.9429161390356,1301.0635729081348,1306.098388671875,316370,1276.9943383789061,1324.985096934238,1315.904734748191,47.89954720716349,9.080362186047068,3254864.685999575,117793145.0,18.727975532797345,51.12293407143821,16.45204415229057,1361.1589504136418,1273.295285426202,37.452010230657315,962.3038998104156
2023-03-27,1312.67829516239,1338.799213097997,1306.0982286757644,1324.442626953125,456288,1279.3661572265626,1324.9016400140667,1316.5371712078156,51.92471662097491,8.364468806251125,3310507.990152581,118249433.0,45.032044015568495,46.575612994901185,15.67548754583093,1361.801813076134,1274.935491611366,37.11265124434125,962.5874417450733
2023-03-28,1331.9700602272778,1334.462519172314,1284.114848482585,1287.25537109375,474383,1281.0759838867189,1319.109906334018,1314.368148977144,44.43084319056313,4.741757356873904,2895305.9022957985,117775050.0,3.99242796093285,22.584149169766224,15.858757968702495,1361.5738741077473,1275.392739661784,38.05800977615464,962.8644746390104
2023-03-29,1284.1147966291285,1336.954924130172,1284.1147966291285,1331.8204345703125,508829,1283.836630859375,1321.0653722165248,1315.6609108729344,53.155966653524274,5.404461343590356,3305248.797670023,118283879.0,61.34617021602157,36.7902140641743,15.892886283691421,1359.6838929207354,1283.0353087394208,39.11387532793242,963.1748440247144
2023-03-31,1331.9700294488703,1384.8101578626352,1331.9700294488703,1370.802490234375,675734,1287.4626586914062,1328.7172365269635,1319.7454723071153,59.19183467775851,8.971764219848183,3622715.0356011866,118959613.0,86.08906363047134,50.475887269141914,15.66706903776307,1366.2695679510055,1284.7694579279007,40.10500732538886,963.6382841985791
2023-04-03,1388.7981332613178,1388.7981332613178,1347.7224582591948,1353.3055419921875,401477,1290.1465380859374,1332.5000527523825,1322.2314033948985,55.72135597662476,10.268649357484037,3330377.067778009,118558136.0,66.09528086228708,71.17683823626,15.594093240688009,1366.113825140747,1292.1483696834716,40.17434073086987,963.9136362988465
2023-04-05,1355.8976577133535,1368.8584441473781,1345.9278219948728,1360.6832275390625,212990,1293.4664965820311,1336.8359257964871,1325.0796866648366,56.86964994084025,11.756239131650545,3391496.8416825603,118771126.0,73.14290256047282,75.10908235107708,15.440206560436588,1369.164156295867,1295.069974563508,38.94264654670098,964.0578124100289
2023-04-06,1362.8764865391868,1373.8433053774684,1342.9368159241292,1363.125732421875,343855,1297.1543359375,1340.8805114311622,1327.897912276469,57.26478417132947,12.982599154693162,3496871.7610374005,119114981.0,75.47613434443322,71.57143925573104,15.485890481865002,1373.247116160307,1295.159377980318,38.36863532574656,964.2912225920234
2023-04-10,1363.1256980837286,1369.0577012614403,1344.8310750956866,1354.6014404296875,357266,1300.7723901367187,1342.9914235847816,1329.8759513989296,55.358644673689305,13.115472185852013,3427769.6446533063,118757715.0,67.33320322814862,71.98408004435153,15.528311266048531,1375.025248921834,1294.9913648476975,37.3584918143185,964.5311154278115
2023-04-11,1352.0093768718737,1366.7647821915596,1332.967015279725,1350.0653076171875,235880,1303.7912573242188,1344.079713435921,1331.3714592669487,54.322409792577446,12.70825416897219,3430553.057362293,118521835.0,63.000008511172844,68.60311536125155,14.923865952641764,1376.4573213308536,1295.4685209543027,37.10415432128393,964.6868230595006
2023-04-12,1350.0651702105224,1362.8763832695306,1341.4911368361488,1359.1376953125,177221,1306.80513671875,1346.3963260323176,1333.428217492545,56.09264336466133,12.96810853977263,3545808.5316904765,118699056.0,71.6665145542395,67.33324209785364,14.362595304478337,1378.8104446616164,1295.3336715493213,35.98137518643377,964.8051129107944
2023-04-13,1363.7738361180075,1379.8252470942193,1353.1060390043315,1357.6922607421875,378453,1310.5039453125,1348.1341621415283,1335.2255540295555,55.72211920260772,12.908608111972853,3297274.7545594885,118320603.0,70.28574602238508,68.3174230292658,14.598089343912935,1380.8492734236845,1297.0534853653778,35.31979182239478,965.0633329766539
2023-04-17,1351.909715428351,1363.8735182197524,1336.50636801526,1359.187744140625,375958,1314.1519116210939,1349.8347132183126,1337.00053107482,56.0456238985897,12.834182143492626,3544490.5042281835,118696561.0,71.71432429142895,71.22219495601783,13.914778786041689,1382.9483115087826,1297.4967690576239,34.751745992544606,965.3128643391527
2023-04-18,1359.1875772219767,1369.257085661041,1348.9185990729616,1356.994140625,502824,1317.4319848632813,1350.936163588572,1338.481539189648,55.40616436123035,12.454624398924125,3440966.2345967274,118193737.0,69.61885849314976,70.53964293565458,13.525365055297696,1384.1679335098997,1300.250108482288,33.72222746365423,965.6505663541934
2023-04-19,1356.8945877882097,1366.8145252561555,1345.080357268018,1355.2994384765625,212326,1320.2913354492186,1351.6074366482628,1339.727309507197,54.885154216324395,11.880127141065714,3428305.263216152,117981411.0,67.99997414826885,69.77771897761585,12.954649268789934,1385.429156886693,1301.2869319804945,32.86593750111733,965.7920285013155
2023-04-20,1359.5365685776596,1394.281419070717,1350.464043105032,1389.495849609375,611747,1323.9422900390625,1357.4364232576647,1343.4138680332842,62.53987200481054,14.02255522438054,3906426.8373777694,118593158.0,95.6560622852177,77.75829830887876,13.586593482371043,1391.7722495878857,1298.682523361333,33.6481831057293,966.2223587234269
2023-04-21,1396.7740310682561,1401.5596010546835,1367.861506513667,1379.17724609375,600063,1326.8873803710937,1360.781165232447,1346.0630071488742,59.27186215090143,14.718158083572689,3709363.278867168,117993095.0,80.94223489033007,81.53275710793886,14.435011573456384,1395.9233766348602,1298.4096800057646,33.651748208249806,966.6484927268707
2023-04-24,1389.5457846580903,1391.838895440963,1373.2451284035953,1379.8251953125,327783,1329.9560961914062,1363.7110160139937,1348.5639099758096,59.415276856450014,15.14710603818412,3613575.663908504,118320878.0,68.76772590971387,81.78867436175388,15.222828372321345,1399.02913338359,1301.5300829250039,32.57617812461536,966.8802128582626
2023-04-25,1383.8131639390188,1383.8131639390188,1369.3070046419618,1377.1334228515625,153489,1333.3089526367187,1365.776001681312,1350.6801701888282,58.493786226220976,15.09583149248374,3625708.601455697,118167389.0,64.3894774819257,71.3664794273232,15.698491382579492,1401.5563789094326,1304.1672172819735,31.28546249407547,966.9873531399743
2023-04-26,1374.690771353605,1384.511035179111,1361.2314931566514,1369.35693359375,509852,1336.0496606445313,1366.3269142832255,1352.0636341447484,55.80121992402104,14.263280138477057,3471771.8556079245,117657537.0,53.05226199434232,62.06982179532728,15.62380046169247,1403.1615005894926,1305.3885482386324,30.713611031817205,967.3384622732021
2023-04-27,1373.8431715778852,1382.8160224807887,1368.9579284125552,1378.1302490234375,422730,1336.8552221679688,1368.1428119355658,1353.994494506133,58.14220104490873,14.148317429432836,3608630.363630303,118080267.0,65.84273392445934,61.09482446690911,15.554444606583093,1402.4593311864076,1313.2939036768737,29.50964553441836,967.6326604620012
2023-04-28,1370.8522756887166,1370.8522756887166,1302.2597640497859,1363.6241455078125,1816275,1337.6318701171874,1367.447632485142,1354.707801987739,53.1313637235236,12.73983049740309,5042115.119312422,116263992.0,61.79706161551909,60.230685844773575,16.363908586116718,1401.7320765411098,1317.9393101776402,32.821134065792165,968.796281072426
2023-05-02,1365.8674256521062,1434.6592886958983,1364.9203399866872,1402.25732421875,1312984,1339.6268334960937,1372.802969674928,1358.2299888196658,62.42030882076131,14.57298085526213,5135027.359858297,117576976.0,75.5271292976657,67.7223082792147,15.738062811749526,1396.071701669606,1335.0998803616442,35.550706145956,969.7552237561695
2023-05-03,1405.1983739589543,1409.7346976570034,1374.4913545559964,1385.9566650390625,515474,1341.0136401367188,1374.826615115564,1360.2838166877693,57.26338731920756,14.54279842779465,4954939.786679942,117061502.0,63.21540897747788,66.84653329688754,15.156920306979988,1395.7709226556342,1340.8142824224908,35.528751642745355,970.1213475897358
2023-05-04,1390.7420791022287,1403.4038425230256,1378.9777468703605,1400.7119140625,244571,1342.1601708984374,1378.808968799708,1363.278490567379,60.448695653070175,15.53047823232896,5145603.879503202,117306073.0,74.359896892277,71.03414505580685,14.61728798112256,1400.6920343953027,1338.884113065635,34.73570478631105,970.2966130436096
2023-05-05,1400.4626476306748,1423.1440218323455,1391.7889400233973,1412.5262451171875,317728,1343.2309326171876,1383.9962420793202,1366.9264723858835,62.83710207201978,17.069769693436683,5248147.305550601,117623801.0,83.28313969565244,73.61948185513576,14.743481452333555,1407.8341392584146,1337.6640785150228,34.494231716499414,970.5320211843123
2023-05-08,1412.7257320955528,1425.5868446110128,1408.7876956375226,1417.212158203125,319478,1344.4442602539064,1389.106383021444,1370.6513380019755,63.77157484271423,18.455045019468344,5249093.924176309,117943279.0,86.82236168188113,81.48846608993685,14.935365848138233,1415.1391701249267,1336.0119407149168,33.230297234855904,970.7728069341688
2023-05-09,1417.7604187414356,1443.6320915915408,1417.7604187414356,1428.62744140625,824650,1346.2208813476564,1395.1865458498755,1374.94586418007,66.01359470385668,20.240681669805554,5117208.577815841,118767929.0,89.38643053686792,86.49731063813381,15.647297247681868,1424.1747599729033,1333.5265217653778,32.74384267439589,971.4109366521516
2023-05-10,1435.6563796809048,1450.0129678181338,1423.8421483968673,1436.304443359375,469015,1348.2656982421875,1401.5123762359524,1379.4909441192779,67.4715461615526,22.021432116674532,5094874.530196788,119236944.0,90.72201203822866,88.9769347523259,16.48707896348014,1433.2359411682996,1332.6356408629504,32.27434101345808,971.7783800433539
2023-05-11,1441.2394447723657,1470.5507864840606,1441.2394447723657,1466.961669921875,456556,1350.80900390625,1411.581498341479,1385.9702571416926,72.537919246298,25.611241199786264,5439621.748648489,119693500.0,97.86731549296557,92.65858602268736,17.803678696562816,1448.692489752361,1328.8687285093577,32.41519830711719,972.1530677501407
2023-05-12,1466.9117091655921,1485.5054765514362,1457.889081137995,1481.6671142578125,326598,1353.9584765625,1422.3639007901456,1393.0589132243683,74.58290214126058,29.30498756577731,5675432.994649248,120020098.0,97.90534673841869,95.49822475653762,19.375267233343603,1465.540917249453,1324.2732429067971,32.07242667185462,972.4292254359864
2023-05-15,1481.5175997551003,1513.7699942249617,1468.556813216193,1506.7413330078125,496686,1358.061064453125,1435.3450442082483,1401.4798332083271,77.64032599428954,33.865210999921146,6017693.336139448,120516784.0,96.67691666198463,97.4831929644563,21.404571427197087,1485.973971225484,1318.7450961573286,33.0110519816342,972.8664253312214
2023-05-16,1513.4209150830968,1524.3877333083367,1492.035668224713,1495.674560546875,481416,1362.2753100585937,1444.6265082603447,1408.45722041859,73.44130242549043,36.169287841754794,5644574.656983595,120035368.0,87.07358967116818,93.88528435719049,23.478761024826003,1499.5933088558015,1318.7744401676362,32.963981488919174,973.2956921823773
2023-05-17,1498.416290481247,1508.5855951199533,1481.5174689742528,1501.008544921875,469701,1366.80958984375,1453.300667746734,1415.3128740855,74.16650537738093,37.987793661234036,5851313.379068184,120505069.0,89.47490112816502,91.07513582043926,24.851330740192825,1511.8207759500408,1320.948413503084,32.542848964403554,973.708333352052
2023-05-18,1503.550784220866,1513.1716992864451,1481.5673711809973,1486.2032470703125,245900,1370.7815698242186,1458.3626030272844,1420.5640128251157,68.56976044263288,37.798590202168725,5677552.984591777,120259169.0,82.80969012345379,86.4527269742623,26.222513794709418,1518.6656519757405,1327.1939183367597,32.47581176019243,973.9227043301361
2023-05-19,1486.1535083928318,1494.079478695806,1467.1111475017058,1488.5960693359375,468553,1374.9320141601563,1463.013905536308,1425.6034244185098,68.97722173948875,37.4104811177981,5955566.3559212005,120727722.0,77.5554969408658,83.28002939749486,26.732199796743373,1526.4038005353534,1329.3657917498028,32.08242029118585,974.3225386087511
2023-05-22,1489.3936853647233,1502.6534929858315,1473.6412972741657,1491.736572265625,276941,1378.7474682617187,1467.4327773408181,1430.5021761108887,69.53544377135205,36.93060122992938,6024088.594982054,121004663.0,78.21751178081617,79.52756628171191,27.420897896861863,1533.113078635021,1333.9124462673228,31.86311853550584,974.5613883999554
2023-05-23,1495.3756914690966,1507.389270550579,1488.646052324408,1499.1143798828125,368971,1382.3017138671876,1472.3068700395863,1435.5845615754758,70.86192161034617,36.72230846411048,6067267.658108232,121373634.0,82.61924504318388,79.4640845882886,28.17953452975258,1539.7875768642039,1339.1668664951712,30.925982799124792,974.8848479981904
2023-05-24,1500.4103536526482,1500.5101493699058,1481.4676660920406,1493.9798583984375,362122,1385.4113061523437,1475.641175940948,1439.9101391179174,68.62253422538093,35.731036823030536,6181022.678585259,121011512.0,77.06775894667744,79.30150525689248,28.479383615087976,1544.0231102296589,1346.6159766844034,30.077161404749102,975.1980405378063
2023-05-25,1497.9736214662773,1517.5432045187144,1491.3339088553546,1512.900390625,475551,1389.049853515625,1481.3733628154175,1445.3168244147382,72.11909603229681,36.0565384006793,6488091.868289502,121487063.0,90.06285558829283,83.24995319271804,29.216221541898683,1548.9110171898096,1356.0824154273778,29.800885280364156,975.6208984090563
2023-05-26,1511.8519588184706,1531.2718718277176,1490.734852545636,1527.8271484375,415204,1392.8672973632813,1488.5200990649687,1451.428700268276,74.53045239271722,37.0913987966926,6832730.101203409,121902267.0,96.96530764380293,88.03197405959105,30.23315445024616,1555.3780303288509,1364.5850922297427,30.56775199477255,975.9960317095156
2023-05-29,1529.0254596569946,1542.1051226271238,1520.7382807538502,1535.515380859375,347260,1397.17548828125,1495.7501424179543,1457.6573432750242,75.69637904619682,38.09279914293006,6965793.380898121,122249527.0,94.42789105327364,93.81868476178978,31.422810540501047,1558.5157783967543,1378.6364676969956,29.910544128951198,976.3187541077059
2023-05-30,1535.5153523296774,1559.4781378624712,1526.27969540558,1555.93359375,341563,1401.6188696289062,1505.0091349305767,1464.9370655324299,78.50998128158562,40.07206939814682,7234420.120574458,122591090.0,97.00221304901436,96.13180391536362,32.887706037298884,1568.4532473882343,1384.0666256586408,30.145394009518334,976.6440473178495
2023-05-31,1558.9788734693045,1592.5267479848171,1547.596526254838,1558.0302734375,1279601,1406.4341845703125,1513.166233162411,1471.8328587105834,78.78162698522605,41.33337445182747,6549119.919218112,123870691.0,74.37828851671657,88.60279753966817,34.80708382180192,1573.8009810418764,1395.9262528448423,31.201453132408396,977.8994964950339
2023-06-01,1562.4734183066446,1570.6108049171987,1547.5964985572123,1559.977294921875,452507,1410.9873510742189,1520.3679349715592,1478.3620762077162,79.04650496757525,42.00585876384298,6583475.041669473,124323198.0,74.04672709171831,81.80907621914973,36.58936151594275,1578.6657537662081,1406.988018206448,30.616656934378256,978.3371735037389
2023-06-02,1564.1209237763505,1600.7139960201016,1557.5310603686476,1594.8232421875,514635,1415.8416357421875,1531.8225976201654,1486.9888292432556,83.1102255924543,44.8337683769098,6957703.279002385,124837833.0,95.5908471279409,81.33862091212524,38.666225548994916,1590.4120812737094,1413.471390405978,31.514248271312244,978.8554912441273
2023-06-05,1592.5267878313373,1607.503528782729,1585.1382379191114,1596.570556640625,231024,1420.9651586914063,1541.7838220848514,1495.1059942356533,83.28527876466659,46.67782784919814,6962861.318075742,125068857.0,92.21256022417658,87.28337814794524,40.679165379170236,1599.568609907461,1422.2507016159766,30.860751313619776,979.0925042110092
2023-06-06,1602.4612774286145,1605.0073720900953,1581.5438117516087,1600.1649169921875,208474,1426.6171850585938,1550.7655289936724,1502.8881366620633,83.66044317998217,47.877392331609144,7085284.781028699,125277331.0,94.77278487366641,94.19206407526129,42.318929013008635,1607.8346300668834,1431.138429015148,30.33238052968169,979.3059384199963
2023-06-07,1602.5111924126238,1609.5003378000931,1584.3394631576125,1600.364501953125,632805,1432.1146826171876,1558.3961402182035,1510.108608165105,83.68234454286795,48.28753205309863,7258550.700190873,125910136.0,93.58389788731624,93.52308099505306,43.907168529004814,1614.0644549323981,1441.3146100090082,29.962987252024472,979.9555158962492
2023-06-08,1606.5049875858808,1614.1929987492026,1580.8947376462345,1586.1365966796875,286923,1437.01556640625,1562.6639027507395,1515.740311018037,75.87460778581001,46.92359173270256,7061963.343533004,125623213.0,80.03837607437421,89.46501961178562,45.45190014181425,1618.878776892123,1448.4177807250644,30.20122109852045,980.2475361168506
2023-06-09,1591.5283071534623,1617.5878115204846,1587.4346890834136,1595.9215087890625,437123,1442.8120288085938,1567.780457525866,1521.6796590010758,77.43397042030082,46.10079852479021,6870903.357267958,126060336.0,84.08295652107446,85.90174349425496,46.93815951176775,1625.2031785965833,1453.5188184737294,30.290506365825927,980.6966519131875
2023-06-12,1595.921417811884,1606.5049562299857,1582.0929191030757,1592.8760986328125,223661,1448.1806982421874,1571.6413253884732,1526.9534693441676,75.79198399412249,44.68785604430559,6844831.497761432,125836675.0,81.84566082419988,81.9889978065495,47.90891301873163,1631.1586081749372,1456.1768654578752,29.87061570590336,980.9237933956921
2023-06-13,1599.9153423626126,1692.122120043349,1595.8217242002863,1683.0362548828125,1634306,1456.0963159179687,1588.7790068491406,1538.515157161845,85.55667849315917,50.26384968729553,8170746.575438438,127470981.0,95.4883616658438,87.13899300370603,49.86203007329966,1656.6102213526,1449.461421713806,34.82600182766287,982.7489736351945
2023-06-14,1692.871023423205,1727.3175290605395,1678.393506561137,1708.546630859375,1207550,1463.63083984375,1607.2047951584075,1551.11008113944,87.13759368924792,56.09471401896758,8451684.372891396,128678531.0,92.06581881747286,89.7999471025055,51.92617719649776,1684.2112795794515,1442.614172080705,35.8330033042157,984.186315335228
2023-06-15,1713.588829231965,1713.588829231965,1677.9442334374994,1682.437255859375,465902,1469.86353515625,1618.7790198816333,1560.8380200075833,77.75671153086192,57.94099987405002,8103236.819252194,128212629.0,78.27454908029539,88.609576521204,53.818055152827654,1699.1145361016943,1447.3343164373682,35.81954562494784,984.7290409461422
2023-06-16,1683.2359310293382,1716.833778402488,1677.3950262961207,1711.5919189453125,484881,1477.0292626953126,1633.0579274298916,1572.0049754844522,80.30625625529068,61.05295194543942,8459225.401530674,128697510.0,92.17778572852271,87.50605120876362,55.597774890867775,1717.5949720527215,1451.1534654472784,36.07806037362066,985.3014646030385
2023-06-19,1711.7914774834364,1720.8774642756364,1696.5152752167896,1705.80078125,199840,1483.9316137695312,1644.2491357099082,1581.9157759115299,78.38434417202183,62.3333597983783,8411721.098556465,128497670.0,88.02769617429877,86.1600103277056,57.280150688954066,1731.17323942769,1458.9816189707476,35.241212422565376,985.5390230781472
2023-06-20,1707.3483937720248,1722.3251340682707,1692.4714740348825,1716.78369140625,273300,1491.0047729492187,1655.40829812473,1591.9059918741018,79.39165936481342,63.50230625062818,8583561.091452714,128770970.0,94.13878407841953,91.44808866041365,58.577770045932404,1744.412950575274,1467.5088389755074,34.856387251909865,985.8649104591597
2023-06-21,1721.2767248987482,1721.2767248987482,1689.2764960490463,1698.1627197265625,369391,1497.8759985351562,1661.9859014480887,1599.7768606039137,73.16612527179386,62.20904084417498,8419324.314935211,128401579.0,82.8285436651117,88.33167463927664,59.56604022387929,1750.1265611986928,1482.2135144849008,34.65237593746644,986.3002853804225
2023-06-22,1697.364003306966,1716.8337668743106,1693.6198180055535,1708.04736328125,213389,1505.0356396484376,1669.0722801916522,1607.7968978392719,74.31741296424099,61.27538235238035,8471179.240149425,128614968.0,86.83936729169137,87.93556501174085,60.48371967482997,1756.7665676063439,1495.088205342875,33.83534543255863,986.5526946368404
2023-06-23,1707.3483775500167,1741.1958346741426,1692.0720538405808,1722.275146484375,732596,1512.298388671875,1677.2573365443789,1616.2767681092796,75.918949365458,60.98056843509926,8639436.736481123,129347564.0,88.19678184331231,85.95489760003845,61.597163397152386,1764.7723557092388,1506.5272170446676,34.927376532630284,987.4327531704643
2023-06-26,1724.172293896766,1759.0681729863177,1708.596507886975,1750.9307861328125,445964,1520.1631591796875,1688.5917134041379,1626.2511398147265,78.78799419625138,62.340573589411406,8941598.007421413,129793528.0,95.43288434778552,90.15634449426307,62.79316378963723,1776.2710933740175,1516.5700199072323,36.037682858824034,987.9828204250707
2023-06-27,1763.2615882399539,1763.2615882399539,1734.8557524026553,1740.1474609375,320512,1527.782353515625,1696.5233668708088,1634.6879043423394,75.1591283198253,61.83546252846941,8740502.03838313,129473016.0,87.3254776143785,90.31838126849209,63.93994037644272,1784.6319586356105,1526.6305413643893,35.49255092871507,988.3810987107864
2023-06-28,1757.2209194432132,1770.4503735916787,1746.7372010614101,1766.5565185546875,322724,1535.9736010742188,1707.2976978990978,1644.4559498395504,77.84987017086215,62.8417480595474,8957239.336573921,129795740.0,97.93273112149282,93.56369769455227,65.06737699845233,1795.5258741899318,1536.5892503217872,35.1218624805339,988.7897181590452
2023-06-30,1772.1976084615092,1781.183652527497,1756.7716149006392,1761.4144287109375,336262,1544.0959008789061,1715.623348793227,1653.1195408670606,76.12092703135481,62.50380792616647,8748881.600965265,129459478.0,90.07024411607567,91.77615095064898,66.20470527638636,1802.3207672179385,1549.9380706726863,34.35687499098562,989.2178871776032
2023-07-03,1772.1478757073862,1777.2399433035666,1743.1928429232269,1748.8341064453125,238418,1551.282666015625,1720.732696124317,1660.2095086876718,71.91301085805648,60.52318743664523,8589470.550243404,129221060.0,82.54790162461006,90.18362562072616,66.24732893560297,1808.0157840416568,1559.6441402747496,34.334748233082344,989.5172683529885
2023-07-04,1748.8339736559128,1789.171229104823,1728.2658199420164,1733.657470703125,399795,1558.3722705078126,1722.7211229825953,1665.6500984665943,67.09444288616885,57.07102451600099,8260459.247312916,128821265.0,50.33490402540677,74.31768325536416,65.27507519225756,1809.8812268152162,1571.48738890744,36.23265258520551,990.0148052419667
2023-07-05,1742.2941962286145,1743.292645624734,1699.3608721954738,1729.0147705078125,502769,1565.3560620117187,1723.6893764480133,1670.343777877055,65.6453562886252,53.34559857095837,8436427.281437118,128318496.0,46.1813363798336,59.688047343283465,62.73192268526488,1809.807657337475,1584.4459437367439,36.78258978835226,990.6178140210459
2023-07-06,1729.014780003325,1757.2709468210992,1720.7277230986392,1751.579833984375,240874,1572.844990234375,1727.980216068992,1676.3612635146342,69.1345927591722,51.61895255435775,8602275.546223147,128559370.0,66.36905336211574,54.29509792245202,60.73544539284843,1810.4644682453027,1598.9106660320413,36.765492212217104,990.9139574253442
2023-07-07,1746.5876440758273,1751.2303364402353,1693.3702404781964,1700.2095947265625,248389,1579.4620434570313,1723.7078127855411,1678.1278065673696,55.35182060840769,45.58000621817155,8412608.203494921,128310981.0,10.944619744277892,41.16500316207573,57.60297709880994,1801.2304720298102,1619.551962052221,38.29721373321435,991.2076349617406
2023-07-10,1712.2907088763739,1715.2860570048244,1666.412008794683,1674.0501708984375,299305,1585.3804418945313,1716.0681755721405,1677.825759480782,49.89658785919871,38.242416091358564,8206855.515700966,128011676.0,6.2220679509509145,27.845247019114826,53.66295659155139,1790.6795909046193,1637.9157093883493,39.052701910137706,991.5466925869229
2023-07-11,1674.0502101584127,1705.3515744585984,1670.405845473791,1690.4248046875,457955,1591.916455078125,1712.123041589888,1678.759022088687,53.01793169500829,33.36401950120103,8273587.3791914815,128469631.0,19.560889872182976,12.242525855803914,50.0043661205256,1773.0674530824385,1665.2827178159991,38.75934670118554,992.0674285817256
2023-07-12,1694.3685348365589,1697.3638828651444,1665.363532674013,1685.33251953125,502653,1597.577958984375,1708.001422811636,1679.2459478251733,51.934366737839994,28.755474986462787,8398269.460888965,127966978.0,16.129035135062644,13.97066431939883,46.4491093420306,1772.8827657391296,1665.6970316241516,38.27656123618168,992.6331471949755
2023-07-13,1688.3280125380206,1705.3516240480567,1656.2279609133718,1663.416748046875,270100,1603.1271606445312,1701.142242078596,1678.0734145082622,47.44059480661189,23.068827570333724,8207222.661764298,127696878.0,5.407409665264613,13.699111557503395,43.4930884459843,1775.7965440749601,1658.2702650070712,39.05135422893191,992.9333703182937
2023-07-14,1669.606965366488,1691.1235977537876,1654.879837356529,1685.0330810546875,268107,1608.813583984375,1698.6639096133792,1678.588945363553,51.864740742583926,20.07496424982628,8385222.55683105,127964985.0,22.453593864508914,14.663346221612043,40.80002751451719,1775.6308332143699,1658.6955583871927,38.85081181238383,993.2319959416722
2023-07-17,1693.8194202478683,1720.2783291037188,1672.402729567903,1691.6728515625,473571,1614.3965161132812,1697.5883622209362,1679.5581236005119,53.16872022722567,18.03023862042437,8292880.033616027,128438556.0,27.39789477715237,18.419632768975287,38.613746597012536,1775.6503546315753,1656.6841302317061,39.495439506914686,993.772530420642
2023-07-18,1702.006801726549,1708.2969598461675,1670.4058536984855,1687.6790771484375,173675,1619.8058544921876,1696.063856825167,1680.1596757151729,52.251815995651846,15.90418110999417,8277549.689534917,128264881.0,24.423933183584154,24.758473941748466,36.49688632212587,1775.88936092871,1654.6329535244151,39.3808442669695,993.9688623095333
2023-07-19,1697.1142747631454,1717.3328740065363,1685.382494955252,1713.788330078125,383674,1625.509072265625,1698.7906988640837,1682.6506871494655,57.42139096901013,16.14001171461814,8576094.84990479,128648555.0,43.8661718779487,31.895999946228397,34.862601648871134,1775.7386073393734,1654.484170980939,38.850096751563406,994.4126154468577
2023-07-20,1717.432744229026,1722.3251705389362,1699.5604760541846,1712.091064453125,235107,1631.0248046875,1700.8369089547052,1684.8314558386255,56.98944200420503,16.005453116079707,8599812.236824019,128413448.0,42.60230410287848,36.9641363881371,33.5266593476261,1775.9583890157369,1655.657223777232,37.70113944679114,994.686489224337
2023-07-21,1703.3546570938206,1727.367413644067,1698.562051275729,1711.242431640625,331260,1635.910419921875,1702.4377585986929,1686.7878244165515,56.75953497728109,15.649934182141351,8560199.517352073,128082188.0,41.97037021534337,42.81294873205684,32.47191440383322,1776.051785187513,1655.8833344413933,37.06572679833021,995.0725887041918
2023-07-24,1722.325232045729,1731.510917864227,1699.4108668413594,1706.5496826171875,392933,1640.4080712890625,1703.0703622938458,1688.2516657647466,55.4279201724214,14.81869652909927,8342037.348541417,127689255.0,50.46321456116027,45.011962959794026,31.64755546464006,1775.32630627196,1655.0362669702274,36.71103567151145,995.5300964321118
2023-07-25,1706.3500629185735,1715.7853612080448,1689.3264515138715,1706.79931640625,221128,1644.4092309570312,1703.644047541908,1689.6255658122654,55.487744814432475,14.018481729642644,8412965.19759802,127910383.0,50.707018725767824,47.71353450075714,30.316747526711403,1770.9091041686725,1655.0403221008587,35.97874095884445,995.7842515580011
2023-07-26,1717.3329817952433,1723.772931724563,1701.4576118315113,1703.9537353515625,273042,1648.574814453125,1703.6916918203165,1690.686911704065,54.58831114175052,13.004780116251368,8201006.485798969,127637341.0,50.93268686901109,50.700973385313056,29.409516142434274,1767.8386342062854,1654.4914195046522,35.002782311287824,996.1003723470913
2023-07-27,1703.9537502144558,1720.0287614475951,1695.0675260293563,1706.4000244140625,215362,1652.6826440429688,1704.1083583732006,1691.8508459788798,55.25972791331524,12.257512394320884,8181194.864314593,127852703.0,67.23145062838843,56.29038540772243,28.20105681102989,1758.8188968634981,1657.495507433377,34.28552896178432,996.348620667497
2023-07-28,1710.9428201127853,1736.2534873260968,1687.9784845483323,1727.9664306640625,344569,1657.5179077148437,1707.778831033333,1694.5260744740783,60.766935598095486,13.252756559254749,8407464.012934959,128197272.0,89.8160440570953,69.3267271848316,27.744308479776993,1751.9450518749675,1661.02455261722,35.28477709149719,996.7511592148966
2023-07-31,1736.3034569637707,1761.2646912501964,1728.365833213098,1754.3753662109375,346064,1662.8334936523438,1714.9475287529647,1698.9593553434752,66.24610281930853,15.988173409489491,8608590.010667669,128543336.0,93.52414861034183,83.5238810986085,28.15899406021457,1753.3057773052803,1660.2179531634695,35.142883055399814,997.1721410130954
2023-08-01,1757.2709206793875,1759.3177906746357,1699.2610356854384,1704.9521484375,260609,1667.0978051757813,1713.409777935201,1699.4032659430325,51.69552922888973,14.006511992168498,8397372.796936134,128282727.0,47.06714278239152,76.80244514994287,27.03307801413991,1750.20505822868,1660.4481400135076,36.92244533638535,997.4775414106159
2023-08-02,1704.9521320175998,1713.9881476330722,1675.5478466134182,1688.278076171875,752736,1670.8810791015626,1709.5433622793046,1698.5791778118355,47.87499686182018,10.964184467469067,8143202.199533534,127529991.0,31.39379112061186,57.32836083778172,25.19633032295525,1747.3736145473795,1659.2059142612143,37.03086359947598,998.3234371507272
2023-08-03,1686.880244024888,1694.867839143088,1667.809885056391,1684.8333740234375,269065,1674.6981494140625,1705.7418256245558,1697.560970123806,47.100550119880715,8.180855500749658,8212701.234659184,127260926.0,18.21574476516847,32.22555955605726,23.780600888623166,1738.6897160836581,1661.215166728842,36.31851291999177,998.6209109927318
2023-08-04,1696.365450444095,1715.3859593677585,1687.3794062686995,1698.3123779296875,396908,1678.4063891601563,1704.598833671499,1697.6166299612787,50.47641954996806,6.982203710220347,8125676.703765221,127657834.0,32.63876317932838,27.416099688369552,22.488874977439888,1738.601163147172,1661.1139979856407,35.906660950300996,999.0706987530986
2023-08-07,1707.3484382758973,1715.3360333087671,1674.39960876531,1687.1798095703125,395041,1681.5934423828126,1701.918983809778,1696.8435321545405,47.76517841921423,5.07545165523743,7977296.391038943,127262793.0,20.726515096240576,23.86034101357912,20.97998192362352,1737.9076717642563,1663.1204532357435,36.26592977838358,999.5126637942216
2023-08-08,1677.3950278624054,1717.0334211374552,1671.8037354790706,1711.042724609375,322580,1685.1039892578126,1703.3226362404853,1697.895324188232,53.52739323128832,5.427312052253228,8214424.597249177,127585373.0,46.260691465485735,33.208656580351544,19.678797019185303,1738.905940122787,1664.1839768694008,36.9061980555265,999.8771259801146
2023-08-09,1719.180054703562,1803.5989992286566,1700.4092793339364,1785.127685546875,2491542,1689.68787109375,1715.9080284414683,1704.3569805851685,66.0492755784027,11.551047856299874,9813977.475071356,130076915.0,86.39705856071173,51.12808837414599,20.55292236939695,1757.9243851487977,1655.1450484449524,41.64073532975461,1002.9319497382128
2023-08-10,1807.1934118802956,1912.0305987573292,1787.2244239037177,1892.5108642578125,4043720,1696.3774829101562,1743.0776954901366,1718.2943053016606,76.10104274542441,24.783390188476005,12592818.699915115,134120635.0,92.00733868814267,74.88836290478002,22.8859133619386,1811.0574112584786,1624.921433956365,47.730890892661726,1008.4892595547451
2023-08-11,1890.8634493834368,1906.8884885053908,1873.4904061187642,1882.8758544921875,697959,1702.8354541015624,1764.5851045673753,1730.4855311676256,73.98446370184259,34.099573399749715,12287137.201685049,133422676.0,88.06213288654813,88.82217671180082,25.05226214072727,1844.030241322458,1611.7328812361357,46.70711885651635,1009.4677356651548
2023-08-14,1882.0770919328768,1931.999561214916,1857.265649075909,1926.60791015625,1480009,1709.4711474609376,1789.511690042587,1745.0131147964125,77.09797335334252,44.49857524617437,13553596.773766898,134902685.0,97.95917420503943,92.67621525991005,27.32288638537014,1883.0674625399963,1596.1891658779725,48.709032662408525,1011.576679161227
2023-08-16,1926.0089054456878,1963.9499828987393,1903.4439732313951,1953.5162353515625,1232266,1716.6100610351561,1814.74315855166,1760.4577903930904,78.78072287846472,54.285368158569554,14360875.159291685,136134951.0,96.47675285339734,94.16601998166162,29.72729344050872,1921.6743105662174,1584.166033672064,49.55167387704678,1013.3935338783295
2023-08-17,1961.9530622104865,1981.4727966454504,1956.9608152328517,1971.7379150390625,969098,1724.0415209960938,1838.8961980112604,1776.1081699964957,79.85990207001277,62.78802801476468,14560222.714708008,137104049.0,96.8963874125029,97.11077149031321,32.10950195048343,1958.3859770861623,1573.2493256482126,48.00916583539258,1014.8630931794165
2023-08-18,1976.1309749660854,2024.555770161289,1952.9669979756363,1970.9390869140625,1571201,1731.4530126953125,1859.2104886116915,1790.5400897681673,79.66860873728078,68.67039884352425,13777909.783326212,135532848.0,84.97062321224503,92.78125449271506,34.64965234830821,1989.1173402621703,1568.4027647182984,49.69342343183973,1017.2678320200814
2023-08-21,1970.8890714434688,2014.8708146383058,1947.026229171354,1996.8487548828125,1066063,1739.667255859375,1880.3856064995562,1805.8222131099928,81.238374013804,74.56339338956332,14277600.361506958,136598911.0,92.23340298085581,91.36680453520124,36.79111629253459,2021.1528176708557,1564.9279196338316,50.9899350057763,1018.8984283257969
2023-08-22,1996.8488041141084,2030.8460545166138,1995.9003259482354,2024.70556640625,647887,1748.2429370117188,1902.588677254432,1822.0357948356416,82.77796815460076,80.55288241879043,14697800.4547896,137246798.0,98.3085740135773,91.83753340222603,38.90570906339768,2054.4286768326883,1563.4676488509053,49.843920260247884,1019.918296528686
2023-08-23,2032.6432431158257,2065.741741687805,2024.705497624902,2047.7696533203125,707284,1757.3408081054688,1924.9242120337983,1838.7568213900615,83.95216716729541,86.16739064373678,14785565.254668418,137954082.0,95.48362663908574,95.3418678778396,41.12146017095405,2087.5656735302964,1564.4276858447038,49.214800531866125,1021.0615085203567
2023-08-24,2064.5934911215686,2076.4249689537546,2033.391950801404,2065.841552734375,462418,1764.9969140625,1946.6038029108101,1855.5779126007515,84.82520368789937,91.02589031005868,15020531.759446451,138416500.0,97.38436459982722,97.0588550841634,43.25086527557635,2119.1091193992015,1569.07302171408,48.773244647615016,1021.8166414021753
2023-08-25,2058.8526172263414,2058.8526172263414,1996.898783709347,2010.8770751953125,766297,1771.0435229492186,1956.4919986468874,1867.0815542744226,71.9963090331083,89.41044437246478,14600025.23673411,137650203.0,83.80018438588857,92.22272520826715,43.8892673869761,2135.8644012650598,1582.7654449263464,50.21392496028737,1023.0218115807878
2023-08-28,2023.9067902744641,2023.9067902744641,1987.363446801511,2002.6397705078125,696730,1777.4475732421874,1963.5916558562606,1877.122903625044,70.28081648651302,86.46875223121651,14485807.508703372,136953473.0,81.76437805492513,87.64964234688028,44.156671163176625,2149.4234741201817,1596.6737060555997,49.23745485404921,1024.095827875639
2023-08-29,2006.88332573062,2049.5170670322855,1997.8972809885427,2046.1224365234375,352814,1784.13818359375,1976.2886990358263,1889.6413875434434,73.82618474789733,86.64731149238287,14792217.861569546,137306287.0,91.94115212028642,85.83523818703334,44.70302687105452,2168.1821206304576,1607.089766576574,49.40762136759876,1024.6534959714477
2023-08-30,2065.3924741102664,2074.1289061393186,2044.1753030158263,2059.351806640625,844098,1791.2092041015626,1989.067638667334,1902.2125296987901,74.8107563221281,86.85510896854385,14803473.142700404,138150385.0,94.0964280305296,89.26731940191371,45.47261604457875,2182.254391636813,1628.4574613905309,48.018048635876866,1026.0222973245425
2023-08-31,2060.799607582636,2069.885594830196,2040.2814232024016,2045.423583984375,682000,1797.782001953125,1997.737784100725,1912.820755942167,71.75057700444572,84.9170281585582,14358396.080278112,137468385.0,85.85440720172927,90.63066245084842,46.04492858397642,2187.59259210351,1658.833811705084,46.70277170672813,1027.117741416378
2023-09-01,2056.5060049786443,2109.6734309927137,2036.8366022291336,2059.90087890625,785674,1805.0167651367187,2007.301337147729,1923.7155798654321,72.9874492115808,83.58575728229698,14070300.100123962,138254059.0,80.28089636995854,86.74391053407244,46.98695695325758,2188.667654103229,1695.2655001936457,48.56949006793184,1028.397626342145
2023-09-04,2070.7840418517167,2071.283266548402,2016.8677746096757,2028.2501220703125,744599,1811.4208203125,2010.5242271358188,1931.4588792880159,66.1666429913596,79.06534784780297,13637203.734204203,137509460.0,60.518099690376346,75.55113442068803,47.14956427229585,2180.698314201389,1736.228614509548,48.98706163013144,1029.5728034404933
2023-09-05,2031.7943387044645,2076.7745280770005,2024.8551648750756,2060.499755859375,536090,1818.1853125,2018.2127700163658,1941.0174627377462,69.31338988505794,77.19530727861957,13837205.535116917,138045550.0,69.7666639310846,70.18855333047314,47.36653087643919,2165.166605205772,1789.0923181340718,49.1965117424024,1030.4299595519005
2023-09-06,2068.986853005635,2083.9136231805855,2048.468668537013,2064.294189453125,331114,1824.4525805664061,2025.3022191604825,1950.1490721240707,69.67081438836587,75.15314703641184,13801764.16809447,138376664.0,72.09958669351708,67.46145010499265,47.65643392534172,2141.3157838437332,1848.2682859804854,48.21425766391456,1030.964610594224
2023-09-07,2069.785566941833,2089.754554563076,2052.512343897047,2084.5126953125,303430,1831.3398852539062,2034.41152318387,1960.1019331009913,71.57094976088575,74.30959008287869,14019778.328166734,138680094.0,84.53048352602552,75.46557805020905,47.99998364162362,2125.4808890198333,1894.0416817809478,47.430540021208465,1031.458822683535
2023-09-08,2096.743547570125,2128.2446720015027,2064.0943039389404,2083.314453125,548262,1837.6750439453126,2041.935050867121,1969.228786436103,71.28590851084462,72.70626443101787,13800046.865131717,138131832.0,68.10773130861064,74.91260050938439,48.767187500680656,2125.882176097886,1912.7207535896143,48.62481345273375,1032.3645348928699
2023-09-11,2090.7028604978627,2103.08377806037,2074.5280306094933,2082.515625,623499,1844.0970678710937,2048.1782161183332,1977.620404107503,71.08265969350079,70.55781201083028,13525357.303473603,137508333.0,67.54070889390208,73.39297457617938,49.47959108409076,2118.9366976419833,1939.630209096298,47.1913087383154,1033.387636022932
2023-09-12,2090.7030914522365,2108.6751808162057,2029.9974405070031,2054.209716796875,722560,1850.204580078125,2049.106139299647,1983.2936865289378,64.1076817172447,65.81245277070934,13247518.320809774,136785773.0,47.44867167393711,61.03237062548326,48.43499250751033,2112.4143892010607,1958.912698201283,49.440339564807346,1034.5456273289294
2023-09-13,2058.303410521996,2069.785578468153,2009.229598793301,2062.197265625,355761,1856.7753759765626,2051.1201587343166,1989.1383960916091,65.14698114458923,61.98176264270751,13514117.993393779,137141534.0,53.118375934945675,56.0359188342616,46.788200163152744,2108.653114956341,1973.5420754733461,50.23431385838195,1035.105302658577
2023-09-14,2047.8197349120264,2085.7108411766358,2044.824386689337,2055.30810546875,287994,1863.3012426757812,2051.7644582319217,1994.0398560454714,63.44072299034603,57.724602186450284,13373813.400265494,136853540.0,48.22832749416139,49.59845836768138,45.55134206651537,2105.0435135288903,1985.5086959437658,49.5666096175903,1035.5645693715874
2023-09-15,2069.7855306716806,2082.266147716252,2047.8696158938242,2067.039794921875,359579,1869.6104418945313,2054.114510030376,1999.447258925205,65.116254185798,54.66725110517109,13415041.890992386,137213119.0,53.04480081726967,51.46383474879223,44.402830976780656,2099.773422146485,2000.3888581269525,48.483032632221544,1036.1395252393893
2023-09-18,2069.785620464123,2069.785620464123,2044.4749523758983,2052.1630859375,323336,1876.64951171875,2053.8142909391645,2003.3521350001897,61.280853701365494,50.462155938974774,13288132.974197712,136889783.0,36.073991291079864,45.78237320083696,43.21265070134689,2096.1233592149256,2009.5703541639803,46.82786373622177,1036.6508400274763
2023-09-20,2048.818108848155,2084.9619273181142,2019.313881189086,2058.4033203125,451829,1884.3365747070313,2054.520295458139,2007.4300005788796,62.2843631630549,47.090294879259545,13374377.63308406,137341612.0,41.31722158686223,43.47867123173723,41.227245574483675,2095.8752892072907,2013.188199562241,48.17216247856509,1037.3636172093684
2023-09-21,2059.801150884295,2108.7251724031175,2031.9443877249225,2055.008544921875,298279,1891.6282495117186,2054.5954107602524,2010.9543371968794,61.352773363238235,43.641073563373084,13255298.514236188,137043333.0,38.4648304576426,38.61868111186154,39.92349673559056,2096.120682253387,2013.6666956763008,50.215635492824376,1037.8387006735106
2023-09-22,2066.2410773517395,2076.32551387111,2046.521701555969,2062.696533203125,394776,1899.1755297851562,2055.841737289925,2014.7870924566014,62.712934170820475,41.05464483332344,13289020.403755756,137438109.0,44.924506592782926,41.56885287909591,38.71287281376124,2095.818937858094,2013.653938118468,48.757648122989856,1038.4647394943388
2023-09-25,2076.7747474131256,2170.129766106937,2037.935041462703,2153.705322265625,1841241,1908.9813012695313,2070.8976734400326,2025.0773317017142,74.26117709549243,45.82034173831835,14672733.9270095,139279350.0,89.79215241628894,57.72716315557147,39.185960963184435,2117.1771449488783,2006.5785557347158,54.71743930307872,1041.541532390162
2023-09-26,2153.655169051737,2181.61174982756,2138.129233475614,2147.614501953125,1021206,1918.2329296875,2082.700262442047,2034.1541591277446,72.63970708489072,48.5461033143024,14097059.321855357,138258144.0,80.27797676821059,71.66487859242746,39.769172316585355,2129.261102143548,2008.9920716845766,53.914944806569224,1043.295894593808
2023-09-27,2139.677214312691,2146.8660017446205,2087.6081719545227,2110.572509765625,582180,1926.6109228515625,2086.9883004918283,2039.8147776935134,63.55153817414376,47.173522798314934,13966106.720301244,137675964.0,58.78967768083098,76.28660228844348,38.74581386988898,2134.093211912868,2010.6049692394758,54.350043748857296,1044.2570078753056
2023-09-28,2118.80944105858,2128.6939920157483,2042.6277076951008,2061.3486328125,3956535,1934.0843139648437,2083.04373623347,2041.4098780726974,53.90074067521402,41.63385816077266,11730803.118729342,133719429.0,30.234588503795273,56.43408098427893,36.67756424437647,2134.115071562508,2010.7827922070228,56.61548950398517,1050.5164926497362
2023-09-29,2053.460756698099,2087.8575317905375,2028.0004201724062,2076.92431640625,767501,1941.3470336914063,2082.1022870292823,2044.0405772085162,56.16890959258999,38.061709820766055,12217927.952428855,134486930.0,39.27014322932745,42.76480313798455,34.42871859696893,2134.4451713143053,2013.602765697414,56.847033940709885,1051.7063490777464
2023-10-03,2071.0836084650723,2083.065001087428,2048.8181384227837,2055.9072265625,543387,1948.2233569335938,2078.0722777267006,2044.9195882717743,52.42093725843797,33.1526894549263,11899502.775921836,133943543.0,27.07799356786215,32.19424176699494,32.340504781519066,2134.4568942111714,2013.1916775661725,55.23273599241947,1052.5456926904494
2023-10-04,2050.8149804529353,2052.761907947791,2004.4869058853885,2019.1641845703125,551771,1954.3817919921876,2069.009494164179,2043.0117805901846,46.5703782911421,25.997713573994588,11683246.903473388,133391772.0,8.286403170927223,24.878179989372256,30.62337412219645,2135.47982803347,2011.260149993874,54.96042061275461,1053.3652867894014
2023-10-05,2019.8131251568298,2054.9584945915244,2019.164230564447,2044.4249267578125,461744,1961.139296875,2065.2272530247383,2043.116458084083,50.64839968658295,22.110794940655296,11873226.033988707,133853516.0,22.547949787023192,19.30411550860417,28.976302718262673,2135.7286006438667,2009.4038944733206,53.5914127133587,1054.0599893573506
2023-10-06,2052.662403435958,2088.656311171547,2046.9213190868547,2068.88720703125,444220,1968.3810546875,2065.7903228718937,2045.0254024505398,54.287064306600584,20.764920421353963,11896608.218882293,134297736.0,36.358705934491745,22.397686297480703,27.14209498138559,2135.8696137866395,2009.7221830883605,52.92283926338553,1054.7467998161862
2023-10-09,2031.8444292126073,2086.2099476202106,2029.2484852763048,2075.826171875,487722,1975.8185034179687,2067.3342996416027,2047.3069409264258,55.29397120052858,20.027358715176888,12206511.895208323,134785458.0,40.27626187374523,33.06097253175337,25.365947658692445,2135.2258614660063,2009.4972830652437,53.21131234056555,1055.496533818706
2023-10-10,2086.509673304185,2086.509673304185,2043.925781208671,2047.6201171875,351329,1982.6429052734375,2064.301348494818,2047.3301391679868,50.43122034498769,16.971209326831058,11916141.50191317,134434129.0,24.351869755884636,33.66227918804052,23.709475939275478,2134.1190682138354,2007.034642723665,52.45221089449045,1056.0335533585128
2023-10-11,2055.2580942603367,2111.5208147867384,2051.813492623672,2098.041748046875,729470,1990.0444116210938,2069.492179195134,2051.086554640497,57.60825098776629,18.405624554637143,12316252.406294229,135163599.0,52.818588335372525,39.14890665500078,22.45376278762146,2135.8323010140366,2006.8740222281515,53.26995994482958,1057.1775575348604
2023-10-12,2101.735945429656,2104.5316524467717,2066.7902171208493,2073.97900390625,285544,1996.436484375,2070.1824599199213,2052.7822916231453,53.61834274674153,17.400168296775973,12139486.194744715,134878055.0,39.23339971638853,38.80128593588188,21.28774343251416,2136.3435840651982,2008.3396678879271,52.16077961490764,1057.6223497355998
2023-10-13,2071.7825298228518,2106.428675665549,2068.237985657971,2081.5673828125,321887,2003.9687890625,2071.9339865187794,2054.9145206001344,54.684241633459585,17.019465918644983,12042290.587386668,135199942.0,43.51759765122341,45.1898619009948,20.252610465735987,2137.2549512760734,2009.3653123958018,51.162916071526936,1058.1250732377214
2023-10-16,2089.7546493463287,2113.7174355786806,2077.274031516979,2104.3818359375,446019,2012.2908642578125,2076.925963352429,2058.57876618068,57.82255127228613,18.34719717174903,12259798.836343216,135645961.0,56.39803419373836,46.383010520450085,19.481391617807624,2140.518225093592,2011.009411625158,50.11152235653941,1058.8296902858042
2023-10-17,2113.6672257469104,2114.3163640579965,2069.885369601245,2075.776123046875,373789,2020.1097192382813,2076.749064843882,2059.8526444670647,52.877770209762645,16.896420376817332,11985125.278912561,135272172.0,50.070002714421676,49.99521151979446,18.52906217128405,2140.8314963605535,2011.5697731706969,49.7057703636974,1059.412771074785
2023-10-18,2085.860716380083,2087.158505576333,2028.050350491008,2045.7728271484375,432748,2027.0589282226563,2071.983489813814,2058.809695036055,48.22000158759164,13.173794777758758,11811880.094301682,134839424.0,33.23958604078186,46.569207649647275,17.94581363289081,2141.045141507079,2010.7171021452643,50.37736927238508,1060.0653389064119
2023-10-19,2042.7773562269415,2070.7839086620747,2016.8676448878455,2057.40478515625,350097,2034.463427734375,2069.7406121741888,2058.705627637551,50.05675183001786,11.034984536637694,11988226.516122429,135189521.0,48.181863182549584,43.83048397925102,17.678646696910654,2141.0502090477726,2010.612181088946,50.63014745108824,1060.58982839226
2023-10-20,2057.404959142386,2057.404959142386,2021.2610172419143,2032.9927978515625,353937,2040.9024291992187,2064.0871022784,2056.80097357933,46.341461220779856,7.286128699070105,11864054.78329064,134835584.0,25.95468687587817,35.79204536640319,17.430563113500508,2142.0281190923674,2007.4326963373198,49.59541848318706,1061.1135354016626
2023-10-23,2031.8445008822744,2037.984988983505,1976.9297846422128,1988.8612060546875,488451,2044.977099609375,2052.5138874747518,2051.768398207134,40.49065084430314,0.7454892676178133,11566510.186216334,134347133.0,8.68456108537773,27.607037047935147,18.209010406155283,2147.9815197341704,1994.0957629806733,50.413974615908856,1061.8087631408612
2023-10-25,2004.7866101027894,2004.7866101027894,1970.73950933667,1990.1593017578125,512770,2046.930068359375,2042.9208742875303,2047.20476143311,40.7277007989745,-4.283887145579683,11638687.904860174,134859903.0,13.525712385074284,16.054986782110042,19.05552290717524,2137.6561998679504,1988.0664807961123,49.24491219806676,1062.5276504304197
2023-10-26,1976.9298213191346,2037.7852637835917,1941.9840921544026,2027.9505615234375,966275,2049.8315625,2040.6177492469005,2045.7785244027639,47.308310594989855,-5.160775155863348,12406572.284686692,135826178.0,49.88413860006806,24.03147069017334,18.71013815023283,2122.1330989925223,1991.6231876285713,52.57035930028979,1063.8997622210034
2023-10-27,2028.000290531004,2139.6268475164215,2028.000290531004,2118.809326171875,999445,2053.6755908203127,2052.6472226199735,2051.188213422698,59.07308317036837,1.4590091972754635,13033239.189901983,136825623.0,89.46709617237654,50.95898238583961,18.708853999960805,2123.9833726632296,1990.5965955984893,56.79221120691081,1065.454818285672
2023-10-30,2139.8767246546818,2139.8767246546818,2068.787175485022,2116.463134765625,483782,2056.9345288085938,2062.465055257766,2056.0233927814334,58.7085608359854,6.441662476332567,13198350.626478521,136341841.0,88.1685388721969,75.83992454821382,18.712080080451845,2131.562349362536,1988.529069094495,57.813449632821445,1066.2152652176612
2023-10-31,2137.5802361612127,2161.6429643546976,2115.8142341163903,2151.35888671875,749792,2060.5269482421877,2076.1410293286863,2063.0852812212347,62.42266660506258,13.055748107451564,13611632.358848762,137091633.0,95.31815968418061,90.98459824291801,19.101662666963797,2145.4366887759916,1982.09818671229,56.95739824749901,1067.4306738273585
2023-11-01,2160.344879723431,2205.874269060993,2145.6177513345515,2194.2421875,1081257,2064.993010253906,2094.3104382781194,2072.800607612254,66.4200402674026,21.509830665865138,14275431.792864148,138172890.0,95.59207481788519,93.02625779142089,20.152604608442637,2170.036470267692,1971.3319013143396,57.19304963885203,1069.2418990590086
2023-11-02,2206.5730020404417,2206.5730020404417,2171.6272757637835,2186.454345703125,474395,2068.7851220703124,2108.4864240358124,2081.2194030263927,65.0663514502236,27.26702100941975,14203597.483014815,137698495.0,92.39625865423385,94.43549771876654,21.138690119918913,2187.40320612414,1970.6941815711723,55.60395511298105,1070.039200230074
2023-11-03,2191.5963201177656,2195.5401462922196,2176.6195798891704,2193.093994140625,230437,2072.152890625,2121.5029732827065,2089.5064097755953,65.70804054036059,31.996563507111205,14374450.224134894,137928932.0,94.90567918904,94.29800422038632,22.054340952004022,2204.3005688196777,1968.6637256139159,52.98371306227163,1070.4261478878213
2023-11-06,2193.1439890315364,2242.018036419284,2185.256092835445,2229.737060546875,537580,2075.792238769531,2138.1543713233477,2099.8938653882824,69.08328658910307,38.26050593506534,14679409.330886649,138466512.0,95.90680451090337,94.40291411805906,23.578335486118352,2227.434125520389,1961.6151542647676,53.253586670954995,1071.3524745382242
2023-11-07,2230.985313994828,2446.201140652395,2178.3171057624145,2420.241455078125,3419427,2082.880236816406,2181.552384208698,2123.623316476419,80.06756226724237,57.929067732279236,17436107.40192583,141885939.0,94.85148595201188,95.2213232173184,26.623990362338287,2305.722399324062,1917.7684087814073,68.58433297231397,1077.8694934851796
2023-11-08,2446.201196511472,2499.967797866157,2387.3426491274176,2449.046875,2652822,2091.6436328125,2222.7053827919754,2147.7287652559435,81.15766332033279,74.97661753603188,17690102.036059186,144538761.0,90.8741200961768,93.87747018636401,29.699716258680834,2372.539998512271,1891.093485374448,71.73010552705865,1083.2631597502152
2023-11-09,2449.196313964808,2483.393205017924,2434.4192144799554,2474.20751953125,684007,2101.074987792969,2261.398019213402,2171.912376683744,82.07957008589159,89.48564252965843,18117520.87145731,145222768.0,95.38332785147415,93.70297796655426,32.555747448141766,2433.026904182899,1868.223156852257,70.10466874212366,1084.665826230179
2023-11-10,2473.1090720206726,2500.266845624398,2450.24467938007,2485.489990234375,644072,2109.8623388671876,2295.8737070627826,2195.1403480578647,82.49321322057034,100.73335900491793,18381067.21575994,145866840.0,97.35315925520223,94.5368690676177,35.28574144939029,2486.3345051755155,1856.066654492453,68.67020427799538,1085.998007270165
2023-11-13,2491.131059260519,2560.0240625025936,2481.496120804669,2555.081787109375,1131761,2119.7769384765625,2335.751873223797,2221.802676876495,84.8206090976919,113.94919634730195,19370370.01756035,146998601.0,99.20033078274304,97.31227262980644,38.07277012478549,2548.335443725405,1841.4171563722507,69.37432837941891,1088.422499672216
2023-11-15,2575.799740003892,2575.799740003892,2530.919489461104,2549.19091796875,599328,2129.85228515625,2368.588649338405,2246.053657698143,83.80496955898427,122.53499164026198,19259032.99676357,146399273.0,95.80180417990235,97.45176473928252,40.72163731968091,2599.7716053432023,1834.4619029575788,67.62475139108814,1089.7206439750012
2023-11-16,2552.535902113874,2554.183246126158,2487.5367483885866,2540.754150390625,766675,2139.4693505859377,2395.075649500285,2267.883323823512,82.28532508572128,127.19232567677318,19716741.964862525,145632598.0,93.6024781246149,96.20153769575342,42.061691376921765,2641.882140273997,1838.8491707611593,67.55487613012265,1091.3501651753752
2023-11-17,2543.5999093267337,2609.647242010515,2540.804202153638,2572.405029296875,717236,2150.352448730469,2422.3570925459144,2290.440487191909,83.49451595749834,131.91660535400524,19657967.616295327,146349834.0,93.11426096718776,94.17284775723499,43.623495710853796,2682.532362923392,1850.8621683266078,67.65046295082033,1092.920828609338
2023-11-20,2590.9761352364526,2633.2105926672843,2581.2912250247814,2618.68310546875,568578,2161.516115722656,2452.5610945340427,2314.754755212416,85.09638664327186,137.80633932162664,19908359.552349266,146918412.0,97.19219376819302,94.63631095333187,45.196878109320025,2725.7909166132654,1863.731446667985,67.16154155221955,1094.194438593999
2023-11-21,2630.8143741146105,2647.887957317073,2601.90931111577,2609.697265625,519349,2172.4241772460937,2476.735890086498,2336.602348576311,83.40379167959684,140.13354151018666,19564947.284749165,146399063.0,92.3963852051774,94.23427998018605,46.73408544280215,2757.8695472426516,1889.3232628159421,65.64847759858266,1095.362625173747
2023-11-22,2620.929603228606,2642.9454606481368,2603.4567392070817,2623.076171875,395438,2183.195446777344,2499.249779592421,2357.8226317836215,83.9167274272951,141.42714780879942,19562445.23872362,146794501.0,94.79029313082258,94.79295736806432,48.16149225246412,2779.6878447786216,1930.926461862003,63.77992358733069,1096.2528353591927
2023-11-23,2640.698999206592,2660.368403465352,2627.4195735481608,2650.93310546875,398832,2194.5478198242185,2522.585675881087,2379.5345187232606,84.95910520660524,143.0511571578263,19732856.45534294,147193333.0,98.04954605845855,95.07874146481949,49.584431899703546,2796.445220009326,1980.2464670023924,61.8879455875465,1097.16319207906
2023-11-24,2655.8254148747624,2663.8629812429936,2635.906398231448,2645.59130859375,325606,2205.8093334960936,2541.5096193753425,2399.2424290840377,83.83702136954979,142.26719029130481,19632847.762576476,146867727.0,96.23688026776897,96.35890648568333,50.92575025819294,2806.5112321471906,2031.9445295715595,59.464276832117875,1097.9066745025673
2023-11-28,2664.362217192544,2679.338958154841,2640.948627573899,2667.607177734375,535972,2218.077282714844,2560.9092437382706,2419.121299354433,84.73203506248349,141.78794438383738,19841242.181432154,147403699.0,97.65842939495643,97.3149519070613,52.262085496171316,2822.5198677366316,2070.815679138368,57.95899495703386,1099.1401281271749
2023-11-29,2689.8228077559443,2715.7824933541824,2663.8631221577057,2672.25,460234,2230.278337402344,2578.03859085546,2437.871573476327,84.92165882235672,140.16701737913309,19529697.437404208,147863933.0,86.74567226864039,93.54699397712191,53.703593689790374,2830.190519546726,2118.723713851711,57.5275932598512,1100.212162936854
2023-11-30,2672.249866088702,2805.3931905570576,2670.852134439053,2782.678466796875,2343154,2244.8257446289062,2609.5216486926006,2463.4128248334046,88.56074924538422,146.10882385919604,21081656.580261353,150207087.0,93.87700344903395,92.7603683708769,55.429403380390696,2853.416527804926,2158.629663601324,63.02855489257645,1105.88456524939
2023-12-01,2782.678338612453,2833.000088350572,2748.131893595617,2803.34619140625,1049846,2259.551872558594,2639.340809110085,2488.593074209171,89.09139512855256,150.7477349009141,21397846.69936751,151256933.0,92.25252047408502,90.95839873058644,57.128822779846246,2875.9055450924684,2197.0510467044064,64.58852916846062,1108.4777212601753
2023-12-04,2842.5853284390514,2862.554315642698,2767.9512387654236,2812.482177734375,685830,2274.7582543945314,2665.9779427445915,2512.5848596554824,89.32708330547739,153.39308308910904,21357675.485131852,151942763.0,86.85971366404902,90.99641252905599,58.80478645525911,2887.191685468586,2248.367689531414,66.7324254333759,1110.1869916352457
2023-12-05,2815.627374527133,2894.0056542790408,2813.1312509681547,2870.29248046875,676125,2290.996037597656,2697.410948548308,2539.081720456465,90.69681286706764,158.3292280918431,21637307.429576296,152618888.0,94.16605465592943,91.09276293135447,60.458497485493176,2897.7189436984954,2305.560279934317,67.78892908418231,1111.912949449718
2023-12-06,2885.718272967179,2907.9337710843547,2850.1736222369277,2863.403076171875,487235,2307.163928222656,2722.948198951934,2563.1055245835323,89.22717623167773,159.84267436840173,21373266.209946245,152131653.0,89.40746663072694,90.14441165023511,62.0358961746786,2897.31034657943,2369.3354786158825,67.07258763869979,1113.1650555821855
2023-12-07,2877.481347413294,2913.4754988849695,2832.151839829234,2840.788330078125,961559,2322.7257641601564,2741.0774498944247,2583.6746212868356,84.39303560346036,157.40282860758907,20615940.39432723,151170094.0,80.49563531069403,88.02305219911678,62.936705964352505,2914.058567616083,2394.6419450792296,68.09052131134519,1115.6144912398086
2023-12-08,2852.869477273635,2882.822958831622,2795.85791987011,2836.894287109375,688323,2336.3895434570313,2755.8185017736478,2602.431633569987,83.55361221047926,153.38686820366092,20577218.10156623,150481771.0,76.94616578753921,82.2830892429867,62.703385101886695,2927.077819427225,2420.407434479025,69.43870114349997,1117.3400379013008
2023-12-11,2854.516745414345,2902.8418406345413,2836.694570618085,2876.931884765625,577553,2350.9758911132812,2774.4513299262594,2622.7649855104046,85.18523980010897,151.68634441585482,20702314.85542826,151059324.0,88.27099487881044,81.90426532568121,62.626358648923045,2944.5802087565326,2443.177481673155,69.20359892013971,1118.813470683223
2023-12-12,2892.408010845841,2905.3878532320327,2845.2812472422347,2879.078857421875,462633,2366.346018066406,2790.5478726178926,2641.7511982445876,85.26963296384231,148.796674373305,20759953.780044712,151521957.0,88.90498062154919,84.70738042929959,62.57291117840138,2957.436696077231,2469.6798810712066,68.55381371082959,1119.994915219608
2023-12-13,2890.5111642157863,2969.338699717201,2882.573539822945,2958.85498046875,887243,2384.296145019531,2816.441273825717,2665.240367298229,88.00411991039277,151.20090652748786,21432787.989039436,152409200.0,96.93385995515558,91.3699451518384,62.9355071162965,2988.418271396212,2479.075625088163,70.10424432400791,1122.333944244528
2023-12-14,2985.5633266120713,2990.3559324515504,2939.934238098027,2980.121826171875,425400,2402.3600952148436,2841.622897263587,2688.564919807388,88.61107937671989,153.0579774561993,21685500.860326566,152834600.0,97.11267605353366,94.31717221007948,63.389717775565536,3016.6905073948296,2493.896479909858,68.69834789754474,1123.4737758560464
2023-12-15,2995.3481197476794,3019.860100613359,2975.4291035037686,2985.114013671875,682553,2420.9442309570313,2863.6984536340933,2710.5315193529054,88.75491380574645,153.16693428118788,21300508.793909334,153517153.0,90.83002510777351,94.95885370548756,63.96806900471467,3037.726609811807,2517.296363821006,66.96496569840514,1125.3227652004866
2023-12-18,2993.900360163274,2996.8457370061224,2956.60817927442,2966.84228515625,646708,2439.89779296875,2879.5667354067327,2729.517502005005,84.54621463772412,150.04923340172763,20982770.966043416,152870445.0,85.10722880651825,91.01664332260845,63.93243312161338,3052.010902003951,2542.4557972147995,65.05586512935496,1127.052529922922
2023-12-19,2983.3667717357603,3008.9271735767397,2952.4148407036955,2996.14697265625,533290,2458.9322338867187,2897.502156522043,2749.2678331643565,85.7161027777034,148.23432335768666,21274855.091063906,153403735.0,93.20556255003478,89.71427215477549,63.98103598091926,3071.1047771666376,2561.1083087708625,64.44561282533276,1128.4860601130736
2023-12-20,3017.313971910851,3020.309319996798,2923.160148323499,2944.377197265625,713170,2476.4420336914063,2904.713701251825,2763.7203786533396,74.92512478710749,140.99332259848552,20873192.89979625,152690565.0,72.10197637064456,83.47158924239919,63.138666631081136,3075.0671010044057,2590.6139780971566,66.7815813144732,1130.3757540148072
2023-12-21,2905.4378395484578,2965.2948334956227,2875.035103476815,2950.61767578125,631420,2493.9378637695313,2911.775851179429,2777.564622885037,75.32832734537078,134.21122829439219,21299262.165375084,153321985.0,72.38382703042856,79.23045531703595,61.074313865068795,3076.318793695655,2622.116435796532,68.45859193621138,1132.016150429179
2023-12-22,2974.1810367221356,2977.326054737693,2923.8093146799065,2960.901611328125,518707,2512.2034936523437,2919.3336604330743,2791.1451405474877,76.01285223847435,128.18851988558663,21499583.786951523,153840692.0,73.53203916966379,72.67261419024562,59.30198654636322,3077.4258292558948,2652.0062508222304,67.39131680203818,1133.3792166844119
2023-12-26,2981.4696630824697,2987.3104454474014,2957.0573817802197,2965.39453125,315645,2529.5505493164064,2926.419948251063,2804.0525028217476,76.32194630511665,122.36744542931547,21357909.89766872,154156337.0,75.53377313939579,73.81654644649602,57.77813019303396,3072.139781164419,2689.2726211793306,64.73858443526272,1134.2149147702141
2023-12-27,2971.0358713849737,3054.9555925401173,2970.936172701815,3006.08154296875,584065,2548.1926000976564,2938.67557820763,2819.0176169067104,78.96532650415367,119.65796130091985,21262474.329399206,154740402.0,81.1368241683844,76.73421215914799,57.087139675015024,3069.568056848441,2725.691782018747,66.51161849632376,1135.7935461597108
2023-12-28,3020.3094119357497,3040.2783997832585,2998.3435253034895,3021.307861328125,503705,2566.9874096679687,2951.388237149245,2834.002079456445,79.87097598948324,117.38615769280023,21310446.234161112,155244107.0,87.01349538756882,81.22803089844966,56.445505622568874,3060.837175170939,2769.3284498290604,64.75613678085556,1137.1596024025607
2023-12-29,3025.601210864842,3055.6046635447447,2996.7458774693546,3050.212890625,430702,2585.904030761719,2966.592029991669,2850.0176950985597,81.49942025317992,116.57433489310915,21662239.11846493,155674809.0,97.536992083069,88.56243721300739,56.002310391455126,3072.2456005020686,2784.673466880744,64.33489744475088,1138.3349078588174
2024-01-01,3057.0524493261646,3062.2443375007174,2990.8552047549397,2997.445068359375,421730,2604.3374096679686,2971.338651279008,2860.9382412660275,70.31577485620949,110.4004100129805,21318368.11663473,155253079.0,70.13350562801135,84.89466436621636,55.657752913159506,3072.7706452419875,2803.558309836137,64.83877139482422,1139.4738075144069
2024-01-02,3010.774019094102,3013.2201712291967,2936.189902011185,2990.555419921875,408928,2623.2330615234373,2974.2950772240642,2870.539513759053,68.98472482828451,103.75556346501116,21486656.91034118,154844151.0,61.70652694957913,76.4590082202198,53.7917964766343,3070.321835981444,2823.8144433154307,65.70959266790904,1140.5551607749542
2024-01-03,3004.3340931054377,3103.0806362812855,2983.716211539925,3053.607666015625,714968,2643.157119140625,2986.4970139612274,2884.10011762991,73.86128918283988,102.3968963313173,21608959.370645545,155559119.0,78.30566130489417,70.04856462749487,53.07685677151305,3082.513995752011,2829.953802099552,69.54208067315555,1142.5113064505626
2024-01-04,3069.2333837395354,3103.629916011792,3056.1038719417634,3063.093017578125,299498,2663.759123535156,2998.281014517673,2897.3588509594074,74.51057499559306,100.92216355826577,21397549.288786374,155858617.0,82.26692111507803,74.0930364565171,52.41832195144833,3093.1363381660294,2839.3004538261584,68.14780705337066,1143.3413425490294
2024-01-05,3080.6656765699367,3091.7485625014347,3040.2784467765005,3060.796630859375,258565,2685.19783203125,3007.898801647166,2909.4653531742197,74.03112603407459,98.43344847294611,21345134.369961277,155600052.0,81.26235469763203,80.61164570586806,51.399806165638175,3096.6616665571923,2857.77595551312,66.95654338705377,1144.0536538704248
2024-01-08,3076.1725614051634,3078.4190725049393,3033.089568263172,3039.8291015625,303947,2706.1912280273436,3012.811155480294,2919.121927128907,69.62576636688041,93.6892283513871,21131568.280231338,155296105.0,72.08999900663542,78.53975827311514,50.26644809766565,3090.8091868402616,2883.9219166753637,65.41175487667616,1144.884285962227
2024-01-09,3064.2412146557567,3138.126470401774,3054.0570795080425,3110.619140625,723237,2727.844599609375,3027.858537810249,2933.306905906395,75.02857841631753,94.55163190385383,21381521.997117933,156019342.0,89.54457149305858,80.965641732442,49.88320845067107,3102.7497640020697,2895.3500650994924,67.760727302576,1146.9101445536915
2024-01-10,3121.6518931821715,3185.003455695525,3107.3240475029834,3168.678955078125,951897,2748.8419921875,3049.523217389922,2950.741872511708,78.41913875851394,98.78134487821399,21933332.448423207,156971239.0,94.73349440336354,85.4560216343525,49.957993066726765,3126.627965300508,2900.4318735666798,68.46920450900213,1149.6419015291638
2024-01-11,3185.053420271113,3208.2173963934024,3163.5867592880945,3170.87548828125,485141,2769.9302392578124,3068.192797527049,2967.048066272415,78.5378653333882,101.14473125463428,21606650.368206266,157456380.0,86.87030695922013,90.38279095188074,50.22069417378833,3153.341226298335,2894.920663350102,66.76644969445253,1151.0501762681574
2024-01-12,3198.033231369603,3235.924335015095,3157.196750927804,3207.1689453125,597455,2791.0464404296877,3089.5737433401955,2984.834798053162,80.45153541476019,104.7389452870334,21767662.371664796,158053835.0,90.40637760086112,90.67005965448158,50.68380695909099,3185.46001335743,2885.50658820507,67.62081643679815,1152.7981790476686
2024-01-15,3232.979026292308,3232.979026292308,3175.5681881169503,3188.348388671875,381958,2810.928564453125,3104.769842621992,2999.9098788397337,76.63549531269945,104.85996378225855,21555759.364718467,157671877.0,84.1273003350271,87.13466163170277,51.113840259729166,3207.651520035773,2883.638519026727,66.89153227526668,1153.9135132088004
2024-01-16,3198.5825542893544,3219.89930225672,3138.2760655887596,3161.190673828125,370700,2830.423291015625,3113.449970499859,3011.8566043944293,71.3745090232734,101.5933661054296,21393197.282818623,157301177.0,75.06670807287759,83.20012866958858,50.46508236921636,3220.5792017351864,2890.1456761945014,67.94379687474482,1154.9811471587873
2024-01-17,3148.1109109686563,3179.01287068262,3112.3164030108596,3142.968994140625,420338,2849.420791015625,3117.991358752284,3021.568633264518,68.00136637204689,96.422725487766,21359220.03924467,156880839.0,68.98743332793619,76.0604805786136,49.19723966571721,3229.7804655922596,2895.626614485865,67.8547019316745,1156.173385594871
2024-01-18,3133.134114170203,3180.0612344270544,3085.2085445461844,3146.86279296875,439730,2867.7633056640625,3122.43311786251,3030.8496821314984,68.34563305266553,91.58343573101138,21491139.03924467,157320569.0,70.28651624914137,71.44688588331836,47.36876462779224,3234.447825329556,2911.2078143188814,69.78312964233132,1157.4144705397543
2024-01-19,3165.0345917637287,3213.758970697117,3142.669422955972,3205.072509765625,406436,2883.4599267578124,3135.146870462989,3043.755076771063,73.01898511491648,91.39179369192607,21798249.876901332,157727005.0,89.70694659926923,76.32696539211558,46.13048716484831,3246.746781380803,2924.354341666072,69.87644522081801,1158.5890166053605
2024-01-23,3202.027060286452,3220.747985568763,3145.1154474282266,3159.243408203125,344687,2897.663857421875,3138.8540301153175,3052.309767988253,64.89553987891416,86.54426212706448,21582336.141301602,157382318.0,69.5961709102049,76.52987791953848,45.07293049090178,3248.991205214213,2941.944097520162,70.2875947150836,1159.5781010072585
2024-01-24,3159.193727894664,3236.2739699883377,3125.1465071016114,3217.752685546875,339968,2912.5347607421877,3150.9922847970956,3064.5647989185213,69.55270144274017,86.42748587857432,21808981.226057626,157722286.0,90.88449492962786,83.39587081303398,43.58665792512011,3258.217360532892,2957.95375763117,73.20472815591522,1160.5614089124276
2024-01-25,3218.05238611293,3247.4566721785527,3175.0690907080084,3226.788818359375,489321,2927.3607373046875,3162.653289960523,3076.581392951177,70.21001389782765,86.07189700934623,22018883.721026648,158211607.0,90.35866350681485,83.61310978221586,42.37641917624772,3270.0830693808907,2968.1587763222346,73.14636053553158,1161.9912917121346
2024-01-29,3242.963583308253,3289.8907041258294,3220.598414721294,3241.365966796875,604096,2941.0864208984376,3174.7629325507314,3088.787657680488,71.28691926607964,85.97527487024354,21776894.248216353,158815703.0,81.10415782782732,87.44910542142333,41.848539204031546,3283.0310063078377,2977.216649942162,72.87106974046044,1163.7831498405762
2024-01-30,3257.9403332913776,3269.9217258747353,3024.3531491374088,3050.212890625,1206541,2951.1068603515623,3155.6013876390803,3085.9302675282293,47.1940733535636,69.671120110851,20824464.24864418,157609162.0,9.738638095360525,60.400486476667545,39.84687620520738,3283.0310063078377,2977.216649942162,85.2066059545223,1167.1205083132515
2024-01-31,3049.2644710631726,3099.6861658204384,2987.660191765618,3082.163330078125,986931,2961.9350439453124,3144.3032249373946,3085.651235124518,50.222332428438115,58.651989812876764,21502648.461161945,158596093.0,31.26856304960832,40.70378632426537,38.405950792873575,3276.655716266958,2992.063766154917,87.1222751045436,1169.760440251738
2024-02-01,3084.210119403711,3128.9407001565382,3056.8027328121166,3097.98876953125,742113,2972.44671875,3137.1779241056797,3086.5651265620536,51.699816363252225,50.61279754362613,21607930.928289972,159338206.0,36.504778059647926,25.837326401538906,36.59724743110807,3267.251439364881,3012.211378017931,86.05196740739203,1171.780617272608
2024-02-02,3125.1464628955537,3208.167428774046,3103.1805772138596,3121.20263671875,892545,2982.497109375,3134.7201875846135,3089.1308680551424,53.86309795154121,45.58931952947114,21021814.759362612,160230751.0,44.1856263652064,37.31965582482086,34.166289575951275,3264.7699862936984,3021.452328159427,87.77530253849231,1174.267228269701
2024-02-05,3170.07689847237,3175.0691455565784,3002.0378128655,3022.4560546875,808544,2990.75228515625,3117.448782523519,3084.1919929908727,44.69319158208714,33.25678953264651,20404092.23266423,159422207.0,11.513021187090054,30.734475203981443,32.713649647487436,3269.2015447854396,3012.9570733786227,93.86501897796272,1176.425814612609
2024-02-06,3020.3094512587522,3116.5598764320575,3016.964548245922,3030.2939453125,718388,2998.896640625,3104.040346029516,3080.199545014697,45.486495294981275,23.840801014819135,19877995.96108685,160140595.0,14.10636974206933,23.26833909812191,31.36476971391387,3272.1121652238735,3006.9961843855017,94.27432677854651,1178.3275180060698
2024-02-07,3075.2241857241856,3629.0640252254116,2950.4180093555096,3601.90625,5846891,3017.916103515625,3180.6351004865137,3118.8444861247194,74.36520520931073,61.79061436179427,25256930.035584405,165987486.0,95.99824141152583,40.53921078022838,32.07469060279116,3402.5562737203363,2932.759790732789,136.01516171364332,1196.4356118623248
2024-02-08,3729.5578771834,3931.2943733497036,3614.0370923739265,3835.992431640625,7374486,3041.7241259765624,3281.4593052794544,3171.966556162935,79.2200656264674,109.49274911651946,28200924.5887383,173361972.0,90.28400059300003,66.7962039155317,33.72016338997926,3576.2155719813754,2831.637821573312,149.82751611621907,1222.9382035314165
2024-02-09,3794.107688122637,3852.0177528360878,3661.413861482329,3753.720458984375,2001715,3063.4463916015625,3354.1148673879034,3215.059437853412,73.92127034593179,139.0554295344914,28138010.517790414,171360257.0,81.89640194384582,89.39288131612386,35.24810240665393,3675.1996159620858,2791.1579279832267,152.74011434747192,1229.9338253048393
2024-02-12,3761.957649507093,3828.7038447781906,3694.362674752128,3796.154541015625,1087518,3085.924482421875,3422.1209710229377,3258.103519569131,74.8554562025554,164.01745145380664,28698542.58008583,172447775.0,86.22254166837294,86.1343147350729,36.666902922137545,3768.510865893271,2760.3745833254793,151.4259040387998,1233.7443277256502
2024-02-13,3779.130806442206,3873.983495111165,3761.1587180628244,3845.278076171875,1288707,3107.176474609375,3487.2220641227746,3301.5979311693345,75.93037501659664,185.62413295344004,29331491.593360167,173736482.0,91.23066878402854,86.44987079874909,38.11954561956058,3859.2253812541935,2733.470981050494,148.66868068233845,1238.3402458372502
2024-02-14,3796.254118500544,3944.3741778544218,3786.2198974900757,3914.919921875,725269,3129.40794921875,3553.021734546194,3347.0291897401244,77.40508926575569,205.99254480606942,29786616.039185267,174461751.0,97.03666450162444,91.49662498467528,39.6709146996313,3953.760559819003,2711.592955805997,149.34622351676757,1240.974454641994
2024-02-15,3925.0046061371013,4000.6371495801313,3869.740333324398,3946.52099609375,964837,3152.0887255859375,3613.560082476587,3391.435990210763,78.06191994021478,222.12409226582395,29953675.542758916,175426588.0,94.84715604451782,94.37149644339024,41.265533004268356,4042.0605072053863,2701.8260406461764,148.02840871240798,1244.54628939649
2024-02-16,3963.844183495036,4030.041428561233,3924.2057904124986,4018.359619140625,736660,3175.050068359375,3675.8369342710544,3437.874777538901,79.5194742145155,237.9621567321533,30527715.05162168,176163248.0,98.91797369223409,96.93393141279209,42.82589527786168,4132.984715253467,2698.440895098096,145.01463938643127,1247.319460624098
2024-02-19,4041.7230470468767,4093.442529368516,4007.476184926455,4040.874267578125,374829,3198.5994921875,3731.996524010604,3482.541406430695,79.96866199293254,249.4551175799088,30444129.561008774,176538077.0,95.40095064716611,96.38869346130599,44.4428672395103,4215.5264385344235,2705.300319278076,140.79690403326194,1248.757323992318
2024-02-20,4051.657577666275,4067.882379950508,4004.3311749697027,4019.6572265625,468003,3222.1768701171877,3776.2520167108955,3522.3277634774954,78.22745516599332,253.92425323340012,30201854.40128341,176070074.0,93.54473141090828,95.95455191676949,45.90420758000322,4284.131244644515,2718.1539848476727,135.2793541009436,1250.53987295234
2024-02-21,4038.8276540124302,4040.774581536302,3867.8431989799396,3888.710693359375,614056,3243.2131982421874,3793.5533515798925,3549.467239765042,68.33771548017619,244.08611181485048,29735993.713658042,175456018.0,82.08858756531214,90.34475654112883,45.64786622222524,4321.460835448172,2753.7711225596418,137.96878470490208,1252.7927767194888
2024-02-22,3915.918515936196,3959.850289189942,3823.76158829013,3947.868896484375,1012228,3264.6319384765625,3817.294204642121,3578.9784735961034,70.17235313705889,238.3157310460174,30569986.473033633,176468246.0,87.26417234842133,87.6324971082139,44.947583637084584,4362.969714134097,2785.2738649674657,137.8344930045385,1256.4679267112867
2024-02-23,3943.8750597895723,3943.8750597895723,3862.4514639166955,3879.774658203125,555204,3284.6458544921875,3826.9065821130444,3601.2596724558825,65.46984612670816,225.6469096571618,30251026.197165366,175913042.0,81.30679898599554,83.55318629990965,44.29732123659683,4389.442046698053,2824.1001163878846,134.09041725904856,1258.4679577298928
2024-02-26,3868.9914362181844,3907.8809917085327,3818.0705166705384,3838.638671875,671311,3302.2415283203127,3828.7115189994993,3618.8433020424836,62.73477884109867,209.86821695701565,29887198.90288279,175241731.0,77.70792725508491,82.09296619650057,43.204283198335084,4406.735248654394,2866.5341849393567,130.92756424325898,1260.8451162830872
2024-02-27,3858.807308276222,3988.8053720238095,3835.8429719666983,3931.39453125,861671,3321.266982421875,3844.508905499576,3641.995244946744,66.16697173761844,202.51366055283188,30102053.99829527,176103402.0,66.19813093184742,75.07095239097593,42.646222557762975,4411.3705921715455,2950.0170054847044,132.50148108710556,1263.964890067093
2024-02-28,3933.840766766092,3948.817508154378,3878.9760195660847,3918.71435546875,411252,3339.9389892578124,3855.9251285717564,3662.492956837263,65.28179764581186,193.4321717344933,30158789.449507248,175692150.0,59.556347324202086,67.82080183704478,42.128023391517445,4405.583142926157,3039.459557269155,128.02576733719042,1265.4495126942368
2024-02-29,3925.353922039015,3963.794224694643,3776.1357050282163,3875.781005859375,1235124,3358.117763671875,3858.979878923698,3678.2920715796417,62.24546510542782,180.68780734405618,30235349.062514056,174457026.0,45.459155356672625,57.07121120424069,40.51330317396967,4383.675632912036,3139.146290916089,132.2852496464216,1269.8251487687953
2024-03-01,3917.915407221243,3922.857682950418,3852.367302258158,3895.20068359375,645099,3376.098837890625,3864.552310411398,3694.3593761732795,63.081893139842066,170.1929342381186,30374237.074496333,175102125.0,40.339601560549966,48.4517014138082,39.01392011481816,4350.410045614736,3249.811682900888,127.87133043541007,1272.1206634715575
2024-03-04,3903.5377889166316,3930.6455920466137,3836.54173809338,3913.721923828125,291319,3395.485732421875,3872.116866321664,3710.608453777342,63.90326553046367,161.5084125443218,30560774.26387693,175393444.0,43.36062392794701,43.05312694838985,37.44670538042372,4264.814294465572,3424.5340209641154,125.45936782954034,1273.157354698426
2024-03-05,3923.406655805832,3929.74690657808,3839.0876583480863,3846.326416015625,549270,3413.3999072265624,3868.1491047361196,3720.6616361653632,58.77860045098122,147.4874685707564,30099218.038294345,174844174.0,22.120769426670705,35.273664971722546,35.991434555628885,4078.3906964263615,3692.560866073639,122.9736450010013,1275.0934359105033
2024-03-06,3870.439144847068,3887.812310740475,3744.434878767029,3865.99609375,1009678,3431.501796875,3867.8178722767166,3731.4271515420032,59.79205730928406,136.39072073471334,30801632.139990065,175853852.0,34.83053015412981,33.437307836249154,33.59946859220005,4041.901381784469,3755.4591650905313,124.4310583561759,1278.591556629211
2024-03-07,3883.9680314273146,3971.8315755829967,3834.3451467190725,3946.071533203125,680535,3451.1153369140625,3879.8568970346255,3747.3267353687534,63.70428935978517,132.53016166587213,31227151.272811834,176534387.0,57.77427918516721,38.24185958865589,32.11872579069735,4045.797592958147,3762.5708640731027,125.36358482101505,1281.0219180320285
2024-03-11,3975.8252391553356,4237.369236625227,3894.0523363872194,3998.489990234375,3757634,3470.963505859375,3898.108142142279,3765.931420914355,66.03412431025659,132.1767212279242,29755676.08820508,180292021.0,51.53933934960761,48.048049562968195,32.397378333379656,4045.6746679444864,3787.170742211764,140.93167877937168,1294.9981274948589
2024-03-12,4019.5575579066185,4072.2757338594224,3951.413387803838,4002.38427734375,899570,3490.5850341796877,3914.150624480967,3783.4464473165326,66.207671023801,130.70417716443444,29614851.62972107,181191591.0,52.329360789033274,53.880993107936014,32.65612712301323,4048.659394323029,3804.8089894660334,139.49815501338688,1298.281172746474
2024-03-13,4016.711884753663,4031.6886254545398,3871.487471176575,3937.934326171875,968084,3508.339462890625,3917.8096555103375,3794.8899938984096,60.68167641052327,122.91966161192795,29449834.716986343,180223507.0,39.25460749897852,47.70776921253978,32.071730005232304,4047.461672766645,3815.2723360224177,140.97694067514243,1301.7252355641722
2024-03-14,3893.9526875329097,4098.634815980152,3864.5983724701787,4074.77197265625,723158,3529.8860009765626,3941.9577043020163,3815.6219923249164,66.98270345040076,126.33571197709989,30025523.324667614,180946665.0,67.01441857786845,52.86612895529339,31.912739366351804,4070.8181210085263,3807.901092858661,147.62404802048746,1304.3557949589172
2024-03-15,4044.768460235498,4138.572731908367,3975.076643886656,4057.598388671875,1197832,3551.2268603515627,3959.748578820456,3833.5461698320983,65.56262380671348,126.20240898835755,30036860.153055023,179748833.0,63.53046910049903,56.599831725781975,31.984058660032364,4086.135938847434,3803.691014277566,148.757765163432,1308.7730864323237
2024-03-18,4057.5982455257526,4077.6671751118033,3999.6881828037926,4064.7373046875,328538,3571.449453125,3975.9006904923085,3850.6714390806465,65.88639164621884,125.22925141166206,30256446.917761274,180077371.0,64.97871791939728,65.1745351992549,32.050283718450025,4094.592320605166,3799.8724010745213,143.7021385309019,1309.9778969165668
2024-03-19,4073.673388698992,4081.6609835787935,3937.584692181956,3949.51611328125,489357,3589.1779150390626,3971.8415247675302,3857.99326679921,56.63195514529356,113.84825796832047,29848140.37204879,179588014.0,41.60416721717262,56.7044514123563,31.418322048845944,4083.656567741381,3801.672338508619,143.72886373561158,1311.7326609687004
2024-03-20,3965.2918341453064,3998.7398891572225,3837.2906693894315,3958.90185546875,607192,3607.14001953125,3969.8508064138714,3865.4679770710272,57.15982448819543,104.38282934284416,30155679.820167005,180195206.0,43.508222399749286,50.03036917877304,29.839564080830748,4076.4075949616617,3802.8457741789634,144.99460345219583,1313.8597288729854
2024-03-21,3958.8518179884813,4009.4731531382176,3951.56308871367,3995.644775390625,622994,3626.2563330078124,3973.8191093333717,3875.1107028724787,59.250875410165975,98.708406460893,30481143.625645865,180818200.0,50.962139810076124,45.35817647566599,28.456642055030425,4081.735174767698,3808.211602576052,138.77427923593524,1316.0834418312954
2024-03-22,4003.781988968846,4018.758729575961,3915.8684728526673,3942.477294921875,678055,3642.89349609375,3968.9972917316027,3880.100820802064,55.06267216845626,88.89647092953874,30153797.14601934,180140145.0,40.17622488627918,44.88219569870151,26.825977932623427,4081.4629572681583,3807.944659919342,136.21113477074655,1318.4754790339416
2024-03-26,3878.9759175800623,3942.477396901641,3860.0553502094003,3875.73095703125,844731,3657.0345361328127,3954.6486248546253,3879.777127189411,50.25961071207062,74.87149766521406,29630379.958467398,179295414.0,26.635611044582664,39.25799191364597,25.027360118285554,4081.6555267512153,3807.3477203190973,132.36905705085329,1321.3748146040298
2024-03-27,3876.4796470620627,3916.41762153276,3861.0036819546676,3869.19091796875,524636,3671.0008447265627,3941.501285333721,3878.9929635434364,49.80121726454427,62.508321790284754,29260770.610107314,178770778.0,25.308854457576537,30.706896796146108,23.357215004971813,4079.0510623861974,3813.00740929349,126.87226294565609,1323.1648410806326
2024-03-28,3869.191009813635,3968.8363072357643,3869.191009813635,3941.878173828125,837624,3685.695029296875,3941.559268179014,3883.6511272682283,54.741810214427545,57.90814091078573,29645171.425037555,179608402.0,26.681538350248953,26.208667950802703,22.0778307497105,4079.4229728622236,3813.683863075277,124.92748625432453,1326.0671128573563
2024-04-01,3968.7864108429994,3977.223259556865,3863.0507164331702,3880.773193359375,523250,3699.543525390625,3932.207564360608,3883.4379469786836,50.26323999573967,48.76961738192449,29284364.790104583,179085152.0,10.868496223222087,20.952963010349176,20.970053553670397,4080.119743142763,3809.192976583799,124.15927603070811,1327.8631801356512
2024-04-02,3893.95252760422,3903.7373801439435,3867.2440070623193,3885.864990234375,604885,3714.03701171875,3925.077937571957,3883.6177279605868,50.62573333872453,41.460209611370374,29296772.874020718,179690037.0,16.122539934447833,17.89085816930627,19.94140330020458,4079.666445543743,3810.6546726203196,117.89742582005927,1329.9191467952573
2024-04-03,3878.9756848303527,3941.8280220136116,3837.0408125619165,3916.76708984375,727717,3729.5129736328126,3923.7993456137715,3886.073236248228,52.870725852291876,37.72610936554338,29676407.956937846,180417754.0,26.440410506003694,17.810482221224518,19.37917584602263,4079.465086956638,3813.012671832424,116.96098179374755,1332.4007275615713
2024-04-04,3943.8752153047485,4022.7027483873508,3908.979456772377,3996.99267578125,910922,3746.5155712890623,3935.05985794723,3894.2894910284517,58.18621584517302,40.77036691877811,30175455.301783018,181328676.0,53.046411658844605,31.869787366432025,19.6023600743165,4084.505367331636,3816.2994666527393,116.72971820954942,1335.5941316187327
2024-04-05,4002.7836337133326,4046.615464749296,3906.1336833037867,3926.502197265625,679916,3760.9441650390627,3933.7432947654447,3896.67561741639,52.575267282676705,37.06767734905452,29692701.928799517,180648760.0,29.6689600549122,36.38526073992015,20.011133813107442,4080.3762846895816,3828.446127419794,118.42629415497511,1337.9578389323021
2024-04-08,3926.5022550277295,3973.8286596503985,3917.5162103199773,3925.75341796875,471027,3776.274365234375,3932.5140829505685,3898.8295285684167,52.517334165214656,33.68455438215187,29359475.619528215,180177733.0,36.265449835170365,39.66027384964237,20.390709427699026,4077.5335760700805,3837.2645684611693,113.98959095322127,1339.5799346546758
2024-04-09,3952.8111614489485,3952.8111614489485,3888.8604293048807,3896.299072265625,483412,3789.84529296875,3926.9425428451927,3898.6420873608026,50.17518460426685,28.300455484390113,28988522.981614593,179694321.0,24.224600717665314,30.053003535915945,20.312035001979947,4077.9084386227337,3831.912459814766,110.41538675256744,1341.225708465087
2024-04-10,3922.907539663024,4106.97177688199,3898.0959755354943,4014.91455078125,1107300,3805.6078076171875,3940.4766979122783,3907.254862428984,58.250194709719274,33.2218354832944,29119788.746875707,180801621.0,65.89601110320112,42.12868721867891,21.496670591424824,4080.094336020217,3831.3690184719703,117.5766237428387,1345.1251061969701
2024-04-12,4040.724489342392,4107.570867836455,4018.758603806061,4047.56396484375,776121,3821.731767578125,3956.9516620555814,3917.648129274522,60.1639750200585,39.3035327810594,28847121.765484698,181577742.0,77.81876659441434,55.979792805093574,22.60080085598607,4087.2075322133364,3828.773791028851,115.79660183657919,1347.9040038107241
2024-04-15,3943.9249582038055,4060.4439502060636,3928.1494095034623,3963.045166015625,597371,3839.9884130859373,3957.8891242032805,3921.010872736826,53.34674202710716,36.87825146645446,28564891.705582723,180980371.0,46.576840908059914,63.43053953522511,22.360653414204172,4088.1467559297093,3830.345651296853,116.97502604129507,1349.9806488124907
2024-04-16,3961.8472399076204,4027.3456183947887,3906.3333554726387,3982.015869140625,577349,3857.9854638671877,3961.600931116718,3925.5297613593293,54.59049233983746,36.071169757388816,28709704.617583465,181557720.0,53.58926069474431,59.32828939907284,21.861262055224874,4072.7767796193452,3836.4400172556548,117.26340010421328,1351.975468610345
2024-04-18,3981.816022711511,4171.421457481745,3970.433797583705,4080.762451171875,1484951,3877.6409375,3979.9334726636653,3937.0284791232216,60.494325005685056,42.904993540443684,28855029.272890043,183042671.0,72.88748386390408,57.68452848890275,22.531130477454997,4078.322637561503,3833.210565563497,123.24370437520089,1357.2920711634076
2024-04-19,4081.6108313853783,4168.276280741013,3957.9030586742983,4152.5009765625,1180675,3898.266904296875,4006.4823194173323,3952.9894048594647,64.14178829872617,53.49291455786761,29858633.188671358,184223346.0,94.34163394122841,73.60612616662559,22.99134323445224,4102.664144049608,3817.645426262892,129.46724135316614,1361.5334444713772
2024-04-22,4208.763524532367,4298.124745062107,4108.619245585222,4162.13623046875,1179181,3921.0605078125,4030.4290749637044,3968.4817623120043,64.61434516937089,61.94731265170003,29345461.48049817,185402527.0,70.5067765306915,79.24529811194132,24.238079528190354,4138.098399064511,3803.4731829667394,133.75568836200316,1365.905901510366
2024-04-23,4208.46432821313,4218.448822467491,4133.580621305423,4151.85205078125,626656,3943.491669921875,4049.109532781788,3982.0647466430596,63.65016944007931,67.04478613872834,28988633.301821698,184775871.0,68.27634103671649,77.70825050287878,25.395763229518604,4165.230388241239,3795.6362133212615,130.2637249905792,1368.2062861279749
2024-04-24,4151.851805963277,4238.417561053806,4151.851805963277,4215.20361328125,641190,3955.7576171875,4074.662468243244,3999.3342923199625,66.92438682288238,75.32817592328138,29285933.24606653,185417061.0,82.01604394860962,73.59972050533919,26.5898630112223,4202.704983319102,3780.1175020324604,127.14244142628989,1370.584539126064
2024-04-25,4243.410295295438,4340.259894976299,4189.194683473446,4316.44677734375,761557,3965.3667041015624,4111.860054258706,4022.824106025428,71.36369380967369,89.0359482332783,29807394.64437933,186178618.0,94.72460216648047,81.67232905060217,28.24978664197361,4262.888724248127,3757.3307093456233,128.85121071747292,1373.4838780336106
2024-04-26,4333.270202021635,4366.2190307466835,4286.792579541849,4298.1748046875,622336,3976.255791015625,4140.523862016982,4043.2204540744706,69.54941036625937,97.30340794251151,29363426.640450966,185556282.0,85.74567927472883,87.49544179660627,29.917635020544544,4305.2709708494995,3757.1928475098757,125.32087075228449,1375.877439101633
2024-04-29,4352.240924987412,4507.999031043396,4046.11624211871,4307.41064453125,2349939,3986.4809130859376,4166.198751634562,4062.79009781201,69.96506266471665,103.40865382255151,29672282.99474612,187906221.0,67.60202223720147,82.69076789280358,28.644599845570696,4341.553235542526,3764.7325554731,149.3610077645989,1384.789041473122
2024-04-30,4443.099931074382,4662.758804071317,4373.25819894593,4403.06201171875,4924865,3997.636591796875,4202.639253185975,4087.9954247680653,73.93347737091266,114.64382841790939,25761438.358039245,192831086.0,66.4430368611455,73.26357945769192,28.42232730208425,4397.241537992922,3755.162636811766,164.07437574856093,1404.5167621565513
2024-05-02,4403.061538503684,4669.448108368427,4388.284683645308,4639.49462890625,1998618,4012.1280859375,4269.847772527555,4128.84721766719,80.71596629415083,141.0005548603649,27334214.602308102,194829704.0,96.11675677201188,76.7206052901196,28.253512984561333,4505.457662406055,3722.8186559533196,172.43787924674362,1412.6731658855442
2024-05-03,4672.942790408061,4673.291857657364,4475.049936450523,4516.63525390625,1313008,4023.53037109375,4307.815077355047,4157.572257388602,70.45674978834339,150.24281996644459,26572067.431032002,193516696.0,79.5743050888844,80.71136624068056,28.11974795601544,4559.356858824515,3731.9964859020465,174.28102510103628,1417.990519695886
2024-05-06,4547.937050748852,4572.898285934082,4473.3029575450155,4502.05810546875,735051,4033.2043408203126,4337.69862014177,4183.089727616762,69.33077221617995,154.60889252500874,26261464.054798447,192781645.0,77.67366139095601,84.45490775061741,27.976344324012736,4602.290338879543,3747.59210740952,168.94633247875274,1420.9226212214053
2024-05-07,4524.972618870805,4550.932302915518,4410.050996998809,4496.96630859375,982212,4042.326181640625,4362.201341442074,4206.339844726168,68.91647371702993,155.86149671590647,26491183.77954781,191799433.0,77.00976668733179,78.08591105572405,27.153570123798126,4641.000472524321,3758.8793370459925,166.9416877243211,1424.793968069329
2024-05-08,4491.974066509168,4534.95711762763,4463.468043984071,4491.62451171875,596788,4051.76552734375,4382.112598407717,4227.472042281174,68.45431712938901,154.64055612654283,26364493.969663534,191202645.0,74.60578832141957,76.42973879990244,26.389565509313133,4667.972256924877,3788.419784090747,160.12364386140953,1427.1496153324829
2024-05-09,4505.801764207794,4541.446598896569,4374.505682476476,4401.11474609375,688477,4062.0136083984376,4385.03600574403,4240.334464785809,60.99111158209524,144.7015409582209,25895492.562404737,190514168.0,61.95395958805657,71.18983819893596,24.756682091115135,4674.846252250842,3829.0819215772826,160.61059190131553,1429.8117292968013
2024-05-10,4426.125951208784,4477.296480195801,4394.175572133963,4464.46630859375,549717,4072.345556640625,4397.2560523362945,4256.936823586398,63.953451060620914,140.31922874989687,26275505.847490605,191063885.0,66.70381566345453,67.75452119097687,23.240433202788427,4679.537958250444,3881.2069392104936,155.07561448421,1431.9383638052482
2024-05-13,4468.759883975685,4514.638338407628,4351.242202228487,4458.775390625,637292,4083.9255712890626,4406.720565919172,4271.8878285522205,63.48704301946989,134.83273736695173,26477034.67033377,190426593.0,65.7964273932868,64.81806754826596,21.76091776795744,4689.392225007497,3915.738756437816,155.66993746241934,1434.3969672510361
2024-05-14,4464.067491719486,4541.94654883291,4441.40249419092,4533.31005859375,559577,4097.818999023438,4426.195872484492,4291.252438184926,66.89259749871013,134.94343429956552,26940479.058300834,190986170.0,77.680605623771,70.0602828935041,20.308203320657604,4707.534926803041,3946.1706640172715,151.7323744038172,1436.5983198571453
2024-05-15,4542.944314365543,4572.398568711429,4502.207777940861,4519.97998046875,413777,4109.590708007812,4440.624196789762,4308.19521909484,65.71215297915303,132.42897769492265,26736237.484947313,190572393.0,75.55519165761235,73.01074155822336,19.27063014800843,4705.1357571016615,4004.263315163964,145.90797557287084,1438.2378333170286
2024-05-16,4523.075846582869,4627.014529434383,4523.075846582869,4589.5224609375,500593,4123.006870117188,4463.5316220432605,4329.034274046147,68.8049756148329,134.49734799711314,26875689.348073903,191072986.0,86.64339067967144,79.95972932035157,18.83675375973988,4705.01961165604,4065.1301197892717,143.13130224378241,1440.2499804679444
2024-05-17,4592.867050909871,4665.7538541090935,4547.936829759667,4627.36328125,752254,4138.038515625,4488.736492690451,4351.13271902421,70.37109700038437,137.60377366624107,27137700.751046628,191825240.0,92.67691930785323,84.95850054837899,18.785434049469732,4716.70154195288,4108.108272500245,141.32313953704275,1443.301356826884
2024-05-21,4682.727495467447,4720.618843665358,4616.480282968114,4660.0625,668195,4153.335751953125,4515.094339968843,4374.016406503898,71.69356969084883,141.0779334649451,27028787.909636933,192493435.0,83.605800456197,87.64203681457388,19.20332411501437,4735.737847298594,4139.828119498282,138.66709819134286,1446.0512523590714
2024-05-22,4676.248475891436,4709.769727287276,4541.065788486526,4642.927734375,742788,4167.919868164063,4534.761016031329,4393.935764123979,69.93210787075171,140.8252519073494,27182977.556993105,191750647.0,78.9669674324449,85.08322906549836,18.652968222856504,4744.109900693935,4179.535216493565,140.8125868063005,1449.069960793888
2024-05-23,4648.972531729891,4707.921463466849,4604.061243678375,4694.48291015625,459499,4184.882998046875,4559.333615127471,4416.1985156819255,72.1493217682317,143.13509944554517,27523566.70257063,192210146.0,92.92431340340313,85.16569376401499,18.14192346585277,4750.39527221023,4227.51293091477,138.17313201931287,1450.9565249915113
2024-05-24,4703.92486221851,4773.7642607957005,4650.071614405019,4711.318359375,549566,4201.789443359375,4582.7158834732445,4438.059244844376,72.85329927705351,144.65663862886868,27518238.854608554,192759712.0,85.22067661213791,85.7039858159953,18.277024248858513,4760.319150109726,4267.200527624649,137.13881161726775,1453.2400157898321
2024-05-27,4754.880614504352,4756.729110717977,4645.974964792023,4677.947265625,611635,4216.426958007813,4597.366865342745,4455.828727865162,69.12355147038217,141.5381374775825,27259735.162813522,192148077.0,77.32260523968401,85.15586508507499,18.347427995981153,4770.76933400835,4292.900392554151,135.2541926393168,1455.7635021682358
2024-05-28,4693.783554633505,4719.661037558803,4596.018157770944,4611.904296875,445558,4228.695244140625,4599.603393270784,4467.38988112515,62.323348838153194,132.213512145634,26928671.363839407,191702519.0,61.69194941689597,74.74507708957262,17.75038687509234,4763.086264540938,4331.956411240311,134.42481314992702,1457.5703846050937
2024-05-29,4645.975140144213,4715.414983636691,4596.118429222775,4668.005859375,744694,4242.00767578125,4610.12684959451,4482.250323958472,65.43417531410175,127.87652563603751,27081474.16368891,192447213.0,74.96973252015981,71.32809572557991,17.195991548552726,4756.707117325483,4374.395079940143,133.34422324021196,1460.6021874383569
2024-05-30,4665.058855608313,4693.933744245333,4598.216857077439,4647.32421875,523206,4256.1954736328125,4615.8495217722775,4494.478019868956,63.35737203379056,121.37150190332159,27095127.792777892,191924007.0,70.07492520639917,68.91220238115163,16.681195888194516,4756.651914504071,4398.8765034646785,130.65655637790354,1462.7199582614185
2024-05-31,4660.962089672222,4705.923138768739,4495.005764213136,4555.20361328125,3005008,4265.804106445313,4606.519382004427,4498.976211973571,54.985954958516324,107.54317003085634,25805436.213851463,188918999.0,48.272369907597934,64.43900921138561,16.089130174019065,4750.381297283636,4396.718019122613,136.3894719620249,1474.5965168631358
2024-06-03,4741.691795544639,4741.691795544639,4600.514301302886,4658.16455078125,450140,4277.8154296875,4614.464792585477,4510.76794077414,61.162596520454635,103.69685181133718,25722928.228282213,189369139.0,65.21870996313696,61.18866835904467,15.084808258359274,4759.100797124373,4402.151448969378,139.96795126926517,1476.4141662212478
2024-06-04,4680.944663895957,4680.944663895957,4192.367942306817,4534.2216796875,1175204,4287.2051171875,4602.119698293481,4512.505254767722,51.925801350251064,89.61444352575836,26192288.37484248,188193935.0,58.79874476487924,57.42994154520469,17.085026817341042,4758.413052257046,4406.055551258579,164.86857772068484,1480.8565272963076
2024-06-05,4679.9456253132785,4927.780723158513,4520.333901648933,4899.55517578125,1231971,4306.2058984375,4647.879002522368,4541.175619287243,67.50401676670273,106.70338323512533,27253571.79554523,189425906.0,96.16194494953237,73.39313322584951,16.7508232930899,4821.686692968506,4383.040797265869,182.19559513417738,1485.9862155309092
2024-06-06,4905.799796659234,4924.334032989624,4816.876832683218,4874.2275390625,512601,4324.512412109375,4682.701854297773,4565.846131863187,65.90944824625507,116.85572243458591,27288128.72180611,188913305.0,92.71794215569766,82.55954395670307,16.44049144914241,4864.327283022963,4378.660509945787,176.8571383607651,1488.1735559055971
2024-06-07,4874.227403481061,5006.0628947014075,4836.8096250986355,4960.302734375,488611,4343.805571289063,4725.409682001962,4595.065139456655,68.62216573241211,130.34454254530738,27512533.095255006,189401916.0,94.37625117475022,94.4187127599934,15.541509353627035,4912.2955171959275,4386.611074600947,176.3140048780513,1490.2944103659593
2024-06-10,5020.650649761031,5042.9814024615425,4915.741531706322,4965.14892578125,417996,4364.25900390625,4762.292642583391,4622.478753258477,68.77283004454927,139.81388932491427,27419153.789238818,189819912.0,90.84984186987414,92.64801173344067,14.442001118789275,4956.742473685356,4392.232379830269,172.80870958356334,1492.1278542423909
2024-06-11,5004.664294058634,5005.6634284754955,4880.472081186206,4902.35302734375,512441,4384.7914453125,4783.840394084985,4643.210180968497,64.4541250000856,140.63021311648754,27085841.685487658,189307471.0,83.46741714007061,89.56450339489832,13.6736250246705,4977.341405810558,4415.9912113769415,169.4074694196866,1494.343835808352
2024-06-12,4940.719833345084,5084.944988134878,4904.800754883386,5023.69775390625,954491,4407.88158203125,4820.741526365179,4671.3944456305535,68.56240700467625,149.3470807346257,27391297.933822818,190261962.0,93.13815714678076,89.15180538557517,13.01855961204784,5025.203077142523,4417.168309576227,170.34921880336103,1498.5537278955244
2024-06-13,5183.509279418632,5183.509279418632,4967.746010086596,5019.50146484375,932377,4429.434047851562,4851.319978438805,4697.180150757456,68.26856021213172,154.13982768134883,26906222.23574971,189329585.0,83.4526309786654,86.68606842183891,13.062487462685297,5061.808824640481,4430.514710515769,173.59307955540928,1502.7177073701555
2024-06-14,5045.678501377217,5289.417534357155,5035.63739576125,5241.00927734375,1424125,4456.63876953125,4911.272178270336,4737.463789763849,74.48496632851774,173.80838850648706,27787046.96488818,190753710.0,95.58741397251403,90.72606736598671,13.71782880914329,5152.174658925685,4405.29755787119,180.47329312383755,1509.2941480658812
2024-06-18,5294.413513586178,5447.281086256245,5200.494874167966,5352.962890625,1247457,4485.980727539062,4979.224595555668,4783.0563157535635,76.94350292497437,196.16827980210473,28080983.163446665,192001167.0,92.4840857643415,90.50804357184029,15.092127101443927,5257.233157753172,4372.799019981202,185.20993019272618,1515.261596027579
2024-06-19,5370.297766015233,5397.3241570339105,5283.822388925526,5352.1630859375,707909,4514.688647460937,5036.599747922104,4825.212372804225,76.88650472202565,211.38737511787895,28225554.178292807,191293258.0,92.42035189627612,93.49728387771053,16.368261230008805,5343.249683135063,4355.992553193063,180.0879186152732,1518.6493432389293
2024-06-20,5370.247598509046,5417.306928156789,5300.457960374477,5332.5302734375,516737,4541.399399414063,5082.127521078319,4862.7914765548385,75.40977801656044,219.33604452348027,27992481.658172898,190776521.0,90.855876092141,91.92010458425285,17.648240650251598,5410.418129708078,4357.784360526297,175.5708506986331,1521.122095402946
2024-06-21,5332.530023730199,5349.215763223286,5195.498839412414,5261.79150390625,638917,4568.105185546875,5109.768133821077,4892.347034136425,70.17955411756051,217.4210996846523,27904649.200724907,190137604.0,85.21893062923645,89.49838620588451,17.869039872287296,5455.725394317032,4369.207955292343,174.00985592093588,1524.1103139519018
2024-06-24,5261.791692433165,5435.291288282444,5195.499025564101,5391.07958984375,543826,4597.411708984375,5153.046819363027,4929.290186411041,73.76148759227202,223.75663295198592,28247939.36322491,190681430.0,95.52148316531144,90.53209662889628,18.537257820656375,5519.369405847161,4373.54006680909,178.70859926360777,1526.69872725769
2024-06-25,5435.790877825237,5454.274864819036,5299.4587894221195,5334.1787109375,559045,4626.169301757813,5180.913264220639,4959.281928968556,69.78836852143998,221.63133525208286,27939643.49859477,190122385.0,87.14092660911987,89.2937801345559,19.2568324352145,5561.993985287278,4396.538631900223,177.00199041598697,1529.3712576883217
2024-06-26,5340.3736938398715,5390.330416887952,5255.4472646581335,5359.1572265625,578724,4653.054155273438,5208.335412273233,4988.902321382922,70.53858710806588,219.43309089031027,28250866.730712824,190701109.0,85.07719925996439,89.24653634479854,19.507671536817917,5596.163361438601,4437.094548717649,173.9935019741178,1532.1140097537148
2024-06-27,5355.360373369769,5382.337002116221,5299.159063481327,5324.38720703125,900729,4678.590620117187,5226.189534543697,5013.7530536531685,68.00701475550514,212.4364808905284,27896525.892874986,189800380.0,78.9643773556222,83.72750107490214,19.740593559735377,5620.576010899257,4478.3200340226185,167.50667602131605,1536.3753410925844
2024-06-28,5355.360573935065,5504.231604814977,5353.911633860239,5475.10693359375,970080,4708.83185546875,5264.484519012935,5047.927415130249,72.59790763847991,216.55710388268653,28490697.610311586,190770460.0,95.33078532383894,86.4574539798085,20.659358563800993,5659.371526531746,4522.302789874504,168.38794186148826,1541.0856259601474
2024-07-01,5495.239132684511,5550.191524011356,5375.343006153212,5510.87548828125,544030,4739.409047851563,5302.390821977291,5082.219864993286,73.56730065726711,220.170956984005,28790068.940278105,191314490.0,94.12947673069566,89.47487980338558,21.74917855455096,5678.9947164462465,4598.246787460004,168.84941157553513,1543.7454594022477
2024-07-02,5510.226099210559,5563.7295500531145,5455.273708375277,5531.10791015625,428098,4768.41595703125,5337.578066312516,5115.4708313016545,74.12490893531456,222.1072350108616,28960638.003514126,191742588.0,95.04929210318367,94.83651805257274,22.831446698235407,5700.944429932897,4663.591409910852,164.53558515427102,1545.8560958564062
2024-07-03,5555.187589812474,5572.922226452612,5455.323905532018,5489.3447265625,355297,4795.15283203125,5360.926783274052,5143.165193913569,70.804592079743,217.7615893604825,28810913.592562042,191387291.0,86.18955972989463,91.7894428545913,23.88646055945396,5671.3506733553795,4788.697471175871,161.1829234232941,1547.6013245437032
2024-07-04,5543.197589792646,5615.135265795723,5488.994549193106,5592.60498046875,440575,4823.76220703125,5396.569582842467,5176.457029954693,73.91572394876638,220.11255288777375,29094104.351766866,191827866.0,96.11210213324289,92.4503179887737,25.098139052186696,5705.604031820773,4823.749093179226,158.67990865038863,1549.7959216760519
2024-07-05,5555.18758805184,5639.564688197263,5530.209226594772,5615.03564453125,362427,4853.02587890625,5430.179746179203,5208.944334738142,74.55015244701877,221.23541144106093,29293942.53217855,192190293.0,94.4762598310284,92.25930723138862,26.356038225132405,5729.4894259822795,4873.944509564595,155.1567338612531,1551.6126358011109
2024-07-08,5656.299959235756,5660.096474878642,5567.176974055392,5589.40771484375,273130,4880.5099609375,5454.676356742979,5237.126807338558,72.38393446273486,217.54954940442076,29151503.76873769,191917163.0,84.78495053812424,91.79110416746516,27.637262006301466,5748.228842661461,4918.115590932288,150.71121721568144,1552.9842532928117
2024-07-09,5602.3469544553745,5629.723141161925,5545.196268044868,5588.00927734375,313079,4905.9412109375,5475.189113758483,5263.118101413017,72.26054755217442,212.07101234546553,29155574.892573982,191604084.0,84.48395083574808,87.91505373496689,28.50849555975319,5757.116213801286,4971.514254948714,145.9837640657797,1554.5484011301141
2024-07-10,5605.144311312972,5621.5802682961885,5465.315248724201,5563.1806640625,425869,4931.241328125,5488.726275343716,5285.3449579055705,69.9797162330569,203.38131743814574,29263131.0529696,191178215.0,79.13983984897256,82.80291374094827,28.239916633362913,5736.699147385058,5058.014085036817,146.71813945908022,1556.654276981075
2024-07-11,5540.200191629974,5658.0980496303955,5540.200191629974,5630.3720703125,578262,4957.700556640625,5510.517936108145,5310.902521787565,72.50863123585154,199.61541432057948,29569413.891952652,191756477.0,93.6021162815257,85.74196898874875,28.26161695159618,5734.948964938534,5120.431699123967,144.65954792631888,1559.5527429877627
2024-07-12,5659.996485716683,5691.069663791197,5606.243248993558,5646.3583984375,476682,4982.566484375,5531.4164687741995,5335.7511052431155,73.08947755911242,195.66536353108404,29543586.020654302,192233159.0,89.73623361822594,87.49272991624139,28.52036944989479,5717.331234720102,5200.7351227017725,140.38575270284173,1561.961522016647
2024-07-15,5685.0748946576105,5749.968870892092,5640.863196223761,5670.63720703125,498397,5003.1893359375,5552.835043890669,5360.557483153348,73.98834609786994,192.27756073732144,29317205.626747977,192731556.0,83.95789731716792,89.09874907230649,29.162094371021713,5734.129347646052,5226.899802744572,138.15146141466238,1564.5011721208273
2024-07-16,5695.016438651168,5720.4943663890335,5622.479182108112,5642.41162109375,641858,5025.70486328125,5566.616055768066,5381.435567445229,71.01842201920861,185.18048832283694,28936405.04384726,192089698.0,76.14132433894919,83.27848509144768,29.492924525724305,5750.859814838433,5239.114208599068,135.28458447653807,1567.7471523717236
2024-07-18,5645.009680029204,5655.350819247359,5278.377583163914,5303.9052734375,1342486,5041.741806640625,5526.199012332594,5375.692582703916,46.77093946405199,150.50642962867823,27775738.672002714,190747212.0,5.413096241994167,55.170772632703745,28.339489759237644,5754.624334979285,5230.523907208216,152.54805959131713,1574.1073996310147
2024-07-19,5303.905283967909,5303.905283967909,5101.63031728084,5161.87841796875,879290,5055.040048828125,5470.149690122772,5359.854496427237,40.51989875933752,110.29519369553509,27420246.08817857,189867922.0,9.292691349654785,30.2823706435327,28.277996928814932,5775.808930574659,5192.274126065967,156.09998152672796,1578.0199918728883
2024-07-22,5105.576964131919,5234.4155447009625,5079.149663176089,5205.6904296875,631260,5069.3213671875,5429.463650055807,5348.434935927997,43.04854716709449,81.02871412781042,27817932.350982565,190499182.0,18.863617060437974,11.189801550695629,28.3340964247262,5782.423452854739,5180.049496364012,156.0404029551669,1580.8112384251071
2024-07-23,5205.690436827737,5305.653642068254,4951.360473270619,5259.24365234375,763626,5086.4839453125,5403.275958100106,5341.828174181015,46.06676327021857,61.44778391909131,28381498.750998538,191262808.0,38.5524595020678,22.23625597072017,28.984040100286695,5788.922100680681,5160.36725478807,170.20131480105752,1584.1810435200375
2024-07-24,5280.425429525589,5375.343199781962,5258.544483217157,5282.27392578125,711861,5102.84009765625,5384.660260820283,5337.4167483736255,47.35878435687916,47.243512446657405,27958888.61282193,191974669.0,41.43626006140226,32.95077887463599,28.95138655122355,5791.734472818673,5152.364404134452,166.38684349846804,1587.4332241715827
2024-07-25,5270.3340498012185,5330.831931593601,5221.476474278371,5305.35400390625,302964,5119.771669921875,5372.459298218124,5335.041730264931,48.685494735995135,37.4175679531927,28120681.88255613,192277633.0,44.326297054970105,41.43833887281337,29.10379639538636,5793.671035677889,5145.047519009611,162.3131730568082,1588.8083596913223
2024-07-26,5355.3604106474795,5406.865594080325,5320.390706473476,5388.681640625,336310,5136.8791015625,5374.955043203797,5339.015056958269,53.26509963848693,35.93998624552751,28315553.23936613,192613943.0,54.7604018010419,46.84098630580474,28.55925311436166,5792.316355978277,5152.831642068599,157.97020285089866,1590.3691722779374
2024-07-29,5410.262997198547,5545.146140769114,5360.356038934001,5512.6240234375,533654,5156.731982421875,5396.134886316674,5351.874980401175,59.11051016524889,44.259905915499075,28661366.464020148,193147597.0,70.28019638141977,56.45563174581057,26.964629402128967,5794.66949259221,5154.2302144390405,159.8859099211997,1592.9091158945632
2024-07-30,5545.196274206865,5655.101065227182,5515.222240292233,5615.63525390625,789712,5177.25423828125,5429.904173638148,5371.412778438587,63.22721420094645,58.49139519956043,29005455.26402015,193937309.0,83.17903776294699,69.4065453151362,25.329613962790496,5805.497861975009,5153.87782161874,158.642419340377,1596.780273827767
2024-07-31,5620.18079932215,5914.176098496646,5620.18079932215,5833.94580078125,1671711,5201.385888671875,5492.064423967856,5405.674483797303,70.09808499690914,86.38994017055302,29764757.993543033,195609020.0,91.66711719114848,81.70878377850507,25.165175536613752,5855.115729649033,5134.543743007218,168.63516400109262,1605.346952341012
2024-08-01,5888.8982425834265,5888.8982425834265,5717.996496024475,5765.8046875,767562,5223.500732421875,5534.178310665109,5432.350795182688,65.95564333230287,101.8275154824214,29426632.810944766,194841458.0,84.58984180259696,86.47866558556412,25.012482712306774,5887.758476417126,5129.546992332875,168.7970627552254,1609.269979371947
2024-08-02,5720.044402669785,5800.824515954316,5519.218389580418,5533.4560546875,560989,5241.311298828125,5534.067194360861,5439.840073664526,54.19513419803765,94.22712069633508,28922369.661433913,194280469.0,60.457637596007075,78.90486552991749,23.556706192771895,5883.054033459578,5128.336542712296,176.85485301370198,1612.014083968315
2024-08-05,5355.3607317178075,5419.655132104092,5221.526475004655,5342.27197265625,1074769,5254.267080078125,5504.560237175537,5432.612806923173,46.800437466775264,71.94743025236403,29157593.06400065,193205700.0,40.6008678238746,61.88278240749286,22.995397144454497,5872.328054998152,5111.786153986222,186.5030477757836,1616.8810273566705
2024-08-06,5350.46471800641,5462.967348912884,5190.0533975213175,5216.18115234375,642644,5264.3643359375,5460.194224124492,5416.580832509882,42.66563550413121,43.61339161461001,28637997.70101237,192563056.0,27.504817343503618,42.85444092112841,22.23002011576909,5869.04599443455,5077.7455582998255,192.67525517691092,1619.7552631450494
2024-08-07,5284.421973507568,5495.039315141474,5270.034535360153,5467.71337890625,717292,5280.159658203125,5461.35101716784,5420.368428539243,51.811823819180155,40.982588628597114,29181065.175888184,193280348.0,53.62946883152359,40.578384666300586,21.33470966988846,5859.520741010576,5075.241221880049,198.83117714982612,1623.0638223047988
2024-08-08,5510.226488753423,5722.442548246291,5485.248127517007,5639.21484375,1183241,5300.705869140625,5488.714682795865,5436.579274110411,56.86447280447323,52.13540868545442,29533945.731547955,194463589.0,71.4419617273975,50.85874930080822,20.28953958966536,5868.405094727448,5073.960286131927,202.82389087769863,1628.8032733493471
2024-08-09,5733.882825576425,6368.333200178128,5621.729983766912,6269.91845703125,6877196,5332.74412109375,5608.899878832079,5498.308102474917,69.52114341487301,110.5917763571615,34598083.70277579,201340785.0,93.05457746094629,72.70866933995576,21.410047642856625,6028.729183047948,4977.590836483301,241.66527127294992,1665.740857482033
2024-08-12,6297.494507962004,6428.430878981211,6271.566774536069,6376.82568359375,1889796,5367.334150390625,5727.042310333874,5563.38347885409,71.07063660426229,163.65883147978457,35244468.507239364,203230581.0,95.83283803524712,86.7764590745303,22.589920219983515,6187.328583670892,4892.038164375984,235.72578203559357,1676.4025759767808
2024-08-13,6369.4818738302165,6437.423013817739,6324.520825309062,6376.17626953125,651594,5403.753603515625,5826.9090732873165,5623.590352237584,71.04700810688294,203.31872104973263,35189114.10130048,202578987.0,95.0899281587171,94.65911455163682,23.70718736910953,6317.241106546154,4832.679547750721,226.95266821224237,1680.0834632313606
2024-08-14,6394.460440258913,6446.415431336017,6285.654796901856,6432.77734375,885572,5439.245859375,5920.119576435422,5683.530129386651,71.92316467643374,236.58944704877013,35924431.54996415,203464559.0,98.91447789578555,96.61241469658324,24.525006289617284,6445.7391302619635,4783.218096300536,222.22466579952228,1685.086343715667
2024-08-16,6434.4255948168175,6542.332111003187,6434.4255948168175,6496.771484375,1153478,5478.49685546875,6008.835254579973,5743.770229756159,72.92091633435737,265.0650248238135,36103859.375069045,204618037.0,96.6308257185476,96.87841059101673,25.542956207511843,6575.876730475313,4772.3671171809365,214.17681590335545,1691.729003143928
2024-08-19,6569.308925717735,6744.157452257751,6516.654345724811,6684.109375,1827850,5514.187939453125,6112.723580798439,5813.424981255703,75.64901986518515,299.29859954273616,36966809.33754197,206445887.0,96.13616108427598,97.22715489953636,26.97925094155889,6720.556154549554,4779.9107888098215,216.548898187598,1702.5611146816927
2024-08-20,6704.191765116728,6813.797002977497,6599.332415614275,6788.01904296875,1143592,5552.46376953125,6216.615190363103,5885.617133975187,77.03124670336945,330.9980563879153,37835489.10886343,207589479.0,98.41243654958045,97.05980778413466,28.468447152197687,6865.005648219965,4793.694156467534,216.4000188429997,1709.4307870876828
2024-08-21,6794.113875948982,6819.0922357870295,6734.165812337667,6777.32861328125,651691,5588.804287109375,6302.878793888971,5951.669836146007,76.54981916198358,351.20895774296423,37846225.83788457,206937788.0,97.43630283546577,97.32830015644072,29.863455135795217,6984.2655055211,4826.24279526015,207.00904774345418,1713.3707218116622
2024-08-22,6819.092355909245,7003.981983543975,6784.122651519968,6983.74951171875,771279,5629.176298828125,6407.628135093552,6028.1201824847285,79.24687914878301,379.50795260882387,38475551.52170526,207709067.0,98.88460483058002,98.2444480718754,31.565440656639797,7126.2526145304155,4854.403244844584,208.41221363768778,1718.1609655138188
2024-08-23,7013.923679506206,7023.915023779007,6905.767377753137,6942.7353515625,625160,5669.9839453125,6489.952322242621,6095.869454268267,77.34346678145597,394.0828679743545,38241612.15595473,207083907.0,95.57329347786352,97.29806704796975,33.18737008058843,7234.56218775155,4909.831806389075,201.96474452255796,1722.0621985326102
2024-08-26,6993.940972370329,7091.806384405725,6901.920594290707,6919.60546875,754901,5707.902099609375,6556.052806320679,6156.88693682247,76.23145542380387,399.16586949820976,37627325.46317707,206329006.0,90.94514814261775,95.13434881702041,34.837192153364185,7322.556262993885,4974.930113959241,201.10196206487652,1726.777579211085
2024-08-27,6963.917307031491,6966.964471939588,6773.382173583315,6863.95361328125,578002,5744.791142578125,6603.42216123769,6209.262246189786,73.49350580399287,394.15991504790327,37590183.59070731,205751004.0,87.49279328013289,91.33707830020471,35.44995999440696,7391.448761535036,5041.170574402463,200.5648432285477,1730.3114587217199
2024-08-28,6983.949655945821,7318.6596895283465,6944.23406240879,7235.83154296875,2358476,5784.687587890625,6700.715912273237,6285.304416321561,78.93738988571943,415.41149595167644,38905204.32677093,208109480.0,95.48229386811927,91.30674509695662,36.808124479234536,7518.148933842389,5076.490031001362,218.71778844415832,1745.5147126975908
2024-08-29,7263.657703155948,7285.638661095999,7086.810905183718,7164.443359375,836313,5820.917197265625,6772.058596442739,6350.425819510705,75.7223151503279,421.6327769320342,38721969.46834305,207273167.0,90.91203780393793,91.29570831739666,38.06927721514586,7620.888528927383,5106.800191775742,217.2970718347385,1750.897970812184
2024-08-30,7203.75935126375,7268.45330660277,7123.878357211353,7152.5537109375,1169809,5856.925009765625,6830.596306365011,6409.842700357134,75.17315570551251,420.75360600787644,38016206.100151815,206103358.0,84.13646237000167,90.17693134735293,39.240347612777796,7703.540623469843,5162.822999577032,212.10263451735835,1758.4137233573767
2024-09-02,7173.035623211263,7261.459017389512,7105.1944951931155,7142.0126953125,625283,5893.114658203125,6878.506520049239,6464.077514798272,74.65621743820401,414.42900525096684,37685574.68583055,205478075.0,82.89969433090403,85.98273150161452,40.186657454390954,7749.1354115129,5278.083875596476,208.11419792300396,1762.4135728188721
2024-09-03,7172.785914789692,7173.785049197658,6988.945183723902,7036.70361328125,857908,5928.612900390625,6902.844534392625,6506.494262834049,69.5132745511122,396.3502715585764,37270994.63004508,204620167.0,72.70525258305385,79.91380309465316,40.20561875319262,7728.876231245119,5467.786219926756,206.45174560520053,1767.7874457210494
2024-09-04,7036.903699124261,7162.744874092308,6944.03395991812,7133.7197265625,576206,5963.465703125,6938.363794726452,6552.9554082954155,71.46360228530548,385.4083864310369,37694263.91702635,205196373.0,79.08472834604042,78.22989175333275,39.90423267831887,7651.612390963737,5736.8039176300135,207.3274005029854,1771.3999574388743
2024-09-05,7163.693853249115,7202.760107040183,7084.112893458408,7161.44580078125,667571,6000.011044921875,6972.684103350268,6598.028770701774,72.01460961939384,374.65533264849364,37896923.32052142,205863944.0,80.39740134379845,77.39579409096422,39.75974638185408,7573.0861213928965,5984.7034293883535,200.99310143718472,1775.6336751570232
2024-09-06,7178.681052725188,7183.726974441321,7053.889256788014,7097.4013671875,384793,6034.775927734375,6991.871374709842,6635.019333404421,68.71409433592991,356.85204130542115,37770039.28256367,205479151.0,69.24093797571238,76.24102255518373,39.39398343480123,7460.073807515612,6243.534395609388,195.9105740240506,1778.0538657125255
2024-09-09,7097.851014572595,7149.506459920629,7041.949247882792,7130.47265625,349967,6070.89763671875,7013.194648792943,6671.71957954113,69.49165486352153,341.4750692518128,37996142.842019014,205829118.0,67.8034209386672,72.48058675272598,38.959084845145775,7451.966940459289,6337.696682587587,189.5996195964639,1780.2513103747679
2024-09-10,7149.806154411506,7193.768070397267,7089.358519931085,7131.77197265625,376043,6104.0309375,7031.437314002683,6705.797534586694,69.52370251144809,325.6397794159884,37925613.69457209,206205161.0,65.72612818113403,67.59016236517118,38.7364685540691,7444.694514514791,6420.463737438335,183.51461465858668,1782.6241918906408
2024-09-11,7154.751733282119,7213.400630309765,7101.547826062282,7142.662109375,428437,6136.666669921875,7048.548820983039,6738.1578734599025,69.80995179585015,310.3909475231367,37812142.069256425,206633598.0,67.72330143700835,67.08428351893652,38.611538200262906,7421.788447661981,6520.018388275518,178.39591391493641,1785.3323065255254
2024-09-12,7191.769608719489,7302.673530165427,7136.667442617846,7204.2587890625,572357,6170.1296875,7072.504200687571,6772.683867208243,71.443727298917,299.8203334793279,37705868.94423401,207205955.0,79.01969233637371,70.82304065150534,38.857268006842915,7397.189348822288,6621.765631646463,177.5109263172682,1788.9876085956435
2024-09-13,7242.225971345984,7274.7978515852765,7193.81771269813,7226.88916015625,468707,6204.880576171875,7096.255732913522,6806.328703722911,72.04234340288247,289.9270291906105,37619992.08349458,207674662.0,83.16994068368156,76.63764481902119,39.0854456843815,7365.153930684916,6726.812817361958,170.6158700722595,1791.9868302856748
2024-09-16,7263.707278892076,7378.557976333819,7204.758347742883,7312.46484375,502100,6239.2777734375,7129.51867304221,6843.820269650843,74.2412885425012,285.6984033913668,37740211.38398581,208176762.0,84.78953289417508,82.32638863807676,39.70191415971562,7370.545232845923,6784.2570620759525,170.8432813950221,1795.235450828335
2024-09-17,7408.581799712523,7502.300414119051,7318.659700997199,7397.0419921875,753643,6274.917900390625,7170.67610675687,6884.79965650541,76.23109209202198,285.8764502514596,37629914.448976696,208930405.0,81.14548686572762,83.03498681452807,40.690888021128515,7400.956403922216,6814.748185921534,172.1998734645956,1800.1994083910276
2024-09-18,7428.564207187266,7446.548626249723,7239.578034444327,7329.64990234375,388287,6309.722744140625,7195.133613770236,6917.751526567509,71.4921132414571,277.3820872027263,37579585.94893544,208542118.0,69.07381583182841,78.33627853057702,40.82732127488075,7401.643274714378,6869.293444035621,174.68349620322422,1802.7227670268242
2024-09-19,7449.546296826404,7449.546296826404,7177.33192671376,7319.80859375,395523,6344.35873046875,7214.314379920969,6947.533531543991,70.79994107012382,266.7808483769786,37598095.453926675,208146595.0,67.3109822387127,72.51009497875623,40.373553241937756,7420.43594788018,6884.106679072946,181.64998719675415,1805.2801040057022
2024-09-20,7343.637760931704,7501.5009944320045,7275.546849876551,7458.68798828125,798170,6382.268876953125,7251.910319668705,6985.39682463564,74.54530140355578,266.5134950330648,38093796.497788884,208944765.0,92.18788349011128,76.19089385355078,40.18026234741224,7459.5780424374,6896.5598481875995,184.81456986523267,1810.5237328007045
2024-09-23,7514.440283465698,7638.3827143145,7457.689155149086,7616.8515625,510496,6421.998466796875,7308.055126258135,7032.17124966263,78.00533675007394,275.88387659550517,38482632.74491819,209455261.0,96.8990868525115,85.46598419377847,40.54156869880107,7528.416929385619,6897.44557061438,184.52021195810272,1813.9674192816192
2024-09-24,7633.337416261394,7675.35082462949,7574.038689238777,7614.75341796875,613798,6461.3663671875,7355.2394788289985,7075.325484351972,77.85415200598197,279.9139944770268,38362173.84923424,208841463.0,90.43301929054512,93.17332987772261,41.010535827186594,7569.578343224071,6931.364137244678,178.57677791757487,1818.1387148561819
2024-09-25,7611.655791627165,7735.298676044697,7562.99775025234,7608.30859375,576171,6500.119794921875,7394.173188816845,7114.805714677752,77.35818784009274,279.36747413909325,38089040.03709418,208265292.0,81.6845479152767,89.67221801944441,41.658473808559904,7624.071995982501,6914.118189564374,178.1285027657736,1822.0583899284081
2024-09-26,7718.213192094257,7933.027087067419,7703.875515951074,7838.60888671875,1712253,6544.043740234375,7462.547911570985,7168.420764458567,81.81603524938836,294.12714711241824,38390280.70133736,209977545.0,89.40404573016136,87.17387097866104,42.85379844717435,7731.9215410553625,6873.685197225888,188.59921637660543,1834.054644555205
2024-09-27,7893.112088347868,7931.079195980418,7729.703362651033,7826.91943359375,11179751,6594.5040234375,7518.605068805256,7217.198443653765,80.94489542404224,301.4066251514914,38004788.85715351,198797794.0,87.42306426872928,86.17055263805575,43.96374275445919,7816.1248788176945,6856.91843172918,189.51183187323255,1911.2703616104905
2024-09-30,7807.985527980196,7827.169103543636,7477.272042614516,7568.09326171875,1117618,6642.6283203125,7526.218636945794,7243.190652399319,64.55494522110098,283.0279845464747,37467361.093580775,197680176.0,56.110291324943255,77.64580044127794,42.756904202388974,7838.826868857015,6876.824498330485,200.9679196629388,1918.6165689503364
2024-10-01,7593.421637490291,7640.830761146748,7515.738935869913,7606.11083984375,559721,6690.636728515625,7538.509745083941,7270.073629247055,65.65499587138599,268.43611583688653,37716374.83467512,198239897.0,58.9486672884301,67.49400762736752,41.636268404038056,7855.151162503532,6917.440927340219,195.54819863535997,1922.265004885706
2024-10-03,7562.947922523962,7647.874347441663,7444.55049484458,7481.41845703125,741293,6735.080224609375,7529.726469998912,7285.728801675513,59.168801444050736,243.997668323399,37243913.67062701,197498604.0,40.23931159955817,51.76609007097716,40.04426289005549,7859.385790009715,6947.976172880911,196.1036024897688,1927.0361547810269
2024-10-04,7434.559343839972,7449.496598812795,7265.705624029602,7346.93505859375,938897,6776.373447265625,7501.604714398118,7290.262598484272,53.07830536958378,211.3421159138461,37134938.51541772,196559707.0,22.443326459920264,40.543768449302824,37.362547003454445,7855.935413750882,6969.975474920993,197.50426181204585,1932.8836962563698
2024-10-07,7300.8751269761115,7497.4045719294845,7277.695013612491,7443.0517578125,854385,6819.12740234375,7492.5965672310995,7301.580313990066,56.5228794194836,191.01625324103316,37566599.72092226,197414092.0,35.16230419874397,32.614980752740784,35.144895297353486,7848.929728621938,7011.546199112437,199.09035441954214,1938.2448893123928
2024-10-08,7513.490851257633,8066.411742660111,7444.550576159657,8034.9892578125,2278240,6872.0535546875,7576.041596551315,7355.906902421359,70.75953107887993,220.1346941299562,39614601.95810429,199692332.0,96.46572959097446,51.357120083212884,35.31772699951152,7946.944725292449,7003.982862598175,229.39532802154704,1953.6424890347957
2024-10-09,8081.997921989986,8314.996252305635,8028.044665989559,8213.7333984375,1260784,6926.0757421875,7674.148027610728,7419.449605829962,73.5735473154381,254.69842178076578,39985545.35753236,200953116.0,91.09905693707569,74.24236357559802,36.08314509880067,8073.594448389453,6985.5292820792965,233.5064893282991,1962.6141977796444
2024-10-10,8192.902147011951,8263.790928415207,8005.064878275579,8021.900390625,606292,6974.201044921875,7727.648391151385,7464.075589888854,66.20916109698781,263.57280126253136,39458157.174506694,200346824.0,72.06723725702321,86.54400792835777,36.654908389692814,8127.402838733305,7019.644719860445,235.3078865291083,1966.8580202115422
2024-10-11,8062.015711900581,8301.607952959115,7943.118714786171,8227.822265625,800644,7022.07857421875,7804.59821799348,7520.649417721161,69.71365679567784,283.9488002723192,39929217.68044691,201147468.0,91.69210280436221,84.95279899948702,36.80256156770853,8220.23126878994,7029.17263746006,244.10655450366798,1972.5085573745232
2024-10-14,8272.882639194519,8337.776613975791,8156.63374140038,8184.75927734375,417498,7070.457666015625,7863.0845348165985,7569.842740656168,68.12253393931839,293.2417941604308,39641367.12214127,200729970.0,85.72693990724235,83.1620933228759,37.03981376425264,8286.24181629014,7058.9491016786105,239.60914865164963,1975.4837208093409
2024-10-15,8216.881431362895,8252.850270313415,8082.997419713743,8117.2177734375,460534,7122.132900390625,7902.181956142891,7610.3890393807105,65.59381821816291,291.79291676218054,39366401.23390598,200269436.0,79.4268436879015,85.615295466502,36.78200960434739,8332.255875111858,7093.410335825642,234.62655593365122,1978.7227544036805
2024-10-16,8102.98035039801,8126.060453653357,7759.777668479179,7799.04345703125,900545,7171.268330078125,7886.3144947411,7624.363440688158,55.19894758579923,261.9510540529418,38658934.429130524,199368891.0,49.74836909152982,71.63405089555788,34.78696476551653,8335.934136647818,7129.932220774056,244.0305723079746,1984.7843198263188
2024-10-17,7773.565177226168,7873.228833626804,7613.604150072022,7712.9677734375,997450,7221.2040625,7859.6457683867,7630.926724595517,52.76290476656124,228.71904379118314,38424973.05254551,198371441.0,41.719452685716945,56.964888488382734,32.31005833048299,8326.288128806982,7177.910015724268,245.14443739703228,1991.3003869468287
2024-10-18,7713.317956679271,7793.248712707035,7623.495867164795,7761.326171875,571161,7267.076318359375,7844.51967661567,7640.585942912516,53.99138835899935,203.93373370315385,38781316.91312231,198942602.0,46.23019860562354,45.89934012762342,30.010073783666122,8313.049436784531,7235.3004655592185,239.7593236931186,1995.0202795163618
2024-10-21,7813.231260014787,7843.205292981595,7545.962799394077,7599.9658203125,662166,7306.291337890625,7806.896006415182,7637.577044942144,49.37693840041272,169.31896147303723,38359755.57174889,198280436.0,31.178923729638022,39.70952500699282,28.21831053722683,8306.928367578941,7255.549317967934,243.86526439986147,1999.2795135533088
2024-10-22,7628.341341842859,7659.863836851731,7462.93435008762,7490.8603515625,610564,7330.71017578125,7758.2751364378455,7626.7091417288375,46.48403685378252,131.565994709008,37922356.20488412,197669872.0,21.00184872498032,32.803657020080614,26.91217434576302,8311.269438647354,7238.609125805771,240.51270885445072,2003.1144999078522
2024-10-23,7461.536013644027,7578.434743370373,7443.5515936861275,7504.79833984375,505590,7353.26962890625,7719.2787061926,7617.678711959572,46.911939149558826,101.59999423302816,37875915.36417231,198175462.0,22.30194810384231,24.827573519486865,25.783398725949475,8314.411673395238,7224.471383245386,232.9677403422932,2006.2695274668893
2024-10-24,7562.64846492718,7633.7865430845795,7380.356194422796,7481.5185546875,448738,7375.376474609375,7682.700221345662,7607.592774383863,46.24680905339311,75.10744696179881,37785424.87052006,197726724.0,19.227155815661455,20.84365088149468,25.01378253149436,8318.276652148477,7207.927400585897,234.42935522225682,2009.0614810540342
2024-10-25,7443.551280988309,7504.698501419865,7057.935164113672,7355.078125,590268,7393.822490234375,7632.296821907868,7588.887985540614,42.7052373987507,43.40883636725448,37980333.12197349,197136456.0,23.217169667253714,21.582091195585807,25.47819461743773,8320.335230856539,7157.515745705961,249.5960682282523,2012.6009518564751
2024-10-28,7355.877227787141,7422.569448909052,7215.898400939321,7301.5244140625,419026,7409.917548828125,7581.408759162427,7567.601795060754,41.26387701451166,13.806964101672747,37908520.97826756,196717430.0,19.032767689706457,20.492364390873856,25.909434411527997,8322.567405137983,7102.7440694713905,246.52999535264365,2015.1142424869145
2024-10-29,7306.96970155202,7439.655047838237,7158.248930513227,7403.8857421875,359440,7424.313076171875,7554.097525781668,7555.474680033105,45.07943011010377,-1.3771542514368775,38176584.71860898,197076870.0,27.030737136314684,23.093558164424934,26.499256361506333,8326.225645328763,7082.665077327487,249.02114692209838,2017.2766165293187
2024-10-30,7413.577633851922,7422.369821886088,7208.755071191592,7246.1728515625,481764,7433.47615234375,7506.724498978719,7532.563433479727,40.69321259188012,-25.838934501008225,37863596.88677155,196595106.0,14.7078911586359,20.257131994885665,27.046948172200505,8338.663128290173,7034.233795537953,246.4921186201268,2020.1495299411229
2024-10-31,7252.7169944970365,7267.554238696158,7064.879717328632,7122.18017578125,742508,7440.37318359375,7447.563833871416,7502.16467365021,37.59602703655058,-54.60083977879367,37540934.938635014,195852598.0,5.019763321034762,15.586130538661763,28.029358061794607,8360.848973735252,6976.124121967871,243.36229024494102,2024.4530570383206
2024-11-01,7147.757922271062,7208.654872822684,7118.832785493928,7142.81201171875,76497,7443.55443359375,7400.678938155621,7475.545957951584,38.43568197683992,-74.86701979596273,37505281.76498268,195929095.0,7.103169686674805,8.94360805544847,28.941595816417703,8374.89517217084,6941.665618844785,232.39513289378496,2024.896470183889
2024-11-04,7102.846574583038,7144.110630885691,6943.984202187666,7057.6357421875,681708,7445.85244140625,7347.903061852833,7444.589645672762,36.26619982878811,-96.68658381992918,37597855.947843336,195247387.0,9.614569268176597,7.245834091962036,30.31453775370002,8397.25850484541,6880.760684607716,230.09022545123068,2028.7613601094922
2024-11-05,6999.935672317519,7072.372916999651,6788.168939099901,6962.318359375,1026360,7446.70669921875,7288.5823383947045,7408.865846687743,33.95636532697563,-120.28350829303872,37829324.922050014,194221027.0,16.04975182969324,10.922496928181529,31.984201973372596,8375.095878615935,6795.656220993439,233.95549348326782,2034.444509158673
2024-11-06,7017.920156756568,7229.736653515166,6795.213192406159,6949.4296875,1142746,7448.416220703125,7236.405007487827,7374.8335385997625,33.6443245367512,-138.42853111193563,37497721.69649412,193078281.0,15.284852299808236,13.649724465892673,32.393836160300104,8302.924421880929,6741.397306634694,248.28177688510635,2040.8216335745205
2024-11-07,6992.941989890765,7009.177924643691,6301.3911804325,6499.869140625,4427899,7433.69697265625,7123.0917972012385,7310.021360972002,25.01088372892262,-186.9295637707637,35553170.5937138,188650382.0,12.873014884028706,14.73587300451004,33.9304409526299,8309.479301787598,6582.639301728027,281.103560265541,2063.4530117824966
2024-11-08,6544.330551733494,6557.469071987008,6264.57290982733,6293.498046875,2523322,7416.27806640625,6995.46198945874,7234.723337705557,22.195242274873564,-239.26134824681685,33528232.963978175,186127060.0,2.073054191598321,10.076973791811735,35.424591903200074,8272.125198110834,6426.560983529791,281.9458889722651,2075.5968954275486
2024-11-11,6224.957413374339,6614.270053947742,6206.672960238135,6475.0908203125,2339199,7402.72880859375,6915.4048865131645,7178.454262343109,29.69533816593831,-263.04937582994444,34269933.21256521,188466259.0,18.8084440720544,11.251504382560455,36.919934172089135,8177.958415786733,6349.760920150767,290.9209750249324,2086.9504688565085
2024-11-12,6514.3565214984965,6712.085128774098,6494.373832782243,6522.89892578125,1258152,7390.346533203125,6855.01935409287,7129.8946077829705,31.565685388242244,-274.8752536901002,33341473.823537767,189724411.0,22.15843008882221,14.346642784158291,37.667571436694985,8064.097444790109,6304.190006381766,287.0690702704085,2093.2348016161955
2024-11-13,6493.374839124355,6613.970563284932,6406.899946973419,6492.62548828125,758642,7379.464970703125,6799.266451660314,7082.68948781988,31.00322763070332,-283.42303615956644,33210974.988099735,188965769.0,22.029807501536705,20.998893887471084,38.5586186692769,8000.452243291764,6237.193411005112,281.35489498763025,2096.9549596223674
2024-11-14,6490.377197605601,6544.630001512342,6361.538618898237,6457.40576171875,620489,7365.93869140625,6746.672499361611,7036.372174775352,30.326207296641925,-289.6996754137408,33240265.423180312,188345280.0,20.335478025365802,21.507905205241553,39.48721582860134,7938.313920859041,6173.775532265959,274.3360726752356,2099.9585482810994
2024-11-18,6406.0503369877215,6447.414404353274,6269.568477811375,6296.1953125,828906,7348.633681640625,6677.368316767516,6981.544259051251,27.379039250639906,-304.1759422837349,32659564.6361258,187516374.0,7.260636886956985,16.541974137953144,40.55162237814075,7861.948402122516,6103.627965064983,268.15758776324554,2103.8571126389006
2024-11-19,6354.344949801244,6574.204277246094,6354.294700366575,6418.28955078125,674042,7335.0514453125,6637.510045077322,6939.8216880682885,32.712485833000855,-302.3116429909669,32377822.212845378,188190416.0,17.407019563763267,15.001044825362,40.659863908591696,7787.71200666915,6059.696733565226,268.8612575477347,2107.1051536643267
2024-11-21,6394.4605253630825,6513.357525756553,6340.707286715197,6454.8583984375,1511541,7321.53916015625,6609.409791748119,6903.898481428971,34.26957396865454,-294.4886896808521,32865051.518891826,189701957.0,23.394270710488883,16.020642387069692,40.798141092111976,7717.721228501388,6026.087316420486,261.98904194013613,2114.350146549806
2024-11-22,6454.308565200514,6672.219887303674,6424.434542582005,6647.04150390625,833104,7311.84455078125,6615.199285926292,6884.87203864951,41.88130107498331,-269.67275272321785,33528845.97441098,190535061.0,43.04409848203554,27.948462918762544,39.87670528159638,7627.797081443928,6030.235779884198,260.9744921388171,2118.4665070915707
2024-11-25,6793.114925170258,6832.630496358701,6684.259034910285,6769.0859375,1490945,7304.37302734375,6638.87415539917,6876.295290416212,46.146307606634394,-237.4211350170417,33742706.53535901,192026006.0,54.97340790780773,40.47059236677736,38.100343444118224,7534.030644299901,6052.758955309475,255.58981358979094,2126.1119652963466
2024-11-26,6769.135600863002,6804.404850252473,6640.397035074132,6663.5771484375,476650,7293.55939453125,6642.674615866606,6860.538391010382,43.19513889498782,-217.86377514377637,33400791.59079079,191549356.0,44.660385389675056,47.55929725983943,36.62584633480634,7454.544273403417,6063.095228549708,249.04824227468734,2128.519739635138
2024-11-27,6686.207711734949,6903.019886487861,6625.6103051649025,6839.17529296875,784373,7285.8051171875,6672.905489266936,6858.955939303594,49.03672010956747,-186.05045003665873,33824124.607142456,192333729.0,61.82433575612605,53.819376351202926,34.70935857930731,7387.070605762249,6084.3339840815015,251.0740522067067,2132.5512524185206
2024-11-28,6844.070640026983,6880.4892840505645,6710.236392003018,6737.36328125,813013,7274.3030859375,6682.822072648945,6849.949075744069,46.07801002984893,-167.12700309512365,33270191.066435248,191520716.0,66.12922593008086,57.53798235862731,32.92976280634393,7277.306500169536,6127.4458435804645,245.3011121953381,2136.710755297179
2024-11-29,6744.157460466096,6814.096871167227,6722.276513832751,6789.51806640625,720647,7262.152607421875,6699.2368409193,6845.472704682008,47.81503560935836,-146.2358637627076,33605027.284844376,192241363.0,83.70039188757663,70.55131785792783,31.27728101716365,7199.961843757177,6159.125021477197,234.33820113384792,2140.3908928140827
2024-12-02,6771.1836327110295,6892.029134290012,6747.754223599702,6799.4091796875,446537,7251.54779296875,6714.6479699605625,6842.0605917194525,48.15612909223898,-127.41262175889005,33478238.867826883,192687900.0,85.12082083016132,78.31681288260624,29.26841138813864,7146.604234714638,6180.205530910362,227.9051089593095,2142.686857656791
2024-12-03,6799.409134833506,6858.607848013106,6676.016036476027,6835.42822265625,842566,7241.860185546875,6733.229547298361,6841.569305122179,49.451831109710206,-108.33975782381822,34106881.099241465,193530466.0,89.32962135598765,86.05027802457518,27.794407069541574,7086.7713000541535,6209.300086664596,224.66844485772165,2146.9916022676
2024-12-04,6884.035958275057,6914.009990023715,6725.373612028931,6817.89306640625,899250,7229.044287109375,6746.25470408419,6839.815509661739,48.81224554129898,-93.56080557754922,34089731.57459203,192631216.0,85.08523709351073,86.51189309321988,26.076983964057195,7041.178208586037,6230.9189105545875,222.0947257960832,2151.6058765209896
2024-12-05,6864.003680283126,7068.826235680711,6716.181548207624,6964.06689453125,1140361,7215.98859375,6779.764271845276,6849.01931594837,54.13726163251808,-69.2550441030935,34552563.768537596,193771577.0,86.89292157404532,87.1025933411812,24.829278984974195,7041.547889334245,6230.724083322005,231.41972305872633,2157.565926150076
2024-12-06,7043.897595393048,7133.8196923555115,6924.051227686857,6993.89111328125,1088961,7203.57134765625,6812.706862835425,6859.75056019525,55.162166613892445,-47.043697359824364,34188715.68555196,194860538.0,83.80927018447187,85.26247628400928,24.00431009264321,7051.040775710772,6225.677339523602,229.87320460229265,2163.3638093401028
2024-12-09,6978.953819669324,7018.9191958735855,6861.355505044843,6943.6845703125,825347,7190.2788671875,6832.857279370361,6865.967894278009,53.01437000354685,-33.110614907648596,34225877.638903655,194035191.0,76.02671188965867,82.24296788272527,22.830342020530317,7088.504641448867,6232.595016754259,224.70823933275332,2167.6803409708523
2024-12-10,6943.984106908257,6953.925689370219,6804.10529036622,6872.09619140625,579733,7170.94861328125,6838.89403506819,6866.4218422134345,50.023530752210355,-27.52780714524488,34172328.914138265,193455458.0,67.00045301422807,75.61214502945285,21.377297484501927,7091.726593116832,6287.232879539418,219.35910788069938,2170.6666865632997
2024-12-11,6887.932760025019,7093.8544639372285,6828.883817549256,7057.18603515625,1037764,7155.5539453125,6872.477419697122,6880.552523172161,56.80815725002585,-8.075103475039214,34922867.32259296,194493222.0,89.19717205473935,77.40811231954201,20.79826729541879,7138.42166596137,6298.747328179255,222.6170749169332,2176.1352283738047
2024-12-12,7040.10120114556,7100.648357190559,6973.958306873886,7006.43017578125,776145,7144.32068359375,6893.0855360177575,6889.876793735797,54.61844045751191,3.20874228196044,34544589.06319507,193717077.0,74.93365534263876,77.04376013720206,20.296210015509963,7170.356291154528,6315.165827986098,215.76514458834322,2180.245617521586
2024-12-13,6993.941134356809,7021.816887877736,6864.0536561473255,6994.19091796875,526964,7132.08228515625,6908.640210164064,6897.603765901201,54.07713241219907,11.03644426286337,34886999.39441633,193190113.0,72.52534527970214,78.88539089236006,19.090228226925465,7192.635561269848,6343.043100839526,211.6221508127766,2182.99388131329
2024-12-16,6993.940732735396,7028.910436399073,6936.740288885524,6994.29052734375,497823,7122.3397265625,6921.817182037862,6904.765748230278,54.08112106540954,17.051433807583635,35010849.09719199,193687936.0,72.54494534564162,73.33464865599416,18.0137684480519,7205.233947919892,6384.1331907519825,203.08986486283175,2185.601720426044
2024-12-17,6993.941194664031,7023.915228355449,6885.035538918548,6935.6416015625,545205,7114.113857421875,6923.944015810884,6907.052848477109,51.2581604082348,16.89116733377432,34862976.183628306,193142731.0,56.711116600348596,67.26046907523077,16.789418558600833,7171.240304096539,6482.071463481586,198.50342376097953,2188.4316759049284
2024-12-18,6929.746363278505,7170.7875354864045,6842.8714327009675,7107.59228515625,1201264,7107.40466796875,6952.197595710171,6921.907621564454,58.1547425356142,30.28997414571768,35601230.41650946,194343995.0,87.2273866913201,72.16114954577009,16.434156460801184,7171.635883369881,6550.606157645743,207.7471865484408,2194.7757140418694
2024-12-19,6988.945289091142,7178.1812512412025,6985.548329624563,7085.861328125,660251,7088.422109375,6972.761246850914,6934.052340568938,57.0560074221399,38.70890628197594,35628626.75131675,193683744.0,81.615627605872,75.18471029918021,16.146933966000812,7156.355847322295,6628.986486662081,206.66759619616928,2198.286250882303
2024-12-20,7118.832916613477,7181.778386613008,6783.523299488704,6825.63671875,768861,7060.66017578125,6950.126704066159,6926.021553767536,45.877955594646416,24.105150298622902,35022371.91351526,192914883.0,29.583198953708184,66.14207108363341,15.441321007968126,7142.521216016255,6660.680639452495,220.35241697675033,2202.2401703101095
2024-12-23,6864.05357582714,7063.880463041904,6854.11199304476,6939.98779296875,783189,7039.021923828125,6948.5668715896345,6927.056090004662,50.47003441598008,21.510781584972392,34880432.59100574,193698072.0,48.06867794198029,53.08916816718681,14.786108975509203,7143.669416810921,6676.622624204705,221.6303689278327,2206.2799892712837
2024-12-24,6969.961533849041,7072.87237645031,6896.025588679197,7001.08447265625,486797,7014.48716796875,6956.64650252296,6932.539673904779,52.77552990993906,24.10682861818077,34972015.89621738,194184869.0,61.19090615485844,46.28092768351562,14.113136079354131,7134.117459503702,6719.925313933799,218.43154170235272,2208.807231901306
2024-12-26,7041.849570519223,7068.87596120626,6942.035652525699,7057.5859375,440974,6991.943701171875,6972.175646365582,6941.802360097017,54.86776220262326,30.373286268564698,35334487.92841813,194625843.0,68.81585367565073,59.35847925749647,13.488232675781562,7148.364789406723,6727.519048483903,211.88931077222475,2211.1099850471564
2024-12-27,7094.853353667696,7227.738228479386,7068.875859343607,7112.13818359375,530288,6971.842109375,6993.708344400685,6954.419828504183,56.85526708876274,39.28851589650185,35093022.15267128,195156131.0,73.97655113746512,67.99443698932474,13.258558643680617,7158.90759570738,6754.45373241762,208.90809507273624,2213.9414209560764
2024-12-30,7133.12018507187,7138.865207999361,6909.264312927588,6948.33056640625,960856,6954.8278515625,6986.727147786157,6953.968772052484,49.7680162054329,32.75837573367244,34459142.61363637,194195275.0,37.10079426911906,59.96439969407829,12.667580814401683,7151.887932638117,6777.354645486884,210.38615221552453,2218.920549723424
2024-12-31,6947.980574860366,7139.814378480324,6811.898275274021,7117.18408203125,915919,6942.912177734375,7006.797445362326,6966.058795013874,55.87408291874117,40.7386503484513,35248641.96976606,195111194.0,75.11246488285971,62.06327009648128,12.684310627081818,7162.869733272822,6798.150335086554,218.78114871486585,2223.681105835527
2025-01-01,7114.836001797813,7173.584908873969,7043.897460002047,7061.931640625,412650,6928.924287109375,7015.279629248891,6973.160487281365,53.57898233081963,42.11914196752605,34950757.194909945,194698544.0,62.67424234680241,58.29583383292704,12.456433737526508,7164.6303759078255,6819.0400342484245,212.41731301179837,2225.8541176003305
2025-01-02,7093.854379204514,7329.650102231593,7049.8427031643,7314.6630859375,706114,6923.218232421875,7061.3386225856,6998.456976070708,61.39113680595752,62.881646514892054,35581229.578149535,195404658.0,97.25576254107618,78.34748992357942,11.909961939301771,7222.058128905827,6811.289283203548,217.2308905871909,2229.6735004015914
2025-01-03,7343.638192002362,7486.564179629791,7273.7987916664715,7301.375,940233,6919.428525390625,7098.26729603397,7020.8953482136185,60.81166687706788,77.37194782035112,34884721.00474216,194464425.0,73.65883195972512,77.86294561586789,12.24493162468406,7271.661902343266,6795.416320312984,216.91192611405725,2234.8745625856095
2025-01-06,7301.374811516818,7332.247967587959,6929.247000862578,6992.29248046875,942724,6909.178408203125,7081.963478254705,7018.776617269554,49.18284812233741,63.186860985150815,34236956.52902911,193521701.0,29.69516949542821,66.86992133207649,12.071730139217767,7271.636219316002,6795.282140058998,230.2040004434375,2239.8050148461557
2025-01-07,7004.132368548036,7078.867428685564,6832.43101937157,6868.349609375,601356,6896.915029296875,7049.099806119366,7007.633875944031,45.43109948822801,41.465930175334506,33810898.16195787,192920345.0,12.065629792292183,38.47321041581515,12.324221528142038,7275.684070902757,6783.700792378492,231.36345821990582,2242.8424483259187
2025-01-08,6863.603433080447,6867.550209052536,6584.645404944873,6693.30126953125,1257939,6883.6794921875,6994.361569721194,6984.3499791727145,40.708059851501986,10.011590548479944,33519237.907722156,191662406.0,12.04718957362158,17.935996287113973,13.464570906969962,7299.780817010076,6741.724554083674,235.10208294920736,2248.897366110255
2025-01-09,6713.184336360932,6713.184336360932,6566.51159496951,6615.96875,592991,6869.96837890625,6936.147289764087,6957.062480715476,38.78951675591124,-20.915190951389377,33326152.814443015,191069415.0,5.375470473652485,9.829429946522064,14.583423462740539,7327.955394013486,6669.428248564639,228.78570140936557,2251.692850517079
2025-01-10,6595.286152638818,6620.264512556401,6474.390890637713,6578.40087890625,768200,6853.458681640625,6881.109380401343,6929.013473174053,37.85611984131791,-47.9040927727101,33653428.08868317,190301215.0,10.275907238385066,9.232855761886357,15.92702133770059,7353.985628989549,6600.595083901077,222.86341001717435,2255.2477497764057
2025-01-13,6457.055983390683,6518.203205242194,6149.67237562356,6219.01220703125,1068954,6832.91546875,6779.2482768059435,6876.4207867931045,30.335749841404464,-97.17250998716099,32986725.863490067,189232261.0,5.1866449625842055,6.946007558207234,18.059430634557113,7439.361065186864,6437.701776610011,237.56805953613977,2259.8839532257657
2025-01-14,6232.000893565172,6311.5320904562395,6132.687030429064,6155.81689453125,1130732,6813.588203125,6683.33575645599,6823.042720699634,29.235921118927763,-139.7069642436436,32148466.884461615,188101529.0,1.7084167581852407,5.7236563197181525,20.079676442943377,7501.344494082407,6291.870984433218,233.37355957121375,2264.660612832831
2025-01-15,6194.633425922303,6513.357307030241,6159.36417591493,6384.71875,1463322,6798.426337890625,6637.394678539684,6790.574278425587,38.00362281630161,-153.17959988590337,32548267.51071333,189564851.0,18.615553096506936,8.503538272425443,20.731276068430585,7513.090106712775,6225.0330866466,242.2426204946264,2271.063930604904
2025-01-16,6492.375595519121,6492.375595519121,6145.176377383865,6206.17333984375,1477566,6781.39708984375,6571.052934124925,6747.285320012118,34.4211541814186,-176.23238588719323,31589867.644312702,188087285.0,5.42784176969595,8.583937208129358,21.38077985193952,7519.081975015911,6128.899323812214,249.73952032609995,2277.396757142525
2025-01-17,6211.568989371363,6304.538252934023,6074.737334047363,6211.1689453125,770051,6766.3741015625,6515.686166615321,6707.572995960295,34.60689761298872,-191.8868293449741,31734167.19778587,188857336.0,9.663480453855087,11.235625106685973,22.208872476773372,7512.987850935893,6047.524209610981,248.31533450899707,2280.619835539598
2025-01-20,6204.624644011699,6219.611660060037,6068.792126750163,6084.728515625,909757,6749.080078125,6449.384989539886,6661.436367787311,32.12663615415457,-212.0513782474245,31016669.662000187,187947579.0,1.1240445064824325,5.4051222433444694,22.997268064534378,7535.515040593323,5950.906199641052,241.3513487090597,2284.350528098454
2025-01-21,6085.328163152623,6103.712138809598,5718.345799953789,5731.984375,1553225,6733.7223828125,6339.015664226057,6592.588072025288,26.434617052525496,-253.57240779923086,29573385.638106447,186394354.0,0.7713173442247795,3.8529474348540806,24.7070128137287,7582.768795332312,5782.852103105189,251.63813371954186,2290.251534764348
2025-01-22,5731.034970859859,5743.0245837696075,5563.180390123377,5621.47998046875,1377528,6720.282021484375,6228.6255590326255,6520.654139317397,24.943658176834674,-292.0285802847711,29088956.45281999,185016826.0,3.0310950244794364,1.6421522917288638,26.63221598482208,7611.786506803751,5615.873942415,246.50999514287676,2295.162839622659
2025-01-23,5615.135439368381,5787.436365209168,5600.198184648684,5728.63720703125,2106761,6705.35294921875,6151.704274109336,6461.986218407312,29.118609975880346,-310.2819442979753,29872528.208924804,187123587.0,9.352769731103479,4.385060699935879,28.130464516575213,7594.084848377345,5500.680727794529,242.27629410127724,2302.7868445760496
2025-01-24,5715.0488641410575,5750.068330306733,5461.718527902861,5485.69775390625,1119070,6684.60892578125,6049.241732539631,6389.668554370196,25.63691229533383,-340.42682183056513,28939582.369370926,186004517.0,1.4828087872293743,4.622224514270743,29.82981055057645,7575.464845066324,5356.6566881368,245.56725898003398,2306.657145018626
2025-01-27,5472.259197898423,5540.65014383539,5345.369127032419,5407.9150390625,1186126,6662.914716796875,5950.576087389302,6316.946071754811,24.621809291281835,-366.36998436550857,28513257.128985398,184818391.0,4.108966585439045,4.981515034590614,31.645872937193257,7565.673430829423,5212.406549639328,241.9753845388152,2310.5804494318636
2025-01-28,5479.253305907737,5534.105689461895,5312.59787533539,5450.37841796875,1136463,6642.774169921875,5873.62259978614,6252.755875178066,26.3366045108488,-379.13327539192596,28790581.62393409,185954854.0,9.837346459316311,5.143040610661558,33.398046909790715,7500.2130757613495,5111.1863383011505,240.51341522365016,2314.3315151921192
2025-01-29,5490.24369135624,5647.007785808866,5411.01252622224,5592.30517578125,701998,6628.6963671875,5830.34299609308,6203.833601148672,31.91195098742253,-373.4906050555919,29167139.842631444,186656852.0,21.38980168831714,11.778704911024144,34.2331006094416,7412.3341292053055,5052.1026383728195,240.1906898210056,2316.7313938682237
2025-01-30,5595.152626868332,5629.123196388604,5452.07638598069,5506.4296875,575077,6610.459169921875,5780.510179386452,6152.174051989511,30.41207352066553,-371.66387260305873,28945159.670592405,186081775.0,16.07755103235928,15.768233059997558,35.008507616260275,7251.307787340053,5032.305640394322,235.68041272007048,2318.682034443432
2025-01-31,5564.1794635526385,5812.614134092316,5522.96516962706,5748.22021484375,1029356,6596.32640625,5775.542492533728,6122.25154553427,39.0922705050786,-346.70905300054164,29516828.77870657,187111131.0,36.27890216889544,24.5820849631906,34.505419967025084,7048.49245052244,5079.80549869631,240.71641513951658,2322.3472265634523
2025-02-01,5774.997027475967,6264.972456249265,5672.135942370819,6184.142578125,2120509,6587.068427734375,5838.404044163155,6126.836066466917,50.967329645154976,-288.4320223037621,31059099.158045124,189231640.0,72.58279050612492,41.64641456912653,32.22394593945939,6914.241695892601,5133.241263091775,265.8678507637258,2330.644333660494
2025-02-03,6204.624619717884,6227.105143702369,6030.725472661338,6129.78955078125,1498258,6574.2825,5883.232583642863,6127.054843082794,49.667066791363354,-243.82225943993126,31072439.041563034,187733382.0,69.26657975187018,59.37609080896349,30.105434342434105,6791.246560093803,5182.380393031197,260.90440935496184,2336.6241891260265
2025-02-04,6164.609401066292,6184.641850365479,5648.556490611724,5745.322265625,2602288,6555.91740234375,5862.015611640115,6098.7783558636975,41.58540694090412,-236.76274422358256,29409599.99515287,185131094.0,43.624032256574026,61.82446750485635,29.15993180336589,6681.010470686229,5197.818582048145,280.56019152630415,2346.2304085592164
2025-02-05,5760.709511621895,5901.087897414639,5720.44410184305,5744.97314453125,1428644,6534.033359375,5844.0090782387515,6072.570562431664,41.57879079168328,-228.56148419291276,28368937.985360257,183702450.0,45.39970699144064,52.763439666628265,28.281965159945404,6572.913177060081,5218.816315127419,273.42330610096735,2351.3762983448896
2025-02-06,5839.940553324955,5839.940553324955,5240.459914831375,5272.5322265625,6021478,6504.73673828125,5756.089562596251,6013.308463478393,33.75293299823913,-257.2189008821415,22991760.0914768,177680972.0,3.1304947899162303,30.718078012643613,28.75104694964607,6483.16553653124,5177.977090421886,296.71311555758257,2370.7820601202648
2025-02-07,5316.793832393256,5512.973974342138,5250.45140413537,5449.6787109375,2846965,6477.939951171875,5708.9494315718275,5971.558111438327,38.432256293077536,-262.6086798664992,24465895.323454525,180527937.0,20.421301609111957,22.98383446348959,29.18662289722526,6439.251491448666,5144.957785895085,294.2709337468101,2379.7352242971465
2025-02-10,5455.274097091932,5485.2481305924375,5165.52510658705,5192.251953125,1529876,6445.796806640625,5629.457511810778,5913.831729341044,34.60679660806478,-284.3742175302659,23191795.467204522,178998061.0,2.4309346460439016,8.660910348357344,29.78885495275147,6418.479430995004,5069.373352208121,296.08894019385133,2384.3292639103856
2025-02-11,5207.0389555310085,5245.455870334334,5130.555408412724,5223.82470703125,1596380,6413.564736328125,5567.0524649216195,5862.720098058837,35.45537369172355,-295.6676331372173,24187106.404534683,180594441.0,8.22178217406029,10.35800614307203,30.430488710832417,6328.939413383984,5042.823965522265,283.1469060315483,2388.97380282877
2025-02-12,5223.82464104976,5285.421181634516,5108.873931142334,5232.7666015625,1313946,6381.86220703125,5515.623870558678,5816.056876096145,35.7098252150098,-300.43300553746667,24717293.102994397,181908387.0,10.716445677387805,7.123054165830648,30.805661523657356,6262.487296269038,5011.935408809087,275.53264492159354,2392.7974470100135
2025-02-13,5242.108395144096,5373.344795979464,5199.794955789237,5252.24951171875,986050,6347.625859375,5475.104738429459,5774.293367623745,36.29907532068489,-299.1886291942865,24327300.29114972,182894437.0,12.401674897315058,10.446634249587698,30.66855038686183,6177.082019891712,5001.448741827038,268.24815886935306,2395.7272940800444
2025-02-14,5263.439906728155,5320.390566311204,5028.84334976457,5112.92041015625,888168,6310.0064453125,5419.384072541273,5725.302778181708,33.90575321850062,-305.9187056404353,23951396.17388182,182006269.0,6.801640698420113,9.97325375770764,31.023446484961465,6117.189029035811,4964.160922136064,269.9123772748731,2398.2504549337195
2025-02-17,5105.57664983957,5154.833779321791,4993.823372564418,5092.03857421875,1078162,6272.973525390625,5369.0232266455,5678.394318628897,33.54873265237434,-309.3710919833975,24188576.45986967,180928107.0,7.72648959236339,8.976601729366168,31.447300406858776,6109.683687523007,4907.671683570743,262.1336650950517,2401.2252861006596
2025-02-18,5095.585318080636,5115.018676839102,4923.98398898645,4993.423828125,721122,6235.400078125,5311.238703796193,5627.655763776756,31.84344462324441,-316.41705998056386,23991700.56660703,180206985.0,5.178257742983336,6.568796011255594,32.03089506786001,6115.879689277099,4838.6700665822755,257.0551667205946,2403.159838105177
2025-02-19,4955.706908982058,5098.882681592063,4935.724219832937,4987.1298828125,764148,6193.998955078125,5261.37580826024,5580.209402223849,31.73258004825078,-318.833593963609,23709066.47806446,179442837.0,4.70890655420339,5.871217963183352,32.57280439593258,6101.810872796215,4778.588150641284,250.3482592233469,2405.203891291654
2025-02-20,4955.706686930091,5132.853023156148,4947.164282845053,5095.0859375,812700,6155.7720703125,5235.792751220203,5544.2743307628225,35.85760563011759,-308.48157954261933,24191177.660871457,180255537.0,13.130164290123165,7.672442862436611,32.84413389439136,6098.614696760485,4742.72314503639,245.72972215818604,2407.416941960297
2025-02-21,5083.595921117462,5163.47691301667,5018.652183917652,5043.83056640625,912164,6116.76486328125,5206.2601074026725,5507.204422291966,34.782980455965145,-300.9443148892933,23596180.683757816,179343373.0,9.506669580333284,9.115246808219927,32.88106094456633,6100.07045753413,4704.85893699712,238.52222265395972,2409.9123041049497
2025-02-24,4994.273186759285,5075.6026273502275,4923.983985873771,5061.61474609375,823625,6078.11134765625,5184.006974893608,5474.197779610617,35.50521698220916,-290.1908047170091,24267835.337794054,180166998.0,14.085580724258737,12.240804864905044,33.241200645203556,6095.710888237891,4670.34213910586,232.31482399842375,2412.115105029265
2025-02-25,5085.594425015074,5124.8104527521755,4932.027262656533,4955.60693359375,976304,6038.510654296875,5148.868507001322,5435.783642868626,33.14868405731063,-286.91513586730434,23530358.457972612,179190694.0,3.452450568477851,9.014900291023272,33.21202738357869,6080.330243412239,4622.052959712762,229.49113586251082,2414.705198462219
2025-02-27,4946.714710950454,4954.707786629631,4765.971384726797,4801.140625,997906,5992.38162109375,5095.37190977035,5388.773048952432,30.021885625093773,-293.40113918208226,22904353.114446282,178192788.0,4.708047972271851,7.415359755002794,33.75231954746928,6079.052482258902,4552.801814616098,226.64430821997098,2417.1803925036083
2025-02-28,4755.880021425177,4872.179174797547,4710.91897080246,4847.3505859375,2178604,5947.61140625,5057.214783026834,5348.667681321696,32.08574937427734,-291.4528982948623,24412095.21963557,180371392.0,17.61933066966571,8.593276403471785,34.42539964700882,6032.974182724703,4508.793151259672,221.97401506105072,2422.4989706374718
2025-03-03,4895.808617025946,5018.602632483122,4770.8670479094835,4942.6181640625,1415550,5909.95103515625,5039.584533955398,5318.5899393024965,36.25951770217591,-279.00540534709853,24959301.54217861,181786942.0,34.9773792708231,19.1015859709202,33.987064748152044,5856.96746186574,4560.647430712385,223.8141271690927,2426.0870611454534
2025-03-04,4894.659600746277,5065.511589644269,4861.488630119845,4995.47216796875,898723,5871.06072265625,5032.798016111298,5294.655289574071,38.51707808866674,-261.85727346277235,25240975.957909323,182685665.0,42.95623545326845,31.850981797919065,33.2627068620873,5648.786078204252,4655.397076092624,222.40047233733068,2428.4177981025564
2025-03-05,4982.683173073567,5315.394922949945,4982.683173073567,5101.68017578125,2128488,5833.07263671875,5043.395271445137,5280.360836700528,42.89400961124737,-236.96556525539108,24635029.27118354,184814153.0,58.98942796718055,45.64101423042401,31.123943680011024,5535.465013960161,4704.353931352339,230.27984930440553,2434.2647315036993
2025-03-06,5170.020927901004,5170.020927901004,4966.647316903896,5065.11181640625,1499675,5793.223154296875,5046.736278362231,5264.416464826878,41.79087226843539,-217.6801864646468,24587506.76596608,183314478.0,58.11474205096221,53.353468490470384,29.21615252528512,5386.788358249711,4785.04445425029,228.35797513959855,2438.268808831925
2025-03-07,5070.607317035774,5095.53591662455,4980.685216832184,4995.5224609375,690809,5750.89083984375,5038.857229527657,5244.4983904647015,39.69854528695189,-205.64116093704433,24075185.172341127,182623669.0,47.08268197005137,54.72895066273136,27.444632167325352,5362.626940112552,4781.504895824948,220.25031261479623,2440.078806886002
2025-03-10,4985.6809924448,4993.524295585802,4783.606046408335,4795.5458984375,1217553,5707.835146484375,5001.4247170522485,5211.242650314539,34.372761701004976,-209.81793326229035,22996137.544929065,181406116.0,14.000048692489981,39.73249090450116,26.748526930187474,5298.050580218318,4780.667974469183,219.6550341801083,2443.0577784734874
2025-03-11,4735.597825086401,5040.633382505683,4718.862322775802,4991.12646484375,1437957,5665.313994140625,4999.840370558633,5194.937747687072,42.49778770946417,-195.0973771284389,23991613.36678855,182844073.0,46.355441113217836,35.81272392525304,26.377642824001168,5278.916148299478,4779.689857559898,226.94903600509204,2446.6527658259097
2025-03-12,5006.262900682909,5100.581090065587,4955.706602688601,5011.0087890625,1026027,5624.295537109375,5001.558588789997,5181.313380381549,43.26674892863847,-179.75479159155202,23748906.29296716,183870100.0,49.64462476859987,36.66670485810254,25.645620100817137,5251.7995338815,4785.524880180999,221.08656824594158,2449.3208614213877
2025-03-13,5025.64625372173,5103.4787293438285,4965.798198093069,5018.052734375,860279,5578.363330078125,5004.096149649228,5169.219999195879,43.55474121778587,-165.1238495466505,23541638.72181194,184730379.0,50.809922624945585,48.93666283558775,24.9466524229177,5219.406840565702,4796.446186778048,215.12899417485713,2451.5594816320695
2025-03-17,5018.052791384378,5175.416468114743,5009.660159530482,5155.083984375,856529,5535.437509765625,5027.325047299347,5168.172886986925,48.98058166555949,-140.84783968757802,24188035.605407268,185586908.0,73.47935215529783,57.97796651628107,23.81455210887939,5195.478829601228,4810.657645008147,211.60237377552883,2453.857237126281
2025-03-18,5155.083984375,5155.083984375,5155.083984375,5155.083984375,0,5498.69333984375,5046.980268387909,5167.203338645301,48.98058166555949,-120.22307025739246,24188035.605407268,185586908.0,73.47935215529783,65.9228756451804,22.76331610298667,5203.197414532004,4807.155417499247,196.4879185058482,2453.857237126281
2025-03-19,5271.482847719103,5295.312300693494,5190.103643681735,5226.322265625,957079,5465.85279296875,5074.571344885922,5171.5825184215755,51.775508159159514,-97.01117353565314,23889915.353772696,186543987.0,85.26448289489402,77.40772906849654,21.396003663148623,5229.385624000258,4794.395577171616,192.46937549246576,2456.539397970555
2025-03-20,5242.458440241734,5270.983533542903,5154.3345869261275,5217.0302734375,759448,5436.327373046875,5096.488103124627,5174.949018793126,51.38013226061055,-78.46091566849918,23946833.298098184,185784539.0,83.72728490471941,80.82370665163705,19.896689764872328,5257.916275210613,4788.225570492512,187.05363057277364,2458.646360655282
2025-03-21,5219.977546295726,5288.868056649627,5121.063243092878,5145.591796875,1197537,5406.919833984375,5104.04251754776,5172.774409762154,48.32476378303521,-68.73189221439407,23099391.74635119,184587002.0,71.53497964312848,80.17558248091395,18.662728783697734,5271.088081340585,4790.89995576879,185.67871507162903,2461.927367749158
2025-03-24,5145.992320713846,5163.676708098971,5040.433373783057,5050.3251953125,908085,5376.3583203125,5095.778314126951,5163.7040975806985,44.52250929826393,-67.9257834537475,22337077.141211476,183678917.0,55.564921756151435,70.27572876799975,18.024234559716778,5267.247716750284,4790.264246140341,181.21904501764942,2464.3185782094088
2025-03-25,5117.016967137209,5244.256340181704,5061.614770606071,5180.5615234375,1461587,5355.589306640625,5108.821884790112,5164.952795792313,50.281728591878526,-56.130911002201174,22779230.106155623,185140504.0,77.39714485460081,68.16568208462688,16.860895876893327,5283.089782122494,4788.095276471256,182.12705214990334,2468.271460664245
2025-03-26,5200.494781617333,5405.317342660858,5114.069652201406,5317.34375,1625697,5338.81984375,5140.902171745479,5176.241014622512,55.506050970485695,-35.33884287703313,23422818.6784983,186766201.0,87.18436166792269,73.38214275955829,16.516762616359635,5324.679967260916,4772.0779917234595,189.92138345772827,2472.8445826482453
2025-03-27,5354.361430795678,5440.237230525218,5331.181316787808,5417.6064453125,1670468,5319.47759765625,5183.4720599865595,5194.119935414363,58.914065999941556,-10.647875427803228,24399990.896231137,188436669.0,96.86282611585105,87.14811087945816,16.38981705825461,5387.314757603537,4755.643152552713,185.13367610540612,2477.7241743888194
2025-03-28,5418.256165751845,5521.1670103977785,5285.421050262028,5320.54052734375,1535964,5301.76494140625,5204.55951650305,5203.4844237054285,54.55728832272494,1.075092797621437,23321657.2409063,186900705.0,74.99372917180835,86.34697231852734,16.704800494502432,5405.416906946209,4789.480993444416,188.74883925043073,2482.1648994387556
