Date,Open,High,Low,Close,Volume,SMA_50,EMA_12,EMA_26,RSI,MACD,ADI,OBV,SO_K,SO_D,ADX,BB_High,BB_Low,ATR,VWAP
2020-04-01,393.7130121850827,393.7130121850827,373.7277063332516,378.1258544921875,29103504,,,,,,-16293940.465153633,29103504.0,,,0.0,,,0.0,381.8555243368406
2020-04-03,384.2103508083549,384.66611634905286,369.1700879653232,370.9247741699219,34996280,,,,,,-43364642.606410384,-5892776.0,,,0.0,,,0.0,378.0691443827043
2020-04-07,398.33909147590657,413.5160787569248,385.28139731588345,408.4114990234375,60412638,,,,,,-4796141.805213578,54519862.0,,,0.0,,,0.0,389.87577287356646
2020-04-08,401.05089768341077,430.69844088104304,394.73852818198174,405.1300048828125,56219352,,,,,,-28523641.48439004,-1699490.0,,,0.0,,,0.0,396.19450672181347
2020-04-09,416.1139269487588,424.27214102478746,405.6313198076619,421.60589599609375,44457146,,,,,,3215862.6122036874,42757656.0,,,0.0,,,0.0,400.3354788260415
2020-04-13,425.68502116035444,431.47324917436606,403.89943356387204,408.0696716308594,34158056,,,,,,-20610128.544998657,8599600.0,,,0.0,,,0.0,402.19852793768314
2020-04-15,424.08982064303325,424.08982064303325,384.2103372402762,393.4623718261719,57978752,,,,,,-51686755.794105686,-49379152.0,,,0.0,,,0.0,401.90417797847937
2020-04-16,394.23717536720306,405.95035481159914,390.24922706146543,400.959716796875,53854396,,,,,,-32067836.40632788,4475244.0,,,0.0,,,0.0,401.49051599490707
2020-04-17,417.02546539893945,419.3042930787151,404.3779717761847,414.88336181640625,55883462,,,,,,-9287901.952658549,60358706.0,,,0.0,,,0.0,402.97764438606174
2020-04-20,433.43303515886066,437.9679079146559,426.14078640750233,430.63006591796875,66232986,,,,,,-25240118.14963148,126591692.0,,,0.0,,,0.0,406.81791442942534
2020-04-21,421.58313893340227,425.6850289338354,413.83512448813974,420.05633544921875,33178006,,,,,,-23581155.541176494,93413686.0,,,0.0,,,0.0,407.63974245425766
2020-04-22,418.91691477659134,425.22925649239636,413.51607633951164,423.223876953125,38289354,,408.2434408850454,,,,1597380.3750416264,131703040.0,,,0.0,,,0.0,408.52223424474477
2020-04-23,426.1407788212389,436.8512689841256,415.9088369105965,435.2333068847656,40901222,,412.39572796192545,,,,36178741.646243505,172604262.0,,,0.0,,,0.0,409.9274819625789
2020-04-24,425.2292732434117,436.8057297514039,422.0389142801707,427.5308837890625,33284568,,414.7242134737927,,63.82708966751317,,27652095.613744177,139319694.0,84.8294260875128,,0.0,,,22.998257566753605,410.9101760197519
2020-04-27,430.7668027439289,436.3499304985777,422.1756057941024,423.7252197265625,27421072,,416.1089836665265,,61.35977780412477,,6226663.772992849,111898622.0,79.29776234394834,,0.0,,,22.36797664801944,411.58942634533327
2020-04-28,430.15150646216375,430.15150646216375,420.2158233605665,424.5000305175781,29441436,,417.3999139513037,,61.68452329734319,,2175170.1723478744,141340058.0,74.9470126195706,79.69140035034391,0.0,,,21.479955680417852,412.1549881856206
2020-04-29,426.1407733968417,452.4384502170679,425.73057329001324,445.3284912109375,55877778,,421.6966181450935,,69.18254212163916,,28302271.095413487,197217836.0,89.5791357903319,81.27463691795028,0.0,,,21.94127453892299,414.31154450756253
2020-04-30,456.40361745922075,464.4250797408059,452.1649757334157,456.5859069824219,43793134,,427.06420104314407,,72.33382654800751,,16092300.578498358,241010970.0,90.22726681653029,84.9178050754776,0.0,,,21.73808268113338,416.70157042145877
2020-05-04,436.39548007225295,437.53489385834234,418.164859494822,420.67156982421875,26722324,,426.08071931715557,,53.52821740542027,,-3713657.2097369265,214288646.0,45.45452799240958,75.08697686642392,0.0,,,22.929723024452418,416.98613226678293
2020-05-05,427.50807057591214,430.2426637778903,413.8578872791606,415.4075012207031,29672858,,424.43868576385523,,51.41812922436353,,-27773808.26243414,184615788.0,38.89205775387349,58.191284187604445,0.0,456.0171062545823,376.42952765655053,22.462226844043652,417.0854002435126
2020-05-06,418.8485304354791,432.9772621476661,412.764071615545,431.3365173339844,33785846,,425.49989062079817,,56.948544657604714,,527109.317952022,218401634.0,55.39173300796123,46.579439584748094,0.0,455.0864792325653,382.6812209627472,22.30158139319204,417.41374377458027
2020-05-07,428.64746481405723,429.9236026864297,419.9195441163271,421.5830993652344,21831730,,424.8973073507114,,52.97219933387136,,-14043909.685659967,196569904.0,28.652716462525788,40.9788357414535,0.0,450.16411916976085,392.6694135450829,21.524109380653844,417.56758912129226
2020-05-08,429.3311241854068,430.21987252194606,421.6742689354531,423.428955078125,20807484,,424.6714070010827,,53.63204894716482,,-26306507.775816083,217377388.0,20.643970858488043,34.896140109658354,0.0,450.29480465647697,394.0404736638355,20.603585364657977,417.73659713649727
2020-05-11,427.0523106885436,434.8003248632557,416.5697032756978,417.39007568359375,28550784,,423.55120218300743,,51.10564682930828,,-52287738.64183162,188826604.0,8.95453696302678,19.41707476134687,0.0,449.9126011937841,395.6486842066065,20.434087952007975,417.8912614610744
2020-05-12,410.6447507767757,414.4731924327486,397.01735002901523,410.8954162597656,49568418,,421.6041581948164,,48.461649633375025,,-23038558.264523547,139258186.0,20.58824157123763,16.72891646425082,0.0,449.86706186516136,394.6231755615965,20.429704930763016,417.3775978363095
2020-05-13,433.43300726421313,437.53489692286496,420.26137267767655,422.7908935546875,44346966,,421.78673286556585,415.60158896852795,53.23400179225749,6.185143897037904,-54397256.81697682,183605152.0,38.23529383925248,22.5926907911723,0.0,449.8265800444079,396.1357795747328,20.87326034021561,417.77789650657274
2020-05-14,409.2774436753148,415.20239553252986,405.6313194554902,407.3176574707031,39554890,,419.5607212663562,414.9879644131335,47.12167391903641,4.5727568532227,-80013711.02195035,144050262.0,15.28060281176656,24.701379407418887,0.0,448.03688738331215,399.31100080028165,20.60799703728573,417.4733743714104
2020-05-15,405.85921538747,406.72518104486295,398.79484948235404,404.7881774902344,24349628,,417.28802222387594,414.2324246410669,46.18802900588457,3.055597582809014,-67558999.5505001,119700634.0,11.528095508399684,21.68133071980624,24.501384772793035,447.56249029400243,400.16824395892723,19.744769248075972,417.1667348210187
2020-05-18,404.7197708378533,404.7197708378533,378.87786098770334,381.31622314453125,46649964,,411.75389928859215,411.7941874931754,38.55430296254331,-0.040288204583248444,-105405472.82596882,73050670.0,2.8503114331107033,9.88633658442565,23.664368569732012,452.1242239121261,392.249796473616,20.185165480537048,416.0073541002547
2020-05-19,392.3457307606705,395.285423883227,376.50787918304417,378.5816345214844,47460692,,406.6504739398063,409.33399838416125,37.77106486594241,-2.68352444435493,-142383232.6884026,25589978.0,2.358759520644367,5.579055487384918,22.986097711056356,454.7296464926413,384.4395307534525,20.084621139083175,414.7293763067989
2020-05-20,381.2250856316876,393.78142050197374,379.28808211648686,390.6366271972656,40014306,,404.1868052101847,407.9490079258727,43.24482826507418,-3.7622027156880335,-119733693.62537694,65604284.0,16.070516263696142,7.093195739150404,22.35627477085753,455.4508806346126,380.7763257862859,19.73570434204076,413.86976872726484
2020-05-21,392.61926162127776,402.89676981256724,388.4489954672824,391.7532958984375,48478908,,402.27395762376204,406.7493255534701,43.73850988507103,-4.475367929708057,-146037715.33798024,114083192.0,24.98142180302796,14.470232529122823,21.231846941984013,455.500547608399,377.5796007070307,19.357995056558195,413.1409316505105
2020-05-22,387.40073646738097,396.65277202182205,379.67550445310445,382.3189392089844,42047432,,399.2039547907193,404.9396673057304,40.53077096981156,-5.735712515011073,-174991209.4949904,72035760.0,9.522110437568422,16.85801616809751,20.61586391818692,454.5668159148429,373.22189563300867,19.18794309314101,412.29562904580087
2020-05-26,390.5910476021218,397.3135889698363,386.8309820913663,388.4945373535156,38005152,,397.5563521080726,403.72150953149225,43.45416317734382,-6.165157423419657,-200933776.0462814,110040912.0,19.641559778612667,18.048364006403016,20.002221377640694,453.5460217964619,370.33905510783495,18.888422140834646,411.7046920718331
2020-05-27,391.9127967981562,414.6554804273124,390.65944157011177,411.8525390625,56025754,,399.7557654856768,404.3238080152706,52.88762536028913,-4.568042529593754,-157996590.89849266,166066666.0,57.9164133992952,29.026694538492098,18.736265549077835,452.6002743997617,370.09753443812895,19.407887921760512,411.4708649670461
2020-05-28,419.3043277138158,432.977294921875,416.54695155706844,430.8124084472656,75488806,,404.5337105566905,406.2859265657887,58.88372182924115,-1.7522160090982197,-102400819.5679766,241555472.0,88.98440604740081,55.514126408436226,18.446139576225104,453.407214153738,369.92183247712137,19.53052134587583,412.23673825974464
2020-05-29,430.2426611263306,435.2560819657264,420.8766850308216,433.7292785644531,53025166,,409.02533640403857,408.3187674545787,59.73280728778001,0.7065689494598928,-60636070.7006812,294580638.0,93.76404337069772,80.22162093913124,18.278557344878095,451.23210257072884,370.93702279548205,19.16258388794933,412.83823607951274
2020-06-01,444.371395687636,453.48670636840797,440.31507130760417,450.1368408203125,39190230,,415.35018323731146,411.4164025187071,64.21004737933886,3.933780718604339,-41379888.4772715,333770868.0,95.6483286761059,92.79892603140148,18.87699386105416,449.5222780203613,372.00194072963876,19.205072739092582,413.69841330623484
2020-06-02,449.70387170472736,458.04437566827704,444.46256790354806,456.2213134765625,41623594,,421.6380494279655,414.73528481188157,65.73169878919978,6.902764616083914,-10930418.249180213,375394462.0,97.76411512598567,95.7254957242631,19.60433951952988,455.9375365652944,369.14165654993997,18.80341095520947,414.6919719629679
2020-06-03,464.88083859707444,476.8446837080286,462.80711100805314,465.90631103515625,50546088,,428.4485512136871,418.52573119879077,68.0595555800925,9.922820014896331,-39157485.625361085,425940550.0,89.09834459582713,94.17026279930623,20.923571397746322,464.31731530883314,365.81175878784654,18.933408046370655,416.2988204514162
2020-06-04,468.54978283575144,473.51758268354735,451.70921285267804,456.54034423828125,54275882,,432.77036552516313,421.34162846097524,63.56274968708602,11.428737064187885,-69386277.53609288,371664668.0,79.76381691058195,88.87542554413159,21.411480940256883,468.387929269022,364.26152751808735,19.138762459549127,417.67443291123357
2020-06-05,457.178423790538,475.0900326185995,457.0416996855795,470.96533203125,35195984,,438.6465142184072,425.01745835506966,67.16145632647147,13.629055863337555,-50277418.74770115,406860652.0,94.1403837758112,87.66751509407344,21.922725847234016,476.04573830535486,361.5419417483561,19.096685739604062,418.66207110875183
2020-06-08,483.1114555157119,486.1423073778749,458.68243455257146,463.01220703125,49812664,,442.39508234346,427.83188418293486,63.44114811827304,14.563198160525133,-84381524.80579248,357047988.0,78.90252110813172,84.26890726484163,22.798675120040635,481.17885876395536,360.3671464850681,19.694056245725445,420.0379745244939
2020-06-09,464.8808646035221,467.957282089869,446.4451423995734,449.9773254394531,61844146,,443.56158128130505,429.4722872389732,57.790844064718044,14.089294042331858,-125916687.43529227,295203842.0,66.15484146747163,79.73258211713818,22.79038431751335,484.0995110977633,360.70521912684603,19.823919348909026,421.17261189424426
2020-06-10,451.20787029544374,455.6971495950326,445.8298426574865,452.051025390625,36497730,,444.8676496058158,431.14478636131776,58.42523086979076,13.722863244498058,-116391921.30501215,331701572.0,67.97942546341058,71.01226267967131,22.742195590499126,487.2210140937696,361.69927704392575,19.11273274809739,421.7400616398506
2020-06-11,448.929033364668,450.4786472465171,439.81372304254273,441.4544677734375,30897714,,444.3425447085268,431.9084664659192,53.96209749074826,12.434078242607598,-137782720.7742363,300803858.0,58.026503683017644,64.05359020463328,22.29276081003251,488.5807236957896,362.2059248637807,18.621630576667737,422.08932751904325
2020-06-12,422.95040225133556,449.6810611069157,422.95040225133556,447.903564453125,42644876,,444.89039390000346,433.0932885390456,56.15720804710721,11.797105360957858,-100809319.22616479,343448734.0,61.496090386033124,62.50067317748712,20.853605945980426,490.76432408115096,364.08091517666156,19.20084688230434,422.47418290185084
2020-06-15,441.18106105109376,443.91565440471624,429.78692207766676,432.9089050292969,32009936,,443.04708791989475,433.07963050128643,50.16774547261723,9.96745741860832,-118672979.09020227,311438798.0,44.24821469460971,54.59026958788683,19.517247857932066,491.34121507246124,366.31609693925753,19.123403703243905,422.6795174184972
2020-06-16,444.3713973759567,453.00815984234634,433.88879005324185,451.39019775390625,45399970,,444.33064327897347,434.4359688162953,56.34750831989476,9.894674462678154,-80956884.77089313,356838768.0,50.06547604491299,51.936593708518615,18.774984020510868,491.5694613487308,373.09524812392544,19.193107353944303,423.19017650159645
2020-06-17,450.75215553671296,455.2642458749382,443.57384770081484,446.3084411621094,36957838,422.7653778076172,444.634919876379,435.31541121228156,54.35160348220247,9.319508664097441,-100624522.61978295,319880930.0,38.96654198140197,44.42674424030822,18.207161750016265,489.7964521415322,381.6409379951865,18.657199555385663,423.62960281059003
2020-06-18,446.65019474460354,467.1140770390714,443.0040707058721,464.8580322265625,40870126,424.50002136230466,447.7461679302534,437.5037535096357,59.93090477158082,10.242414420617706,-67403074.473668,360751056.0,66.31803534219857,51.78335112283784,18.289378431182733,490.739191994822,388.12033864482646,19.046685753800922,424.2862045040974
2020-06-19,463.94655907206635,475.36348082851646,461.3031243778875,470.96533203125,47877752,426.50083251953123,451.3183470227144,439.9823889556812,61.59523309738295,11.335958067033232,-49478116.07659297,408628808.0,75.98272228660683,60.422433203402456,18.751277172751145,491.49651065614705,395.2842235967827,18.690519375002925,425.2605496255886
2020-06-22,473.74547401429817,476.7079500600388,466.6127599178785,468.8688049316406,29694474,427.7099786376953,454.0184174702415,442.1221234724189,60.66370845448017,11.896293997822625,-65900513.16459678,378934334.0,72.66500762772581,71.6552550855104,19.24259088540512,488.00655050987837,407.4291703153169,18.076567286942737,425.8640634042043
2020-06-23,473.54041551336405,476.275008865703,463.30847315648464,475.0444641113281,28830512,429.10826782226565,457.25319387656253,444.56081537159736,62.46447440387016,12.692378504965177,-42542123.57310099,407764846.0,82.43787199590871,77.02853397008046,19.43124909290704,483.6070092206349,420.48370428034167,17.711565031390997,426.44522575695515
2020-06-24,477.8701908730422,481.97208092345454,469.4613385238746,470.57794189453125,39429246,430.08770874023435,459.30315511009616,446.4880099288517,60.31391120468209,12.815145181244475,-74933125.54570755,368335600.0,75.3696846895554,76.82418810439664,19.89913636437337,481.57579920394676,428.3874545802329,17.34007770054735,427.25859527326213
2020-06-25,465.74682207206405,478.09805722798643,458.95590431704704,468.8688049316406,70646790,431.30369140625,460.7747935441799,448.1458465957249,59.47016790722862,12.628946948454995,-72410025.90285063,297688810.0,72.66500762772581,76.82418810439664,19.484608428029187,481.6737110570003,432.09518237561696,17.468797358432496,428.488976618624
2020-06-26,474.451914093093,484.4787556973659,468.5269622360227,481.49346923828125,39969138,433.0643133544922,463.96228211250315,450.6160408655439,63.528723198006155,13.346241246959266,-47400876.789597236,337657948.0,95.14811254992676,81.06093495573599,19.456341701413606,483.88122961203544,434.6640828879646,17.36043993721183,429.31078697256885
2020-06-29,472.62887714035685,493.41177517199554,472.62887714035685,490.4265441894531,46005956,434.85364990234376,468.0337070474185,453.5649670376853,66.11441894856031,14.46874000973321,-14611403.401753362,383663904.0,95.76330852096252,87.85880956620504,19.8957554585791,488.977746377083,433.5965364598311,17.60490122967089,430.3605188952673
2020-06-30,489.49217964315864,491.5659350606277,481.4251520093611,485.7776794433594,35746130,436.2715362548828,470.7635489544863,455.95109388255,63.5878496789018,14.812455071936256,-19672326.806226037,347917774.0,89.16555921038862,93.35899342709264,20.303782518804205,492.3091399099501,433.2207795236436,17.07174993121344,431.16043347995793
2020-07-01,485.77772917056603,499.519072445682,483.70402917626103,494.3233337402344,34846718,437.54540161132815,474.38813122921675,458.79348202015626,66.14875083374736,15.594649209060492,-7722092.664793141,382764492.0,93.21427590127944,92.71438121087687,21.090786985561657,496.77408923663046,431.5975324674711,16.981985169656834,432.004605972933
2020-07-02,496.9211864378468,506.4694521683055,494.5967376945705,496.510986328125,36954496,439.0744946289062,477.79164739827957,461.5873712281539,66.79262173200158,16.204276170125638,-32760174.161911305,419718988.0,87.01338384582564,89.79773965249791,22.152272075710066,501.4449743709613,430.9237115421247,16.636566116686428,432.97084734251155
2020-07-03,498.1517779221573,499.4279437977285,487.66916960357577,489.46942138671875,27597254,440.39940551757815,479.5882280118856,463.6527082769365,62.66121077684337,15.935519734949082,-51907226.65229221,392121734.0,76.57774083868752,85.60180019526422,22.4826820214652,503.76681844533084,430.452276403302,16.288152407934025,433.60007566029424
2020-07-06,504.9653982296316,510.41182971079365,501.3420845093991,502.7093811035156,35558216,441.7489270019531,483.14532848752094,466.5457951529794,66.81729083655276,16.599533334541547,-76744385.6545314,427679950.0,88.57335012915108,84.05482493788809,23.329832670862135,508.81982436805475,429.3689878878046,16.620599259086944,434.5619787908611
2020-07-07,505.62624282330603,506.6744700630122,498.1744882317766,503.6892395019531,24349850,443.27209411621095,486.30593018204894,469.29716140105154,67.10907458932306,17.0087687809974,-69498081.94920343,452029800.0,90.0269786326086,85.0593565334824,23.818151590670347,513.1989238553617,430.36107980674757,16.040555157097565,435.1877286766819
2020-07-08,504.5324312523753,512.6906451973653,503.620900211269,506.0592346191406,30056350,444.9187744140625,489.34490009544766,472.0202779357248,67.8455515160289,17.324622159722878,-83393573.51440045,482086150.0,87.65898845033128,88.75310573736367,24.569810422746947,517.416701056712,431.54412352824903,15.542640144883189,435.99606016746577
2020-07-09,509.54589158154823,514.8783263322939,504.6464118548026,512.7134399414062,20114484,446.68304260253905,492.940060071749,475.03458623244194,69.884501349343,17.905473839307035,-71790805.0427351,502200634.0,96.1287685460093,91.27157854298305,25.375069712136963,521.251655938601,434.83506586315684,15.163302597212342,436.5514288628843
2020-07-10,509.50032526677694,510.45742180557363,501.1370384562476,503.66650390625,17562978,447.8498028564453,494.59028220013374,477.1554690230944,63.947351087139104,17.43481317703936,-79820924.92196587,484637656.0,79.95111437951117,87.91295712528392,25.753913884095486,523.0865588309607,438.5764569161095,14.907095374922793,436.99316929887436
2020-07-13,505.8541569072349,507.26701887855097,488.2616191316164,492.3406982421875,29922114,448.5648986816406,494.2441923604497,478.2803008171013,57.37566009856167,15.963891543348382,-96898829.19349499,454715542.0,59.69840490105797,78.59276260885949,24.886682246523627,520.0983461334756,447.5078489348838,15.199831401495064,437.6336173165249
2020-07-14,484.29643149479136,487.1677765313103,478.5537970571929,482.5873107910156,26612674,449.80321350097654,492.45082596515215,478.5993385929468,52.38316796625724,13.851487372205327,-98588623.72871782,428102868.0,42.25748031357733,60.635666531382164,23.30335173278206,518.4958505135245,452.2300558585458,15.098907814602173,438.0654806550912
2020-07-15,487.760271229205,491.77103033878666,478.5993947661086,479.989501953125,20974394,451.094853515625,490.53369919407106,478.7023136566637,51.10757715098408,11.831385537407357,-115135829.36902875,407128474.0,24.729670724026025,42.228518646220444,22.157433433146288,515.1035306093896,458.9904818417823,14.961245511607592,438.4051847524996
2020-07-16,480.21735733435537,485.61816768741363,471.30711905175235,484.273681640625,23662456,452.1535968017578,489.57061957046403,479.1150075814016,53.134414247812295,10.455611989062447,-95919426.58772495,430790930.0,29.759475117099587,32.24887538490099,20.621214333627,514.2183046931567,461.8172726994215,14.914802877611425,438.75680368324595
2020-07-17,482.678502889064,503.1651410423646,482.33667874433417,500.6356201171875,28405738,453.7346472167969,491.272927346883,480.7091270284968,59.96111708236855,10.5638003183862,-74413180.98788098,459196668.0,67.31165578359575,40.60026720824046,20.255373492807085,515.0228323816012,463.97977381957054,15.337207121927069,439.32027362087587
2020-07-20,517.2938718885027,525.4520859290747,512.3488270596522,516.4051513671875,65124096,455.59417114257815,495.1394233500068,483.35327697951095,65.2195975404146,11.786146370495828,-99216856.51179431,524320764.0,83.29127325465905,60.120801385118135,21.001948857158478,518.1150186515648,465.64122219316175,16.01429702835279,441.0768349537337
2020-07-21,525.0646998751309,527.7536719875534,516.8381098234996,518.911865234375,47512422,457.6246069335937,498.79672210144804,485.98724647987126,65.9843618259442,12.80947562157678,-128676311.43131495,571833186.0,84.33596686898748,78.3129653024141,21.792321111431274,521.6145769909084,466.52840396612277,15.681027284925154,442.35934341103876
2020-07-22,518.8890638663955,521.6236570883528,509.3407981205713,513.3515014648438,24718012,459.6737286376953,501.03591892658585,488.01422833060997,62.69141878710166,13.021690595975883,-137252053.35360652,547115174.0,74.48529666800059,80.70417893054905,21.918684817349988,522.7484472323962,469.67188968166636,15.438300976557752,442.95760900594155
2020-07-23,512.736242603726,521.3502226065572,508.74829405014145,515.1973876953125,20149122,461.5218585205078,503.2146064294668,490.0277956909583,63.3453893753245,13.186810738508484,-136778367.65171376,567264296.0,77.75544539181753,78.85890297626854,21.98790882783836,523.1316729160725,473.92152227435724,15.235702946547606,443.4402113983277
2020-07-24,511.7791420199318,511.7791420199318,501.9118068356431,510.0472106933594,19598440,463.5764495849609,504.2657763162195,491.5107153207658,60.17600617230826,12.755060995453675,-124059830.18953288,547665856.0,68.63145688571578,73.62406631517796,21.49531544457843,523.740330639103,476.16823869683446,15.09640851177059,443.85701393749184
2020-07-27,501.2737189967663,502.70939157758943,490.1074632454962,491.9989013671875,37970094,465.3206640625,502.37856478559917,491.54687725013036,50.61806533835626,10.831687535468802,-150631972.79936296,509695762.0,36.65730011710149,61.014734131544934,20.170437267256705,523.7025733491811,476.36323170452994,15.44236129292006,444.48889373906394
2020-07-28,491.77101192708875,498.78981228835414,482.8835840006956,495.25762939453125,35596450,467.5994921875,501.2830362638964,491.82174777934523,52.09749881287988,9.461288484551176,-130844823.34465648,545292212.0,42.43042151753498,49.23972617345075,18.997313410985434,523.3820610509969,477.63173899783123,15.475494649687095,445.03710827925414
2020-07-29,492.68251220617157,496.1007535026991,481.0833023274632,485.20794677734375,33592086,469.73201843261717,498.8099455736575,491.3318365940118,47.38296763736155,7.478108979645697,-145984322.48913312,511700126.0,24.626530766903297,34.57141746717992,18.02590289478061,523.7493665787645,476.35289477377455,15.442777258654868,445.49118187662714
2020-07-30,489.49214998387924,493.89029821277717,477.0497295038571,478.85003662109375,26956266,471.49628662109376,495.73919035018616,490.4072588182401,44.63122884285082,5.331931531946054,-167177177.71925586,484743860.0,13.362937463905485,26.806629916114588,17.392408967144043,524.5822140411143,473.7539523407216,15.54261950510238,445.8128187439567
2020-07-31,482.0632090625529,482.0632090625529,464.9036524724119,470.7146911621094,37726696,473.0755145263672,491.8892673981744,488.9485501029712,41.32421609262296,2.9407172952032283,-179351781.04846817,447017164.0,9.245882076929972,15.745116769246252,17.54491069599763,526.256529852633,470.204163506742,15.658115011176566,446.1278286696865
2020-08-03,467.5926564707088,468.0484220330899,452.57520344442946,456.6770935058594,31783542,474.5626776123047,486.4720098762798,486.5580718365184,36.32295354000676,-0.08606196023862367,-194283936.33796385,415233622.0,5.456203273251016,9.35500760469549,18.324214736670058,529.1792879075001,462.6781766921092,15.835355918783948,446.25527410332865
2020-08-04,459.41167747562844,483.590062319173,457.13284971037234,474.7481994628906,60306168,476.2877508544922,484.6683467357584,485.68326647550896,45.47191686292998,-1.0149197397505532,-174285783.75350738,475539790.0,29.49381178966458,14.731965713281857,17.846806589411543,528.7585166466049,460.2048439490982,16.626613982678926,446.7231665527022
2020-08-05,477.61950297631864,481.1973071803276,464.8808776517073,468.3219299316406,33221360,477.417138671875,482.1535133812787,484.39724154633353,43.10038474788388,-2.243728165054847,-193494710.902317,442318430.0,20.94579311386014,18.631936058925245,17.403499024100064,528.2419611408341,456.947668986119,16.604457950246164,446.97011330348374
2020-08-06,472.62887526635075,480.83265516489877,467.72939560471787,474.315185546875,33646888,478.28719421386717,480.9476167913704,483.65042258341066,45.932497902689796,-2.7028057920402375,-193319276.21114865,475965318.0,28.917830495542795,26.45247846635584,16.991856284882264,525.9148217777112,455.43498290978886,16.35437235095579,447.24352582168916
2020-08-07,471.6489343200467,477.27762733005324,465.15427570032244,475.7508239746094,24836784,479.1276251220703,480.1481102041764,483.0652671309069,46.617928755383424,-2.9171569267304562,-174738334.04561937,500802102.0,30.827470922589885,26.897031510664277,16.776076069484454,524.5615268626523,453.99670983168375,16.052156585154002,447.4303890470714
2020-08-10,475.8191849005307,484.9344949560964,475.72805405414994,478.85003662109375,22172854,479.70188903808594,479.94840657600986,482.75302783388366,48.14619478457516,-2.804621257873805,-181873180.54963794,522974956.0,38.05274671632941,32.599349378154024,15.941727368749772,524.1419862119179,453.0671843203087,15.563176893496319,447.6411492783627
2020-08-11,477.8701481443631,488.1248723534696,477.8701481443631,486.1423034667969,20136148,480.3003088378906,480.90131378997705,483.0040852881735,51.65343131092312,-2.1027714981964323,-169522966.07806686,543111104.0,48.80711111579273,39.22910958490401,14.913506768662362,524.2330264892599,453.33164331054485,15.184001701754188,447.8548971889476
2020-08-12,485.3903385480323,485.8461041241337,477.6423237543078,484.7978210449219,20666432,480.67813903808593,481.50077644458395,483.13695460348816,50.96894101835525,-1.6361781589042153,-154138067.71174747,522444672.0,54.426476305118044,47.0954447124134,13.97694376296116,524.2964354185547,453.7490662904297,14.70657155966382,448.06399044302066
2020-08-13,486.73476594338155,488.28437984201463,481.5162729816184,482.6784973144531,19892740,481.2009020996094,481.68196427071763,483.10299480430035,49.84759616946106,-1.421030533582723,-167198815.56042928,502551932.0,60.04544002999944,54.426342483636745,13.060671344511563,524.2664478041801,453.6195354721871,14.139538366858991,448.27091557366936
2020-08-14,485.8005040135084,485.8005040135084,468.20796515897024,471.4666442871094,20924512,481.21092834472654,480.11037658093176,482.24104291413806,44.29548876801992,-2.1306663332063067,-180371601.54922792,481627420.0,40.877638727788046,51.78318502096851,13.097435669564602,523.1633782424545,451.80570745090483,14.386181258836073,448.43207546072864
2020-08-17,477.18652299425264,477.18652299425264,464.97201201888,470.6918640136719,19561012,481.364521484375,478.66137464750716,481.3855481807702,43.931344086357065,-2.724173533263013,-181612421.4868626,462066408.0,41.62304794537649,47.51537556772132,13.358249602807309,518.9805412834096,451.4172156745982,14.2310619528744,448.5575476478202
2020-08-18,468.52694871128875,483.8634693949279,465.79235562542516,481.5162658691406,24040824,481.99530029296875,479.1005886816046,481.39523097250134,50.10296508302171,-2.294642290896718,-163816780.55364865,486107232.0,70.04960919727448,50.850098623479674,12.971339126757597,513.3726613028782,453.2855357186062,14.505351368347855,448.7513917730717
2020-08-19,485.390354053127,487.57805114247526,481.40240513485014,486.11956787109375,17715624,482.67667114257813,480.1804316338337,481.74518185387853,52.49762933533032,-1.564750220044857,-154468845.1207014,503822856.0,93.93765919768657,68.53677211344585,12.278661225125843,508.73480074586865,455.2002029162407,13.910372414010515,448.9323327905952
2020-08-20,480.80985841690455,487.1905762986953,479.4653722602765,482.6557312011719,19216734,483.5006964111328,480.56124695188566,481.8126299536781,50.532403483942446,-1.2513830017924192,-157813304.72463083,484606122.0,84.23752881283649,82.74159906926586,11.799261649542817,502.36650277409984,458.31433523859545,13.46857467289682,449.11619450153336
2020-08-21,485.57256760983415,496.23749127840466,485.20793296107905,494.80181884765625,28924302,484.43866149902345,482.7521041666196,482.7747920939728,56.65919915199722,-0.022687927353217674,-136418918.56809863,513530424.0,96.3286393298077,91.50127578011025,11.362195105291667,498.2369775933906,460.91932123473447,13.476659344635104,449.46136520719426
2020-08-24,494.9613432006604,511.8018565185518,494.8018363994605,509.1128845214844,36779740,485.9627410888672,486.8076088365988,484.72576190341806,62.545434208675736,2.0818469331807137,-111274422.55329308,550310164.0,94.26914769894641,91.61177194719687,12.066993104969763,502.54330547574796,458.3243916678067,13.728329225082279,450.02538921858127
2020-08-25,510.0016345724682,513.647758858956,504.1678134599114,510.3206481933594,27601738,487.14135009765624,490.42499950686965,486.6216794063767,63.002114473657194,3.8033201004929538,-103047065.52769361,577911902.0,93.16474654918434,94.58751119264615,12.837473026554848,506.1119749777669,456.26202404567056,13.424873237508157,450.47241063695395
2020-08-26,510.9132010134527,515.8126808626005,505.67189698878303,509.7509765625,25190062,488.4102008056641,493.3982267461974,488.3349606772007,62.61431392649808,5.063266068996711,-107971974.72621034,552721840.0,88.0770563449242,91.83698353101833,13.69279767041939,510.25615797751607,454.5721440244371,13.190295425815963,450.8815899666417
2020-08-27,513.100925059711,514.9695528573883,504.190685493533,506.8569030761719,20645996,489.25017822265625,495.46879233542427,489.7069564104578,60.574399020345766,5.761835924966476,-118404148.49645,532075844.0,82.38461847550073,87.87547378986976,14.32334394832696,513.5513830368199,454.0776056106411,13.018050564247343,451.2031359507313
2020-08-28,506.78845923713845,512.7362216626009,499.0632557515982,507.95068359375,38696610,489.98988525390627,497.38908329824363,491.0583436092202,61.09034134756085,6.33073968902346,-106795165.49644971,570772454.0,84.53600739790123,84.99922740610873,14.348225893942011,516.5406344847111,454.8119534059139,13.064830231872723,451.7747078544356
2020-08-31,514.7871590118327,523.5834558732936,501.6610896752833,508.5659484863281,38501166,490.783828125,499.1086010194874,492.3552032297467,61.39637386276865,6.753397789740745,-121043008.3935149,609273620.0,74.37785797553833,80.43282794964676,15.14757159498628,517.6353329966182,458.9061403920537,13.697511372311123,452.37944104420313
2020-09-01,514.1034984680842,521.213429341087,504.98818821155794,513.7844848632812,28877884,491.5586285400391,501.36642930314804,493.9425574248233,63.983863050739586,7.423871878324746,-118609378.1534271,638151504.0,83.28147138918428,80.73177892087462,15.889821174527388,520.892726488925,459.552375439786,13.878063497826691,452.84059029255656
2020-09-02,512.3260887407712,519.117007160834,510.7764746072313,516.9065551757812,19761682,492.4852008056641,503.7572178989377,495.6435942952646,65.4748197976779,8.11362360367309,-109322386.80996367,657913186.0,88.60819618418333,82.08917518296865,16.57905292695842,523.692638922764,461.61092553036093,13.48252557323926,453.16386202151
2020-09-03,518.3193932040224,522.2845313990638,514.1035616919211,515.42529296875,19833362,493.41633056640626,505.5523063712165,497.1089053081154,64.11861280403599,8.443401063101078,-122747125.91598502,638079824.0,86.08093851977466,85.99020203104742,17.455138845868582,526.0619487799739,463.35262641533865,13.10384301137522,453.4935697412014
2020-09-04,505.8997553904298,512.9185559166287,503.34747946329634,510.1383972167969,23661370,493.9892291259766,506.2578588089981,498.07405285690663,59.39015402505616,8.183805952091461,-112831830.13787405,614418454.0,76.73507062708566,83.80806844368122,16.98337219520854,527.2007471090822,465.6525854104491,13.03055518952368,453.83085399515573
2020-09-07,508.7711175348658,510.22954507455904,500.88635108257296,506.1276550292969,17615466,494.3032513427734,506.2378274582748,498.6706159807874,56.01533044873629,7.567211477487433,-110683602.57689838,596802988.0,60.43390960244164,74.41663958310066,16.281889006153175,527.734455111345,467.84663924900656,12.767172246842422,454.06549579312644
2020-09-08,507.7228468297051,509.91054382785336,502.70942554144045,507.0163879394531,14624918,494.7280255126953,506.3576059938407,499.2888213110589,56.60379402181806,7.068784682781825,-107814301.09744157,611427906.0,62.44835093210544,66.53911038721091,15.630511759173197,528.5355520384016,469.13295076921554,12.369596963954601,454.2616790975722
2020-09-09,501.79783202457037,505.8997216596486,497.35411825323564,499.74688720703125,15728872,494.83649658203126,505.34057233433157,499.32275211816795,50.63622344547395,6.017820216163614,-114735004.77744165,595699034.0,37.8860094733057,53.589423335950926,14.595293135286175,528.5764424926421,470.5869669311861,12.176216444116235,454.4488358599142
2020-09-10,502.70944611276786,503.55260132775317,494.04989989686345,497.0351867675781,15188088,494.8469805908203,504.06282070867724,499.15330283293906,48.57881395141725,4.9095178757381746,-120380374.84035628,580510946.0,10.108118619705476,36.81415967503887,13.979652419739908,528.2778690188633,472.32120935027734,11.985251086028626,454.61740340441185
2020-09-11,499.72410446751365,503.5525461335798,488.1248937196684,491.61151123046875,20794730,494.8898223876953,502.14723463510666,498.59465160312647,44.66944498663479,3.552583031980191,-131775972.96919909,559716216.0,9.83293540131285,19.275687831441342,13.987952870312643,526.3578899720786,476.25567509139796,12.23113689516311,454.82625713698195
2020-09-14,495.87290056245,498.60749376408114,479.62484816233666,482.1771240234375,21650590,494.47917724609374,499.07490992561907,497.3785384490754,38.81759648564445,1.6963714765436748,-147604584.36885974,538065626.0,5.806088941403551,8.58238098747396,14.71794351257614,524.5078657190718,479.2542253453813,12.713387517061777,454.99996229990484
2020-09-15,486.7575893411008,490.47208956288006,482.24549943641256,487.8970031738281,16505110,494.16333251953125,497.35523196380507,496.67620250276076,43.63844335718892,0.6790294610443084,-141432330.01315942,554570736.0,18.818055080096595,11.485693140937665,15.39579196610653,523.8271878827866,480.57297691213535,12.397785947231833,455.13140417142466
2020-09-16,487.76029252794297,499.5190665307465,486.91713734747566,498.4480285644531,18710112,494.0111083984375,497.52335451775093,496.80744887770095,51.26654548805007,0.7159056400499821,-125902562.86578779,573280848.0,42.82023790627173,22.481460642590623,14.899649611355647,523.2446912142619,482.38831964999594,12.412367606948905,455.3167458170122
2020-09-17,494.04984053466706,498.6074958901529,491.3152473213755,493.8675231933594,18318686,493.6341900634766,496.960918929383,496.58967660478675,48.21566567831197,0.3712423245962668,-131398224.56998071,554962162.0,32.400195940402014,31.346162975590108,14.438945996229828,522.1061960420969,484.64799402137965,12.046644818508083,455.4948926127419
2020-09-18,497.6959936740034,497.78712453222005,477.27767424345615,481.8809509277344,23481778,493.19847900390624,494.64092385220624,495.5001413694495,41.29080979320157,-0.8592175172432803,-144339191.41698593,531480384.0,10.227945195912625,28.482793014195455,15.22659844028712,523.3906621431922,482.0714411282921,12.651130923526356,455.66918004506016
2020-09-21,480.8326435637782,488.28439899808114,474.67980878831753,478.23480224609375,19842878,492.9163610839844,492.11690514357355,494.221227360312,39.43542844821648,-2.104322216738467,-153811848.72149944,511637506.0,7.467732743334416,16.698624626549684,16.148160657299332,524.1904654414631,478.18382960248226,12.71923515825759,455.78938322475267
2020-09-22,480.39969677658024,482.2683243910522,469.21063035037616,471.899658203125,18620678,492.7026080322266,489.00655946042764,492.567777793113,36.376901622283256,-3.561218332685371,-164763251.944025,493016828.0,5.066572834512471,7.5874169245865035,17.388503545370305,525.1361221779257,473.3960738669961,12.74341079271605,455.8741538909338
2020-09-23,476.73076913213924,480.83265911511177,471.42108930486944,477.30047607421875,16079828,492.6488275146484,487.205623554857,491.4368665546764,40.6060748945217,-4.231242999819358,-160753014.22645935,509096656.0,18.508875951067452,10.34772717630478,18.540250512864784,524.7219587309461,470.56518726514764,12.505422151110784,455.9547801101386
2020-09-24,473.0846567785451,477.18654686622034,467.15970442968086,469.620849609375,19809510,492.35577087402345,484.5002737170905,489.8208652994689,36.854634736538316,-5.32059158237837,-170837811.71458524,489287146.0,5.714312249230063,9.763253678269995,19.91085409404018,525.0981693552799,466.46537129413423,12.336518543498434,456.0283665074351
2020-09-25,478.55383774329874,479.4425583306443,467.45595749034067,475.8192443847656,20321544,491.859443359375,483.1647307428867,488.783708194676,41.54845871206959,-5.618977451789306,-162801874.7449637,509608690.0,20.255836088811257,14.826341429702923,20.840327086826715,524.1620447575356,464.1883519709801,12.311524421841664,456.11738450431716
2020-09-28,478.0752788210523,482.65574511527666,475.20398907273915,480.4680480957031,16152422,491.1407012939453,482.74985648947387,488.1677333725299,44.85905471005529,-5.41787688305601,-156133554.28199175,525761112.0,34.352962692353834,20.107703676798383,21.221126230933265,522.560813451675,462.97979323777815,11.964398109034224,456.2076598414317
2020-09-29,482.19992624428306,487.6235471278049,479.00956756402786,484.273681640625,12644446,490.4479376220703,482.98429112811255,487.8792850960925,47.48142256693481,-4.894993967979929,-153323632.02245376,538405558.0,47.025597491939834,33.87813209103498,20.87195258961049,519.6652578648873,462.92426850230027,11.725082498658711,456.2905084235636
2020-09-30,483.111486436399,495.37159094569444,479.4653620104639,491.5887145996094,18813842,490.01268188476564,484.3080485852659,488.15405765190854,52.18824777039216,-3.8460090666426368,-143458540.62457126,557219400.0,67.12586603895595,49.501475407749865,19.585411591238785,515.8610127931333,464.196729516437,12.023735815556702,456.436002912241
2020-10-01,496.829945206818,505.8996895061321,496.829945206818,504.50958251953125,21203080,489.79892578125,487.41597688284514,489.3655780124732,59.15203680340367,-1.9496011296280358,-128754993.28453527,578422480.0,96.41169973644138,70.18772108911239,19.046811957060832,513.5465551746164,465.4196160900321,12.18711003633999,456.666677850661
2020-10-05,506.81128631450844,515.9265972194456,506.35552076926155,507.88232421875,16940126,489.7556280517578,490.56464570375357,490.7371888425678,60.75871977733791,-0.17254313881420558,-140290451.8061825,595362606.0,83.5046431287417,82.34740296804635,19.35960896480295,513.0636921325208,465.676871832323,12.132103226595303,456.8798272934276
2020-10-06,517.3167004430678,523.218841954845,513.2831308900273,521.4413452148438,19371990,490.34447692871095,495.31490716699824,493.01157079606975,66.4687618697876,2.3033363709284913,-127849752.14820251,614734596.0,96.82924708000849,92.24852998173053,20.153364173728765,516.7551569856829,463.51677599771546,12.36098997727385,457.16358271012547
2020-10-07,521.8059198291013,530.8984190865046,518.4788095030215,529.7134399414062,21248778,491.0335931396484,500.60698913229174,495.7302277697984,69.39469688636683,4.876761362493369,-110655748.75598271,635983374.0,98.14088007347111,92.8249234274071,21.3597271267375,522.2500911319997,460.291547051594,12.365177092003089,457.50684393538455
2020-10-08,537.803280391133,548.2858867038415,530.2147738246285,543.1813354492188,35060674,492.19306091308596,507.15688856566516,499.2451246349406,73.45587812974492,7.911763930724533,-95402267.44531453,671044048.0,93.7078867616718,96.2260046383838,23.322046442735058,531.7233641016493,455.16171890616323,12.808553497033955,458.1810996250794
2020-10-09,547.3744638178878,563.7820247649685,543.1130667545548,562.2096557617188,44972388,493.8602532958984,515.6265450573657,503.90916397766495,77.91490728588305,11.717381079700715,-57272332.64084495,716016436.0,98.37266482755385,96.74047722089892,25.701018423373764,545.3443121992832,448.0582177079434,13.370010962275364,459.19301981851163
2020-10-12,561.2981073701699,566.4026594761875,549.4709575025562,553.139892578125,19220546,495.5087573242188,521.3978292913287,507.55588461473604,71.7297408741856,13.841944676592618,-68163068.02868006,696795890.0,86.63606208435914,92.90553789119492,27.993703298456346,554.1851398268601,445.37022821513204,13.624417463086504,459.61903227790356
2020-10-13,553.025886021233,557.1505305432103,544.6397894334132,546.212158203125,18353952,497.29945861816407,525.2154183546819,510.41931228795005,67.33292503905076,14.796106066731852,-81903515.41335547,678441938.0,79.6554815769029,88.22140282960531,29.549226556737715,560.324379075595,445.634492384366,13.544869152137261,459.99315781703723
2020-10-14,544.8905347535126,553.4361389602481,535.7524130675993,552.1599731445312,22582918,498.8476940917969,529.3607344761972,513.5112130921412,69.08502475693003,15.849521384055947,-62580040.377546206,701024856.0,85.64866763088428,83.98007043071544,30.01418369778982,566.9000329636733,445.4851354933579,13.840501776459515,460.43790415837316
2020-10-15,553.3905088584316,554.6666746533067,530.5111004900979,532.9038696289062,28246896,500.1393328857422,529.9058321919986,514.9477061689387,58.20131365087159,14.95812602305989,-85230853.207735,672777960.0,66.14461202347819,77.14958707708846,29.911871618237505,569.5937777457733,446.23697481770324,14.577292661227322,460.9386387139276
2020-10-16,537.8033236387508,548.5138135586751,534.612964939199,546.6223754882812,25822848,501.5854766845703,532.4776080837344,517.2939779703715,62.70868991473497,15.183630113362824,-66435247.807120204,698600808.0,78.31077591328749,76.70135185588332,29.816867544367494,574.0871443079803,447.0190934849884,14.651053466123146,461.4133023303074
2020-10-19,562.8704872629212,562.8704872629212,543.5460156824328,548.5366821289062,42359556,503.04119384765625,534.9482348599147,519.6082523524852,63.303361032120556,15.339982507429454,-86915559.76816146,740960364.0,79.55676248960424,74.67071680878996,30.486833803930267,578.0441012847426,449.7277096283434,14.984869045720666,462.2589203877508
2020-10-20,550.3368471788737,559.4065918536709,549.6076334981051,557.8341674804688,27411978,504.6208764648438,538.4691475707691,522.4398016212248,66.12851500737253,16.029345949544336,-68301101.0066013,768372342.0,90.14405526109547,82.67053122132906,31.10894533066713,582.557474544279,453.1742728922444,14.690943379938092,462.82164652004303
2020-10-21,560.8650064887552,570.1626337050373,556.8086824600093,568.2028198242188,35640752,506.2620867919922,543.0435586866845,525.8296548214465,68.995237994933,17.213903865237967,-43121558.45851041,804013094.0,97.32750302633988,89.0094402590132,32.183344615053954,587.3064390548886,458.0556245437442,14.595443941730224,463.6166534251214
2020-10-22,565.1264996754213,569.7069659357229,557.4012954715113,562.095703125,21913060,507.80804443359375,545.9746578310408,528.5160287698579,65.4799691361213,17.45862906118282,-48315686.01601907,782100034.0,87.35731768939785,91.60962532561105,33.18100109341315,590.1929454244091,463.64864087930187,14.431888693336038,464.0898708361892
2020-10-23,566.7444800178275,569.000497310162,561.1385413147398,563.235107421875,15866230,509.4191766357422,548.6301116142461,531.087812373711,65.82976423690138,17.542299240535044,-55719747.037871376,797966264.0,87.8206982474992,90.83517298774564,34.10739639474669,590.9548390468653,472.24817303809544,13.962607786342195,464.43447710594705
2020-10-26,560.5005159791351,566.0608336366862,549.0151903211816,551.8865356445312,19571976,511.02757446289064,549.1310999265976,532.6284585419199,59.37615511266776,16.502641384677645,-68697908.921722,778394288.0,64.63864982383949,79.93888858691217,33.51992658380498,589.4874015447165,481.32233966622107,14.182824609853792,464.8191939919446
2020-10-27,558.7685314785695,563.3261867108579,545.9387208725893,562.0044555664062,24317780,512.8538262939453,551.1116161788759,534.8044583215114,62.8710030746225,16.307157857364473,-48077225.150567695,802712068.0,79.57793442989434,77.34576083374434,32.6460948749161,588.4340656495683,490.5293163084395,14.411727554740562,465.3001831794143
2020-10-28,559.6801037194006,561.5031659464996,547.6023164648695,551.2940063476562,16571186,514.2493811035156,551.1396762048421,536.0259063234481,57.2557715780993,15.113769881393978,-55846692.98466422,786140882.0,52.41387702437713,65.54348709270364,31.834679716662144,584.9009737165699,500.7644407121409,14.411042665226,465.61226204804416
2020-10-29,547.1921083660975,548.9467946070322,537.1197008351822,541.0848388671875,23060024,515.3486865234376,549.5927781528952,536.4006420674289,52.44729306692644,13.192136085466359,-63444562.04699318,763080858.0,26.666657048978358,52.88615616774994,29.988785808463835,580.245487557011,510.3695392984579,14.39413286860086,465.98856186790994
2020-10-30,538.9656211283951,546.5996947668401,536.1398410869257,539.42138671875,11522716,516.483999633789,548.0279487014883,536.6244009304896,51.68563001326868,11.40354777099867,-67737288.12291588,751558142.0,22.471479678609317,33.85067125065493,28.179842985032906,576.7601526291769,517.3460546462138,14.11311292655183,466.17114966054567
2020-11-02,544.3436285400312,558.31285518669,536.6639893733285,553.869140625,21926080,517.6653460693359,548.9265936127978,537.901789056009,57.463599622844626,11.024804556788808,-54812440.96502107,773484222.0,58.908289897101874,36.015475541563184,27.446283385211075,573.0965503989647,525.6083385170508,14.651380989895374,466.5572981807886
2020-11-03,558.9736239043766,570.0487487731344,558.5406688958434,568.7725830078125,28164230,518.8585400390625,551.9798227504924,540.1885145339203,62.451953147455875,11.791308216572133,-32894644.16949995,801648452.0,96.4943330446021,59.29136754010443,27.52959042831495,573.1899767563641,530.2480359389483,14.760540072626736,467.14365835171725
2020-11-04,570.6184448491018,576.4522659004574,560.5916031664499,573.07958984375,23404822,520.1137188720703,555.2259407648397,542.6248904827966,63.77412828265846,12.601050282043161,-19443615.916295514,825053274.0,91.93897608415979,82.44719967528792,27.969791310667837,574.7823432901042,532.9922843954427,14.839120262725363,467.64647098208195
2020-11-05,576.999153144388,581.5568083824952,570.7779426172834,578.4575805664062,21433928,521.4878509521484,558.8000391958499,545.2791638223232,65.41191492240262,13.520875373526678,-10335405.169411851,846487202.0,93.1760573181396,93.86978881563384,28.651217076427663,578.4978792073479,532.8043729899179,14.549102084331535,468.1333448316606
2020-11-06,577.1131663959335,597.0529105458423,576.7713422105064,595.9818725585938,35705724,523.2703503417969,564.5203212516567,549.0349200250099,70.14797677405876,15.485401226646786,21599191.65403884,882192926.0,98.24169427552661,94.45224255927532,29.991001388951766,586.1022031239767,528.5772707529765,14.958563959403277,469.0306455499449
2020-11-09,599.4229205713307,613.4377133723377,599.4229205713307,610.9766235351562,26288440,525.330869140625,571.6674446798875,553.6231943590948,73.49256059414898,18.044250320792685,38654785.55520732,908481366.0,96.81609627223085,96.07794928863235,31.809112037961466,597.1867350854992,523.276411887157,15.136940877570469,469.780040459848
2020-11-10,618.4737952843275,635.7928846143234,615.9898955161744,635.1776123046875,41517356,527.8631024169922,581.4382396990875,559.6642623550647,77.81314583877582,21.773977344022796,77592280.56659697,949998722.0,99.3825855309008,98.14679202621942,34.08089406871762,613.3687401460022,515.9909522368102,15.82832089197023,471.1249814466601
2020-11-11,638.02623381946,644.817151952847,624.6267149081322,633.4913330078125,36116194,530.2572393798828,589.4464079004298,565.1329342552683,76.87292624953065,24.31347364516148,73189740.54198456,913882528.0,89.5784880442915,95.25905661580772,36.38227820671518,625.4924730160408,512.0003553530998,16.139900617166273,472.315453114879
2020-11-12,627.7714810060578,632.8532780262425,619.8411492924336,625.173583984375,27053948,532.4225799560547,594.9428965287291,569.5803897907576,72.23639317187474,25.362506737971444,68309475.85244021,886828580.0,81.92486747053681,90.2953136819097,38.038723251284914,632.6460339415146,514.0737658631729,15.962063695610036,473.1504827443561
2020-11-13,623.8519059801425,623.8519059801425,613.9161947537078,619.2942504882812,22472480,534.4999591064453,598.6892586763524,573.2628979905743,69.06545486509431,25.42636068577815,70165047.90220875,864356100.0,76.51496778747668,82.67277443410167,38.99350220469536,638.157597059017,515.8293902456705,15.626015519542689,473.80606474503304
2020-11-14,623.3961139274959,626.6547929572807,622.2110790416389,624.2620239257812,1835066,536.782431640625,602.6235302531876,577.0406110228118,70.25363953459974,25.58291923037575,70023888.9791318,866191166.0,81.08609068140704,79.84197531314017,39.968285531979355,643.7766577932786,517.7828636910964,15.035624587361031,473.86130296014824
2020-11-17,631.599928321266,643.8144118129958,629.2299140541945,641.9229736328125,31059900,539.4983380126953,608.6695984654376,581.846711956886,74.0671689218843,26.82288650855162,93027580.02298555,897251066.0,97.33690657509449,84.97932168132606,41.358864216206605,652.3659360479161,517.6024660516933,15.358250537350568,474.876206429024
2020-11-18,639.4390240267173,646.7312723406357,637.6387724783945,642.036865234375,18862776,542.1987475585937,613.8030241221973,586.3052418292925,74.09023740427142,27.49778229290473,92412863.35544616,916113842.0,95.75518007765798,91.39272577805316,42.7242777957524,659.9532622478372,517.3985443927878,14.910696917699898,475.50070732015206
2020-11-19,633.3773374440119,637.8210513801545,623.4872476556966,626.38134765625,20266882,544.7314367675781,615.7381508197439,589.273842260919,65.46907701317079,26.464308558824882,80330045.31152412,895846960.0,81.51137728144873,91.53448797806708,42.64005295082164,663.8775049356724,519.9028661580777,15.170619822055505,476.1149518844869
2020-11-20,625.6065592471757,641.9001767718856,622.1427523829967,639.7352905273438,20405362,547.5854388427734,619.4300184670669,593.0117273176911,68.80361574855715,26.41829114937582,96263641.49436216,916252322.0,92.06720269504515,89.77792001805062,42.70933197615868,669.3172292275707,522.1131601767262,15.498248719686462,476.74994228559007
2020-11-23,644.9082855510535,648.8506688831013,626.83716946135,635.6106567382812,25246636,550.4654217529297,621.9193474318691,596.1672035710682,66.66235862826656,25.75214386080097,91141115.2951376,891005686.0,84.99869442610456,86.19242480086615,43.018848445125364,672.573964417476,527.228837096196,15.963623769833955,477.5409451641193
2020-11-24,641.7178374592398,658.5811613129273,639.0060549315383,655.48193359375,40154400,553.931517944336,627.0828222260046,600.560887276452,71.2969428286111,26.521934949552588,118580628.6322226,931160086.0,96.47025728074927,91.17871813396631,43.624230049175544,678.9024201378999,530.2481291785065,16.46411525589196,478.89146353358007
2020-11-25,661.4525283415929,667.42304558889,636.704438092828,639.347900390625,24152602,556.9605358886719,628.9697573282539,603.4339993589834,63.56964663762047,25.535757969270435,98584887.76525937,907007484.0,69.02965509530661,83.49953560072015,44.44971257556694,680.5393979522125,537.4165407684907,17.48229327304696,479.6788065284798
2020-11-26,644.9082160296675,652.6562299324975,632.146781366183,650.2178955078125,27943126,559.995933227539,632.2387016635705,606.8994731477856,66.22557128409693,25.339228515784953,119883789.68104713,934950610.0,74.69835522120778,80.06608919908788,44.76748758532188,680.9191218121287,547.9501225726369,17.698518651137498,480.5654932294545
2020-11-27,652.5651136008285,659.0369619271258,645.1589236759904,656.6897583007812,17994580,563.2523779296876,636.0004026846799,610.5876424183778,67.7338584507286,25.412760266302143,131791494.48064302,952945190.0,79.94034946820061,74.55611992823833,45.272543569357296,679.5801813048379,561.0159002381308,17.425627193994494,481.1611513806649
2020-12-01,656.6897757877034,660.4042761144696,649.6937857841107,653.248779296875,17147574,566.6797344970703,638.6539990865562,613.7477266315998,66.04507537194681,24.906272454956365,126027062.13884638,935797616.0,73.5094365099599,76.04938039978943,45.78659543034534,677.709367611939,572.8246777982173,16.945974560877666,481.72765094936534
2020-12-02,652.200440509906,652.5650751696771,635.7017514108605,641.2392578125,17892150,569.9398236083985,639.0517311982397,615.7841363487034,60.3861524791907,23.267594849536295,119885608.0966694,917905466.0,51.064606928476806,68.17146430221244,44.88987057907536,674.8292665899971,582.9514463006278,16.98890694124458,482.2764666372323
2020-12-03,651.2889124396319,652.656208966797,626.2446199712334,627.6802368164062,37933222,573.0554351806641,637.3022705241116,616.6653289759407,54.68872925353865,20.636941548170853,86076149.53279042,879972244.0,25.72388740480351,50.09931028108007,43.25673921457212,669.8027892286418,593.4379883592487,17.661955659410218,483.37307858871964
2020-12-04,629.4122176474242,638.7326007885331,625.9028452050876,631.5087280273438,26912322,576.1396002197266,636.4109562938396,617.7648400167853,55.95243803135115,18.64611627705426,82682174.80380057,906884566.0,20.684441246347856,32.490978526542726,41.711820255700324,663.6752780198235,604.8706143141608,17.316798511127022,484.12404590023556
2020-12-07,626.6776105922784,628.933627736234,618.9751619240923,625.4242553710938,24316318,579.2556683349609,634.7206946134172,618.3322041171044,53.403325349927954,16.388490496312784,89860307.86227688,882568248.0,13.31140384092235,19.906577497357905,39.69960964737999,659.7918360153601,611.6982945998743,16.975139053421625,484.7615350004936
2020-12-08,626.6776851166111,632.9672725014152,622.1884051903199,627.2702026367188,19457896,582.2846875,633.5744650785406,618.9942780815203,54.08674758882018,14.580186997020292,88749624.67253385,902026144.0,17.12157494849184,17.039140011920683,38.078296453234145,658.175985660365,614.9435028650256,16.532548214684027,485.2784750669426
2020-12-09,627.5891141504931,642.6521866753104,626.700393650425,641.3532104492188,22069074,585.5023907470703,634.7711951355681,620.6504952939424,59.024398002061915,14.120699841625651,107224469.18207648,924095218.0,46.18994026644428,25.540973018619493,37.12878290024516,658.5732222305792,615.1638261092646,16.491065701126985,485.8988416760191
2020-12-10,637.1602432615574,638.9833054740369,627.0194597046407,631.6226806640625,19727966,588.4493707275391,634.286808293798,621.4632497658032,54.651119900970244,12.823558527994805,102677606.03618728,904367252.0,26.1054101505778,29.80564178850464,36.24709174389825,658.5531008758334,614.9970822296353,16.336971775659205,486.4332287739597
2020-12-11,633.5369664692485,635.7929838351299,625.7661410793071,630.232666015625,21356384,591.2222497558594,633.663094097156,622.1128361546789,54.03520612827369,11.55025794247706,100347913.49002229,883010868.0,23.236317543654526,31.843889320225532,35.30466302590551,658.3744134431499,615.6816778654438,15.88624827424232,486.9997121253046
2020-12-14,630.3237068166769,632.6025343901284,623.4872240963225,625.378662109375,17222050,593.6396313476563,632.3885660990359,622.3547491883602,51.83817611181842,10.033816910675682,90273056.28604281,865788818.0,13.21729599085773,20.853007895030018,34.19697766981313,657.8149747068046,616.8495577638985,15.402609847068291,487.4424293042829
2020-12-15,629.3210901697694,635.7701281577981,622.5757378133683,634.1066284179688,21561436,596.1641174316406,632.6528833788717,623.2252587609238,55.3533414850623,9.427624617947913,106397720.71266131,887350254.0,31.232461253763738,22.56202492942533,33.38667217380412,657.4837661567241,618.1652267631979,15.244879882594116,488.00719165945236
2020-12-16,639.8948184278672,645.7286395964861,635.5650457960547,642.9484252929688,16832092,598.5942590332031,634.2368129041174,624.6862340595937,58.64618134957912,9.55057884452367,114021097.00532283,904182346.0,57.865739679379224,34.10516564133356,33.26384259167326,657.5828184367481,618.1687196491894,14.986103546588634,488.4774795817842
2020-12-17,646.5489483712743,658.5811690928614,640.1226657376635,657.1227416992188,21924478,601.1424450683594,637.7577250264407,627.0889383291956,63.31699774239987,10.668786697245082,132481019.00192279,926106824.0,92.07915863184687,60.39245318832994,33.81865794244502,660.0010292951067,617.2590964373151,15.234132104346438,489.1276145705036
2020-12-18,654.0234941352884,656.1655697364695,640.9430465067575,643.24462890625,22995918,603.1437109375,638.6018640848729,628.2856561497181,56.57879819399361,10.316207935154807,116438875.92218938,903110906.0,58.58070455147405,69.50853428756672,34.33384362530451,660.1644604020555,618.7819934553663,15.30167232492607,489.78256102346506
2020-12-21,646.0477033546947,648.9418036324043,622.8947898621258,625.6066284179688,23761824,604.411650390625,636.6025970591953,628.08720965107,49.38552073147175,8.51538740812532,97624892.08910199,879349082.0,16.7435875714976,55.801150251606174,32.97419738878025,660.3207662437527,617.2128214027317,16.06919671387982,490.3924928375205
2020-12-22,631.1441356530627,631.1441356530627,613.0046450906282,625.8116455078125,22851558,605.8650854492188,634.9424506666749,627.9186493441621,49.46594417186495,7.0238013225127816,107041044.3461241,902200640.0,28.099993796272823,34.47476197308149,30.911093599125024,660.5296735133592,616.0240130100784,16.217074845919438,490.93665918769034
2020-12-23,623.2593766707412,629.3894009366531,620.3197111885185,626.973876953125,15467394,607.4803198242188,633.7165162492056,627.8486662040852,49.951441327431716,5.867850045120349,114269598.38418089,917668034.0,30.650059802305996,25.16454705669214,28.99535436587374,658.144860635987,615.558020223388,15.706547338934813,491.3086562888706
2020-12-24,633.2406277328971,639.8947932305715,627.5891241299836,636.75,14952188,609.1721203613281,634.1832060570201,628.5080242630419,53.95837283350267,5.675181793978254,121579529.92168817,932620222.0,52.099969072253785,36.9500075569442,27.94910073178348,657.9841381208887,615.4589526994239,15.507573691685648,491.6907792710757
2020-12-28,640.3505962942845,647.642845077707,639.8948307453205,643.9283447265625,11699194,611.3926098632812,635.6824581600266,629.6502702233026,56.69965674855983,6.032187936723972,122061227.83641125,944319416.0,67.85006165546783,50.200030176675874,27.456574344975177,657.0385865349702,615.7755492072173,15.1779502192586,492.0072330421747
2020-12-29,647.6655925146573,653.9095576730073,647.1870164806902,650.468505859375,14495346,613.4695324707031,637.9572347291572,631.1923617519006,59.08959122400448,6.764872977256573,121717174.50345296,958814762.0,82.19990793266973,67.38331288679711,27.359230783604243,655.6546305587132,616.5373799393336,14.806754699771899,492.41472174188544
2020-12-30,656.2567701453781,656.2567701453781,643.996666777446,652.8840942382812,16216726,615.5564807128907,640.2536746536379,632.7991567508918,59.96844432460642,7.4545179027460335,129011665.60366409,975031488.0,87.49997947561559,79.18331635458439,26.964254546322625,655.5729742247814,616.582567767406,14.62485103321192,492.8696285696775
2020-12-31,654.0235713915403,658.1254613863305,649.4887263736998,654.6160888671875,22145750,617.492119140625,642.4632768403378,634.4152257965434,60.62164752654751,8.04805104379443,133160409.4775867,997177238.0,91.30016974203737,87.00001905010755,26.714111596324887,657.7627779817498,615.7304471159065,14.197128460313257,493.4984800274696
2021-01-01,656.3023811012669,657.6696777285612,647.4605184510085,649.4887084960938,8810938,619.1178369140625,643.5441124796848,635.5317800705842,57.62398456650366,8.012332409100622,127850299.7541629,988366300.0,80.05012274230893,86.28342398665397,26.27167513932225,659.1197869694752,616.5542852961498,13.912273518687499,493.7433819888656
2021-01-04,655.3909176756433,655.3909176756433,637.616059685831,645.3640747070312,15740192,620.7832043457031,643.8241066685074,636.2600981918025,55.25688770965088,7.564008476704885,125832326.42082953,972626108.0,71.00021409008176,80.78350219147602,24.90726654321938,659.8454677093987,617.2141392241952,14.188172409482126,494.16404874415093
2021-01-05,646.822420134401,652.0865342780842,642.1736339666752,650.2406616210938,14386824,622.5233154296875,644.8112689689053,637.2956954828612,57.48077776198959,7.515573486044104,134861234.1282649,987012932.0,81.69999214648541,77.5834429929587,23.640315703981,660.7772123523121,618.7640352062817,13.882795831048329,494.55166205899803
2021-01-06,654.0235337770962,656.3023614209188,644.042257570065,647.437744140625,22134050,624.4343395996094,645.2153420722468,638.0469583463993,55.76512716523962,7.168383725847548,124987417.88181013,964878882.0,75.55007715882333,76.08342779846349,22.80963007902775,661.2170611184083,620.3409405905761,13.766889261034438,495.148426905929
2021-01-07,652.884156566327,652.9297219946704,643.7916560117797,645.4779663085938,19894842,626.1038098144531,645.2557458009155,638.5974033806359,54.53938905108824,6.6583424202796095,112435240.50710462,944984040.0,71.96971128613784,76.4065935304822,22.01165993925098,661.5253039632896,620.4451733316323,13.43625902688132,495.6744743730121
2021-01-08,652.656271953194,657.2139274835935,648.5999474040499,652.4967651367188,13768764,628.1278649902343,646.3697487756544,639.6269857329384,58.09218789792375,6.742763042716092,111123984.70115088,958752804.0,87.52527832669585,78.34835559055234,21.63498216753564,662.6810265232791,621.3768592189083,13.314809180318349,496.0492276032221
2021-01-11,660.8599752671889,667.6508923470219,654.6160101688392,661.5208129882812,17331392,630.5365844726563,648.7006817314432,641.2487507148156,62.18415759327473,7.4519310166275545,112154069.65362445,976084196.0,88.78225007843805,82.75907989709059,22.0673515387138,665.15431606938,622.032384370073,13.446189039602979,496.5438371175423
2021-01-12,661.9767008762577,678.042437728024,660.4498972954489,674.9888305664062,20388156,633.2479333496094,652.7450123214375,643.7480158890075,67.31381768004672,8.99699643242991,125464519.12086006,996472352.0,94.70987019379997,90.33913286631129,23.10717292620006,669.9703819226463,622.1773353625099,13.742356996243846,497.15663951008133
2021-01-13,680.412451728157,682.23551406482,666.3748494816725,670.2716674804688,16934650,635.5759838867187,655.4414208074422,645.7127308217084,64.03732005791393,9.728689985733808,116851241.60526812,979537702.0,78.10679424822455,87.19963817348753,24.303437159204464,673.3070706749672,622.457150516439,13.893664681022676,497.66761263169246
2021-01-14,670.4994269411665,678.1790644946808,663.5945684840425,669.4055786132812,12297166,637.5886437988281,657.5897527775713,647.4677565840472,63.426876927307724,10.121996193524183,114353379.76151821,967240536.0,71.24587104413297,81.35417849538582,25.063460265977575,676.1718455444425,622.2380909789949,13.94300977599522,498.0313925614786
2021-01-15,669.5650895566777,670.7273138438958,658.58115205775,668.448486328125,14165236,639.4960217285156,659.2603271699642,649.021884713238,62.7153976011654,10.238442456726148,123203335.07737541,953075300.0,69.10085986352351,72.81784171862701,25.15386682360226,677.8328683431126,621.7096426432155,13.814663491005971,498.4377118246465
2021-01-18,669.9297789375144,684.9472312389901,668.6080477433125,675.9458618164062,42825632,641.4457873535156,661.827332500186,651.0162533875467,65.93862714807173,10.811079112639277,118843092.15411441,995900932.0,80.98215377476106,73.77629489413918,26.096495241785654,681.4939066352781,621.3187276420656,14.006383592424479,499.7311197709803
2021-01-19,679.9110736092646,688.9580087011051,668.6080656508332,685.4030151367188,17360254,643.2342102050782,665.454360598114,653.5634209245223,69.51825144263569,11.890939673591674,130137914.80684708,1013261186.0,93.07584999679553,81.0529545450267,27.17974856933648,685.5013976117089,623.29087533751,14.459494982270725,500.2632728706668
2021-01-20,684.1041485988422,684.1041485988422,677.2676647687406,680.0022583007812,13346052,644.6147229003906,667.6924987062167,655.5218533227637,65.29785643357681,12.170645383453007,127468704.40684707,999915134.0,82.55666064087374,85.53822147081011,28.1856266592051,687.2036922236822,627.0076420048334,14.007770366964113,500.66905956162447
2021-01-21,680.0021697525535,681.0732076193786,669.1321730052459,672.1630249023438,26333054,645.3544311523438,668.3802719671594,656.7545326990289,59.63829076856051,11.625739268130474,114503267.07514128,973582080.0,67.28798941044313,80.97350001603746,28.110773057112716,686.7371973892439,631.9930516341935,13.860146384619014,501.43635450267925
2021-01-22,669.0182906473351,669.0182906473351,656.3707960927424,657.92041015625,15392364,645.8430126953125,666.7710624577887,656.8408939921563,50.99102620773272,9.930168465632391,102882752.68884477,958189716.0,33.65819523924581,61.167615096854234,26.729039083922608,685.7786677867933,635.0686222522692,13.998152272117755,501.84814459161475
2021-01-25,667.7420251127379,674.9887077135904,663.207180627041,666.716552734375,20344718,646.6738720703125,666.7626763464943,657.5724242693577,55.30157889269393,9.19025207713662,94658226.80931915,978534434.0,50.75658174190672,50.56758879719856,25.888242965365293,685.8773579276387,637.248752912205,14.217448363919374,502.4136400506204
2021-01-27,669.0638007046235,670.8412974057907,640.8747136889453,642.4470825195312,23556276,647.1369287109375,663.0218157577308,656.4520285841854,43.84342729257414,6.569787173545365,73573981.28813931,954978158.0,3.270093761644801,29.22829024759911,24.73347815981368,686.4405948181527,635.8833736877066,15.342386603414084,502.9973408669806
2021-01-28,633.4685389926234,638.6642773070398,611.6373583679027,625.0596313476562,42704446,647.152880859375,657.1814796946425,654.126665825924,37.800649723253386,3.0548138687184974,73285819.0644686,912273712.0,17.359234463124857,23.79530332222546,25.159504476482415,689.4058320412838,630.1356901755131,16.447196428286542,503.85867160391876
2021-01-29,634.1293939892946,642.0597257754736,621.8920999614081,633.7420043945312,28704502,646.9892614746094,653.5754065715485,652.6166909050801,42.09258802124418,0.9587156664683789,78313161.2226605,940978214.0,28.588282601571112,16.405870275446926,25.291474132994388,690.4140457161852,627.040068053346,16.712941384413607,504.46595817121636
2021-02-01,642.7433495548185,675.6724096543296,638.5275183310056,673.0517578125,26370544,647.6095593261718,656.5717683009257,654.130399564889,56.67056371354596,2.4413687360366794,100962708.21652552,967348758.0,79.42819826261243,41.7919051091028,23.655019365210762,691.8814987446876,627.9289199564842,18.514188804083947,505.1476825033884
2021-02-02,684.1041326887164,719.4259649894328,682.4633877347401,711.2449951171875,42420206,649.3068322753907,664.9830339649659,658.3611103465407,65.70440148835578,6.621923618425171,124605087.9373052,1009768964.0,92.41017197580952,66.80888427999768,23.843252030937435,701.4608017047452,624.9377090374422,20.504190116430298,506.5213771396947
2021-02-03,719.6537559176737,720.8843005672204,702.7904316814775,717.7395629882812,20237254,650.8669177246094,673.0994230454759,662.7595142459289,66.96565788698192,10.339908799546947,137807820.62511835,1030006218.0,97.12144109882574,89.65327044574923,24.06392282028489,711.0683451282137,622.0800557506925,20.332024314238343,507.2009743972092
2021-02-04,713.7288234751627,723.7556651842647,703.4512884691569,719.6993408203125,24484684,652.54869140625,680.2686411646814,666.9772791773647,67.3557906424289,13.29136198731669,152509606.913319,1054490902.0,96.38210344132648,95.30457217198723,24.363524211060724,719.3678337900378,621.0067267568372,20.330049485729013,508.0245059523072
2021-02-05,705.5250228480695,737.5425505322277,705.5250228480695,728.1309814453125,27054716,654.0016723632813,687.6320781309323,671.5071830490646,69.04937231108335,16.12489508186775,163658826.9441936,1081545618.0,92.5248761189835,95.34280688637857,25.081249493672626,728.1696858752468,620.4701761853,21.16486935704538,508.9621419176149
2021-02-08,738.3401562925849,743.6498358275795,727.2650316940199,731.6176147460938,17447580,655.8470666503906,694.3990837640341,675.9598076192149,69.74829433444344,18.439276144819246,155481060.65556505,1098993198.0,90.88554255399,93.2641740381,25.93186568765092,736.5730558249606,619.9788911965238,20.8234361267964,509.5917086826649
2021-02-09,733.7825772335095,741.9863576000954,723.1632170603616,734.625732421875,18421366,657.5352233886719,700.5877989421635,680.3054316786712,70.36997100784026,20.282367263492347,159495397.16857904,1117414564.0,93.16420418784963,92.19154095360771,26.451211131205344,744.5732061921257,619.289232772718,20.68055787057764,510.2498996555286
2021-02-10,733.030518144859,735.9929942478637,714.1846236012946,720.9071655273438,19788006,658.8195715332031,703.7138553398836,683.3129675193136,63.918754509040774,20.400887820570006,151906899.52468267,1097626558.0,82.77233278408663,88.94069317530875,26.351343722039196,749.0123126625042,619.4419597984333,20.76111592600561,510.92248302523416
2021-02-11,721.0211347357063,728.2222530258038,712.9084853018215,716.6229858398438,13648618,660.0870556640625,705.6998754168006,685.7803762837973,62.006972425047074,19.91949913300334,144879486.6804673,1083977940.0,79.52704887612526,85.15452861602051,26.175735877443987,752.4733137747234,620.6160905221517,20.37201962586108,511.374290140299
2021-02-12,717.3293509874541,725.8065783897537,716.9191508992669,720.9982299804688,9910106,661.6822351074219,708.0534684265958,688.3891061872545,63.21694945237813,19.664362239341358,144066300.14796528,1093888046.0,82.84131448557224,81.71356538192805,26.01267145031986,756.1961098470446,622.0525595865491,19.57284626329314,511.7042448550029
2021-02-15,729.2703962756016,740.6189688328044,727.7207823829558,736.79052734375,10355244,663.8644409179688,712.4745544138502,691.9743966432912,67.26887834106765,20.500157770558985,148274254.2304208,1104243290.0,94.80404533281734,85.72413623150494,26.46483199298649,761.9736462672938,623.1092272678625,19.576267162510458,512.0705509909121
2021-02-16,738.8871379513126,747.9113187128124,733.0761267912953,741.37109375,13897358,666.0616882324218,716.920175850181,695.6334112437881,68.35766102121266,21.286764606392808,149918066.9861681,1118140648.0,95.20067887785817,90.94867956541593,27.15335775418014,767.9224172992874,623.7029794292282,19.237618931010932,512.5728844707337
2021-02-17,738.3401045872891,739.1605047354498,721.4767812109128,723.0719604492188,12794426,668.0146423339844,717.8666042500329,697.6658963701163,59.79961316936303,20.200707879916536,139431910.81326902,1105346222.0,80.28923007958507,90.09798476342019,26.947403617311306,770.5834781601873,624.8088130995784,19.28452561730209,513.0074072197452
2021-02-18,731.9366066489447,731.9366066489447,705.5250173056634,708.3963623046875,14720560,669.6371655273438,716.409643950749,698.4607456986031,53.96454408330612,17.94889825214591,127912052.27727136,1090625662.0,63.87494650012434,79.78828515252252,25.743512649797232,771.6746903300033,626.5570113301529,19.79360159772918,513.4759549881568
2021-02-19,704.1577778840569,712.908454228827,698.6885912597147,701.46875,17139508,670.8394763183594,714.111044881403,698.6835608320399,51.41417549637036,15.427484049363102,117474515.04504791,1073486154.0,29.03890463951789,57.7343604064091,24.232270986602675,772.0794810947596,629.0827930751623,19.395477409970834,513.9893683042361
2021-02-22,704.180599304123,717.3294245563687,701.6282676649436,705.5250854492188,29451838,672.3175244140625,712.7901280456823,699.1903404333124,52.82017678527031,13.599787612369937,102641784.01807228,1102937992.0,13.888897554525492,35.60091623138924,23.058392133886056,771.7381994019241,634.1845422972946,19.1429914918564,514.8826846661913
2021-02-23,708.1456582636407,709.945909766596,693.9713620877521,696.933837890625,18239906,673.6515478515626,710.3506987910581,699.0231920968171,49.54960707327777,11.327506694241038,91167049.87245136,1084698086.0,5.492173127733857,16.139991773925747,21.513479320454216,771.2977554208875,637.6467147939562,18.916674076641215,515.409436833008
2021-02-24,695.7260590546928,735.5827311105944,691.0544625232085,732.1644897460938,14314332,675.7872644042968,713.7066666302944,701.4781030338005,60.38279978828207,12.228563596493927,103283683.94707295,1099012418.0,72.30443253104464,30.561834404434663,21.315331994409835,770.3511532531305,647.5650576843694,20.746073684551554,515.8637050006905
2021-02-25,733.6685881209113,745.7463750972767,730.1364051372573,732.1417846679688,20109570,677.7479675292968,716.5428386360904,703.7494868585537,60.37380217240461,12.793351777536714,88340981.03941162,1078902848.0,72.26449877521178,50.02036814466343,21.53616482673998,762.8317581133717,665.7926681561596,20.379209132799254,516.5496032871982
2021-02-26,723.3227271171402,724.1658822444208,693.2193907542719,699.32666015625,27912846,678.8755322265625,713.8941957930381,703.4218700657905,49.007642496387014,10.472325727247608,71445298.02554156,1050990002.0,14.549164669702673,53.0393653253197,20.15921821688143,750.1142752361591,685.068616609544,21.703722331434797,517.3635374277451
2021-03-01,712.8172518417238,716.7140691747012,702.1978932909296,710.4928588867188,13536018,679.9429345703124,713.3709131920659,703.9456470154888,52.29852951509812,9.42526617657711,73379029.70520851,1064526020.0,34.188306681410396,40.33399004210828,18.88062493629849,745.0962396174973,693.8307623356277,21.395414237650254,517.7645435238774
2021-03-02,718.1497479396177,723.5278036318138,706.892361217602,714.7315063476562,16110038,681.3726721191406,713.5802352160028,704.7445995586123,53.524661083929004,8.835635657390526,72452107.703951,1080636058.0,41.64325186304799,30.12690773805369,17.691085719660347,745.0914180243645,694.1842350518074,21.05541625026179,518.2526180827133
2021-03-03,721.9325857390395,727.4017719946382,713.2730408343414,723.2315063476562,11222410,683.3251696777344,715.0650461593342,706.1140000615044,55.968886671299686,8.951046097829817,77049657.9952659,1091858468.0,56.593075982156066,44.141544842204816,16.769193869377343,745.396652773177,694.4281946389324,20.560653029550007,518.601946190449
2021-03-04,705.7756703975306,716.0075833736157,701.4686531442891,707.370849609375,16291438,684.9563537597656,713.8813236131866,706.2071000280133,50.61928271623186,7.6742235851733085,73985502.36860181,1075567030.0,28.697307905585365,42.31121191692981,15.821305164259645,745.3608250511502,693.2311732398655,20.646524470536946,519.0744922184432
2021-03-05,697.7770546109068,704.4312204905584,693.2649645545903,697.3212890625,17445822,686.3633020019531,711.3336259900041,705.5488918083457,47.51999471251413,5.784734181658337,69214638.87663372,1058121208.0,11.022112299690216,32.10416539581055,15.326158170509464,745.1571380593457,690.3538909933886,20.17933594084036,519.5514624421702
2021-03-08,702.7904297357015,708.715381477961,689.3453469359589,692.5357055664062,15117050,687.4790161132812,708.4416382325275,704.5849520867206,46.07332944125885,3.8566861458068615,59077322.99428068,1043004158.0,5.656561120343962,15.125327108539848,14.62948127701634,744.5129359950345,687.0899021397311,20.121528698066204,519.9593262033716
2021-03-09,704.157769921875,713.5920944880104,701.0813524804687,712.1336669921875,15066696,688.8431225585938,709.0096426570906,705.1441161537922,52.456591447484264,3.8655265032983834,70631248.33617605,1058070854.0,40.40408623589207,19.027586551975418,13.711140064244445,742.0832347633099,687.2703968284869,20.18830442831891,520.3915772372893
2021-03-10,716.4633794554977,717.8306759811762,707.4164452376798,709.0571899414062,11055016,690.0148962402344,709.0169576239084,705.4339734713933,51.42748148102304,3.5829841525151096,63059631.042881005,1047015838.0,34.949439129137325,27.00336216179112,12.842081278089198,741.4386616221133,686.7299724110898,19.49015630797445,520.711668022034
2021-03-12,729.2248741384602,729.2248741384602,699.6229241580792,707.3253173828125,15631204,691.103720703125,708.7567052791244,705.5740730203873,50.82301932810108,3.182632258737044,55562869.52817803,1031384634.0,31.878799080448385,35.74410814849259,12.641442557554194,741.1011284057665,686.1377387817336,20.21242728457492,521.1639054277694
2021-03-15,705.7073629356157,705.7073629356157,690.6215349094733,696.7059936523438,12230386,691.9455187988282,706.9027496442351,704.9171782523841,47.16255018294479,1.9855713918509537,53198071.137611866,1019154248.0,13.050554141197548,26.626264116927747,11.918016751100591,740.6123736950408,684.1972698596467,19.961809798058084,521.4897214868473
2021-03-16,697.7314556729875,702.0612281749054,688.2059450416801,689.1858520507812,13722366,692.7394616699219,704.1770730913961,703.7518948300433,44.70690972256891,0.4251782613528121,41416718.17871031,1005431882.0,1.7029886779683596,15.544113966538093,11.10444599294811,737.6270429384876,682.4221330869029,19.525629321998597,521.8444981695026
2021-03-17,694.7005647675529,701.4231059060286,679.1817272072701,681.5289306640625,21064428,693.4627587890625,700.6927434871909,702.105749336267,42.29232780907497,-1.4130058490760575,24798282.38869091,984367454.0,3.526201266280228,6.093248028482043,10.79262120891868,733.3376977107699,680.727262006027,19.719611420338587,522.3679942669809
2021-03-18,689.0035830932044,693.6979906001421,675.0571681295692,679.5464477539062,18065540,694.0488745117187,697.4394672205317,700.4346899597958,41.66488033081552,-2.995222739264136,15434210.443834485,966301914.0,8.287741820929648,4.505643921726076,10.731947950732778,732.6530239761154,677.0593844711503,19.6425550667839,522.8018595799161
2021-03-19,676.8119022834281,688.7529385072461,671.8212913187497,682.5089721679688,21235020,694.7502990722656,695.1424679816758,699.1068590122532,43.025184059431055,-3.9643910305773034,21007346.089905243,987536934.0,18.618490909855318,10.144144665688396,10.85707321823896,732.9443946960305,674.1792747375632,19.44891878976336,523.3033392219397
2021-03-22,681.323852165395,681.323852165395,665.5999425287494,669.587890625,14015632,695.2324975585938,691.2109945421872,696.9202687613455,38.777896592328574,-5.70927421915826,14101092.640629768,973521302.0,6.267901584104775,11.05804477162991,11.318236486626656,734.8788919073024,669.0566915887914,19.267498136153076,523.6141008292415
2021-03-23,669.9753926792316,687.0437911433098,669.5651925362164,683.7167358398438,19761428,695.8568969726563,690.0580316649036,695.9422292856786,45.15361872206969,-5.884197620775012,26339335.823652476,993282730.0,28.474361940735335,17.786918144898475,11.312315652495544,734.677874459488,667.0768740756683,19.139719598363097,524.0733586219299
2021-03-24,679.5008357372811,686.5879563051004,670.4310906174753,673.986083984375,16368900,696.1062023925781,687.5854243294376,694.3158481522487,41.91603312002955,-6.730423822811076,17173730.329964325,976913830.0,13.180590129460661,15.97428455143359,11.306817735088083,735.489262598462,663.9707105460692,18.926658604738954,524.4442035005485
2021-03-25,679.1817510091096,681.6201410328001,660.9739408636957,666.9444580078125,23964356,695.9453149414062,684.4098910491876,692.2883377711794,39.69778232084611,-7.878446721991736,7069512.967952227,952949474.0,8.747890845800889,16.800947638665626,11.874679936550725,731.6935229374919,661.2444470332111,19.04948300219363,524.9585807614338
2021-03-26,680.9137111976772,683.1925388790618,671.7984004721394,679.6831665039062,12021258,696.133544921875,683.6827026576059,691.3546213810109,45.33396636001998,-7.671918723405042,11685722.997991271,964970732.0,27.41240997378156,16.446963649681035,12.266340133579481,725.7065628728996,661.9855452813973,18.84938284998332,525.230081969393
2021-03-30,686.6791295074818,712.1564331162105,684.3547364904487,708.1228637695312,25607644,696.907890625,687.4427274440559,692.5967134097901,55.364358559490384,-5.15398596573425,29862870.27187693,990578376.0,69.08172627621586,35.080675698599435,12.162577175858994,726.6753122176607,661.8964162979643,19.822517404434816,525.8929053836985
2021-03-31,705.5251207075264,705.5251207075264,678.179185796382,680.7542724609375,30774506,697.1540063476563,686.4137343697299,691.7194955617271,46.51853045420111,-5.305761191997135,4884254.612900808,959803870.0,28.98177453136086,41.82530359378608,11.652734913950612,724.803933987435,660.7939358856119,20.54545744505728,526.6226732504454
2021-04-01,683.3748814086514,683.3748814086514,667.6965352557619,677.6094360351562,35763762,697.1872778320312,685.0592269336418,690.6743059671662,45.6166236552374,-5.6150790335244665,14344985.138668437,924040108.0,24.374018600579998,40.81250646938557,11.115417869795325,721.9343806051522,659.9512822366446,20.19780663847387,527.4005405236046
2021-04-05,674.5329559954873,676.8117835495261,652.2004459659071,660.6776733398438,16006586,696.6927709960937,681.308218688442,688.4523331799571,41.00683781082541,-7.144114491515097,9365143.909565065,908033522.0,14.139083979528435,22.49829237048976,11.450972582941201,717.7489092229074,657.8813703181082,20.57003402638639,527.7158967401282
2021-04-06,665.4176283685558,666.625418067682,652.9524531012048,656.416259765625,15075734,696.2210510253906,677.4786865464703,686.0792907048213,39.91359984194211,-8.600604158351075,1927757.265570975,892957788.0,7.0315142825508286,15.181538954219752,11.762559102290941,716.7437446744945,653.7910758821462,20.077386236392872,528.0016164619034
2021-04-07,655.9833590739479,663.9136349023307,647.8935207994041,659.5838623046875,25088180,695.9694677734375,674.7256366631191,684.1166663788855,41.16912498649359,-9.391029715766422,13454721.210449811,918045968.0,18.191428125217563,13.120675462432269,12.31710640289117,716.2345831631857,650.5264947176737,19.787581084002426,528.4687898746857
2021-04-08,662.2273773763369,665.8279365290787,651.9726519868203,653.0209350585938,17613592,695.8714782714844,671.3864518008844,681.8132788736788,39.33519751889938,-10.426827072794367,-1493601.769573167,900432376.0,7.978807798053553,11.06725006860731,12.681306028785615,716.4954223144936,646.3141785155846,19.363845616734995,528.7942815306023
2021-04-09,649.9216837915695,653.0209118310084,644.9538280969296,647.9846801757812,28157816,695.4968408203125,667.7861792431762,679.3074567479085,37.93855239554658,-11.521277504732325,-8493294.717248619,872274560.0,4.510021714161411,10.226752545810838,13.403927604342432,713.1934802792152,643.2012218692223,18.556935712801366,529.277783274719
2021-04-12,634.8813529378043,637.6159459870697,616.6507326093677,623.0542602539062,22549128,695.108984375,660.9043455525193,675.1405533039084,31.900360620711083,-14.236207751389088,-17267798.828916326,849725432.0,6.704864328051077,6.397897946755342,15.291339879919532,713.5008683376105,634.293540842077,19.46957941663081,529.5885014774005
2021-04-13,623.4872581290931,641.0114208713079,620.2968993521168,638.2312622070312,18600682,695.3724169921875,657.4161788839826,672.4065317411769,38.334755150504094,-14.990352857194239,-3660024.5507621057,868326114.0,22.596064405723506,11.27031681597866,16.767184943300247,709.8332931644459,631.0517104976634,19.55850385252797,529.8629296007076
2021-04-15,640.3505793538561,654.7983246196206,633.9698618371629,651.790283203125,34444984,695.7333825683594,656.550656471543,670.8794022198397,43.47333667945011,-14.328745748296683,20835887.398678876,902771098.0,36.79314470997432,22.031357814582964,17.088146404423934,706.4470376515396,629.9463949656479,19.64921520466581,530.434046792514
2021-04-16,654.0007451123572,658.5812110837603,648.7822518877043,651.1294555664062,15606526,695.2949365234375,655.7166255630605,669.4164432084742,43.284026054751386,-13.69981764541376,12706011.623674469,887164572.0,36.10121990002918,31.83014300524233,17.118148948484524,703.9602435824469,628.627549386303,18.945625489765114,530.7041738665652
2021-04-19,633.5141072709706,646.1387906077331,625.4470793822006,643.7232666015625,24069242,693.944501953125,653.8714934151377,667.5132449412955,41.122678150668165,-13.641751526157805,31155628.33240442,863095330.0,28.346511096743544,33.74695856891568,18.150757979523128,702.6125969726609,626.1946295898392,19.426821967939436,531.0696202085423
2021-04-20,649.46587110993,650.1039539700383,630.7566741125522,634.1521606445312,23186270,692.27275390625,650.8377499119674,665.0420535119056,38.45058266316283,-14.204303599938157,16107832.380617112,839909060.0,18.325008813384553,27.590913270052422,18.82522243067629,701.8389239460718,622.4288739054908,19.421140388621343,531.4190016137584
2021-04-22,628.9565009199252,650.2863523357363,624.877421229732,648.3265380859375,38485312,690.8452978515625,650.4514096310397,663.8038671840561,44.23016547956506,-13.352457553016393,48656329.28588615,878394372.0,35.6410954318864,27.43753844733816,19.68989024550399,699.4107303921692,621.4388240511903,19.848839725577268,532.0091140468545
2021-04-23,642.173670276106,653.8412574166314,638.162911117436,644.5208740234375,22713528,689.173095703125,649.5390195375624,662.3754973203065,43.06102146089175,-12.836477782744169,44364612.58314492,855680844.0,41.76919738295564,31.91176720940886,20.220288444927544,698.5086262072717,619.8342265759314,19.55094733797856,532.3681671687399
2021-04-26,643.9967156674217,651.2889643940166,639.3251188269467,640.2594604492188,30170952,687.3459326171875,648.1113950624325,660.7372723668926,41.73082930491999,-12.625877304460118,18906188.186270315,825509892.0,39.24254558540614,38.88427946674938,20.71280105867799,695.4637155461569,618.5334096979836,19.009011497199374,532.83372523157
2021-04-27,641.376035353471,657.2138873545605,640.2594320708796,655.7098388671875,20592906,685.7676147460937,649.2803864170102,660.364869885433,48.0024921502518,-11.084483468422832,35845455.23395008,846102798.0,78.15778308479894,53.056508684386905,20.6860029567481,693.7523062133039,618.4171945191181,18.862257481948056,533.1704359318234
2021-04-28,654.59332905561,674.077308040555,652.2005597065817,673.0746459960938,24103940,684.8109643554687,652.9410417368692,661.306334782519,53.99568144062733,-8.365293045649764,57739916.44020827,870206738.0,98.25401038294079,71.88477968438195,19.453660136652292,694.5044285152421,618.2780910160079,19.077578257092714,533.613259163295
2021-04-29,677.3587116300554,685.3118535473716,665.8734424740026,671.11474609375,24078552,683.9007995605468,655.7369962533124,662.0328837685361,53.249677607374096,-6.295887515223626,46646273.67785449,846128186.0,79.32293085275937,85.24490810683302,18.495314558621125,693.2017039249731,618.7239735652613,19.103352029683883,534.0779913782951
2021-04-30,658.5811837561353,662.59194263111,641.4899765652322,643.6776733398438,35232902,682.3543884277344,653.8817158050865,660.6732385515959,44.07024103394248,-6.791522746509372,18718748.420948025,810895284.0,39.36280148248597,72.31324757272871,18.078154798816154,681.5720320119642,623.9091264353015,19.85488185102917,534.6328052839019
2021-05-03,634.8813833726842,648.0530183184878,627.7258868049287,644.6575317382812,22473700,680.511728515625,652.4626105640396,659.4868898987578,44.43860944174778,-7.024279334718244,33684340.67769002,833368984.0,40.789894989045884,53.158542441430406,18.294647142355835,676.9037350354103,624.9677493395897,19.88861396978131,534.9560167338108
2021-05-04,642.6066096320997,648.5543722643865,630.4605023338158,632.7620849609375,21486328,678.3395483398438,649.4317604712546,657.5072747181786,40.91547550173166,-8.075514246923944,17664235.153610952,811882656.0,19.17279764803781,33.10849803985655,18.46295618781354,672.7346511861562,624.652098081422,19.76041796698055,535.2547529859797
2021-05-05,638.5275001546984,642.4470725403373,629.7312032731236,639.2567138671875,14421612,676.6632434082031,647.8663686860135,656.1553813218088,43.54703802723861,-8.289012635795302,24849202.303284768,826304268.0,23.793212058117504,27.918634898400395,18.65262825688373,671.3389839585551,623.9056693617573,19.25723591699721,535.4540650188198
2021-05-06,641.5356016769354,642.9940848741821,635.7929666536048,638.4819946289062,11477044,675.2649560546874,646.4226188310739,654.846241566779,43.29929839377008,-8.423622735705067,21943630.52313431,814827224.0,22.511295096923305,21.82576826769287,18.787785168706325,670.4006199880155,623.050606818625,18.39608465296722,535.6151483624182
2021-05-07,643.9739112796916,649.4430978768157,642.7433665495159,644.7943115234375,12048334,674.1314672851563,646.1721100145145,654.1016541561611,45.995166481443746,-7.929544141646602,17271852.045812972,826875558.0,32.95619654210295,26.42023456571458,18.424973933383445,668.9207756279557,623.0514961005599,17.865014552605953,535.7944157303398
2021-05-10,650.3774482304855,651.7447448981039,643.9055995912693,647.1187133789062,11060050,672.96333984375,646.317741301344,653.5843992837719,46.99456276394358,-7.266657982427887,15278402.486544907,837935608.0,36.80235140172311,30.75661434691645,17.914813680043054,668.4068387720159,622.975210788531,17.14888103505086,535.961345982859
2021-05-11,636.2487061530115,649.1012723755642,635.8157511358095,639.6897583007812,14519034,671.8184582519531,645.2980516089497,652.5551666183651,44.180480828448715,-7.257115009415429,9226758.019769883,823416574.0,24.509764554743427,31.422770832856486,17.914556537401037,668.1120185885986,622.4405387844483,16.87292676395828,536.1678839004007
2021-05-12,637.9578745011646,641.9913887817089,632.9900185217354,637.8439331054688,13774926,669.9320471191406,644.1512641468756,651.4654456174098,43.48375219667785,-7.3141814705342085,10307862.217431102,809641648.0,17.57033331713213,26.29414975786622,18.074605296634196,666.7899772160231,625.24154744218,16.31067272795937,536.3558154384672
2021-05-14,635.4966717374292,637.5704272056724,630.0274852387925,632.0784301757812,10604142,667.9307800292969,642.2939050743996,650.0293703995114,41.29325046366363,-7.735465325111818,5470306.104344976,799037506.0,7.5583403684436075,16.546146080106382,18.39397862770989,667.1071764970874,624.3090649579907,15.703942380724866,536.4937721988975
2021-05-17,635.8612468931083,657.4872975609117,629.5489058606721,656.416259765625,15120692,667.0725720214843,644.4665750268958,650.5024733155199,52.232313582589406,-6.0358982886240256,19431673.48776372,814158198.0,49.821813514073554,24.983495733216426,17.13111892822544,667.6934973226616,624.1853417886664,16.57783161783306,536.7193820834714
2021-05-18,664.9390925694605,675.7863343533002,663.1388409941336,673.0289306640625,22165280,666.3232934570312,648.86078358646,652.1710997857823,57.98695831455585,-3.310316199322301,31932014.65611948,836323478.0,78.67028448398673,45.35014612216796,16.9345199232249,671.7290295106795,622.3397571104142,16.777277544250353,537.1160873907739
2021-05-19,670.0664149969779,674.008797694071,662.022198440518,664.5972290039062,10130916,665.3206079101562,651.281775189144,653.0915538019395,54.40451206627825,-1.809778612795526,26153862.569101173,826192562.0,64.02834628771124,64.1734814285905,16.672291191985046,673.8650214824355,622.2911613788925,16.43508623777197,537.291520851872
2021-05-20,664.6657120640883,668.1067643934157,651.0611208410855,653.0209350585938,10684184,663.916396484375,651.5493382459824,653.0863227839139,49.85084882769905,-1.5369845379315166,17926495.83638603,815508378.0,52.63173678981312,65.1101225205037,15.672717062563098,674.0715897518965,623.9714705508379,16.478697474526125,537.4625246234464
2021-05-21,657.6696938304151,684.5142960639567,657.6696938304151,682.4177856445312,19341646,663.4173352050781,656.2983301534515,655.2590237365522,59.191769715488824,1.0393064168993078,34247053.12625618,834850024.0,96.30820717329355,70.98943008360597,15.654697936040778,679.6889778791337,621.7632071794601,17.551173441014473,537.8157739252657
2021-05-24,685.1296203527868,692.9687662144021,682.9647338091808,688.1832275390625,22146102,663.2345739746094,661.203698982007,657.6978536478492,60.73642791175272,3.5058453341578115,35205493.324260935,856996126.0,92.45419550177529,80.46471315496065,16.04716973961542,685.9650895902863,619.8533308198699,17.051159664504215,538.2566776613317
2021-05-25,688.4338688321247,689.9151068815814,670.2032466849648,674.054443359375,19236974,662.8649487304688,663.1807365785252,658.90945288574,55.22023140161291,4.2712836927851185,23485351.277769938,837759152.0,70.17602569679158,86.31280945728679,15.553323324681754,688.3434566276709,620.8544620735009,17.241209702512243,538.6121867024298
2021-05-26,674.5330237353836,677.7233826314293,669.975368169604,673.1885375976562,12283990,662.0860461425781,664.720398273776,659.9671628644005,54.89119519343323,4.75323540937552,21389917.66649935,825475162.0,68.81067144200597,77.14696421352427,15.07991189116303,690.178855167206,620.7669334070127,16.56312432817746,538.8310771566158
2021-05-27,671.3882005644754,678.6348837205474,666.5342864745772,675.7407836914062,20439496,661.4197180175781,666.4158421841807,661.1355792219565,55.7285429986573,5.280262962224242,32052384.522102434,845914658.0,72.83503554422036,70.60724422767264,14.406682294032207,690.6008546670121,620.6115476767379,16.244372393734075,539.1937435264217
2021-05-28,679.500818251035,689.5732250174607,673.9632561100925,685.2206420898438,17750020,660.9776245117188,669.3088883235135,662.9196579529112,58.78857641250392,6.389230370602377,39903802.61260191,863664678.0,87.78281112360942,76.47617270327858,14.409702053723423,693.0529717080216,619.5700202353379,16.19905785899365,539.5287458795207
2021-05-31,683.6483799964294,692.535808936383,677.9513101631258,690.8722534179688,15661054,660.8609497070313,672.6263291072759,664.9902205799525,60.539704086220524,7.636108527323358,51992154.77197984,879325732.0,96.69423302930683,85.77069323237886,14.574250846065748,697.8455692788464,619.4968806723255,16.083732210012478,539.8316495688472
2021-06-01,692.900340862789,695.9539475862346,686.9525785850374,688.980712890625,11030162,660.8568469238281,675.142388150868,666.7672940844467,59.626500594071686,8.375094066421298,45932492.24720716,868295570.0,89.49893786012751,91.32532733768124,14.916468208453429,701.6236099214747,620.1511581449316,15.577849123668528,540.0493062980355
2021-06-02,688.2060290397482,688.2971599019985,680.4580141432742,685.471435546875,10624016,660.9356970214844,676.7314723656383,668.1527860446265,57.8820530217221,8.578686321011787,48897372.49838873,857671554.0,84.2142828812886,90.13581792357432,14.712726458425815,703.4518632133394,623.5938399116607,15.073909811074403,540.2501826660667
2021-06-03,687.2944027084668,695.0196060019757,678.0651509479585,693.0142822265625,10287260,661.2050537109375,679.2365200365497,669.9943783543995,60.55340083668651,9.24214168215019,56751137.939450435,867958814.0,95.57312926355642,89.76211666832417,14.924470122747644,706.4799119767149,625.9415479842226,15.208234471284603,540.4494737830515
2021-06-04,690.9405927984084,693.0599137912708,683.2837090936941,684.081298828125,9424476,661.2365002441406,679.9818706198689,671.0378539450459,56.02165920322749,8.944016674823047,48864449.9753031,858534338.0,73.55335001400312,84.44692071961605,15.121089239617914,707.3611074156768,629.6202829651827,14.820232344591178,540.629258114627
2021-06-07,688.2059261135411,690.0289881694711,681.8252089177864,683.5798950195312,8091668,661.5163403320313,680.5354128352016,671.9668940246374,55.76937031191234,8.568518810564115,44234195.78080444,850442670.0,72.43645931019388,80.52097952925114,15.170794544278682,708.233397519853,632.6265512106156,14.34762855224071,540.7815126356336
2021-06-08,682.0759919869481,684.2408784633309,675.2166978444411,675.9231567382812,9872540,661.36046875,679.8258349741369,672.2599505219443,51.92389290669516,7.565884452192563,35907401.36865163,840570130.0,55.38086527349767,67.12355819923154,14.624545534118417,708.1765854392469,635.5638076271595,13.967382271287073,540.9582611445677
2021-06-09,676.3105447400059,684.5598904822433,670.909733828337,674.6697998046875,10223442,661.3741430664063,679.0325987942217,672.4384578762216,51.30031573229107,6.594140918000107,31316248.784816198,830346688.0,44.40495584085473,57.407426808182095,13.749775093283194,706.7910131064046,640.4473841103921,13.944723298617017,541.1384946870647
2021-06-10,675.4900560521745,678.6348492206473,671.6388597194363,675.0115356445312,11483540,661.5354846191407,678.4139736942693,672.6290562294297,51.471443616222935,5.784917464839623,30904840.57865634,841830228.0,28.81491101403259,42.866910709461656,12.937488255364773,704.3041076007654,646.6510498699378,13.448385170230877,541.3379638290911
2021-06-11,679.5463837629194,682.0759046286873,675.0115391368528,677.4270629882812,7205974,661.4903625488281,678.2621412779636,672.9844641374928,52.7356966623253,5.277677140470814,28626754.890746824,849036202.0,37.02549962204638,36.74845549231123,12.479293491745755,698.588874223168,656.9011465287851,12.992384014082678,541.4657004713649
2021-06-14,673.7355131899805,677.2676966685683,666.5800153649571,674.2824096679688,8881964,660.8135534667969,677.6498748764259,673.0806082508614,50.87743303171487,4.569266625564524,32546892.1079751,840154238.0,26.3365480791394,30.72565290507279,11.88860391249338,697.1501915517838,660.1264441904036,12.839145700457065,541.6165418213483
2021-06-15,677.267586316264,681.8252416750545,672.1630345685952,679.20458984375,7569602,660.7825598144532,677.8890617944758,673.5342365170013,53.63162335061143,4.354825277474447,36010332.62230695,847723840.0,43.06746879607068,35.476505499085484,11.15110382101082,697.2795629486402,660.6146387115161,12.612221515171509,541.7497352496537
2021-06-16,678.1791305807844,680.9137238492553,673.667040560719,676.6295166015625,7702098,660.7629614257812,677.6952856109507,673.763516523265,51.98935513709385,3.931769087685666,34605537.7831402,840021742.0,34.212311654092595,34.53877617643422,10.466282307491298,696.7103550769995,662.3870753429225,12.22896878469757,541.8843354223942
2021-06-17,668.1522495166853,673.9632598723044,665.4176564081586,668.1978149414062,9283802,660.9133642578125,676.2341362771746,673.3512423320162,46.922751358727965,2.8828939451583437,31362372.107905984,830737940.0,9.104440735893112,28.79474039535212,10.362795890209663,693.6208033438908,666.9943150643124,12.156318171033737,542.036788635038
2021-06-18,669.7474870328139,679.0906809655614,663.1388864462363,674.44189453125,11938060,661.273876953125,675.9584067778015,673.4320313838112,50.75049025871678,2.5263753939902927,36342281.874368034,842676000.0,34.44457420570367,25.92044219856312,9.759073429040999,693.4216072220787,666.3959220747962,12.427423624483126,542.2369527823242
2021-06-21,666.0329919691528,679.9110866938901,664.9619540270412,678.4981689453125,7260472,661.6521630859374,676.3491394189571,673.8073008328114,53.115882824224975,2.5418385861456727,42230306.39123082,849936472.0,48.1773395114952,30.57545148436399,9.117614268635915,692.4000086125972,666.4490148249027,12.607545698937823,542.3604739215758
2021-06-22,682.2810366926664,687.2944578039685,674.5330222479266,676.2649536132812,14366824,662.1170434570313,676.3361877565454,673.9893491869202,51.64519929171367,2.34683856962522,31763099.01302211,835569648.0,41.172430704067715,41.26478147375553,9.110396311947024,692.3624956988857,666.707578764005,12.618537831588112,542.6132696790336
2021-06-23,679.090617670029,682.6456109428799,673.8948796694928,677.0396728515625,7844868,662.6981433105469,676.4444162327019,674.2152990880048,52.140265782132026,2.2291171446970566,29556728.329392776,843414516.0,46.45825240232974,45.269340872630885,9.033879361694114,692.280885811979,667.1743021763023,12.342265934573758,542.7493991157946
2021-06-24,679.0906967226401,689.7783770443988,678.1791655860997,686.4968872070312,14785024,663.9669958496094,677.9909502287526,675.1250463560808,57.81776514626137,2.8659038726717654,35976199.86478594,858199540.0,86.86467980376644,58.16512097005462,9.602669638835621,693.0095716686697,667.5212266711742,12.370582953021081,543.0183896316869
2021-06-25,688.7072723761617,693.6751277161974,686.8386448543426,690.5303344726562,10383176,665.0129772949218,679.9200862662761,676.2661788091605,59.997348223315846,3.653907457115679,36806820.14538501,868582716.0,89.70143962467738,74.34145727692452,10.45219134388912,693.8835950201427,667.1781725579823,11.999701349888584,543.2140305376298
2021-06-28,692.7635979499859,694.1308945248871,685.9271150754795,687.4539184570312,9356786,665.72625,681.0791373725463,677.0949002645583,57.554607880191256,3.9842371079879513,30932812.44125635,859225930.0,78.45581334739202,85.0073109252786,11.124131012368581,693.2586081990604,667.4613258829708,11.728564071282802,543.3884803026352
2021-06-29,692.8097486638135,693.3613995395903,685.9828025102918,690.5341186523438,10971692,666.5143432617188,682.5337498771305,678.0903979229128,59.33959667970687,4.443351954217746,33496387.02566018,870197622.0,88.39450524336608,85.51725273847849,11.748074990242364,693.559757334297,667.3155173239061,11.417852139712494,543.5936122104592
2021-06-30,688.6722432943842,693.7292490862656,686.8792936534395,688.6262817382812,9679022,667.4124035644531,683.4710624711537,678.8708337610882,57.72046651197345,4.600228710065494,28754371.192412715,860518600.0,82.23860560233337,83.02964139769715,12.363314977211383,694.0279317952198,667.1628274821238,11.09157380350632,543.7738351446775
2021-07-01,690.5111541106598,690.5111541106598,681.7763259294996,683.5003051757812,16911442,668.3993664550782,683.4755613487887,679.213757569584,53.496841364529644,4.2618037792046835,18518498.40293897,843607158.0,65.69893334395178,78.77734806321708,12.198798483781804,692.3822331315005,667.8571284407651,10.923234830481595,544.0780242726362
2021-07-02,682.6957913696026,684.6496345435561,679.0179689245139,680.5810546875,14827036,669.0444567871094,683.0302526316673,679.3150388375778,51.19911950716474,3.7152137940894363,11922039.445907796,828780122.0,56.27956793570577,68.07236896066364,11.67295023344704,692.0752647147284,667.8140724434746,10.545265601093067,544.3364102496836
2021-07-05,684.9714359806125,691.6604981410898,682.4889506732071,687.4999389648438,7373882,669.9040380859375,683.7178966829252,679.9213277358939,56.02047583674387,3.7965689470313464,12605780.545020547,836154004.0,78.60430488009848,66.86093538658533,11.966127911736118,692.621501799422,667.6598397533123,10.583421161985688,544.46997285547
2021-07-06,688.212534426979,707.9808303390432,687.7528066150705,705.5442504882812,17669032,671.2097338867187,687.0757972683646,681.8193220138485,65.5731986881261,5.25647525451609,26018142.892943103,853823036.0,94.56629298545458,76.4833886004196,13.584301079629729,698.1295399339964,665.1139109937379,11.290383320000958,544.8185189528103
2021-07-07,705.2224735608152,710.440373076832,702.3261658566925,707.7509765625,9629190,672.250556640625,690.256594082847,683.7401853137486,66.53065005349606,6.516408769098348,29264279.239207346,863452226.0,94.31435097307828,89.1616496128771,15.250518419445669,702.984817625194,663.5667509783216,11.063513598582285,545.0156145432896
2021-07-08,701.0848869409449,706.9234074861839,695.7750084643361,698.9931030273438,8420922,672.76892578125,691.6006723820003,684.8700310703113,59.462610842845905,6.730641311689055,25704920.45570223,855031304.0,74.82922606224393,87.90329000692559,15.904596577453601,704.930720003545,664.0190053382519,11.128688919980972,545.1809171508382
2021-07-09,695.3613202684074,696.9473587625354,688.4423942921483,690.5111694335938,10695842,673.1568542480469,691.433056543784,685.2878931712952,53.53111347468505,6.14516337248881,20212461.050296754,844335462.0,45.46741120415149,71.53699607982456,15.630726212894567,705.4781039553977,664.7800320309304,11.087404621067723,545.3787821451925
2021-07-12,690.5111513323807,690.5111513323807,682.2360509835239,683.615234375,14458978,673.95560546875,690.2303146716633,685.1639925197178,49.231345218161124,5.066322151945542,10573142.383629953,829876484.0,26.597957228715824,48.96486483170374,14.712810193012333,705.347686028374,665.8437324286572,10.886527037425017,545.6335694986007
2021-07-13,687.7987648015131,692.3960428980664,682.2820310856491,690.4421997070312,18178142,674.871298828125,690.2629123694122,685.5549708298893,53.23603871326205,4.707941539522949,21727911.338175394,848054626.0,38.01170221063299,36.69235688116676,14.0437726830987,705.7893538131044,666.5258256302549,10.831347378495893,545.9592421166976
2021-07-14,688.4423656569066,692.9706731654512,685.5000965765199,689.200927734375,9788494,676.0000756835938,690.0995301178681,685.825041711703,52.42629657252493,4.274488406165119,21637614.83402885,838266132.0,32.406682698433535,32.33878071259411,13.480615282420436,705.9570054171788,667.6153151394617,10.591292322098422,546.1350378009879
2021-07-15,691.8903283255632,701.8894078212982,689.430795857332,699.1080322265625,10438802,677.1971020507813,691.4854535192057,686.8089669350259,57.92689624082431,4.676486584179884,27415507.70465665,848704934.0,63.93547484356489,44.7846199175438,13.799438189840743,706.1986036493303,670.4647386358259,10.741091448157333,546.3319512503069
2021-07-16,702.441102761446,703.3605584049018,698.2346380879311,699.8666381835938,5170628,678.424794921875,692.7748665444963,687.7762018423272,58.32425304885792,4.998664702169094,25537348.12742875,853875562.0,66.34969481653053,54.23061745284298,14.223385514727294,706.9461783561874,672.2596382942033,10.340007795929713,546.431676724722
2021-07-19,683.6152271968341,684.4657123888242,673.9609435578741,676.2595825195312,25111600,679.0541003417969,690.2340536175785,686.9231189295274,44.302198695300774,3.310934688051134,11415519.169221291,828763962.0,6.301192184111839,45.52878728140241,14.18741684786366,707.1455739878827,671.8363840199297,11.451842569486137,546.8444599986873
2021-07-20,662.9274785711899,668.4442120960542,660.2380822016416,663.4561767578125,24174250,679.380849609375,686.1143802545375,685.1848269168078,38.84724516078186,0.9295533377297716,6201491.180204227,804589712.0,6.410254392914999,26.353713797852446,15.049969547074795,709.1143184977329,668.5867618245327,11.778246694372099,547.1967671112608
2021-07-22,669.409626276967,675.1102621179247,664.306659012871,666.0076293945312,13207114,679.90720703125,683.0210339683827,683.7642937670096,40.421595311489526,-0.7432597986269229,-2846841.805209699,817796826.0,11.492597433916865,8.06801467031456,15.213491208054348,710.3412620441475,666.2566139324151,11.769378027639247,547.395610937752
2021-07-23,667.2948346426366,670.0301923301104,659.8472674786992,663.272216796875,13126684,680.4157727050781,679.9827544035353,682.2463621395922,39.25479109553165,-2.2636077360568834,-7143405.172535365,804670142.0,6.769596919747465,8.2241495821931,15.651402126577242,711.7362425125852,662.5391664229617,11.656059943622953,547.5859419837276
2021-07-26,657.4107186163453,663.8469074699319,656.5372246195359,659.5025024414062,13167166,680.9642541503906,676.8319464093616,680.5616317915784,37.64218018683611,-3.7296853822167577,-9627671.212089045,791502976.0,5.501121746570246,7.921105366744849,16.26751383085543,712.8974772660325,658.2751484663894,11.345604436963887,547.7690357129474
2021-07-27,660.2150487977196,666.5593145628898,660.2150487977196,661.89306640625,22401430,681.0737902832032,674.5336571781137,679.1787750963689,39.34389984429583,-4.64511791825521,-20179032.06693174,813904406.0,9.936046297846943,7.402254988054875,16.556837330700656,713.479189425268,655.1373511020756,11.03926212871529,548.0872585249468
2021-07-28,659.7324344787345,661.4103961364608,645.4578631348357,651.572265625,20670342,680.6446569824219,671.0011354007115,677.13384846886,34.91399544798692,-6.132713068148519,-25004017.021192115,793234064.0,9.94769110839273,8.461619717603297,17.720716128302318,714.6454564112871,650.0748988133223,11.42468649605093,548.3536996557458
2021-07-29,656.606250307704,657.387765143812,649.7333419364469,652.0089721679688,13702230,680.3928918457032,668.0792641341357,675.2727465206458,35.24622862746358,-7.193482386510141,-30559007.710655116,806936294.0,11.313996701842186,10.399244702693943,18.801460726075288,715.2469917182269,645.8116325493512,11.155381975430512,548.5299627018935
2021-07-30,652.3537976366906,658.2153275308892,647.2737826140703,655.7787475585938,11655488,680.4480480957031,666.1868769686677,673.8287465975309,38.17979739877315,-7.641869628863219,-24094656.582830396,818591782.0,17.82453195938461,13.028739923206501,19.94653158769331,715.4528081637804,642.8336603420789,11.140107899815394,548.6804494190515
2021-08-02,659.7093651477229,659.7093651477229,651.0894692616464,654.03173828125,13258786,679.8803271484375,664.3168556321419,672.3623015370656,37.33564799286192,-8.045445904923668,-28302076.81207503,805332996.0,14.80738522865738,14.648637963294716,20.827436082212255,715.7240851459437,639.9074517192907,10.960092755976902,548.8530430903472
2021-08-03,648.2161576276889,661.9620292153893,648.2161576276889,659.5714111328125,12033120,679.3080908203125,663.5867872476297,671.4148281737876,41.73479588021579,-7.8280409261578825,-20454445.389977403,817366116.0,24.374595918461566,19.002171035501174,21.82797344855477,714.851817010062,637.9868670719693,11.159076958242869,549.0116107284543
2021-08-04,662.46775229516,677.8686334206894,662.0080245003682,673.63916015625,22053948,679.29978515625,665.1333061566481,671.5795935058218,51.11928682554991,-6.4462873491736445,-10162540.563720578,839420064.0,48.670095390159055,29.284025512425995,20.988086518837175,710.8625337756827,638.7856412731454,11.66894448178816,549.3402697531241
2021-08-05,674.4666623841528,692.832822161982,670.0073250512822,682.6268310546875,18822408,679.4885510253906,667.8246176794233,672.3979073983303,55.99573337200847,-4.573289718906949,-8172302.985614143,858242472.0,64.19212049886562,45.74560393582874,20.003151516455308,706.5496621642743,640.5860983337726,12.46584109813899,549.643774295861
2021-08-06,682.0291957900224,689.5916956041685,677.6387728803629,686.2127075195312,13339270,679.6979895019531,670.6535545779014,673.4212259258267,57.80442963696772,-2.7676713479252157,-2374825.9728625417,871581742.0,86.02613114945943,66.29611567949469,19.088569014243575,704.3749173629561,641.4828035843094,12.429204071400891,549.862334197585
2021-08-09,685.9138715590462,692.9706820030725,678.5582268238286,691.3846435546875,10998048,679.82126953125,673.8429528820224,674.7518494538904,60.33665687433306,-0.9088965718680129,6202631.396568855,882579790.0,96.66187255110366,82.2933747331429,18.50090886549071,704.5184139815007,641.4266543778743,12.57086486481825,550.046214865009
2021-08-10,684.5347077150234,698.6713378441281,684.5347077150234,693.108642578125,14838346,679.8659973144531,676.8069051429612,676.1116119075374,61.17310126123141,0.6952932354238328,9363343.293434389,897418136.0,89.546453607113,90.74481910255868,18.381207404131516,705.8922418571145,641.002167322573,12.68270524083871,550.3015557547568
2021-08-11,696.4416223772585,698.2575246533942,685.4771260916683,687.27001953125,12585786,679.8317834472656,678.4166150488518,676.938160620405,56.80406849635357,1.478454428446753,308741.8715046849,884832350.0,78.57437730731925,88.26090115517862,18.27005604715512,705.429346766709,641.1478443954003,12.689683335187793,550.5147214229445
2021-08-12,688.2124770996211,693.0855802761031,684.6725956904413,690.2352905273438,8597674,679.927060546875,680.2348728147736,677.9231332061042,58.427987947306704,2.3117396086693134,3080692.1189282318,893430024.0,84.14678356775077,84.08920482739434,18.076454316019824,705.5864734722652,641.094153969141,12.38420485307879,550.6589249762413
2021-08-13,690.1434008480904,703.8433127270023,690.0514777290858,701.6365966796875,16658428,680.0995068359375,683.527445717068,679.6796860559992,64.0276894292232,3.8477596610687215,14408368.93227448,910088452.0,96.22043494958227,86.3138652748841,18.710532766500485,706.1331121855652,640.8003717011535,12.484749863424337,550.9559142201156
2021-08-16,701.6135965209141,705.6821763463843,699.452842179198,703.6593627929688,6252778,680.4910681152344,686.6246637287451,681.4559584068859,64.93024167097425,5.168705321859193,16600294.280790716,916341230.0,96.6412011270099,92.33613988144764,19.425779528146297,706.9711776427708,640.3415787048854,12.03793445655019,551.0704128423749
2021-08-17,697.4989934060603,700.6251648833701,692.0282774994423,696.3267211914062,8282666,680.7460046386718,688.1172879537698,682.5574963909245,59.13771517980689,5.559791562845362,16600294.280790826,908058564.0,83.98268714963446,92.28144107540886,19.213331923165846,709.4057063709358,639.9137638439079,12.008873802048495,551.2152318231276
2021-08-18,715.6582591113612,719.6349158901955,693.4304307300083,695.5681762695312,22985932,681.1389050292969,689.2635784638869,683.5212504560064,58.555751211704674,5.742328007880474,-2635281.7549993824,885072632.0,66.74079228578795,82.45489352081076,20.258312414868108,711.7519431534586,640.778727012557,13.022846041915546,551.6336986312677
2021-08-20,683.1785153348093,698.6943284870866,683.1785153348093,696.3726806640625,13150406,681.5729626464844,690.3572864946831,684.4732082491957,59.01640369738639,5.884078245487331,6579705.435538819,898223038.0,67.42839585556723,72.71729176366321,20.197517078938997,713.9760724054047,641.5911028875641,13.200915121227103,551.8561049460221
2021-08-23,703.314571955214,704.8316961608703,693.5683649271634,700.9010009765625,10843054,682.090751953125,691.9793964149723,685.6900817845562,61.60339726682878,6.2893146304160155,9854707.097090065,909066092.0,73.7689153810618,69.31270117413898,20.51533184377261,716.5500330512662,642.7800206596714,13.062516272118511,552.0480704494266
2021-08-24,703.3835916228998,719.2442020222396,702.2112631892132,716.646728515625,18381314,682.8751452636719,695.7743705843035,687.9831667275984,68.94412792708337,7.791203856705124,22629827.521241806,927447406.0,94.81459557768538,78.67063560477146,21.570455070454692,721.5103495486072,643.5341267697521,13.439708041658411,552.400750885189
2021-08-25,713.5435835257884,719.3821608821532,711.6587105678763,715.9801635742188,7727974,683.7091003417969,698.8829541212135,690.0570183458665,68.34841182969616,8.825935775347034,23549821.752099242,919719432.0,92.6356442974639,87.07305175207036,22.556930851732893,725.5948069746894,644.8583790604669,13.031403918274023,552.5513061934757
2021-08-26,712.5780742003444,722.2323577862846,709.5668347294647,714.7847900390625,11119002,684.4207043457031,701.3293904162672,691.8887051379551,67.22657703933595,9.440685278312117,21592455.67712918,908600430.0,83.2990154011297,90.24975175875966,23.617530806134003,727.6026386220125,649.1717998545499,13.005269571027299,552.7672455126622
2021-08-27,713.4975346281744,716.5547356749855,710.3943720258934,711.865478515625,6382138,685.1254235839843,702.9503270469377,693.3684661288936,64.44463097242735,9.581860918044072,18258450.925414383,902218292.0,76.2631126431081,84.06592411390055,24.60237362093503,728.0896000375483,654.6704890737799,12.5163477194605,552.8889650274249
2021-08-30,715.1525716150793,721.7726633177407,713.3136603709577,720.9681396484375,9049166,686.180830078125,705.7222982163992,695.4128863896005,68.78251762291691,10.309411826798623,25586310.459332015,911267458.0,96.76288411462217,85.44167071961999,25.79569685633276,729.6637272125029,659.6153011078097,12.329978939650157,553.0674184144211
2021-08-31,718.7844110099794,727.9099965616906,718.1867424259001,727.0135498046875,12062576,687.2322631835938,708.9978753838282,697.7536762721995,71.28793198406458,11.244199111628632,35424639.92925315,923330034.0,97.99593768769637,90.3406448151422,27.21069639588602,730.7424087694473,665.834800703209,12.14378431080304,553.3128464190825
2021-09-01,724.0713039522999,734.6450436290636,723.8414400462833,725.9561767578125,12422558,688.1814233398437,711.6068448259796,699.842750382245,70.22631293529285,11.76409444373462,27865355.419882286,910907476.0,83.11744125896071,92.62542102042642,28.834013814344093,730.9757628852774,672.2399231498789,12.048057115944273,553.5704300544161
2021-09-02,723.6574306441289,731.8865684859778,722.3472177974828,730.5073852539062,9618524,689.2662719726562,714.5146202764298,702.1142048171828,72.14886770803072,12.400415459247029,34702619.46807505,920526000.0,91.960486723525,91.02462189006069,30.14142366280564,733.4464613107347,675.4560472341872,11.868863799697897,553.769464241346
2021-09-03,729.1742467965846,734.6450187986959,720.9911256904466,724.5540161132812,10735334,690.2165588378906,716.0591427128685,703.7764130613382,66.13316743759532,12.282729651530303,29569910.066245183,909790666.0,80.39302853674532,85.15698550641034,31.49058521845144,734.985374683594,678.1098523671872,11.996365893165857,553.989146611168
2021-09-06,726.3469589472517,726.8066867749645,718.0718580484206,719.7958374023438,7876896,690.8825378417969,716.6340188189416,704.9630370865979,61.70485145926389,11.670981732343762,24802315.11887676,901913770.0,71.14783779115406,81.16711768380812,32.32618667662006,735.6097830073144,680.8437570317482,11.763398952692862,554.1451653200953
2021-09-07,718.3246937682337,727.2893859464613,714.9686583513019,721.4278564453125,7245496,691.50048828125,717.3715322999218,706.1826533353915,62.6291689887531,11.188878964530318,25153788.306272566,909159266.0,74.31886777327732,75.28657803372556,32.66293256865524,736.5417213743524,682.9161399537727,11.80320814144047,554.2881395465605
2021-09-08,722.6690824329283,726.5997775143917,719.7498221684779,724.7149047851562,6724080,692.2457080078125,718.5012819130347,707.5554127020407,64.48831810735571,10.945869210994033,28177396.0020968,915883346.0,80.70563690029208,75.39078082157448,32.97562518268791,737.7403859447122,684.878101604116,11.449404370331424,554.422557647912
2021-09-09,723.6115697070444,726.1170638127033,717.6351082037461,721.1290283203125,8250948,692.8576062011718,718.9055505910775,708.5608657108016,60.92735316776905,10.34468488027585,26723973.13120731,907632398.0,67.09564712658754,74.04005060005231,32.94469819484214,737.3095948344121,688.6947935933222,11.237443744518984,554.5852025980446
2021-09-13,718.0947993991399,728.2088106582827,714.2560836223336,715.1295776367188,8959164,693.3876721191406,718.3246316750224,709.0474369645733,55.41410181295584,9.277194710449066,18886564.915253278,898673234.0,39.829814077526365,62.54369936813532,32.40985365608459,736.198929910709,692.2948872279628,11.43139255104971,554.7588873828405
2021-09-14,717.1753598257948,719.2441349022153,711.014996152186,711.9114990234375,9758506,693.9558959960938,717.3379958824708,709.2595897096743,52.661408688067866,8.078406172796463,11254290.812386896,888914728.0,9.349408896622839,38.75829003357891,31.44424985187263,735.9767404875557,693.5445668854912,11.202660136691108,554.9417500627764
2021-09-15,705.6821840562666,714.7848170865285,705.6821840562666,711.1069946289062,14822998,694.5664147949219,716.3793803049994,709.3964345185063,51.966421550725634,6.982945786493019,14099138.149287809,874091730.0,18.730231243239718,22.63648473912964,29.826956355271516,735.8112793998722,694.4547911567685,11.052658200517596,555.2125651123349
2021-09-16,706.9464694235357,719.1522657376736,706.2798865187765,717.1524047851562,10260550,695.1594641113281,716.4983071481004,709.9709508345544,56.60134531806848,6.527356313545965,21171517.11308524,884352280.0,39.60320527073551,22.56094847019935,28.7787865619795,734.9714673723303,697.3771715436854,11.18263827325899,555.4038899098314
2021-09-17,721.3128451853113,730.507400254595,716.8074907537181,727.3582763671875,20498102,695.5957446289062,718.1690716433445,711.2589008740088,63.07852198541163,6.910170769335764,32246044.06675604,904850382.0,74.8409950904154,44.39147720146354,28.79431631997984,734.5959430484756,700.9317058773056,11.362443360945989,555.8103889107038
2021-09-20,719.0142658357053,727.1514252968136,716.2558990869749,717.1063842773438,8781610,695.7828527832031,718.0055812793444,711.6920477927744,54.30997403765046,6.313533486570009,24835387.448677342,896068772.0,39.44431036708544,51.296170242745454,28.730757567109688,732.4969175791795,705.10410170793,11.343867212322177,555.9790968506438
2021-09-21,718.0948352524632,721.1520363958954,702.9008087682646,713.4745483398438,14774996,696.0724816894531,717.308499288652,711.8240848703351,51.57476627793002,5.484414418316874,27180002.5852575,881293776.0,33.30916501199618,49.198156823165675,27.020144648466303,730.7254403757264,708.1329336477112,11.837250099129934,556.248956953346
2021-09-22,712.1183301271005,712.6470282971119,703.383502320506,705.08447265625,10582202,696.3639477539062,715.427879806744,711.3248543359584,45.832202903858956,4.10302547078561,20484012.322409954,870711574.0,6.878935988301658,26.544137122461095,25.43171836686887,731.7302913296531,705.9718571078469,11.712521236287639,556.4349190769752
2021-09-23,708.90020573124,722.6920385275677,708.90020573124,721.7725830078125,13664304,697.1270947265625,716.4039879915238,712.0987601635032,56.26350401382895,4.30522782802052,32326409.122409984,884375878.0,59.44950030716356,33.2125337691538,24.883185032967212,732.0091577752131,706.2722326056463,12.133595853075496,556.6914573579717
2021-09-24,725.9101548274232,739.2192514312371,724.0712437322302,736.2770385742188,20806702,698.0437915039063,719.4613803888615,713.8897437494821,62.94303680854061,5.571636639379335,45050497.5730964,905182580.0,91.89884631254294,52.74242753600273,25.516073748184873,734.9093279248119,705.521287309563,12.513101036671861,557.1177215619133
2021-09-27,742.7821851449002,751.8848180464257,739.2423035271493,747.1036376953125,16415462,699.201845703125,723.7140353590847,716.3500321899139,66.99493064575482,7.3640031691708145,49049871.89541541,921598042.0,90.23930376143211,80.52921679371288,26.758151593913386,740.2569716973602,703.6974594549835,12.73414949635294,557.4770825588228
2021-09-28,750.275762122189,750.275762122189,727.2893723512885,742.4833984375,12773790,700.0693530273437,726.6016296788409,718.2858370971426,63.78944280748912,8.31579258169836,53163057.22422399,908824252.0,80.80716595585568,87.64843867661024,26.65377918543978,743.3856487904653,702.7203082407847,13.466452373106335,557.7468212364042
2021-09-29,734.185275333908,738.5986508622487,728.7375122855287,732.7371215820312,16263036,700.7267626953125,727.545551510101,719.3563026145417,57.53558910976134,8.189248895559217,50092370.05268766,892561216.0,60.91031186185239,77.31892719304672,26.556861949,744.0444508277275,702.6338633812569,13.486411928739544,558.076586160113
2021-09-30,729.1282566817416,738.4837057501468,727.7950349003041,733.2427978515625,15975348,701.8664270019531,728.4220509472489,720.3849318913581,57.76693936202808,8.037119055890798,50401536.78618058,908536564.0,61.942641140290405,67.88670631933282,26.367147924264014,744.8322576768785,702.5747186414808,13.286573280246909,558.398975434041
2021-10-01,727.7491468498115,730.507513799337,719.5889779574652,727.6112060546875,11128596,703.1495275878906,728.2973055791625,720.9202114590121,54.223877602360005,7.377094120150446,55626073.99136154,897407968.0,50.445844777837955,57.76626592666025,25.353830017769734,744.5381089218673,702.5792494765702,13.312805181236223,558.6135403617595
2021-10-04,730.5074209050578,736.1850475970172,728.0248797423509,729.0133056640625,7051028,704.4096411132813,728.4074594383779,721.5196999186454,54.96448304757428,6.887759519732526,50283201.74845887,904458996.0,53.30820665886125,55.23223085899654,24.825894343733033,744.8930166712901,702.6702706822255,12.974307778457185,558.7533975899206
2021-10-05,731.8866787769113,734.4151817500726,724.6459657174034,733.4727172851562,10257178,705.8136511230468,729.1867298763439,722.405108612461,57.32911176016738,6.781621263882812,58561300.62010412,914716174.0,62.412017651078095,55.38868969592577,23.99450748848235,745.8997021535014,703.0312731882956,12.745372653758041,558.9561735590624
2021-10-06,733.725501825083,747.9080919366643,729.5879520027612,742.4143676757812,18600830,707.4718884277344,731.2217510762573,723.8872759504848,61.674426837046184,7.334475125772542,66006339.08005665,933317004.0,80.66624086063379,65.46215505685772,24.14211062949559,748.2658183078763,702.7638081569673,13.143570316625544,559.3421379735383
2021-10-07,747.7932693606825,748.2989587446559,738.7826152092106,740.3916625976562,11265724,709.0418603515625,732.6325066949341,725.1098231095345,60.18145426218553,7.522683585399591,58550289.187266454,922051280.0,76.53692374688174,73.20506075286454,24.30349223292828,749.9478960008566,702.6494062452371,12.884482689398386,559.5783521152018
2021-10-08,741.0812196200004,745.6784976573454,735.63345636957,736.7827758789062,7245562,710.7460705566406,733.2710096463145,725.9744862776361,57.50666095358772,7.296523368678436,52962752.38081935,914805718.0,69.16944449818133,75.45753636856563,24.106446568657105,751.028671537436,703.1340054645171,12.681665446425312,559.7273607974084
2021-10-11,735.5184884755448,756.2522001869384,735.1047222485802,751.103271484375,13080848,712.7279565429687,736.0144345444777,727.8358777744315,64.28925654818313,8.178556770046157,59673823.90748379,927886566.0,90.26091258087797,78.65576027531368,24.607062417662004,754.3235966131671,703.4364497735518,13.28636633870623,560.0078850736948
2021-10-12,747.0576267616242,754.66614380798,747.0576267616242,749.17236328125,8176946,714.5958288574219,738.0387312732119,729.4163581823441,62.83295663466404,8.622373090867768,56042333.01255985,919709620.0,85.04849270433135,81.49294992779689,25.07191999173798,756.3996709957943,705.0864618167058,12.880805674966913,560.1854415394763
2021-10-13,752.5744374240737,757.6314434177601,749.3563427008186,753.6777954101562,6225644,716.58875,740.4447411404341,731.2135016807006,64.8346034368768,9.231239459733501,56319045.18958906,925935264.0,89.6072771315773,88.30556080559553,25.691336425893773,758.72163399269,707.021578897935,12.564968136505714,560.3227166856077
2021-10-14,753.0341849679896,776.9400321098307,753.0341849679896,775.7447509765625,14757288,718.912216796875,745.8755118844539,734.5121127396534,72.61403875299355,11.363399144800496,69600618.24671787,940692552.0,97.9158515027594,90.85720711288934,27.2655840396375,766.6572756428186,704.945171866947,13.375030922601095,560.6725659922871
2021-10-18,783.8358939254838,793.0304498659586,766.389246476079,767.8833618164062,28856456,720.7971008300781,749.2613349509081,736.9840571157091,66.93316094011804,12.277277835199015,43980868.40793093,911836096.0,65.75900864175878,84.42737909203183,29.322049122770668,771.4023072451637,704.2526488095239,14.322614670263844,561.3768342715354
2021-10-19,770.2509525842129,778.0663255141968,768.2051862354821,776.3423461914062,8987540,722.6714111328125,753.4276443725232,739.8994859361311,69.68170811852207,13.528158436392118,49825904.7509351,920823636.0,77.27700270584796,80.3172876167887,31.231623842822895,776.8861795063938,704.6923727397,14.026925315087182,561.59365014855
2021-10-20,776.5261683461787,780.9625525691431,765.1938675442374,769.5153198242188,10908568,724.3374633789062,755.9026713650918,742.0932514093229,64.9867333542448,13.80941995576893,44896383.95499499,909915068.0,67.98112914861066,70.33904683207247,32.63231878350349,779.4716575015264,707.7109718930049,14.151336722931363,561.8533585073576
2021-10-21,768.572948559536,773.2391407739672,763.5388955430941,770.6417236328125,9738190,725.9226049804688,758.170217867818,744.2079530555072,65.4009484114161,13.962264812310764,49419418.868128315,919653258.0,69.51487265799624,71.59100150415162,33.72400671633476,779.9480378086485,713.790316683539,13.83340161635577,562.0816323313319
2021-10-22,772.3886657061187,785.2150825524319,768.0902219991075,772.6875,12175554,727.5141821289062,760.4036458881537,746.3175491254697,66.18342543695194,14.086096762684065,43781075.069470674,931828812.0,70.25209721291955,69.24936633984215,35.22616563074813,782.2118296249248,716.6180165664814,14.068505826139246,562.3748468793218
2021-10-25,776.9399374280986,776.9399374280986,741.9087035254355,761.7689208984375,16426766,729.00416015625,760.6136881974281,747.4620951827266,58.57007482703225,13.151593014701575,45979924.393322445,915402046.0,54.28564043912346,64.68420343667974,34.01096644003384,783.3260330744292,718.053001349399,15.565843545890948,562.7411584982073
2021-10-26,758.5508730566244,769.5153699069832,756.8728553560395,759.8151245117188,12090656,730.3957568359375,760.4908322457806,748.3771343922815,57.29985761652562,12.113697853499048,39516940.65383375,903311390.0,47.6449911763202,57.39424294278774,32.88256719151343,784.152061927868,718.4981211776009,15.357034331966144,563.0124448565913
2021-10-27,759.8151138431207,765.4697881741555,752.7123418518765,755.2408447265625,13249642,731.467841796875,759.6831418582085,748.8855573800059,54.32912846398196,10.797584478202566,31519408.99617617,890061748.0,34.761967274695444,45.56419963004637,31.482642976440026,784.5729926437247,719.3529350906502,15.171349474131345,563.3025450009005
2021-10-28,758.5508508728342,758.5508508728342,729.6569705952282,732.6221923828125,17797750,732.0470983886719,755.5199188619938,747.6808636765102,42.574948607025334,7.83905518548363,17374631.56773348,872263998.0,4.678963222007868,29.028640557674507,29.897519095349953,784.5808335575985,719.3336012568548,16.1515302458081,563.6558684623245
2021-10-29,730.9671796393641,736.4839130706046,717.1753460612629,727.6801147460938,12406874,732.6741662597656,751.2368720749322,746.1993267187015,40.5125315247469,5.03754535623068,18467603.66286698,859857124.0,13.848466560506619,17.76313235240331,29.100027576022136,785.0230563079078,718.3351101959984,16.377032871774784,563.8830432685514
2021-11-01,728.6685410906165,740.6214635312197,728.0019582483055,738.0010375976562,8122320,733.5228234863281,749.200589847659,745.5920460430685,46.356806491175334,3.608543804590454,23216742.624222364,867979444.0,27.454568633922527,15.327332805479005,28.055653007292836,784.3280985913516,720.0690510668514,16.131626865585577,564.0390861238658
2021-11-02,738.3228067077855,745.6784511083612,735.5874488939667,738.6676025390625,13237722,734.3687219238282,747.5801302617211,745.079124302031,46.72086479354921,2.501005959690133,18060322.521649785,881217166.0,28.333303099994126,23.212112764807756,26.717636639758144,783.6729069859119,721.6896723597912,15.700153676214786,564.2993599106899
2021-11-03,737.9090726000325,740.1157884638861,724.324149927975,727.0364990234375,10207338,734.8914318847657,744.4195716096774,743.7426335406537,41.4363950412703,0.676938069023663,11359379.874914844,871009828.0,12.999986115059773,22.92928594965881,26.106605124779275,784.262508419656,720.4564490998752,15.70668830905024,564.4887185950247
2021-11-04,733.2658176769795,734.5760306414824,731.0131403048073,732.7830810546875,1096808,735.2141589355468,742.6293422935252,742.9308148379896,44.760781049657346,-0.3014725444644455,11352296.78393702,872106636.0,20.57572162001107,20.636336945021657,25.53921871801318,784.6459126462859,719.109916211136,15.123319973978427,564.5093214480687
2021-11-08,731.9325896812787,737.7251485041893,721.9794719882672,735.6793823242188,18943580,735.6081433105469,741.5601176828627,742.3936716888214,46.41187214690142,-0.8335540059587174,25373365.4834695,891050216.0,27.195925818080646,20.25721118438383,25.49836062958912,784.8026885849024,718.4819122451756,15.167774012688692,564.8622689284383
2021-11-09,733.0819115623664,733.0819115623664,721.3359003779542,722.8070068359375,12695476,735.7685876464843,738.6750237064127,740.9428076256448,40.60312332942262,-2.2677839192321017,15857930.169205764,878354740.0,8.277017321202543,18.68288825309809,25.49439096013887,785.8690307084039,716.0179932173774,15.10889600794411,565.0894257292323
2021-11-10,720.8532289824786,721.3129568070848,712.5781281395675,714.99169921875,13714126,735.8311120605468,735.0314353236954,739.0205032992083,37.531803757319295,-3.989067975512853,9722663.274469152,864640614.0,3.3227867256987014,12.931909954993962,25.94333156406629,787.4165548820688,710.85931181715,14.760323342831672,565.3197015788655
2021-11-11,712.6010934681566,714.8307620575326,705.957993136743,711.7965698242188,7999404,735.6476806640625,731.4568406314681,737.0039156343942,36.32214166785309,-5.547075002926022,12251006.390404139,856641210.0,7.366630203707724,6.32214475020299,26.67553729664365,788.864319069619,705.6739682838967,14.35127925277277,565.4488755890725
2021-11-12,712.5780919867797,716.7386510360263,710.3024618180813,713.957275390625,14914092,735.3865551757813,728.7645998251845,735.2967570978186,37.78253147642408,-6.532157272634095,14274957.700811695,871555302.0,11.269460612473257,7.319625847293227,27.163907879600043,789.1932915446149,701.3729438069475,13.785915678856506,565.6937291870819
2021-11-15,718.1408014693255,722.6231476211457,714.6009197765608,715.9111328125,9533594,735.185654296875,726.7871433616946,733.8607849285357,39.141726985181556,-7.073641566841161,7855470.998719869,881088896.0,15.660085707655313,11.432058841278765,27.032010649240508,785.6419065326994,698.9409670024569,13.420198289689662,565.8540922020286
2021-11-16,714.8767862640302,715.8881650573986,708.7164220267412,711.65869140625,8245406,734.8086804199219,724.4596892147031,732.2161854083664,37.235156229926005,-7.756496193663338,6375562.728270966,872843490.0,9.579106571937956,12.169550964022177,27.24030232417424,783.1188877524817,695.841518741659,12.97552061083746,565.9873878281159
2021-11-17,706.5556711458954,709.8197273210225,702.6939463796521,703.7513427734375,7598878,734.392626953125,721.2737897622007,730.1076785465199,33.925961382802654,-8.833888784319129,1031883.494588987,865244612.0,1.8930451004754552,9.044079126689574,27.753799820797532,778.6897359941067,693.011570158237,12.689036640534637,566.1044215050179
2021-11-18,701.5676014129185,709.5898287296608,701.1997967411177,707.7049560546875,9152874,734.1508093261718,719.1862768841218,728.448217621199,36.94346132080359,-9.261940737077225,6072257.775009465,874397486.0,14.625350982651549,8.69916755168832,28.309323060154505,774.3384454506573,691.1818243247334,12.3819648796781,566.2458789875521
2021-11-22,710.7391665868493,713.8193203462743,689.1549691953928,696.6484985351562,15261272,733.6552221679688,715.7189263688963,726.0926828740847,32.476681357605784,-10.373756505188453,84352.73240645044,859136214.0,13.257373902233303,9.925256661786769,29.41142334343727,769.6537370949608,688.4672101706643,13.259278184764051,566.4705316999446
2021-11-23,690.511144478311,702.3721439749188,687.9136712263239,696.740478515625,11235214,733.0957336425781,712.7991651607008,723.9184455141988,32.549745209709045,-11.11928035349797,2567194.651098877,870371428.0,15.280604041643551,14.3877763088428,30.490792690224122,762.9245944991627,687.6016506180248,13.344934939323396,566.6302465766782
2021-11-24,700.6251283183656,706.3027551094589,696.0508594098641,697.8897705078125,30802286,732.6309484863282,710.5054121371795,721.9903955137257,33.517747232692045,-11.48498337654621,-17184907.611698214,901173714.0,19.110526180555468,15.882834708144108,31.02484372788022,757.5784093030189,686.559920775106,13.124003565057068,567.0809803617245
2021-11-25,696.3957470147124,704.9007119635444,692.8098474535026,701.5216674804688,10251652,732.3587902832031,709.1232975746086,720.4741934371882,36.61357472988174,-11.350895862579591,-12663331.919184934,911425366.0,27.31899754394916,20.57004258871606,31.692298176230285,751.1921824405847,687.1168019344152,13.050207918270262,567.2299410860036
2021-11-26,689.5916646108592,692.6718182651423,682.6957479647506,684.9484252929688,18624936,731.8195288085938,705.4040864543563,717.8426550561348,29.79526253664457,-12.43856860177857,-22876945.664355397,892800430.0,4.093588711008601,16.841037478504408,32.80247692577043,746.4711765566303,684.8085658750103,13.462758746659398,567.4733061655947
2021-11-29,687.2011598786943,693.108651073916,672.1220651085033,690.1663818359375,12990996,731.4007165527344,703.0598242053687,715.7925607435277,33.964800282553526,-12.732736538158974,-13528562.899733072,905791426.0,29.60033165616793,20.337639303708563,34.265847392639884,745.2132053146823,681.8209560622707,14.00017497657035,567.6401439131012
2021-11-30,687.2930476931977,702.923792590568,683.4083703060561,686.62646484375,25221542,730.7901977539062,700.531615072812,713.632109195396,32.55232515520842,-13.100494122583996,-30432036.72174313,880569884.0,28.720967974529422,20.80496278056865,34.49792585256766,744.5142549551553,678.4145414315634,14.394121212851891,567.9787770724446
2021-12-01,687.2931073942084,692.832850205803,684.5807019672902,691.7294921875,8677634,730.0776220703125,699.1774423212255,712.009693120737,36.642742437250504,-12.832250799511485,-24074898.37379992,889247518.0,38.82575601045423,32.38235188038386,34.71342727964345,740.8988465254946,677.4027953202086,13.955408857541952,568.0936562573629
2021-12-02,691.6604717966574,702.8318797309497,689.5916967065377,701.4296875,11203110,729.7640881347656,699.5239415794986,711.2259890006825,43.639728019152884,-11.70204742118392,-15244703.276186273,900450628.0,58.03365182154237,41.86012526884201,33.84873311382187,736.128925298714,678.4489250430829,13.904321298032668,568.2516715579565
2021-12-03,701.4526490300101,706.1188409677333,692.8327534025233,695.8209838867188,8124694,729.4110168457031,698.9542557806094,710.0848775107593,40.83183715088542,-11.130621730149869,-19714678.282893784,892325934.0,46.92754610217056,47.92898464472239,32.72213208190888,733.482625167841,677.973673660284,13.86016174568819,568.3662968808333
2021-12-06,695.5681573698793,698.2346010420764,688.3734061177423,691.3386840820312,7029532,729.1361010742188,697.7826293654435,708.6962705901128,38.68937575193456,-10.913641224669277,-22516625.999486774,885296402.0,43.90754258653788,49.62291350341693,31.97579235656743,729.1147594924979,678.1970996383615,13.57452125844861,568.4610331370029
2021-12-07,696.0048756328006,704.302984814059,694.1430117269222,701.4066772460938,12427534,728.7287829589844,698.340175193236,708.156300712778,45.594670544267565,-9.816125519542084,-17174536.117624395,897723936.0,70.2315103730457,53.68886635391804,30.672825423365875,722.7345370958409,681.1500515272061,13.530934077989974,568.637991798984
2021-12-08,706.1419563459983,714.8997940725473,705.2225006736728,714.3251342773438,15295534,728.2897448730469,700.7993996677142,708.6132513471903,52.92157936400376,-7.813851679476102,-3695569.637834234,913019470.0,98.65663790687319,70.93189695548558,28.51986286476393,720.8882197274547,682.1481816397327,13.528232845737367,568.8742048932446
2021-12-09,710.3713574781693,714.7387714759011,699.7056952155648,701.9353637695312,11747744,727.3863793945312,700.974163375686,708.1185930081044,46.45925328271173,-7.144429632418451,-11958521.181088965,901271726.0,69.69350496864146,79.5272177495201,26.954843259786834,719.2289546766075,682.501813145658,13.635721661065864,569.0474593601039
2021-12-10,701.0389061930878,702.4640510938664,693.4763505055892,699.9585571289062,7779384,726.5358825683594,700.8179162607968,707.5141459059416,45.504489512343014,-6.696229645144854,-8516442.250759395,893492342.0,65.07239326285976,77.8075120461248,25.963009799045416,717.939429265251,682.6075372874834,13.303720155866674,569.1562174753657
2021-12-13,701.5446593643394,706.9004997373077,692.9017538262267,694.7177124023438,10322142,725.7754943847656,699.8794233594963,706.5662619427121,42.982533536567345,-6.686838583215831,-16160546.888289599,883170200.0,52.82105394803172,62.52898405984431,24.63515909163881,715.9580700734532,682.664940180453,13.353364852667696,569.2997312948647
2021-12-14,690.7409653788123,696.9472901925321,688.2354715127702,690.7179565429688,9191100,724.9249975585938,698.4699669261844,705.392313394583,41.1099257674003,-6.922346468398587,-20113528.64919852,873979100.0,43.47096464633709,53.788137285742856,23.759312618011336,713.2314856637997,682.8722069631533,13.021825840317282,569.4211100031608
2021-12-15,690.9708581542969,700.3263073186577,687.5918701715767,689.5916748046875,10115148,724.1646069335937,697.1040758305694,704.2218957212573,40.57388277512881,-7.117819890687883,-27051729.038343474,863863952.0,40.83809524079214,45.71003794505364,22.621775188868813,711.1906010968542,682.7063898699428,13.001298076514686,569.55499791805
2021-12-16,695.4762107778668,697.4070450138455,686.8333060320931,689.6376342773438,13210432,723.3770935058594,695.9553925146885,703.1415800587451,40.60791530055309,-7.186187544056679,-33254916.457501132,877074384.0,40.94553309167684,41.75153099293535,21.62916355547382,710.465313238211,682.0203068789764,12.827900998317379,569.7277007315776
2021-12-17,688.2125462388788,692.3500966170684,674.742498671125,677.2020874023438,14994768,722.2516809082031,693.0702686512508,701.220136158271,34.80056925090177,-8.14986750702019,-44060474.49106878,862079616.0,6.12488641635879,29.302838249609252,21.635728406813666,710.1840499272304,679.2512833247227,13.169307923147812,569.9072842992158
2021-12-20,667.5248281841008,670.2831952427128,650.1011317067108,655.4110107421875,21156668,720.5116137695312,687.2765366652411,697.8268676089315,27.40468227814793,-10.55033094369037,-54084549.66443909,840922948.0,8.194426924275819,18.421615477437147,22.973094713111873,715.6875252455392,669.6240592271171,14.164425621182463,570.1080096705451
2021-12-21,661.7781139527768,666.9500512796047,657.4107002101222,662.8355102539062,9118750,718.9604907226562,683.5163787558049,695.234915212263,32.65608646557061,-11.718536456458082,-52832051.929358244,850041698.0,19.652224416764092,11.323845919132895,24.2149348546745,717.294517465317,664.6265701811675,13.976898115199234,570.1979479722658
2021-12-22,667.6627330109193,669.3637034910996,660.0312063313166,664.3986206054688,8577484,717.5128076171875,680.5751851942147,692.9507452413894,33.742780251457035,-12.375560047174758,-53381368.24464769,858619182.0,22.06448154444612,16.637044295162003,25.10404417652212,717.8125688973678,660.7594037588822,13.645155189812357,570.2844019011961
2021-12-23,668.0994037586601,670.1911876287052,660.5598568584965,663.8928833007812,9779166,715.7685998535156,678.0086772106096,690.7983110235666,33.55412245746231,-12.78963381295705,-56392161.39168501,848840016.0,21.284006629960633,21.000237530390276,25.835645942707313,717.3816419868978,657.4274522513834,13.358453445554954,570.3830704719304
2021-12-24,664.5364501700916,667.5246804890854,656.4912146958775,661.5022583007812,5561024,714.0151977539062,675.4692281475591,688.6282330441011,32.62553527540335,-13.159004896542001,-56901910.61108604,843278992.0,17.594694362211722,20.31439417887282,26.739040902372942,718.2651623882896,654.1993151507729,13.192382898958739,570.4372844186158
2021-12-27,656.9050339231113,668.4441899396497,653.8018714182333,666.9730834960938,4705098,712.281103515625,674.1621289704105,687.0241478923969,36.92727804993339,-12.862018921986305,-53142250.31280499,847984090.0,26.037500117098514,21.63873370309028,27.724591948379025,718.1152193386724,652.0299283664058,13.29594972913429,570.4837222742719
2021-12-28,671.5244168921497,674.374763101382,668.1684374143229,671.5704345703125,5450678,710.1976171875,673.7634067550109,685.8794283870573,40.372635147788166,-12.11602163204634,-52617350.494554184,853434768.0,33.21486202198102,25.615685500430413,27.902383370866467,717.8686652839878,650.7708793937467,12.874930434573855,570.5422768047586
2021-12-29,669.3866178344888,671.6622477663403,665.4099615434669,668.3751831054688,7668702,708.2074536132812,672.934449270466,684.5828176254581,38.78679776967688,-11.648368354992158,-53012105.10558899,845766066.0,32.17298366579364,30.475115268291052,28.244374894342375,717.2099366754028,649.0941770941286,12.401884419452395,570.6221867743757
2021-12-30,670.5130284479371,674.3517445381623,664.3067028503731,671.8922119140625,7215918,706.1184509277343,672.7741050617885,683.6427727579473,41.51017283858941,-10.86866769615881,-49329828.1367463,852981984.0,38.36500468739935,34.584283458391326,28.22145722098221,714.9881988315337,648.3621673794037,12.23353851004788,570.6985646046439
2021-12-31,671.8921988127148,682.6038793050668,671.8921988127148,680.121337890625,6325736,704.3305712890625,673.9044485739172,683.3819257307382,47.40619879947691,-9.47747715682101,-45936200.05539415,859307720.0,59.77123189345984,43.436406748884274,27.230627748085016,713.5667119254703,648.213689685858,12.124834365926747,570.770815243338
2022-01-03,682.6957866323592,700.1654431253085,680.6270115213521,698.6253662109375,9069184,702.890244140625,677.7076666719203,684.5110694700122,57.72558588688748,-6.803402798091952,-38296735.819364786,868376904.0,96.61336951639137,64.91653536575019,25.858319510402758,714.5456219990988,647.96344782512,12.69049657083794,570.8886063124821
2022-01-04,698.786284681488,704.7167847687269,693.1776277389288,702.7169799804688,8857352,701.4908337402344,681.5552533347739,685.8596554337497,59.612612954704346,-4.3044020989758565,-32509447.758203145,877234256.0,96.33840359651579,84.241001668789,24.92416180893189,714.7742702913265,647.8658298063297,12.608258032192241,571.0100626048958
2022-01-05,706.5096983093639,722.6920942573009,702.5100328185316,719.405029296875,14332638,700.6435559082031,687.3782957904817,688.3444979421294,66.23306699513384,-0.9662021516476216,-22845541.17627003,891566894.0,95.47179863039408,96.14119058110042,25.180952725198264,716.0871265309113,647.0609630686981,13.149243989804889,571.2283708594853
2022-01-06,709.3600211659893,714.7618230121983,703.4065683873894,707.8659057617188,9628930,699.6045715332032,690.5302357860567,689.7905281509878,59.0277930660715,0.7397076350688394,-24911690.975817434,881937964.0,79.57571028866091,90.4619708385236,25.419401433159894,717.1712351485028,646.5699086503253,13.3527594840678,571.3683574381612
2022-01-07,709.8197539841032,720.2785618876901,706.09596986643,712.8309936523438,11179384,698.7563745117187,693.9611216116393,691.4972292992364,60.994071655321406,2.4638923124028906,-25473351.91941184,893117348.0,85.68577629949985,86.91109507285161,25.94897075703862,719.5378933070224,645.4904941441496,13.412033236724394,571.535712727873
2022-01-10,716.2558477523334,722.6920363714173,710.5092507710085,716.7845458984375,8856496,698.4396215820312,697.4724176557621,693.3703638621402,62.53583247396219,4.1020537936219625,-25205969.683710247,901973844.0,91.42469262631958,85.56205973816013,26.573361026001162,723.2532656608823,643.9818051398988,13.324229834130422,571.6713730827004
2022-01-11,717.887951688416,721.1749604859751,711.5666945867794,719.8877563476562,8389198,698.2837744140625,700.9209313006689,695.3346151573635,63.747093239440865,5.586316143305453,-19064546.77571314,910363042.0,95.9292657302099,91.01324488534311,27.15315199003781,727.6847678093858,642.4672829718642,13.058803838777948,571.8004214165825
2022-01-12,720.8531529412817,724.8298094284602,713.4975085235135,715.63525390625,21085530,697.8364587402343,703.184673239989,696.8383661757995,60.8440232078443,6.346307064189546,-32194853.069929577,889277512.0,87.05501556178315,91.46965797277089,27.90756474854773,731.0035034702132,641.752905221193,12.935482200647144,572.1247533436825
2022-01-13,714.8767003963131,714.8767003963131,698.970130376591,702.4640502929688,41963896,697.1123876953125,703.0738081712167,697.255083517812,52.82049845693902,5.818724653404729,-55723788.946984574,847313616.0,68.51132137290664,83.83186755496656,26.980707103285603,732.1792224854382,641.8598278075306,13.201885152719418,572.7107949791822
2022-01-14,703.3835015988868,711.9803886152278,698.326496031836,710.348388671875,11208968,696.7786254882812,704.1929744020872,698.2249579736686,56.517002791412374,5.96801642841865,-47194355.01088866,858522584.0,76.07290574567384,77.21308089345455,26.05575960835194,734.6983813485696,642.6552990713523,13.234171397767444,572.8681599441888
2022-01-17,703.3835162796788,715.3364387785491,698.3954809991654,699.475830078125,22989372,696.11248046875,703.4672598907084,698.3176151665913,50.62632267638957,5.149644724117138,-67251596.82208864,835533212.0,58.10859556982027,67.5642742294669,25.455554073290216,734.4755593842542,647.2846029692614,13.498941853597174,573.183802970752
2022-01-18,704.7627366212374,712.9918756894969,700.1654584958543,703.0387573242188,12341152,695.45966796875,703.4013364189408,698.6673294004896,52.37799891472333,4.734007018451166,-74063563.69627762,847874364.0,63.99548315298959,66.0589948228279,24.89822036216147,734.8028883868404,650.9775986737064,13.500163550581078,573.3539038852149
2022-01-19,705.2224593143161,707.8658942172218,695.7290688304922,698.0736694335938,14317626,694.9650012207031,702.5816953442719,698.623354588127,49.730210187302134,3.958340756144935,-82849411.24764201,833556738.0,49.45722014338841,57.18709962206609,23.87088705428767,734.4280895528682,654.7199023904911,13.402782253163114,573.5434822726658
2022-01-20,702.6709312814762,702.6939401190513,689.6376594157508,693.729248046875,15197846,694.5397521972657,701.2197803754416,698.2608281776638,47.469033488543374,2.958952197777762,-88521828.78539135,818358892.0,29.641192743177008,47.69796534651834,22.26711452245164,733.3662602308743,658.7653681870945,13.378032142458638,573.7358808134555
2022-01-21,689.5917407430613,703.2916524401379,682.971648808104,699.5218505859375,11537694,694.2942578125,700.9585604078255,698.3542372449433,50.688534646762186,2.604323162882224,-81265120.26374318,829896586.0,39.538769818244084,39.54572756826983,21.215943907901448,731.735556571387,664.1980310750973,13.873887248856875,573.8814278944814
2022-01-24,694.1659697812048,699.3609163734825,674.6735559391202,683.454345703125,11868508,693.68419921875,698.26560429941,697.250541575179,42.84468069964556,1.0150627242310293,-84690856.60028477,818028078.0,17.506869339575037,28.895610633665374,20.939754338349303,730.2171712516982,667.3645426154893,14.657773491568333,574.019178747969
2022-01-25,670.5818933255855,687.2929858034048,663.8468705686398,684.097900390625,13594248,693.0479345703125,696.0859575442123,696.2762718578047,43.22365424950132,-0.19031431359235285,-74801681.53433806,831622326.0,33.207697432450104,30.084445530089738,21.44851660644458,729.0993826615392,669.7350777876796,15.285512187510951,574.1661044363476
2022-01-27,666.6053142527512,682.6957873554038,659.7093972087572,678.0755004882812,28617838,692.3762707519531,693.315117997146,694.9280665711733,40.51626638363836,-1.612948574027314,-57688270.30455281,803004488.0,28.20329702084896,26.3059545976247,22.181165195130955,727.8031664992521,672.0013256882479,15.935725829965012,574.4595251550526
2022-01-28,679.2477759552393,683.4772489653191,671.2025400302196,672.6966552734375,24925208,691.7551770019531,690.1430468088831,693.2812953639336,38.21399967739755,-3.1382485550504953,-76545532.67584841,778079280.0,19.94345186400839,27.11814877243582,22.765562384971478,727.6836167529038,672.2013197705337,15.674224623188906,574.7195750907008
2022-01-31,677.0641254919334,685.7070306822374,674.3287674970902,683.017578125,12842546,691.2614294433594,689.0468208575165,692.5210200129015,44.70653324028003,-3.4741991553850085,-69774109.76715204,790921826.0,35.79243454050284,27.9797278084534,23.025340385909878,727.4405685021944,672.7339920446806,15.483949679303974,574.8599443183679
2022-02-01,693.4993941740904,697.4070805184589,677.3859121534891,688.2125244140625,14739484,691.0927099609376,688.9184675585236,692.2018721907652,47.68632921649824,-3.283404632241627,-68572598.18887864,805661310.0,43.76988141466545,33.16858927305889,21.943728020832573,727.4035315264457,671.7297448407419,15.8080367282801,575.0306552899858
2022-02-02,695.0854205674714,705.6821687411658,692.1661602789126,703.9351806640625,13969290,691.2366040039062,691.2287311132219,693.0710061517502,55.50225234428623,-1.842275038528328,-58214460.570701,819630600.0,79.50410844664076,53.022141467269684,20.58687910084132,727.4970601052386,671.7580363303083,15.926722985338902,575.2104817610177
2022-02-03,702.8088621731215,707.9577909969972,693.7292382791433,696.6484985351562,10564762,691.2117785644531,692.0625414858272,693.3360055875581,51.650748858310834,-1.2734641017309514,-64444095.810811125,809065838.0,66.4049359519754,63.2263086044272,19.5271029155601,724.854021248573,672.125422110802,15.80542510908998,575.3448965792148
2022-02-04,702.6479354838393,704.6937016144179,696.0738059196552,700.6251220703125,11579958,691.19384765625,693.379861575748,693.8759401418362,53.54535177184683,-0.49607856608815837,-63795588.00667038,820645796.0,73.55365970742989,73.15423470201536,18.54302502922754,724.1638385795108,672.0915264107235,15.292173008066602,575.493100994911
2022-02-07,695.1543539860351,698.3264868419905,671.202548248391,674.9493408203125,12268042,690.9938659667969,690.5443968441425,692.4739698217234,42.079778669960504,-1.9295729775808468,-72674313.33505197,808377754.0,28.602167252906938,56.186920970770736,18.831593698144964,723.2102723725571,669.2569273344742,16.301487351913377,575.6259520509641
2022-02-08,678.7421627960995,679.684571153024,664.0998429933877,672.0531005859375,13981130,690.6316003417969,687.6995820351879,690.9613128412948,41.012959766865144,-3.2617308061069252,-72385636.74157964,794396624.0,25.583656590427125,42.57982785025465,19.520513172128407,721.203697183778,666.7903579920034,16.250290266750724,575.7633320537301
2022-02-09,677.6387774253711,689.4537594416541,674.4206828243009,688.4883422851562,11308342,690.668837890625,687.8209297659522,690.7781298371365,48.925999211654094,-2.9572000711842747,-62529727.620920315,805704966.0,59.64746764982169,37.944430497718585,19.23029715352528,716.9698112957046,667.8843024738267,16.33245945167686,575.8881919180533
2022-02-10,696.0278919983073,705.9120397380455,690.3502648693042,701.130859375,14314530,690.856865234375,689.8686112442672,691.544998691793,54.034154757882476,-1.6763874475258262,-57011154.42141358,820019496.0,85.85044788856533,57.02719070960472,18.03333909134829,714.23337446103,669.1702998553762,16.41040502319203,576.0676943863755
2022-02-11,689.7066423739628,701.0849055959295,689.3618465187517,698.257568359375,10711104,690.7934228515625,691.1592200312069,692.0422260745769,52.74305365012403,-0.88300604336996,-51466603.44898707,809308392.0,79.89524235729782,75.13105263189495,16.849091863859226,713.6933982141604,669.2896279088864,16.07887701126748,576.1985156193693
2022-02-14,684.9943785695649,689.3387835564718,675.4780361605724,677.5007934570312,14656620,690.4270190429687,689.0579236351799,690.9650829177217,44.47548951902049,-1.9071592825417838,-61845418.76795009,794651772.0,36.87458763157934,67.54009262581415,16.48928819981668,711.0662432517232,668.6320233498392,16.557495238948558,576.3540654919794
2022-02-15,678.5581978118065,701.0388972964674,677.2020233193808,697.7748413085938,13135066,690.5557421875,690.3989878926282,691.4695094651937,52.33471534453345,-1.0705215725655535,-52307602.21178477,807786838.0,78.8947384795938,65.22152282282364,15.314981715031994,710.8393189110262,668.6888488135831,17.077450863101276,576.5080283028014
2022-02-16,705.383323128273,705.5672254680348,692.8097792997743,696.8323974609375,10032264,690.4642565917969,691.3887432108296,691.8667604278414,51.96648626512889,-0.47801721701182487,-56013213.238811836,797754574.0,74.63311887016668,63.4674816604466,14.526848361405817,709.9117511964638,668.9957805418175,16.768879099184083,576.6318444623755
2022-02-17,695.6141484219431,699.7057372155555,690.5111808789516,692.5799560546875,7351208,690.0293530273437,691.5720067252693,691.9195897335337,50.2485031814806,-0.34758300826445065,-60056377.638811745,790403366.0,64.93717640176843,72.8216779171763,13.62650231161536,709.3116761656744,669.0464842347163,16.22785604471407,576.7193347302344
2022-02-18,688.810206030552,697.4070937030411,685.201297796056,695.2693481445312,7796128,689.8960327148437,692.1408284820789,692.1677199862002,51.34405249953374,-0.02689150412129493,-54991106.05040173,798199494.0,71.06922820141581,70.21317449111696,12.903786350167298,709.469327608668,669.0428428014882,15.940566034876289,576.8106857935016
2022-02-21,691.4306466021491,703.7053570429837,687.545968940895,699.751708984375,7468066,689.8918957519531,693.3117331747399,692.7294969490279,53.19402164180265,0.5822362257119948,-51177399.294195764,805667560.0,81.28940731119735,72.43193730479385,12.20261445618993,709.5044028771638,669.0307533728362,15.956196182534315,576.9013584752279
2022-02-22,684.9024763785653,699.7516501590827,684.0519350812251,694.5107421875,9536196,689.8877563476562,693.4961960997799,692.8614410407665,50.76366079497247,0.6347550590134006,-48007984.52393452,796131364.0,69.33953953251407,73.89939168170908,11.380517597292618,709.9957803906175,669.6450155078201,15.937880305435428,577.0128718924403
2022-02-23,701.1308218912036,701.4066473337432,687.591861298237,690.0054321289062,9029562,689.873505859375,692.9591554888763,692.6498848250732,48.703659520932725,0.30927066380309043,-53882450.61424658,787101802.0,61.95701530278589,70.86198738216576,10.650185107259302,710.1196371434448,670.1119119288207,15.786230714726202,577.1184725086869
2022-02-24,666.5592944198044,678.0754412049615,646.9059325626913,652.53759765625,23630766,689.1324243164063,686.7404542838568,689.6786042940493,35.721151551048166,-2.9381500101924303,-68974066.28347892,763471036.0,9.544207139139907,46.94692065814662,12.170574419859864,714.2763106739534,663.401448115109,17.73717848983254,577.3135161541727
2022-02-25,661.9849920882874,673.9149616097556,658.7209360853279,669.4096069335938,18318654,688.7278637695313,684.074170076124,688.1771970821637,43.07917376520548,-4.103027006039724,-61519160.44912499,781789690.0,38.13787326119668,36.54636523437416,13.582364495846102,714.5654502709364,662.7836036841417,17.997191737237756,577.4791148244713
2022-02-28,655.5718356293821,661.3414419039209,650.0781109271187,655.686767578125,24880832,688.2975573730469,679.7068773841241,685.770498600383,39.153407584086736,-6.063621216258866,-61620814.03968614,756908858.0,14.881230834867381,20.854437078401318,15.255918582157088,716.873311019829,657.7426618805617,18.09249918504042,577.6740399099676
2022-03-02,637.4126720931588,642.8834448012304,622.6554191451909,631.781005859375,38505560,687.8249572753906,672.3336663803166,681.7712769158638,33.4369497190836,-9.437610535547265,-65383900.13410209,718403298.0,10.960794047611534,21.326632714558528,17.723667601724458,722.6799797581971,646.2928412867248,19.159559845604257,577.8844325710853
2022-03-03,634.8840821291911,639.9410878521609,626.5630202997642,630.2868041992188,17527922,687.1739831542968,665.8649183524554,677.9576122701865,33.1115417711045,-12.092693917731026,-73154031.11101781,700875376.0,9.204219992883287,11.68208162512073,20.015148834179872,724.5804286318956,637.0275547665418,18.746596110375148,577.9793620852492
2022-03-04,625.229786978595,637.1827093767151,614.6100863794726,628.218017578125,21219364,686.45037109375,660.073087464097,674.2731978485523,32.63793774946002,-14.200110384455343,-68789160.13518576,679656012.0,14.960817078253497,11.7086103729161,22.476777667595467,726.0897194600929,628.6752158426415,19.01988374515139,578.0820457530687
2022-03-07,606.1510559247499,612.5182742227764,596.2899178493867,609.04736328125,27054458,685.3534606933594,652.2229760513512,669.4416545472706,28.56115421236896,-17.218678495919335,-53307484.01508639,652601554.0,11.674377517044752,11.94647152939384,25.1957162155917,728.6106099202814,616.9965495035467,19.941899172550453,578.1567813906312
2022-03-08,598.657438670141,613.2768032031366,593.9682381847471,610.426513671875,39212492,684.3319458007812,645.7927510698934,665.0701626305746,29.24586339624878,-19.27741156068123,-25671922.28782632,691814046.0,14.747692508489816,13.794295701262683,27.770768943358174,731.6262214517552,607.5286552572292,19.89666101868182,578.2641563718571
2022-03-09,611.4379640401155,631.9877739177274,606.3119879297907,630.3557739257812,23134694,683.599599609375,643.4178315092607,662.4987264302196,38.42938865485244,-19.080894920958826,-5478195.348341268,714948740.0,33.15882184590727,19.860297290480606,28.61649915011165,731.8284626639556,603.1566813790132,20.309455659342884,578.3658474042455
2022-03-10,656.0315642530571,656.0315642530571,634.5392898109895,640.2628784179688,22273206,682.9734484863282,642.9324541106005,660.8516265774603,42.42972184300125,-17.919172466859777,-15888285.748721473,737221946.0,42.186855928874174,30.03112342775708,27.84014365152185,729.7030957705133,600.4595018857367,20.692765278480955,578.5086907906943
2022-03-11,638.102199974726,647.7334751419713,631.068342037444,642.1478271484375,15150780,682.4489013671875,642.8117422702677,659.4661599530881,43.18605841661353,-16.654417682820394,-10893671.124260236,752372726.0,43.90455067982149,39.75007615153431,27.25888009150554,725.2705770411831,598.9937173924106,20.40507726605569,578.6006001890759
2022-03-14,650.5148355767824,666.6053085415791,650.5148355767824,663.1803588867188,25018126,682.2746643066406,645.9453755958756,659.7412858000238,50.93227122737505,-13.795910204148186,3473951.0407786015,777390852.0,64.42027692907102,50.17056117925555,25.67460450907729,721.3156952328621,599.4408782534659,20.694534703704687,578.8002303832161
2022-03-15,663.6170352550035,666.3754018719277,649.0206785737798,654.65234375,18867928,681.7652844238281,647.2849091580487,659.3643271296517,48.07037982225979,-12.079417971602993,-3148566.734055834,758522924.0,56.48269184728519,54.935839818725896,24.27338659655619,719.7012963186115,598.7704321970135,20.45597674616491,578.9438385503995
2022-03-16,665.226123585916,668.903945969252,660.2610409207658,665.7548217773438,13364108,681.1078735351563,650.1264341764017,659.8376971035548,51.86264723142791,-9.71126292715303,476862.992845166,771887032.0,85.3512909891242,68.75141992182681,22.83255399728338,715.5767692629785,599.6929572995215,20.012807137099706,579.0560493884682
2022-03-17,676.7193954094867,684.9025735896688,676.0528124744293,680.4202270507812,14823954,680.6619384765625,654.787017695537,661.3623289514975,56.39268652914506,-6.575311255960514,284344.10972825816,786710986.0,95.07078759752507,78.96825681131149,21.738735571936882,712.9490576791472,600.6794518423371,19.951017471044374,579.2025476806164
2022-03-21,683.6152398769918,686.6724409765259,677.0871275524438,683.3853759765625,12257876,679.9415454101562,659.186765123387,662.993665768169,57.26828938618231,-3.80690064478199,4135101.1370172244,798968862.0,96.45424381961799,92.29210746875576,20.809744842734908,711.4511546408581,601.2578968728138,19.210610039118496,579.3256619347636
2022-03-22,680.9947918882302,688.6722234672217,669.9153073497076,686.9022827148438,10461814,679.5222729492187,663.450690906688,664.7646744308856,58.336849525853324,-1.3139835241976243,12622519.04478242,809430676.0,98.13108102357182,96.5520374802383,19.526381360991827,709.9611560326377,601.9111889380654,19.178203330432464,579.4299436830686
2022-03-23,692.8097528093707,698.23456296979,677.4548339917638,680.0523071289062,31188256,678.86669921875,666.0047857101063,665.897091667776,55.42946653607174,0.10769404233030855,-10768651.897949858,778242420.0,82.56171791000733,92.38234758439904,18.835533926404985,706.4019120595951,603.5004927255611,19.292598019546297,579.7499008932422
2022-03-24,673.960951208345,675.6389688932259,659.5025344230429,663.226318359375,20160044,677.7955346679687,665.5773291946092,665.6992566078944,48.97303503359393,-0.12192741328522061,-21624081.77868252,758082376.0,66.42420773668918,82.37233555675611,17.785406712886065,701.740806743653,605.0331556586908,19.382396211426087,579.9183870310363
2022-03-25,667.0650415336788,667.524769336252,652.3537518513372,657.8245239257812,16366462,676.5542700195313,664.3845899224818,665.1159430758861,47.07718291782923,-0.7313531534042568,-26186828.786450688,741715914.0,61.243441612314726,70.07645575300374,17.164848885614994,697.2036168919315,606.3522546900997,19.08158344524671,580.0437947756162
2022-03-28,657.8245649788065,661.0886213569536,644.3545170751372,658.6980590820312,15754886,675.4155261230469,663.5097390239509,664.6405442615264,47.43158749214791,-1.130805237575487,-14933293.499106092,757470800.0,62.08123383147167,63.24962772682519,16.96995853671648,697.6115032816193,606.56041444299,18.913906362144548,580.1572722089703
2022-03-29,662.4677179192116,671.3174775097355,657.4107124389122,667.4328002929688,12377448,674.7149011230468,664.1132869114921,664.8473780416333,50.96744858274176,-0.7340911301412234,-9470809.547530673,769848248.0,66.49162334342994,63.27209959573878,16.177357298748,697.3701491574809,606.6040879030659,18.556253412764452,580.2589093491681
2022-03-30,676.7192431483339,681.6613164254023,668.4671525426405,678.994873046875,20109742,674.0878308105468,666.4027617015511,665.8953406346142,55.2574857680312,0.5074210669368995,2510870.8524691127,789957990.0,71.35511026845711,66.64265581445291,15.172104263478206,700.0282432253366,606.2768043820852,18.247129321312247,580.4447709697241
2022-03-31,676.2595276239555,682.5577754199878,673.914927297212,675.960693359375,14295714,673.6175280761719,667.8732127258318,666.6409223179297,53.924118167375845,1.2322904079020418,-5017239.200281201,775662276.0,66.83769117686312,68.22814159625005,14.287486416735462,702.1643797494378,608.558636607984,17.561109235702503,580.5779753345512
2022-04-01,678.7421653936029,694.1890089382056,675.9378369124446,692.35009765625,14568556,673.4037548828124,671.6388873305115,668.5453056763239,59.59557079390828,3.093581654187574,6615584.020214237,790230832.0,89.07858147514315,75.75712764015445,14.083362683514716,706.4216666866054,610.5076790165195,17.610399434992395,580.727336723543
2022-04-04,726.3699445039848,791.6972555042221,718.3477166151797,761.6770629882812,97450970,674.6758227539062,685.4909143547837,675.4439543660985,74.11163715196051,10.046959988685217,24297903.13092522,887681802.0,79.62560433177414,78.51395899459347,16.710671686065563,728.9290630599097,601.3461871842309,23.448739321633802,582.3615548166035
2022-04-05,766.2283063925074,766.2283063925074,736.483940002356,739.3572387695312,30922582,675.5883825683594,693.7780411878218,680.1782717293158,65.90254016543389,13.599769458505989,-650450.6355297416,856759220.0,64.47736936837119,77.72718505842948,19.15031575986278,737.7744288729266,605.5318089200421,23.89842696938506,582.8448569230819
2022-04-06,729.9097683771158,730.8752416031566,711.3597638172394,712.9688110351562,27027860,675.8573217773437,696.730467318181,682.6072005667855,57.756981168672375,14.123266751395477,-23221427.39482016,829731360.0,46.56781507630433,63.55692959214988,20.15027451693518,738.8973509822786,614.6631165470183,24.191216111021266,583.1910302185613
2022-04-07,708.5784537682762,708.6014064859377,695.8899220732383,697.2921142578125,40781732,676.1340771484375,696.8168745396628,683.6949719513061,53.52448148439125,13.121902588356647,-55005968.50393233,788949628.0,35.92820233088977,48.99112892518843,20.391739432007636,739.0068679418474,621.2472336206525,23.683192743228176,583.6416789200051
2022-04-08,695.154392857636,701.4296885307099,688.3504551116031,696.3267211914062,41256322,676.3786535644531,696.7414663322387,684.6306570802025,53.26561626383356,12.110809252036233,-45942613.31775822,747693306.0,35.27299999333386,39.256339133509314,20.293618620998227,739.2334998491419,626.6269859907018,22.925767077219508,584.0738524441651
2022-04-11,692.3500850694177,694.188996317942,686.4885554647464,687.82177734375,20799066,676.5735791015625,695.3692064878559,684.8670363589837,50.92873789298257,10.502170128872194,-59539554.04137668,726894240.0,29.500782143758858,33.567328155994154,20.120706922784798,738.3302277448375,632.0976531145374,21.990938409322393,584.2790412215973
2022-04-12,682.2360405834136,692.7408093645306,680.4660998151569,686.6034545898438,27435402,676.8517150878906,694.020629272777,684.99565993164,50.58636590692355,9.024969341136966,-59539554.04137668,699458838.0,28.673919030655647,31.149233722582782,19.687099931442837,738.5305070055326,634.2396834241549,21.2969220621832,584.5410642240078
2022-04-13,684.9944141549738,690.6490884778591,672.4208701927979,673.4782104492188,28892520,676.660927734375,690.8602571460757,684.1425155255347,46.92635915131782,6.717741620541005,-85080213.31338872,670566318.0,19.76595092814743,25.98021736752064,18.92133313617497,737.7993899467442,636.8533871528653,21.07772893524591,584.7947024420863
2022-04-18,652.2847407419255,658.1692786951995,639.0446145257282,641.527099609375,45620376,675.7272192382812,683.2705406019679,680.9858180502637,39.444665256828586,2.284722551704249,-118857045.08936599,624945942.0,1.6262313365390988,16.68870043178072,18.221975006585147,739.6696709558039,632.5603339270085,22.031719434406245,585.0545602970333
2022-04-19,634.8381303950838,638.8147870898546,610.0587907453565,617.046630859375,74096022,673.9894482421874,673.0822467954151,676.2495819620498,34.858868411080735,-3.1673351666346434,-156941714.97915742,550849920.0,3.8471147195034856,8.41309899473,18.445193391229093,744.3917642039617,621.5008810597103,22.705761536521404,585.3063913542804
2022-04-20,622.6782892739336,625.1838394272831,613.8974996163051,622.609375,49325736,672.5086657714844,665.3171895961206,672.2762332981943,36.660859912092846,-6.9590437020737,-130118819.54719375,600175656.0,6.9096511420667515,4.127665732703107,18.65246760554133,746.7407176539003,613.0743275121152,21.89008855612545,585.4657662270428
2022-04-21,627.528460498238,634.3324545322395,622.1496675701858,631.826904296875,52446270,671.1327014160156,660.1648380116212,669.279986705504,39.6404306296421,-9.115148693882816,-99245078.81357384,652621926.0,11.984308268855258,7.580358043475161,18.438388207134405,747.0744718177473,607.2330355064714,21.196709870834606,585.6760922952744
2022-04-22,625.229844913249,632.2866558360563,620.2418092125813,623.20703125,20659148,670.0978552246094,654.4790215867564,665.8671751902815,37.84739644237097,-11.388153603525097,-109732414.28015348,631962778.0,7.238687313338855,8.710882241420284,18.302400984463706,748.04725068247,600.575729053858,20.543005353166063,585.7505084279518
2022-04-25,620.6325172788818,630.1259073781188,607.8750710903714,627.8732299804688,20935488,669.2142578125,650.3858228780969,663.0528088784436,39.44420539432699,-12.666986000346697,-93035949.03116287,652898266.0,10.87907803612767,10.034024539440589,18.580519464281128,748.9060656752202,596.1816052232172,20.664993277064724,585.8193822640775
2022-04-26,630.7465224130534,635.3207914362604,623.9195760145485,630.76953125,17016842,668.0598815917969,647.3679318583896,660.6614549800404,40.46660221348884,-13.293523121650765,-89605040.21912728,669915108.0,14.457841745984055,10.858535698483522,18.57891632098343,749.4825754597261,592.8995961711332,20.00329485882523,585.8875916487635
2022-04-27,625.2298440136144,633.9646727167458,623.4368942665162,630.9994506835938,18054334,666.6572534179687,644.8497039853441,658.4642694765998,40.55240762578501,-13.61456549125569,-81720963.73808533,687969442.0,18.800282549867422,14.712400777326378,18.59470600567792,749.8920067375067,589.720304053509,19.326472258211254,585.9588528383778
2022-04-28,630.7465882221618,633.96468306003,626.1952714419242,630.44775390625,20773722,665.3010571289062,642.6340193577912,656.3889720269443,40.40193219426636,-13.754952669153113,-79754253.67810479,667195720.0,22.409911695121767,18.556011996991074,18.60936727411441,749.8638920287628,586.049914123581,18.50096792677515,586.0419411179871
2022-04-29,634.5852803149297,645.8026502619363,630.5397092009904,636.5391235351562,28401476,664.4818237304687,641.6963430773858,654.9186128794045,42.92035924068675,-13.222269802018673,-85828155.77927612,695597196.0,30.638843094050845,23.949679113013342,17.961933671121834,748.6820362181645,582.9861949830074,18.27624852884023,586.1740482951151
2022-05-02,626.1722674322582,646.5841366938004,626.1722674322582,645.3198852539062,19494316,663.432724609375,642.2538111045427,654.2075960182565,46.43423519897743,-11.953784913713775,-68748681.53207782,715091512.0,43.38212410663733,32.14362629860331,17.554719591883313,747.4768704963254,581.1272798942995,18.42879286689037,586.2673720753174
2022-05-04,643.6188914431232,645.2739002258685,620.6325024630116,623.390869140625,29055916,661.9638940429687,639.3518200331707,651.9248755088023,39.83828370006964,-12.573055475631577,-91299538.74821758,686035596.0,18.282758585248757,30.767908595312306,17.423480216236022,744.8058848334385,576.902342705624,18.875835004319242,586.380839405556
2022-05-05,632.1257910277437,632.1257910277437,619.0235473591687,621.98876953125,17862912,660.5520703125,636.6805814944137,649.7073861771318,39.45239951139003,-13.02680468271808,-101077193.8929544,668172684.0,17.05088007847743,26.238587590121167,17.374891418371977,725.4365996177729,582.3027985755865,18.46343562319466,586.4416789951952
2022-05-06,611.4379403172883,613.7365791906616,603.6225681478193,605.7373046875,26731268,658.7614294433594,631.9200773702731,646.4503431038257,35.19682516105988,-14.530265733552596,-116629990.96739528,641441416.0,3.876927716555586,13.070188793427254,17.99275264207504,709.9979371658495,584.3794676193066,18.45649032035438,586.4924893534147
2022-05-09,597.6461428656913,609.8289296241073,595.5773677557717,606.771728515625,32762434,656.9018298339844,628.0511006234042,643.5111864676627,35.67245862206684,-15.460085844258515,-97923749.61024086,674203850.0,21.946814105112335,14.291540633381778,18.878313566440518,699.2680771019462,584.489619431257,18.15613828806733,586.5438023736614
2022-05-10,604.5650223948498,622.0116687035234,604.5650223948498,616.5179443359375,20113812,655.3419738769531,626.2767688868709,641.5116870504978,40.131071761336216,-15.234918163626958,-90477098.63986596,694317662.0,41.05450514932214,22.292748990330015,18.88296609252749,690.2117733245934,585.4685062164222,18.1054602895392,586.5936044730936
2022-05-11,622.011766352747,622.9312220310217,610.8174046935784,619.9889526367188,17102924,653.9416442871094,625.3094125406935,639.9174104272549,41.68136725191949,-14.607997886561407,-81682275.78363135,711420586.0,47.85950059021822,36.95360661488423,18.82708688143862,679.4557329743199,588.5907697112269,17.67748579296092,586.641203268718
2022-05-12,621.6358036950095,624.3179395488506,608.4135258735093,613.1425170898438,22382290,653.1537426757812,623.437582471332,637.9340849948541,39.50819693110261,-14.496502523522054,-90754341.97128725,689038296.0,34.436898670082556,41.11696813654097,18.889611797098585,669.2339311027736,591.3446455573826,17.550837784559516,586.6980737482492
2022-05-13,616.4363556213891,620.1771584496034,605.590290534628,607.6371459960938,16768238,651.9182934570313,621.0067460905261,635.6898672912422,37.80145791627979,-14.683121200716073,-102816681.52488798,672270058.0,23.64348593610049,35.31329506546708,19.08612394752192,656.7168723590236,595.9650734417577,17.339125651017792,586.7343599997506
2022-05-16,611.2368090683157,617.3538826001773,604.7903776297563,614.1071166992188,9804356,651.0867004394531,619.9452646457096,634.0911450251664,41.02580881524403,-14.145880379456798,-98079772.67703272,682074414.0,36.32801945553547,31.469468020572833,19.309524094201148,645.120880571263,601.6239558545182,16.998009888118016,586.756349780988
2022-05-17,617.636148674303,619.7065541167237,610.8603024261364,618.294921875,16641444,650.8169787597657,619.6913657579081,632.9210544214503,43.08253502026631,-13.22968866354222,-86749414.03180185,698715858.0,44.53831244796021,34.83660594653205,19.319372918731258,642.3809847498369,602.0406339025069,16.415741445437252,586.7997670446498
2022-05-18,623.0239590646073,627.3764921327102,616.4127912664588,618.2479248046875,15732384,650.576201171875,619.469297918951,631.8341559313197,43.0643839713514,-12.3648580123687,-97215141.11241008,682983474.0,44.44617355876768,41.770835154087784,18.700407890512718,642.386258395821,602.155489651054,16.0263099754954,586.846791134435
2022-05-19,605.2138221141896,610.013406585581,601.4965695303797,605.6138305664062,20537506,650.1241174316406,617.337687557021,629.8919096079927,38.38277768603625,-12.554222050971703,-97895915.63265947,662445968.0,19.676727265019498,36.22040442391579,18.978188585112953,642.8035359962569,600.0386576072588,16.078098925410572,586.8809042157867
2022-05-20,613.1190024102639,623.094515007076,608.1076959295309,621.5652465820312,13919350,650.3744750976563,617.9880812531765,629.2751197542178,46.317777950867544,-11.287038501041366,-86817251.483607,676365318.0,50.94986286591468,38.35758789656728,18.255153851206973,641.7527657644458,600.0632620675855,16.178283605071943,586.9185006941653
2022-05-23,618.2949798209535,625.8001356337082,611.283860875425,613.5895385742188,19486320,650.4377355957031,617.3113823794906,628.1132248519956,43.3142588102963,-10.801842472504973,-100113391.9501257,656878998.0,36.24432112901497,35.623637086649715,17.394460960108983,641.4802539708957,599.3740245935575,16.059568687444177,586.9697850389739
2022-05-24,611.7073573893473,623.4709604160655,610.2486821019278,620.6241455078125,12870796,650.2431030273438,617.8210382453864,627.558478233908,46.60317919809395,-9.7374399885216,-92784874.37799779,669749794.0,68.53039203813887,51.908192011022834,16.661786199373896,640.8403211449001,599.2890489722874,15.856905089350859,587.0049435120031
2022-05-25,625.8236631565022,628.6233776211527,622.6239402487878,625.259033203125,12887112,649.9430261230468,618.9653451619615,627.3881489723684,48.71451849909199,-8.42280381040689,-94351345.48277721,682636906.0,89.81921136096919,64.86464150937434,15.59463383028584,640.1312569763021,599.4470633361979,15.295642733921527,587.0484078169899
2022-05-26,631.5408272261135,645.116014139328,630.5291458400434,643.0926513671875,26992428,649.9619226074219,622.6772384243039,628.5514454460588,55.93435973888798,-5.874207021754842,-74847224.47565793,709629334.0,95.91558728416916,84.75506356109241,15.435907189487937,642.660720868135,598.1269195127244,15.621452605513056,587.1723385387326
2022-05-27,645.4924170673744,656.267830967601,644.9983227883399,655.0209350585938,24031718,649.7987341308594,627.6531917526562,630.5121483803207,59.99140361832495,-2.8589566276644973,-56133405.07140298,733661052.0,97.7234486183299,94.48608242115608,15.891913680909807,648.2564341488405,594.9885243472531,15.446718819434514,587.3084193970893
2022-05-30,663.5848608670228,668.407938210676,658.0324171443953,659.4911499023438,12624674,649.8955102539062,632.5513391603004,632.6587410856557,61.424757431597556,-0.10740192535536153,-65208180.14978242,746285726.0,86.67373200668364,93.4375893030609,16.888265724535184,653.5337862369037,592.0063748959088,15.299596271766493,587.3905476061
2022-05-31,656.832572073951,661.0204263795367,649.3509088106302,653.562255859375,13485388,649.6516589355468,635.7837878832349,634.2071495874127,58.4345601244522,1.5766382958222493,-68960235.36723454,732800338.0,77.81291483927953,87.40336515476434,17.134340597696117,655.3327681960707,591.0316299972887,15.040304935847923,587.4694708288258
2022-06-01,649.3509317854612,658.9735367480874,648.950980742908,656.3385009765625,12091896,649.1700244140625,638.9460514360546,635.846508949572,59.43048149452333,3.099542486482619,-63226513.567327484,744892234.0,81.96205297819947,82.14956660805422,17.3317279262428,660.0810060669102,589.5781553100429,14.681894297943034,587.5401967192122
2022-06-02,652.7622916372712,653.1151997062768,648.6920737535144,651.7506103515625,11475020,648.5373291015625,640.915983576902,637.0245905349047,56.99991874047684,3.8913930419972758,-58831866.27403477,733417214.0,75.10538464890399,78.29345082212767,17.493459178009573,663.4275049244654,589.2078405345189,14.179360935450541,587.6036211488522
2022-06-03,657.9618595064609,659.1146696133459,647.6098889681823,649.4920654296875,6957244,647.7891247558593,642.2353807850228,637.9481071937776,55.790277808287925,4.287273591245253,-63512706.87311411,726459970.0,71.72995687568601,76.26579816759649,17.983068886523046,665.6631157592245,591.3477057739786,13.98831948614433,587.642548663915
2022-06-06,647.6098361469636,652.6446347950481,640.2458098540657,648.6214599609375,6173266,647.1605078125,643.2178545043943,638.7387259172709,55.3030760276526,4.479128587123341,-61345647.676369876,720286704.0,70.42882451817923,72.42138868092307,17.794081221664204,667.3353651108686,593.8604295668657,13.87478416148991,587.6744255274451
2022-06-07,640.8811371441979,646.6688532087338,637.1638268432057,641.1634521484375,10253966,646.7192504882812,642.9017926034778,638.9183352677277,51.17986462556005,3.9834573357501313,-62970069.619275026,710032738.0,59.28272489475873,67.14716876287467,17.358035590123254,668.2478154609945,595.41252999799,13.702130515507188,587.7224060981954
2022-06-08,646.1982799744096,649.8214468179544,638.5283876408141,643.4220581054688,5986588,646.431201171875,642.9818334499379,639.2519443668197,52.33878537556292,3.7298890831182234,-63768269.17286392,716019326.0,58.56421274609055,62.75858738634284,17.16550696687782,669.327921385746,596.6757346201133,13.530053991338125,587.7515504908187
2022-06-09,640.9987319931441,650.3155286106743,638.598968452104,648.2686157226562,7311816,646.2226123046875,643.7951845688176,639.9198459487335,54.817370590975216,3.875338620084108,-59011238.912476905,723331142.0,65.37211127604087,61.07301630563004,17.021171433061372,670.4650390995236,599.0512267696171,13.40051871756899,587.788247186265
2022-06-10,639.987033225114,643.6807930047725,632.2230554015977,635.7521362304688,9155430,645.5889990234375,642.5577925167639,639.6111267103435,47.890715400908455,2.9466658064204694,-62526767.98053054,714175712.0,43.8510665969553,55.92913020636224,16.288347332336922,669.6327731228715,602.6949917697067,13.58945026067539,587.8273926312017
2022-06-13,622.8121226657825,625.8236162166723,615.6128328226062,624.2237548828125,10892572,644.4935766601562,639.7371713423098,638.4713213897855,42.55681052820879,1.2658499525242632,-55047568.70552862,703283140.0,16.310076468096547,41.84441811369757,15.935368442356097,669.0789156051421,604.2605131057953,14.057296914045905,587.8594528095283
2022-06-14,617.0009737479978,623.9414994774795,614.0600730151665,617.3538818359375,11870356,643.3214404296875,636.2935883413294,636.907066608019,39.71793919865665,-0.6134782666896399,-59004354.03886195,691412784.0,6.060603869024018,22.073915644691954,15.713916059074894,669.1409825364947,604.1043421705365,13.779181553588769,587.8908023204567
2022-06-15,612.48376917535,619.1419800035252,610.9545007756386,615.212890625,11810470,641.7786962890625,633.0504040772787,635.3000906092769,38.84818168443859,-2.249686531998236,-58529336.85426256,679602314.0,7.411897424199106,9.92752592043989,15.725567224336714,669.3570551782675,603.584766110795,13.379774244610042,587.9185191895773
2022-06-16,616.4127963751416,621.3770598102857,601.3553845552908,602.908203125,12169192,638.6033190917968,628.4131423923127,632.9006915363675,34.21134294019092,-4.48754914405481,-68810919.8429994,667433122.0,2.315823164155475,5.262774819126199,16.361771450158468,669.7464731276231,602.9247854172987,13.854195745351817,587.9401454968302
2022-06-17,599.9437515900611,611.236810443521,598.3438900979273,606.88427734375,14723922,635.9538598632812,625.1010093079184,630.9735497443218,36.8349379778369,-5.872540436403369,-64028323.182118356,682157044.0,13.626131487946628,7.784617358767069,17.13540316600651,670.87157887771,600.3315827433838,13.785533216797663,587.9623765949136
2022-06-20,613.9188539422757,623.4709219869943,608.9546482346617,622.1298828125,15936840,634.1370812988281,624.6439129240079,630.3184633049276,45.76580910611669,-5.674550380919754,-51036030.40164344,698093884.0,39.140509475508324,18.36082137587014,16.678277326313676,670.4180545108666,601.6391415340554,13.985612604400997,588.0037619561978
2022-06-21,629.0704406715884,637.1167335737324,623.0239602640443,628.90576171875,13220684,632.7693542480469,625.2995819693527,630.2138187429885,49.203422184570336,-4.914236773635707,-53221067.02768797,711314568.0,50.29040579127115,34.352348918242036,15.784087734401506,670.2751542648169,602.6102034011986,14.057129615603241,588.0510533380575
2022-06-22,626.8823723724026,629.0939066494974,622.6239253245805,625.9412841796875,8159698,631.3616455078125,625.3983053863273,629.8973347012624,47.77661140133512,-4.499029314935115,-53013307.67165094,703154870.0,45.412275935605294,44.94773040079493,14.922307647258558,670.2654405291164,602.6881422345555,13.515190451982791,588.0775313024251
2022-06-23,626.0589675758252,634.2934898851654,620.4124379922779,628.2470092773438,15372244,630.1701501464844,625.8365675234068,629.7750883735647,49.01500166430061,-3.9385208501579427,-51033128.76324939,718527114.0,55.069445817383055,50.2573758480865,14.506406198885973,669.5614337951853,601.9075847595021,13.541323412047415,588.1296366225699
2022-06-24,629.8468463097182,640.7164038472731,629.8468463097182,637.0226440429688,8013432,629.1785339355469,627.5575023725701,630.3119443490762,53.53154716474861,-2.7544419765060866,-48466044.126305856,726540546.0,74.4228103094244,58.301510687470916,14.569502896724691,667.4989491805031,602.1702402726219,13.464757066181841,588.1623762775565
2022-06-27,644.6454578593031,647.4687226382489,636.1756635224655,638.1754760742188,9804164,628.4724792480469,629.1910367882084,630.8944281805682,54.10670285211479,-1.7033913923597765,-54797900.04297258,736344710.0,76.64100481750644,68.71108698143797,15.067163012369198,664.4780869529268,603.0595351173856,13.309635784010526,588.2063493720126
2022-06-28,632.4113135478273,635.7051224725554,629.7762778959385,633.3053588867188,9770574,628.3080444335938,629.8240094187485,631.073015640283,51.22237277741372,-1.2490062215345006,-52936815.79090654,726574136.0,67.27028392652372,72.77803301781819,14.930003978514133,662.0926850661299,603.419247306917,12.958890240744077,588.2436883750106
2022-06-29,626.4118689120387,635.5874793862432,626.4118689120387,632.3877563476562,9994046,628.6148669433594,630.2184320231959,631.1704038408292,50.6742459458265,-0.9519718176333072,-49913026.28224267,716580090.0,69.30072732927036,71.0706720244335,14.498648942636432,658.8294138879822,604.2874440221741,12.688655971705538,588.2805655798089
2022-06-30,628.6469277401707,637.1167216767897,628.6469277401707,634.29345703125,12475822,628.8485485839843,630.8453589475118,631.4017411141938,51.82718969457983,-0.5563821666819422,-45754418.948909335,729055912.0,73.18002947656939,69.9170135774545,14.215760065323002,656.3879123302203,604.9832302479048,12.387308683485072,588.3285231213309
2022-07-01,632.3877898443219,639.9400464566021,625.8472720857912,636.9991455078125,11472452,628.9519934082032,631.7920953414042,631.8163636618692,53.48943009097174,-0.02426832046501204,-39070143.369533,740528364.0,78.68781105392475,73.72285595325484,14.17480496709007,654.4798729366553,605.6419776492821,12.509127661151199,588.3734229942451
2022-07-04,636.9755929203204,640.0341298955178,631.5878853782613,637.8931884765625,8487480,629.2457165527344,632.7307250545055,632.266498833328,54.05359833618656,0.46422622117745505,-34885450.82434307,749015844.0,80.5077520542654,77.45853086158651,14.144446710350133,652.7302055419892,606.3188178955107,12.218921722301582,588.4082049177244
2022-07-05,641.8222226273384,649.0450638647591,634.4347024247918,636.4580078125,14325718,629.417412109375,633.30415317112,632.5769809799334,52.94339724940947,0.7271721911865825,-45243395.332730755,734690126.0,75.17403421438458,78.1231991075249,14.816686100506223,652.1103810269774,606.4680979769289,12.38973884499199,588.4710305878784
2022-07-06,634.2934314821673,646.2452628214303,633.8699303145015,645.2335815429688,15049078,629.7066931152344,635.1394498437121,633.5145069475657,58.54949302349411,1.6249428961464218,-32654836.347017154,749739204.0,92.48245742925235,82.72141456596744,15.373698176105263,652.4377596546288,606.3218716930274,12.38870982084462,588.5391692037093
2022-07-07,649.350902199102,657.8206965756121,646.7393592905571,656.7855224609375,17743142,630.2224145507812,638.4696148617468,635.238285874482,64.53857490282343,3.23132898726476,-18226680.767684575,767482346.0,97.88160870416206,88.512700115933,16.68635218505195,654.499802078233,605.1115199432513,12.402881621687389,588.6373367044735
2022-07-08,663.4672477857881,663.4672477857881,656.2914495384596,657.397216796875,12474030,630.7614038085937,641.3815536209972,636.8796881650296,64.82836738538347,4.501865455967618,-26856295.56004496,779956376.0,85.90161931262772,92.08856181534738,18.23783205971146,658.2795594688145,603.4962706093105,12.0295185235189,588.7117440647099
2022-07-11,655.9385169831085,663.4201801353003,655.5856088857358,661.6556396484375,7462880,631.2637341308593,644.500643779065,638.7149438304672,66.85884223601846,5.785699948597767,-22755068.28847741,787419256.0,95.79232112268284,93.19184971315754,19.58583000076944,663.0372088928185,602.4818096618691,11.729879432522152,588.7569231304786
2022-07-12,661.2321772898882,661.2321772898882,653.7740638818249,654.9033813476562,9876974,631.4554040527344,646.1010649434636,639.9140873502589,60.85931419061425,6.186977593204688,-29640873.171713114,777542282.0,80.10938503920015,87.26777515817024,20.59023830845257,665.5116176523677,603.7623508534916,11.455000599242899,588.8136347454448
2022-07-13,654.0563502140108,656.0326126129702,637.2343973218159,638.9283447265625,15945610,631.7661535644531,644.9975695254789,639.8410693781332,49.53423612429605,5.156500147345696,-42712697.09593475,761596672.0,34.77161374341967,70.22443996843423,19.62413573228461,665.4173989089907,606.228115007025,11.979515934379426,588.8880579579637
2022-07-14,640.8811342125564,645.8924409129057,634.8816962821525,635.7286987304688,10372410,632.0409521484376,643.5715894031696,639.536449330158,47.62274059270035,4.035140073011576,-51489310.088636555,751224262.0,26.266435479591035,47.049144754070284,18.50091625681365,662.927465318506,612.0000981580564,11.910317984120415,588.9317825007237
2022-07-15,636.646155051921,642.2456412220887,633.7288046638324,640.9046020507812,13595646,632.7442980957031,643.1612836566483,639.6377939761302,50.92205066392709,3.5234896805180824,-42175134.965884954,764819908.0,40.02482639825644,33.68762520708905,17.34390332967857,660.4291340230757,617.90046192419,11.667926453701549,588.9891224145782
2022-07-18,634.2934479438144,642.8102846812797,631.4937335195518,634.0817260742188,20332220,633.290498046875,641.7644286439668,639.2262333908034,46.74224637745893,2.5381952531633942,-53207766.561635494,744487688.0,21.888514905202847,29.393258927683434,16.16768656027915,659.70915376212,619.8156265113175,11.642828218560568,589.0697847017582
2022-07-19,629.1174811599436,639.2577298043892,629.1174811599436,634.3170166015625,15792538,633.6464794921875,640.6186729451352,638.8625877027114,46.90410381754244,1.7560852424238647,-52804673.87774857,760280226.0,22.513955307451084,28.142432203636787,15.318780017322583,659.5249436668172,620.5409620949016,11.535501106123785,589.1297278269242
2022-07-20,639.8929704353196,645.1630416872041,637.704928754687,642.3162841796875,20347862,634.0930261230469,640.8798439042971,639.1184170713764,52.22055013196548,1.7614268329207334,-47990346.81736015,780628088.0,43.777306570396384,29.393258927683437,14.545985472693582,659.2523548681447,622.4510508935741,11.486252818946486,589.2195271740799
2022-07-21,640.1988218671562,644.4101687418545,639.0459543159127,640.2929077148438,12640278,634.6360339355468,640.7895460289966,639.2054163782999,50.83403002637807,1.5841296506966955,-54753962.78859863,767987810.0,32.534213919496686,32.94182526578138,13.828390538395224,658.9302601921964,623.9777354132724,11.048964362303293,589.2746502651889
2022-07-22,642.7632472368716,657.3501144874888,641.0692999472737,655.232666015625,12729592,635.5879443359376,643.0115644884778,640.3926200551388,59.404655555491814,2.6189444333390384,-45335538.674120575,780717402.0,76.02725555646866,50.77959201545391,14.364646933214834,660.6988016810809,624.0301961216534,11.478124534470561,589.3406684276143
2022-07-25,656.409006177548,660.9262179579738,650.9036632950704,657.161865234375,10143126,636.4490393066407,645.1885338340005,641.6347863647119,60.365470619932886,3.5537474692886235,-42811688.45122963,790860528.0,81.6435942051816,63.40168789371565,15.142718792962834,662.6224862656335,624.0051504531165,11.374155257930052,589.3975106856449
2022-07-26,656.8795249439462,659.7027893778027,652.3152704183296,655.82080078125,8527964,637.1995568847656,646.8242672105005,642.6856022474184,59.3145210947594,4.138664963082078,-43246262.26167019,782332564.0,77.73944991292899,78.4700998915264,15.86521409130026,663.9076739430885,624.9715069651146,11.089395522325978,589.4449529924235
2022-07-27,653.5387800458366,661.5850735059881,651.3507382650527,660.8322143554688,9212778,638.0512426757813,648.9793360020341,644.0297957369037,61.97842553509932,4.949540265130395,-35388906.77924832,791545342.0,92.3288170804142,83.9039537328416,16.69377611183482,665.7517526562863,625.971874052698,11.028319787940942,589.497649998162
2022-07-28,665.8434847291421,670.0548316573812,663.9377580537674,666.6904296875,17420406,639.2727746582032,651.7041196459519,645.7083612147256,64.87377172145354,5.99575843122625,-37131012.810460724,808965748.0,91.78158349526845,87.28328349620388,18.111818070856465,668.5794089078025,626.3839150668069,10.899341038938909,589.6101092489647
2022-07-29,676.6424607918689,676.9247757827477,665.9611319874232,674.8543701171875,20019736,640.3385571289062,655.2656966415266,647.8673248371302,68.47644418483158,7.398371804396334,-24672444.541045986,828985484.0,95.66926829494214,93.2598896235416,19.87538043993118,673.0104369371654,625.7384094983815,10.903934092966452,589.748424249233
2022-08-01,677.1130149159343,681.5596340464392,672.9016678545453,680.4774169921875,13193036,641.6763146972656,659.1444228493206,650.2828872189864,70.70509445745755,8.861535630334174,-14777580.014601616,842178520.0,97.93636036149387,95.12907071723482,21.78604408204198,678.105184851583,624.9020844355265,10.743507814318415,589.8456133174974
2022-08-02,678.5246209483155,679.7480241722566,669.6078328513074,672.9957275390625,15036510,642.7237463378906,661.2753928015885,651.9653198352884,64.20134901865987,9.31007296630014,-19766525.676021114,827142010.0,83.669803705595,92.42514412067699,23.05056991369272,680.5591867356623,626.1018545241034,10.752513266215676,589.9508818174778
2022-08-03,670.5018641307132,675.5837639307765,666.7610611108552,674.5720825195312,10975498,643.7100073242187,663.3210373735798,653.6398948489359,64.93324181883625,9.68114252464386,-11308103.799380451,838117508.0,86.6756966632708,89.42728691011989,23.79304129812834,683.2565652591093,626.3383260983126,10.614669662908938,590.0259035945703
2022-08-04,677.5835517524323,680.736174468826,664.8553099746283,673.7721557617188,12012206,644.3235974121094,664.9289017409858,655.131173435068,64.21577237669385,9.797728305917758,-9830995.22158815,826105302.0,85.15034594103055,85.1652821032988,24.85271734185152,685.2821188277095,626.0114358597906,10.99082643657242,590.1086674937125
2022-08-05,674.2897046925877,676.1483309376915,668.7137685178103,671.489990234375,9268982,644.652978515625,665.938299970738,656.3429376424241,62.10733447989263,9.595362328313854,-12177512.208708921,816836320.0,80.79856897969334,84.20820386133157,25.836702239594473,686.7792991743825,625.9235328568675,10.736807578237334,590.171647101794
2022-08-08,671.9369953396118,689.1118555146089,671.5134941487734,687.9590454101562,15357736,645.2223364257812,669.3261069614177,658.684871551145,69.81066986801136,10.64123541027277,1168155.4089828115,832194056.0,97.75748099115813,87.90213197062735,27.56214069826358,691.0300224501177,624.3031501573041,11.228597414094233,590.2894388797536
2022-08-10,687.6296344599267,692.4056687393283,681.8419762797107,689.9588623046875,17353102,645.9502685546875,672.5003770142285,661.0014634588148,70.5924571841438,11.498913555413765,10482461.922103249,849547158.0,95.41450612867762,91.32351869984304,29.336590332551303,695.5837234951724,623.2549972079527,11.18110420306019,590.429641798678
2022-08-11,699.4637995616413,701.5812479962376,693.8408205833326,699.0873413085938,18301766,646.8052453613282,676.5906792133617,663.8226395958354,73.91329212365196,12.768039617526256,16990849.03271626,867848924.0,95.87865410377157,96.35021374120244,31.413976290550046,701.1881604197646,623.6664599415636,11.2126243093809,590.5923265820926
2022-08-12,698.758020175157,700.7813828726635,694.4995729013326,698.82861328125,8850370,647.7468054199219,680.0118998391906,666.4156746836438,73.65940160790393,13.59622515554679,20338749.684667345,858998554.0,94.56833878090444,95.28716633778454,33.34297753726317,705.3948079886458,625.7698038277605,10.860423285234466,590.6707243502494
2022-08-16,703.3694537063027,709.8158859091376,700.1932805343527,706.8279418945312,12563756,648.8935229492188,684.1374447707815,669.4091759585244,76.3628259988917,14.728268812257056,25100086.676704336,871562310.0,94.8893586435531,95.11211717607637,35.508782575266274,710.8310549257213,626.92589087506,10.869483952566833,590.7896585074747
2022-08-17,705.8161502602331,711.8155875374451,699.1108968327609,710.4745483398438,12384350,650.1305847167969,688.1893068583295,672.4510553941777,77.49667525407295,15.738251464151745,34869985.184281714,883946660.0,97.7821176869886,95.74660503714871,37.595637974993146,715.1898130396111,630.2064149877327,11.00057014914665,590.9082037801596
2022-08-18,705.8161898977103,712.3567647453227,705.6515109412945,711.321533203125,8342138,651.5337463378906,691.748110911375,675.3303500466923,77.76348271654948,16.41776086468269,40636219.38127337,892288798.0,97.8619314749836,96.84446926850842,39.55468443078818,718.3810962029221,634.7155834845779,10.693761838781045,590.9897329029297
2022-08-19,710.5215980356904,711.4626862450092,701.1107159425025,702.5458984375,8063702,652.7162231445312,693.4093089923173,677.3463165941595,68.67784309978046,16.062992398157803,34808397.8208597,884225096.0,79.34617717460846,91.66340877886023,40.53905403280124,719.7408026730473,639.378838440234,10.669348157618595,591.0652962243138
2022-08-22,698.6639602575407,700.3343574865784,690.6176095325824,691.8645629882812,8234066,653.5881420898437,693.1716557609271,678.4217422529833,59.55683007610458,14.749913507943802,28687692.60818569,875991030.0,56.85984385959491,78.02265083639566,39.81207929651807,718.3298141245255,645.9469925160995,10.759272496711384,591.1350729242313
2022-08-23,683.8418309821283,694.499609947185,682.4772414695879,689.7236328125,14966884,654.6675720214844,692.6411906919384,679.258919331466,57.89707247751178,13.382271360472373,31763160.055002525,861024146.0,52.3527604742202,62.852927169474526,38.1011117200972,717.989852331057,649.7360509892554,10.849493638203228,591.2550696073041
2022-08-24,687.8885190134712,694.2879081017775,686.6180153177478,693.0409545898438,13455520,656.043916015625,692.7026928300777,680.2798108320866,59.76798983134612,12.422881997991112,40843545.12382575,874479666.0,59.33638190930589,56.182995414373664,36.51235611342068,717.6886061009845,653.6252061548748,10.622379291476546,591.3653602050837
2022-08-25,696.3582623528275,699.6050283045147,685.5827903981408,689.2765502929688,11823040,657.4823693847657,692.1755939782147,680.9462359773371,56.68949626114544,11.229358000877596,35249392.592222735,862656626.0,51.411562943135166,54.36690177555375,35.50422494727375,716.3024162876983,658.3569709193329,10.865226335397788,591.4622363079889
2022-08-26,692.6644810718246,697.252286150753,687.5590315195979,689.3941650390625,7706176,658.9659948730468,691.7476818337298,681.5720085004278,56.764427172867386,10.175673333301916,30461093.491698913,870362802.0,47.38537293233624,52.711105928259094,34.56810315013731,715.0577899328955,662.4577923424952,10.781514070809026,591.5252242419684
2022-08-29,676.1719520691274,680.406849472483,672.2193696714343,677.30126953125,8653178,660.4538562011719,689.5251568641174,681.2556574656738,47.638463498374264,8.2694993984436,32549825.122920897,861709624.0,14.170695191500208,37.65587702232387,32.303455111747006,714.176497517694,664.4001687420717,11.238177020581826,591.5854201483241
2022-08-30,680.6184887253777,701.0871570229342,679.0421774823095,699.2755737304688,10135400,662.3016821289062,691.0252209974022,682.5904660778809,60.16951656648638,8.43475491952131,41019438.019910134,871845024.0,67.40896864190374,42.98834558858007,31.485572009182025,714.835056961266,666.1837296598278,12.134442054231997,591.6694692194533
2022-09-01,689.229509824871,700.8519267826383,686.5238810953997,692.7115478515625,22403136,663.7133154296876,691.2846558980423,683.3401758388944,55.868399595691336,7.94448005914785,37966204.00751474,849441888.0,51.05507754652345,44.2115804599758,30.72610912822883,715.0184419572548,667.2237577497764,12.291128028018184,591.8551726931253
2022-09-02,692.7114731691545,701.3459454783283,689.4411573763429,698.9932250976562,12038086,665.1150646972657,692.4705896210598,684.4996609691731,58.89652131007651,7.970928651886766,45246162.431643076,861479974.0,66.70551334219451,61.72318651020723,30.05677593538596,715.0265604945798,669.8153889683108,12.263532319015846,591.9578458992567
2022-09-05,699.2755952343223,705.3456257833263,698.3345070077935,703.4869995117188,12131932,666.6659790039063,694.1654219119305,685.9061304908431,60.96024281736427,8.259291421087369,50945817.85425957,873611906.0,77.9014925675278,65.22069448541525,29.72982293737939,715.394065370805,672.3393757913043,11.888359923052775,592.0668360363954
2022-09-06,705.2985899078355,708.9453068220757,699.4402811754725,700.8048706054688,12238696,668.1171362304688,695.1868755570902,687.0097408697043,59.054439297768454,8.177134687385887,42221219.726158716,861373210.0,71.21912341698253,71.94204310890161,29.683672170787805,714.8394718642891,675.5972407821954,11.718121760449238,592.1772383774667
2022-09-07,692.311624262686,701.1107768079097,692.311624262686,697.4876098632812,9776206,669.326435546875,695.5408346811196,687.7858793136729,56.69368510652517,7.754955367446655,43946462.58146242,851597004.0,62.954360006001835,70.69165866350404,28.778674978469116,712.8477273055341,680.188747303841,11.5096239593617,592.2604319913833
2022-09-08,701.1578086130993,705.8162070676398,697.4170056914288,704.6868896484375,11164690,670.6566638183593,696.947920060707,689.0378060051369,60.394114115801216,7.910114055570148,52108848.354609534,862761694.0,82.73388391149825,72.30245577816088,28.307759379787758,713.5579458130968,681.1513132201063,11.287450917708075,592.3604159363409
2022-09-09,704.0280313499849,710.0510185654238,703.016407526926,705.1573486328125,15128888,672.0937036132813,698.2109090718002,690.2318461997795,60.63085552205348,7.979062872020677,46188730.54198594,877890582.0,87.06461368806808,77.58428586852273,28.187103204339145,714.2847279114875,681.9443797545281,10.983676640621628,592.4998230443134
2022-09-12,705.8162368426343,707.6984134742147,701.1107952636835,702.78125,11080492,673.5015734863281,698.9140384453693,691.1614316664625,58.721703472921064,7.752606778906852,40727708.20479284,866810090.0,80.78389713915233,83.52746491290623,27.832102702121627,714.5935558696586,682.0049426654977,10.66967246704374,592.5997251887146
2022-09-13,705.2985822180442,713.2978321362593,705.1339032664449,711.9802856445312,13001966,675.0553100585937,700.9242303221635,692.7035689981712,63.51197078612089,8.220661323992204,49532995.13959241,879812056.0,96.79261001344372,88.21370694688805,27.93216048214261,716.3105895050105,681.6030762664739,10.658737443416284,592.7233202854051
2022-09-14,703.016486690365,724.1203796217334,702.2165271985285,719.2973022460938,20219760,676.7012731933594,703.7508567719989,694.6734751646841,66.8111548484325,9.077381607314805,60848251.4830987,900031816.0,90.70716084280777,89.42788933180127,28.73382417525888,718.814491468022,680.3461103386187,11.46195994197261,592.9232952195474
2022-09-15,719.9324796304642,725.0849145971312,711.4626857524587,715.556396484375,13539372,678.2545373535156,705.567093650826,696.2203582254019,63.6428068637411,9.346735425424072,55446501.17361726,886492444.0,81.9759389104026,89.82523658888469,29.5359364061272,719.7594036100417,679.909383011052,11.616264863594028,593.0591910561702
2022-09-16,707.2748441988699,712.7331444174275,697.8169190229992,702.4047241210938,20560046,679.5734716796875,705.0805752616365,696.6784594028605,53.955396803144,8.402115858775915,47533821.5631185,865932398.0,57.09835109443274,76.59381694921437,28.598496505566914,718.6535829396225,680.1235227732682,12.053637192007013,593.2433832178225
2022-09-19,700.6401625307826,712.403764991004,696.405265645103,707.03955078125,12076038,680.8095910644531,705.3819561108078,697.4459476531116,56.47008079956248,7.936008457696175,51511793.20869807,878008436.0,60.80736084199442,66.62721694894326,27.57500518552629,719.1235722881854,680.1028986590802,12.335413060142297,593.3522223529992
2022-09-20,712.4037739611259,717.1092150044623,710.4745546212512,715.556396484375,10781668,681.9850085449219,706.9472546298182,698.7874623813533,60.71581142687163,8.159792248464896,57246639.583827086,888790104.0,75.28977507221555,64.39849566954757,27.004057137403148,721.1415904290858,680.4540638677892,12.173573857504438,593.4571003159923
2022-09-21,709.5805026127719,715.9328479610957,708.1688703131443,714.4506225585938,9072304,683.1260766601563,708.1016189265529,699.9476964685563,59.89893581298069,8.1539224579966,62854946.11815473,879717800.0,70.16506432622867,68.75406674681288,26.203445652429167,722.5404359890301,681.5279172824542,11.85860269967922,593.5440955386448
2022-09-22,706.7572210422275,710.5921668520205,697.6992473371257,699.228515625,12048144,683.8775341796875,706.7365261109294,699.894423813478,49.9384161184258,6.8421022974513335,53664935.921853304,867669656.0,21.105269845439533,55.52003641462792,24.351091476310874,722.4811452021754,682.2059641728247,12.208086451235564,593.6494308127986
2022-09-23,692.8056504380794,694.0526038922884,676.1719266394701,680.4774169921875,15806252,684.3890148925781,702.6966631695844,698.456127011901,40.913108681263225,4.240536157683437,45470662.43210723,851863404.0,8.802345823657676,33.357559998441964,24.231971596348924,723.4958322524111,680.3113637925109,12.982979489399442,593.7633248454695
2022-09-26,670.6900884807294,675.9131170248636,667.2316004879561,671.3018188476562,8923486,685.036484375,697.866687120057,696.4446967775125,37.3553805648879,1.4219903425445182,44914501.74798229,842939918.0,7.035410887644562,12.31434218558059,24.63427271660397,725.8776431398262,676.1203182859551,13.001753561887437,593.8188610852428
2022-09-27,674.0074252057186,677.5835491159366,662.0555927820299,665.27880859375,12639700,685.6274865722656,692.853167346779,694.1361124676042,35.19206944142702,-1.282945120825275,37522173.65183525,830300218.0,5.1138354640329995,6.983864058445079,25.282051949177507,727.9727064358275,672.8230088962038,13.182196617031677,593.8941782813349
2022-09-28,661.5850322853146,663.7495237479989,652.1271069674224,653.8446044921875,11816132,685.8862866210937,686.8518499845342,691.151556321277,31.466510617814293,-4.299706336742815,29198289.063959345,818484086.0,2.3540969507775453,4.8344477674850355,26.364613569995395,732.374254061941,663.8783643462621,13.180018403409958,593.953370848166
2022-09-29,657.020790100314,659.7969545090015,648.7862678452976,650.4566650390625,14410388,686.2137854003906,681.2525907621539,688.1371199300019,30.438301576985864,-6.8845291678479725,19160211.78561706,804073698.0,2.1892880999553626,3.219073504921969,27.52090150937982,736.0595641474542,655.9675659794989,13.025066136288093,594.0213122536205
2022-09-30,648.7862438494111,673.5603453659234,642.2927121355508,668.807861328125,15781756,686.9036022949218,679.3380170030724,686.7053229965295,41.57475270013251,-7.36730599345708,30144512.031558074,819855454.0,32.0261430475636,12.18984269943217,27.208933817106793,736.2274902947066,652.7811034552934,14.328106643008411,594.1062862802282
2022-10-03,663.4436320627585,667.1609419476192,659.2793282578461,664.972900390625,11541112,687.3567346191406,677.127999062696,685.0955139146107,40.12892863023247,-7.967514851914757,35277689.396880046,808314342.0,27.39411149932739,20.53651421561545,26.9192495314247,735.9868215207005,649.1703623171902,13.985279959242016,594.1703612391229
2022-10-04,672.6428354766068,686.0533432143357,671.0665241251536,683.7006225585938,11538526,688.2248889160156,678.1391719082187,684.9921886289799,49.385847218108594,-6.853016720761161,43193441.505306154,819852868.0,50.014263652737405,36.47817273320947,25.083876575977484,735.1235889623312,648.3231700708719,14.492077306704061,594.2494272873257
2022-10-06,686.9708391719173,688.2177925308961,674.8543285377837,676.171875,12549198,688.6436730957031,677.8365108454158,684.3388320638702,46.28746312426037,-6.502321218454426,33118774.27623114,807303670.0,45.28300784629032,40.89712766611837,23.360172919184425,734.4840592366792,646.8311263101958,14.411462070018944,594.3347298440498
2022-10-07,672.9957553842579,675.2072898636742,668.3373569162526,673.2545776367188,13297994,688.96552734375,677.1315980440778,683.5177761803775,45.106557802744724,-6.386178136299691,38857115.022984765,794005676.0,41.38373796409234,45.560336487706685,22.09347244804572,733.0415002988254,645.1304540468777,13.941680356713833,594.4170352705034
2022-10-10,662.5261373674912,670.995931737246,657.9147819015036,665.8199462890625,13109302,689.1655102539063,675.3913439279216,682.206825818058,42.15491791286992,-6.8154818901363114,41592167.47460905,780896374.0,31.44658364309618,39.37110981782628,21.59746470131974,731.5400204134819,642.6981936978461,14.041545740892499,594.4903519998239
2022-10-11,659.2793488293421,666.761011754709,658.5029395507675,659.067626953125,14521620,689.1302185058594,672.880002854876,680.4928110873221,39.619163420219806,-7.6128082324461275,29056525.72069644,766374754.0,22.779581582133876,31.86996772977413,21.1368860793599,730.3473587655026,639.519493041138,13.628440488253144,594.5674005941115
2022-10-12,660.2675315882884,665.7493824509486,657.4913670410573,663.3731689453125,9225050,689.0638732910156,671.4174130226355,679.2246894471733,42.014348280739554,-7.807276424537804,32972627.429340146,775599804.0,30.864751259395312,28.363638828208455,20.777272892586797,727.061584313334,637.9445558233848,13.244838696941583,594.616810445125
2022-10-13,659.72637623638,661.7026384741702,651.233032283201,655.750244140625,14714234,688.6817907714844,669.00707934848,677.4858416466882,39.06006988949734,-8.478762298208153,30955587.781319514,760885570.0,25.999923006644288,26.548085282724497,20.860541636564417,721.9573784079302,636.6940559182418,13.16593140873943,594.6885163558537
2022-10-14,666.7610056269409,680.877328964138,665.9375534322711,677.1129760742188,12849920,688.614501953125,670.254140383209,677.4582219746535,49.72839771625919,-7.204081591444492,37329957.54509902,773735490.0,75.81971253815627,44.228128934731956,19.43018778470062,716.6607288557542,638.146363429402,14.020299509794683,594.7696971326877
2022-10-17,675.2308416155154,685.86512770289,671.4664884915264,680.6656494140625,18410500,688.767900390625,671.8559110033403,677.6958091923875,51.25664280288894,-5.839898189047176,42444062.846784465,792145990.0,83.55551465164332,61.79171673214796,18.45422068462264,713.913360943533,638.7198238709202,14.047323774192463,594.8925330177298
2022-10-18,686.0769028193188,688.3590303988376,677.5835581596547,679.3951416015625,10561108,688.8643615722656,673.015792633836,677.8216856671413,50.663482516598265,-4.805893033305324,35434043.45920356,781584882.0,80.54133880193547,79.9721886639117,17.72349126283589,709.8484139594683,640.0203299370161,13.813620093120354,594.9648735681133
2022-10-19,688.8765914477891,695.1818941415572,683.8888352653639,686.3591918945312,12967040,689.1161022949219,675.0686232893275,678.4540935358369,53.81821043363716,-3.385470246509385,28140083.45920366,794551922.0,83.31851257214753,82.47178867524211,17.512680761926926,703.5833324974063,643.3656909400937,13.954558125039952,595.06036894566
2022-10-20,679.4657304123411,683.6535846984829,678.7599142103893,681.724365234375,7898078,689.3207897949219,676.0925835885656,678.6963358838767,51.45980827823154,-2.6037522953110965,29810882.42858056,786653844.0,74.55523342060026,79.47169493156109,16.869262683625912,695.7888709556506,647.8875267494276,13.500609522118667,595.1140267129218
2022-10-21,683.2300462002114,685.8886319036909,674.7602522390519,676.9247436523438,10492606,689.1001037597656,676.2206082137623,678.5651068296891,49.062117971728995,-2.3444986159267955,23399940.835164532,776161238.0,58.45819500842848,72.11064700039209,15.931962743901108,691.3091417207365,650.1368787870761,13.331164532298695,595.183402543746
2022-10-24,684.3123525072191,688.4060634700435,684.3123525072191,687.488525390625,2167794,689.0506970214843,677.9541339332796,679.2261007971658,54.12815371198409,-1.2719668638861776,24595983.990321007,778329032.0,82.49472585723069,71.83605142875315,15.260057280049466,692.5324580440465,649.6146733036098,13.199032766970197,595.1990073958664
2022-10-25,687.5119288798061,690.6646086110648,679.9361808441066,682.71240234375,13773394,688.7231982421876,678.6861752271981,679.4843453561721,51.6280728747501,-0.7981701289739931,17950939.7124725,764555638.0,71.6272702624349,70.8600637093647,14.24607366288524,693.6954923440966,649.592697353169,13.02256098125505,595.295545085236
2022-10-27,689.1118590920516,690.4528983371131,682.8771495441038,684.359375,15937276,688.4338134765625,679.5589751922446,679.8454586631224,52.44377902950015,-0.2864834708777835,8250046.895252395,780492914.0,75.37474536556287,76.4989138284095,13.30451744694703,695.1115801980944,650.0846661397962,12.645270624977053,595.408812774165
2022-10-28,682.2889795283049,690.2882296331196,681.0655762942858,686.3826904296875,10474278,688.0249084472656,680.6087775364666,680.3296980532384,53.48161066862784,0.27907948322820175,9853189.473866295,790967192.0,79.97854019467242,75.6601852742234,12.451578856518577,695.7641185190624,652.6859364125781,12.400797961681105,595.4831132113869
2022-10-31,692.6408897961221,704.8750359474122,690.4058054030979,704.2633056640625,12830528,687.90068359375,684.2479357099429,682.1025578762625,61.481629725544266,2.1453778336804135,21598819.074476145,803797720.0,98.85960582833732,84.73763046285754,12.712925987661153,699.3308344770796,654.499884517061,12.835908501398508,595.5879624340637
2022-11-01,707.463098061847,719.4619733532185,705.2986065560032,712.0509033203125,19073756,687.9152709960938,688.5253153423075,684.320953835081,64.35670934261668,4.204361507226508,20711651.442341875,822871476.0,89.13793777731266,89.32536126677412,13.89385552948103,705.8638680941792,652.2911550991801,13.004677014809756,595.7619667468927
2022-11-02,713.8154713928028,719.1090930494732,711.2745215097068,712.4979248046875,12720406,688.1143115234376,692.2134091057505,686.4081368698668,64.5204173973303,5.805272235883763,11963941.724430116,835591882.0,89.79311647034889,92.59688669199961,14.990432961170914,711.0935908752438,651.8139347595218,12.635383766592378,595.8797334141273
2022-11-03,704.7339297564315,715.3447230027085,704.4045718369049,709.3688354492188,10332352,688.4643969726562,694.8527054662841,688.1089293572262,62.36127399750889,6.743776109057876,11008520.314483901,825259530.0,81.1429289305578,86.69132772607311,15.281328798479153,714.780447577372,650.6938993464561,12.514295723678897,595.9715196894833
2022-11-04,707.3218549444457,713.3918852090621,700.9224667917616,704.47509765625,10818060,688.7594262695312,696.3330734955097,689.321238120117,59.03396099603502,7.011835375392707,6354753.237169762,814441470.0,68.7744050504835,79.90348348379673,15.200781565991644,717.3885728413755,650.9160963480775,12.511090201794728,596.0645578955113
2022-11-07,710.5216612500394,711.4627495430858,702.0989095393799,709.95703125,9835834,689.0977478027344,698.4290669962005,690.8498153889972,61.51132271229944,7.579251607203332,13027356.089329995,824277304.0,78.73696612498838,76.21810003534323,15.125987707253243,720.6371482455369,651.3377663052444,12.286286616216957,596.1502207045578
2022-11-09,712.8978581406799,714.2623900723316,707.6983228857137,709.7451782226562,9269790,689.5071203613281,700.170007184886,692.2494718951941,61.356898840833374,7.920535289691884,9538713.23313706,815007514.0,78.26304024011544,75.25813713852911,15.283565728959147,723.0096716281304,653.3577661160103,11.877556656959888,596.2328033240319
2022-11-10,704.451541665192,718.5208213644784,703.4869607498283,717.4620971679688,12774182,690.0684790039063,702.8303287207449,694.1170737672516,64.82133579434407,8.713254953493333,20513711.920124494,827781696.0,95.52617631848648,84.17539422786344,15.76753139475998,725.4639308725248,656.7429538931003,12.103006939652042,596.348982212242
2022-11-11,726.9906232438873,770.2806797736204,723.6968145948858,758.1171264648438,56722338,691.6847961425781,711.3359899121447,698.8578184115177,76.68196381429723,12.478171500627013,47614412.49634093,884504034.0,87.26601877449234,87.01841177769809,18.600099405798478,738.6804833053336,653.0007972122446,15.011262344366298,597.026994789002
2022-11-14,758.5171489491319,766.0458551421754,751.9295310302189,759.9523315429688,19195390,692.8983312988281,718.8154270861176,703.3833379027362,77.05798720897565,15.432089183381322,50237844.948001094,903699424.0,88.56781724063826,90.45333744453903,21.23034113033422,748.2448673746871,653.8566218831254,14.947338184908455,597.2678754885927
2022-11-15,763.7637438193664,763.7637438193664,755.3409920987559,761.8109741210938,11030202,694.2803198242187,725.4301266299601,707.711310955948,77.45451931448778,17.71881567401215,56153460.89681332,914729626.0,90.62510086072353,88.8196456252847,23.672708445974557,758.0047630550401,652.5665260074599,14.481296294601455,597.4068177595486
2022-11-16,761.646308288522,772.6335028243477,758.5171781686045,768.3515625,13578150,695.6674865722656,732.0334244561201,712.2031814406926,78.84050204073505,19.830243015427527,61494221.99666682,928307776.0,95.32375528570917,91.50555779569032,26.207858312788158,767.7788933194869,651.560987051607,14.45522689182587,597.5840231967788
2022-11-17,761.3873995261583,767.7162521581456,759.4111372746663,761.4109497070312,12100930,696.8259655761718,736.5530437254911,715.8482013122732,73.66530387186565,20.704842413217875,55220927.27846554,916206846.0,87.74401305938484,91.23095640193918,28.56192604625793,774.2810456943695,653.2604154872712,14.061312487076426,597.738226965823
2022-11-18,762.7519844272804,763.6930726252166,755.3409148685329,759.4111328125,10459232,697.9980908203125,740.0696728158001,719.0750851271049,72.19481842154113,20.99458768869522,54955792.42239172,905747614.0,83.91980995879047,88.99585943462817,30.26173495833529,779.6685133578947,655.1781419155429,13.653515720619804,597.8685674897777
2022-11-21,756.4702847584956,758.5171402433429,748.2592551972667,751.6236572265625,8344816,699.0808117675781,741.8472088789944,721.4860904678054,66.61807131397609,20.361118411188954,52084875.91695455,897402798.0,70.70207493831471,80.78863265216334,31.03291506724339,782.6001644577806,659.2364200148758,13.474827284520767,597.9681149305447
2022-11-22,752.8706039380878,754.9174594046507,748.6357067909361,750.5178833007812,8546314,699.997431640625,743.1811587900386,723.6365936406185,65.84035463321786,19.544565149420123,48659957.949470066,888856484.0,69.16008923156969,74.59399137622496,31.74901088265806,784.0843724894823,665.1115259480177,12.961036236606043,598.0689846567274
2022-11-23,755.2233137079886,755.2233137079886,750.0473283803949,752.4706420898438,10185738,700.9436975097656,744.6103100669318,725.7724490813018,66.58230154953637,18.83786098562996,48011819.83587825,899042222.0,71.88318304961905,70.58178240650115,32.429541075457855,785.9535377629903,669.7405723444316,12.404961171676591,598.189989000991
2022-11-24,755.6702915606041,767.92798861944,752.4706260717031,764.7047729492188,17197960,702.18216796875,747.701765894976,728.6563249233698,70.85354584889988,19.04544097160624,58037439.27691856,916240182.0,88.94350114879657,76.6622578099951,33.657344195698386,788.2796722891123,675.6136748788565,12.622989841395185,598.4059116562214
2022-11-25,766.8457424940672,767.7868307501509,759.5052655845076,761.1757202148438,8410496,703.1660766601562,749.7746819441863,731.0651690190344,68.14772554105322,18.7095129251519,53019865.19581104,907829686.0,83.75579687088688,81.5274936897675,34.79744709306459,789.0073787652757,682.5676029241774,12.31288807884148,598.5120228193493
2022-11-28,754.2351736077953,756.3761148678941,750.0708696769096,752.9882202148438,16105980,703.8398950195312,750.2690724473644,732.6890987372426,62.21180582045699,17.57997371012175,51817917.63031176,891723706.0,71.58891533819262,81.42940445262536,34.69111225293682,787.6873016292504,690.5482330387183,12.226599683062384,598.7028967470063
2022-11-29,751.576571743631,758.681776241544,749.5061661936486,751.85888671875,12638236,704.5659448242187,750.5136592583467,734.1090830321691,61.41714489897699,16.404576226177596,45660828.2969785,879085470.0,69.95566881246374,75.10012700718109,34.725231689816326,787.6044525209961,695.3906402524415,12.008671851979026,598.8525416656373
2022-11-30,751.5059547182594,758.9405743167093,751.5059547182594,756.8466186523438,15184806,705.6547827148438,751.4879607035771,735.7933449299599,63.62695179716339,15.694615773617215,52292053.27916236,894270276.0,67.74018687578531,69.76159034214722,34.7724734883558,788.2286580322034,699.2460062744371,11.681953833869802,599.0347620767071
2022-12-01,763.2225639152468,770.2807257270401,759.9287550697433,762.0462036132812,20446366,706.7549157714843,753.1123057666084,737.7380011287245,65.82443671242639,15.374304637883938,40210109.733707786,914716642.0,56.563585579956715,64.75314708940192,35.44796491053302,788.9557170661174,703.4737751213827,11.807107636785986,599.2924454366264
2022-12-02,757.5760151846933,761.6226830325693,755.2938877448564,756.21142578125,7811078,707.5680163574219,753.5890934611687,739.1064029548376,61.34555461407584,14.482690506331096,34663905.4875331,906905564.0,32.62529660668591,52.30968968747598,35.48989177790554,787.9689399013847,709.1448113193184,11.446051081903047,599.3868747834716
2022-12-05,757.552478975658,759.7405206098754,751.082497360184,758.964111328125,11592622,708.4582861328125,754.4160192868543,740.5773443158218,62.637187233000994,13.838674971032447,44177387.92852477,918498186.0,43.91871410613164,44.36919876425808,35.017068886855604,785.2907627360464,717.2718898518442,11.24690623674507,599.5258281676541
2022-12-06,753.3410924358988,759.316979437587,752.8705483431843,758.1171264648438,12353092,709.6360583496094,754.9854203911603,741.8765874379716,61.951235965696775,13.108832953188767,51931999.329968505,906145094.0,44.76481829062692,40.43627633448149,34.578019059452096,781.9957610665729,725.3829010428021,10.904015155149185,599.6737890675201
2022-12-07,759.5288285284083,761.6227269575892,754.9645159460306,757.7877807617188,11674720,711.182265625,755.4165527558616,743.0551943508417,61.668432348360426,12.361358405019928,50158084.86220268,894470374.0,43.269251940143114,43.984261445633884,34.334741194418505,775.9739863684907,736.2089359947905,10.600743430607,599.814574481893
2022-12-08,757.5760344658122,765.1047403983918,755.2233138618811,762.0462036132812,14803634,712.9971533203125,756.4364990416185,744.4619357776892,63.95934795052084,11.974563263929326,55797564.48125008,909274008.0,62.60684724652848,50.2136391590995,34.35463587972019,767.4903786583711,749.1509543494415,10.54936365245726,599.9957328246512
2022-12-09,765.1047472593399,769.269051277747,762.2814825093054,767.4810180664062,11963384,715.0411975097657,758.1356558146628,746.1670529842607,66.69512637614422,11.968602830402006,61638381.78576873,921237392.0,87.06534898907411,64.3138160585819,34.655659264903385,768.7879069773034,748.7898151906653,10.311755367600727,600.1468812864892
2022-12-12,764.6342067936074,778.0917573452812,762.9402594233738,773.4569091796875,14434808,717.4334436035156,760.4927717169742,748.1885238135516,69.44186748791546,12.304247903422606,67241964.81721133,935672200.0,83.78606850910283,77.81942158156848,35.467390187158585,771.3349272105569,747.5932527210838,10.657451264336911,600.3345317302885
2022-12-13,776.3978024233952,779.691611282161,774.045081809991,775.597900390625,17031702,719.9362683105469,762.8166376667666,750.2188480044459,70.38425493598935,12.597789662320679,59577837.521557204,952703902.0,86.43812976905892,85.76318242241194,36.31035265621444,773.936555601441,746.3703169571528,10.341540609918098,600.5617995793018
2022-12-14,777.8094540620535,783.6912557412887,776.3978216590372,782.1619873046875,14227640,722.2033508300781,765.7928453033697,752.5850064711304,73.12114623799391,13.207838832239304,67839047.84413749,966931542.0,95.52650451750303,88.58356759855492,37.31397484029858,777.3212300139986,744.3666850250639,10.180955948542787,600.7558377885746
2022-12-15,779.7151624525981,785.5263708871803,765.5988387542761,767.8339233398438,18182648,724.2605712890625,766.1068573089811,753.7145558688129,60.07143837154522,12.39230144016824,53735154.40326305,948748894.0,50.88187949549978,77.61550459402058,36.68139693046411,777.9220627076423,744.4081496947014,10.877139961711455,600.9925372185859
2022-12-16,762.3050563129357,774.092152545896,757.1055205947165,771.5277099609375,14647958,726.0171130371094,766.9408346400514,755.0340487645258,61.956424264126376,11.906785875525657,63960358.394599676,963396852.0,61.13664248899565,69.18167550066616,35.08624494225858,779.0968954576178,744.4449746595697,11.313532246673462,601.1767653943136
2022-12-19,773.5745211147686,774.8214745010525,765.1988129346979,773.9274291992188,9604542,727.9722241210937,768.0156953414618,756.4335584263549,63.17279648443492,11.582136915106844,71780176.78312214,973001394.0,66.32509500166826,59.447872328721225,33.666545042073764,780.3267928469278,745.4454544675253,11.19275576950783,601.3000518690951
2022-12-20,762.3755750241247,769.9984243795469,762.3755750241247,768.5867919921875,7174698,729.8788684082032,768.1035563646503,757.33379794975,58.67638700328316,10.769758414900366,76297591.24147148,965826696.0,50.81976223807712,59.427166576247004,32.01719306186853,780.4273855699798,747.151752613614,11.21840565562113,601.3896896842654
2022-12-21,772.1629045927975,773.9509952330897,755.9526825574806,761.1521606445312,9269198,731.7855126953125,767.0341108692473,757.6166396308449,53.018971265790064,9.417471238402413,72383894.36584598,956557498.0,29.234990880032385,48.793282706592585,29.777026951120224,780.0928230853913,748.3544669536711,11.702684728477413,601.5030458004561
2022-12-22,763.3166875601125,765.8105944995552,757.105527833969,758.5407104492188,9747096,733.7749743652344,765.7274338815506,757.6850893210949,51.153298940519846,8.042344560455717,65850757.147729404,946810402.0,21.653235612972463,33.902662910360654,27.696872705425363,779.9735771558273,747.8573066332351,11.488569152556618,601.6197272904001
2022-12-23,746.7535251321655,754.8233683503784,746.024158763842,751.7648315429688,10693152,735.5428076171875,763.5793412140765,757.2465517079004,46.57383499031195,6.332789506176141,69110196.2312265,936117250.0,14.532534940581426,21.806920477862093,26.76600210417326,780.326968163929,746.5628267579459,11.561996476329483,601.7398018071966
2022-12-26,752.6353150522151,771.2218076715102,748.1651459412453,766.7280883789062,9907322,737.7623645019531,764.0637638548196,757.9488877576044,55.951902069763115,6.114876097215188,75155664.80853434,946024572.0,52.41207644376998,29.532615665774625,25.405459821460425,780.3616142236566,747.9021675146247,12.383043994467725,601.8591978540944
2022-12-27,768.3985008274602,769.7865829205301,759.2228910502799,767.5044555664062,7926772,739.5701940917969,764.5931010412176,758.6567075952934,56.379734170001676,5.936393445924182,79657516.15895565,953951344.0,54.37745292718296,40.440688103844785,24.142099130369935,780.1819652975457,749.6463733255011,12.253090271309329,601.9566621706143
2022-12-28,763.7401422287198,768.3985404591396,763.7401422287198,766.892822265625,8691870,741.2947375488282,764.946904306511,759.2667901634661,55.918932848455626,5.680114143044875,82730499.08777274,945259474.0,52.82910090357593,53.206210091509625,22.96897848864305,780.2442328950222,750.5887260893528,11.710612268388642,602.0639481499379
2022-12-29,762.3285677164956,773.3393123402351,758.046627429339,772.3041381835938,11012896,743.1529174804688,766.0787864414468,760.2325196464385,59.10365560574032,5.846266795008319,92252451.49017647,956272370.0,66.52786769940226,57.91147384338706,21.37749734476346,780.9635451471406,750.8952072942657,11.96647459999632,602.2009652177538
2022-12-30,774.0450507036202,774.0450507036202,762.2814481093403,766.1163940429688,7122640,744.7480615234375,766.0845722262964,760.6683621943297,54.27492573075165,5.416210031966671,89773786.68158276,949149730.0,50.863569909433124,56.74017950413711,19.87552642714237,780.7830519268613,752.0661973407169,11.951983742445142,602.289239079492
2023-01-02,765.5752810795132,771.5747185925825,761.599206252521,766.3751831054688,4381378,746.4410778808593,766.129281592323,761.0910896692288,54.44256512545422,5.038191923094132,89587754.08313747,953531108.0,51.51869540390411,56.30337767091317,18.506975014903304,780.740924227001,752.8494322183114,11.810807213703455,602.3431757084836
2023-01-03,763.3166316415853,773.1039720973629,763.3166316415853,771.386474609375,8378030,748.3303125,766.9380805180233,761.8537107759063,57.67830187784672,5.084369742117019,95025405.02014226,961909138.0,64.20479887643732,55.529021396591524,17.313733696328658,780.9448370735697,753.9724541861958,11.666273873851607,602.4479418678505
2023-01-04,769.3396625960137,774.3980120595654,756.1644267839719,757.599609375,10351600,749.7325341796875,765.5013926498659,761.538592153617,47.650954301954236,3.962800496248974,86303373.30139223,951557538.0,40.19628328136408,51.97325918723518,16.761426581620935,780.9626377904309,753.9358363306629,12.135367545404604,602.5721316915075
2023-01-05,759.9287794067217,761.363961996869,747.8828610167134,752.7294311523438,10941436,751.1328747558593,763.536475496401,760.8860617090781,44.69500742751798,2.6504137873228046,83229015.37410599,940616102.0,23.284365979421807,42.561816045741075,17.038888049616,781.790152298631,752.176644576369,12.231491362172532,602.696045797183
2023-01-06,753.81165838841,757.1525100556714,742.6126856812602,750.2355346679688,9092462,752.4503979492188,761.4901769074113,760.0971337801071,43.21660087399075,1.3930431273041677,83670432.59555875,931523640.0,23.98228948786702,29.154312916217634,17.735098599992405,782.6230803951771,749.6191681399791,12.39637229161815,602.7961528529625
2023-01-09,750.9883977039319,758.3053815721346,748.1651330509096,751.6942138671875,10729340,753.7566284179687,759.9831056704538,759.4746952680391,44.37555594212435,0.5084104024147109,80409293.77150956,942252980.0,28.57144859184388,25.2793680197109,18.219460962552425,782.3084868218391,747.7574921820672,12.235220593732922,602.9162874855853
2023-01-10,752.8705709135635,752.8705709135635,736.4015271748293,737.954345703125,16371766,754.43044921875,756.5940656754801,757.8805953002677,36.76397117095957,-1.2865296247875904,67124820.75451738,925881214.0,4.086742584231744,18.880160221314217,19.555505356512253,783.3646574465657,742.9369660885906,12.537636532661583,603.0866349689838
2023-01-11,737.789661601481,751.9295359893339,734.0488586629292,748.5886840820312,15195798,755.1612048339844,755.3624685072572,757.1923055803983,44.67392160806376,-1.8298370731411069,76642208.50142062,941077012.0,36.03501980865399,22.897736994909874,20.950172900329285,780.6412374489082,742.3030557639825,12.919282303643232,603.2471450197937
2023-01-12,747.1299566781903,754.7057053191601,745.4124591983499,752.5882568359375,9250070,755.9630114746094,754.9356667116695,756.8512649326605,47.34178224305201,-1.9155982209910007,81677056.72926871,950327082.0,45.94742791940182,28.689730104095855,21.83152976150028,780.0184105882045,741.4013159742956,12.660279719155158,603.348838057421
2023-01-13,752.2824073262016,757.5289857205452,746.2829698322787,753.1764526367188,9244546,756.8391638183593,754.6650183924463,756.5790566144426,47.740888261294046,-1.914038221996293,83765789.91347203,959571628.0,47.40519283208592,43.129213520047244,22.23466451171425,778.6972628979927,740.8873379320855,12.55926087409168,603.4513122791018
2023-01-16,759.9287506108136,762.8932015301598,743.6008926911237,745.95361328125,14748094,757.6687341308593,753.3248022214931,755.7919867379098,43.391779204781656,-2.4671845164167507,72614792.01103291,944823534.0,29.504347963130392,40.95232290487271,21.86294998319887,777.0460556217449,739.7411636165364,13.040192871587708,603.6128418231933
2023-01-17,748.0710901725765,758.0466028771082,742.2833743256599,757.0584716796875,10786354,758.6107629394531,753.8992129073692,755.8858004373009,50.81113736014481,-1.9865875299316258,82048842.72379243,955609888.0,57.02625973479914,44.64526684333848,21.643500849353156,775.8771228800446,739.7572643269867,13.234695420149176,603.7320753363599
2023-01-18,755.2233374826154,772.4452413541381,752.7294305886606,770.4219360351562,19090642,759.8242980957032,756.4411703116441,756.9625512223272,57.95301505246487,-0.5213809106830922,97221188.08757052,974700530.0,90.14582540227315,58.89214436673422,20.450495691436796,777.1182316678985,739.4431330781952,13.697632230529772,603.9606685764209
2023-01-19,770.2807302419793,776.3978038480549,768.3985537478021,773.62158203125,11172162,760.9474877929688,759.0843105761988,758.1965535044696,59.47036540870038,0.8877570717291974,100638523.1984104,985872692.0,93.44441330316775,80.20549948008001,19.72135544355333,779.025575211341,739.0438766929558,13.290604935509986,604.100442510689
2023-01-20,773.6216354276758,785.338196400515,773.2922774942493,781.55029296875,18843404,761.4161511230469,762.5406155596683,759.9264601314534,63.030601010220266,2.614155428214872,107631109.46783313,1004716096.0,92.61463766378647,92.06829212307578,19.81106070778142,782.4689801273706,738.5790179195043,13.201698790563965,604.3457816605863
2023-01-23,784.0441791243784,791.737564382881,781.7620515162466,787.2673950195312,15444400,761.9624523925781,766.3447354765702,761.9517145676073,65.39134460548183,4.393020908962967,109233798.34213495,1020160496.0,92.25122264824229,92.7700912050655,20.370800793970382,786.3038887365163,736.7980399744212,12.986382549390184,604.5541894908575
2023-01-24,788.1849518657802,801.0543220710549,788.1614016839727,797.8075561523438,24983940,762.6823840332031,771.1851694266892,764.6077028331432,69.28544104088661,6.577466593545978,121634552.76869449,1045144436.0,95.15447583887999,93.34011205030292,21.494573149664795,792.3806851258431,733.7515536436882,13.043564299542576,604.9064503444025
2023-01-25,795.8782717107119,796.607580574068,774.1862010203664,775.7625122070312,14704142,762.8306030273437,771.8893760082804,765.4339850089868,55.27635570466087,6.455390999293513,108997928.82389656,1030440294.0,62.25410798225068,83.21993548979098,20.99413010596047,793.3067177981729,733.7124899654989,13.79912078757363,605.0985483521774
2023-01-27,767.9279671856153,770.2806876733164,748.1415649082637,760.30517578125,35179948,762.8084875488281,770.1071913579681,765.0540732143396,47.954728599594276,5.053118143628467,112474905.26892203,995260346.0,39.18533770656186,65.53130717589751,20.436225027078528,792.4564517289508,733.3628597944868,14.786394109801765,605.497997245768
2023-01-30,750.5178168279083,764.775325602995,744.4007437126965,759.5287475585938,18512822,762.81083984375,768.4797384657567,764.6447898324326,47.61357470844307,3.8349486333240748,121453400.04021384,976747524.0,38.026584101759404,46.48867659685732,20.141652990005063,792.1236086426171,733.0369382323828,15.185550379837254,605.7028318065629
2023-01-31,762.1403090668814,763.5519414655528,750.5178919602749,754.5175170898438,18596244,762.8687170410157,766.3317044079239,763.8946214811298,45.37012364250358,2.437082926794119,114270033.48676269,958151280.0,30.547745490903246,35.9198890997415,19.86812181272256,791.6778591918761,732.2969210815614,15.031871745940153,605.9079763140071
2023-02-01,764.1636518414238,783.4559607856961,755.6938576707676,765.8341064453125,17302790,763.1750415039063,766.2551508752144,764.0382870340322,50.986513807836715,2.216863841182203,109607106.85499296,975454070.0,40.072064554204694,36.21546471562245,18.79528569672735,791.146255083018,732.2732883740133,16.025198313791027,606.1137186441438
2023-02-02,756.6819839725084,764.39891898851,747.5769667854696,754.4468994140625,17497106,763.2145666503907,764.438496804268,763.3278138769974,45.875636042414044,1.1106829272705454,106401319.48014313,957956964.0,20.69649300381695,30.438767682974966,17.660549592875093,791.1084948088808,731.9957776520566,16.184622695651875,606.3047981746224
2023-02-03,758.0465433159001,781.3384762110813,756.1643669203298,780.53857421875,14411100,763.5312426757813,766.9154317911114,764.6026850134235,56.60847302992709,2.3127467776878348,119896600.17797452,972368064.0,65.09202481950375,41.95352745917513,17.23932324205564,793.3132006966541,732.5719860709239,16.949405131463802,606.4799205550504
2023-02-06,781.1032414425514,785.5263676711438,774.6097095921214,777.2212524414062,11167672,763.8521533203125,768.5009426603875,765.5373937117926,55.11210288043982,2.963548948594962,114072111.73170376,961200392.0,59.44753225199418,48.41201669177162,17.07868135803326,794.6822338536444,733.9015246912775,16.518494627717992,606.6206233196431
2023-02-07,780.8208872092126,783.4088797465557,768.2102824150999,778.3740234375,10264588,764.3598693847656,770.0198781645587,766.4882551729561,55.55179827369887,3.531622991602603,117535976.67488635,971464980.0,59.96669709000165,61.50208472049986,16.463255130324523,796.0294328860324,735.2223066159207,16.424216249413554,606.7479084392263
2023-02-08,778.3976653351605,784.9617332957027,776.3978526843069,778.280029296875,8444826,764.8882922363281,771.2906706464536,767.361719922876,55.50405746062977,3.9289507235776,112803172.06230642,963020154.0,59.80078675680002,59.738338699598614,15.9873625490098,795.6956375979512,739.588670263377,15.862763703840857,606.8544639634079
2023-02-09,781.1032351460724,781.8796444279365,769.5984544475693,776.6566162109375,11777336,765.2844921875,772.1162007332973,768.0502307590286,54.63080021999492,4.065969974268683,114563016.54114051,951242818.0,56.93527828764612,58.9009207114826,15.039723764511786,795.9298400221742,742.1612610520447,15.606937009307018,606.9995609154025
2023-02-10,775.8331657401541,780.3974207148851,772.7275286057532,779.7386474609375,8172116,765.6383410644531,773.2888848452419,768.9160394036145,56.044708717108186,4.372845441627419,121331313.19861087,959414934.0,62.375413472938064,59.7038261724614,14.159773464620772,796.5582520630811,744.2478880736377,15.040005230723086,607.1010327871038
2023-02-13,778.7505319206493,781.9267047849783,773.8333687583275,780.3268432617188,5736944,766.1206494140625,774.371647678546,769.7612841338445,56.32445740575686,4.6103635447014994,124800140.33395308,965151878.0,63.413645863239445,60.90811254127454,13.457620464810194,797.0007776598744,746.5204015393443,14.543814573289344,607.17264383088
2023-02-14,783.4559109689701,789.3377121023708,780.1385521539464,787.5496215820312,10908592,766.6923596191406,776.3990282790821,771.0789387596361,59.714986389152436,5.3200895194460145,131468008.16896175,976060470.0,82.64986056119619,69.47963996579124,13.348687311766826,797.0012085472712,750.6795714820256,14.162053528656132,607.3141790889877
2023-02-15,789.5730569933797,789.5730569933797,779.5739941440893,785.9498901367188,11438712,767.2490148925781,777.8683916417954,772.1804907134941,58.62938112320654,5.6879009283012465,134617070.86363086,964621758.0,91.97923109638413,79.34757917360659,13.195747540889126,797.6697284488574,752.9001934261427,13.864697051558583,607.4618174465915
2023-02-16,787.3143741109268,791.4081422912299,781.5737590013332,783.10302734375,8062500,767.7553198242188,778.6737202113268,772.9895675009205,56.65543928087965,5.684152710406238,129062044.01111381,956559258.0,82.33232384981943,85.65380516913325,13.194349827501156,798.4348842624535,753.403146743406,13.576817497154162,607.5659247886081
2023-02-17,781.5737747281946,784.9381766371035,773.0804304797745,779.1740112304688,8956270,768.0978759765625,778.7506880604255,773.44767444385,53.955483872263684,5.303013616575527,129310854.59656526,947602988.0,72.08806079327415,82.13320524649258,12.388594017217637,798.7292668720218,753.6640070537594,13.454026687166657,607.6773390605193
2023-02-20,781.1031975821542,785.5498163034474,769.245509365729,771.8569946289062,8086706,768.1853955078125,777.6901198401919,773.3298463094097,49.24849810692422,4.360273530782138,123814668.2215107,939516282.0,55.39442545921631,69.9382700341033,11.702983513213855,798.1800378924813,753.2439061993155,13.657618133634637,607.7757521427119
2023-02-21,771.6923786607008,782.2090285527256,768.8691138607226,774.7509155273438,12389296,768.2112756347656,777.2379345612921,773.4351106959233,51.066728222930244,3.8028238653688504,122350686.74466094,951905578.0,61.99685139245915,63.15977921498321,11.100055223951497,796.9202160890466,753.2520800535315,13.634925030660952,607.9260567584753
2023-02-22,771.2218244589226,772.6099066583358,757.1290508254699,759.5523071289062,10359102,767.8903637695313,774.5170688024637,772.4067548761442,42.462575134989905,2.1103139263194635,115234655.99220099,941546476.0,9.612875388411899,42.33471741336245,11.50902558989138,793.3500912796912,752.9966799605431,13.919706435747587,608.0423933539497
2023-02-23,758.9876463625521,761.740317907034,749.1532630154045,754.3998413085938,27882010,767.3351208496093,771.4221107264837,771.072909426696,40.00194050397807,0.34920129978763725,110596391.20439787,913664466.0,12.416502858619932,28.00874321316366,12.44152040727421,793.8235460252428,750.3869581251478,13.824517039739149,608.3385443481316
2023-02-24,761.2933065897615,761.2933065897615,745.9064801427517,747.6710205078125,17061740,766.9318627929688,767.7680968466882,769.3394361734454,36.987515457129234,-1.5713393267571973,97447885.55871446,896602726.0,3.8779690273794833,8.635782424803772,13.518567744644484,795.1726170287217,747.7744715943253,13.936110568829914,608.5149032766253
2023-02-27,746.2359153519102,752.4000317034889,742.1892474948066,749.5297241210938,14312972,766.4919030761719,764.9621933504429,767.8720500954934,38.36910105252019,-2.9098567450504333,103713947.30802536,910915698.0,14.913940381328008,10.402804089109141,14.757302903106694,796.0418371542225,745.9053491250743,13.67001582881937,608.6588183079824
2023-02-28,749.1062491743884,755.3645090308413,747.5534305815938,752.682373046875,18993992,766.067001953125,763.0729902268172,766.7468888326327,40.74236298562387,-3.673898605815566,109663781.64058416,929909690.0,21.319303481863038,13.370404296856842,15.551637145855551,796.2025081075415,745.5611637674585,13.25152030170709,608.8545739850281
2023-03-01,758.5171315505515,758.9876756768235,750.8707894986306,751.9530639648438,14137256,765.7343273925782,761.3622323403597,765.6510499535373,40.35522336471895,-4.288817613177571,99296540.60820182,915772434.0,19.83753700773195,18.690260290307666,15.860113112440148,796.7541793690006,743.6213882579526,12.884760721456075,609.0020324836173
2023-03-02,750.0473080739062,755.6702871881341,744.400778778494,745.5535888671875,17391814,765.4223559570313,758.930133344487,764.1623491323262,37.030198749635886,-5.232215787839209,85462904.64243273,898380620.0,6.835467123543279,15.997435871046088,16.627713373005264,797.6141801044946,741.872056467771,12.769385556326366,609.1762888958757
2023-03-03,750.9883946707876,762.2814532372655,747.2240418152949,760.3522338867188,14986234,765.4585864257813,759.1489180432918,763.8801183733923,47.751166524841366,-4.731200330100478,96608939.04711106,913366854.0,36.90246696322005,21.19182369816509,16.574741112565626,796.4294791223109,741.0381234167515,13.052134043022912,609.3347767986643
2023-03-06,762.2814965476299,771.4335569717504,761.3639584627585,765.7164916992188,27004710,765.7376196289063,760.1593139903575,764.0161460271572,51.00732261046024,-3.8568320367996876,92949528.80479473,940371564.0,47.8012444239643,30.513059503575874,15.597746922795654,795.6019675849658,740.715158879878,12.91136183173782,609.6379745764685
2023-03-08,762.2814641639364,771.4570743807246,762.2814641639364,767.2457275390625,20099774,765.7479724121093,761.249531459389,764.2553742872983,51.92709110032348,-3.005842827909305,94598841.69036165,960471338.0,50.90825413267251,45.20398850661895,14.68825902265132,794.6428137607035,740.5614831142965,12.644522430669989,609.8640697912256
2023-03-09,766.9633760847794,774.4920821094851,765.5752938872618,767.3162841796875,20700166,765.744208984375,762.1828780317426,764.4821083534013,51.97189243356479,-2.2992303216586834,81982031.9750342,981171504.0,57.94904766072537,52.2195154057874,13.738019432485629,793.6473524621247,740.4605699011565,12.378255701495226,610.0993923216716
2023-03-10,757.7877342975839,759.3405528267886,745.8124097477674,747.5299072265625,27387000,765.3569506835937,759.9285748309456,763.2263897514132,40.55704916817187,-3.2978149204675447,61548995.01002063,953784504.0,12.316858100559767,40.391386631319214,14.284588900027424,793.1025407092063,738.0927107556374,13.030085610811284,610.3740905010087
2023-03-13,747.1769771657893,754.6586397364194,736.3779557619331,738.0719604492188,26443550,764.6723071289063,756.5660187722184,761.3630986919914,36.43736727709062,-4.797079919772955,40006300.76694876,927340954.0,3.6961925264511413,24.654032762578755,15.37344325464492,792.6810184962402,734.3475642674317,13.405128351073788,610.6235348327733
2023-03-14,738.871924998176,745.1536776871493,733.7194897165334,736.095703125,33185612,764.0718933105469,753.4167394418771,759.4914397611032,35.62311215078229,-6.074700319226054,20613727.049198043,894155342.0,5.82796743843386,7.280339355148256,16.537849572153934,791.7158474883431,730.8896212616569,13.264346895326796,610.9241578269822
2023-03-15,742.518613485844,744.8242911372867,723.0380756365349,725.531982421875,37264754,763.255029296875,749.1267768234152,756.9759244026418,31.56290177932067,-7.84914757922661,-8119501.789727334,856890588.0,4.846866077671024,4.790342014185342,18.18740998116382,789.8976738296276,726.5060310043568,13.873051795714291,611.2410897284203
2023-03-16,724.1673961598076,733.6253214248784,720.8971375220074,730.2374267578125,21753342,762.4320483398437,746.2207229671686,754.9952949474692,35.110694337968624,-8.774571980300607,2053550.0581109151,878643930.0,17.427556475144602,9.367463330416495,19.82487653292256,786.6571865044225,724.1752719916713,13.791275517654057,611.4209048183895
2023-03-17,732.872465807855,743.0832502208515,724.6379437201263,740.001220703125,22950876,762.0800805664062,745.2638764650081,753.8846227812214,41.847272724325556,-8.620746316213285,17334694.217450075,901594806.0,35.645308206142346,19.306576919652656,20.29240502089092,782.4438819822077,724.0783958498236,14.12370630215914,611.6224104454584
2023-03-20,737.7896651604547,737.8602582697146,727.1789292121517,734.872314453125,26503114,761.7229382324218,743.6651746170261,752.4763036458069,39.52593044611945,-8.811129028780783,29010099.948206455,875091692.0,26.07555066748383,26.38280511625693,20.726538616861546,778.7108416635773,723.3812664907197,14.03074810136015,611.8494364317239
2023-03-21,739.6717858973177,744.6360492011116,732.2607162133256,743.2008666992188,33050494,761.5822448730469,743.593742629671,751.789234242356,44.87356102486568,-8.195491612684918,54394781.52691148,908142186.0,41.61536008458265,34.44540631940294,20.408748293225266,775.7440547709971,723.482440590331,13.912504164676282,612.1469822529867
2023-03-22,745.3418983443586,746.3065367820185,736.5427461313584,741.4834594726562,14177324,761.3780297851563,743.269083682438,751.0258435186745,44.00933866172079,-7.756759836236483,54565592.659441516,893964862.0,38.410939892003945,35.36728354802347,19.9411968652173,771.5843849252335,724.3153648306259,13.616167485103698,612.2755986931534
2023-03-23,737.6955584005092,748.3298442303328,733.3665753885533,735.5310668945312,28364178,761.3295642089844,742.0786195612217,749.8780822872565,41.05789429631654,-7.79946272603479,34407378.610797614,865600684.0,27.30468234487746,35.776994107154685,19.75796780125546,770.3441924323491,723.1534333000728,13.71238901058054,612.527447372857
2023-03-24,734.0488101341863,740.5893847380188,731.6725394076448,734.3546752929688,31477748,761.0448840332032,740.8903204430289,748.7282002876797,40.48009591097463,-7.837879844650729,21866282.39108456,834122936.0,25.109714870580714,30.275112369154044,19.722912209777746,769.657621711332,721.8354874195275,13.369850176280076,612.7979941061543
2023-03-27,735.0840256124735,743.2009119510649,733.5312644287726,737.5543823242188,31872006,760.7442065429688,740.3770991939813,747.9005100681641,42.836456641807864,-7.523410874182787,16515374.995094506,865994942.0,31.07988063132226,27.83142594892681,19.37848373712942,769.3943412619108,721.0871040505892,13.10554998670952,613.0764003972428
2023-03-28,736.7309429231635,744.8243366596708,735.9780837810274,743.5538330078125,39276302,760.5517541503906,740.8658274730321,747.5785339896195,47.06786482992884,-6.712706516587332,44509909.266532004,905271244.0,42.27394143271267,32.82117897820521,18.862324682092012,769.0236678970762,720.8601883040958,12.801314478990514,613.4269528208158
2023-03-29,745.3419141836042,753.8117086629634,744.3537829822396,747.1300048828125,39763612,760.5752819824219,741.8295470745368,747.5453096113374,49.4689928416488,-5.715762536800639,28090234.236828513,945034856.0,68.2376088410193,47.19714363501807,17.64690576029732,768.5095721591968,720.819047225569,12.619640277287685,613.7991524447071
2023-03-31,750.8001333385878,758.9640617558965,749.2944152367569,757.3642578125,34711228,760.5813977050781,744.219502572685,748.2726391077198,55.66691729690377,-4.05313653503481,51315797.41451673,979746084.0,95.79739110633925,68.7696471266904,17.01992288457896,769.2234733093337,720.6462654601976,12.563527176987423,614.1386541576053
2023-04-03,756.4232674595263,760.2581563109369,754.1646325752299,757.8348999023438,40025398,760.3296569824219,746.3141790849402,748.9809547221363,55.93459083063382,-2.6667756371961104,59506806.50695036,1019771482.0,93.84351197414966,85.95950397383608,16.561306510128926,770.4815154148539,720.616354458193,12.101384074038819,614.534220225818
2023-04-05,761.6227158895156,779.2210778061225,760.3993126417233,778.162353515625,43365392,760.4204724121093,751.2138982281225,751.1425398179503,65.59639711147346,0.07135841017225175,97993591.90695024,1063136874.0,98.18475177544575,95.94188495197822,17.607574471262037,774.4993954442655,718.3794863916721,12.764583633305957,615.0055927675138
2023-04-06,775.7155959953157,785.4322869233307,775.0332725013459,784.0912475585938,44637344,760.4712915039063,756.271951971272,753.5831848357757,67.813136176495,2.6887671354962777,131118222.6800597,1107774218.0,97.92200161124991,96.65008845361511,18.948628520754657,778.8731831181234,715.8431743037517,12.595614403925875,615.5151761054905
2023-04-10,782.6324749897358,786.2791917678331,778.2799420610389,780.3738403320312,31813286,760.3334204101562,759.9799347960042,755.5676778354983,64.98578252233082,4.412256960505829,115959944.83498842,1075960932.0,90.41980553146576,95.50885297272048,20.24352450680824,781.6356475715401,714.3935211296317,12.267302639845042,615.8767324554755
2023-04-11,780.6327041791595,785.5263745720944,776.9153940999365,782.6560668945312,42361542,760.030390625,763.4685705034699,757.5742251732045,65.92508272365015,5.894345330265423,130080647.21651398,1118322474.0,93.86952829543125,94.07044514604898,21.26381943429399,784.7470867188675,712.8160602537888,12.006136770724527,616.3558920767683
2023-04-12,784.8675564297163,794.3725242452252,784.7734705857865,792.8197631835938,26955504,760.3715356445313,767.9841386081043,760.1850057665666,69.80935756403852,7.799132841537698,148315404.6736096,1145277978.0,97.52350647985993,93.93761343558565,22.748703618946262,791.7961034403736,710.2960291279858,11.985445383579489,616.6757891871562
2023-04-13,794.4196633355537,798.5369243988409,789.6436290142468,796.3723754882812,35330086,761.0928796386719,772.3515596665931,762.8655516718788,71.05152914655072,9.486007994714214,166447433.96816033,1180608064.0,96.76277750727134,96.05193742752084,24.35541178101565,798.7249733851053,709.1972006871603,11.764577526509104,617.1033673615449
2023-04-17,809.3358778899916,809.3358778899916,777.9506083917887,784.2323608398438,32405148,761.5869519042968,774.1793752317086,764.4482782769132,61.70807773748344,9.731096954795362,147014047.6278932,1148202916.0,67.67648991054645,87.32092463255924,24.366687900754293,802.1944379871348,710.5414018566152,13.166055524487232,617.4842043685902
2023-04-18,785.8087095801144,789.2201545767946,779.409320798374,780.9150390625,29637226,762.11490234375,775.2156312056766,765.6680383351048,59.40907358987235,9.547592870571748,126473971.4714439,1118565690.0,63.40507711505119,75.94811484428966,24.37715858336875,803.8555044312027,714.4186410766099,12.926396828339616,617.8163666006858
2023-04-19,783.455920428651,785.9498271151107,779.7621607601686,783.7852783203125,24741168,762.47392578125,776.5340384540821,767.0100561117869,60.77089852409449,9.523982342295199,133905393.8244355,1143306858.0,66.2941364607702,65.79190116212261,24.386881360082175,805.6953644499423,717.9335662141201,12.445058937382646,618.0926112578383
2023-04-20,786.608615497424,789.3142443011693,784.1147660202627,786.7027587890625,32922716,763.11904296875,778.0984569671559,768.4687748286221,62.160567842651794,9.62968213853378,133756639.49291024,1176229574.0,69.14694699337562,66.28205352306567,24.65896600525715,808.1091244999591,720.1899599726971,11.951052297630799,618.466641056219
2023-04-21,785.3381698695971,789.0789728078074,782.632541063875,787.9732055664062,20128618,763.2677355957031,779.6176490593482,769.9135474758654,62.77890515482891,9.704101583482839,146979866.3297982,1196358192.0,67.1252945078,67.52212598731528,24.70445701725753,809.773529064077,723.8356445199073,11.557865115223771,618.6943010188701
2023-04-24,793.8079228378825,795.9018211760426,787.7378922601202,794.3490600585938,35675852,763.6102917480468,781.884019982309,771.7235854449564,65.79941964617778,10.160434537352671,169084782.96571875,1232034044.0,75.03921928425834,70.43715359514465,25.284779386989126,812.4952910733543,726.2287018465674,11.315441100987957,619.1109037479858
2023-04-25,794.1372482409495,794.1372482409495,781.9972450217513,783.0559692382812,50353068,763.7039306640625,782.0643198678433,772.5630212814989,56.97941395812748,9.501298586344433,127514251.75843993,1181680976.0,52.36665675792012,64.8437235166595,25.02931701433102,812.9768805869766,729.9043633095079,11.389467810691853,619.6744074264277
2023-04-26,781.1032569655212,788.1614189260529,778.7505363120105,786.6557006835938,27392750,763.8714440917969,782.7706861471895,773.6069234594318,58.87187803853456,9.163762687757753,146141455.5121022,1209073726.0,53.65392505310651,60.35326703176165,24.370310584150072,812.565286264089,735.4284210113016,11.248140296645463,619.9759412341308
2023-04-27,786.0439668254863,792.9844927223292,783.8559251396049,790.9846801757812,47790392,764.1580053710937,784.0343775362036,774.8941646976798,61.088682412970634,9.14021283852378,172992784.5846586,1256864118.0,46.502029492241824,50.84087043442282,24.191560379398656,811.4530735202821,742.2036342433897,11.096742245651091,620.5144934435446
2023-04-28,792.7256815162565,795.6901325435074,785.8087057052971,794.0902709960938,27916272,764.4450378417969,785.5814380684943,776.3160984975623,62.64425156565995,9.265339570932042,191869436.93231505,1284780390.0,52.97538743522882,51.04378066019239,24.258301145824543,809.9538930265892,749.3564036042701,11.009934002262458,620.8323009684834
2023-05-02,794.6078641699639,799.4544917751125,791.4552414159737,793.9255981445312,32221184,764.7170129394531,786.8651550032691,777.6205058788192,62.501570360209925,9.244649124449893,179549572.46172687,1252559206.0,52.46745901371336,50.64829198039467,24.63477843172031,808.1103697022444,756.2371034422869,10.79488517061077,621.2042383516016
2023-05-03,792.8432860081309,798.0428214705033,790.349436654716,796.7017822265625,29407270,764.9000561523437,788.3784822683913,779.0339337564299,63.99062971291117,9.34454851196142,198704839.1962103,1281966476.0,59.745142019084724,55.062662822675634,24.815387239414388,805.7410789111764,763.5635719677298,10.573349430980526,621.5424775514309
2023-05-04,793.854984143066,816.1352370396936,793.854984143066,813.0061645507812,56854638,765.441181640625,792.167356465682,781.5503952967522,71.21906903860426,10.616961168929834,239589974.1157674,1338821114.0,91.8054133306753,68.00600478782447,26.249717570573896,808.0653591128557,766.8034824398787,11.409556821383891,622.2400460878091
2023-05-05,771.2218160178564,781.5502365207708,763.2696088675456,764.9400634765625,62770416,765.0779223632812,787.9785421596636,780.3200003471085,43.49770543397515,7.658541812555086,188291279.18641788,1276050698.0,3.1598122764707797,51.57012254207694,24.40310921278299,806.5274397076796,769.0519182024766,14.147199597230449,622.8486070645611
2023-05-08,769.3396359261823,776.562476677718,766.9869153270196,773.7862548828125,37244524,764.9701672363282,785.7951133478402,779.836019201605,47.544502507035595,5.959094146235202,203939354.58507523,1313295222.0,19.89316381718049,38.28612980810885,22.68840145197715,806.8476547130497,768.2940933338252,13.966857711796523,623.2134880477232
2023-05-09,776.3507029833665,779.2210104348776,771.668754839841,773.8097534179688,43688938,765.0092224121094,783.9512118201677,779.3896291435578,47.555247756976954,4.5615826766098735,185021282.17902738,1356984160.0,19.937613369694517,14.330196487781928,21.309817329028704,807.2059757396363,766.9076228931762,13.508671846313673,623.6462451909191
2023-05-10,773.8098014866703,778.5858357687807,768.4455870574889,777.3859252929688,46340550,765.0619226074218,782.9411677390602,779.2412066361069,49.258773681825495,3.6999611029533526,220394741.92650345,1403324710.0,26.702257995413895,22.1776783940963,19.82429279525611,807.2954590600053,766.519348068901,13.268070193812116,624.1022933885437
2023-05-11,783.5265400231958,794.2784615005197,776.0448771503153,777.9035034179688,35734618,765.4289465332031,782.1661424588923,779.1421175088374,49.51437123475552,3.0240249500549226,191945285.02305079,1439059328.0,27.681302684554055,24.77372468322082,19.55735133279581,807.3590530282588,765.9804977529911,13.622749776411567,624.4705127348816
2023-05-12,774.9862182343091,787.1262803299795,773.6922218164923,784.7735595703125,22478760,766.0364208984375,782.567283552957,779.559261365243,52.90543225561087,3.0080221877140048,206550587.38543856,1461538088.0,40.676620038908695,31.68672690629221,19.09412342252878,806.774865146519,765.7600652734029,13.60927182905983,624.6999850591748
2023-05-15,786.7498121014669,790.8670733789118,783.5030460062161,788.5379028320312,18512260,766.8537585449219,783.4858403651223,780.2243459183384,54.70087382193404,3.2614944467838995,213352350.2441412,1480050348.0,47.79720744488976,38.71837672278417,18.928358273406854,805.8894568142674,765.8620263400295,13.163182939319531,624.895385959635
2023-05-16,795.676954900202,795.676954900202,782.4457923499049,784.0164184570312,32722086,767.5434924316406,783.5674677638775,780.5052401804638,52.13009070166096,3.062227583413687,188398918.33721337,1447328262.0,39.244420820891754,42.572749434896735,19.105412308834048,805.8824270101373,765.8474619058783,13.168038625817928,625.2390885903898
2023-05-17,785.301454711313,785.301454711313,773.5695152985659,779.8043212890625,30466868,768.0859313964844,782.9885221523675,780.4533202625822,49.78287408115836,2.5352018897852986,190314592.46177936,1416861394.0,31.276867396097927,39.439498553959815,18.405873649695728,805.88758549702,765.7312316416518,13.065460110598584,625.542424650783
2023-05-18,784.3495737556991,787.1813951546842,780.5420515530016,782.9217529296875,49646942,768.7053051757813,782.9782499642629,780.6361671268122,51.52262481791679,2.3420828374506755,176256980.76717436,1466508336.0,37.173764394036944,35.898350870342206,17.900225875631712,805.8653373133126,765.6671272862967,12.65914680738595,626.0469151873708
2023-05-19,784.349572487076,785.3014530362109,776.5203782097135,783.8260498046875,30460332,769.4707543945312,783.1086807089436,780.8724547325808,52.04166153208004,2.236225976362789,196481373.96604663,1496968668.0,38.884321718836546,35.7783178363238,17.043483152387047,805.7338043858149,765.5109893153569,12.38214166589391,626.3515915106194
2023-05-22,782.9217499231227,786.6816897034832,777.0676613196846,781.0418090820312,28334032,769.8845458984375,782.7907004586493,780.8849994992067,50.25747569395585,1.9057009594425836,191572201.01073506,1468634636.0,33.617684739531505,36.558590284135,16.366758460749377,805.452034970707,765.0996190820274,12.184419288601392,626.6334137570724
2023-05-23,784.8255302252276,785.1110827766864,777.424635551752,779.2094116210938,22470074,770.154404296875,782.2397329451792,780.7608818786057,49.06524448878718,1.4788510665734975,179537130.1215203,1446164562.0,30.151543270502508,34.21784990962352,15.738371247085832,804.4106229339322,764.6270662750521,11.863135569768039,626.8547245489402
2023-05-24,774.6165900227895,778.0433366405689,767.97718856585,769.0242919921875,33588112,770.1899755859375,780.2065881831804,779.8915048499821,42.964280111222784,0.3150833331983449,152936840.4540243,1412576450.0,17.75734155719824,27.17552318907742,15.019156939653035,804.8244546696943,762.8100668146807,11.818070390159159,627.1652704028753
2023-05-25,768.9766492381739,771.0470358326252,760.2431571504617,766.0734252929688,29776930,770.1651184082032,778.0322554308402,778.8679434013144,41.35966927865333,-0.8356879704741687,155297903.0153954,1382799520.0,16.453974772009303,21.454286533236683,15.01082590418858,805.1135425376831,760.4627514076294,11.745628125302327,627.4282851762244
2023-05-26,770.5472775782725,770.5472775782725,762.5752782580527,769.0242919921875,26635066,770.5950061035156,776.6464149018168,778.1387840376754,43.62701575160368,-1.492369135858553,171756143.86200216,1409434586.0,24.78180550598808,19.664373945065208,15.003089942685873,804.4509010590735,758.9293540678797,11.47608321065358,627.6654055237115
2023-05-29,775.0687476227823,781.018001135392,773.3315539774645,778.4003295898438,21816292,771.4015734863282,776.916247930744,778.1581577822805,50.213953396188685,-1.241909851536434,178713064.3931246,1431250878.0,51.242524348142034,30.826101542046473,13.960303747094544,802.9737729210196,758.8374880653084,11.513056491550072,627.8731654877802
2023-05-30,777.4960157831825,781.803298478866,775.0925522713837,778.9952392578125,37125928,772.2595642089843,777.236092750293,778.2201638175051,50.60830429296557,-0.9840710672120849,184768884.46851492,1468376806.0,52.92145719121588,42.98192901511533,13.067730390373896,801.4099892709108,758.9082358267455,11.170034328402377,628.2278643820565
2023-05-31,775.7350816589801,778.1385452378286,763.7175894701995,766.6683959960938,43334270,773.0822924804687,775.6102932496469,777.3644773122153,43.00682519506774,-1.7541840625683562,159168674.37013343,1425042536.0,18.133079866323843,40.76568713522725,13.061805136787163,799.2547154154449,758.0601710591645,11.463435432631703,628.6147891730053
2023-06-01,770.9756034970274,770.9756034970274,761.5043811370012,763.4081420898438,50366938,773.7457067871094,773.7330392250618,776.3306747031507,41.24239519770804,-2.5976354780889324,129049726.80552535,1374675598.0,8.932107593251882,26.662214883597205,13.236389604542424,790.6754484728688,761.6796357556468,11.32113449887416,629.0484874440714
2023-06-02,767.4299050105108,768.5484111816887,761.9804118750365,764.5980834960938,17859710,774.2376440429688,772.3276614206052,775.4615938729984,42.17488140650275,-3.1339324523931964,125425967.15952814,1392535308.0,12.290317781880963,13.11850174715223,13.398503753172308,790.7120308784788,761.6088553519899,10.981624842286882,629.2013279196369
2023-06-05,768.405556827861,769.3574373566041,762.6704534029132,763.5985717773438,18697242,774.8121691894531,770.9847245524111,774.5828514955425,41.577998814509385,-3.598126943131433,111918883.8234493,1373838066.0,12.455954343992772,11.226126573041872,13.448923617974755,791.1798575583774,760.1222603615444,10.674864778815746,629.3611638903159
2023-06-06,765.1453792597074,766.1924246042752,757.8158875532016,761.2188720703125,32182852,775.172529296875,769.4822857090113,773.5929270936737,40.12207911296055,-4.110641384662358,105884724.6316391,1341655214.0,11.588372873687653,12.11154833318713,13.941861698322978,791.7707777253966,758.2722520597597,10.510698512548446,629.6284075842899
2023-06-07,763.1463823244543,767.4774851444025,759.6006506468581,765.1691284179688,24949026,775.6462426757812,768.8187230488509,772.9689420065844,43.64951634237723,-4.1502189577335,116210807.36603545,1366604240.0,25.47388368590824,16.50607030119622,14.225018033386041,791.6542570643115,757.1670930333447,10.322565368619589,629.8384972826959
2023-06-08,763.0512293631203,773.8788703848019,763.0512293631203,765.6450805664062,37395522,776.2485229492188,768.330470359244,772.4264337517563,44.076986541135476,-4.095963392512317,96732100.21849918,1403999762.0,27.12272803798822,21.394994865861374,13.660596132631168,791.3694809340474,756.2260268784527,10.358642200981155,630.1602132354809
2023-06-09,769.071884079425,770.3093171459678,764.8360041109486,766.5493774414062,18212578,776.8924169921875,768.056456064192,771.991096247286,44.93174214030335,-3.9346401830939612,89922102.41971375,1422212340.0,31.99643679665034,28.197682840182267,13.136490081930214,789.9704118350202,755.8026777645892,10.009690117698161,630.3160197553701
2023-06-12,767.4774909365448,769.0242967844355,761.242627040352,761.8851928710938,13408292,777.379033203125,767.1070309575615,771.2425108120125,41.41561265458315,-4.135479854450978,78728170.72313292,1408804048.0,16.964337378897117,25.361167404511892,13.052038314863553,787.6774259961886,755.430392607327,9.850545805297115,630.4278403357597
2023-06-13,756.7926157788348,765.787898549864,756.7926157788348,763.1702270507812,27926108,777.7713610839844,766.5013688180569,770.6445638667361,42.744991371386405,-4.1431950486792175,90401009.34791258,1436730156.0,25.49954892650115,24.82010770068287,13.440374659001282,785.9588180040712,755.0643814588195,9.789455588563694,630.6564258203463
2023-06-14,766.4779984934739,767.2157291646344,761.5996106374333,762.3373413085938,20113968,778.0755078125,765.8607492012163,770.0292140476145,42.07851815988382,-4.1684648463981375,75571363.97766826,1416616188.0,22.169428944664507,21.544438416687587,13.589350559961078,784.8585780557418,754.417923409102,9.491360084180647,630.8228261178103
2023-06-15,763.4081690695959,764.3362293276359,751.5096626938229,752.9613037109375,35377476,777.9874487304687,763.8762191257888,768.7649243930457,35.38913584167152,-4.88870526725691,48201548.438918576,1381238712.0,4.791900937263378,17.48695960280968,14.692296093818381,783.7291956818564,752.5512608611124,9.729589123440105,631.0981446292159
2023-06-16,755.3885761732952,765.8830237819631,753.8893527725784,762.813232421875,15779272,778.0870153808594,763.712682709802,768.3240583211071,45.240024868473135,-4.611375611305107,55903381.46028104,1397017984.0,37.313347952882644,21.42489261160351,15.479466171339183,781.0562225554528,753.1229522492348,9.957598476839065,631.2250459861793
2023-06-19,766.7397322709644,768.2865380623241,760.7190765711136,763.4795532226562,24829146,777.793359375,763.6768166348566,767.9652060915922,45.84145291353835,-4.288389456735672,49188705.65358204,1421847130.0,44.95078045070979,29.01867644695194,15.839963667869899,778.6876976190537,753.7352515996964,9.786874406437022,631.4292972779263
2023-06-20,763.4795863441324,766.7397655338744,757.0543927782061,765.073974609375,20005626,777.4130139160156,763.8917640155516,767.7510407966131,47.33208672772361,-3.859276781061453,62312781.28470716,1441852756.0,60.63832077978477,47.6341497277924,16.534856420262155,776.464973865381,754.5444316521972,9.779624288524975,631.5919222090143
2023-06-21,769.1194585200877,779.2331890235233,766.7397572251617,778.4478759765625,24308946,777.3744946289063,766.1311658557071,768.5433989580908,57.819248451526406,-2.412233102383766,83565700.28431651,1466161702.0,97.16734069965872,67.58548064338443,15.485662981860438,778.2342321036666,753.717531812349,10.092452154640927,631.8067663906786
2023-06-22,780.5420587415484,788.8948338899139,780.0899387150854,782.2554321289062,56596140,777.3664819335937,768.6118222054299,769.5591051188919,60.246212009158256,-0.9472829134620042,54808294.53025146,1522757842.0,82.24054739195131,80.0154029571316,15.236656474894366,780.9501304689594,752.61983413065,10.117773994548818,632.3355933053956
2023-06-23,779.3760033725223,790.0132566644794,777.7102124467696,782.2078247070312,21339218,777.1542431640624,770.703514897984,770.496047310606,60.19957234894905,0.2074675873780052,49070992.08917357,1501418624.0,79.72804314476035,86.37864374545678,14.726994127087753,783.1120649637825,751.7762529073112,10.273864724774606,632.5334579628001
2023-06-26,782.9217456214633,785.6584021791067,775.1638959666118,778.4241333007812,16130314,776.7952783203125,771.8913023445681,771.0833129395079,56.45862450119539,0.8079894050601979,42962807.925461344,1485288310.0,69.9011905939737,77.28992704356178,13.955993035470277,783.1165872972712,751.7741109449163,10.289624831040342,632.6791551110913
2023-06-27,781.9459938413746,796.2004388841344,779.8519032645225,789.3944702148438,33831864,776.8985205078125,774.5840974015335,772.4396949599031,63.53421588704403,2.1444024416304046,48625958.62107432,1519120174.0,84.77097681116997,78.13340351663467,14.246722614527334,785.690407476948,750.2402138609426,10.82438774191983,633.0018979585068
2023-06-28,794.8202701022742,799.5320905087439,790.2988374280397,797.747314453125,59562950,777.235166015625,778.1476692556246,774.3143334408826,67.82187661410714,3.833335814741986,85162023.93962102,1578683124.0,96.28345309300602,83.65187349938323,14.795132974862309,791.4641242713916,747.5743889122022,10.775332924204136,633.5936742951459
2023-06-30,811.0022646934046,813.2868013543485,801.126503547637,809.7648315429688,40699016,777.7547570800781,783.0118480690621,776.9402962632594,72.7806827814183,6.0715518058027556,102285843.347684,1619382140.0,94.29891074960022,91.78444688459206,16.277700874357144,799.703915559599,743.9702665693073,11.115629636848379,634.0257805946857
2023-07-03,815.0477075369154,836.4650195597832,813.8578568689782,818.5220947265625,44104116,778.3911437988281,788.4749629394468,780.0204294827632,75.7173264839219,8.45453345668352,76380569.04542258,1663486256.0,78.87958394250475,89.82064926170365,18.761703120231484,808.7809073801088,740.2856758718442,12.228812378274524,634.5314835109301
2023-07-04,820.2591813266209,831.4675971897127,815.6664045007061,822.5198974609375,38795188,779.0820776367187,793.7126451735222,783.1685382218873,76.94042909814719,10.544106951634944,71238859.37226263,1702281444.0,83.58535280965529,85.5879491672534,21.068276634257654,817.1632489355828,737.7954668847298,12.483982400469673,634.9747142084576
2023-07-05,816.8324802953441,818.6172562901628,794.1301528805213,796.390869140625,37165754,779.1229138183594,794.1246796299995,784.1479701417938,56.80230764984198,9.976709488205643,40935593.18727553,1665115690.0,52.829165931954336,71.76470089470479,20.989059899941246,819.0008661657652,739.4750493615785,13.62010827046585,635.3520879396666
2023-07-06,796.2480706331622,803.3157720134685,790.2512348589079,797.199951171875,52156544,779.4057934570312,794.5977983287496,785.1147835514295,57.176077934682276,9.483014777320136,44260697.535494514,1717272234.0,52.449589672593056,62.95470280473423,20.586513874724936,820.7865813747832,740.8924164279512,13.580424619329763,635.8595911726404
2023-07-07,792.4405342833114,797.1999368916196,788.2998772533539,790.251220703125,19926336,779.4777038574218,793.9290940786535,785.495260377481,52.939441712494514,8.433833701172489,33072083.935546942,1697345898.0,41.80401196961769,49.02758919138836,20.044822890820136,821.5825482650782,742.5570635513279,13.24611385498629,636.0466420175039
2023-07-10,790.5367672298996,798.0328262809959,785.1586190841284,788.3712158203125,38398442,779.4254345703125,793.0740358850626,785.708294113987,51.8206534705908,7.365741771075591,13837339.949319653,1658947456.0,39.436564489340846,44.56338871051719,19.266414336430596,822.1000772699144,744.2217183843825,13.21954909369209,636.402613771956
2023-07-11,791.4886945741436,797.6759182839835,783.1597395801282,784.5399780273438,50670426,779.2344287109376,791.7611039069519,785.621752181643,49.52372912886524,6.13935172530887,-27197317.364060834,1608277030.0,25.52908401657384,35.58988682517745,18.365478463715373,821.9894797063358,746.597794463586,13.312165494418034,636.8635970151394
2023-07-12,787.8477192419859,793.059300089919,774.4262267834906,777.1866455078125,70958358,778.8996496582031,789.5188795378535,784.996929465063,45.367333849270345,4.52195007279056,-77131255.30741256,1537318672.0,4.449504254984059,23.138384253632907,17.317916384419824,821.5987491037066,748.3901669119183,13.69223033813306,637.47530024801
2023-07-13,788.4902082197616,788.8471634159916,779.6139688187163,781.0655517578125,41913546,778.5869250488281,788.2183675716933,784.7057163015629,47.85354524256141,3.512651270130391,-105866049.86886355,1579232218.0,10.701892601719074,13.560160291092322,16.345180167931098,821.0988218600664,750.7629152004804,13.54710802170778,637.8382269400817
2023-07-14,787.0148217085513,787.0148217085513,778.1623442740598,782.6837768554688,24727214,777.9804772949219,787.3668920768896,784.5559430092596,48.8983494612308,2.810949067629963,-105334248.67127354,1603959432.0,13.310301026898227,9.487232627867115,15.568274111862769,819.2393265974999,755.5946577775001,13.211777265478043,638.0506768028287
2023-07-17,785.3014665523787,800.5315556006672,777.2104817454754,799.05615234375,49252928,778.6627990722657,789.1652398102528,785.6300325895922,58.055192720362896,3.5352072206605953,-62313274.72580169,1653212360.0,39.70084596757569,21.237679865397656,15.237427619292207,819.3215040886679,759.1367722785195,13.933869879029027,638.5001033179501
2023-07-18,808.1466074276965,811.0022491500558,794.8202793900196,798.3898315429688,81076818,779.1548706054688,790.5844077691322,786.575202882435,57.60280496392573,4.009204886697262,-107620908.31403679,1572135542.0,38.62680701394235,30.54598466947208,15.660890514318337,818.859032061761,763.0902721374576,14.094448441958118,639.2778693396964
2023-07-19,800.1031359885194,803.7440904903161,797.1999121073454,802.0068969726562,32935134,779.7188134765624,792.3417138004437,787.7182913335625,59.45002259537685,4.623422466881152,-92171453.322098,1605070676.0,44.45713553553428,40.92826283901743,16.054106059699745,818.3961160045704,767.2464804309765,13.55514343774473,639.590883462916
2023-07-20,800.1270061491508,805.2909465210954,799.5796632124352,803.744140625,56210948,780.2459777832031,794.0959333119139,788.9053912810764,60.34370282957354,5.190542030837491,-66408102.15543008,1661281624.0,47.25738933577847,43.44711062841836,16.527907394238778,819.1901935613186,768.982029339072,12.994867714238692,640.1285368055225
2023-07-21,799.579630855587,804.2438686081816,796.3670341244708,797.556884765625,42154248,780.6390454101562,794.6283873817156,789.5462426503021,55.64039138581384,5.08214473141345,-95826965.37264788,1619127376.0,40.55067018447944,44.08839835193072,16.605248740275666,819.392778426223,770.3095897378396,12.62929391205813,640.5208433085628
2023-07-24,798.865758677818,801.7928030146825,794.8678487126989,798.8181762695312,32179444,780.9199377441406,795.2729702875333,790.2330525480228,56.38665667204617,5.039917739510543,-91292999.04434247,1651306820.0,55.19660835771616,47.66822262599135,16.50593172056453,819.5711828874793,771.7922204328332,12.221841082767089,640.8173390833894
2023-07-25,801.7927618042407,808.6224928404387,798.818135211979,807.480224609375,55992596,781.2987841796875,797.1510094139705,791.5106208488637,61.21263757235066,5.640388565106832,-48347369.71147553,1707299416.0,90.37067370152208,62.039317414572544,16.963971406288554,820.1679828305241,774.1010296206478,12.049163693173702,641.351696294194
2023-07-26,808.9080601401223,808.9080601401223,803.3871647037367,804.6721801757812,24794358,781.7118994140625,798.3081126080954,792.4855511693761,58.935893843151895,5.822561438719276,-61599711.01634701,1682505058.0,82.69339155899847,76.0868912060789,17.411728616125206,820.8676893733237,774.9290940739419,11.582858817688834,641.5881898424673
2023-07-27,809.0508599687148,810.5262631557636,793.606563665649,796.3194580078125,59741302,782.0422021484375,798.0021657465134,792.7695442685194,52.66145805609484,5.232621477993916,-102183244.84393084,1622763756.0,59.85678542326918,77.64028356126323,16.67742395664437,820.8066048215582,774.8473929811763,11.9640617228621,642.1362015093913
2023-07-28,790.7747494680452,794.2967190449864,781.065556452594,782.2078247070312,41015684,782.0279235839844,795.5722671250546,791.9871946713722,44.11617281965284,3.5850724536824146,-136117024.52296555,1581748072.0,21.275134418809646,54.608437133692426,16.146382009848576,819.7033471666292,773.1949499525114,12.199050282316126,642.476416803083
2023-07-31,785.3252737562144,788.5378706114549,779.9233051581197,785.87255859375,34565006,782.0688537597656,794.0800042740847,791.5342586656224,46.54219438293573,2.545745608462312,-122940567.11148976,1616313078.0,31.294632575254205,37.47551747244434,15.749024079573553,816.1480498453666,773.4852936604927,11.943015651674632,642.7597293086304
2023-08-01,787.4193565216365,793.6065800321032,785.3014455592477,791.1317138671875,35394188,782.2706518554687,793.6264211345621,791.5044405324049,49.90325436296255,2.121980602157123,-108640770.44306043,1651707266.0,41.197111577612,31.255626190558615,14.859264735059918,810.4052796681027,776.0892454783817,11.683166996044699,643.0593230837153
2023-08-02,781.4938786258715,786.0153109321723,777.2818190970052,780.7799682617188,28116322,782.3020629882812,791.6500437695092,790.7100351790208,44.034564950831246,0.9400085904884463,-114233435.19909932,1623590944.0,10.563183847434816,27.684976000100338,14.730700832911479,810.3851656039753,774.5482694546183,11.83793326562596,643.2824816662998
2023-08-03,780.5420471940243,785.9439576692986,772.4510625584766,775.14013671875,57673946,782.4243798828124,789.1100580693924,789.5567093671489,41.19229409432518,-0.44665129775648893,-148919057.8428738,1565916998.0,6.975334349010179,19.578543258018993,14.99315892234988,810.6449562187328,772.0824973945486,11.956144825997105,643.7263995752425
2023-08-04,778.2337637923647,788.395077194218,775.4257045087109,786.3485107421875,37388304,782.8298815917968,788.6852046344378,789.3190650245592,48.33018382669403,-0.6338603901214128,-123330499.36953634,1603305302.0,36.049339624598105,17.86261927368103,14.961947706909159,810.5695304781259,771.7676521390615,12.048915943816452,644.0244496183255
2023-08-07,791.5363042964843,791.5363042964843,784.1354674624729,785.8964233398438,28300918,783.16732421875,788.2561613583464,789.0655360108766,48.07670901918686,-0.8093746525302095,-138163570.69088498,1575004384.0,35.3126459491988,26.112439974269027,14.58163334917558,810.5468844959295,771.5428188732111,11.716910293116095,644.2553407058188
2023-08-08,786.1105639241752,787.9667426988258,781.5177865447993,785.25390625,43773828,783.3043957519532,787.7942759570624,788.7831930656264,47.693861530157584,-0.98891710856401,-131217791.53066076,1531230556.0,33.62515099246959,34.9957121887555,14.467964504874038,810.5373854642529,771.6237107271533,11.340627854609696,644.6053384741608
2023-08-09,786.7292794057436,787.4431898226271,776.3061756996071,785.5394287109375,33361236,783.4352795410156,787.4473763807355,788.5429142245383,47.8924399667283,-1.0955378438028447,-109262094.40008216,1564591792.0,34.37504188328172,34.43761294165004,14.82039424541585,810.0832222436311,772.9131522680877,11.326084016639003,644.8674756276414
2023-08-10,783.8974605200834,787.3242072929075,776.2585957955158,778.56689453125,50781118,783.6732495117187,786.0811484038916,787.8039498028133,43.54482536956686,-1.7228013989217743,-138857218.20424438,1513810674.0,16.062507555663966,28.020900143805093,15.151818399396344,810.2681421220682,772.4783666669944,11.307478836692768,645.2577541449581
2023-08-11,779.7805663050679,779.7805663050679,769.2146572310627,770.4521484375,28225822,783.8141296386718,783.6766868706005,786.5186311831606,39.096551719529295,-2.841944312560031,-160471359.88884217,1485584852.0,2.995504964616726,17.8110181345208,16.054882569709893,811.448813564139,770.0745323831267,11.254509567929366,645.4616510081192
2023-08-14,766.7397821148392,768.6435432125793,761.6234241646625,766.6921997070312,31304410,783.8560119628906,781.063688845436,785.0500066293732,37.20031217783951,-3.9863177839372383,-146569975.88642564,1454280442.0,10.364992395004084,9.807668305094923,17.44644715463238,811.9380308884778,766.3489197951159,11.081239189708516,645.6737967918756
2023-08-16,753.4610522852615,766.0972900698399,752.6043946326229,764.4552612304688,34137542,783.8731457519531,778.508546135441,783.5244699331581,36.079151495661286,-5.015923797717164,-120741225.53608596,1420142900.0,20.460090290614975,11.27352921674526,19.294098107181497,812.203135386488,762.6903582658557,11.295993895758505,645.8954517989285
2023-08-17,760.3621686097279,766.2162572075501,758.648795246373,760.2194213867188,52884040,783.8531567382812,775.6948346356376,781.7981700408293,33.99012380809451,-6.103335405191729,-151673108.77409253,1367258860.0,18.264816993119496,16.36329989291285,20.992261214211595,811.8391157963703,758.8756302973796,11.029670186145552,646.2390576859431
2023-08-18,755.5790041108168,759.7434815021594,754.6033033112882,757.1019897460938,25633366,783.6918139648437,772.8343969603231,779.9688233523303,32.49871678086859,-7.134426392007185,-152385259.39040938,1341625494.0,10.969159496381085,16.564688926705184,22.808877620172986,810.8027111983993,755.24781980746,10.642987892523053,646.3983460387217
2023-08-21,761.7424231928525,761.7424231928525,755.3172293702323,756.507080078125,21837270,783.5090539550781,770.3225020553696,778.2309164431299,32.20828124052743,-7.908414387760331,-166134651.61263123,1319788224.0,9.518237643868586,12.917404711123053,24.177595064184327,810.1814189324023,751.764131604707,10.341716887529987,646.5345473057852
2023-08-22,759.7672260826693,760.5525391350785,751.9856144139075,753.2706298828125,32273570,783.2434790039063,767.6991371057454,776.3820063275508,30.605810823836592,-8.68286922180539,-188726325.70795456,1287514654.0,3.24903427151375,7.912143803921137,25.663133578720483,809.0629658347206,748.327830063717,10.21494601850435,646.7305705049762
2023-08-23,751.9856368495088,757.0068300057183,748.7730399832213,755.1268310546875,36498588,783.1083117675781,765.7649361748134,774.8075488999314,32.67472005127499,-9.04261272511792,-168894984.98208296,1324013242.0,14.858059068927389,9.208443661436574,27.243081806307096,805.0632871074805,747.0921694354882,10.07343487593239,646.9480811226911
2023-08-24,758.315629371338,759.6958096283671,750.1532424016966,751.6524658203125,43145792,782.8779565429687,763.5937868895056,773.0923575607003,30.822384442925227,-9.49857067119467,-198483590.48402163,1280867450.0,6.733409816420657,8.280167718953928,28.24607519586175,801.1367023723743,745.7167827350476,10.03551575812797,647.2045421552832
2023-08-25,749.3917688060429,750.7957693509784,741.7053218932105,743.1807250976562,30069756,782.49482421875,760.4533158446058,770.8766810819562,26.82857552204851,-10.423365237350481,-218792547.67507136,1250797694.0,2.9608150056236173,8.184094630323886,29.720501040130028,799.3661982334052,742.1734135830011,10.029203484483261,647.3681839251133
2023-08-28,743.1807047783941,753.2468527451717,743.1807047783941,750.9147338867188,28867238,782.4538928222656,758.9858416972386,769.3980183267536,35.096657972733325,-10.412176629514988,-203301196.92676684,1279664932.0,19.907326305876094,9.867183709306786,30.67605155295988,798.5418212680673,739.8684814663076,10.031842376075717,647.5309876007839
2023-08-29,756.602206748775,758.0062653722053,752.6756996106977,756.8878173828125,35538932,782.3353845214843,758.6630687257884,768.4713367753506,40.67235311315069,-9.808268049562116,-182675671.42766604,1315203864.0,33.19458509310467,18.68757546820146,30.79468070631346,796.5139027482521,738.9979258650292,9.821820169605065,647.743959753744
2023-08-30,763.3843741627429,763.3843741627429,748.9871809700555,751.3668823242188,28084204,782.0931311035156,757.5405785101624,767.2043401493409,37.468334129245584,-9.66376163917846,-201475841.0475007,1287119660.0,21.178861224593728,24.760257541191496,30.112305099336584,793.2566514987491,738.2786939602354,10.148632528396659,647.9096858467736
2023-08-31,751.5096931109757,753.4848568689334,743.942231130058,747.9163208007812,100075772,781.7499780273438,756.0599234779498,765.7755979753734,35.58171399192284,-9.715674497423606,-218197177.3444138,1187043888.0,16.312433455152206,23.56195992428353,29.917945479782325,791.7560684916052,736.4929122212855,10.105346329145146,648.4623722467003
2023-09-01,747.7021789710373,751.5097012064085,742.1574630961421,749.463134765625,43226776,781.170283203125,755.0450329068229,764.5672673672439,37.11044678914168,-9.522234460420918,-193889181.65385708,1230270664.0,28.79853417358557,22.096609617777165,29.887300993688203,790.6908324043142,734.990448113264,10.051552884939522,648.697477584309
2023-09-04,756.7449740898634,757.4350641917453,749.5582881568207,754.151123046875,25073638,780.6081970214843,754.9075083129849,763.7957011212906,41.63144636084305,-8.88819280830569,-189722663.80420706,1255344302.0,50.77652482067198,31.962497483136584,28.99292689265373,787.1121161199923,735.3494256280545,9.903008352166717,648.8415799566789
2023-09-05,755.9835433123793,755.9835433123793,747.5117831906283,749.558349609375,38712082,779.9552075195312,754.0845608201219,762.7410824907782,38.696495840961795,-8.656521670656389,-209730994.54534984,1216632220.0,32.03887414108703,37.204644378448194,28.361055146254333,783.1248283033972,735.7029060716029,9.800776335708452,649.0575882293886
2023-09-06,750.4626717587897,761.5044632364462,749.5583735890605,759.3627319335938,56320910,779.5739794921875,754.8965871452714,762.4908343013572,47.24640067089123,-7.594247156085771,-173604852.79380903,1272953130.0,81.44917877798032,54.75485924657977,27.010044876813005,778.6610987339061,737.5775182094533,9.954014713662934,649.3879810744382
2023-09-07,759.3627242455204,768.1676195125477,755.3886344878764,766.6683959960938,34208342,779.1194580078125,756.7076346607826,762.800283315782,52.55621629588587,-6.092648654999493,-147423118.6482336,1307161472.0,94.33449227266485,69.2741817305774,25.216986866953103,773.9879181822071,740.3635954896679,10.155798307306389,649.5999371197569
2023-09-08,765.454792722717,777.162912253546,765.1215996603405,772.6414794921875,34502210,778.6173413085937,759.1589954040757,763.5292608103307,56.418572851723674,-4.370265406255044,-138831609.23436332,1341663682.0,87.24833606737032,87.67733570600517,24.470275415723695,772.3267908578016,741.4321813101672,10.290477899156324,649.8283259156018
2023-09-11,775.2591658080961,778.8763004662131,772.9270467199085,776.639404296875,31573022,777.9548327636719,761.848289079891,764.5003825500747,58.83420222327835,-2.652093470183786,-131001253.1141294,1373236704.0,93.98214344842997,91.85499059615505,23.936292248937356,773.9066191920405,740.4710785618657,10.000788118789846,650.0442797744369
2023-09-12,780.5420536284578,781.9222920502413,773.4267697325184,779.066650390625,39033340,777.1657238769532,764.4972677430808,765.5793653530784,60.273891439253234,-1.0820976099976178,-118208849.8451021,1412270044.0,92.89941124737607,91.37663025439213,23.723435284810108,776.6653941493289,738.9497486729367,9.893269132999345,650.3144414917772
2023-09-13,776.4014183598308,786.0629713884649,775.1163447178508,782.3982543945312,46420094,776.363291015625,767.2512656894578,766.8252089857785,62.226621849131796,0.42605670367925086,-102869839.07935004,1458690138.0,91.73825250969232,92.87326906849945,23.894520831476406,780.2569819790305,737.1524601596415,9.968508957114688,650.6418902276307
2023-09-14,782.5648100082497,785.3014666343998,778.2099448009141,781.9223022460938,23538848,776.0739196777344,769.5083482366325,767.9435121902463,61.75956996605839,1.5648360463861763,-101763873.26488003,1435151290.0,90.5691351645388,91.73559964053572,24.053385981952257,783.6046116293927,735.9751185952167,9.763009876855481,650.8080926341978
2023-09-15,785.3014396620421,794.820244991279,785.3014396620421,790.8937377929688,173411202,775.9477954101562,772.7984081683766,769.6435289015592,66.81556525198864,3.1548792668173746,-71416912.91487998,1608562492.0,92.54405662403335,91.6171480994215,24.98352397532828,788.8248099572318,734.1340950720651,9.986933653164746,652.0985109034106
2023-09-18,787.0862065777616,787.6811319039731,773.9264467423288,775.3305053710938,37056288,775.6493811035157,773.1879615841792,770.0647864178211,53.58081492622217,3.1231751663581235,-100907894.94023153,1571506204.0,62.991435471461486,82.03487575334455,24.278046489828544,790.3070146497905,734.5342329088032,10.485530610127258,652.3487672672434
2023-09-20,761.0284981143387,761.0284981143387,742.6572151578558,744.227783203125,115474648,774.7665124511718,768.7325495255554,768.1509343278435,37.566144341981584,0.5816151977119262,-196638598.80556166,1456031556.0,3.93127752177114,53.155589872421984,24.11050134559872,790.7136458561502,733.2233170344748,12.07037058177802,652.9410459967908
2023-09-21,739.135251370074,746.7264755611649,731.544027178983,739.3018188476562,72841442,773.8617492675781,764.2047448058786,766.0139628107927,35.743973583289744,-1.8092180049141007,-195040303.85971656,1383190114.0,12.260201283973908,26.394304759068845,24.566384463009907,791.4621123691895,730.8923493007323,12.292661853235439,653.272125255154
2023-09-22,741.9908687672938,744.5609578028004,725.2139745248004,728.0220336914062,61704250,772.87845703125,758.6381738651905,763.1997458389862,31.92522816784323,-4.561571973795708,-238832801.69233155,1321485864.0,4.034204314908929,6.741894373551325,25.302606926004632,793.3618487433743,726.6295697136569,12.79654195500434,653.5292365531069
2023-09-25,725.8089091713953,733.2811481445774,725.8089091713953,728.66455078125,40208754,771.8304370117188,754.0268472368921,760.6415832421169,32.368464814606696,-6.614736005224813,-248308654.50571045,1361694618.0,4.957277890806344,7.083894496563061,25.98624207021402,794.6389778631508,723.9008231622399,12.416234599159896,653.6888295831124
2023-09-26,725.8089336271415,732.9480378923265,725.8089336271415,731.82958984375,27575308,770.8133532714844,750.6118845610241,758.5073615089045,34.626497851476074,-7.895476947880411,-229373519.91567174,1389269926.0,9.504338150304429,6.165273452006566,26.621046132694165,795.5172773263153,721.1140092947785,12.039296718161689,653.7992532137669
2023-09-27,724.8570336637764,729.3784662440822,721.0495114908872,726.6893920898438,39338538,769.3660180664062,746.9315011039195,756.1504748852705,32.71608259194146,-9.218973781350996,-215436547.64293158,1349931388.0,7.645146430496858,7.36892082386921,27.470443145222287,796.485418874635,717.1260252171618,11.949352549211769,653.9470059453502
2023-09-28,730.092393698201,731.8057670963707,722.6439166539388,725.190185546875,55354188,767.9020251464843,743.5866833259125,753.8571201194634,32.15878752275427,-10.270436793550857,-240022574.14896855,1294577200.0,5.612895330593144,7.587459970464811,27.96457465384002,797.4685250116169,713.5252494024456,11.750245255870345,654.1563110710919
2023-09-29,725.190182132046,730.7824804277163,724.5239122179133,726.4276733398438,32053782,766.3904406738282,740.9468356357481,751.8253092468989,33.17072755237392,-10.878473611150753,-252575811.63565606,1326630982.0,7.290373287298262,6.849471682796088,28.423411054699347,798.1775871257014,710.6673225422674,11.357982609722677,654.2781253558953
2023-10-03,726.7607434903796,726.7607434903796,716.7659984914942,717.74169921875,38971694,764.6703918457031,737.3768146485177,749.300597392962,29.8096374178201,-11.923782744444338,-283938565.1009189,1287659288.0,1.2500290131664893,4.717765877019298,29.315315957462452,799.4048885354183,706.267877577863,11.260608494662872,654.4118882709462
2023-10-04,711.5307271928322,730.5683386227407,708.7940705497829,727.9744873046875,54649430,763.2787438964843,735.9303027494668,747.7208855345713,37.805042466055475,-11.790582785104448,-242309319.80346733,1342308718.0,22.296024296592048,10.2788088656856,30.561778484359756,799.329754187043,703.7253483520195,12.011584178826798,654.6042734623663
2023-10-05,730.592097001056,738.4451110508064,729.4260085408247,730.9252319335938,48512674,761.9208850097656,735.1602918547171,746.47676304561,39.92996545128966,-11.316471190892912,-274693707.0640527,1390821392.0,25.726078751603254,16.42404402045393,30.71922037184176,799.2342982624002,701.9574925090842,11.901515576490521,654.8004035378642
2023-10-06,734.8517934917799,735.3277337725387,728.1172268994053,730.1162109375,17759356,760.3736047363282,734.3842794059145,745.2648702968611,39.53117878007665,-10.880590890946564,-282606135.5746364,1373062036.0,24.785642888511443,24.26924864556891,30.94601217596291,798.384484605574,699.882654066301,11.566443526250731,654.870358672799
2023-10-09,727.2367071568425,728.1885876635923,719.6216631028442,721.6444091796875,16454972,758.7130493164062,732.4242993711104,743.5152065104038,35.52958905333077,-11.09090713929345,-291290704.130192,1356607064.0,16.28953900590703,22.267086882007238,31.652391669923922,796.8325233184787,696.9322166717557,11.489879548279665,654.9282488393939
2023-10-10,723.6909795509304,727.7126514751427,721.1446527026108,725.7374877929688,33266292,757.3014099121094,731.3955591283193,742.1983384572604,38.75526361312084,-10.802779328941142,-278032446.2588781,1389873356.0,32.43726031503978,24.504147403152746,32.30831548574486,793.8294906731168,695.2448501471957,11.138316635726257,655.0479152364898
2023-10-11,728.2361968213729,733.9713003244922,727.4747040076344,732.7576293945312,31333360,756.3124060058594,731.6051084000442,741.4990266748362,43.93636218271632,-9.893918274791986,-258406259.15842307,1421206716.0,63.17437251225665,37.30039061106782,32.08922681804703,789.5883731597977,695.0977901702805,10.930852056854627,655.1707717507661
2023-10-12,731.0918078774481,738.6592694873204,728.9500767481356,737.635986328125,22025336,755.3476745605469,732.5329357735951,741.2128755380427,47.27436925913339,-8.679939764447568,-241023565.65401605,1443232052.0,80.6385961806302,58.75007633597554,31.31091806630311,784.4265008284574,696.1165960953708,10.84359067702107,655.261053847073
2023-10-13,732.9479779767113,737.1362753758481,728.1647552707753,730.9252319335938,39745300,754.143544921875,732.2855967212872,740.4508278636391,43.44256032140175,-8.1652311423519,-256310140.30496842,1403486752.0,74.10351235261393,72.63882701516691,30.650738711110023,777.5187957976154,697.8769988801189,10.745564989901682,655.4173384616586
2023-10-16,728.9025281188283,730.3065286849444,723.6671851156894,727.9982299804688,17856084,753.08791015625,731.6260018380843,739.5284132056265,41.84924376639771,-7.902411367542186,-250870095.67219567,1385630668.0,64.3028009652672,73.01496983283711,30.39466789052666,769.4151069515058,700.5882804996661,10.496456549044726,655.483005349491
2023-10-17,740.4441196236826,740.4441196236826,730.5683584267091,733.5191650390625,32902558,752.2554907226563,731.9172577151579,739.083283711807,45.8811422369098,-7.1660259966490685,-264110556.9946261,1418533226.0,78.12024060862906,72.1755179755034,28.934416735681186,755.0898824359626,709.1760477398186,10.635701770056807,655.6163259062788
2023-10-18,733.5191374824498,733.5191374824498,722.5249286163136,723.3102416992188,31216200,750.9947253417969,730.5931014050135,737.9149102293931,40.31479084730891,-7.321808824379559,-290867229.15463877,1387317026.0,45.86460866314003,62.762550079012094,28.242319905288788,741.4618122595614,717.6020915490324,10.661311388106245,655.729045125663
2023-10-19,716.4805010370388,726.4038441432918,715.4333975739614,721.0256958007812,30252364,749.6973107910156,729.1211928505162,736.6638573087552,39.16956850207257,-7.54266445823896,-290276684.34775805,1357064662.0,38.64646535756943,54.210438209779504,28.11446551350365,738.774538847722,717.9691562206373,10.683392472479401,655.8294778667449
2023-10-20,716.2901413957027,726.7608278479986,716.2901413957027,724.7619018554688,21094010,748.487470703125,728.450532697432,735.7822309788821,42.067977748485916,-7.331698281450144,-277236657.25858027,1378158672.0,50.45120552073263,44.98742651381403,27.95225260642181,736.8543783652102,718.4353250039304,10.66819918532344,655.901093185443
2023-10-23,725.0949903027843,727.5936766822326,713.9579765347504,716.7898559570312,22376136,747.1124792480468,726.656582429678,734.3753883846709,37.91660347073813,-7.718805954992945,-290318584.90797234,1355782536.0,25.263105875693952,38.12025891799866,27.975185862474728,737.4317449460165,716.7347406496866,10.880163539763354,655.9733059767324
2023-10-25,723.9051657643877,724.7618815075224,709.8411072533623,712.24462890625,28311996,745.7860339355469,724.4393588106891,732.7360728677509,35.750435797415605,-8.296714057061763,-309509272.0183219,1327470540.0,7.853872761946376,27.85606138612431,28.29690129398963,738.4249825733006,714.0995108349026,11.168778590791689,656.0589393618966
2023-10-26,709.7458910127507,710.1028461968309,694.9917434041034,696.490966796875,55561798,744.3068103027343,720.1396061931792,730.0512501958342,29.466856755393152,-9.911644002654953,-354046123.86467147,1271908742.0,3.2984488765314772,12.138475838057262,29.490370097163655,742.0027631261868,706.9878679773288,11.603357655888468,656.1838886047597
2023-10-27,699.3942286081159,703.439720913777,698.1567955224905,699.2276611328125,31940532,742.95751953125,716.9223838761998,727.768021376351,31.712277953751453,-10.84563750015127,-373037763.0597098,1303849274.0,9.31946375750625,6.82392846532803,30.598591128682386,743.7546629731662,702.4897950346462,11.270885974532293,656.2549909431278
2023-10-30,696.4196250388071,709.1272074640056,695.7771172709137,706.8189086914062,23310982,741.8047924804688,715.3680030785392,726.2162352515404,37.642423503101064,-10.848232173001179,-357787956.7312462,1327160256.0,26.021005436912947,12.879639356983553,30.83909948581206,743.9895930769353,700.4177372453303,11.419400561572264,656.3110093978535
2023-10-31,715.8141879021334,715.8141879021334,701.5359793668515,702.725830078125,32634824,740.6549206542969,713.4230533861678,724.4762052386948,35.83542853061118,-11.05315185252698,-384983643.39791286,1294525432.0,17.01580273088125,17.452090641766812,30.221098003755227,744.2848069927853,697.7523390033085,11.623601131122953,656.3937876728617
2023-11-01,695.9436574931386,703.1779263338101,695.9436574931386,701.77392578125,33877466,739.548359375,711.6308799084882,722.7945549085136,35.40970315396362,-11.163675000025478,-364255807.8666973,1260647966.0,14.921513331628772,19.31944049980765,30.055065871814822,744.932360583214,695.5080080691298,11.310077396090703,656.4685444177372
2023-11-02,706.7712947909392,709.3889662531279,698.2757726651078,702.8447875976562,45225154,738.4751135253906,710.2791733991294,721.3167943669687,36.32614083570834,-11.037620967839302,-372293738.89317626,1305873120.0,17.27752176391171,16.404945942140575,29.16382855460208,744.5123133275633,693.4150853540773,11.296014266942809,656.5752138643505
2023-11-03,708.199137794861,709.8173463691355,705.1769286315684,706.1763916015625,18095340,737.5332287597656,709.6479761995038,720.1952830510127,39.21570070835902,-10.547306851508893,-382594253.8225634,1323968460.0,24.607400377543186,18.935478491027883,28.28622152378448,743.2349621348495,692.217552513588,10.987196017266841,656.6209804844287
2023-11-06,712.9585155335187,712.9585155335187,705.8194115729027,711.292724609375,25593730,736.6565466308593,709.901014416407,719.535834277558,43.45918592973196,-9.634819861151072,-368944264.48923,1349562190.0,35.86387018914476,25.916264110199887,27.096228784758306,741.7796156754018,691.7905503402233,10.712332298934639,656.6893696885714
2023-11-07,711.0547598926815,711.0547598926815,703.0589401566255,707.8421630859375,41952848,735.7803405761719,709.5842680578731,718.6696364115121,41.361947011754474,-9.085368353638955,-360703428.5074241,1307609342.0,33.35398095106679,31.275083839251575,26.248689496969394,741.2761977676614,690.9137436385886,10.535293167064276,656.7954278384891
2023-11-08,706.2715403798568,710.7929729445535,704.867539822722,709.8887329101562,31399546,735.1145007324219,709.6311088043783,718.0191991151154,43.115354479380066,-8.388090310737084,-338887224.6771263,1339008888.0,45.69357706172097,38.30380940064417,25.46168872973683,740.216188180677,690.3888777372916,10.206017449547648,656.8763916403736
2023-11-09,707.247194905363,710.3883888620239,706.0573443082812,707.0806274414062,22116740,734.2378186035156,709.2387270562288,717.2089345466925,41.290915450662375,-7.970207490463736,-350553050.7135865,1316892148.0,37.08026740062244,38.709275137803395,24.730902303020883,737.8237453473944,690.2136203752618,9.786376528418723,656.9325250565486
2023-11-10,704.4391983755125,712.0066604639834,704.4154362203668,709.8649291992188,14015186,733.2973608398438,709.335065847458,716.6649341505833,43.82894986155937,-7.329868303125295,-344446144.3465937,1330907334.0,45.62056387340963,42.79813611191768,24.230377153983735,733.8636886588978,691.3965713508679,9.629579936647142,656.9686741704863
2023-11-13,710.1504630467579,711.9828214609443,707.1996566211728,708.5798950195312,20605914,732.44162109375,709.2188857200847,716.0660423630981,42.90700809358581,-6.8471566430133635,-353159901.29627115,1310301420.0,45.64356258013893,42.781464618056994,23.76560380130638,731.0630447968625,691.9626815214968,9.283407429727447,657.0222349310562
2023-11-15,715.8617723116951,719.1219516500604,714.1722191558722,716.0045776367188,41245460,731.8033862304687,710.2628383226438,716.0614894204034,49.51477372200781,-5.798651097759603,-363867764.1569686,1351546880.0,87.08103145415679,59.44838596923512,22.24808116162378,729.09154023268,692.7348208513044,9.373310944070425,657.143804561069
2023-11-16,718.526968163487,722.9532357029792,715.6951469311093,717.8844604492188,29713838,731.1718127441407,711.4353955728861,716.1965243114269,51.05924577109235,-4.7611287385407195,-375655972.07637805,1381260718.0,81.34842079662218,71.35767161030596,20.987512748158895,725.4781701377038,694.7847204872961,9.222223646056102,657.2346267436433
2023-11-17,709.150960451116,717.4799146846022,708.6750202092024,716.337646484375,23701874,730.4155432128906,712.1895880208075,716.2069778057194,49.71163104209367,-4.01738978491187,-358103836.0503277,1357558844.0,75.65660734390099,81.36201986489333,20.060368397065382,724.2051261772043,695.3605049263114,9.221310545624688,657.3013927807124
2023-11-20,720.0976111620864,720.0976111620864,714.6481184411415,716.38525390625,19331452,729.7520812988281,712.8350750801063,716.2201834427958,49.75558524494929,-3.3851083626894933,-365110709.38553786,1376890296.0,75.68276799548,77.56259871200105,18.843278150113218,723.3792306049269,695.7223563091355,8.95189498671899,657.3584835636797
2023-11-21,722.9532517209827,724.3810724946253,719.6692523219699,722.4534912109375,24959972,729.013896484375,714.3148314079265,716.6819099441396,55.13807640781681,-2.367078536213171,-360572728.5081139,1401850268.0,93.22167192908698,81.52034908948933,17.83516903527964,722.7842584393408,696.0864874102687,8.883603815408728,657.4383504499691
2023-11-22,723.4292156848503,723.4292156848503,715.6000214254268,719.8834838867188,29123650,728.0781982421875,715.1715471738945,716.9190635695159,52.569537334449016,-1.7475163956213464,-357828460.2071594,1372726618.0,82.7713581637508,83.89193269610593,16.7580318809883,723.3418527325059,695.8382559100721,8.80828884712407,657.5276585865604
2023-11-23,717.9559147890992,725.2615864919776,717.9559147890992,724.0479736328125,13046220,727.106328125,716.5371512444973,717.447130981612,56.13537149285319,-0.9099797371146678,-349116697.3247051,1385772838.0,94.53392698854675,90.17565236046151,15.610085301510685,725.2837212511878,695.0767218640466,8.700959051106521,657.5693715814109
2023-11-24,724.0002889439464,729.6878098208568,723.3577812226353,729.1880493164062,16469192,726.1573010253907,718.4834432555602,718.3168286360411,60.12052964852675,0.16661461951912315,-335248015.4406076,1402242030.0,98.12323800915259,91.80950772048338,15.112737525757149,727.6960414911715,695.9341098760159,8.531606875900454,657.6259976921958
2023-11-28,730.6635166472108,731.639217489901,726.1897243588629,727.546142578125,28489338,725.1268908691407,719.877704689801,719.0004815206399,58.29851341778846,0.8772231691610841,-349554949.24678683,1373752692.0,85.67867321913475,92.77861273894469,14.890137044423557,729.4171173626596,697.044882149059,8.311455894124567,657.7252028306578
2023-11-29,730.0448245376758,743.8946753966336,729.6164666558153,742.0623168945312,34042488,724.3201721191406,723.2907219520672,720.7087656224097,67.6368346368022,2.581956329657487,-324249977.7590916,1407795180.0,95.35867828171348,93.05352983666694,15.932394850723995,735.182162518033,694.8041778139982,8.885532817294855,657.8601993797565
2023-11-30,746.8217223659424,748.3922904739034,733.9713344551943,741.895751953125,69491440,723.5196411132813,726.1530342599223,722.2781720172775,67.4501895547404,3.874862242644781,-317369340.5711471,1338303740.0,85.22736873509793,88.75490674531538,17.266943373729635,739.4662135390007,694.4371189805305,9.280920188824439,658.1442153920489
2023-12-01,741.4673164281958,745.2034357173145,738.7068397786369,740.2774658203125,22153536,722.5073156738281,728.3260237307516,723.6114530397244,65.55736159346434,4.71457069102712,-328811137.4125992,1316150204.0,81.54750995419761,87.37785232366967,18.506167002234868,742.4315760569478,695.3221104664896,9.082039885242523,658.2343270584553
2023-12-04,755.7931984522389,767.2157656832551,748.9634667483301,765.9783325195312,50662456,722.3202722167969,734.118686621333,726.749740408599,76.72731913450725,7.368946212734045,-285018106.8404441,1366812660.0,97.93816496427017,88.23768121785524,21.02256611199486,752.1544714955928,691.9125695200321,10.357487026506814,658.4873833456392
2023-12-05,778.8762382765659,780.0660889308228,769.3574330425107,772.7841796875,52230820,722.8914001464843,740.067224016128,730.1596988737028,78.69749457585573,9.90752514242513,-303821428.73671144,1419043480.0,89.79997165791474,89.76188219212752,23.872398537388793,761.8021026235479,688.925717200671,10.623934839705726,658.7808667222741
2023-12-06,779.8043131063498,779.8043131063498,769.4288500664285,774.735595703125,38613060,723.6000756835938,745.4008196602814,733.4616171573638,79.2401632800412,11.939202502917624,-302935588.9023471,1457656540.0,92.53338922760301,93.4238419499293,26.51867150382602,770.1942450928664,686.8778618407273,10.60618685400684,658.9979757878664
2023-12-07,773.4029748186783,777.6864374484433,769.2146770080805,775.996826171875,20450386,724.5595715332031,750.1078975851419,736.6123733806609,79.60184311169272,13.495524204481057,-290642469.1609982,1478106926.0,94.30003944216695,92.21113344256156,28.941525638050837,777.2627883519832,686.6247848902043,10.453727824460838,659.1122787938293
2023-12-08,775.9967611157485,787.6811175488706,775.9967611157485,786.8244018554688,33728038,725.7227685546875,755.7565905498076,740.3317828973132,82.43162750534819,15.424807652494337,-261860418.49502766,1511834964.0,98.82694712819048,95.22012526598682,31.560763538734967,785.7876925174161,685.7934476193026,10.541629867936638,659.3153197062653
2023-12-11,785.3252847569863,791.8218231211551,783.8736436590868,785.7774047851562,23187620,726.8017248535157,760.3751773552459,743.6981252593757,81.25774106514453,16.67705209587018,-273940164.10121465,1488647344.0,92.06996134763679,95.06564930599806,34.128297332257866,792.3815101339393,687.0693077371544,10.356383410374615,659.4586229385334
2023-12-12,787.3004029090467,788.2761037408734,776.6631490683908,777.9719848632812,36581476,727.8273767089844,763.0823785103282,746.2369296744799,72.92058648440708,16.845448835848288,-302275823.8435868,1452065868.0,81.8295580139113,90.90882216324617,35.3916147064665,796.4271944992422,689.8343289382578,10.446138500525185,659.673127990654
2023-12-13,776.9486710952939,778.6382822943111,768.6911190243387,776.2109985351562,29346914,728.84779296875,765.1021662064555,748.4572310715671,71.14699312391043,16.644935134888442,-287251241.9095633,1422718954.0,78.86599523582358,84.25517153245723,35.476558043688335,799.1894278738796,693.835205915183,10.410497412628558,659.8355332841634
2023-12-14,783.3976391084825,789.5610420092219,782.9216988660107,785.372802734375,35172366,730.0266955566407,768.2207256722893,751.1917178614048,74.607355203757,17.029007810884536,-296453833.339235,1457891320.0,90.58042702716976,83.75866009230155,36.13964911329821,803.2971567208758,696.6642995779523,10.620464988445491,660.0489265292767
2023-12-15,785.3014522428057,793.8683771763635,783.6832436912758,788.4188842773438,138837130,731.4402392578126,771.3281346884515,753.949285744067,75.65285443928249,17.378848944384572,-306184604.8130903,1596728450.0,91.94798851313625,87.13147025870985,36.96026166544032,807.1950158289247,699.819882852716,10.589369881062792,660.9022036360598
2023-12-18,790.3939835778515,792.2977446588826,785.7535659428379,788.0142822265625,18014754,732.64103515625,773.8952343096994,756.4726188168444,75.2098969858109,17.422615492855016,-311752801.50399905,1578713696.0,90.88883909852167,91.13908487960923,37.72225903528656,809.9382758256886,704.2442864301709,10.300427654990072,661.012118340962
2023-12-19,785.3014022982954,789.4182970269486,782.469581086853,786.681640625,24008446,733.7561633300782,775.8623737428226,758.710324135967,73.67967524434631,17.1520496068556,-306655149.386828,1554705250.0,88.00151689488412,90.27944816884735,37.96692425406628,811.4697493039433,709.742451623791,10.061019675354748,661.1554481785563
2023-12-20,789.1089358562868,794.3204583634741,782.6599222184325,788.6329956054688,34232520,734.9264990234375,777.8270847986144,760.9268183188931,74.49788229598181,16.900266479721267,-305816665.50847995,1588937770.0,89.77325535951361,89.55453711763981,38.47121671651065,812.9996003018666,714.8305510653208,10.175270851760954,661.3630758173425
2023-12-21,788.6330297943629,804.2200736843843,785.4204329620684,802.7684326171875,36589240,736.5489794921875,781.664215232241,764.0261971558039,79.47532164126707,17.638018076437106,-274878006.1962768,1625527010.0,97.3729095076781,91.71589392069194,39.43182243936459,815.5435506436837,720.5750955965506,10.791297271086306,661.5997841697529
2023-12-22,801.2930309532678,802.3877168190046,793.4400164590572,795.2247924804688,48578850,737.9387255859375,783.7504578858144,766.3372042168901,71.45953211711964,17.413253668924312,-304077046.15796727,1576948160.0,74.68182982025291,87.27599822914821,40.32381346772896,815.9383991303787,727.2979289946213,10.686805763018016,661.9117465342003
2023-12-26,796.3670393549708,802.4114574124629,794.1301433741795,800.7456665039062,18045856,739.298486328125,786.3651053655208,768.8859792011135,73.56121444046613,17.479126164407262,-293291058.0298912,1594994016.0,90.2209135795791,87.4252176358367,41.15328805770766,816.701438100569,733.690651743181,10.514984925536975,662.0290440848707
2023-12-27,800.2935464846861,812.1920529741997,798.9133081122673,810.6690673828125,27009078,740.7591479492188,790.1041764451041,771.9810227701282,76.85968512891489,18.123153674975924,-272477510.8663299,1622003094.0,96.49895886570492,87.13390075517897,42.38336908227647,817.4463886528846,741.2579936713342,10.712396349565221,662.2146603127976
2023-12-28,813.5247493550813,819.2836151624632,810.0503620482701,811.59716796875,44076470,742.3725866699219,793.4107905256651,774.9155520441002,77.14685331708125,18.49523848156491,-301786110.01806897,1666079564.0,84.80713983210447,90.50900409246282,43.807117298601725,819.3345180639833,746.3233493676573,10.606743261324354,662.5298439608837
2023-12-29,807.6706471551279,816.1899897023279,807.194706879845,813.5009155273438,25011426,744.0826403808594,796.5015789874618,777.7737271169331,77.75662430464168,18.727851870528752,-291728650.6833578,1691090990.0,88.57004481587174,89.95871450456038,44.671873211110366,820.0905474774297,752.7278363116327,10.491638944264256,662.7065229263154
2024-01-01,811.9540925472842,813.4533160025139,805.2909288335316,808.1941528320312,14239686,745.5761401367188,798.3004365020109,780.027091984718,71.9902918757865,18.273344517292912,-295838702.47943306,1676851304.0,78.08081597682748,83.81933354160122,45.16817859292861,817.3294994398487,762.2805530503857,10.328663783517682,662.8046994930166
2024-01-02,808.5273577576969,810.4311188467442,803.72031452931,808.6701049804688,29242092,747.2833374023437,799.8957701140814,782.1487966510699,72.18949195548565,17.7469734630115,-281943721.5126427,1706093396.0,79.02157238295159,81.89081105855026,45.37039014628568,818.340499751981,765.5387299843471,10.070245250226003,663.0040097642946
2024-01-03,810.0503509202192,811.3353664280012,794.3205015364631,796.2005004882812,28389762,748.7868334960938,799.3272670947276,783.1896636019744,60.12497578830817,16.137603492753215,-304059825.3739982,1677703634.0,37.29805696715301,64.80014844231069,44.148022628428684,818.0457145783666,768.1751472380397,10.566289510319724,663.1876602612726
2024-01-04,798.6277704784982,806.6949347896507,795.1533832794579,804.7435913085938,26734056,750.3864672851563,800.1605477430148,784.7862508395017,64.50207077556874,15.374296903513141,-286365684.99569607,1704437690.0,60.504127789944,58.9412523800162,43.0129670761329,818.5336805213544,770.6879808555987,10.635951081739227,663.3621338220619
2024-01-05,802.9825869945355,811.4305262488427,793.9159021893756,800.6266479492188,31889470,752.063203125,800.2322554670462,785.9596135883696,61.02557698548939,14.272641878676609,-293818190.2216254,1672548220.0,49.32104649295966,49.041077083352214,42.32950544315188,818.2962355019642,773.3884080527232,11.127284865862647,663.5693726729188
2024-01-08,798.8657441354219,800.6981025574435,790.0608491300569,791.7028198242188,17998470,753.6523669433594,798.920034598919,786.3850362725066,54.20573898569971,12.534998326412392,-306260158.1637418,1654549750.0,25.080757839257977,44.96864404072054,41.12668765315556,818.247081361951,773.9254039896115,11.092282620257212,663.6794584563876
2024-01-09,793.4638459579813,798.5326215374907,783.7546526687285,785.5394287109375,25326888,755.4333361816406,796.8614798469218,786.3223986753533,50.0458349012426,10.539081171568569,-325469449.9869544,1629222862.0,7.862414358119352,27.421406230112325,39.15796864607909,818.2575545093764,773.8911332347643,11.355545923721861,663.8282735480692
2024-01-10,781.9698367009589,790.0370007605818,781.2083439147988,788.1332397460938,16115824,757.2114477539062,795.5186736775637,786.4565350509637,51.72488873302721,9.062138626600017,-316303874.0220687,1645338686.0,18.187384106212384,17.043518767863233,37.00797117150562,817.5140924007449,775.6507208316771,11.17505384672623,663.9206614991656
2024-01-11,790.0608434266506,791.441081820947,781.9698588855343,784.8255004882812,18314010,758.7715795898438,793.8735701099818,786.3357176759501,49.442593735350435,7.537852434031606,-323574273.45017916,1627024676.0,9.50001524599606,11.849937903442594,35.16109766924306,816.5589621705827,777.4673012571517,11.053351638775265,664.0251565911099
2024-01-12,786.2533374092859,788.1570985168144,777.496024695019,781.1131591796875,19773552,760.339326171875,791.9104299668595,785.9488614910418,46.93930917641076,5.961568475817671,-329930115.7486734,1607251124.0,8.656001564595067,12.114466972267833,32.86484837892445,816.9327205636473,776.6675785086184,11.025331794705275,664.1342509877412
2024-01-15,784.2067460183641,800.0079975668091,782.2554025648938,796.1528930664062,28320356,762.2269055175781,792.563116597559,786.7047156818096,56.53951385270745,5.858400915749371,-313909700.3327774,1635571480.0,44.6469111109013,20.93430930716414,31.92954984926738,816.9544227648361,777.4192771863358,11.587439408449297,664.3040735908521
2024-01-16,796.2481264171959,801.3169022605878,789.1566042873287,799.1751708984375,25322500,764.1535131835938,793.580355720771,787.6284531052635,58.17708728933404,5.9519026155074926,-297507046.299926,1660893980.0,51.87938802144688,35.06076689898108,31.176456542327198,817.0703895856352,778.4193992327241,11.62835787736428,664.4599537081849
2024-01-17,747.2262377731199,759.9814604852064,727.4271337931622,731.7581787109375,170145236,764.6651489257813,784.0692515654121,783.4899142612393,30.53657126132667,0.5793373041727818,-422379857.1238542,1490748744.0,4.879343812695081,33.80188098168108,31.80592736370154,829.4904465529953,760.5069960739579,15.922620679357928,665.0513444818027
2024-01-18,711.05478415983,721.049530121916,704.4154404385731,707.3186645507812,161070930,764.5856677246094,772.2614689477765,777.847599467872,25.75877842295138,-5.58613052009548,-527225887.9374488,1329677814.0,2.6625831594688933,19.80710499787028,33.113716771729614,842.440410865823,739.4255986556614,16.738343364572675,665.3900844139752
2024-01-19,716.742246499468,718.7888129572241,698.8707237178896,699.9415893554688,109600538,764.42765625,761.1353336258829,772.0767839039903,24.512074197070703,-10.941450278107368,-625041414.9763968,1220077276.0,0.9513748367536784,2.8311006029725463,34.47756168091301,850.4070736982907,721.1762514970218,16.965468069912802,665.5924341482124
2024-01-23,697.2524752517585,701.8690724970903,678.2148650059767,679.3333129882812,115469402,763.8165478515625,748.5504073739442,765.2068971694933,21.396594237318624,-16.65648979554919,-729591278.0543395,1104607874.0,0.839576947537377,1.4845116479199782,36.235732340045494,859.3048578133872,700.6893194327066,17.443235171427148,665.7018292281946
2024-01-24,656.9165548625093,694.1350605783177,656.9165548625093,692.9214477539062,86004404,763.5333642578125,739.9921058939383,759.8524194350055,27.903327169654503,-19.86031354106717,-649195699.3224605,1190612278.0,23.302030598497403,8.364327460929482,38.271253311332586,861.8056161151803,687.4061392559133,18.85575449602581,665.7625561420396
2024-01-25,691.3032338083291,693.6115324702569,675.5496226816266,682.9266967773438,98941852,762.994599609375,731.2128121836929,754.1542177566602,26.186242840545034,-22.941405572967255,-667315381.1407732,1091670426.0,16.833521060565403,13.658376202200055,40.16137992752774,862.3543898266037,674.0831284839433,18.799051302640414,665.8438789378264
2024-01-29,689.185343865902,696.2054629772883,688.1144782387415,692.3265380859375,65645498,762.6695324707031,725.230308476346,749.5743896329029,30.516845962452592,-24.344081156556967,-664612519.7729256,1157315924.0,24.522090051356336,21.552547236806376,41.691690094675856,859.6967521970935,664.8137031251722,18.404745223876425,665.921545172972
2024-01-30,692.278961629475,696.3957985974102,685.7823651492113,687.4005737304688,41728768,762.0974523925781,719.4103492846725,744.9689217882782,29.538799818554864,-25.55857250360566,-693616687.2386167,1115587156.0,21.110765602192096,20.822125571371274,43.162527823316374,855.6059052400786,656.2945159024995,17.84822295418518,665.9662755292943
2024-01-31,685.1160400118185,701.9880998697465,683.831024482051,696.0864868164062,65761040,761.6614929199219,715.8220627510931,741.3480006792506,33.581027310136605,-25.525937928157532,-670604405.3704723,1181348196.0,27.125926398164726,24.252927350571046,44.00898105423136,850.2268745858073,650.4627799552084,17.87028384229306,666.0484928066433
2024-02-01,697.276332024763,701.3455865690268,692.9928694951091,697.89501953125,32690740,761.2926403808593,713.0640561018865,738.1292613349543,34.424570707987144,-25.065205233067786,-664923221.395485,1214038936.0,28.378369863455045,25.538353954603952,44.79497334008099,843.4140901301296,646.1980558659641,17.190457644551962,666.0942022159134
2024-02-02,702.0119327389762,704.7961718356269,686.3297233112996,688.2810668945312,44867754,760.730556640625,709.2512885315242,734.4368024875156,32.09131126576254,-25.185513955991382,-700308653.5785341,1169171182.0,21.720523944140666,25.741606735253473,45.71216053795615,837.9890687954022,640.8311338413165,17.281599850250196,666.1481861283578
2024-02-05,688.2096354145765,691.017694647591,682.5221723860716,687.6622924804688,38605046,760.0347326660157,705.9299045236695,730.9720239684751,31.941252457509023,-25.04211944480562,-692198602.7119087,1130566136.0,21.292010837896758,23.796968215164153,46.66863884352445,829.7984734020557,637.3135993518505,16.65402287962657,666.1840571572875
2024-02-06,687.9954460673907,689.9705516103908,681.8319850207898,687.3052978515625,41075740,759.3831689453125,703.0645804202684,727.7374516635186,31.84872298818331,-24.672871243250256,-678026192.4878271,1089490396.0,21.044785235369574,21.352440005802325,47.57641511367963,820.961565915124,634.8183718290167,16.045776001767596,666.2208177024708
2024-02-07,691.541185788128,691.9219612287956,679.0001717742344,680.5707397460938,54837086,758.5136242675782,699.6039895473184,724.2436211511168,30.078544523642222,-24.63963160379842,-719533023.9987642,1034653310.0,22.95076557890456,21.76252055072362,48.50296973349987,812.7337226307678,631.9330071055603,15.822634105538564,666.2635292785197
2024-02-08,680.5232316876603,684.8542768320876,666.5543953924321,667.76806640625,69106124,757.285224609375,694.7061552179233,720.0602467255712,27.005597561243235,-25.354091507647922,-779472738.9318335,965547186.0,16.9203307656447,20.305293859972938,49.70157748774644,804.9320659150185,627.957527590841,15.999580343689777,666.2842361046673
2024-02-09,662.5802314910055,673.074679157808,660.1291275807857,668.0297241210938,56642124,756.0948962402343,690.6020888953342,716.2061339400543,27.169365884138173,-25.604045044720124,-766978130.3256459,1022189310.0,17.961473527557807,19.27752329070235,50.96969729061776,794.8594381886192,626.0198037547402,15.781435431784953,666.2862132791006
2024-02-12,666.1497808211195,672.8129443040051,658.3919315267757,661.5569458007812,34447812,754.4847888183593,686.1336053423261,712.1580459297378,25.637043462873578,-26.024440587411732,-786305254.4277178,987741498.0,9.691787929041547,14.857864074081347,52.188821914245246,783.9380131090292,624.6143733655803,15.684262385030985,666.2831386991918
2024-02-13,662.4850760102112,668.38674733795,658.8679413571392,663.6749267578125,57580994,752.9203723144532,682.6784240216316,708.5667037688545,27.08613812263259,-25.888279747222896,-785729585.0663162,1045322492.0,14.115342441226575,13.92286796594197,53.320866207613626,771.5957897427204,625.2127734897015,15.243872641872404,666.2764795701663
2024-02-14,654.8938162509576,662.2708904892496,648.9683830859233,658.7251586914062,91320810,751.289326171875,678.9933062785201,704.8747374668212,25.819825620985625,-25.88143118830112,-743091191.0957702,954001682.0,17.47655750656034,13.76122929227615,54.613430344053135,751.2996196797892,631.7661701151326,15.20549200115932,666.2381413891209
2024-02-15,659.1772689555795,673.6934470805941,658.867896162788,673.0033569335938,41584944,749.4298266601562,678.07177561007,702.51389446436,35.22703526888331,-24.442118854290015,-705377585.2034818,995586626.0,43.05198967386664,24.881296540551187,54.391869973487644,719.3441659180417,651.1044424803958,15.188548886018497,666.2422770696711
2024-02-16,677.6914199339494,679.499958255456,670.3381072757169,675.7876586914062,32175742,747.4898962402344,677.7203730071986,700.534173295993,36.90730735534421,-22.81380028879437,-699276485.3830425,1027762368.0,48.03929406146391,36.18928041396363,53.53928871460984,709.2132329648412,655.6383234316431,14.7580704641414,666.2548245808619
2024-02-19,680.1186569801763,680.1186569801763,673.5506579072265,674.4549560546875,34451756,745.4842834472656,677.2180011683507,698.6023794262667,36.420305008149285,-21.384378257915955,-724241437.6300129,993310612.0,45.65212690588527,45.58113688040527,52.67829297544647,705.1863454038873,656.3788401429877,14.173065364770567,666.2694668629133
2024-02-20,673.4554968823094,693.5639737326823,671.9325112240379,692.1599731445312,56133508,743.8075463867187,679.516766087763,698.1251641461382,46.517058523763524,-18.6083980583752,-675394674.8711619,1049444120.0,77.36575462849099,57.01905853194672,50.48921808332437,703.7903735848112,656.9966503409702,14.705808017904413,666.3171693761051
2024-02-21,696.7765671825233,696.7765671825233,682.9742991167492,684.949462890625,45893136,741.7700476074219,680.3525655958956,697.1491862753594,43.488134210431035,-16.796620679463786,-708152801.5719969,1003550984.0,64.45012530590827,62.489335613428175,48.15864579530348,704.1482253059078,657.200413610108,14.641269449895105,666.3606564364229
2024-02-22,674.7643169905909,680.0234802071118,672.1228252559591,675.6210327148438,50560882,739.5669201660156,679.6246374603492,695.5545082338397,39.87103106622466,-15.929870773490507,-713939558.9877102,952990102.0,55.74913612085075,65.85500535175,46.64321176954858,702.6815509614257,656.9370464506837,14.511652891664445,666.3815133994984
2024-02-23,677.0488459129338,682.4507562906595,674.8832944720778,676.1207275390625,29833452,737.5298950195313,679.0855743955358,694.1149689231154,40.15815938643447,-15.029394527579598,-734016265.3596177,982823554.0,56.79434382673031,58.99786841782978,45.000798858384954,702.3481214764873,656.5898790117939,14.015639243587106,666.3962143232785
2024-02-26,672.7653932346931,682.9028861469318,672.7653932346931,676.9298706054688,23506870,735.5442724609375,678.7539276586024,692.8419986773638,40.6523572870035,-14.088071018761411,-738209912.8458774,1006330424.0,58.486821969743055,57.01010063910804,43.605478381047966,700.8195148480114,656.578818892223,13.738628791347935,666.4074822137823
2024-02-27,672.7653611569481,679.0239289429319,672.5273910328217,675.9065551757812,32087150,733.3549475097657,678.315870353553,691.5875213809503,40.20019637458669,-13.271651027397297,-736916899.9868183,974243274.0,56.346361190852534,57.209175662441965,42.32511162325693,699.9053178491143,656.3436140356513,13.22133658554524,666.4204630860235
2024-02-28,675.9065800247834,677.8341032421655,668.2201331132823,670.7902221679688,25321986,731.0023742675781,677.1580783250016,690.0469806985071,37.92871403032443,-12.888902373505516,-748700304.4873803,948921288.0,45.64456796341146,53.49258370800235,41.41755505781176,697.2124875814002,656.5068178385218,12.963667552926525,666.4268354175243
2024-02-29,667.3158247372593,671.2661521215708,665.0313463556591,667.9345703125,53295700,728.6007800292969,675.739077092309,688.4090243736177,36.68283681349047,-12.669947281308737,-752361947.278229,895625588.0,39.67142359612345,47.22078425012915,40.77864073259271,693.6015778868112,657.1216826112355,12.483034568139752,666.4306037366381
2024-03-01,666.3163748525685,681.9034186214411,666.3163748525685,680.9515380859375,34738898,726.4861779785156,676.5409941682519,687.8566179819377,45.47493572634378,-11.315623813685761,-721865968.1179234,930364486.0,66.8989119841696,50.73830118123484,38.982403196500684,692.4601334874043,657.5301741297832,12.704749511049242,666.4454035784148
2024-03-04,681.0466821934766,683.926143965098,677.8817259876969,681.8795776367188,35616474,724.3511096191406,677.3623147018623,687.4138742526623,46.05011467324782,-10.051559550799993,-710368102.9555395,965980960.0,68.84008496180472,58.470140180699254,37.1048980149218,691.5012225943117,657.9108135385009,12.229011544360093,666.467892204932
2024-03-05,676.7870822098264,686.781828149634,676.6205147304654,685.758544921875,37991672,722.0109118652343,678.654042428018,687.2912572651965,48.49570956446511,-8.637214837178476,-680028245.0761003,1003972632.0,70.93535076734206,68.89144923777212,35.062489627431106,691.2039110501472,658.0534497896966,12.081318821132125,666.4947609009065
2024-03-06,682.2842060243784,691.4698184939584,682.2842060243784,686.5914306640625,42409530,719.8382446289063,679.8751790797172,687.2394182577051,49.029982006495786,-7.3642391779878835,-682665277.993655,1046382162.0,67.916000414646,69.2304787145976,32.688343293633174,692.1324952099392,657.7269347217014,11.87448265316412,666.5313811479978
2024-03-07,687.9716496105036,690.6131413072894,686.020306153416,688.2572021484375,49348046,717.5884753417969,681.1647210902895,687.3148096570186,50.143897811816935,-6.150088566729096,-683944345.7868313,1095730208.0,73.16331462757898,70.67155526985567,30.48377884082081,693.7587818917458,658.1495616141136,11.35436497464336,666.5770022899018
2024-03-11,680.5945917501401,688.1858158803897,677.263009832482,679.5475463867188,50531094,714.966044921875,680.9159249820478,686.7394568221816,44.649451232219135,-5.823531840133796,-713337990.1493937,1045199114.0,45.72719815127378,62.26883773116626,29.26261683671877,694.0143596520589,659.045766080363,11.328638356165657,666.6093169697832
2024-03-12,682.4983334774653,696.7765412908013,680.2376172403538,694.6586303710938,65418454,712.6272741699219,683.0301873495933,687.3260622702493,54.05570640895956,-4.295874920655933,-664674006.7128205,1110617568.0,93.32832862313161,70.73961380066146,27.232449189333312,695.9512261192746,660.4190680701785,11.750092395302579,666.67553381562
2024-03-13,697.4904551072725,700.3936790906084,690.1609634407918,695.0631713867188,63067454,710.2585192871094,684.8814156629973,687.8991814640618,54.27971022870593,-3.01776580106457,-667313753.2090507,1173685022.0,84.92602921915999,74.6605186645218,25.571403939718948,697.6611387553285,661.8479798970152,11.641708342053585,666.751383013921
2024-03-14,695.8722286409494,697.7284072375465,687.4005270408992,692.7072143554688,52432158,707.9487805175781,686.0853846926083,688.2553320486105,52.66917636528166,-2.1699473560022398,-665864366.7998834,1121252864.0,78.26369433048461,85.50601739092541,23.748381943719746,697.3974666124172,665.5098576063328,11.54786347452457,666.8084147236931
2024-03-15,690.113380474078,694.5396481536307,686.4248434405097,691.3746337890625,143613804,705.60287109375,686.899115322832,688.4863914367921,51.73415720130918,-1.5872761139601153,-634277843.4749985,977639060.0,74.49533273399628,79.22835209454696,22.14988550091878,698.3795201707005,666.3649317335964,11.302644991567172,666.9523446577288
2024-03-18,688.6855794956662,692.9690419804352,683.3550716427802,688.2334594726562,21437856,703.4435302734375,687.1043990381896,688.4676557357451,49.503252763254146,-1.363256697555471,-633959406.88495,956201204.0,65.61250721467819,72.79051142638637,20.988499996800293,698.8968427109887,667.0921892714332,11.18202537343059,666.9713588374003
2024-03-19,683.2122550181818,691.2556571705984,683.2122550181818,689.8040161132812,36183594,701.1447387695313,687.5197247420499,688.5666453933404,50.649146913530515,-1.0469206512905203,-610836353.6005261,992384798.0,70.05383367466251,70.05389120777899,19.925473234265347,699.421378314301,668.1025596739802,10.957838000501015,667.0032308416178
2024-03-20,689.6612853842456,690.898718491553,678.0483309425283,681.0943603515625,43606094,698.7540930175782,686.5312071435134,688.0131427976532,44.60424373405265,-1.4819356541398747,-633769850.1040887,948778704.0,45.42407910784677,60.36347333239582,19.487750612894946,698.4175855802442,667.9997911287402,11.093020111109851,667.0329018548418
2024-03-21,686.5914137546432,690.7083086610438,684.5449054767759,688.0906372070312,28922860,696.6818493652344,686.7711194609776,688.0188831242738,49.78833368228259,-1.2477636632961548,-629414763.0460414,977701564.0,63.896669180059426,59.79152732085623,19.081293893050997,698.7076019381327,668.0238922024923,10.987372125279242,667.0578553957786
2024-03-22,685.8299103277908,690.4703278334784,684.2831044925615,686.7103881835938,45980326,694.7052685546874,686.761776187534,687.9219575731123,48.81771504640219,-1.160181385578312,-639318390.579357,931721238.0,42.44228197927473,50.58767675572698,18.733383604078227,698.8996666856534,668.9407630018467,10.64450435496765,667.0962062514792
2024-03-26,679.2619310658056,684.3782889755447,676.8584675578115,678.4052734375,56844290,692.5107092285157,685.4761603798365,687.2170180075113,43.342425201086684,-1.7408576276748136,-672777262.9971343,874876948.0,7.507451174765951,37.948800778033366,19.192840584113075,698.807671348427,669.2612129289168,10.587891231454405,667.1262963327582
2024-03-27,677.5248045175975,689.1377007970832,676.430118641299,685.6871337890625,62168668,690.5279418945313,685.5086178274097,687.1036932505892,48.76807471014509,-1.5950754231795372,-644370667.4517672,937045616.0,38.62954825659158,29.52642713687742,18.895181757467753,698.8921768403953,670.0524337553078,10.739297726049388,667.1689817739599
2024-03-28,685.6870869824052,695.1107270623698,685.6870869824052,689.1138916015625,55592142,688.6879565429688,686.0632753311254,687.2525968321428,51.13933316998306,-1.189321501017389,-659531849.148121,992637758.0,52.929417509112255,33.0221389801566,17.807958989632677,699.126342388267,671.1390018500142,10.64532217990048,667.2212117494007
2024-04-01,693.9209247525555,701.4408043780343,692.7786564666604,699.8701782226562,25199570,686.7623022460938,688.1874142375148,688.1872324906993,57.74978016794545,0.00018174681542859616,-643470683.1909127,1017837328.0,93.72017955880708,61.759715108170305,17.023165370577026,700.3585257252682,672.8148141184818,10.765435793941288,667.253168064014
2024-04-02,697.3239085395613,711.4593115286774,696.4196103935304,704.4630126953125,41225446,684.8680590820312,690.6913524617913,689.3928458391891,60.224307729326036,1.29850662260219,-640600459.4340879,1059062774.0,80.02723369659542,75.55894358817159,17.273807347292685,701.476525872263,675.3496582097682,11.070740461170265,667.3156111770552
2024-04-03,700.6317022185069,711.840119494114,700.2985672486315,705.486328125,45584386,684.3426220703125,692.9675025638234,690.5849556381381,60.77553884053593,2.382546925685233,-645205800.460888,1104647160.0,82.05650602629429,85.26797309389893,17.54053255769085,704.1931083159758,675.0865547699617,11.104369874335427,667.3877033109253
2024-04-04,715.8141472270596,728.1885939211444,715.8141472270596,727.0463256835938,88935066,684.7371752929688,698.2103984284034,693.2857978637275,70.15883815941422,4.924600564675984,-572689682.8967531,1193582226.0,97.79307981663935,86.62560651317635,19.01147375735335,713.3271765327175,670.4691613579074,11.932791011607495,667.5923033028303
2024-04-05,732.472092925791,739.8491672859923,728.2600330558926,737.4932861328125,59055902,685.4882092285156,704.2539196136972,696.5604266244004,73.47055146479876,7.6934929892968285,-537643975.919688,1252638128.0,96.28521524127764,92.0449336947371,21.00819404879062,723.4794137157337,665.490398295985,11.994937482378285,667.7550747475373
2024-04-08,740.0633231598316,741.1580090549559,733.685769817321,736.0892333984375,20482940,686.6233276367187,709.151660195965,699.4884863854402,72.30908145059094,9.663173810524768,-544950142.8644996,1232155188.0,92.16910110290121,95.41579872027273,22.92655268832067,730.8700272468642,663.0495650382921,11.671887607753757,667.812829951382
2024-04-09,740.0157228493998,740.0157228493998,733.0908267268456,737.017333984375,21884494,687.5052453613281,713.4386869326433,702.2684010223984,72.61723579839493,11.170285910244957,-542017044.514345,1254039682.0,93.60295068459818,94.01908900959234,24.62090189498448,737.2382904178539,661.557315050896,11.332816787382358,667.8741904692516
2024-04-10,737.6598292677921,737.6598292677921,729.5926069070237,731.2108154296875,27807400,688.470927734375,716.1728605475732,704.4122835710864,67.5522719256202,11.760576976486846,-558668641.5227349,1226232282.0,84.63229133268705,90.13478104006215,25.675037141139747,741.0810760889052,662.8808562841417,11.099560042624223,667.9476066074341
2024-04-12,723.9051441433492,728.1172038752381,720.3117718979756,722.929443359375,41084208,689.0829858398438,717.2123348263119,705.7839250368856,61.015708769528196,11.428409789426269,-572196409.5693594,1185148074.0,71.83815882290078,83.35780028006201,25.41891563005819,743.3678807806228,663.4211328912521,11.085237434701911,668.0407081701666
2024-04-15,712.744354628043,718.6697875844189,710.1266832163116,711.3878784179688,23415248,689.5627319335938,716.3162646096437,706.1990326947437,53.27812257237499,10.117231914900003,-588698199.1470423,1161732826.0,54.00725954957746,70.15923656838844,24.06606705344203,744.1369520214085,664.2845323535915,11.207917628156306,668.083765850069
2024-04-16,707.723134865918,720.0499986664722,705.4624187323517,718.3128051757812,20744886,690.0072583007812,716.6234246967417,707.0963491748205,56.816595567280444,9.527075521921233,-572894212.3348552,1182477712.0,64.70578025457394,63.51706620901739,22.358705781151144,745.5016849881686,665.4803584688627,11.449322078582322,668.1228647473276
2024-04-18,718.5746227723537,722.8818472363878,709.6507429596332,711.3878784179688,34234884,690.2771154785156,715.817956038469,707.4142402298685,52.532051221862844,8.40371580860051,-598139577.4459616,1148242828.0,54.00725954957746,57.573433117909616,21.03954887764764,746.0384660912965,666.9449018286253,11.576592235594623,668.1872893578361
2024-04-19,707.5090455448243,730.5445085880524,704.5105985454876,728.807373046875,34576434,691.0876416015625,717.816327885916,708.9989167348319,60.58409284542975,8.817411151084116,-568177429.3746117,1182819262.0,77.73493652777682,65.4826587773094,20.4882240141685,748.2747629934044,668.7659962839394,12.609257793235349,668.261460993317
2024-04-22,741.2293931181929,741.2293931181929,717.8607373231763,719.7168579101562,42298438,691.7287329101563,718.1087171204146,709.7928383033744,55.31111899720542,8.31587881704013,-603756524.8281194,1140520824.0,55.59915762940992,62.447117902254725,20.77140155237947,749.0861508207674,670.9458926362638,13.377786221934008,668.3604139388876
2024-04-23,726.4277063996014,726.5228712207575,715.4572591959408,717.527587890625,26827060,692.3331787109375,718.0193126235238,710.3657827172449,54.090133294507815,7.653529906278891,-620545128.3943578,1113693764.0,47.1057349837966,60.1466097136611,20.766142594270658,748.6777891378488,674.9975770730887,13.212630922139912,668.4160458471864
2024-04-24,721.0495079638426,724.2621047815034,718.2176866008793,719.4788818359375,22441580,693.1113415527344,718.2438617331259,711.0408270964073,55.042723642836776,7.2030346367185984,-633621633.7362525,1136135344.0,46.86031659471023,49.85506973597224,20.76125927602676,748.7091397436528,678.1050509301753,12.749908491335516,668.4632291440199
2024-04-25,716.8850022713199,723.2863754008793,716.8850022713199,719.0267333984375,35445204,694.1365148925781,718.3643035277892,711.6323757113724,54.75919286847341,6.7319278164167144,-645348771.2597685,1100690140.0,39.53325544009114,44.49976900619932,20.592635577262964,748.1825885526075,681.863236642705,12.296441679780077,668.5362681942745
2024-04-26,723.3340487166979,727.2367357083223,716.5518998398369,718.5746459960938,24854694,695.1474133300782,718.3966639075284,712.1466179546851,54.457141239841256,6.250045952843266,-660792981.5851012,1075835446.0,38.30204017933798,41.565204071379775,20.76990219474043,745.6282514566774,688.4345109944945,12.181326978973313,668.5884131453752
2024-04-29,721.0494888370511,730.3065035897812,717.0278169075602,727.9506225585938,36093350,696.4752868652344,719.8665037,713.317284962382,59.452503409955405,6.5492187376179345,-637506867.8204225,1111928796.0,63.83658365116965,47.22395975686624,21.185839809244605,744.1899656022016,694.0991457259234,12.259709814919573,668.6701847157401
2024-04-30,727.8078515608014,732.7100596748052,721.0019404285753,723.476806640625,52307382,697.6713244628907,720.4219349216346,714.0698421237333,56.28038055797747,6.352092797901264,-667700745.5709226,1059621414.0,51.65258913274845,51.263737654418684,21.766788945232616,741.8114479791742,699.913954852857,12.220310488584596,668.7895991117315
2024-05-02,724.3810728038577,731.5201766751178,723.5957597583839,729.2594604492188,33475006,699.0820104980469,721.7815542335707,715.1949990367322,59.30295168789121,6.586555196838503,-653325564.8379301,1093096420.0,67.40107400510387,60.963415596340646,22.306241714364344,741.2048068347257,703.4595242199617,11.921957599006612,668.868962574266
2024-05-03,729.7354269424511,733.2335763454973,717.3371595343549,723.2388305664062,31865242,700.0867199707031,722.0057505924685,715.7908384093006,55.03664995223142,6.2149121831679395,-661530358.3387578,1061231178.0,51.00448486628746,56.68604933471325,21.875693466913578,740.2696140226482,706.2722988191487,12.2058475427306,668.9398340853337
2024-05-06,724.3811179159998,730.3303715125503,722.072819140174,724.6904907226562,28793396,701.0647766113282,722.4187875355743,716.4500719139936,55.86117478129475,5.968715621580714,-672068549.6307633,1090024574.0,54.95793751401976,57.78783212847035,21.47589866570929,739.1446073609732,709.3177217405894,11.923826459133862,669.0049750524415
2024-05-07,724.3572849338998,725.3568059991003,715.8855828201847,716.8374633789062,28480602,701.9124267578125,721.5601222807023,716.4787675780611,50.469418939344415,5.0813547026411925,-694824414.5334817,1061543972.0,33.570995390414474,46.51113925690723,20.243907088807767,738.9100895830494,708.5313532880444,11.74864051054684,669.0620745889767
2024-05-08,711.9828641584922,712.4588044555595,704.5582071438793,705.6528930664062,41687862,702.18228515625,719.1128562477337,715.6768509475681,43.96127290306169,3.4360053001655615,-724959956.1527984,1019856110.0,3.1109259827602616,30.546619629064825,19.759009544954402,737.8745385380619,706.3828650263913,11.786541633723994,669.1258612365615
2024-05-09,701.9881219750653,707.6042407521724,687.8765385640511,688.923583984375,46281278,702.261767578125,714.4683528226016,713.6951274688131,36.4003050382174,0.7732253537884617,-766328487.6286932,973574832.0,1.962491846169886,12.881471073114868,20.619436678896694,739.9501633953151,699.5906752277318,12.353767387609514,669.1730076240993
2024-05-10,703.8416684232827,710.1757304377459,697.8744453603952,703.3036499023438,27276608,702.815419921875,712.750706219485,712.9253883898153,45.13538742110365,-0.1746821703303567,-769527890.1804239,1000851440.0,28.915250115881662,11.329555981603932,21.098295751549728,737.8482275151924,698.3212426996514,12.989365892306752,669.2104242737669
2024-05-13,700.4178482944296,714.0153695113818,699.5863705416292,711.7898559570312,27047202,703.5288024902344,712.6028831021845,712.8412748762757,49.53989630690273,-0.23839177409126933,-750824151.8932484,1027898642.0,52.722396705461534,27.866712889171023,21.071488999792468,736.0949989762807,698.1323752912974,13.092196826410026,669.2524570071279
2024-05-14,710.3225117378679,716.8033334149392,709.3687543171948,714.5778198242188,25665142,704.2817614746094,712.906719520959,712.9699078353826,50.93352875895993,-0.06318831442365536,-740524539.421638,1053563784.0,58.869102935752316,46.83558325236516,20.710664552528453,735.5140288926916,697.8781830213709,12.688081274362483,669.2974553150102
2024-05-15,713.9663973831348,713.9663973831348,702.2765105947733,703.5971069335938,38931996,704.8355725097656,711.474471430595,712.275626287102,45.59253653454753,-0.8011548565069688,-770660307.9967908,1014631788.0,34.659601108195204,48.75036691646968,20.954080936568193,735.856210898006,696.7569238676191,12.660454699725552,669.3548245018699
2024-05-16,707.2900130261993,715.3604703553835,702.129787639036,714.2354736328125,34945236,705.7044775390625,711.899241000167,712.420800164562,50.95809147292676,-0.5215591643950575,-741657815.3626938,1049577024.0,58.11432218252973,50.54767540882575,21.002752847301192,735.6494448591862,696.5559567521419,12.70118527234141,669.4116286158002
2024-05-17,707.3632953926179,718.0261047546892,707.3632953926179,716.1185302734375,20920190,706.6681567382813,712.5483624268239,712.6947060985527,51.86300739846564,-0.14634367172880047,-728222861.0509336,1070497214.0,62.26595274028032,51.67995867700174,20.704199226209848,735.7661619387146,696.9123048581604,12.555586993036398,669.4482477403226
2024-05-21,709.2708774280177,718.8575901481447,709.2708774280177,713.5262451171875,43769978,707.3196508789063,712.698805917649,712.7563015814146,50.48204491480074,-0.05749566376562143,-733135442.2404853,1026727236.0,56.55066513984006,58.97698002088337,20.317521275988128,734.1644777730016,696.9858762309045,12.343524544971443,669.5247528805892
2024-05-22,713.061564600698,716.8522338864277,708.317137893562,713.7218627929688,39996278,707.9564965820313,712.8561992830828,712.8278246341223,50.58896471586254,0.028374648960493687,-722477602.2854241,1066723514.0,56.981949203680024,58.5995223612668,20.05493412570325,733.7810737912521,696.7697807009354,12.071493934106751,669.5929851037075
2024-05-23,713.4528580521371,731.5502462577371,712.670280233267,730.0584106445312,40861920,708.8424938964844,715.5026933386903,714.104164338597,58.623892069658474,1.3985290000932764,-688073243.42732,1107585434.0,92.99961845774477,68.84407760042161,19.177084274242812,735.4872080551172,696.3167287124609,12.5578133691327,669.681372286449
2024-05-24,727.5639000532791,743.411354254635,726.8302221708724,742.0906982421875,31060206,709.9524792480469,719.5931556315361,716.1772409240482,63.35097309994084,3.4159147074879,-661960811.5110842,1138645640.0,97.62193140280581,82.53449968807685,19.375635958216233,739.683822368037,694.381296040166,12.845193277320547,669.7637975595611
2024-05-27,745.0987865205918,755.6882158556692,742.9956124235554,747.2264404296875,29385440,711.1318640136719,723.8444302158671,718.4771816281695,65.17956702051686,5.3672485876975315,-671756142.4858612,1168031080.0,87.52165443483634,92.71440143179564,20.376116026083498,744.6468616561888,692.2382274551394,12.898930729903489,669.854459721658
2024-05-28,748.4003489217613,751.3106403808915,745.8080561970406,748.5960083007812,27908904,712.5128332519531,727.6523653058539,720.7082058261408,65.67146509323368,6.944159479713107,-671384266.0306526,1195939984.0,89.54131819452192,91.56163467738803,21.30513323196024,749.2607782529606,690.6264470888364,12.370620262328304,669.9403025049189
2024-05-29,742.4820364108302,745.343368285666,734.2892998430559,737.7376098632812,35147706,713.3744128417969,729.203941391612,721.9696431622252,58.602962486335535,7.234298229386809,-684603360.4218183,1160792278.0,73.528739135602,83.53057058832007,20.858603323315684,750.5832716914117,690.282652380854,12.508912276285233,670.035186505232
2024-05-30,733.2865663042003,745.2210718425315,732.5284683137548,740.9412841796875,33755350,714.2919750976563,731.0096864359314,723.3749499042594,59.971897981755696,7.634736531671933,-673611776.7613952,1194547628.0,74.49235441721069,79.18747058244486,20.262171566657887,752.7427307293594,689.8696410968125,12.522033080034621,670.1266460767831
2024-05-31,742.9711567997916,751.2861730378406,740.5255637886007,749.109619140625,74079588,715.4200231933594,733.7942914674227,725.2812216995458,63.30388761354229,8.513069767876914,-629500420.5279965,1268627216.0,88.27383185308904,78.76497513530057,20.18226293393771,755.8586599778992,688.7387277174134,12.396217092120713,670.3478528941527
2024-06-03,782.1006510598036,782.1006510598036,758.1338393637872,768.9922485351562,72637256,716.9723754882813,739.2093617855355,728.5190755392206,69.87688531975057,10.69028624631494,-636319572.9990586,1341264472.0,83.60852695102552,82.12490440710842,21.801711185954048,763.8447194309977,685.3280100611898,13.867275294053416,670.6276025096946
2024-06-04,761.5576767505091,762.5359139717687,711.1784598556457,725.436279296875,89531240,717.7164318847656,737.0904260180492,728.2907202620098,49.12006235427212,8.79970575603943,-676139616.2024626,1251733232.0,29.143728929387287,67.00869591116728,20.49849817497081,763.8837503675634,685.3635579820459,17.006311964443213,670.8434071186578
2024-06-05,730.7676825234078,762.8293715571574,725.0449589672231,759.0142822265625,81631650,719.1006372070312,740.4633269732051,730.5665396667915,59.185519038578406,9.896787306413557,-610992649.4676894,1333364882.0,71.13152485077988,61.29459357706423,19.272232840329377,768.541398699085,684.9235915352899,18.49046200912115,671.0888752915674
2024-06-06,765.4217485737847,765.6907279935466,756.4708538492135,762.8782958984375,46422870,720.7363159179688,743.9117837309332,732.9600030913579,60.16219564027887,10.951780639575304,-592891460.9768293,1379787752.0,74.28012405608045,58.18512594541587,17.96824726528212,773.041099005835,686.1464315117431,17.828277161636287,671.2504671365218
2024-06-07,763.5386254919762,774.9350532132264,759.1365580281006,769.5547485351562,36712216,722.3655981445313,747.8568552392751,735.6707249760836,61.86045424277912,12.186130263191444,-581184526.197928,1416499968.0,82.99633348119363,76.13599412935132,17.133827548684515,776.1837570884132,691.0668898842431,17.683292734742682,671.3865770773012
2024-06-10,769.8726709652803,773.1253215736912,761.8511140405344,763.660888671875,22454058,723.9046081542969,750.2882449981365,737.7440704350312,59.451065975282,12.544174563105344,-596429778.7152295,1394045910.0,75.00828898404181,77.42824884043863,16.35900924041531,778.7304348640415,694.5559359855678,17.2255009346294,671.4682047551513
2024-06-11,761.0685352077824,768.4053141461608,759.2098606606493,765.372802734375,29545326,725.6439587402343,752.6089461883271,739.7906431979454,59.93913455605403,12.818302990381653,-586371591.3106453,1423591236.0,76.41380216627053,78.13947487716865,15.461923841898804,781.561719934075,697.0829455932687,16.651926116835266,671.5732670457498
2024-06-12,770.3617837844503,776.867084952485,766.1553758270626,769.946044921875,39280436,727.3291369628906,755.2761921473344,742.0243766589773,61.2799357966886,13.251815488357124,-597850836.4768558,1462871672.0,82.86205497664322,78.09471537565184,15.142123858078067,784.7359499645235,699.4455380725859,16.283522981212034,671.7225825826099
2024-06-13,773.6633739890733,775.5953686473473,769.8727046997321,773.1742553710938,24120192,729.0103442382813,758.0297403356051,744.331775082097,62.24064287095797,13.697965253508073,-594139921.5588417,1486991864.0,87.4138185282317,82.22989189038181,14.845166730244527,786.3995991225514,704.7396037583079,15.529175907383687,671.8157905138072
2024-06-14,774.7638445917822,782.1006234231438,771.6823735998668,781.073486328125,25540554,730.6344104003906,761.574932026762,747.0533833225435,64.55793904411073,14.521548704218503,-573635463.042388,1512532418.0,98.5517019225735,89.60919180914948,14.96638956648396,789.8767942948583,707.9462098555324,15.164109758518928,671.919568175786
2024-06-18,781.0735025569608,787.7255035609028,777.4295331708895,786.4049072265625,32415714,732.2732482910156,765.3949282113467,749.9683110191376,66.07138169328097,15.426617192209164,-549535249.4686412,1544948132.0,98.27479119974221,94.74677055018248,15.406482771659709,793.5941182502991,711.2575235954041,14.816385517911382,672.057869781668
2024-06-19,789.1439561574068,816.7791568814715,784.5462294053054,810.88525390625,90131196,734.3812268066406,772.3934398567164,754.4806771589238,71.98661487297088,17.912762697792687,-492365659.2463029,1635079328.0,94.41868932571525,97.08172748267698,17.133892126206476,801.8011482822396,712.7863944423698,16.06042422921529,672.509841040815
2024-06-20,816.7302710324444,822.4284550188385,808.0239359751494,816.5101318359375,41408742,736.1705029296875,779.180623238135,759.0754515794432,73.14514857159958,20.105171658691802,-484983782.98337656,1676488070.0,94.68015870542793,95.7912130769618,18.93953884416919,809.3039170899185,715.5624525389878,15.942145287391991,672.7346454145147
2024-06-21,818.2220588199829,818.2220588199829,803.6952599143053,814.7493286132812,51630776,737.7156237792968,784.6527317573882,763.1994424708386,72.1393803893373,21.453289286549648,-458038384.2058242,1624857294.0,93.0974141668117,94.06542073265162,20.238552853789116,816.295450870678,717.0400105551032,15.841049117269531,673.0072499876413
2024-06-24,805.578328826498,819.322549453447,804.9669305805763,818.001953125,28544994,739.3538781738281,789.7833811985593,767.2588877044801,72.88118722065548,22.524493494079138,-434745189.46376914,1653402288.0,96.02112172018954,94.59956486414303,21.489970513238454,823.487059779302,717.4395271347605,15.734946956955325,673.1595310310665
2024-06-25,817.3660770202004,839.792152792842,817.3660770202004,837.0531005859375,74521548,741.3545935058594,797.0556457196944,772.4288293994028,76.78078244499383,24.626816320291596,-378427308.71083605,1727923836.0,97.61296802511178,95.57716797070434,23.39778893364465,834.1971932662626,715.7120596634248,16.212884729504346,673.6041702465805
2024-06-26,835.3900815866517,836.8330172679852,827.1484451910353,832.2352905273438,47596666,743.3750830078125,802.4678987670252,776.8589376311021,73.88722934036446,25.608961135923096,-376023442.61872834,1680327170.0,90.9304555242101,94.85484842317048,25.169334609736122,842.0411688729162,716.2320122794276,15.762296919889906,673.8880520797483
2024-06-27,829.5940504605475,837.8601667911611,824.9474237328674,829.6185302734375,55074650,745.5088647460938,806.6449189987809,780.7670556046083,72.29363445741748,25.87786339417255,-391252250.92990524,1625252520.0,87.38633996924924,91.9765878395237,26.59743417829339,847.2875013843911,720.1737718089682,15.55875735834732,674.2126545539268
2024-06-28,830.3277429088527,834.7298104121821,821.2301486766776,823.5779418945312,26476046,747.752666015625,809.249999444281,783.9382323668249,68.61467061550363,25.311767077456125,-408519135.6261226,1598776474.0,79.87869236616919,86.06516261987618,27.550983648545195,850.4928351328595,725.2321038319842,15.411679099572837,674.3639553729743
2024-07-01,821.7192786483325,835.0722408091129,821.7192786483325,834.0450439453125,21187024,750.0673107910156,813.064621675209,787.6498480393054,71.33664699330997,25.414773635903543,-390591799.52818024,1619963498.0,92.86802510146828,86.7110191456289,28.451657430653235,855.1697814158766,729.048700029436,15.264627889659092,674.4878067287042
2024-07-02,838.838389794792,848.5718617693514,832.8466870105435,846.4686279296875,45921690,752.76892578125,818.2036995605133,792.0067946978522,74.19707917801671,26.196904862661086,-356954113.21830845,1665885188.0,97.44804232355088,90.06491993039612,29.84805801587694,862.3209480279774,729.6451713567882,15.297524094598288,674.7768003388056
2024-07-03,876.011439989327,877.4787958352052,863.1231764177352,865.0796508789062,123217802,755.4943713378906,825.4153843787276,797.4195988594118,77.77516843288925,27.995785519315746,-446586115.015043,1789102990.0,88.47728337172958,92.93111693224957,32.006581073594305,867.5036730501037,738.4267834928652,16.419855795378247,675.6663877368647
2024-07-04,860.7264431387283,860.7264431387283,843.6561923193672,844.7811889648438,45848658,757.9956579589843,828.3947389304378,800.9278647931476,66.88167855656425,27.466874137290233,-486391559.35691667,1743254332.0,69.09384440465537,85.00639003331194,32.36397361410441,870.932683319679,743.574463897118,16.777255992818308,675.9631915492325
2024-07-05,824.1648208478706,824.1648208478706,803.2305213970031,806.1163330078125,82242548,759.7674328613281,824.9672918654185,801.3121957720116,51.95424729864817,23.655096093406883,-545959692.0531735,1661011784.0,28.672674913330106,62.081267563238356,30.311351320546436,869.7707514880894,749.060199439645,18.546785391034184,676.375504653758
2024-07-08,804.746893068618,809.466840007828,795.8693781334305,799.880126953125,39087800,761.3754577636719,821.1077280327579,801.2061166002422,50.01528481867371,19.901611432515665,-561988578.6820482,1621923984.0,16.500025918670946,38.0888484122188,28.2246999776292,868.6723031124513,753.1911856570798,18.193262282702992,676.5569362006822
2024-07-09,794.8177627857184,805.4316130275578,792.5433492462205,800.442626953125,48550878,763.0037756347656,817.9284817128143,801.1495618115669,50.19583617475748,16.77891990124749,-551025332.0888833,1670474862.0,9.300331044505237,18.15767729216876,26.440445032552343,866.5810600328576,758.9606025647987,17.814333818319728,676.7774954699114
2024-07-10,797.2388686664016,802.154534667076,792.7390012571118,795.3557739257812,45507182,764.5393981933594,814.4557574378862,800.7203923385457,48.49003891650371,13.73536509934047,-571237728.3553962,1624967680.0,3.3112496519509746,9.703868871709048,24.783636869266694,864.2489069486818,764.291052768115,17.21441950343719,676.9789385024775
2024-07-11,794.3041099215653,795.2334471834384,783.078862169832,793.3014526367188,44177074,765.8464147949219,811.2012490069374,800.1708412495215,47.783811829673354,11.030407757415901,-541104715.2529894,1580790606.0,10.82902293461731,7.813534543691169,23.71607441086683,862.2079543009802,768.667546187301,16.861740378616624,677.1637387418176
2024-07-12,793.3503898772587,801.3719470676983,788.0434648703152,793.6927490234375,56049960,767.2507336425781,808.5076336248604,799.6909825661079,47.939345212592706,8.81665105875254,-549641065.5077919,1636840566.0,11.24353211012776,8.46126823223201,22.375239429419423,860.2879868727731,772.6393629807425,16.6093647942428,677.4052359810082
2024-07-15,794.0840699933016,797.1655411448841,790.0243616135168,793.3992919921875,33375694,768.5335302734375,806.18327337368,799.2249314124841,47.824294215084656,6.958341961195856,-551469970.0467374,1603464872.0,10.932666392477746,11.001740479074266,21.130178375218257,859.2101340312477,774.9497963886743,15.933065846894547,677.5475376345913
2024-07-16,792.7389965454798,795.7959878941822,790.8070018958449,792.2498779296875,28950324,769.9137512207031,804.0396740746041,798.7082607841288,47.34501431872708,5.331413290475325,-563674715.4119208,1574514548.0,9.715065894394328,10.630421465666606,19.974050253460035,858.7210262854687,776.0234012047656,15.151345857711885,677.6700744299419
2024-07-18,786.5027050048675,794.3041227544791,782.1740173571269,789.8287353515625,33717064,771.2165161132813,801.8533758095208,798.0505181594943,46.29261419094928,3.8028576500264535,-554837389.6410495,1540797484.0,8.031830215308995,9.559854167393684,19.393265898812263,859.3147717507045,773.3240038840611,14.93554296768619,677.8072943394362
2024-07-19,790.4156472369336,793.8394773920442,784.3016648170935,786.1603393554688,26002152,772.6029736328124,799.4390625088973,797.169764174011,44.67234951705777,2.2692983348863436,-570705239.3604006,1514795332.0,4.182709473752956,7.309868527818755,18.853966140925046,859.7607494320996,769.8430469546192,14.549990796776509,677.9122491234486
2024-07-22,790.9047901011983,807.534822793493,788.777136095174,803.4017944335938,53744822,774.5579516601563,800.0487135742353,797.6313960450912,52.99889262259658,2.4173175291441567,-540644454.4270444,1568540154.0,22.273570554858996,11.496036747973642,17.602384369219827,859.4672812920865,769.0017616766636,15.037454556865637,678.151724030351
2024-07-23,805.8473574244805,805.9696370720696,785.0353375220707,791.5895385742188,52002152,776.6112707519532,798.7473020357712,797.1838510472487,47.70220264894825,1.5634509885225043,-560084489.0714264,1516538002.0,9.87937999274357,12.11188667378517,16.49240671157442,859.1604870672329,766.6673144464389,15.458657770660874,678.3717226193062
2024-07-24,786.5761141299853,792.8612764031598,776.7448418914049,784.5707397460938,61728206,778.2366125488281,796.5662924527439,796.2495465064225,44.83493065138113,0.31674594632147546,-561864120.8930811,1454809796.0,9.318586140840289,13.82384556281428,15.979488154629015,856.7153093667849,763.8642560629027,15.505641823596159,678.6105189094326
2024-07-25,779.1659195781198,794.8177145727838,779.1659195781198,790.7091064453125,25535732,779.8149975585937,795.6651869131391,795.8391435389328,47.7905873259893,-0.1739566257937213,-549734687.157516,1480345528.0,29.448061473683055,16.21534253575563,15.359049538412185,854.2400397445024,762.1869072769821,15.51608133581529,678.7122437423824
2024-07-26,785.035363538534,793.2281001985156,780.8533755696498,791.46728515625,43810540,781.3527868652344,795.0193558736178,795.5153021772526,48.16003924017366,-0.49594630363480974,-518391860.20251286,1524156068.0,44.99249468954632,27.919714101356547,14.782927966210844,851.7849316720906,760.8268908376751,15.291698713890327,678.8867830446782
2024-07-29,789.9265205265668,798.1681568024536,781.758263980336,785.059814453125,51001148,782.982041015625,793.4871187320035,794.740821605095,45.24604011860763,-1.2537028730914699,-548870891.9257712,1473154920.0,27.005448909376145,33.815335024201836,13.8548519192329,850.0321631458281,758.7278466197969,15.371569721620848,679.0889254157131
2024-07-30,783.5680364312113,799.5866713832227,782.1006805577447,790.1956176757812,54595834,784.5012438964844,792.9807339541233,794.4041398325533,47.96382084450129,-1.4234058784300032,-552917706.708305,1527750754.0,43.68556066062425,38.561168086515565,12.879541531455118,846.1093765611964,758.2656905774755,15.522599800467786,679.3090258469314
2024-07-31,789.4374384265482,796.2361990631678,787.089645210193,790.2933959960938,37820484,785.9847412109375,792.5672973451956,794.0996402891118,48.01672397926893,-1.5323429439162055,-564243533.3136537,1565571238.0,44.00312604211453,38.23137853737163,11.97389617137575,838.5412892965708,760.2162546487418,15.067167947075427,679.4617787425527
2024-08-01,793.7905684271949,807.0701500331116,791.3693955924167,801.5675659179688,26215174,787.7455676269532,793.9519540486991,794.6528199653234,53.84358623312976,-0.7008659166242523,-556403425.3747114,1591786412.0,80.61948497304977,56.10272389192951,11.973901667590507,821.3229205052667,771.083414943952,15.189281239214177,679.5757296371497
2024-08-02,797.7524179545,817.0726022029381,797.7524179545,811.5211181640625,44119238,789.701552734375,796.6549023741396,795.9023235356004,58.28888646078569,0.7525788385391934,-537638732.9023147,1635905650.0,86.23408789382242,70.28556630299556,12.6516072746293,808.5009216237067,780.579406745434,15.484345739873035,679.7809653937892
2024-08-05,802.2034222366833,805.0892339839519,783.078896481353,790.2933959960938,41333634,790.9062524414062,795.6762090852095,795.4868474215629,47.73094896483502,0.1893616636466504,-551875873.5023147,1594572016.0,33.59609856839514,66.8165571450891,12.01852975086771,806.7568828776518,780.741151790317,16.409908307218497,679.9489345151816
2024-08-06,797.2633366699627,798.7062126910071,779.3127075123468,783.1766967773438,45116050,791.7279724121094,793.7532071916917,794.5749844108799,44.801121073129345,-0.8217772191882204,-579013952.9113266,1549455966.0,15.948951382999086,45.25971261507221,11.176087505364448,806.3768028393083,779.4508888110822,16.623022369464334,680.1223860574789
2024-08-07,790.9047745169219,797.2633163033906,783.6657953695826,794.0840454101562,42346264,792.6651245117188,793.8041053791478,794.5386185589745,49.87904982311113,-0.7345131798266493,-556469863.9148132,1591802230.0,42.99570168242779,30.846917211274,10.393819705968564,805.6260456933317,779.5657878027621,16.441850737791658,680.2916683621308
2024-08-08,794.3286037495138,808.6598025644381,792.0052904072661,803.47509765625,33976950,793.7627062988281,795.2919503448558,795.2005799735874,53.81823684483426,0.09137037126834002,-543647596.5338897,1625779180.0,66.28251992759583,41.74239099767423,10.490700356819245,806.8320304128413,779.1717354562993,16.457040839175967,680.4389302978732
2024-08-09,808.0239310192494,813.1841561563841,804.9914195676599,807.1434936523438,26644618,795.1508239746094,797.1152646998539,796.0852402460879,55.296248676900994,1.030024453766032,-556294158.7504241,1652423798.0,75.37897350635963,61.55239837212775,10.887001166187781,808.8378299599034,778.5501400107997,15.975042100672978,680.5608886772511
2024-08-12,808.0239300758651,819.7382967048139,805.7495166363981,811.9857788085938,39316196,796.5717138671876,799.4030361011985,797.2630579173846,57.241555595593724,2.1399781838139234,-560555674.5466776,1691739994.0,81.96814391896162,74.54321245097236,11.677637984507772,811.7231810252225,777.4940919239963,15.83316624122604,680.7461119334979
2024-08-13,796.2850722592009,798.4372060174895,783.1522499314331,784.1549072265625,54055042,797.2726196289062,797.0571701204854,796.2920837921384,45.09542873256184,0.7650863283469107,-607518948.4192872,1637684952.0,12.296513050896097,56.54787682540578,11.081911344370354,811.8556418636471,776.4371926090092,16.761763572364227,680.953861096552
2024-08-14,785.7690291652222,789.2906591947032,784.1549139060415,786.4049072265625,32334428,797.6208728027344,795.4183604444972,795.5597003428365,46.09135051548683,-0.14133989833931082,-611521657.0937654,1670019380.0,17.543837593682436,37.269498187846715,10.528736607099896,811.8692130600839,775.8391243422598,15.931334172062543,681.075488023305
2024-08-16,796.5296512652837,799.2931833353933,787.9700756453007,798.2904663085938,27849246,799.0779565429688,795.8602228851275,795.761979303263,51.13385808887372,0.09824358186449444,-588604787.2420844,1697868626.0,46.94491577078419,25.595088805120906,10.248553420423963,812.2917255134406,776.2627849846064,15.713972881831708,681.1885053614564
2024-08-19,801.005095926014,801.005095926014,794.1818555578338,798.021484375,19502164,799.8581005859374,796.1927246528003,795.9293500493177,51.01755374992896,0.263374603482589,-586158121.4043711,1678366462.0,46.27954035148449,36.9227645719837,10.10463502195385,812.5548044893327,777.1858205106672,15.078920559428022,681.2692840090596
2024-08-20,796.0160751548395,805.0892494490549,796.0160751548395,801.029541015625,31134494,800.6211254882812,796.936850247081,796.3071419727478,52.32354097742184,0.6297082743332112,-582885313.6816772,1709500956.0,53.72051202490545,48.98165604905804,10.251893886767025,812.2364063877737,777.2669932704293,14.649938683341405,681.4013010868782
2024-08-21,796.3339823683706,799.4888331690225,791.2960966020499,795.2090454101562,47630904,801.1342114257812,796.6710341183233,796.2258014866298,49.5694925574456,0.4452326316934432,-585018040.7264534,1661870052.0,39.32246434832801,46.44083890823932,9.982955126607061,812.3575406045609,777.5078097372359,14.298760521215238,681.5936205736052
2024-08-22,798.2415901092594,801.3230613067645,796.2851156236975,797.8992309570312,21300638,801.8189782714844,796.8599874781246,796.3497592251781,50.856980685135724,0.5102282529464901,-592669588.9710194,1683170690.0,45.97712443025525,46.3400336011629,9.871833134476038,812.3959922446015,778.8022072182891,13.714135905171885,681.6818083818156
2024-08-23,799.2198118146903,799.2198118146903,793.8395070839915,794.8422241210938,20333422,802.4083666992187,796.5495623462737,796.2380899582089,49.316208488709755,0.3114723880647716,-605424009.526861,1662837268.0,38.41506560315189,41.23821812724504,9.544561213395065,812.4579908030861,779.1535204273827,13.118862249852375,681.7640434512085
2024-08-26,798.3393358240406,806.0429535886417,798.3393358240406,802.1300048828125,22364266,803.0520458984375,797.4080919672797,796.6745281007721,52.973925953344434,0.7335638665075521,-605778997.8760678,1685201534.0,56.44270826043381,46.944966097946974,9.781735779560846,813.0838837307589,779.5938994723662,12.981852765402058,681.8592611637602
2024-08-27,803.8175482445729,805.7740227153121,798.3393839023856,801.0540161132812,35773244,803.6096411132812,797.9690033743568,796.9989346202173,52.37296624639834,0.970068754139561,-615428255.790346,1649428290.0,48.9305835438692,47.92945246915162,10.001969305286211,813.1648170864518,781.1123862826888,12.585623197368085,682.010689654583
2024-08-28,801.0540230299879,802.0322602738041,797.3611535518365,800.736083984375,26921188,804.0028930664063,798.3947080835903,797.2757604990438,52.18458537800066,1.118947584546504,-603447683.6425848,1622507102.0,48.06158523181989,51.144959012040964,10.100667017336727,813.4350871404058,781.8961628595941,12.020300591982334,682.1228001811663
2024-08-29,803.1327478011252,804.3066443921458,797.8258228888785,801.4453125,49052604,804.303701171875,798.8640318399611,797.5846162028183,52.59422067125381,1.2794156371427334,-597709273.7296274,1671559706.0,50.000107095135874,48.99742529027498,10.393698978434202,813.6964085770102,782.7500330733805,11.624623514216974,682.3285139453434
2024-08-30,809.9803979049158,812.9151094915278,792.9346267140497,800.6382446289062,445342100,804.0987609863281,799.1369876536448,797.810810901047,52.04778350047571,1.326176752597803,-699641715.6139637,1226217606.0,47.79416263742269,48.61861832145948,11.369314273746076,813.6150332268444,782.7384762946399,12.221470604449909,684.179123702756
2024-09-02,805.4805363747404,805.4805363747404,793.9372896204184,795.771484375,34049680,803.6839880371094,798.6192179184687,797.6597496768954,48.75803298254917,0.9594682415732905,-722870567.5089422,1192167926.0,42.39926751019071,46.73117908091641,12.27524276224996,811.580911121555,783.1976350210231,12.17302604372649,684.3138253780667
2024-09-03,799.2198020140055,802.1300338362693,794.6220751773263,800.8583374023438,37282860,803.4061682128906,798.9636978390648,797.8966821010027,52.161577938171014,1.0670157380620822,-698217633.2350435,1229450786.0,58.07826809332109,49.423899413644826,13.116462073003564,811.7963888942745,784.0386513889287,11.839806944813377,684.4619945041445
2024-09-04,801.6654171275841,804.5023290026049,798.2415867920788,803.0349731445312,24682744,803.1068286132812,799.5900478860597,798.2772962523752,53.58230457540286,1.3127516336844565,-685104881.3490263,1254133530.0,60.39237145195981,53.62330235182387,14.103791854602237,811.1765978593774,786.6442700605446,11.441302320935717,684.5622010890336
2024-09-05,805.0892295470924,806.9968040615106,803.1327551131991,804.8201904296875,22876318,802.4621704101562,800.394685200464,798.7619550803242,54.76878863063514,1.6327301201397404,-688000962.3381636,1277009848.0,62.55648163390401,60.34237372639496,15.23594936358532,811.7611507334285,787.1333316884464,10.907054363510264,684.6573365030989
2024-09-06,801.3230165588977,805.9451633901804,799.2686826396591,800.6626586914062,26029602,801.8307177734375,800.4359118913782,798.9027479404043,51.46923480926716,1.533163950973858,-703161172.7588719,1250980246.0,43.32557706145356,55.42481004910579,15.689391515828833,811.4969429671892,787.1162955582015,10.60487053401105,684.7626865053405
2024-09-09,801.1762930333995,806.3120385015623,797.3122440255045,805.3338012695312,23792914,801.3450231933593,801.189433334171,799.3791222610804,54.76650446162488,1.8103110730905883,-684540624.5046077,1274773160.0,64.93221840999766,56.93809236845174,15.81580409817361,811.1975079665098,787.2347613205997,10.490222244157247,684.8596610933712
2024-09-10,809.0021527157436,809.0021527157436,801.1762552287715,807.2168579101562,26606646,801.0178015136719,802.1167294227841,799.9596952721231,56.062482914466436,2.1570341506610475,-670073341.9391471,1301379806.0,71.4809114232485,59.912902298233234,16.215211344992714,810.0914383158106,787.8639388814549,10.299913332929734,684.9704929329499
2024-09-11,807.2413436312598,808.2684807425712,801.7631795261655,804.0620727539062,22226684,800.4181420898437,802.4160130121875,800.2635750855885,53.30690806376583,2.1524379265989637,-676590753.8784243,1279153122.0,55.69157744476194,64.03490242600269,16.58608950275331,808.9607998372021,790.9852939127979,10.02886961032088,685.0620822526772
2024-09-12,809.0021567025105,816.8280542280488,805.6028063475989,815.1650390625,32424046,799.7920703125,804.3774016353125,801.3673872320264,60.63945574829228,3.01001440328605,-653773922.0443338,1311577168.0,93.03986351654882,73.40411746151975,17.77274303172456,810.4580802766645,792.3640266569291,10.224377600593858,685.2041733800564
2024-09-13,818.7845355422129,818.7845355422129,810.4939991636426,814.8471069335938,23860532,798.7874194335938,805.9881255273558,802.3658849876981,60.34721580125218,3.622240539657696,-652577578.9517043,1287716636.0,84.76811413613436,77.8331850324817,19.04458038867977,812.8815056792213,791.5962653168725,10.086246084735034,685.3103186424954
2024-09-16,815.3607299658061,820.6432348825226,813.9178539364939,817.292724609375,15172820,798.2376501464844,807.7272946168972,803.471576811526,61.86949958304096,4.255717805371205,-652522620.5838065,1302889456.0,87.90805278714843,88.57201014661052,20.387354770569267,815.5035806799428,790.9013143395885,9.846184289113156,685.3790674846275
2024-09-17,820.7410171745493,820.7410171745493,813.9667364533067,816.2411499023438,20127122,798.440146484375,809.037118506966,804.4174711145495,60.78885679230753,4.619647392416482,-659134685.0150634,1282762334.0,83.81714707416697,85.49777133248324,21.643042601868324,817.4560333387885,790.4700225694146,9.626762605693829,685.4699457855157
2024-09-18,817.7329439233107,830.9636263317245,817.3661049623403,828.958251953125,40917342,799.021708984375,812.1019082679136,806.2353067322217,68.05550713246495,5.866601535691871,-630286393.9925373,1323679676.0,94.7267232933798,88.81730771823173,23.61937609462227,822.3925582657145,788.9084182967855,9.99074216452861,685.6666180154597
2024-09-19,831.110291841027,840.7948638942809,831.0858717354192,835.6591186523438,30651776,799.7260388183594,815.7260944809029,808.4148483559344,71.09515268260333,7.311246124968534,-632062229.4630525,1354331452.0,89.03966899370232,89.19451312041635,26.03111070688187,828.3741731394699,786.7027921925613,10.122590005716273,685.8241658398535
2024-09-20,839.5721142379614,853.4875151440714,835.1945264560228,851.6533203125,60623386,800.8519897460938,821.2533599934563,811.6176981304948,76.77565448797749,9.63566186296157,-583595971.3298843,1414954838.0,96.8840888089725,93.55016036535153,28.822383814599874,837.9260114456631,782.8320635055088,10.706189911597152,686.1574289549023
2024-09-23,855.468471551819,863.9546677187506,851.1886836009451,860.7509765625,26965350,802.2009802246093,827.3299163886938,815.2572002365691,79.271078596599,12.072716152124713,-570164815.4073639,1441920188.0,95.19271512243148,93.70549097503543,31.75986645908954,848.2146521424369,778.4055199767037,10.85331806918346,686.3161280488537
2024-09-24,863.2943581844792,871.4381950911613,858.0363330567267,864.7861938476562,33039036,803.6228491210937,833.0924206131496,818.9260145781311,80.28303772757847,14.16640603501844,-569923566.4598674,1474959224.0,91.02608310871709,94.36762901337369,34.6946072370725,857.4555342015947,775.5378556909834,11.03535692384426,686.5170691325106
2024-09-25,860.9221440763296,874.5440855934456,860.9221440763296,870.19091796875,31965312,805.158681640625,838.7998817447805,822.7234148292881,81.58011115588056,16.076466915492347,-558388581.6840521,1506924536.0,94.36350663622837,93.52743495579232,37.49989343785717,866.4056436301718,773.5332296608439,11.220112966220816,686.7151839935399
2024-09-26,867.2317568106616,874.5440559911546,864.7861638129235,872.3185424804688,31899644,806.7600549316406,843.9565987810402,826.3971279886348,82.07988272033485,17.559470792405364,-541039844.2551345,1538824180.0,97.11836068156026,94.16931680883522,40.104802052871506,874.3613853636325,772.66481092543,11.115668624221545,686.9146292250622
2024-09-27,869.1637490702731,869.7506675054154,855.9575469178266,857.2537231445312,35613502,808.1085546875,846.0023102215773,828.6828017038864,68.00945074605133,17.319508517690906,-569959955.249239,1503210678.0,76.43331912232814,89.30506214670557,41.03343486617272,878.0790569974636,774.6086871431614,11.490334834108735,687.1252157728926
2024-09-30,855.3706542477456,856.6667708066311,843.4361481498624,847.1779174804688,26383534,809.32890625,846.1831728767913,830.0528102799295,60.535022916259535,16.1303625968618,-581420367.1989394,1476827144.0,62.39924783613022,78.65030921333953,40.20269954157151,879.411524917959,778.4168625332129,11.65656627414874,687.2702463307195
2024-10-01,843.2404912513445,852.0446263108132,841.3329167137538,844.3165283203125,24572284,810.1472009277344,845.8959967911792,831.1093819866246,58.566503026630144,14.786614804554574,-592304051.6196187,1452254860.0,56.15463245852937,64.9957331389959,39.17950918854965,880.2919250002649,781.8822815427038,11.589076511499504,687.4024242778399
2024-10-03,839.156363088456,844.2921085418086,818.4666218079193,822.697509765625,48473398,810.7693603515625,842.3269987872478,830.4862803406247,46.31256541574831,11.8407184466231,-624895037.1810447,1403781462.0,19.05307437072252,45.868984888460695,36.70681833804046,879.756087364458,784.3843728406201,12.607707225849055,687.6339499030856
2024-10-04,819.0291122208092,826.9283897115192,808.5130621086877,810.7874755859375,48683232,811.2936950683594,837.4747644485847,829.0271096180553,41.198466336677456,8.447654830529359,-661552873.6665109,1355098230.0,3.4444619471555358,26.2173895921358,35.10484269572485,879.4394249607471,785.2977637599561,13.022537252776376,687.8441986399688
2024-10-07,808.1217133321306,811.447743638468,788.9482884200414,791.2960815429688,94458296,811.3054345703125,830.3703516938745,826.2322186495303,34.486704057075215,4.138133044344158,-736297933.4481859,1260639934.0,2.7428836466947697,8.413473321524267,34.702966022208585,880.3886430405882,783.411887965271,13.69945996460853,688.1923156796295
2024-10-08,797.2633552777212,810.3717582533762,793.350406294763,807.559326171875,29734406,811.627275390625,826.8609631520284,824.8490414289632,42.85240695543838,2.011921723065143,-716389538.632505,1290374340.0,21.742934076693526,9.3100932235146,34.329794825372055,880.2651850069174,783.7578984891763,14.083475446451315,688.30797592584
2024-10-09,806.8011545535032,810.3472645083458,796.6274634899685,798.8040771484375,41125642,811.9021606445312,822.5445191514759,822.919784815591,39.89863465277204,-0.37526566411509066,-744466210.9031912,1249248698.0,11.514337214979998,12.000051646122756,33.98327871402385,880.8382194963156,782.3435859236063,14.057498701588887,688.4650291224242
2024-10-10,801.665391539567,814.6025547259023,798.4861206152185,813.1107788085938,21754766,812.3604638671875,821.0931744833401,822.1931917780357,46.400236467963865,-1.10001729469559,-726738791.86873,1271003464.0,28.228594377832312,20.495288556501936,33.23651453913333,880.4294426293621,783.6572333960286,14.20456551652424,688.5529057405718
2024-10-11,814.1134111751107,814.1134111751107,803.7441209761898,807.5347900390625,23672594,812.7052917480469,819.0072691842205,821.1073842418155,44.38494099364271,-2.1001150575949623,-733103553.2220781,1247330870.0,21.714268962724447,20.485733518512244,32.54309066244928,880.6902999681187,782.6333511549282,13.930617279552575,688.6481697440876
2024-10-14,810.0048761054238,827.6131455900507,809.0021590992496,825.6810913085938,18527508,813.1875622558593,820.0340110495086,821.4461773578731,51.73222349616824,-1.4121663083644762,-718422821.5521584,1265858378.0,42.91425993046971,30.95237442367548,30.623110607103193,880.7135694555501,783.6934801049969,14.36974144179798,688.7302672483455
2024-10-15,828.5668953802826,830.5233697495395,819.5182014224697,823.724609375,19651130,813.4316320800781,820.6017954072765,821.6149500998825,50.95067366176116,-1.0131546926060082,-723051797.0422844,1246207248.0,40.628537969576925,35.085688954257016,28.59509445303987,880.7197530759227,784.3304849611868,14.129414790745967,688.819750414617
2024-10-16,821.7681364837143,835.3900773627928,821.7681364837143,831.40380859375,20470682,814.2538403320312,822.263643589811,822.3400507290579,53.894887771607046,-0.07640713924695319,-714562027.4632062,1266677930.0,49.60002273294231,44.3809402109963,26.796828219352307,880.9030128420238,785.6634910642263,14.093166654198289,688.9162217994807
2024-10-17,829.0315855991445,830.3522417044512,814.4803065749336,818.3688354492188,14695732,814.9576831054687,821.6644423374121,822.045886634255,48.56587843919244,-0.3814442968429148,-722057027.133538,1251982198.0,36.41049603018771,42.2130189109023,25.243070823069235,880.7878014533965,784.7197608024628,14.295333465956727,688.9812372991456
2024-10-18,813.4531713114382,827.0995928570159,809.0511036971785,822.6241455078125,24809724,815.5284851074218,821.8120889790121,822.0887206248889,50.293766166755994,-0.27663164587681877,-709551337.2858646,1276791922.0,49.72919637437107,45.246571712500355,24.218176128496008,880.3140818952163,783.8899830461899,14.563416015519627,689.0896286397449
2024-10-21,838.8384056502449,855.0526993101627,836.9064110476723,845.539306640625,46548354,816.3697692871094,825.4624301577217,823.825801070499,58.39866892239872,1.6366290872226728,-711809963.8999676,1323340276.0,85.60853573697096,57.24940938050991,23.72705633146186,879.584294646483,784.0083689277357,15.839497286007523,689.3333043604187
2024-10-22,846.1996857179795,851.0663920657254,836.7351927303795,838.6183471679688,38875280,816.9992663574219,827.4864173900673,824.9215452258671,55.45746563475154,2.56487216420021,-740468631.2730023,1284464996.0,75.13879645715154,70.15884285616453,23.256962119209142,876.7377681309976,784.6416325037682,15.73176171810312,689.5314441209031
2024-10-23,833.9716880960024,854.2456300685938,833.9716880960024,849.0120849609375,38036090,817.7397924804687,830.7980585548166,826.7060296506871,58.81236204337575,4.092028904129506,-722069925.3597269,1322501086.0,90.8620101625807,83.86978078556773,23.012448164230886,874.088822448623,785.7131672974708,16.05620316485228,689.7293754544174
2024-10-24,850.1370331973285,865.0796304239468,850.1370331973285,855.786376953125,30832258,819.172421875,834.6424152314795,828.8601294508677,60.8804765708699,5.782285780611801,-729588696.2105018,1353333344.0,87.79313062635217,84.59797908202813,23.394626731220807,871.1312650577565,787.2302705867746,16.057013329006356,689.9010029880011
2024-10-25,858.4031338755055,859.797109929316,845.5392909494991,852.7293701171875,26130478,820.4989111328125,837.4250236754347,830.6282213520765,59.430261151148265,6.796802323358179,-729364483.3878031,1327202866.0,82.78210805052541,87.14574961315274,23.324351211728874,866.863185452968,789.5394329552352,15.928499446921393,690.0424358968812
2024-10-28,852.0446413299316,856.4467089372619,845.6371993095233,848.2294921875,22012142,821.4976916503906,839.0872496003678,831.9320191917375,57.267772810323116,7.155230408630359,-740818899.6628205,1305190724.0,75.38406891822919,81.98643586503557,23.25909537220065,865.238007430057,790.262187882443,15.562857316979759,690.1594975690098
2024-10-29,844.2921023375808,862.8052298229654,843.7785039132749,856.8624267578125,35794926,822.6745104980469,841.8218922399748,833.7787160484837,60.25565762748512,8.043176191491057,-727384331.0842074,1340985650.0,87.66065388393555,81.94227695089671,23.58215076781351,866.943792071896,789.5248541683384,15.810276502173386,690.3546916087598
2024-10-30,852.0445994371648,858.2808615742623,843.3382644924336,848.4251098632812,32715724,823.622421875,842.8377718743295,834.8636341088392,56.12521197706766,7.9741377654903545,-737825502.9067004,1308269926.0,72.84685378728095,78.63052552981522,23.83526187773317,867.5301639519034,789.3493404426279,15.748299400720194,690.5278443840357
2024-10-31,845.1969454078367,850.5283501182745,840.9905373662763,848.963134765625,22895912,824.6975036621094,843.7801353960673,835.9080415648974,56.33078078056673,7.872093831169877,-722444318.6345651,1331165838.0,71.26030243945056,77.25593670355568,23.810175990462483,869.7381386410925,789.7679282534386,15.304693211525768,690.6463837709869
2024-11-01,847.642554659716,853.0717593119517,844.2676242952899,849.7457885742188,1759692,825.7344348144532,844.697928192706,836.9330598618842,56.648975924229866,7.764868330821741,-722014157.3808217,1332925530.0,72.63208093172628,72.24641238615258,23.963633981542735,871.5962459418898,791.8056522514695,14.840367626178343,690.6556151023158
2024-11-04,853.5119702758321,853.5119702758321,836.8330376977741,838.398193359375,28089248,826.6055541992188,843.7287382183473,837.0415882691057,50.86225489649402,6.687149949241643,-744831599.7264061,1304836282.0,52.37883516964861,65.42373951360847,23.2748243163862,869.4383747460831,798.6737346289169,14.97169369416975,690.7971424729402
2024-11-05,832.9689758697506,862.1693324094516,830.4744829509137,859.797119140625,44232406,827.758896484375,846.2007968217746,838.7271831484775,59.30452793061784,7.473613673297109,-707220376.8030186,1349068688.0,90.5717469440473,71.8608876818074,23.270708262137827,871.5495420346576,801.7863466372173,16.166204820196043,691.0310197774976
2024-11-06,866.4736291787306,866.4736291787306,853.68316541516,858.5254516601562,27787910,828.9083251953125,848.096897566141,840.19372155675,58.659543654823956,7.903176009391018,-713968077.9634557,1321280778.0,86.15843268487417,76.36967159952336,23.555754130933796,871.1162931741719,808.1917329488749,15.925080459008507,691.1856222950927
2024-11-07,853.1696247169228,861.3134018977663,850.088153557187,854.2701416015625,18895456,829.9790063476562,849.0466274177444,841.2364193378472,56.44723227130925,7.810208079897166,-718784456.3898462,1302385322.0,66.1006194426402,80.94359969052056,23.409277903014306,871.2881831921327,812.135779210211,15.589378164834997,691.2878846772398
2024-11-08,856.9357775644994,861.7291636733461,853.9276862669507,858.1340942382812,19902986,831.1127819824219,850.4446992362886,842.4880989601016,57.99633434246328,7.956600276186919,-717224820.7343506,1322288308.0,76.83407576481554,76.36437596410995,23.304672736080793,870.1160629860051,818.3678298362606,15.03309953923217,691.3972380224643
2024-11-11,858.1830930684753,872.000693994352,856.544497936554,863.9302368164062,24565362,832.3786218261719,852.5193973255374,844.0764054679761,60.278672439253334,8.44299185756131,-718313080.2775002,1346853670.0,80.56538996658355,74.50002839134642,23.930719526875006,871.9122107476509,820.396596625396,15.063320719129731,691.5370505583845
2024-11-12,866.7181693232224,868.1855251403609,835.7325175926836,840.403564453125,31395406,833.2712634277344,850.655423037474,843.8043431705797,48.7092784565075,6.851079866894224,-740670839.3097646,1315458264.0,23.910395995013854,60.43662057547096,22.431048679230184,870.793351860079,823.1833510207804,16.305441206883128,691.6988223361828
2024-11-13,839.6943886806365,845.881751148766,818.295449111813,822.3795776367188,35728500,833.7016882324219,846.3052929758194,842.2173235014048,42.05051892680765,4.087969474414535,-765820191.3103968,1279729764.0,7.60471073884554,37.36016556681431,21.839685562266748,871.8038458910318,821.2704338941245,17.11121698045955,691.8599012922782
2024-11-14,818.3443129951968,833.8738284555615,817.85519439802,827.9555053710938,27146470,834.2000988769531,843.4822487289384,841.1608925287893,44.574811962380885,2.3213562001491255,-758733057.1421149,1306876234.0,18.65401750537729,16.723041413078885,21.318115771858935,870.4227149251857,823.6102318521581,17.033175343108258,691.9799938533
2024-11-18,831.5016008887058,840.7459541576048,829.0560079449155,833.99609375,27081968,834.7836169433593,842.0228402706401,840.6301666933234,47.25531151526261,1.3926735773167138,-762925741.77735,1333958202.0,29.810232562843414,18.689653602355406,20.259239551038295,869.0668737068445,826.1032678947181,16.73012344620846,692.1067306011145
2024-11-19,838.3492698412165,857.7917339463438,832.8222058480842,852.1668701171875,50981272,835.813701171875,843.583460247032,841.4847373173134,54.39955956982142,2.098722929718633,-734913483.1851097,1384939474.0,63.36939537906101,37.27788181576056,19.54988766118754,869.4661625901996,826.3667353590191,17.3186523499264,692.3664009478571
2024-11-21,855.6641288349873,860.3596556624375,848.2294899602333,851.6533203125,35716512,836.7400915527344,844.8249771801809,842.2379656873272,54.17621252939656,2.5870114928536623,-750467487.7858124,1349222962.0,62.42093279488294,51.8668535789291,19.051249645259976,869.7387657324566,827.3976295312152,16.948046160803383,692.5546071134266
2024-11-22,852.8027626116424,858.0607875844482,845.9551021819417,853.805419921875,24773612,837.6718627929688,846.2065837558262,843.0948141491456,55.009830242102844,3.111769606680582,-743110622.3614517,1373996574.0,66.39559297055669,64.06197371483353,18.401054443504425,870.1012785113322,827.5144502484335,16.602163249496463,692.6842384579753
2024-11-25,873.1011988112276,882.1498930977613,863.2454468766848,873.3701782226562,427737274,839.0580249023437,850.3855982891846,845.3374337101463,61.81136456519515,5.048164579038257,-712677904.470351,1801733848.0,86.34457419871174,71.72036665471711,19.14685566959924,873.3775400740452,825.9965688126734,17.440899672810023,695.1699434333314
2024-11-26,885.3046903766989,885.3046903766989,865.6421459980386,873.3457641601562,30935566,840.2216394042969,853.9179315001034,847.4121248545915,61.79880948129633,6.505806645511825,-719372885.5792488,1770798282.0,82.26980640400498,78.3366578577578,19.985465823727566,876.5458536356898,824.8898946553259,17.599588580370757,695.3488987607184
2024-11-27,875.4734186116394,888.8997006750922,873.1501051965415,886.4296875,32714976,841.653291015625,858.9197401154721,850.3023146801773,65.8071880208064,8.617425435294763,-696919306.0516691,1803513258.0,96.52328757770634,88.37922272680767,20.932360068067617,882.7330377719843,822.5227300502813,17.467446215955032,695.5462467518417
2024-11-28,889.7067534702544,898.0706697775579,874.5440765282104,877.0630493164062,35722392,842.8486975097657,861.7110184540774,852.284591319898,60.88212208321781,9.426427134179335,-724992164.4006582,1767790866.0,73.81101294762074,84.20136897644402,22.219727666853384,885.5451058981859,821.7307241799391,17.90024243262592,695.7617211223048
2024-11-29,881.0493790588507,882.6634346531987,872.0495846630064,878.4815063476562,27669536,844.0935046386719,864.291093514628,854.2251035441764,61.353818340138126,10.065989970451596,-719126595.0869311,1795460402.0,75.5793213999968,81.97120730844128,23.172397705157177,888.7121676162308,821.5693021103318,17.379785829594947,695.9233998741623
2024-12-02,882.1254228528726,884.3998363558009,868.1855423143049,882.7123413085938,15110876,845.1685864257812,867.1251316367766,856.3352693045035,62.7948859809785,10.78986233227306,-707161033.7511036,1810571278.0,80.85365897752706,76.74799777504819,23.677468456564434,892.3254789663007,821.3309114145587,17.296536416159302,696.0119145830033
2024-12-03,891.5164689837319,898.7065483943619,888.2882980903433,893.27734375,43410242,846.3209509277344,871.1485488849648,859.0717192634293,66.18571708214007,12.07682962153558,-708995066.0969342,1853981520.0,93.28495519740146,83.23931185830843,24.8199754772587,897.6930551797924,820.316490718645,17.203512892559935,696.2865790774075
2024-12-04,899.0,912.2062023939063,895.6495494821775,909.8095092773438,44669084,847.4840747070313,877.0963889453308,862.8300740792748,70.68764966703739,14.26631486605595,-677258316.5146129,1898650604.0,97.45981185843073,90.5328086777864,26.40128451244676,905.9006828722752,819.2499946179591,17.326751874798962,696.5862311302318
2024-12-05,909.7606270360864,919.5185195562284,897.6304614595269,912.5730590820312,39682714,848.5205163574219,882.5543381971308,866.5147396350345,71.37374671253363,16.03959856209633,-662759629.3824332,1938333318.0,93.16817498995962,94.63764734859727,28.118986920481955,913.6666191905429,816.7616522938322,17.65255946207771,696.8568132594278
2024-12-06,908.2932722770183,911.814902438643,901.9347302524619,907.7307739257812,17783156,849.3794079589844,886.4276360015386,869.5677792121269,68.35469198521045,16.859856789411765,-659678382.0333474,1920550162.0,86.96946898722518,92.5324852785385,29.713996299371782,919.4046320932858,815.9441716176517,17.15154298832711,696.9762868938076
2024-12-09,906.6547171562552,919.5429805000836,904.3803036939652,914.6517944335938,26947912,850.2686254882813,890.7698142218549,872.9073358951985,70.28911954446014,17.8624783266564,-650116219.7107668,1947498074.0,94.35984504737465,91.49916300818647,31.4592728494092,925.8749807124433,815.5119882816974,17.009481118169344,697.1619754282319
2024-12-10,918.417999909237,918.417999909237,909.0514261933312,913.7224731445312,13325480,851.0967041015625,894.3009925176511,875.930679395149,69.673248709418,18.370313122502125,-650151046.2412748,1934172594.0,92.0903992769182,91.13990443717266,33.07988678872966,931.3766853736444,815.5691215111214,16.463559160864808,697.2540494633081
2024-12-11,910.5920774845599,915.5811230492072,908.1709642873406,911.27685546875,14045426,852.1771667480468,896.9126637408972,878.5489146598602,67.98505472546259,18.363749081036985,-652422483.004491,1920127168.0,88.76700182114683,91.73908204847987,34.47720532159071,935.8239504941305,815.8565182558696,15.816887703793514,697.3500931743434
2024-12-12,905.3585094284175,913.9914644769809,904.2335127894959,909.3937377929688,17293790,853.4214831542969,898.8328289796774,880.8337163734237,66.64598298872923,17.999112606253675,-651425580.3630706,1902833378.0,81.97213615962652,87.60984575256384,35.28490967647218,938.6569542160007,819.9225318679837,15.38410655977148,697.4668698027775
2024-12-13,910.9834043559617,917.097386935532,894.720210694305,915.5077514648438,19009002,854.8453076171875,901.398201669703,883.4021634172327,68.79503867876365,17.99603825247027,-635117310.8876607,1921842380.0,92.51360563798559,87.75091453958629,34.94510737946607,939.1940714816213,828.6982319851755,15.883611537018298,697.5950207874502
2024-12-16,912.2551161931914,914.6273295327436,907.4373097805209,912.3040161132812,13107082,856.6374377441406,903.0760192764074,885.5430413947178,66.3814612086359,17.53297788168959,-630480820.2212046,1908735298.0,85.9047401067469,86.79682730145298,34.62957667510325,938.3136432952463,838.0135112457695,15.325527976111482,697.6842728708615
2024-12-17,907.9753247899092,910.9100364662568,893.3751461414528,896.6766967773438,21079532,858.3552221679688,902.0915081227054,886.3677566082456,56.05139537293496,15.723751514459764,-643622447.7359467,1887655766.0,55.47619871531733,77.96484815334993,32.9182922693601,934.925716811184,847.669498032566,15.582909547234125,697.8201878379698
2024-12-18,895.0136669132473,898.0217582736735,883.9106984687518,885.6470336914062,23422312,860.2422412109376,899.5615889794285,886.3143697255167,50.122772683644186,13.247219253911794,-661280630.6224952,1864233454.0,33.99992677581915,58.46028853262778,30.589787593948166,932.8758207881464,853.0674104130254,15.477777422783243,697.9627078267752
2024-12-19,880.2178033546408,880.9514812402508,870.1419723336332,877.2341918945312,25380770,861.6357385253906,896.1266048125212,885.6417639602585,46.116089397192376,10.484840852262778,-653356281.0246097,1838852684.0,17.618966015193436,35.698363835443295,29.3862486918859,930.2214080962731,858.279910263102,15.479726275282513,698.1063550324402
2024-12-20,871.707178148549,879.2151967092251,864.297078842569,866.4736328125,25692348,862.9891296386719,891.5646091202103,884.2219023937579,41.54191007675598,7.342706726452434,-671551599.9039003,1813160336.0,3.939756442792936,18.519549744601825,28.625933637602426,928.3420898564615,861.426049791976,15.439611388952054,698.2465435620386
2024-12-23,871.6093346036057,883.3481808608933,871.266975470512,880.902587890625,11044592,864.3449658203125,889.9242981618127,883.9760272453776,48.866022737056014,5.948270916435035,-664978511.4802216,1824204928.0,30.05744960232231,17.205390686769547,27.561266591782566,927.901134446247,862.6202461689874,15.54210686462643,698.3097201292466
2024-12-24,881.4161851274388,884.6687760080914,875.3022027098817,879.484130859375,14485834,865.7839526367187,888.3181185768221,883.6432941797478,48.226345735350705,4.674824397074303,-666529259.1802905,1809719094.0,27.48991610446499,20.4957073831934,26.456144694422697,927.4854557833976,863.6497615017586,15.100997324168091,698.3931169964004
2024-12-26,879.7043092374976,886.2829307290939,870.9979740043234,875.88916015625,10481678,866.7881140136719,886.4059711275033,883.068913881711,46.56271885143383,3.33705724579238,-670302663.2602904,1799237416.0,20.982699106883388,26.17668827122355,25.730925058109847,927.879368570595,862.2017959801863,15.114137281353976,698.4527173564545
2024-12-27,877.8701208004297,883.3237456339101,875.0821088494843,879.5575561523438,7259330,867.9047729492188,885.3523688236327,882.8088133091653,48.51446072275839,2.543555514467357,-669677940.6821761,1806496746.0,27.622822421070943,25.365145877473093,25.057506824390774,927.747973883558,862.5826413508171,14.623244388716254,698.4943394455684
2024-12-30,876.5983643277581,887.7502927140181,866.2290734967085,869.60400390625,22222218,868.6687768554688,882.9295434517276,881.8306792793197,43.836072716752454,1.0988641724078434,-684930438.376057,1784274528.0,9.805681350366767,19.47040095944035,25.04557957315034,928.4237802627433,861.019084727491,15.115956876472923,698.6182594342883
2024-12-31,865.8866945081382,871.511558492882,863.5878012293871,867.1339111328125,14117236,869.6440783691406,880.4994461718945,880.7420297869858,42.73472169902983,-0.2425836150912346,-686411933.8494692,1770157292.0,6.627055426852599,14.685186399430089,25.20571913389359,929.3937730645741,858.4912489080821,14.602228332688783,698.6937109998023
2025-01-01,867.4273693629926,877.4787806156658,861.3867665102715,871.9761962890625,7313806,870.6311193847656,879.1881769591512,880.0927087871396,45.61916350648784,-0.9045318279884214,-684099967.146879,1777471098.0,19.00791931225648,11.813552029825267,24.699331236434013,929.6016949382478,856.1532122883146,14.708641602167745,698.7334385246918
2025-01-02,869.2126695529385,882.1009329800738,867.2072951940876,877.3565063476562,18558576,871.2674633789062,878.9063814804597,879.8900271249556,48.710461176645175,-0.9836456444959367,-677365205.2478226,1796029674.0,28.66552143106935,18.100165390059463,23.750778333382918,927.709967516697,854.7996394168966,14.721855615297638,698.8372603355967
2025-01-03,876.0114043138861,878.0901583442235,854.147826983436,855.5662231445312,24426194,871.6064208984375,875.3155878903168,878.0882638671465,39.03289838486259,-2.772675976829646,-698897276.7601093,1771603480.0,2.3452510376369475,16.672897260320912,23.80089319212851,926.6186284285675,850.1902949112762,15.380461025689772,698.9637188490163
2025-01-06,851.1152891851428,859.479205552065,834.3385565312188,836.6373901367188,18816348,871.3589270019531,869.3650959282247,875.0178287760036,32.915225636989874,-5.652732847778907,-714272531.9641902,1752787132.0,3.002206053024185,11.33765950724348,24.893061340859695,928.1053645933698,841.5942203675677,16.077617311058084,699.049636517346
2025-01-07,838.838425010863,841.7731367018631,831.5016457833627,838.0558471679688,13527906,871.00431640625,864.5482884266469,872.2799042124454,33.75313644069661,-7.731615785798567,-710536221.7097957,1766315038.0,9.852961967796869,5.066806352819319,26.03346169425253,926.5466678150498,835.4933224193252,15.662893997303962,699.1086199247327
2025-01-08,835.536864802828,837.199880016748,823.3577994830916,828.7136840820312,19738190,870.5240026855469,859.0352723736291,869.0527767953777,31.006259825385513,-10.017504421748527,-714999906.1793733,1746576848.0,8.317560526398882,7.057576182406631,27.440166430385922,925.0780705010468,828.4610408270783,15.593976403559187,699.1900098648623
2025-01-09,823.749091222883,826.1213044600969,811.0075279788689,815.7520141601562,40420222,869.874453125,852.3763095715565,865.1045721557317,27.644739679214297,-12.72826258417524,-730042859.306599,1706156626.0,6.182323763890044,8.117615419361917,29.205822078652975,924.4236481289305,819.562979068335,15.74484638210227,699.3409105295453
2025-01-10,817.3171689545962,819.2247434087885,809.0021528730713,810.3472290039062,17453280,868.9441491699218,845.9102971765334,861.0484726630038,26.361356757048128,-15.138175486470459,-742903176.2507561,1688703346.0,1.708073528532501,5.4026526062737945,30.91473888216648,922.9974665429626,811.0845097753969,15.350399535931912,699.4033278161224
2025-01-13,802.1545243935911,805.4560750275282,794.4753860611046,797.6790771484375,21669066,867.929228515625,838.4901094799033,856.3544433656285,23.596282225378772,-17.864333885725273,-751928045.9116554,1667034280.0,3.4346762728524736,3.7750245217583256,32.959338494591755,920.1809106784162,802.1181982083026,15.387645493565467,699.4714112707607
2025-01-14,802.1056196289109,810.0782171393307,800.6871637200443,805.3826904296875,26661432,867.0576196289062,833.3966603952547,852.5787579629663,28.507248917886443,-19.182097567711594,-751928045.9116554,1693695712.0,11.69371780683762,5.612155869407517,34.34788495013599,914.701808633764,796.9051676845953,15.174180814803163,699.5602354800654
2025-01-15,810.2249837776989,813.2574953005814,800.3448116614642,803.6463623046875,14022892,866.1356311035156,828.8196914582443,848.9541360623531,28.069317245037936,-20.134444604108808,-758780114.3406047,1679672820.0,9.832200934501232,8.320198338063761,35.287948761432894,911.0887301261654,791.2152127449284,15.012645302254166,699.6070556051908
2025-01-16,808.4396599318201,812.2059089473469,803.5484739689487,808.0484008789062,21212454,865.5286352539063,825.6241082921922,845.92408160432,30.96484722394922,-20.299973312127804,-757941119.4255362,1700885274.0,14.551625195732857,12.025847979023888,36.160865157637154,907.8179005876542,786.7261790021895,14.558701707693027,699.6792582368633
2025-01-17,803.8664309698443,807.2902612204003,796.5296518615098,800.5648803710938,23112076,864.3439904785156,821.768842458177,842.5641407722292,28.83946121045024,-20.79529831405216,-763719138.4255363,1677773198.0,6.949450844079018,10.444425658104356,37.25608515376456,905.597926390718,781.2792220467819,14.341562229814699,699.7531201723929
2025-01-20,795.306859593821,812.401531124855,795.306859593821,807.6571044921875,17557618,863.3266235351563,819.5978058480248,839.978434381115,33.498150858087755,-20.380628533090203,-755907344.4730092,1695330816.0,15.043236698165847,12.181437579325893,37.66499762276849,903.5781025312656,777.4173930742031,14.538212894187508,699.8111761857222
2025-01-21,811.08094833001,812.4505043432082,798.7551830386761,803.3284301757812,31158144,862.3077893066406,817.0948249753719,837.263619254794,32.1161595788557,-20.16879427942206,-766256353.779929,1664172672.0,10.103268311538665,10.698651951261162,38.038783657795065,898.8183571744248,774.4197226595595,14.478006352069261,699.9137756391857
2025-01-22,803.328390443516,817.7573889614247,795.0377944540255,814.8960571289062,30619306,861.4430285644531,816.7565529989926,835.6067628010245,39.32059315879824,-18.85020980203194,-743349508.9260899,1694791978.0,24.42232456085325,16.522943190185906,37.73932572515524,893.0045107715699,773.7747616893677,15.066691220307112,700.0186116344496
2025-01-23,825.1430660888765,825.1430660888765,807.657076395529,814.3335571289062,34909158,860.4510949707031,816.3837844035946,834.030969788275,39.103268287439214,-17.64718538468037,-751600716.773678,1659882820.0,30.54923729606873,21.691610056153532,36.63231331136789,887.1223064141592,773.5014057440438,15.239498254095711,700.1449686219283
2025-01-24,811.9368617261117,816.9748071002886,804.355523559392,806.9478759765625,24236200,859.7819812011719,814.9321061840512,832.0248146911111,36.26877780656659,-17.09270850705991,-765879335.3548262,1635646620.0,26.370154492526392,27.113905449816105,35.82692012729806,879.5855583774984,773.7771857631266,15.052340060295768,700.2277694404308
2025-01-27,802.6925317632887,803.9153282773717,795.3068527595995,797.16552734375,22804166,859.2777001953125,812.1987863624664,829.4426452579733,32.87016922052338,-17.243858895506833,-778836107.6625413,1612842454.0,6.2964848347608715,21.071958874451983,35.64291205538696,873.5782185478704,772.5406779365046,14.808674571486288,700.2979903197323
2025-01-28,805.5783551961035,823.8225033343521,805.5783551961035,817.0237426757812,30179312,859.0590649414063,812.9410873337456,828.5227265481813,44.28396710840463,-15.581639214435654,-771149697.7781707,1643021766.0,71.25202160476614,34.63955364401779,33.565038527172376,866.8768300129315,774.2310496257404,15.654981815708842,700.4064781204203
2025-01-29,819.2736849367727,822.2817763780624,816.2655934954831,820.398681640625,12619890,858.7871166992187,814.088409534804,827.9209454439177,45.96546540436434,-13.832535909113744,-766429982.659773,1655641656.0,84.52969235379042,54.02606626443913,31.63558453668741,857.85441820214,778.095709971688,14.96649617762816,700.4534265227362
2025-01-30,822.2083708841773,830.4744872086205,818.075342575386,827.3441162109375,25744846,858.2906616210937,816.12774902344,827.8782173525859,49.35303229002251,-11.750468329145974,-753684568.7403055,1681386502.0,91.30430789131235,82.36200728328963,29.572160479221928,845.1000278405493,785.8488613196071,14.783113924457187,700.5536216188062
2025-01-31,825.2653946383198,833.8004907060493,823.6512793036222,830.8902587890625,15821686,857.875400390625,818.3989043719973,828.1013315330657,51.04072319443524,-9.702427161068385,-746936449.8879428,1697208188.0,92.49218398517647,89.44206141009306,27.91146531412485,838.6874350104555,789.7938577141539,14.452120887169325,700.6171630415449
2025-02-01,830.2788239566938,837.860162260864,819.7872538636672,827.0750732421875,5587528,857.3407934570313,819.7336995827958,828.0253124004081,49.143368454003564,-8.291612817612304,-748017686.5991825,1691620660.0,74.81435620906011,86.2036160285163,26.677793099509234,836.7701982066576,790.7548628284987,14.710748566457001,700.639378114244
2025-02-03,816.8280789508296,825.0452954840977,813.6243281716013,820.7410278320312,20276540,856.2882104492187,819.8886731596012,827.4857357657135,46.08069344242003,-7.5970626061122175,-743024555.2334646,1671344120.0,60.0229148793148,75.77648502451711,24.978477055098672,833.3433438077483,792.4502352938142,14.620748316751945,700.7146030998932
2025-02-04,825.9745878121568,844.1209363379245,821.7437595243746,841.7242431640625,28616502,855.6557800292969,823.247991621826,828.540440017443,55.888342529408625,-5.29244839561693,-720537957.4277844,1699960622.0,95.11707465766736,76.65144858201408,24.713951734727516,836.6241114838881,790.4705235258775,15.246402615976322,700.8349024255814
2025-02-05,847.6425632011333,853.1206678284015,840.7460026432929,849.9903564453125,23675506,854.9269934082031,827.3622015946702,830.1293227158037,59.048471013385075,-2.7671211211335276,-708840424.9444134,1723636128.0,94.61061204236164,83.25020052644791,24.96181417770152,843.2853413680178,787.2331278702635,15.041278513771484,700.943165294115
2025-02-06,848.8653345017811,855.4684356344657,843.2404705739388,852.949462890625,26760716,854.4447216796875,831.2987033325094,831.8197034694941,60.1490814304603,-0.5210001369847532,-693105176.2034369,1750396844.0,95.8316299568637,95.18643888563088,25.315402719994808,849.7405172007343,785.0381754262189,14.840327552825443,701.0675056973738
2025-02-07,855.9575596166678,864.272575910087,843.7295944792869,847.520263671875,23509600,853.8254968261718,833.7943280001041,832.9827079289297,57.11601932681154,0.8116200711743886,-707938614.298675,1726887244.0,75.80361794188155,88.74861998036896,26.087125361565562,853.4318499451408,786.330961334156,15.247659972680774,701.1775095082415
2025-02-10,839.963418964245,842.9714506722028,835.6591512820958,839.2052612304688,17195950,852.9553552246093,834.626779266314,833.4436378031178,52.73045851293687,1.1831414631961934,-708456163.6715825,1709691294.0,63.65250223662591,78.4292500451237,26.0219950386771,855.4374478894736,787.7076204699015,15.005763716759235,701.2511691628874
2025-02-11,832.9689791889995,836.8819280049196,825.9745592977979,832.1864013671875,22724704,851.7335363769531,834.2513365126022,833.3505091782341,49.29001057068114,0.9008273343680457,-705297031.5032024,1686966590.0,53.475185821099224,64.31043533320222,25.119943052929177,856.1197467298289,789.8793255357962,14.87897358932435,701.3430395111751
2025-02-12,828.0777762663221,837.371029514438,822.3061529979063,834.82763671875,22809570,850.2338989257812,834.3399980827787,833.4599260330872,50.59629624866806,0.8800720496915346,-690189309.6991805,1709776160.0,57.304965646359896,58.144217901361664,23.982835812240328,857.0959486633333,791.581047186276,14.892252369839156,701.4349961821215
2025-02-13,831.01252603081,838.4715849018929,828.3468534645449,830.3766479492188,12602434,848.589970703125,833.7302519083848,833.2315350639117,48.336576339474234,0.4987168444731651,-697738700.8239284,1697173726.0,42.24997359443128,51.01004168729679,23.00351667490249,856.7874137270591,794.8707588803628,14.551715160375505,701.4860970355028
2025-02-14,832.4309761063508,832.4309761063508,821.7192665827392,828.982666015625,19959892,847.0150085449219,832.9998540787295,832.9168040232978,47.61927117218679,0.08305005543172683,-690629772.8725113,1677213834.0,30.323532461229632,43.29282390067359,21.533992561759504,856.7251325572678,797.0655962024979,14.277429043463798,701.5640546809143
2025-02-17,824.2626783567423,841.2840302942788,822.3306836815443,839.9878540039062,12938946,845.5217297363281,834.0749309902952,833.4405855033428,53.487688607637715,0.6343454869523839,-679460557.0811428,1690152780.0,52.05219728119501,41.541901112285295,20.816247881627504,857.0051549701774,800.4515161724008,14.611423155554558,701.6172697651114
2025-02-18,837.884631927631,846.933325923037,834.5097016852698,842.7758178710938,16350910,844.1027966308594,835.4135289719566,834.1320841972503,54.86717166487627,1.2814447747063014,-674053159.0033638,1706503690.0,57.556758626698446,46.644162789707686,20.52883427325248,858.2826799828845,801.9619672339124,14.45515180428404,701.6879303333548
2025-02-19,839.8166173023507,850.0392077536928,837.5911038396853,844.8056030273438,11884112,842.7733715820312,836.8584634420162,834.9227152217015,55.89283587012415,1.935748220314622,-672162013.8296888,1718387802.0,61.564370433390124,57.057775447094514,20.465695139920616,859.5203393471194,803.7715124595212,14.31179124069286,701.7402487157143
2025-02-20,836.8819636280967,838.691678649749,824.3116389046222,825.1920166015625,26390510,841.0893371582031,835.0636254665617,834.2019227313209,45.202990142060905,0.8617027352407831,-695321153.5655345,1691997292.0,22.839266798901242,47.32013195299658,19.242006886204173,858.2483313219421,806.8679345471984,14.753375017980622,701.844275476839
2025-02-21,822.1594879874626,829.0315686714349,820.374193109825,827.833251953125,15680940,839.3358471679687,833.9512603106484,833.7301693403434,46.68184375524378,0.22109097030499925,-683981190.2107294,1707678232.0,16.99164836490397,33.79842853239843,17.937331321268157,854.2041717452342,813.9788665848438,14.317946485382715,701.904239254758
2025-02-24,822.2572556240775,823.7735113226157,812.4748837536897,820.30078125,20693646,837.4957824707031,831.8511866090103,832.7353998521698,43.10871674280519,-0.8842132431595928,-676008283.3160533,1686984586.0,15.108583356727323,18.313166173510833,17.310619836767682,853.856046989858,814.654695197642,14.392262322100757,701.9788809605878
2025-02-25,817.366068176836,825.6321843333942,817.366068176836,822.86865234375,24138708,836.0196215820313,830.4692582605086,832.004529666361,44.663718472097536,-1.535271405852427,-668009704.6060961,1711123294.0,20.06608433186074,17.388772017830664,16.568673298401414,853.657235542276,815.1005037155365,13.95468045313343,702.0681393376708
2025-02-27,822.966539155997,836.7596600420294,822.966539155997,831.843994140625,35786800,834.9435607910157,830.6807560882188,831.9926381459361,49.82583453921859,-1.3118820577172983,-657730685.4678618,1746910094.0,37.3937709974654,24.189479562017805,15.783018042769259,853.6522353952865,815.5554916554946,13.950132399215283,702.2096645659371
2025-02-28,824.1648268745779,849.7212732865642,824.1648268745779,847.3490600585938,54516728,834.3458581542968,833.2451105451996,833.130150880207,57.245829085454346,0.11495966499262522,-613334715.3559076,1801426822.0,92.8385568841892,50.09947073783843,15.915707530957244,855.1717113984264,815.681895779308,14.779154828698923,702.4412307278841
2025-03-03,850.9685518032735,852.5581872301856,828.6157962838088,832.259765625,21205364,833.6615808105469,833.093519019015,833.0656778983398,49.563921347173945,0.02784112067524802,-628085277.3724412,1780221458.0,49.35940941821771,59.86391243329076,16.210987688613667,855.119213964768,816.2528624512477,15.433671694247343,702.5293997609613
2025-03-04,830.5233989514803,838.4960561692715,828.2000855562981,836.392822265625,19920958,832.7713854980469,833.6011041338782,833.3121330366573,51.484333079608064,0.2889710972208377,-616303121.5958903,1800142416.0,59.67057711687945,67.28951447309545,16.44577795752988,854.6518007830819,818.2854550762931,15.066693045584918,702.6100152511935
2025-03-05,832.4554173003111,836.7841648833463,825.7545160417726,826.6104736328125,21583872,831.7139123535156,832.5256225183296,832.8157138215577,46.929662888397274,-0.2900913032281096,-634536954.1979365,1778558544.0,35.265531164145806,48.098505899747636,16.422367388559163,854.213097767362,817.2127811388881,14.778332745298401,702.694172443182
2025-03-06,825.1431133704963,831.4527555208074,817.928613712989,827.1973876953125,32966088,830.7400769042969,831.7058940840193,832.3995415159098,47.23129276759425,-0.6936474318905539,-622316408.8284544,1811524632.0,36.72976692216948,43.88862506773157,15.663956740374607,852.2026602772207,816.9439217540294,14.688747678335545,702.8182618824844
2025-03-07,822.6974814746513,832.0641145636093,820.5453477030246,826.2435913085938,13372914,829.6737976074219,830.865539810877,831.9435452042568,46.76611425994317,-1.07800539337984,-622458371.5277424,1798151718.0,34.3502315446075,35.44850987697425,15.009620263018553,849.0494700332839,817.4265248397629,14.46232047706763,702.8688386892023
2025-03-10,826.1213121744792,831.4527168350353,823.2110803985861,825.3876342773438,15604050,828.7894702148437,830.0227851134104,831.4579221726335,46.32516586556633,-1.435137059223166,-629820598.240895,1782547668.0,32.21478621697397,34.43159489458364,14.402022105473646,846.8498287744977,817.4129031590961,14.017985902737744,702.9279922130168
2025-03-11,822.8931680662241,828.5669320467777,816.8525651252012,824.409423828125,19898430,827.93498046875,829.1591910695204,830.9358111841514,45.79375823848592,-1.7766201146309868,-624046343.591918,1762649238.0,29.774342530010006,32.11312009719715,13.533482418042649,846.1008112834149,816.6823369099445,13.853441689797652,703.0012686662452
2025-03-12,827.3686094415733,840.5503321112867,827.3686094415733,836.955322265625,18784106,827.2345629882813,830.3585958689212,831.3817008938902,53.20755523390686,-1.023105024969027,-615508098.1222885,1781433344.0,61.073904565501145,41.021011104161694,13.449904218518682,846.536359102251,816.7236811809521,14.016832160752228,703.0770702771705
2025-03-13,839.3520039936377,841.6753173618534,831.5261063322791,834.7297973632812,15736264,826.3820288085938,831.0310884065151,831.629708039771,51.8527448481309,-0.5986196332559075,-621309771.6026162,1765697080.0,55.52165535118986,48.789967482233656,13.461416292398166,846.5273299874628,816.7229263601934,13.740573508525234,703.1409957197769
2025-03-17,833.9472484828103,843.24050227822,833.9472484828103,836.5885009765625,18950652,826.0024743652343,831.8860749557531,831.997026035089,52.93071123064187,-0.11095107933590498,-629488425.3434159,1784647732.0,60.15875721673635,58.91810571114243,13.600986328469927,846.9791586322758,816.8922830181148,13.422907814731264,703.2190253374475
2025-03-18,836.5885009765625,836.5885009765625,836.5885009765625,836.5885009765625,0,826.0014965820312,832.6095251128007,832.337135290013,52.93071123064187,0.2723898227877726,-629488425.3434159,1784647732.0,55.274028816336575,56.984813794754245,13.730587076250847,847.4260125694927,817.2060125769917,12.464128685107601,703.2190253374475
2025-03-19,848.6208098215055,856.4467077795136,847.2512537961089,853.07177734375,15221406,826.3018151855468,835.7575639175622,833.8730347014009,61.740668881198026,1.8845292161612406,-625440189.5810629,1799869138.0,91.47618761383622,68.96965788230303,15.271227986044822,850.3192471412909,815.6211703391779,12.992277122096425,703.2882951814844
2025-03-20,857.9140405532244,867.6964127374116,855.615206972685,865.1285400390625,17833978,827.0301123046875,840.2761756285622,836.1882573190055,66.65671970528982,4.087918309556699,-615187472.2765585,1817703116.0,94.9494917891847,80.56656940645249,17.281486938211934,856.0786236401567,812.0970660571089,13.108874141493938,703.375118127973
2025-03-21,858.672213095421,867.7453276286816,858.672213095421,865.9111328125,33508264,828.0332946777344,844.2200151953218,838.3899518000051,66.95354009925066,5.830063395316756,-595227077.4019264,1851211380.0,96.3959613784845,94.2738802605018,19.15052843697954,860.8084711557557,809.4777715200256,12.820605598048703,703.5393185521289
2025-03-24,870.1420221964519,882.5656470460817,867.5252495291953,880.4135131835938,17393736,829.4346203613281,849.7882456550559,841.5028081987894,71.93872192618849,8.28543745626655,-582811088.5922847,1868605116.0,96.72495369327044,96.02346895364654,21.535364386900834,869.8148969255745,805.9934954084098,13.09445621487249,703.6311651955687
2025-03-25,882.8102129604783,901.787979673643,881.147197703983,890.9050903320312,39101416,831.299140625,856.1139140668984,845.1622365049554,74.88987116246837,10.951677561942915,-584942256.1304302,1907706532.0,87.18686498503537,93.43592668559675,24.37144920630963,880.0455608862114,802.0700152856637,13.68588552024226,703.8544733590718
2025-03-26,892.6414630044289,893.8642595290926,881.3917349775238,883.6172485351562,24478442,832.8638317871093,860.3451962927843,848.0107559145999,69.42776950500944,12.334440378184354,-600685160.3785535,1883228090.0,78.60641378500212,87.50607748776929,27.0049565386178,886.1288324354057,802.318390464985,13.599216879622727,703.9902854303655
2025-03-27,880.4134775363805,900.4673400802648,879.4841402576089,892.8126220703125,41658100,834.6471569824218,865.3401848739425,851.329412666875,72.18440978427171,14.010772207067475,-589420995.6244155,1924886190.0,89.4327264415581,85.07533507053185,29.638821726612996,893.4165153335184,802.0251045395285,14.126644232696519,704.226808622237
2025-03-28,894.5979227681237,898.0217529810142,883.2748151941205,894.2066040039062,28773648,836.3703210449219,869.7811724323983,854.5055009140624,72.58793179491414,15.275671518335912,-575535286.4387267,1953659838.0,91.07395223765839,86.37103082140618,32.08455368689424,900.1438863752107,801.5339944841642,14.170950915139173,704.3906255130579
