Date,Open,High,Low,Close,Volume,SMA_50,EMA_12,EMA_26,RSI,MACD,ADI,OBV,SO_K,SO_D,ADX,BB_High,BB_Low,ATR,VWAP
2020-04-01,1748.9620066213515,1832.7373294377821,1740.2171965882449,1793.6480712890625,869738,,,,,,134818.7525527423,869738.0,,,0.0,,,0.0,1788.8675324383632
2020-04-03,1793.6481616484439,1798.1954203954708,1711.8404169681985,1778.475830078125,692217,,,,,,510893.43053434714,177521.0,,,0.0,,,0.0,1777.3315899380773
2020-04-07,1805.8033999048087,2014.4109007383613,1805.8033999048087,1993.860595703125,1069857,,,,,,1369963.3053712372,1247378.0,,,0.0,,,0.0,1842.6549993015644
2020-04-08,1906.3688968518088,2084.2820431729474,1896.3561304368848,1960.3243408203125,840875,,,,,,1101540.1628403082,406503.0,,,0.0,,,0.0,1875.9893488228754
2020-04-09,2002.561668071974,2208.0209545925763,2002.4741345656553,2130.192138671875,1788927,,,,,,1535738.6376280268,2195430.0,,,0.0,,,0.0,1956.7632068669059
2020-04-13,2125.1200143584456,2125.1200143584456,2030.3263550030981,2096.612060546875,654478,,,,,,1796565.2326380035,1540952.0,,,0.0,,,0.0,1970.8411537490754
2020-04-15,2107.499554615718,2171.861452138631,2028.8400185026755,2042.0445556640625,986750,,,,,,992019.769577045,554202.0,,,0.0,,,0.0,1986.5760793575482
2020-04-16,2037.5409351803019,2068.1477732624094,1980.2624239123577,2040.6453857421875,944544,,,,,,1345402.3232151056,-390342.0,,,0.0,,,0.0,1991.7648716343065
2020-04-17,2081.2648786587743,2120.6602922755137,2052.450771042159,2080.521484375,690554,,,,,,1223224.791026103,300212.0,,,0.0,,,0.0,1999.2689211216416
2020-04-20,2107.4993268502226,2111.8717320926503,2056.517039024244,2079.7783203125,427667,,,,,,1154988.286735328,-127455.0,,,0.0,,,0.0,2003.2497205782893
2020-04-21,2049.7832966513774,2058.921579656041,2006.933731149706,2031.6378173828125,702627,,,,,,1120123.4079392364,-830082.0,,,0.0,,,0.0,2005.3752821481842
2020-04-22,2031.6377921580147,2109.3355070984503,2007.8957206396838,2081.002197265625,712519,,2009.4824292993876,,,,1434612.7532340595,-117563.0,,,0.0,,,0.0,2009.5418106510597
2020-04-23,2081.0023652496748,2139.8112117154333,2070.7709803853822,2125.55712890625,1179211,,2027.340075392751,,,,2126902.6951876166,1061648.0,,,0.0,,,0.0,2019.9981223554078
2020-04-24,2107.4993625297693,2161.717188453772,2082.139411694349,2138.412353515625,669287,,2044.4281181808853,,73.03983492777871,,2404180.174529562,1730935.0,85.97111418149841,,0.0,,,117.10552024378028,2025.8773101933791
2020-04-27,2159.9684992096304,2231.5448686811815,2145.320939548998,2191.231201171875,1128257,,2067.013207871807,,76.2550560961144,,2477412.7046212326,2859192.0,92.24296282696257,,0.0,,,115.39316273819286,2039.6865391412832
2020-04-28,2195.6908952087606,2226.7785266653955,2126.169649662467,2154.458984375,646907,,2080.466404256914,,69.99641991237742,,2194302.0056245327,2212285.0,81.89373364832542,86.70260355226213,0.0,,,114.33714232853113,2045.6661949422096
2020-04-29,2163.466115528737,2203.6922437883663,2142.4785703498005,2185.459228515625,525256,,2096.619146450562,,72.07708331274007,,2406654.0372093543,2737541.0,86.25083873433488,86.79584506987429,0.0,,,110.54260883639076,2050.4215799978992
2020-04-30,2208.152128811697,2320.8726479024685,2195.078466648328,2294.026123046875,1118513,,2126.989450542302,,77.86608812146768,,3047749.294092304,3856054.0,92.11810950913411,86.75422729726479,0.0,,,112.31909530428024,2066.1162338063436
2020-05-04,2229.9268892695286,2234.2555281788364,2112.221643362871,2135.614013671875,574557,,2128.31630640839,,58.73247204566211,,2693463.084092953,3281497.0,45.60978467987142,74.65957764111347,0.0,,,117.28233704568909,2069.4659807297426
2020-05-05,2164.3407422306136,2176.495944232878,2099.454286718367,2118.69287109375,663761,,2126.8357778984455,,57.117937988997824,,2361206.426433548,2617736.0,40.64189429187876,59.456596160294765,0.0,2312.0306588659637,1833.1888113488799,114.4080027934621,2071.9062389026317
2020-05-06,2120.616656911643,2181.830333606,2064.912253819051,2161.586181640625,778602,,2132.181993858781,,60.111326510515724,,2870181.398051506,3396338.0,53.234972105103864,46.49555035895134,0.0,2295.9164594096947,1886.0968218403052,114.5872940072826,2074.7360471691795
2020-05-07,2159.968202017017,2173.741278608826,2098.754528275644,2104.482421875,422145,,2127.9205212458915,,54.64268700111782,,2512527.8350788844,2974193.0,31.07250663100071,41.64979100932778,0.0,2253.6847304220164,1960.929210007671,111.75868374484685,2075.924566375592
2020-05-08,2139.024317349669,2142.478474640127,2099.6726718970954,2115.413330078125,455821,,2125.996337989312,,55.47766898523658,,2391938.1398534747,3430014.0,34.55436492247639,39.62061455286032,0.0,2250.1977080862393,1976.5715057809477,106.8334779590029,2076.988060931521
2020-05-11,2124.9888594134177,2295.4688900238802,2123.239897389209,2244.1806640625,1627625,,2144.1785420005717,,63.906902439216545,,3050179.32701932,5057639.0,75.57104909667314,47.065973550050074,0.0,2256.604990786171,1998.5498554052351,112.06362667234237,2088.6057793663917
2020-05-12,2213.311580856575,2322.5341807401296,2181.1744016402654,2298.879638671875,1335103,,2167.9787107192337,,66.78376281926424,,3938461.4522266076,6392742.0,92.48199280510619,67.5358022747519,0.0,2285.1127067525854,1986.9108894388205,114.15620898859392,2099.713550026554
2020-05-13,2425.8103496426997,2425.8103496426997,2336.0449583322165,2357.600830078125,1257856,,2197.1513444667553,2109.7320234247986,69.58637599333072,87.41932104195666,3284717.6209584987,7650598.0,81.10006111035149,83.05103433737693,0.0,2325.299148325928,1972.823324818603,115.06867341589611,2114.8229983081615
2020-05-14,2274.962346886474,2387.333156640428,2274.962346886474,2363.416015625,893108,,2222.730524644947,2128.523430254443,69.85760979749331,94.2070943905037,3797645.216015652,8543706.0,82.71137067783576,85.43114153109781,0.0,2357.2914229288217,1972.9681962118032,114.87596886861456,2123.395926256172
2020-05-15,2365.4710045896895,2369.8434094040886,2317.3745516313043,2329.267578125,645362,,2239.120840564955,2143.3933671337436,66.12808472862531,95.72747343121137,3444849.4234700734,7898344.0,73.24929872589992,79.02024350469571,55.01220068814491,2375.47422911822,1983.6476092606865,110.41831807605526,2129.1169078905623
2020-05-18,2317.374649364113,2320.304246111844,2152.0977404094647,2166.48291015625,1172714,,2227.945774348231,2145.103703653929,51.9028778263425,82.84207069430204,2472718.508933848,6725630.0,28.14386041727168,61.368176607002454,52.504518060757654,2374.59591997672,1993.122060980312,115.18628376458955,2132.9766333990874
2020-05-19,2201.943147040993,2234.298943879959,2174.7467026778136,2194.335205078125,641584,,2222.7749175374456,2148.750481537203,53.73663585470704,74.02443600024253,2253206.607995289,7367214.0,35.86135608826155,45.75150507714438,50.17595562104092,2374.261512217414,2004.9121572161803,111.80269447595524,2134.65083490632
2020-05-20,2182.7046537484116,2256.554534129693,2166.482987921325,2236.703857421875,947430,,2224.9178313658194,2155.265546417549,56.45630788844759,69.65228494827034,2783032.4383104425,8314644.0,47.601138823068005,37.20211844286708,48.18485428119389,2370.5405762394134,2029.1396971980862,110.25046959969902,2137.6356533473922
2020-05-21,2303.8202358159697,2382.261140223436,2292.2333623581744,2308.93603515625,3481384,,2237.8437088720398,2166.6485455833786,60.69822547558621,71.1951632886612,593436.7999754893,11796028.0,67.61570209459907,50.359399001976215,47.1903579039759,2379.090912711573,2043.3827445149898,112.77238482840345,2159.3107372023946
2020-05-22,2293.763869386319,2303.820401791177,2223.630529575189,2233.2060546875,1328364,,2237.13022361288,2171.578731442943,54.68350886666218,65.55149216993686,-417685.5711557268,10467664.0,46.63194481100423,53.94959524289044,45.4712136013973,2379.9821771376446,2053.2563726670433,110.81046488216471,2163.238349314854
2020-05-26,2256.1611445143776,2271.858036909693,2215.5853085542108,2242.912841796875,686475,,2238.019857179648,2176.8627396173083,55.29499646304919,61.15711756233986,-437419.5429173014,11154139.0,49.321564740203904,54.52307054860241,43.78366887685688,2381.510326158938,2062.1782724738746,106.91491227311597,2164.929521976589
2020-05-27,2246.5417911352893,2278.023108566535,2221.444227993538,2256.64208984375,563888,,2240.8848160510483,2182.772321115563,56.19533871967711,58.1124949354853,-299715.29782559106,11718027.0,48.27541699400245,48.07630884840353,42.264030364732136,2384.818316391102,2065.411371108898,103.3194814373932,2166.4123930264786
2020-05-28,2263.1568626051685,2290.7030145263675,2142.478482759916,2273.650634765625,1087116,,2245.9257112379064,2189.5040480526045,57.34154225475919,56.421663185301895,537267.8172186525,12805143.0,53.34494440235662,50.31397537885433,39.936066270586664,2388.668294130871,2073.4805584081914,106.52698503232592,2168.6112888373514
2020-05-29,2276.2742882316743,2396.9526792328156,2265.9991353746927,2370.281005859375,2057601,,2265.0572950258247,2202.894933816069,63.22841837217743,62.162361209755545,1756714.1527779207,14862744.0,81.64746644302109,61.089275946460056,38.62483416681435,2407.509358924962,2073.1216713484755,108.27173923416856,2178.584784932388
2020-06-01,2387.333198973234,2439.8020604891294,2383.3542676090096,2412.0810546875,1008549,,2287.676334973775,2218.390202028768,65.44958355905753,69.28613294500701,1774684.380651154,15871293.0,90.67648586319775,75.22296556952516,37.71057145941421,2428.257065183449,2064.179458254051,105.50383319099613,2184.8930409134923
2020-06-02,2413.480090769336,2461.008219783484,2384.010122983856,2445.136474609375,1283507,,2311.9009718407906,2235.186222219924,67.13997398239792,76.71474962086677,2529048.534791006,17154800.0,95.01718573517842,89.11371268046577,37.01022600734579,2455.7230310406744,2067.665738490575,103.46770916304126,2193.0532257743785
2020-06-03,2470.408767590642,2515.4445380440648,2422.3998472048474,2434.0302734375,750002,,2330.690095163361,2249.9154111990038,65.97208519489325,80.77468396435734,1966544.4534076648,16404798.0,78.17113288110407,87.95493482649341,36.73048122771019,2473.682517554662,2081.2399922109635,102.7232078541967,2198.0945779315803
2020-06-04,2429.3082126228483,2477.5795210167344,2410.0696306654318,2463.631591796875,709462,,2351.142633106979,2265.746239391439,67.59026224895183,85.39639371553994,2382848.6447166326,17114260.0,86.10786544429213,86.43206135352489,36.30671829265572,2497.1043329966697,2088.02271778458,100.20797088970427,2202.5678240463308
2020-06-05,2485.275139523687,2486.062087068698,2415.3166556525066,2427.82177734375,723898,,2362.9394245280205,2277.751834795314,63.64709679261296,85.18758973270633,1914866.3243820164,16390362.0,76.50650522778587,80.26183451772737,35.97560215166243,2502.057980171305,2115.4030061568196,98.10350378445335,2206.8407559607026
2020-06-08,2448.547084175412,2460.789819596289,2400.4506235933945,2449.46533203125,727119,,2376.2511026054403,2290.471353109087,64.97701587868741,85.77974949635336,2369053.279566287,17117481.0,82.30959491406055,81.64132186204618,35.449344821507374,2506.3932095799905,2144.4729769434466,95.40605322862771,2210.87444147382
2020-06-09,2453.0067982316323,2461.3143679339296,2418.8145049004816,2440.8076171875,619517,,2386.182874079603,2301.6073726704512,63.968891048343814,84.57550140915191,2390719.8492165534,16497964.0,79.98828048850137,79.60146021011593,34.965181137224896,2518.844959533196,2151.683922302742,91.62703964325773,2214.2514452851046
2020-06-10,2439.9770099324787,2452.001124502648,2364.0284579998024,2376.139892578125,687626,,2384.637800002453,2307.1283000710196,56.871216906671805,77.50949993143331,1892428.5060916923,15810338.0,62.64951099643403,74.98246213299866,33.685079835479236,2522.734384554044,2155.520522672519,91.36601299037115,2217.1952400333907
2020-06-11,2376.13992179704,2411.8187921687127,2364.0720403262217,2377.320556640625,661173,,2383.5120702544796,2312.327726483583,56.965100882176024,71.1843437708967,1598173.0843193969,16471511.0,62.96607172515785,68.5346210700311,32.49641434100112,2524.317419023016,2155.9094608597966,88.25035147980827,2219.7402439777097
2020-06-12,2282.6140556830014,2447.7161130218446,2282.6140556830014,2432.937255859375,895700,,2391.115944962925,2321.2617656966045,61.244840484015256,69.85417926632044,2333518.6638622787,17367211.0,77.87807200796583,67.83121824318592,30.26556054609664,2531.997102741091,2155.1819011651587,93.7397590411679,2223.1346445634294
2020-06-15,2425.8108008837753,2425.8108008837753,2368.0512760654024,2386.065673828125,517425,,2390.338980172956,2326.0620551878283,56.174631359790425,64.27692498512761,2138849.080970966,16849786.0,65.31082054709486,68.71832142673952,28.194053450828196,2535.5986043707862,2157.260209105776,91.67877480922539,2225.0977967884787
2020-06-16,2417.06581195069,2437.135110924452,2363.5913769437434,2377.233154296875,611383,,2388.3226992689433,2329.8525069736834,55.24647611302296,58.47019229525995,1754279.4425464724,16238403.0,62.94263732878004,68.71050996128025,26.42054649061276,2527.420591610861,2186.513246279764,90.38341475004562,2227.35101782694
2020-06-17,2377.2329976447313,2394.1542915741106,2338.5372106943655,2351.873046875,600388,2221.694313964844,2382.715060439106,2331.4836580774845,52.5611536337315,51.23140236162135,1441812.918689054,15638015.0,34.42593472613686,54.22646420067059,24.649193209108205,2518.2114981294453,2211.476123940867,87.9001051878813,2229.099750179315
2020-06-18,2351.8728707181617,2358.6063316844447,2314.007800912618,2342.166259765625,579578,2232.664677734375,2376.476783412417,2332.274961906236,51.528747558253976,44.20182150618075,1594098.636290152,15058437.0,25.577494612699645,40.98202222253886,23.34449445109646,2512.3467064649844,2227.8871558397027,84.80713558673452,2230.4561292543835
2020-06-19,2352.353999922221,2369.8436207394866,2321.7471634920066,2338.66845703125,929078,2243.8685302734375,2370.660117815314,2332.7485541377187,51.13894746414602,37.911563677595495,1318757.0010273647,14129359.0,24.07519873678819,28.026209358541575,21.955762095449817,2511.852080631638,2231.35502386055,82.18494427678776,2232.6622508907926
2020-06-22,2352.354079010002,2513.214829185783,2325.726173119736,2497.29931640625,1872829,2253.9373046875,2390.1430714446888,2344.9374994909435,64.32097862905218,45.20557195374522,2873625.0693229986,16002188.0,92.20668124989066,47.28645819979284,21.909873733587766,2520.090545164583,2249.525885499479,89.70663797602057,2240.7204818690693
2020-06-23,2527.250380138264,2544.8275356547256,2487.854963866248,2502.89599609375,1089848,2264.7887377929687,2407.4896752368522,2356.638128868929,64.68299717053998,50.85154636792322,2359227.268479846,17092036.0,84.00862550411318,66.76350183026402,22.173507921875576,2525.820972897247,2269.793773196503,87.36849039119606,2246.5678324054848
2020-06-24,2535.820040886357,2605.8658407335115,2453.4875268207934,2463.631591796875,1616696,2271.4575268554686,2416.1268931691634,2364.5635705672958,60.07743639792818,51.56332260186764,957783.2797334294,15475340.0,55.998928539741385,77.4047450979151,22.959127991155533,2521.470895490432,2294.84280079863,92.01204921416192,2254.6615896655762
2020-06-25,2439.6271739774097,2527.2501288242274,2424.673463249152,2466.429931640625,1341923,2278.8538842773437,2423.865822164773,2372.1092269430983,60.294421559598185,51.756595221674615,708388.7806190338,16817263.0,56.86461280605186,65.62405561663549,23.220708628420905,2515.413439047283,2320.1781869292795,92.76666466851289,2260.1332701550123
2020-06-26,2495.506693882401,2535.995211860691,2470.4091287953283,2507.662109375,1227656,2288.1662353515626,2436.757558658654,2382.1501811973135,63.44692809667402,54.60737746134055,875353.1936398644,18044919.0,69.62004978776325,60.82786371118551,23.54654202982916,2527.154497431209,2322.175238896916,91.10942292219526,2265.6197268090473
2020-06-29,2470.4090164432705,2509.760664492809,2461.664205765595,2500.57861328125,680236,2297.364899902344,2446.5761824467454,2390.9226576479755,62.52843041487785,55.65352479876992,1295862.7209125895,17364683.0,67.42872512341742,64.6377959057442,23.696173272743188,2536.5453871544564,2321.6341050330434,88.03706833683948,2268.3828953898264
2020-06-30,2538.093646734525,2547.756704779739,2461.664090392286,2471.3271484375,751691,2305.1810131835937,2450.3840233684,2396.8785458546067,58.7463316841826,53.50547751379327,712911.7183385111,16612992.0,58.379598035324385,65.14279098216836,24.22124856708918,2539.234730875095,2321.563828695217,87.89817876902613,2271.397475574076
2020-07-01,2481.8209235451936,2511.5095117385163,2473.5571205320916,2485.31884765625,525799,2313.291823730469,2455.758611720377,2403.429679321395,59.99285503641051,52.32893239898203,513010.72705783823,17138791.0,62.70801936687672,62.838780841872854,24.7088184832676,2544.4062730733026,2321.5211439188847,84.48990623559686,2273.4265692806603
2020-07-02,2499.1792230323713,2539.0118762145216,2480.9901886034536,2517.93701171875,754915,2323.0178076171874,2465.3245194124343,2411.9117039434213,62.813792572130865,53.41281546901291,719519.3643380282,17893706.0,69.87274050469144,63.653452635630856,25.444851270824255,2552.4948305232024,2318.8631284611724,82.59931919098766,2276.5708475064284
2020-07-03,2535.1205435634174,2588.463887184448,2525.151545072125,2564.328125,1394992,2332.684326171875,2480.5558433489828,2423.2018092068715,66.43838159041785,57.35403414211123,1050921.1056969962,19288698.0,85.76783570567312,72.78286519241378,26.593509860647693,2571.95458318389,2313.05401056611,81.7370017820384,2283.2753753391266
2020-07-06,2572.7668625307224,2576.221019773106,2522.003197904154,2533.458984375,1126381,2340.84236328125,2488.6947881222163,2431.3690073674734,62.10079207820902,57.32578075474294,400530.4637016626,18162317.0,75.19107015076715,76.94388212037724,27.59113546732336,2582.0985403972268,2311.3094185871482,79.7713460739608,2288.1715670243843
2020-07-07,2536.869453038889,2600.7065678516565,2471.764383439383,2489.778564453125,2168021,2347.8696875,2488.861522942356,2435.69564122567,56.4814885844981,53.16588171668582,-1161713.258464715,15994296.0,60.22474612944476,73.72788399529502,27.463675087349145,2585.7974541017197,2312.507599609218,83.28354881241171,2296.288140208436
2020-07-08,2520.2545334564115,2535.1207121756197,2458.6911493354105,2494.41357421875,1348810,2353.9333349609374,2489.715684677186,2440.045117743676,56.926878345458675,49.67056693350969,-1249682.240503313,17343106.0,60.77263642191833,65.3961509007101,27.088546527553145,2588.765474336016,2321.366947538984,82.79397838582581,2300.5336494994904
2020-07-09,2516.756470319548,2531.622648219281,2483.7010438196944,2520.25439453125,700469,2361.2492431640626,2494.413947731657,2445.986545653867,59.42040617169984,48.42740207779025,-881552.2509505546,18043575.0,69.43972735760765,63.4790366363236,26.740212864885425,2593.788792404571,2330.637013259492,80.30309452966586,2302.840325219801
2020-07-10,2514.133116904202,2549.112360269826,2497.8676833406435,2531.3603515625,688336,2368.167265625,2500.098009859479,2452.3105312767284,60.479334333729945,47.78747858275074,-670118.3370912224,18731911.0,58.88045059873292,63.03093812608631,26.652638172475804,2601.298899849347,2332.969215385028,78.22749327248846,2305.209781629151
2020-07-13,2535.033102606576,2544.739927936422,2515.707198949271,2535.9951171875,481601,2373.0066455078127,2505.620641756098,2458.509389492341,60.937450752099835,47.111252263756796,-478638.84811800485,19213512.0,61.43837587646712,63.25285127760259,26.5713188152383,2606.57509786704,2342.685961703273,74.71358153782151,2306.882384804863
2020-07-14,2534.246139723713,2544.6523790535052,2489.64760517371,2535.557861328125,612986,2381.0055224609373,2510.226367844102,2464.216683702399,60.865767573797285,46.009684141702564,-68355.6918599988,18600526.0,62.99065072411124,61.10315906643711,25.883068300524798,2609.0532081075726,2356.0403221658653,73.30580956224821,2308.8936014316014
2020-07-15,2549.112334061677,2584.091577067669,2535.99511793443,2572.76708984375,905297,2390.0870068359377,2519.848017382509,2472.257454527685,64.67402928660222,47.590562854824384,410630.32828381634,19505823.0,80.32644743802216,68.25182467953353,25.838646707760063,2610.7612398381784,2376.4216947321343,71.5363742891979,2312.3515623619237
2020-07-16,2574.4721707655067,2579.7190569830996,2535.032990631396,2572.985595703125,525135,2398.3149951171877,2528.023029431835,2479.718798318458,64.69575599760353,48.30423111337677,777506.7712907086,20030958.0,80.4803080974195,74.59913541985098,25.773900437601167,2604.4840660398595,2405.7808021242026,69.61849515080544,2314.3015508073245
2020-07-17,2579.7191526893785,2623.4432061247912,2557.857125971672,2619.07080078125,687105,2408.6067626953127,2542.0303788702063,2490.0411688712575,69.02309594729597,51.98920999894881,1372997.7712907097,20718063.0,97.34606934277554,86.05094162607242,26.324469842859084,2597.5032448145375,2440.801857724525,69.33046550811358,2317.186505130672
2020-07-20,2624.3173633739875,2640.932501629271,2600.706377432269,2625.6728515625,766788,2418.811953125,2554.8984515920974,2500.08796018172,69.59800377029057,54.81049141037738,1558028.677413329,21484851.0,91.62668084125873,89.81768609381794,27.057912283083873,2615.836590342028,2435.3058657126594,67.2515839858913,2320.5865714665915
2020-07-21,2636.5602733484307,2673.2884761612445,2614.6982478646128,2627.203369140625,834544,2426.4724072265626,2566.0222850611017,2509.503916400898,69.73822017257817,56.51836866020358,1079724.0788825434,22319395.0,78.52484571812866,89.165865300721,28.124994781048883,2631.5678454024246,2432.0053479569506,66.63291572237276,2324.3931877516247
2020-07-22,2633.062336494715,2649.808562535525,2541.7228371657957,2610.675537109375,2050770,2432.7083251953127,2572.892016145451,2516.998110527452,66.18813234434343,55.89390561799928,1645509.187886722,20268625.0,70.82305731483514,80.32486129140754,27.376249091416508,2639.4171586330485,2438.8604292575765,69.59383069718396,2332.2943046365226
2020-07-23,2592.836155726946,2667.1670404611077,2570.6679770576934,2651.513916015625,1057181,2438.5865869140625,2584.987693048555,2526.9622442673167,70.22183153386212,58.02544878123808,2359719.2787242117,21325806.0,89.85329385612916,79.73373229636434,26.928568235684487,2654.135640626004,2442.650345702121,71.51563303334328,2336.615354426341
2020-07-24,2649.6778382298294,2649.6778382298294,2604.204819223905,2610.763427734375,543609,2443.53353515625,2588.953190692527,2533.1697393389504,62.24243695203751,55.783451353576766,1972920.5671857554,20782197.0,70.86401338185611,77.18012151760682,26.512864583933325,2660.8859457606704,2446.210172403392,69.7865947303702,2338.727713526545
2020-07-27,2614.6982024201807,2654.0498476071066,2565.7710329370375,2641.369873046875,621957,2449.7755810546873,2597.017295670119,2541.184564058056,65.42062565325428,55.83273161206307,2416207.317318165,21404154.0,85.12628112079211,81.94786278625915,25.283138772253945,2671.5136419768214,2449.6616021638038,71.10746758320583,2341.096737296846
2020-07-28,2641.8074413130366,2737.125882591792,2639.183997975089,2727.812744140625,1263659,2461.002177734375,2617.139672357889,2555.008873693802,72.46912561308474,62.13079866408725,3439547.6575717237,22667813.0,96.32508853658884,84.1051276797457,25.340013569988365,2698.496253970043,2448.3275497408945,73.02421165702707,2347.1498396968573
2020-07-29,2734.546147229395,2753.740964540176,2694.1451633927018,2710.279296875,582910,2471.3210595703126,2631.4688453605218,2566.510386522039,69.37999244538764,64.95845883848278,3172255.4550368087,22084903.0,83.54306682703567,88.33147882813888,25.595181719154205,2716.3204067363527,2452.99944189646,72.06503947777328,2350.0125742743494
2020-07-30,2719.6358865865304,2737.0817396870707,2657.8538898669494,2666.248779296875,570166,2479.9119580078127,2636.8196044276533,2573.898415616471,62.208574682252696,62.92118881118222,2722917.687471998,21514737.0,66.87073637399062,82.24629724587173,25.070670472983778,2724.5725981928185,2459.578427197807,72.57666878794099,2352.529078254482
2020-07-31,2683.6511944329072,2691.565076957682,2616.097534862415,2627.771728515625,561196,2486.288671875,2635.4276235181105,2577.8890313867787,56.693669948516174,57.538592131331825,2335346.2842062186,20953541.0,52.30124819240488,67.57168379781041,23.798575191103314,2727.9733016173273,2462.5220841248606,72.78315973846425,2354.6637726336935
2020-08-03,2614.6982801075324,2684.569229016885,2544.7397976966286,2551.254638671875,1246016,2492.6496435546874,2622.4779335417666,2575.9161134078972,47.64742137835607,46.56182013386933,1205437.401512884,19707525.0,7.417035488264775,42.19634001822011,22.69908641493519,2727.4250577404264,2464.8498934314484,77.5721791371637,2358.4709912336098
2020-08-04,2570.0998923543652,2622.5687571183194,2555.2774807578194,2597.1650390625,706322,2499.7346875,2618.5836420834175,2577.490107900831,52.54062491312911,41.09353418258661,1378459.8145502235,20413847.0,28.408679994913445,29.375654558527717,21.678132551350508,2723.403797887124,2479.6098007456885,77.12517480211231,2360.5591774324
2020-08-05,2611.3752659451093,2654.443457610348,2598.957677748006,2631.3134765625,678314,2507.228115234375,2620.5420781571224,2581.4770240979915,55.84634660165597,39.065054059130944,1491245.4934771566,21092161.0,42.25612239207537,26.027279291751217,20.185395091606612,2720.402489466063,2496.3010994011242,75.70754935537914,2362.8414389130958
2020-08-06,2645.130335729218,2689.029241955531,2602.8053246035543,2616.2724609375,853222,2514.0805517578124,2619.885213969488,2584.0544638638808,54.06021661303232,35.83075010560742,904549.4725791363,20238939.0,35.16191030216257,35.27557089638381,19.23466237384822,2717.668153951341,2508.637241556471,76.45871849799323,2365.7402572847172
2020-08-07,2616.2721672920766,2640.058006599939,2601.580844529585,2624.929443359375,515510,2519.1735205078126,2620.66124926024,2587.0822401228065,54.95322604454405,33.57900913743333,1014680.0102433693,20754449.0,39.24504344227778,38.887692045505254,18.32979464585194,2715.4306892436416,2520.2316154438586,73.74575018173326,2367.373875091581
2020-08-10,2624.929554682366,2645.3050045239165,2598.08303088944,2618.021240234375,442147,2523.29232421875,2620.2550940254914,2589.3740179088486,54.05030761174172,30.881076116642816,945902.3876214763,20312302.0,35.986735668998776,36.797896471146395,17.577325184482657,2712.037767169415,2531.8271498227723,71.85119471407205,2368.749175182483
2020-08-11,2641.632415302624,2675.9120299808865,2619.7266221618434,2629.9580078125,696792,2526.9887548828124,2621.7478499927233,2592.380239383193,55.4135239947076,29.367610609530402,502882.60169005656,21009094.0,40.774035572568614,38.66860489461507,17.381170305514456,2707.5883691990484,2545.7165624415766,70.85402293067487,2371.068135845186
2020-08-12,2629.958172519693,2654.0501698081634,2608.139911516589,2643.556396484375,489280,2531.17927734375,2625.1030109914386,2596.1710658351326,56.979353654290385,28.93194515630603,768491.7445471989,21498374.0,47.28040531071194,41.347058850759794,16.95155849487675,2707.5025450545595,2552.881317250128,69.0723254564534,2372.6338749286274
2020-08-13,2658.4224872614805,2658.4224872614805,2623.44324400804,2639.14013671875,462333,2534.6894482421876,2627.2625687956406,2599.3539599746596,56.287986214632,27.908608820981044,721101.4833045272,21036041.0,45.16737415767015,44.40727168031692,16.629316475293646,2706.264126884162,2560.7351895220877,66.63710529909534,2374.124749125571
2020-08-14,2642.681984684978,2648.147491767798,2602.4558525554253,2612.55615234375,542458,2538.3841357421875,2625.0000431876574,2600.3319001501477,52.18336022691898,24.668143037509708,418468.0340110129,20493583.0,32.447835421840956,41.63187163007437,15.85685225345773,2706.251495515247,2560.0963560472533,65.14100057861513,2375.7277879240896
2020-08-17,2635.6860805839565,2733.627965462989,2616.4474960541465,2724.533447265625,1577193,2543.885498046875,2640.312874584268,2609.532014751294,64.06898358769561,30.780859832973874,1750845.3149476356,22070776.0,86.02518937302642,54.54679965084586,16.521215174929573,2721.18714417028,2555.0467669625327,69.13605861723111,2381.578308712137
2020-08-18,2731.878861022039,2751.9919256198327,2704.7699478684913,2715.0888671875,825757,2549.371123046875,2651.8168734463034,2617.35104085768,62.65438969411608,34.46583258862347,1285976.2008797165,21245019.0,82.19412326323284,66.8890493527001,17.380608985084468,2731.8674355638645,2553.1550253736355,67.57076712681042,2384.8671600456432
2020-08-19,2719.635964934328,2762.4855347998528,2666.074002602422,2675.737060546875,953142,2555.36306640625,2655.4969022310065,2621.6759312050276,57.00663226152302,33.820971025978906,523895.7090908141,20291877.0,60.1606555393303,76.12665605852987,17.32166642099688,2734.9847653551024,2556.5438479261475,69.63082177471189,2388.33872614298
2020-08-20,2675.037476404509,2680.2843625955607,2645.611275081566,2655.755126953125,563069,2560.9317578125,2655.5366291113323,2624.200316075257,54.32863079263135,31.336313036075353,290286.17976307735,19728808.0,50.983927737638645,64.44623551340061,16.84678768649018,2735.270611520659,2556.682122854341,67.13384075608924,2390.090865166052
2020-08-21,2677.6608732560553,2689.029126473668,2656.6733288543096,2669.921630859375,395723,2565.6714453125,2657.749706303339,2627.58708013334,55.91000739688616,30.16262616999893,218626.14220501302,20124531.0,55.32803762458933,55.49087363385278,16.550655021527707,2737.281037615632,2560.587517071868,64.71528066783593,2391.3598242311186
2020-08-24,2678.4478613654974,2707.393268856787,2646.8354575298063,2657.85400390625,562548,2571.1072119140626,2657.765752088402,2629.829074486889,54.18875589635107,27.93667760151311,-139209.66324399185,19561983.0,36.35648581689528,47.5561503930411,16.58014319498722,2738.1151533958855,2561.401814377552,64.41831857206056,2393.136682952702
2020-08-25,2671.0149794754966,2671.0149794754966,2616.1850573477645,2631.663330078125,652358,2576.1958154296876,2653.749994856052,2629.9649452714248,50.55130895801655,23.78504958462736,-423251.4355349832,18909625.0,20.42566164745501,37.37006169631322,15.933464359393481,2725.9537746057877,2563.9482517613997,63.733433111751374,2394.9415803248344
2020-08-26,2693.4451466309183,2744.121275997963,2685.793438165341,2695.3251953125,2026040,2583.0648583984375,2660.1461795416594,2634.806445274467,57.94154300063154,25.339734267192398,-1787112.8954750085,20935665.0,59.148834178371004,38.64366054757378,16.46687471145247,2723.0269455596217,2565.379670651316,67.21375545518613,2401.911975307584
2020-08-27,2695.3252664278534,2701.053159615338,2645.4798499655067,2661.045654296875,711504,2589.4424462890624,2660.284560273231,2636.750090387238,53.32052037926489,23.534469885993076,-2100039.516701976,20224161.0,38.297849430410686,39.290781752078914,16.146732945562942,2722.5079497069373,2565.3783540040004,66.38229504051792,2403.982965853065
2020-08-28,2661.92023851045,2678.0543707127968,2625.192035482382,2635.81689453125,679405,2595.3854150390625,2656.520304005234,2636.6809647682758,50.15045305771594,19.83933923695804,-2506335.7964522154,19544756.0,20.846783864051826,39.43115582427786,15.46754952001192,2722.6568680633313,2566.033952249169,65.41658362551055,2405.7630544779367
2020-08-31,2645.3051046044247,2648.8030287096867,2576.3086370266683,2594.585205078125,2787032,2597.3311328125,2646.991827247217,2633.562760346783,45.399853046857736,13.429066900434009,-3888089.9859338216,16757724.0,9.816775480770271,22.987136258410946,14.728222676120534,2716.3399150651326,2576.6839618879926,65.92214134390397,2411.6359372586476
2020-09-01,2577.095455323436,2626.940871323923,2562.229278621536,2587.064453125,755670,2599.014501953125,2637.7722312284145,2630.1184412933176,44.57050659064101,7.653789935096938,-4063734.196633777,16002054.0,12.401697194093913,14.355085512972023,14.265773325540584,2717.3841009334938,2574.6297174258816,65.83567358379561,2413.055583692616
2020-09-02,2579.718991861245,2596.9462251415243,2489.6912141496264,2518.986328125,1946352,2600.1215966796876,2619.4974769048126,2621.8864329104795,37.83320901249313,-2.3889560056668415,-4946851.888998424,14055702.0,10.73890171376972,10.985791462877986,14.852141760797114,2730.6800629414347,2550.10104057419,68.79419768437435,2415.4817481652576
2020-09-03,2543.908992420829,2556.7200536555315,2523.7959294471448,2532.8466796875,785527,2601.449931640625,2606.1665850252257,2615.2908956347032,39.827495698527834,-9.124310609477561,-5300500.5107577965,14841229.0,15.819781524413424,12.986793477425705,15.396626736392466,2737.606627011669,2534.831898378956,66.57559253052844,2416.454356145632
2020-09-04,2518.5054142875615,2558.819075935635,2483.5261724224565,2521.3037109375,1499317,2601.722763671875,2593.1107582424984,2608.328881953429,38.71365951202459,-15.21812371093074,-5295279.816741366,13341912.0,13.54230888437984,13.366997374187681,16.40470825900893,2744.1204217581126,2517.9555303903253,67.19825760071771,2418.0206902609343
2020-09-07,2534.5521986908425,2541.9852875044726,2474.8251011714638,2534.4208984375,807657,2602.399609375,2584.081549041729,2602.8542165078047,40.74178480202062,-18.772667466075745,-4669558.934380191,14149569.0,20.71741202442336,16.693167477738893,17.44489973010445,2747.4847976488786,2506.231120319871,67.19553822445279,2418.812121191144
2020-09-08,2535.9512820333803,2551.73570770871,2506.4813133036637,2537.525390625,798195,2603.72357421875,2576.9190631314627,2598.01504422019,41.23742490469789,-21.095981088727058,-4372645.818438154,14947764.0,23.283022677144395,19.180914528649218,18.183029738038165,2748.962551979339,2495.510104270661,65.62831366592376,2419.6981892451445
2020-09-09,2514.132927219472,2554.9711480684296,2494.0198638017164,2544.870849609375,677328,2604.9146142578124,2571.9885687434494,2594.078437211981,42.46365837471189,-22.089868468531677,-3919799.2231199136,15625092.0,26.010673372185828,23.337036024584545,19.03569867708993,2747.947838432366,2486.6562631301335,65.2942401374087,2420.4351271898818
2020-09-10,2550.948736116785,2557.2887236789893,2511.0723151545853,2548.849853515625,686071,2605.53287109375,2568.428766400707,2590.728171752992,43.15564830601595,-22.299405352284793,-3484274.047717788,16311163.0,27.48823015843189,25.59397540258739,19.767494959043713,2746.311162774622,2479.2639104675654,63.931537879336936,2421.2234374883906
2020-09-11,2548.2378528249856,2572.679556174602,2539.40550856799,2550.29296875,683992,2605.25216796875,2565.638643685214,2587.732971530548,43.421427418412776,-22.094327845334192,-3720653.7973023336,16995155.0,28.024114203314728,27.17433924464417,20.039707378732068,2745.9494492477243,2473.3993056350882,61.74171714557087,2422.0980818770895
2020-09-14,2555.2339461873676,2612.9497026720924,2531.622954898162,2586.452880859375,1185683,2606.3120458984376,2568.8408340197,2587.63814999935,49.760035383205256,-18.79731597964974,-3307578.3842846556,18180838.0,41.451676675255484,32.32134034566739,19.31666674214561,2728.6653814462466,2476.8753167959408,63.14064790473941,2423.845391633306
2020-09-15,2586.189910766499,2588.4636466654797,2554.40265590609,2568.65673828125,632573,2607.889609375,2568.8125115984003,2586.232119501713,46.97099465590038,-17.41960790331268,-3410704.2103021163,17548265.0,41.476569155574204,36.98412001138149,18.64527186531533,2710.968408833414,2479.929076518149,61.063529537214436,2424.722683552687
2020-09-16,2573.1604659176724,2666.2926968846164,2568.7005272052234,2656.629638671875,1865973,2611.1339306640625,2582.322838840473,2591.446750551355,59.15782477515845,-9.123911710881657,-1914248.6783866682,19414238.0,89.45785117996284,57.46203233693086,18.164203684012644,2707.6327543942366,2481.3539887698257,63.67584589908243,2428.29136694452
2020-09-17,2636.560132770065,2649.6335806130587,2610.544323831455,2640.23291015625,687069,2613.5335009765627,2591.232080581362,2595.0605401517173,56.549285517954694,-3.828459570355335,-1557649.4689061358,18727169.0,86.38945319634772,72.44129117729494,17.71749751566015,2705.368194883156,2482.0663266012193,62.419379394892246,2429.5929980258397
2020-09-18,2643.643876542936,2684.656954388966,2619.9453535339876,2667.998046875,937014,2616.2662548828125,2603.0422292419216,2600.4633184275162,59.7831411016285,2.57891081440539,-1103072.2919503734,19664183.0,92.0608300129256,89.30271146307875,17.89357075325768,2705.0122837337503,2482.229879352187,62.58310949918411,2431.548152684826
2020-09-21,2663.625502027298,2663.625502027298,2588.551432250955,2611.8125,779499,2617.7826025390623,2604.3915016662413,2601.3039985439964,51.4399247884368,3.087503122244925,-1399528.9018593375,18884684.0,65.28436780594095,81.24488367173812,17.343563424019038,2699.1513465926796,2483.486666102633,63.78764557953133,2432.892760067598
2020-09-22,2609.6265581088014,2631.7072067484382,2572.811030454992,2611.069580078125,690800,2619.2928369140627,2605.4188983449926,2602.027374953932,51.33790252129919,3.391523391060673,-1192851.0775612178,18193884.0,64.930312923194,74.0918369140202,16.49477746163021,2696.947917743435,2483.630719951878,63.43825491623954,2433.9678702582646
2020-09-23,2617.3217579237175,2665.068508201186,2584.0914783376497,2611.375244140625,949248,2620.065,2606.335259236628,2602.719809708502,51.38062840425604,3.6154495281261916,-1502434.71435629,19143132.0,65.07598387725221,65.09688820212908,16.309529262131694,2681.9458611389173,2490.2377814392075,64.69102455533216,2435.5508797204257
2020-09-24,2592.7485938014365,2625.104390330965,2547.1882624617124,2563.84716796875,736921,2619.8822314453123,2599.798629810801,2599.8403547648168,44.79469488158086,-0.04172495401599008,-1924240.0216013335,18406211.0,42.42543037782258,57.47724239275629,15.355384419434296,2671.0587916192394,2491.405002326073,65.63567479204077,2436.48950592074
2020-09-25,2584.047749662316,2622.1314422904675,2558.775332582219,2586.190185546875,559314,2619.224619140625,2597.705023000966,2598.8292311190435,48.158797777139974,-1.124208118077604,-1999511.9570969448,18965525.0,48.348577635774774,51.94999729694988,14.469392779786713,2665.0828001879413,2492.418322858934,65.47284871462703,2437.2448319524206
2020-09-28,2603.242449619492,2642.944015820632,2582.2113519939835,2594.016845703125,902239,2618.5914990234373,2597.1376111089903,2598.4727581252714,49.3237608676901,-1.3351470162810983,-2550988.248283621,19867764.0,52.4541061728188,47.742704728805414,14.056782009844465,2665.0338861030295,2492.4104010063456,65.13426407977143,2438.585171913198
2020-09-29,2617.0596431661,2633.0626905939926,2527.250473535915,2533.80908203125,1189292,2616.72361328125,2587.3947604816453,2593.6828561923808,41.582549621419176,-6.288095710735433,-3592847.3557216423,18678472.0,13.098374935102761,37.96701958123214,13.549898869909297,2664.4385204445907,2487.680229555409,68.03983214965045,2439.8889367447528
2020-09-30,2533.852700388214,2570.0998985169545,2509.7607038937253,2519.467529296875,1095715,2614.899453125,2576.94441722245,2588.1854245704917,39.97320138599519,-11.241007348041876,-4336024.862868943,17582757.0,5.550047742969654,23.700842950297098,13.391784127629364,2664.400658169766,2487.7662119474217,67.48978661204892,2440.768386864134
2020-10-01,2570.97418442194,2723.09011430097,2570.97418442194,2610.675537109375,4741959,2614.082685546875,2582.1338202819766,2589.8513588326314,52.550606701305604,-7.717538550654808,-6602737.689268703,22324716.0,47.30469794249361,21.9843735401887,14.067157774341839,2667.180370242081,2492.7693856172937,77.21355792576651,2448.38404018838
2020-10-05,2637.7848258791632,2640.9330433824066,2562.273507521334,2581.730712890625,904969,2613.50203125,2582.07180376023,2589.249829503594,49.03896799973078,-7.178025743363833,-7060000.826448938,21419747.0,33.73656208935715,28.863769258273493,14.532334347532569,2665.9446402353756,2500.0478158193123,77.31684206400266,2449.473314674077
2020-10-06,2610.3259027843487,2617.321751100019,2580.5935474427515,2599.17626953125,678723,2612.6581591796876,2584.7032600326947,2589.9851213574943,51.15746983158789,-5.281861324799593,-7051920.790734649,22098470.0,41.91431714306565,40.985192391638826,14.964284022638248,2666.352363556401,2506.115629607661,74.4176536063787,2450.302154685917
2020-10-07,2601.581154507367,2709.098558176729,2583.6980595227133,2691.1279296875,2126243,2611.924462890625,2601.076286133434,2597.477181233791,60.48231364861309,3.5991048996434074,-5535084.028204985,24224713.0,85.0174504525867,53.556109895003196,16.410333311673163,2682.8470033276535,2504.981243742659,78.05928539549564,2453.9029904513877
2020-10-08,2684.657054508976,2720.3359271183367,2668.0419131292792,2688.635986328125,1009344,2611.4915966796875,2614.5470092403098,2604.2296853148528,60.147176988659396,10.317323925457003,-5749442.039056577,23215369.0,83.84933052265399,70.26036603943547,17.862835563002534,2696.0537925646536,2506.1509681775337,76.21890886646433,2455.8190132142677
2020-10-09,2693.401534404415,2708.8360389676436,2647.57881447737,2675.737060546875,698666,2611.6813623046874,2623.960863287474,2609.5265279246323,58.34500078231304,14.434335362841466,-5805793.297828938,22516703.0,77.80284787564061,82.22320961696046,18.7775549114039,2704.5176881214597,2510.3757933238526,75.15021712530786,2457.044625779472
2020-10-12,2668.0417366384345,2688.723128483911,2633.1500274477025,2643.337646484375,632718,2611.9926806640624,2626.9419068562274,2612.031055225354,53.97070272828127,14.910851630873367,-6206532.523153558,21883985.0,62.615343255133915,74.75584055114285,19.322279049723168,2706.653278591231,2517.5446706275193,73.75185169037218,2458.0316867524107
2020-10-13,2645.3050448435274,2668.129084513275,2620.1199491553357,2653.56884765625,456767,2614.03896484375,2631.0383592870003,2615.107928738754,55.115105963948956,15.930430548246477,-6026822.614846123,22340752.0,67.41130699606569,69.27649937561343,19.550295807151006,2710.889968347355,2520.0195775510824,71.91308623805553,2458.710206086778
2020-10-14,2656.629592643364,2689.029157385275,2640.9327009117173,2670.796142578125,822555,2615.5115869140627,2637.154941331789,2619.2329816157444,57.05138969414817,17.921959716044512,-5827916.781305639,23163307.0,75.48674998772267,68.50446674630744,20.04133581484155,2716.364009161809,2524.759477166316,70.21189839773426,2460.045946243053
2020-10-15,2675.8679623095127,2737.125396061202,2640.451483542586,2647.403564453125,1076100,2615.833388671875,2638.7316525812253,2621.3196914555506,53.665963088663204,17.41196112567468,-6749246.294150891,22087207.0,60.53836206811389,67.81213968396743,21.081509053683448,2715.290465309821,2524.9104135964294,72.10204226351152,2461.8349555945033
2020-10-16,2649.677576412267,2703.895401408162,2648.8030953639463,2662.576171875,548742,2616.759462890625,2642.400040164883,2624.3757270421765,55.51002767056217,18.024313122706644,-7023617.294150895,22635949.0,67.21160903413748,67.74557369665804,22.04738420403664,2717.8401832476557,2524.5950218304697,70.98702759862047,2462.722146247092
2020-10-19,2684.656910326657,2686.362105730036,2597.383656014812,2605.95361328125,598192,2616.3799462890624,2636.7928975674013,2623.0111260228487,47.85544834674826,13.781771544552612,-7506579.59766748,22037757.0,42.30776048405484,56.68591052876875,21.779604112200424,2712.488808605472,2523.7419531132778,72.27212917837787,2463.4888202462234
2020-10-20,2605.95332559731,2639.6646101428105,2585.840263017197,2627.11572265625,899774,2616.5618359375,2635.304101427224,2623.3151702179157,50.59736438186054,11.988931209308248,-7026361.553004253,22937531.0,51.615322345688135,53.71156395462685,21.290527449062356,2713.2852979495956,2524.475786034779,70.95443046032328,2464.544191996372
2020-10-21,2649.677855717259,2657.679272754292,2616.4913391345303,2639.18408203125,982019,2616.746357421875,2635.901021520151,2624.4906451670518,52.14285358684836,11.41037635309931,-6926281.854272656,23919550.0,43.98612743172033,45.96973675382112,21.113686607826146,2715.020623147169,2525.551911032519,68.82825211456888,2465.8298964249943
2020-10-22,2632.013207533178,2657.941486257608,2603.3301852982054,2628.864990234375,1701072,2616.452529296875,2634.818555168493,2624.8146707275946,50.68284710052481,10.003884440898219,-7036600.990330814,22218478.0,38.08450870569659,44.56198616103504,20.655311854152842,2715.8728282688244,2526.4486805202378,67.8127556034856,2467.914200172863
2020-10-23,2649.6775070463946,2706.956014211919,2620.950719962552,2695.369140625,1217651,2617.577109375,2644.134029854109,2630.040927757032,58.707451553733996,14.093102097077008,-6147040.681331253,23436129.0,73.32411531279888,51.79825048340529,20.97333757647595,2723.8711555641835,2531.602550490504,69.11222264962,2469.773553889608
2020-10-26,2709.09845723757,2722.9153001753843,2522.877765076189,2531.753662109375,2140237,2615.9610595703125,2626.844742508765,2622.7603895609095,41.02238027279369,4.0843529478556775,-8097348.094074593,21295892.0,4.142821552975246,38.51714852382359,19.542634204823056,2728.5017421643315,2521.5283115466063,78.46403068173252,2471.6857473610007
2020-10-27,2544.739902252636,2599.1763486152568,2494.9382482394367,2577.40185546875,1812330,2613.018427734375,2619.238144502609,2619.4004981466755,45.91740612160756,-0.16235364406657027,-7042180.149444563,23108222.0,34.04953894993692,37.17215860523704,18.638995687392534,2728.9123301154987,2519.4562245720017,80.30503565988163,2472.7988090127046
2020-10-28,2577.0955454298255,2594.585165690632,2527.424981189867,2574.515869140625,1197897,2610.2069677734376,2612.357794446919,2616.0757108128937,45.65938623698075,-3.7179163659748156,-6560211.799970828,21910325.0,32.85790415259874,23.68342155183699,17.799902778349907,2725.2713687348414,2527.1678646635964,79.36611771994471,2473.5898677619657
2020-10-29,2552.566523030458,2565.7275060727407,2522.877932862937,2558.163330078125,714820,2607.8554931640624,2604.0201845440274,2611.7859048325404,44.14568657225174,-7.765720288512966,-6097764.175209986,21195505.0,26.105878205072226,31.004440435869313,17.095278094230185,2720.042414269865,2536.2663992066973,77.38553333121207,2473.9714954933443
2020-10-30,2570.974336691659,2591.262254744513,2518.5930061827753,2524.539306640625,722940,2605.2311767578126,2591.792357174273,2605.3231938553613,41.12656079312894,-13.530836681088203,-6702392.27469967,20472565.0,12.222390274389308,23.728724210686778,15.95162222781157,2726.098888815851,2521.5963016138367,77.04865584767819,2474.332520662842
2020-11-02,2551.7357034528854,2566.4707945413434,2468.178996440756,2486.76171875,926407,2601.567978515625,2575.6337974166927,2596.540862366075,37.98347086797921,-20.907064949382402,-7278512.38690212,19546158.0,6.909451970901748,15.079240150121114,15.729807323988442,2736.4400040971504,2501.7582869184744,78.56602315145743,2474.545407071932
2020-11-03,2496.81827788533,2562.1857370698704,2496.81827788533,2548.981201171875,951287,2599.3905224609375,2571.533397994413,2593.017924499838,45.386527286150816,-21.484526505425038,-6711554.332756792,20497445.0,30.043980824860366,16.391941023383826,15.523836341866968,2737.6166727820537,2495.562111397634,78.34159423491549,2474.9521849603757
2020-11-04,2540.367698580245,2577.7517671221744,2520.604339519764,2558.8193359375,710858,2597.933642578125,2569.5773884471955,2590.4846957174427,46.47454269427513,-20.907307270247202,-6471698.116448894,21208303.0,35.58202665575644,24.178486483839535,15.003373990499531,2728.4172998767644,2491.530624927923,76.82772518973657,2475.3333643234446
2020-11-05,2580.5935086392074,2597.208648139087,2559.60596400778,2579.10693359375,507235,2595.60927734375,2571.043472315896,2589.641898523095,48.7423016619748,-18.598426207198827,-6452823.104014755,21715538.0,43.54618306331137,36.39073018130941,14.117192801082258,2717.907694273123,2491.0873252581273,74.0821242620116,2475.694940788045
2020-11-06,2588.46380324433,2623.4430438287127,2584.091398171282,2603.6796875,889565,2594.4619580078124,2576.064428498066,2590.6817347436063,51.426670984986465,-14.617306245540476,-6456780.587196169,22605103.0,53.1925324630611,44.10691406070965,13.438860877324336,2709.49973467463,2492.289547551932,71.95740897436525,2476.476095057898
2020-11-09,2614.6984312849386,2642.6818258672524,2605.9536204779656,2625.1484375,550477,2594.2485888671877,2583.6158144983633,2593.2348238366726,53.707693624837994,-9.619009338309297,-6431879.336184728,23155580.0,61.62036535741174,52.78636029459475,13.167558032976112,2707.452038164792,2492.518323163333,69.60346107385719,2477.03317182394
2020-11-10,2636.5600080959393,2643.1186150812528,2594.5849233899344,2621.256591796875,664054,2594.7820166015626,2589.4067033135193,2595.310510352243,53.219785127498476,-5.9038070387236985,-6366072.183031578,22491526.0,60.092571459931264,58.30182309346805,12.66182410605339,2703.512030059047,2493.2271056831405,68.09847754653299,2477.677318806355
2020-11-11,2638.921472968902,2658.422443460664,2611.6814731326413,2643.643798828125,782511,2595.913603515625,2597.750871854228,2598.8907539430493,55.71217086275594,-1.1398820888211958,-6078392.672788626,23274037.0,68.88095643020698,63.53129774918335,12.493234426029337,2699.0334891459474,2494.9904122212397,66.5729413166394,2478.525625331744
2020-11-12,2645.3055004359007,2659.2096654363354,2620.164167167295,2638.703125,646257,2598.307939453125,2604.0512184920394,2601.8398184657867,55.01552944213034,2.2114000262527043,-6110958.886233075,22627780.0,66.94143161348829,65.30498650120887,12.352574524757491,2697.8063966996383,2495.3474607222365,64.60669538466803,2479.2257606122466
2020-11-13,2632.188075676488,2665.4183570305436,2619.5956334040216,2659.078369140625,557563,2600.8325732421877,2612.5169339764375,2606.0797111083675,57.382270996454906,6.437222868069966,-5707683.64514842,23185343.0,96.78563757712422,77.53600854027319,12.353792674972478,2697.1859104712,2495.6181666772377,63.264983116229025,2479.857374756769
2020-11-14,2672.1078543086223,2680.284337277648,2649.6775014522914,2660.083740234375,59697,2603.608173828125,2619.834904169966,2610.080009562146,57.50108682558385,9.754894607820006,-5726787.018279,23245040.0,90.47614880249195,84.7344059977015,12.671033223325411,2703.611719215756,2494.605370627994,60.93225830973813,2479.930854260053
2020-11-17,2653.175403317295,2666.2050850609558,2620.338598457656,2662.92578125,501135,2606.178271484375,2626.464269874587,2613.994511168654,57.8587547499831,12.469758705933145,-5297311.045904852,23746175.0,91.81606839358349,93.02595159106659,12.156958944065732,2708.443166073413,2493.354929629712,59.856131759278234,2480.5000603154635
2020-11-18,2672.2390310558344,2672.2390310558344,2626.8533399317544,2656.585693359375,455293,2608.5594775390623,2631.0983350260926,2617.1494135531516,56.7121133390377,13.948921472941038,-5156075.402015172,23290882.0,88.82694616516186,90.37305445374578,11.821512208866709,2710.809308775953,2492.7289480599843,58.82252885676407,2481.020181140748
2020-11-19,2652.3009416904406,2672.851245722661,2632.1878781695436,2653.39404296875,888406,2610.72994140625,2634.5284439403476,2619.8342009172698,56.109279050547116,14.694243023077888,-5117864.391262487,22402476.0,87.32219839311996,89.3217376506218,11.525171063038105,2713.7653124942,2492.2258496151753,57.5254459065036,2482.031454601185
2020-11-20,2652.3007674678624,2697.773777658541,2642.6814768506033,2674.643798828125,820220,2613.2458203125,2640.700037000006,2623.8941711328885,59.21754915611789,16.805865867117518,-4986367.5325385295,23222696.0,88.48999959865775,88.2130480523132,11.85197316957723,2709.5964661277453,2494.322161801942,57.3516498280346,2483.0567005189164
2020-11-23,2682.907891697466,2697.7740697153463,2650.20238545667,2691.43408203125,493600,2616.068642578125,2648.5052746971205,2628.8971274957303,61.535453017011314,19.60814720139024,-4624333.945190786,23716296.0,96.42151755997065,90.7445718505828,12.15543917199278,2719.2418174494537,2500.6448524724215,56.65308085879472,2483.694634166464
2020-11-24,2690.7781069491634,2730.129752972144,2669.7905624035734,2707.130859375,858928,2618.4822021484374,2657.5245954167945,2634.692218746047,63.617324381547355,22.832376670747635,-4420184.157939879,24575224.0,86.5127946447692,90.47477060113255,13.161345527698424,2732.42614515339,2500.4334251591104,56.91637440949301,2484.9214145916103
2020-11-25,2710.891204296395,2763.3600663150346,2659.296823311399,2668.26025390625,1219151,2620.4742724609373,2659.176235184403,2637.178739869025,55.592993624824494,21.997495315378274,-5429313.347015506,23356073.0,46.95123615660177,76.62851612044723,14.716518243268663,2737.5352145802713,2504.6987942087912,60.28400788050321,2486.5967512389325
2020-11-26,2669.7908510928632,2754.6155194701996,2669.7908510928632,2736.42626953125,1264680,2622.070205078125,2671.0608558531485,2644.530408732893,64.13620184457727,26.530447120255303,-4707012.847055778,24620753.0,84.04160925774633,72.5018800197058,16.160607193441027,2752.9204895159332,2507.1398132184418,62.14624057217795,2488.496355668944
2020-11-27,2750.15546162977,2841.189027407863,2742.1102783973233,2775.20947265625,2548347,2624.769736328125,2687.083719976703,2654.2103393938824,67.9179457193443,32.87338058282057,-5552709.516192587,27169100.0,73.24474585921084,68.07919709118633,18.72220619710055,2770.873531816513,2514.2537875194243,65.19027752249472,2493.2937086868333
2020-12-01,2776.56475123074,2841.1450459768485,2764.2344835424383,2836.51025390625,1400851,2628.13998046875,2710.0724175043256,2667.7140367651687,72.80008719488046,42.35838073915693,-4320694.9646954015,28569951.0,97.96138583917718,85.08258031871146,21.100833843355822,2793.8733201423825,2526.22885270918,66.02744073048868,2496.1096424029865
2020-12-02,2836.5104638917333,2927.7626498000227,2817.140793408236,2919.14892578125,1707284,2634.286708984375,2742.2380341623143,2686.338843358952,77.7219301764383,55.89919080336222,-2879291.0299436683,30277235.0,97.20485205733247,89.47032791857352,24.110005347033646,2844.3822183311026,2512.736726981397,69.21275613486712,2500.2595572140617
2020-12-03,2945.864367719332,2948.050570416529,2869.1724198009438,2880.890380859375,965142,2639.683125,2763.5691644234007,2700.7500683589833,71.2903078245451,62.81909606441741,-3557674.370325149,29312093.0,79.5526929301122,91.57297694220729,27.050371442705192,2872.9322163459337,2516.3938334587538,69.90314145491841,2502.6344448004807
2020-12-04,2884.301017632427,2924.745767985839,2875.468673237787,2895.756591796875,739106,2645.370751953125,2783.9056917116277,2715.1949960210495,72.25120648751206,68.71069569057818,-3688184.3314880105,30051199.0,84.04270118449725,86.93341539064733,29.780711388685912,2900.7435486410945,2520.2474669839053,68.42985240442796,2504.430872208398
2020-12-07,2895.756396431812,2916.3942341318525,2857.6291516336223,2902.883544921875,481597,2652.1514794921877,2802.2099768208964,2729.097851495185,72.72255382217024,73.11212532571153,-3428035.4130644635,30532796.0,86.21746247942316,83.27095219801089,31.682147341276146,2926.5024490455367,2524.408952321651,67.73951169684241,2505.573942175502
2020-12-08,2903.277234521288,2959.8998854054007,2886.2686199279583,2908.698974609375,823352,2658.6016552734377,2818.5928995575855,2742.4016383925323,73.12372399262783,76.19126116505322,-3749750.5807242217,31356148.0,84.62649996167661,84.96222120853236,33.8326526728248,2950.154238448404,2529.1122166297205,68.16035125259955,2507.642914314703
2020-12-09,2916.3940779830873,2932.7030629157034,2885.7872435814656,2891.51513671875,397850,2664.55162109375,2829.8117052746875,2753.4470827129926,69.85451670084208,76.36462256169489,-4050454.5725330976,30958298.0,79.13266918003599,83.32554387371194,35.812556769135384,2966.2182470744656,2540.074062495847,66.64288468700228,2508.5991055528334
2020-12-10,2891.2092892241,2903.2334040126625,2861.34584589323,2877.7861328125,469288,2671.431162109375,2837.1923864343507,2762.6573827203633,67.26696212864731,74.53500371398741,-4151364.4806055515,30489010.0,74.11444280078214,79.29120398083161,36.792247492882034,2978.302004953118,2551.404538015632,64.87464707503301,2509.656982400054
2020-12-11,2881.9398498631567,2918.2743668963662,2873.151272562336,2909.966796875,611154,2679.2411474609376,2848.388449579066,2773.5691911762624,70.06595085663687,74.81925840280383,-3765248.445034734,31100164.0,83.87681898024137,79.04131032035319,37.87141416039475,2992.5503785495653,2564.282531606685,63.463821879247085,2511.0982356463933
2020-12-14,2909.9665735284766,2916.000620441837,2855.1804250437067,2876.16796875,425416,2684.55099609375,2852.66222175921,2781.1691006261685,63.88694921423845,71.49312113304131,-3897063.385882893,30674748.0,72.14535471723943,76.71220549942099,38.25471555956313,3000.0903226221435,2578.451547495044,63.274991416310165,2512.049086953439
2020-12-15,2871.7957760047666,2927.0629358156975,2852.557192852481,2860.995849609375,746643,2690.136298828125,2853.9443183515427,2787.0821931434434,61.27465868206006,66.86212520809931,-4474574.081543662,29928105.0,67.09812764146184,74.37343377964756,38.75833961082308,3003.601106336629,2595.031974718059,64.07718795537491,2513.696154935665
2020-12-16,2876.168169324438,2893.176783023271,2843.812370520849,2888.84814453125,616704,2695.929736328125,2859.3141377638053,2794.620411764762,64.17096111514864,64.69372599904318,-3966024.4598603253,30544809.0,75.50860798164392,71.58403011344842,38.91379161515476,3008.3611567019716,2612.8641606808405,63.02627542302114,2515.0273729876412
2020-12-17,2891.9963920740174,2912.02192290204,2849.0592867311852,2859.946533203125,678073,2699.3061083984376,2859.4114293698544,2799.459383723159,59.221332810293816,59.9520456466953,-4409598.133722361,29866736.0,54.10554545030762,65.57076035780447,39.333441658644446,3006.341518688375,2635.2198826788126,63.02172976215211,2516.4733305242808
2020-12-18,2864.712444031906,2940.8798304205247,2860.3400386937847,2927.369140625,1362381,2704.080771484375,2869.866461870646,2808.934180530703,65.84063237159174,60.932281339943074,-3504300.6865770323,31229117.0,83.37429894571542,70.99615079255567,40.10626410641881,3008.694133785221,2660.2647773475915,64.30112743752694,2519.6316757411673
2020-12-21,2931.6977925073465,2933.883995186323,2797.0277074824003,2831.788330078125,797760,2707.201796875,2864.00828774872,2810.627080497179,52.764708089325694,53.38120725154067,-3896808.801593007,30431357.0,21.342271613853033,52.94070533662538,38.82155526148696,3000.4371915150386,2684.236172742774,69.48363888512664,2521.198671863792
2020-12-22,2837.6911065986005,2872.670349823237,2773.85398771364,2855.443115234375,825331,2711.44390625,2862.6905689003593,2813.9467867740086,55.1392400121531,48.74378212635065,-3359247.3662060136,31256688.0,43.85430075749974,49.52362377235608,37.03069121322561,2992.6878221902625,2708.3864453878623,71.57883340116022,2522.7068413876937
2020-12-23,2869.1720359188766,2902.3585457228482,2851.682416681334,2894.225830078125,816586,2716.2570458984374,2867.542147543092,2819.893382574314,58.79645022939687,47.64876496877832,-2804759.5912705828,32073274.0,64.7000787751397,43.29888371549751,35.90003316207959,2986.8778715542685,2732.905893094169,70.08578308975694,2524.4163245033287
2020-12-24,2901.527987894937,2993.8295010952024,2899.8227926266354,2951.15478515625,1567636,2721.86421875,2880.405630252809,2829.616449432235,63.50028885522931,50.78918082057362,-2660392.676753869,33640910.0,80.60024259839764,63.05154071034571,36.10418972011038,2972.252674717436,2775.820543056001,72.19420365599412,2528.244758661685
2020-12-28,2962.7417312170905,2992.4740862529175,2950.4989967905735,2986.09033203125,536954,2728.6379541015626,2896.6648151418,2841.2071074025325,66.06086429899034,55.457707739267335,-2286763.2775229183,34177864.0,96.48180429494973,80.59404188949571,36.29376366685325,2974.5366309773485,2798.502993046089,70.03569549930482,2529.6268631387024
2020-12-29,3002.0936384988536,3025.6170948642516,2990.7691508693874,3000.82568359375,682613,2735.4029443359377,2912.6895641344076,2853.030705638919,67.10896574001771,59.65885849548886,-2575394.9296656665,34860477.0,90.15288159131643,89.07830949488795,36.84429876170255,2983.667390289713,2811.9338548274745,67.8564860231403,2531.486388783444
2020-12-30,3005.76602855356,3036.9414040737297,2977.826403506834,3015.341552734375,639180,2743.590703125,2928.4821777651714,2865.0537313496934,68.15235669172353,63.42844641547799,-2403311.025299309,35499657.0,91.78985766852838,92.80818118493153,36.99804740710916,3001.9533615374726,2811.5310134625274,67.23209420483711,2533.2301422305354
2020-12-31,3030.033160882483,3030.033160882483,2996.715559992443,3011.756591796875,410959,2751.2835205078127,2941.293626077741,2875.9206099013363,67.5821561229454,65.37301617640469,-2443220.056262351,35088698.0,90.42720757028377,90.78998227670955,37.14081400641531,3016.9861374224747,2805.759004179088,64.80963039663732,2534.351128817471
2021-01-01,3013.461652827648,3055.436742594255,3013.461652827648,3044.287109375,421643,2759.3855810546875,2957.138777354243,2888.392202454941,70.03229906848854,68.74657489930178,-2245574.9000123516,35510341.0,96.04037071660079,92.75247865180434,37.592822928508966,3038.8515128212875,2800.233301631837,63.30038185383323,2535.555378698487
2021-01-04,3051.9390488811478,3085.1693307887363,3030.077021310366,3080.31591796875,647829,2768.414599609375,2976.0891066795516,2902.608773974482,72.5104017637444,73.48033270506949,-1711888.2042115727,36158170.0,98.44099787307447,94.96952538665305,38.354102409806664,3066.431234266105,2791.109512804207,62.714090969871584,2537.4950103522433
2021-01-05,3060.9024894564436,3065.0562747074737,3038.821841543073,3054.25634765625,561562,2775.59234375,2988.114836060582,2913.841927580539,68.12248492182597,74.27290848004304,-1612682.5735475055,35596608.0,90.07020250684228,94.8505236988392,39.061004785297385,3083.772712954645,2788.9053143891047,61.19837564528626,2539.1254156356126
2021-01-06,3054.256093921544,3084.2946027978555,3004.629295308338,3028.0654296875,591620,2785.5185791015624,2994.2610812339544,2922.3029277366104,63.9348946335727,71.95815349734403,-1856214.1456399313,35004988.0,81.65721594792663,90.05613877594782,38.6438762117652,3094.3736538841913,2790.241018967371,62.517442205588495,2540.786391987978
2021-01-07,3060.683711642006,3067.111232834995,2997.939695553345,3006.422119140625,531361,2794.098984375,2996.132010142673,2928.5339789517225,60.61871474937933,67.59803119095068,-2257254.8070472404,34473627.0,74.70500140781186,82.14413995419362,38.05753551251338,3100.6904931882573,2795.414877905493,62.99273471102147,2542.223665451758
2021-01-08,3033.57485335236,3099.68570811194,3006.5097067431116,3086.1748046875,675643,2804.3321630859373,3009.9847477649546,2940.2110771543726,67.34090219887048,69.77367061058203,-1777553.8347860032,35149270.0,95.85341064770358,84.07187600114737,38.00415779976011,3118.7596988480186,2798.1845394332317,65.15493858675673,2544.1907943264455
2021-01-11,3087.7926730615377,3178.3452309960176,3079.047862319364,3163.30419921875,788461,2816.43498046875,3033.572355680923,2956.7364936035856,72.2706019062695,76.83586207733742,-1227956.5048748655,35937731.0,96.2814938451542,88.94663530022324,38.87013807335391,3152.7181531571955,2789.55982535843,67.59368359317793,2546.801026821503
2021-01-12,3158.5817311968385,3185.5595565210947,3111.4910555669353,3169.337890625,863270,2829.3309521484375,3054.459361056935,2972.4847452348017,72.61879226184087,81.97461582213327,-742814.2471060324,36801001.0,95.1414266026479,95.75877703183524,39.74477851781701,3181.154002224816,2790.440968478309,68.05617054753375,2549.705502239761
2021-01-13,3169.3379189168886,3176.9896280402995,3128.0186896504683,3148.918701171875,515154,2842.574091796875,3068.991567228464,2985.5539271560665,69.44095210093435,83.4376400723977,-818249.3081063076,36285847.0,87.17670948259445,92.8665433101322,40.55694464481847,3199.044802313157,2801.3424535462177,66.69293967912643,2551.4137760800286
2021-01-14,3148.131766640603,3199.4199946069166,3100.035309094705,3127.18798828125,743848,2854.1382275390624,3077.9448627750467,2996.0453390912653,66.12455920561789,81.89952368378135,-1155647.0385610794,35541999.0,70.98195533549956,84.43336380691399,40.42850004421791,3211.408590302715,2812.81264993166,69.02806438148964,2553.8262254901183
2021-01-15,3137.6380023906045,3168.2448390917393,3096.537393106224,3130.904541015625,684649,2865.579931640625,3086.0925055812895,3006.0349096041805,66.41994035858505,80.05759597710903,-1184034.108557985,36226648.0,69.08057978971662,75.74641486927023,40.20132162189585,3218.472201970775,2832.8448390448502,69.21944878177719,2555.990696607575
2021-01-18,3106.1569756225886,3163.9164969929975,3065.056362487943,3116.43212890625,602004,2876.326435546875,3090.7601399389755,3014.212481404334,64.07687473397976,76.54765853464141,-1160337.6269284512,35624644.0,62.549519014209565,67.53735137980861,39.05462507649549,3226.254226095814,2843.9691137479363,71.33664061915415,2557.8255427315516
2021-01-19,3118.1806556808524,3204.0984147555614,3114.1144043903564,3183.9853515625,586410,2887.932548828125,3105.102480188749,3026.7882495641984,69.48756499545267,78.31423062455042,-836074.2314012796,36211054.0,90.30148214709678,73.97719365034101,38.61825058070155,3230.0901988208043,2875.352843171383,72.66859560101493,2559.7678504957075
2021-01-20,3183.110784216052,3229.2834229061446,3173.7976471277993,3186.56494140625,549040,2899.16087890625,3117.635166529903,3038.623560071017,69.67539414623249,79.01160645888604,-1132445.681586165,36760094.0,81.53462728870588,78.12854281667076,38.56079537704237,3231.025223097097,2907.530001512278,71.4412513279671,2561.6618969120213
2021-01-21,3211.0942777823593,3329.1492144655344,3196.4029540736296,3238.465576171875,1533886,2911.50505859375,3136.2244603209756,3053.426672374784,73.24411183945142,82.79778794619142,-1694262.608313443,38293980.0,72.6204613347174,81.48552359017337,39.55869043622794,3243.2491852828243,2929.730013935926,76.5228957373469,2567.373206349515
2021-01-22,3279.2598841319764,3611.606420835753,3270.602607892186,3576.18994140625,8537143,2930.1559814453126,3203.9114574110176,3092.149877488226,85.33675943573468,111.7615799227915,5069553.889344707,46831123.0,94.22871112765576,82.79459991702636,41.90563810731003,3372.623802454108,2862.858912389642,97.70989208924198,2607.6671798252673
2021-01-25,3629.096381943802,3681.5652452972063,3550.3930869136952,3645.66796875,2368224,2950.2952783203127,3271.873997617015,3133.1512175816906,86.67137767450497,138.72278003532438,6141576.120594708,49199347.0,94.74898552860463,87.1993859969926,44.28296891333587,3486.7106216936986,2814.729856821926,100.10005396740405,2619.9058210457474
2021-01-27,3614.5798407648726,3704.870008030652,3592.455641277939,3625.904541015625,2062088,2969.6318017578124,3326.340235062955,3169.651463761982,84.32034352545242,156.6887713009728,5306636.869544467,47137259.0,88.82980887630816,92.60250184418953,46.55216649157028,3568.818659759544,2795.1297044982684,100.97964773778328,2630.4827048555367
2021-01-28,3567.882596204681,3664.07550933765,3564.9094461063814,3616.678466796875,1262871,2988.7636962890624,3371.0076553297117,3202.7645750979,83.18592722951759,168.24308023181175,5362313.622639291,45874388.0,87.3716273575142,90.31680725414236,48.1258488142813,3634.2647427239467,2789.817312940116,100.85010598731796,2636.6897635329806
2021-01-29,3644.8368717308526,3677.49882305049,3489.179251009142,3502.99609375,1406268,3005.5651025390625,3391.3135689328333,3225.003946849907,70.58473226168005,166.30962208292613,4162398.935753607,44468120.0,68.44801362287036,81.5498166188976,48.24354314390339,3666.4493730986346,2806.7566327607406,107.09792499117727,2643.101299133475
2021-02-01,3553.8911766667384,3621.2262211065363,3476.106125821595,3598.2275390625,745011,3024.397939453125,3423.1464874143203,3252.6501388656548,74.12125896947174,170.49634854866554,4671270.742561009,45213131.0,83.3322609308067,79.71730063706377,48.13542931440344,3712.024026892043,2816.5760219360823,109.8137942978747,2646.4936549217564
2021-02-02,3634.167979546293,3735.039448587474,3600.4569076955618,3674.08837890625,1167922,3044.811826171875,3461.7529322592327,3283.8677862760696,76.54083180332113,177.88514598316306,4781312.653026863,46381053.0,90.90259576013099,80.8942901046027,48.64397100899337,3767.0070338391115,2820.9702610827635,111.74223109981037,2652.3620004076015
2021-02-03,3677.1930859625554,3724.5461529076174,3637.928969325497,3704.608154296875,681937,3065.41111328125,3499.1152741111773,3315.033739462796,77.45412661191827,184.08153464838142,5149305.966651441,47062990.0,95.45790111392779,89.89758593495519,49.116188296826884,3818.1811099317765,2834.8313656541613,109.94758484854681,2655.821404998715
2021-02-04,3704.607527144099,3813.9612011875897,3672.8200586191847,3693.370361328125,1163598,3085.4498388671873,3529.000672144554,3343.058674415783,76.27659104825406,185.94199772877073,4324550.216280081,45899392.0,83.89770854347111,90.08606847250998,49.961403394383076,3856.1809395740056,2863.3620291759944,112.17569611425097,2661.8846155557167
2021-02-05,3725.289279449779,3736.482466112078,3638.7156553498894,3700.14794921875,729191,3105.3101806640625,3555.331022463661,3369.5097318085955,76.50855368779642,185.8212906550657,4511741.277826334,46628583.0,84.80270842334812,88.05277269358236,50.17515609698733,3884.161629977888,2904.753921779925,111.14649001767508,2665.5258575873304
2021-02-08,3700.3229380205576,3723.977479166998,3668.4479335694627,3705.56982421875,616236,3126.0563720703126,3578.4446842721363,3394.4030719871257,76.70478427758061,184.04161228501061,4719421.452900153,47244819.0,84.5121278735746,84.40418161346463,50.37364074940557,3911.5590173766213,2939.2960363343163,107.17385113052224,2668.605531043561
2021-02-09,3697.6554584664523,3706.050561654485,3624.723826818745,3633.381103515625,721336,3143.99546875,3586.8964410788267,3412.1051483966444,68.50025499596111,174.7912926821823,4151658.6992879175,46523483.0,71.79156849421346,80.36880159704542,49.80648504488291,3927.493085277361,2970.3696588632642,105.32762853803783,2672.0321918225236
2021-02-10,3637.8411958824677,3685.9376540011062,3585.459865984528,3630.45166015625,989105,3161.1003125,3593.597244013815,3428.278964082541,68.18154294523977,165.318279931274,4048353.6248770175,45534378.0,70.2846586716417,75.52945167980994,48.64531515804739,3938.7316098317815,3005.2425112619685,104.98121135793359,2676.5938489876403
2021-02-11,3633.468732847134,3674.919048877465,3608.5024698721827,3656.9921875,546983,3177.509951171875,3603.3503122424586,3445.220684335686,69.5632430747472,158.12962790677238,4300058.290350032,46081361.0,71.11134053561355,71.06252256715625,47.567085977414415,3945.988365314013,3048.793104412549,102.22659476131562,2679.131575709965
2021-02-12,3654.4563491145286,3669.147460122932,3600.238523403808,3616.897216796875,360063,3191.4649169921877,3605.4344514046766,3457.9374645179964,64.97303006720871,147.49698688668013,4114085.3113189163,45721298.0,41.67203669288157,61.022678633378966,46.42282508052728,3939.354372833096,3104.398019745029,99.84676204401623,2680.7638401436648
2021-02-15,3631.020371757225,3668.1418359822883,3595.559909129128,3604.873046875,287922,3205.9445703125,3605.348081477034,3468.8215817296264,63.617284987472495,136.5264997474078,3900051.0506590917,45433376.0,38.113063985767624,50.2988137380876,45.27516723169324,3923.5263312501475,3167.6229119139152,97.89927381609796,2682.0569356456185
2021-02-16,3611.6065207110005,3653.231901602476,3606.359634724495,3614.098876953125,318280,3220.311416015625,3606.694357704125,3479.5828628572926,64.23395225655216,127.11149484683256,3686875.6756579503,45751656.0,40.84377035983371,40.20962367949432,44.2094849434902,3893.6873385753593,3247.228579393391,94.36067245262495,2683.4848316642374
2021-02-17,3600.2382879669512,3677.1926162013674,3594.9914019509683,3642.82568359375,554383,3235.1102587890623,3612.253023225606,3491.6749236525857,66.15742391011699,120.57809957302015,3777702.428379857,46306039.0,49.34647129144042,42.76776854568061,43.47394664003044,3864.595642187235,3322.20430898464,93.49213972389452,2685.997899348755
2021-02-18,3672.8205046674107,3672.8205046674107,3587.2088930643004,3598.88330078125,440460,3248.9139453125,3610.196142849551,3499.616284921375,60.77337348965162,110.5798579281759,3457368.881479376,45865579.0,36.34018959953519,42.176810416936455,42.623095965510394,3810.8663181221423,3417.1654689872325,92.92924485812422,2687.946114536951
2021-02-19,3590.6189570910246,3591.231264583165,3477.9857624985952,3498.885986328125,762200,3261.0613623046875,3593.0715033847164,3499.5621887292823,50.66797397409099,93.50931465543408,2976507.2182721477,45103379.0,6.2207594433343845,30.635806778103355,39.863106688098675,3738.9085935996413,3515.1652345253583,94.92698010273354,2690.9495180571043
2021-02-22,3506.6691653139155,3532.9035979721243,3433.956148194791,3473.04541015625,762310,3272.9665478515626,3574.605950580337,3497.5979829090575,48.427052097993034,77.0079676712794,2816499.457549587,44341069.0,10.286511101261581,17.615820048043734,37.350763343183736,3750.854407769492,3492.9049672305077,95.21415650806212,2693.7785951727988
2021-02-23,3455.9488515639973,3496.78707085057,3401.905884009808,3421.188232421875,802871,3283.1909765625,3551.0032247098043,3491.938001391489,44.20204975559099,59.065223318315475,2339957.3930829656,43538198.0,4.679553353208599,7.06227463260154,35.43570883463382,3765.8098257066927,3455.501575660495,95.19037296039787,2696.5858332609287
2021-02-24,3434.08729452939,3454.200359916244,3371.430808842366,3438.32861328125,399843,3294.434189453125,3533.6686691054115,3487.9669356055456,45.88267737853114,45.701733499865895,2586453.982296916,43938041.0,18.325572040742127,11.097212165070786,34.035297824416844,3773.3634372076463,3429.1903713861034,94.30317139707503,2697.9411602239547
2021-02-25,3441.957356218484,3480.4345217859673,3419.2646160432946,3449.65283203125,632973,3306.2073291015627,3520.7431557093864,3485.128853859301,47.01808900366663,35.61430185008521,2582382.4005682096,44571014.0,22.18770726634738,15.064277553432722,32.304939305431084,3777.0053048028744,3408.845940314313,91.93650956461772,2700.160400462817
2021-02-26,3419.658388441769,3448.16655809123,3299.4610022978454,3321.891357421875,732210,3314.868193359375,3490.1505713574616,3473.037187456529,37.46718556103273,17.113383900932604,2071061.6637533088,43838804.0,5.516707108643389,15.343328805244319,32.00953702019568,3799.8143384365003,3367.9264330478745,96.0976038623882,2702.393870509143
2021-03-01,3321.8908406051587,3374.4472326577034,3280.1781407520725,3335.314208984375,724589,3324.375546875,3466.329592530833,3462.8354853474807,38.87209568710464,3.4941071833522983,2194067.3045157176,44563393.0,13.588361192276686,13.764258522422503,31.91009929090667,3812.086202380301,3329.363236096261,95.96699586547696,2704.500153193344
2021-03-02,3342.2666141498617,3464.82504941409,3306.850131189875,3448.9970703125,735847,3334.80810546875,3463.6630506510896,3461.810417567112,49.267904031310465,1.8526330839777074,2782460.88508825,45299240.0,42.52210939396551,20.54239256496188,30.448364814245362,3801.4937465574817,3317.446561059706,100.39613317681538,2706.885987061689
2021-03-03,3484.8068603695397,3484.8068603695397,3378.644950072001,3411.43798828125,615104,3346.4010986328126,3455.6284256711147,3458.0791265089,46.45682570817414,-2.4507008377854618,2547363.7805581703,44684136.0,33.06172838676293,29.72406632433506,28.822238088126166,3785.4059691184475,3304.2173218971775,100.8079743997242,2708.9191039427305
2021-03-04,3388.614070764874,3434.6118594207646,3358.881715047195,3392.15576171875,611769,3357.1353515625,3445.863400447674,3453.1959143022223,45.03614347593682,-7.332513854548324,2473188.6390300663,44072367.0,28.2049214553082,34.59625307867889,27.54119924654284,3768.9687065992634,3290.533124455424,99.01670082642745,2710.8462789076916
2021-03-05,3368.588523980875,3422.062954565645,3342.047938826105,3369.244384765625,719936,3366.63572265625,3434.0758595735124,3446.9772824846964,43.3401787782677,-12.901422911184,2242653.2927185893,43352431.0,22.434004179005726,27.90021800702564,26.548117265078865,3748.7383663413393,3277.6731082680353,97.65943760593551,2713.0429672970185
2021-03-08,3365.0030052031916,3365.0030052031916,3296.7934848274513,3321.934814453125,818275,3374.0513232421877,3416.8233910934528,3437.7148774453203,39.991270081233125,-20.89148635186757,2027593.8375903892,42534156.0,10.517670332749738,20.385531989021242,26.131958731337676,3726.2307609048894,3261.817212727923,95.85882777252395,2715.336191864664
2021-03-09,3324.951731308937,3348.9999596465373,3302.0403710102005,3321.934814453125,526071,3380.768212890625,3402.2251485334023,3429.138576482935,39.991270081233125,-26.91342794953289,1947263.1032265476,43060227.0,10.634785631551486,14.528820047769003,25.74552580714943,3712.948694683105,3243.954650043458,92.366024977082,2716.7929229814995
2021-03-10,3340.517505776763,3392.111886101587,3324.776847372579,3382.09912109375,545219,3388.393681640625,3399.12883661961,3425.6541723800324,46.13051185632063,-26.525335760422422,2330333.2479543784,43605446.0,32.76642236746109,17.97295944392079,24.67016521718335,3693.208047465173,3238.860043355139,90.78109973932344,2718.399216128103
2021-03-12,3391.237554751456,3391.237554751456,3266.0119095083833,3276.15576171875,1119478,3393.6099658203125,3380.209902019478,3414.580216034752,38.63500823381438,-34.37031401527429,1392220.963622513,42485968.0,3.8007373960410304,15.733981798351222,24.36514929244949,3670.767588035695,3223.2168602064926,93.24142441816268,2721.3937380005627
2021-03-15,3301.1660643955934,3301.1660643955934,3166.539745342891,3204.6669921875,1024257,3397.468173828125,3353.203300506866,3399.031088342363,34.55490615920486,-45.82778783549702,948119.4599044987,41461711.0,11.545058475794534,16.03740607976557,25.0223531620855,3659.5047961883397,3193.2566295929105,96.1974883206298,2723.706825722734
2021-03-16,3212.100067818583,3226.835159296841,3178.7387002829314,3195.747314453125,858553,3400.4973779296874,3328.9793026524444,3383.973031017234,34.071428526500384,-54.993728364789604,696796.0573033025,40603158.0,9.177061572254651,8.174285814696757,25.632613898176086,3644.544311863399,3167.3045406756632,92.76170051300694,2725.538376760925
2021-03-17,3191.8560473157872,3216.341518363689,3109.479969561047,3121.5478515625,773240,3401.3220166015626,3297.0667717155297,3364.534128835402,30.276461033968204,-67.4673571198723,98200.14927762654,39829918.0,3.2152990624939597,7.979139703514401,26.758400240977767,3630.335168319791,3132.258581680209,93.76883253369517,2726.9989747016434
2021-03-18,3146.382897377925,3229.4148324735493,3117.5250219989725,3204.535888671875,1285600,3404.327607421875,3282.8312512472753,3352.6824073418074,38.523972496899255,-69.85115609453214,812088.2120463122,41115518.0,25.326168052085993,12.572842895611553,27.567531058720192,3588.8786113861734,3129.886159121639,95.063188100901,2729.6030306220027
2021-03-19,3195.3100489625713,3211.9689559720155,3122.072259672439,3191.899658203125,1132705,3407.6042919921874,3268.841775394329,3340.7725740722753,37.79094877418227,-71.93079867794631,1439043.949502652,39982813.0,21.959441399079527,16.833636171219847,28.31886681805244,3551.5187697408933,3126.5476365091067,94.69415297223496,2731.8303751935605
2021-03-22,3192.0306526873105,3222.462635608884,3178.126489536004,3204.75439453125,502724,3411.5709375,3258.982178338471,3330.697153365533,39.06126177098238,-71.71497502706188,1540183.3023897207,40485537.0,25.384385532561296,24.223331661242288,28.806335080416932,3531.1612418055556,3117.4920052647567,91.09715247942388,2732.8703851018367
2021-03-23,3205.4540607798863,3244.280934064976,3184.204128530792,3216.6474609375,581531,3414.180390625,3252.469144892168,3322.249028000493,40.276380288695364,-69.77988310832507,1586741.7412354674,41067068.0,28.55310770448751,25.298978212042798,28.819329573705268,3511.5533834923385,3111.4600686560993,88.88141341190676,2734.1015652173164
2021-03-24,3201.4749752729326,3233.830772619313,3140.217537867882,3151.236083984375,507559,3413.9390283203124,3236.8948278294306,3309.581402517818,36.02199275722547,-72.68657468838728,1198665.0401473856,40559509.0,12.842823397404786,22.260105544817886,29.287830831086314,3502.999978682595,3093.018258622092,89.2194006504442,2735.0821762850182
2021-03-25,3161.248823954227,3161.248823954227,3058.0600656619454,3062.082763671875,808505,3411.79392578125,3210.000664112884,3291.248170010711,31.186679014600458,-81.24750589782707,453197.3614281751,39751004.0,1.1051280450122656,14.167019715634874,30.430303224009545,3497.828891941631,3060.5647604021187,90.21721191057546,2736.3482967622604
2021-03-26,3075.637138418019,3164.9652850759926,3075.637138418019,3148.17529296875,691000,3411.7790576171874,3200.489068552248,3280.650179118714,39.615980228524144,-80.1611105664656,884438.5960185044,40442004.0,26.976421558848273,13.64145766708846,31.414264729279544,3475.1048715794877,3053.141026858012,91.12187687439989,2737.5309980282645
2021-03-30,3151.848416331847,3213.499332153834,3131.822885101688,3206.459716796875,749230,3413.3644921875,3201.4076298206523,3275.154589317096,44.56662850850602,-73.74695949644365,1504517.7525562001,41191234.0,44.424140823307766,24.168563475722788,31.355706987783325,3469.0115172013593,3047.6912171736403,90.44720331566748,2738.9819613568548
2021-03-31,3191.855722778215,3221.23837044671,3158.669210770789,3209.8701171875,694645,3414.9438037109376,3202.7095509540136,3270.318702492681,44.851540666066974,-67.60915153866745,1946741.2616445022,41885879.0,45.44506038786413,38.948540923340076,31.152547918071207,3460.659523895207,3043.4988013001057,88.45591448425704,2740.356866881708
2021-04-01,3239.0777908510518,3291.809040566606,3227.009909730145,3273.226318359375,861229,3418.0796875,3213.5582844009923,3270.5340814457695,49.993563905836396,-56.97579704477721,2314013.658917776,42747108.0,64.58006910533607,51.483090105502676,29.720817374101582,3431.787101121435,3054.794148878565,87.99041511960341,2742.300282420844
2021-04-05,3235.623661966494,3270.5591373250136,3127.188011424167,3146.820068359375,723573,3417.3363818359376,3203.290866548436,3261.370080476407,41.64954924646106,-58.07921392797107,1788600.8706552954,42023535.0,36.5108237393504,48.845317744183546,29.477165645548304,3406.2337951396003,3053.8856628682124,92.1366931064323,2743.6655369253185
2021-04-06,3183.067544352677,3183.1113111084223,3150.099648472614,3161.6865234375,501882,3416.8388134765623,3196.890198377523,3253.9861132883398,42.857485093701044,-57.095914910816646,1639033.3872115794,42525417.0,44.33236886613973,48.47442057027541,29.250917611891687,3380.3574497710715,3056.7150844086163,88.14773236661908,2744.571906056784
2021-04-07,3152.50420406553,3229.8520107004056,3144.852494832361,3218.26513671875,346982,3416.4348046875,3200.1786504300194,3251.3401150239256,47.32659094315612,-51.1614645939062,1891416.3376324207,42872399.0,68.53722935989236,49.793473988460846,28.274171812700697,3357.327918279911,3064.646691095089,87.92285975957803,2745.2448091704737
2021-04-08,3234.661565458846,3234.661565458846,3187.4833565569493,3191.680908203125,414020,3408.7446240234376,3198.8713054720356,3246.920914518681,45.52495410521118,-48.0496090466454,1551068.92389628,42458379.0,57.16424749913001,56.67794857505405,27.29018153529214,3341.801197441817,3067.148021308183,85.01252755545794,2746.057406535781
2021-04-09,3183.1112406787365,3230.333220622872,3169.9940240275882,3192.992919921875,484807,3399.691123046875,3197.966938464319,3242.926248252251,45.63495093065923,-44.95930978793194,1435840.1201924167,42943186.0,57.72553839646342,61.142338418495285,26.59172188871366,3324.357707205722,3071.6973220911527,83.25014677258835,2746.991161634831
2021-04-12,3130.205120251496,3147.2575018257116,3043.23801692227,3096.53759765625,724230,3389.1037841796874,3182.3624244938464,3232.082644504399,39.34502491802598,-49.720220010552566,1453800.97781496,42218956.0,21.44239499542099,45.444060297004825,27.214289362928362,3285.864242032294,3081.6346349208306,88.00048650308953,2748.0645856780425
2021-04-13,3121.0228219253186,3168.8568919633185,3073.9756994222994,3150.274169921875,412122,3379.7756982421874,3177.4257699443124,3226.022757498286,43.97775408682,-48.59698755397358,1704492.701317267,42631078.0,43.060591468117316,40.7428416200006,27.424328074571758,3271.1853133283284,3083.7254044451092,88.49196550579879,2748.7343024514407
2021-04-15,3150.2741951103258,3196.7092239578205,3083.507695480682,3145.945556640625,614450,3372.6346875,3172.5826602052834,3220.091112990311,43.68828711914699,-47.50845278502766,1767859.411141551,42016628.0,41.31919248371939,35.27405964908592,27.152403546380867,3268.334537574519,3080.704036644231,90.25693428946592,2749.757126799783
2021-04-16,3130.642070415192,3198.414349872504,3121.853493412104,3178.432373046875,526787,3364.2387841796876,3173.482616027067,3217.0052804019083,46.53272880473592,-43.5226643748415,2019669.1939917635,42543415.0,54.38862267310995,46.25613554164891,26.87075860160787,3266.987562598942,3080.319517479183,89.2786430159612,2750.683587034439
2021-04-19,3082.7203945767214,3114.9013382438084,3014.336022719373,3074.28173828125,601819,3352.2426513671876,3158.2209425277106,3206.433166170749,39.62267350325414,-48.212223643038215,2135323.617221215,41941596.0,21.604160298887514,39.103991818572304,27.61350403313354,3271.8926665282856,3070.6878022217147,94.62276496678554,2751.48755388769
2021-04-20,3135.3206917553484,3169.381685668292,3108.867640214413,3148.918701171875,676558,3341.1288623046876,3156.7898284729663,3202.1728354300917,45.830692103271765,-45.38300695712542,2354321.8635776276,42618154.0,48.502978594696536,41.49858718889802,27.412552029593474,3268.354049536745,3068.664700463255,94.65684942537528,2752.598354193347
2021-04-22,3143.584283870473,3230.332754780916,3124.5205557206855,3219.314208984375,1005711,3331.6477392578126,3166.40896393626,3203.4425668044832,50.95301676784141,-37.03360286822317,3150577.379049287,43623865.0,73.87319597967385,47.99344495775265,26.34659160436311,3271.7046998570713,3068.055505221054,95.45366011357922,2754.4440638412243
2021-04-23,3218.0903463240297,3243.975071464744,3183.1111034292035,3211.53173828125,631762,3321.8754150390623,3173.3509292201043,3204.041764691651,50.38576106676926,-30.69083547154696,3108822.166149138,42992103.0,71.0684293167727,64.48153463038105,25.17015524471879,3272.5494040982603,3067.888535354865,92.98296782229075,2755.6521886310547
2021-04-26,3220.013988616499,3278.4293638050112,3214.592248958981,3269.553466796875,480016,3313.155087890625,3188.1513196165306,3208.894483366112,54.45667183416259,-20.743163749581527,3455355.5490686614,43472119.0,96.63910609345578,80.5269104633008,23.611433825912886,3282.3442903271566,3063.3842497119063,91.11972908668149,2756.6484497080296
2021-04-27,3269.5536873482633,3321.2791580847147,3259.365854618619,3310.34814453125,518487,3306.6944287109377,3206.950831141872,3216.4095693783443,57.12065178384746,-9.458738236472072,3790761.107536508,43990606.0,96.43874962687991,88.04876167903615,22.22990033184202,3304.99521614026,3056.64452995349,89.03355582806822,2757.8122913440034
2021-04-28,3331.816358551803,3457.6978551150055,3329.149148817103,3401.512451171875,1252958,3302.11564453125,3236.8833880695647,3230.120893955643,62.4119473764705,6.762494113921548,3948446.2980127037,45243564.0,87.32741525368975,93.46842365800849,22.326522694519287,3343.35486000457,3052.22785483918,93.19899545347445,2761.1174575435566
2021-04-29,3448.0788320093952,3457.9605107222865,3329.236940925543,3354.90283203125,1335444,3296.073857421875,3255.0402256021316,3239.3640004797626,58.441233218003276,15.676225122369033,3145544.4009996103,43908120.0,76.76916367827745,86.84510951961572,22.41852576442115,3366.8911522347107,3049.364316515289,95.73646504942224,2764.5181041731876
2021-04-30,3327.4004176898234,3468.4980214574184,3323.028012410336,3352.541748046875,1340273,3290.786748046875,3270.0404598243995,3247.7475373365855,58.23910073276711,22.29292248781394,2349114.950084539,42567847.0,74.46808105197162,79.52155332797963,22.600774352274165,3386.203461989347,3044.6602098856533,99.28886104925512,2767.897313717632
2021-05-03,3336.145161384374,3416.4225634060776,3309.9107302332523,3368.369873046875,796444,3286.0566845703124,3285.168061858626,3256.682525166977,59.25646886281376,28.48553669164903,2426929.370996438,43364291.0,77.95320861525977,76.3968177818363,22.56259597903802,3406.6149712552105,3040.0986762057273,99.80478762951013,2769.8345011593146
2021-05-04,3390.3628123296194,3399.9821032596233,3336.188757473091,3349.568359375,408324,3280.76607421875,3295.075799938068,3263.5629573305346,57.46559810622414,31.512842607533457,2189883.8170361347,42955967.0,73.81338323926668,75.41155763549938,22.527144632461596,3417.473018288223,3036.874833274277,97.23254178358316,2770.8178366491957
2021-05-05,3359.931067178936,3369.0257982497133,3309.123845975845,3361.330322265625,371452,3275.1361669921876,3305.2688033730765,3270.8049843627637,58.314361437903095,34.46381901031282,2465896.525435999,43327419.0,76.40319985168853,76.05659723540501,22.034974356052253,3432.9938704362876,3042.8050065168372,94.5660711043178,2771.6862814965834
2021-05-06,3368.500972455508,3471.689735370812,3368.500972455508,3446.504638671875,938078,3272.08859375,3326.9973934190457,3283.819773570846,63.927838814946725,43.17761984819981,2946064.4880700726,44265497.0,94.49330004277651,81.56996104457727,22.644966224198956,3463.7819470010327,3040.4987414755296,95.69416696152273,2774.180617331132
2021-05-07,3458.135121978446,3469.7657620028654,3370.2060145390255,3381.3994140625,486456,3269.7388623046877,3335.3669350565,3291.047895088746,57.548556517528326,44.31903996775418,2568991.9788341275,43779041.0,80.25809809548339,83.71819932998282,23.211387244620898,3478.5586341673306,3042.035482043607,95.97027985454538,2775.4238852136746
2021-05-10,3410.476347643789,3413.84318533424,3361.9426457734735,3383.061279296875,306598,3267.9391796875,3342.7045264780963,3297.863701326385,57.66468779669332,44.840825151711215,2511907.0226600724,44085639.0,75.57247553081561,83.44129122302519,23.585692645719558,3492.002131176461,3047.7300221438513,92.82244126213261,2776.179201883073
2021-05-11,3375.4967411729913,3405.8411899034386,3332.8657913978145,3392.374267578125,453808,3267.362900390625,3350.34602510887,3304.864484011699,58.352272169123616,45.481541097170975,2798223.040108311,44539447.0,77.1536552085009,77.66140961159998,23.400725483909337,3505.149707312092,3054.5205807738457,91.40479535095344,2777.2768464112773
2021-05-12,3380.743570223292,3410.4759244363267,3364.3032846062283,3388.83251953125,499840,3266.372978515625,3356.2670242507747,3311.0843384946284,57.96669169297024,45.182685756146384,2829463.4734575213,44039607.0,71.28782014036045,74.67131695989234,23.2846393914489,3507.9183343574164,3080.981445916021,88.17392709946378,2778.5029732653697
2021-05-14,3393.248789210855,3405.360223399259,3335.270654123441,3365.70263671875,481619,3264.693974609375,3357.7186569381556,3315.1301383630816,55.39245582961018,42.58851857507398,2766069.9291709955,43557988.0,58.77552125022071,69.07233219969403,22.634105399033054,3510.0694170902975,3100.3732098628275,86.88218725491767,2779.642882991635
2021-05-17,3362.379635459449,3431.813345393934,3352.060716375674,3379.344482421875,427552,3265.843037109375,3361.045707012574,3319.8867564415104,56.61617577200847,41.15895057106354,2631053.2069212617,43985540.0,56.50736383406884,62.19023507488336,22.38371112986959,3510.3934314856137,3123.389088045636,86.37293309515641,2780.683594120451
2021-05-18,3409.3391551614272,3566.1336468248182,3381.967856173385,3556.689208984375,1371585,3270.270537109375,3391.144707315928,3337.427678852093,68.65475472209195,53.71702846383505,3861962.2515273327,45357125.0,96.32526160121299,70.53604889516754,23.536547768738792,3544.798710939494,3126.809492185506,93.5455210457126,2784.619970068508
2021-05-19,3563.5099884598035,3595.86578467404,3539.7241485367126,3581.830322265625,788882,3272.9272021484376,3420.4809557697276,3355.5315783642063,69.9286992474514,64.94937740552132,4256401.751540648,46146007.0,95.10519372501433,82.64593972009874,24.844502793265743,3560.002259190743,3162.3608023326947,90.87381498082793,2787.0865006736617
2021-05-20,3581.830662137457,3610.7323039272565,3552.2296062953465,3560.187255859375,465579,3275.9021875,3441.9742327065965,3370.6912581786632,67.38953793006681,71.28297452793322,3917480.655409683,45680428.0,83.24150177644415,91.55731903422384,26.176564197557195,3573.442161844322,3190.0477551478652,88.56159231304808,2788.53847543319
2021-05-21,3569.8062212859077,3613.355416879805,3546.1079147763885,3607.71484375,378016,3280.213369140625,3467.4727882517354,3388.248560813577,69.96838285406298,79.22422743815832,4232082.347798455,46058444.0,98.14596062037701,92.16421870727852,27.286463937534922,3601.6020012169124,3200.727979251838,87.0391572980744,2789.735382340269
2021-05-24,3607.23395489796,3659.571725678465,3591.8430046251974,3622.3623046875,500267,3285.2757275390627,3491.3019446264684,3405.590319619053,70.73644544021475,85.71162500741548,4182666.875683058,46558711.0,89.38232383584688,90.25659541088937,28.698146970962163,3624.390198617165,3219.02283849221,85.65984042344535,2791.384049351285
2021-05-25,3642.694558769275,3661.4523490762003,3621.2262186588355,3629.18408203125,297915,3291.420712890625,3512.514581150281,3422.152820538475,71.10706591961306,90.36176061180595,4002623.8579987846,46856626.0,90.84142589628657,92.78990345083685,30.024105290174948,3648.8927576929664,3230.483340939846,82.41457542301102,2792.3776726730193
2021-05-26,3629.1837613479743,3655.3306584103148,3622.1003796974937,3643.35009765625,261524,3297.8490185546875,3532.6431221511993,3438.5378040286805,71.90285751720671,94.10531812251884,4075572.6012142445,47118150.0,94.49087280141616,91.57154084451656,31.255352300872527,3674.5297847406987,3238.146509204614,78.90141137228316,2793.2510628856344
2021-05-27,3646.586180356446,3737.5322145907558,3631.5013814089284,3713.13427734375,878610,3304.4697216796876,3560.4109921808226,3458.8782835335005,75.48493298919598,101.53270864732212,4549842.259799938,47996760.0,93.97085207749666,93.10105025839982,33.03307050069006,3715.279441061284,3228.5590355012155,80.83922721582204,2796.357678553034
2021-05-28,3707.974605079151,3721.7912344475535,3662.0203711179797,3672.383056640625,285520,3312.394267578125,3577.637463636177,3474.693451911806,69.88210983508337,102.9440117243712,4363325.479951243,47711240.0,83.90052788761565,90.78741758884284,34.68380882909206,3739.814740648627,3235.771758374811,79.33434408109001,2797.3529288134705
2021-05-31,3664.075549671626,3697.918136643475,3643.962485795147,3666.52392578125,321021,3321.63140625,3591.312303966188,3488.903116642876,69.08809771019213,102.40918732331238,4310772.968864047,47390219.0,82.45263635929348,86.77467210813529,35.75777541527241,3758.9513983907154,3248.033318406159,77.52158027874985,2798.449243520828
2021-06-01,3677.1054982362957,3801.3693481558785,3677.1054982362957,3706.8818359375,1248169,3331.8540966796877,3609.0922319617744,3505.0496884424774,71.49093444722857,104.04254351929694,3660781.180920914,48638388.0,79.7280032258999,82.02705582426971,37.482097452571665,3782.592052000132,3258.2438610858053,81.61614042845547,2802.972676226407
2021-06-02,3697.217898973696,3765.427412628473,3672.819966026478,3755.939208984375,351583,3344.541923828125,3631.6840745806358,3523.634097371507,74.12396866205506,108.04997720912888,3940320.4906086256,48989971.0,90.25310738838033,84.14458232452459,38.98102638319981,3809.697497598476,3271.775500448399,82.40123372656544,2804.242927060699
2021-06-03,3755.2839899050095,3760.2687029362232,3709.5487995012695,3736.9638671875,323999,3355.1904833984377,3647.8809657509228,3539.436302543062,71.37792498465204,108.44466320786069,3966576.673040603,48665972.0,85.66564797270917,85.21558619566315,40.37288896164023,3828.205231978071,3290.831120560991,80.13828156287889,2805.415731388652
2021-06-04,3729.136778668543,3756.2896705524768,3707.799527165467,3716.587890625,374317,3365.684248046875,3658.451261885396,3552.5586424009834,68.44562771509277,105.89261948441253,3727942.251614426,48291655.0,79.78513211049392,85.23462915719449,41.617574608593074,3844.7631186057883,3301.2815591285867,77.87770026460251,2806.7543630321757
2021-06-07,3724.02119035433,3747.063851950484,3707.7997373007233,3716.325927734375,159646,3375.9156787109373,3667.3550566313925,3564.6895524256793,68.40671882323196,102.6655042057132,3637630.41132298,48132009.0,67.49666321213336,77.64914776511218,42.77335413790643,3853.367997500699,3326.169331600863,75.11958700639954,2807.32214811242
2021-06-08,3716.5439597793193,3738.4059830721385,3702.5522648719148,3733.946044921875,150816,3386.261650390625,3677.5998240606978,3577.22707038836,69.65619199346108,100.3727536723377,3750925.614829079,48282825.0,73.58656874195047,73.62278802152593,43.68351895819825,3860.028636261111,3354.5971694029517,72.3148820916727,2807.858607462974
2021-06-09,3732.2855353629125,3736.2207005243777,3673.695298514432,3694.24560546875,262617,3397.1218408203126,3680.1607135080903,3585.8951100239447,63.55707057546359,94.26560348414569,3660937.9714724366,48020208.0,58.03371419298166,66.37231538235518,43.65207211986297,3857.4079898254363,3387.404949627689,71.61563351440647,2808.7672721786917
2021-06-10,3698.1805149504667,3702.115679839868,3643.088206498852,3655.243408203125,332571,3408.9850537109373,3676.327281922711,3591.03202100018,58.16849677609674,85.29526092253082,3465335.991394313,47687637.0,30.258917570736795,53.95973350188967,42.776860898872066,3845.0599109931345,3426.394117327178,70.71647921630715,2809.8708669828848
2021-06-11,3659.702985156718,3687.5552904064457,3639.5899221558566,3648.77197265625,188155,3418.9969873046875,3672.0880035740247,3595.309054456185,57.300408442076495,76.7789491178396,3349218.32895318,47499482.0,15.291037784411689,34.52788984937674,41.8696033423691,3818.612162964041,3481.148798950021,69.091399861613,2810.488033554349
2021-06-14,3649.2093921690357,3668.8852156350804,3609.1143509519125,3626.03564453125,200657,3427.388505859375,3665.0030252597517,3597.5850981654494,54.237859735677006,67.41792709430229,3262174.408628278,47298825.0,8.80148439594811,18.117146583698887,40.22478237336387,3777.70350239299,3546.7265757320106,68.42564734886692,2811.126653888865
2021-06-15,3633.4685850298574,3648.159695154206,3612.5685743556583,3618.68994140625,138010,3435.56490234375,3657.877935436136,3599.1484198869903,53.24765835382932,58.72951554914562,3171637.4776239945,47160815.0,4.98067181274808,9.691064664369316,38.69744861643044,3772.3239113780874,3558.3062399891005,66.08032402384411,2811.5609461091003
2021-06-16,3618.690303196834,3636.1359448395992,3587.121450281188,3594.510986328125,216236,3441.990595703125,3648.1291740349034,3598.8049062900373,50.01115047155253,49.32426774486612,3020601.9343885225,46944579.0,3.449058833360823,5.7437383473523616,36.624085168344244,3771.10606741786,3560.792150355578,64.86133620488461,2812.2233358345397
2021-06-17,3602.8618757473,3602.8618757473,3534.696121549846,3545.05859375,357704,3449.9553662109374,3632.2721616833796,3594.8236979537382,44.10627192709673,37.44846372964139,2771653.3585608075,46586875.0,3.8858314844868267,4.105187376865267,34.46256085830679,3773.550816140877,3556.8345354216226,65.09736606149671,2813.25460141222
2021-06-18,3546.020638263293,3667.005176264478,3524.158612133433,3644.050048828125,701993,3459.60263671875,3634.084144321033,3598.470094314804,55.44648427703948,35.61405000622881,3248028.9085023697,47288868.0,43.24920398645184,16.861364768099854,32.77356513035051,3772.6358816385623,3561.3829904317504,70.65088020932158,2815.4073570565693
2021-06-21,3631.7196724004143,3669.322356222523,3591.012751757508,3657.64794921875,374649,3468.39029296875,3637.709345074528,3602.853639122504,56.744727291769514,34.85570595202398,3510972.4557820573,47663517.0,55.3280560152912,34.154363828743314,31.244990253356036,3772.520281883254,3565.0271546401837,71.19793194187112,2816.591165536792
2021-06-22,3658.2161067015727,3699.5793131818004,3633.7306393026383,3691.708984375,591793,3478.3908544921874,3646.0169818899853,3609.435516548615,59.896984961949684,36.581465341370404,3961301.544022499,48255310.0,70.96281724846423,56.51335908340244,30.336602003725208,3774.447480443492,3569.3524463143203,70.81584208024904,2818.534977749678
2021-06-23,3699.0545647829745,3724.9828405773046,3665.1684266304114,3671.595947265625,418053,3487.9629150390624,3649.9522073323915,3614.039992898023,57.24410312201309,35.91221443436871,3633094.589709703,47837257.0,63.514695593227174,63.268522952327565,29.888947792207535,3775.022700232178,3571.601811486572,70.03002578500933,2819.922376083262
2021-06-24,3664.0754856561243,3704.476679707928,3634.998991647039,3696.34375,314542,3499.9590380859377,3657.089367742793,3620.1365674981694,59.6142990316981,36.95280024462363,3873997.1797757074,48151799.0,77.24589067887658,70.57446784018936,28.763996160773353,3773.1262269072195,3571.819232077156,69.9905730904293,2820.9529602638686
2021-06-25,3690.3100719537474,3715.670022685183,3653.5818674461507,3669.45361328125,175051,3510.342626953125,3658.991559364094,3623.7896820006195,55.98281605927564,35.20187736347452,3788443.603865168,47976748.0,67.81646865080307,69.5256849743023,27.90943952379603,3772.9883759676727,3571.6641386807646,69.42611467247238,2821.5260792077934
2021-06-28,3669.4535534722386,3677.4114163843856,3643.0880353504194,3658.347900390625,158954,3520.590673828125,3658.892534906637,3626.3495500295085,54.50603446247799,32.542984877128674,3770828.627850041,47817794.0,63.278301781980396,69.44688703722004,26.862830352549228,3772.7367951624333,3571.098116946942,66.91877655543622,2822.0337477330017
2021-06-29,3659.702992370446,3663.069829625762,3600.2382842506872,3606.927978515625,332405,3529.1605859375,3650.8979877695583,3624.910915102554,48.17012505563249,25.987072667004213,3509206.1562396344,47485389.0,41.214831010953034,57.43653381457886,24.949305532963745,3770.1905541558217,3563.6489722113656,66.62683147112469,2823.047597487891
2021-06-30,3611.6065514033867,3641.338905579589,3602.6866743534547,3614.973388671875,331122,3539.9744189453127,3645.371126369915,3624.174802033615,49.1658095510198,21.196324336300222,3388597.3033199064,47816511.0,45.221025989811686,49.9047195942484,23.17246105763437,3756.932975669164,3562.809968666774,64.62864573933967,2824.0502721865437
2021-07-01,3621.226213627862,3716.5446529626693,3621.226213627862,3676.79931640625,755502,3550.53203125,3650.206232529351,3628.0729142093655,56.1389407304295,22.133318319985392,3514049.515081658,48572013.0,76.00711600168232,54.14765766748237,22.893587179842694,3747.711473221141,3566.015016036671,67.26740420730071,2826.477092562309
2021-07-02,3698.6177133349947,3698.6177133349947,3647.4605703558964,3651.2646484375,375525,3559.1710400390625,3650.3690657459892,3629.7908204484866,52.910743613666035,20.57824529750269,3194373.0765299727,48196488.0,63.29218206835629,61.50677468661679,22.634632864750433,3740.220356335748,3566.9738087033147,66.11667126242911,2827.670026656459
2021-07-05,3665.4750467683675,3716.4571238594026,3661.3212615630746,3674.13232421875,375703,3568.4230517578126,3654.0249516648755,3633.075376283321,55.38504600828421,20.949575381554496,2993262.600250991,48572191.0,74.679092880087,71.32613031670856,22.685308833059626,3733.847260228489,3569.127544459011,66.05065727382006,2828.885966090602
2021-07-06,3675.881233735936,3715.670123026999,3648.3350796113536,3668.7978515625,515181,3576.407939453125,3656.297705495279,3635.72148556326,54.66346966258071,20.57621993201883,2791203.2908836002,48057010.0,72.0228034982802,69.99802614890785,22.39694086496502,3721.991419608021,3574.468565743542,66.1423991410933,2830.5353363321406
2021-07-07,3672.8203180960127,3693.807862770847,3646.5858872524695,3662.545166015625,392794,3583.4518798828126,3657.25885326764,3637.708424856028,53.77904142048146,19.550428411611847,2663908.939031751,47664216.0,68.90929194873996,71.87039610903575,22.082624221225966,3717.6956317688205,3575.59430963743,64.7909403108993,2831.773851332729
2021-07-08,3681.0464422511336,3726.0111313746443,3646.5313479998995,3688.8271484375,625491,3589.198173828125,3662.115514063003,3641.4949969731742,56.93320475680938,20.62051708982881,2704137.984764076,48289707.0,72.45597832907306,71.12935792536443,22.365953292016645,3721.658995002354,3574.9893204273335,65.84014338688827,2833.784313937581
2021-07-09,3688.555991352464,3691.2248802583304,3609.845083516392,3615.182861328125,656635,3594.4037744140624,3654.895105949945,3639.5459498883556,47.211198763749756,15.349156061589383,2133641.605742001,47633072.0,11.882196689647131,51.0824889891534,21.66097077828032,3721.386558384295,3571.90284591258,66.9501186265347,2835.765672184271
2021-07-12,3635.1771791471324,3646.0338556403544,3570.851282572933,3579.219970703125,512870,3598.9373388671875,3643.252777450434,3635.077358837598,43.320859048669,8.175418612836438,1734948.306703873,47120202.0,5.393591315551488,29.91058877809058,20.12575414323928,3724.233263702333,3564.3745732117295,67.53815108659803,2837.2296091974285
2021-07-13,3605.321345219058,3636.7151907994894,3577.7725725914947,3588.22216796875,614101,3603.334384765625,3634.7865298378674,3631.606603958424,44.552552614908585,3.1799258794435445,1338588.125346281,47734303.0,11.195477135335633,9.490421713511436,18.7001958392726,3725.70962457495,3559.851434995363,66.92418445241208,2838.980172969029
2021-07-14,3590.845870477068,3621.6970155644476,3564.608901405807,3577.139404296875,527932,3607.8858056640624,3625.9177412930994,3627.5719965760873,43.304880445124056,-1.6542552829878332,1042412.0188376773,47206371.0,7.76352525828626,8.117531236391146,17.6468263356327,3727.1761210601094,3556.647780307078,66.22160800285697,2840.4529580717426
2021-07-15,3577.2750096664818,3591.705298420288,3555.8331171380387,3564.60888671875,310788,3611.951376953125,3616.4856098201226,3622.9080625125807,41.87694520767106,-6.422452692458137,883686.3567808527,46895583.0,5.156817477321127,8.038606623647693,16.865521091098124,3724.038678515236,3561.7402521488266,64.05379180852783,2841.297490211695
2021-07-16,3580.893762767174,3583.2461310036197,3551.037902693572,3557.32568359375,323569,3614.1677978515627,3607.384082708373,3618.0501085185933,41.03008413524591,-10.666025810220162,686453.4568919532,46572014.0,3.593567397466749,5.504636711024731,16.25065297939431,3727.8502033636883,3549.2562907769366,61.779108701493534,2842.1664475391985
2021-07-19,3548.323872492683,3563.704164647802,3505.8018882991196,3512.904052734375,408067,3616.797890625,3592.848693481604,3610.2615117938367,36.219122824599886,-17.412818312232503,378491.63815111195,46163947.0,3.2251890683896516,3.9918579810591943,16.625445931953532,3735.4748777242685,3527.1572267679194,61.502192104864164,2843.2042303604
2021-07-20,3517.472523012691,3557.7779775222934,3512.044184920614,3533.30517578125,467908,3619.8027685546876,3583.6881522969343,3604.561042459571,39.715204032686344,-20.87289016263685,345631.2100095255,46631855.0,12.489615375816753,6.436123947224403,16.973467959329952,3731.977206393082,3514.8145172397303,60.37587785463668,2844.4023077178263
2021-07-22,3546.514402123793,3631.2416285063427,3421.300818727202,3486.078857421875,1707977,3621.6768603515625,3568.6713377007713,3595.7845843086307,34.940612373854265,-27.11324660785931,-308340.1365683998,44923878.0,21.25889279291403,12.32456574570683,18.706098212565117,3735.578991246994,3492.661023401444,71.05908727781552,2848.6053538580754
2021-07-23,3503.9921984171497,3551.03779467785,3460.610774502682,3475.855224609375,709478,3623.417314453125,3554.3919356867104,3586.9009280346118,33.98801138472457,-32.50899234790131,-778606.4064495657,44214400.0,17.903695286248407,17.217401151659747,20.31496916199777,3732.4687395272917,3473.7224225820833,72.44251105619783,2850.2913769834813
2021-07-26,3484.993300491482,3502.454500093033,3465.0893927524344,3470.83447265625,408134,3625.519951171875,3541.536941374332,3578.3034128213994,33.50491121131704,-36.76647144706749,-1061234.9491741243,43806266.0,16.255982115826722,18.472856731663068,21.808920757899518,3730.862993562484,3455.4662544843914,69.93698221936931,2851.232801698754
2021-07-27,3483.1837614728015,3491.3262689671537,3448.8042853855377,3457.30859375,391373,3627.0792333984373,3528.5787340475117,3569.3408336309253,32.17797055490752,-40.7620995834136,-1296060.3755579353,43414893.0,11.817051648153383,15.325576350076188,23.42006028100065,3729.3941449919816,3436.8311723908305,67.97876803095836,2852.113369696694
2021-07-28,3468.7082662428797,3475.4484089692724,3420.7579433135966,3454.68505859375,235770,3625.039150390625,3517.210476285394,3560.847813257801,31.91395486763021,-43.637336972406956,-1239311.5288557538,43179123.0,11.114418000236686,13.062483921405615,25.273844249951217,3731.5511133649184,3419.4499120257065,67.02960357558104,2852.6292416414367
2021-07-29,3463.0989225074645,3463.0989225074645,3392.7114252947526,3405.1513671875,355185,3621.5055712890626,3499.9706133472564,3549.3147431785196,27.35103054073602,-49.34412983126322,-1468949.2104783787,42823938.0,4.167296879219458,9.03292217586986,27.314800124385556,3736.4844297719114,3393.5343934702764,67.26945312109038,2853.3658247497456
2021-07-30,3416.2340536892607,3490.4213398128095,3395.5610447529775,3464.727294921875,511767,3619.5963720703126,3494.5485643587363,3543.04900627062,38.70267908417305,-48.50044191188363,-1234418.6298550013,43335705.0,28.428540468711283,14.570085116055827,28.277553499554955,3723.124038520081,3385.687582573669,69.2402275452862,2854.4795967150853
2021-08-02,3504.897036661417,3510.325374869979,3449.8898319720615,3475.538818359375,351187,3616.9528515625,3491.623988051142,3538.0482516105276,40.51906460574045,-46.42426355938551,-1287516.4541652484,43686892.0,33.94512904064772,22.18032212952617,28.54388129289996,3711.5252705185835,3379.7137675673544,68.61132149904559,2855.2777459547833
2021-08-03,3465.089483260755,3472.3272680821874,3443.059387358655,3463.4609375,408981,3613.77482421875,3487.2912110432744,3532.523265380118,39.12429773353972,-45.2320543368437,-1126326.592996699,43277911.0,29.660609538192713,30.67809301585059,28.900681957753438,3693.603432421933,3376.5684669921297,66.03047217773663,2856.176466666363
2021-08-04,3469.6128507546446,3496.6189217909955,3452.4231130325225,3466.898681640625,363955,3610.5291162109374,3484.153898827482,3527.6621851031186,39.75991441355306,-43.50828627563669,-1251867.330614775,43641866.0,31.101829180124398,31.569189252988295,28.47383474277542,3673.5651671091346,3376.4168153127403,64.47085336207495,2856.9903409045996
2021-08-05,3475.9459436374796,3490.4215123772506,3450.251897476246,3454.9111328125,333818,3606.7603369140625,3479.655011748254,3522.2732182667764,38.259762989464875,-42.618206518522584,-1508246.8674723904,43308048.0,26.076239688008236,28.9462261354418,28.119277805763264,3651.8724453347563,3377.3461337668064,62.73505061485563,2857.7267184133116
2021-08-06,3467.803300328651,3503.404239154792,3435.459452693183,3481.238525390625,504011,3602.122421875,3479.8986292316954,3519.2336113870615,43.31797639204423,-39.334982155366106,-1333084.1615590574,43812059.0,37.11358096540239,31.430549944511693,28.078353981539458,3616.3128307033458,3392.1468860935292,63.10717460390945,2858.8500689196485
2021-08-09,3490.557186759036,3527.4246514664137,3471.467662714419,3487.843017578125,396098,3598.43162109375,3481.1208428234536,3516.908382216029,44.54536744276094,-35.78753939257558,-1497352.4846780621,44208157.0,39.88240944019367,34.35741003120145,27.270671668070474,3597.8230095743356,3397.9027228475397,62.5964470430584,2859.7618329927686
2021-08-10,3489.516712314537,3493.814146689309,3424.4672150777474,3436.0927734375,253258,3593.822998046875,3474.1934475333064,3510.922040825027,37.66337092236268,-36.7285932917207,-1665696.3986283382,43954899.0,18.186941342713563,31.72764391610323,27.41908370240168,3586.761123609073,3394.6518890862394,63.07862451223719,2860.303073311488
2021-08-11,3437.9474907191648,3443.602009618374,3343.1324736412967,3372.038330078125,497724,3587.1261279296873,3458.477275617124,3500.6343585474788,31.23163548199537,-42.15708293035459,-1877022.3706241783,43457175.0,13.903375003926048,23.990908595611113,28.665846281460045,3578.252290631931,3381.5423382743193,65.7494039025829,2861.2468840913834
2021-08-12,3389.816468022207,3417.1390607631533,3380.0454146177235,3410.218017578125,316454,3580.2117041015626,3451.052774380355,3493.9368518090077,38.02511831549285,-42.884077428652745,-1678658.2338577933,43773629.0,36.40173160278607,22.83068264980858,29.823554390585674,3563.6105190707403,3379.491971163635,64.27449867275757,2861.8636748410413
2021-08-13,3419.853061899628,3492.230904479514,3401.7586012546562,3461.244140625,581862,3574.6973095703124,3452.6206768795314,3491.515169499081,45.73998742948294,-38.89449261954951,-1495371.7038577944,44355491.0,64.08935440319377,38.13148700330198,28.92752038979594,3547.9757131360684,3384.790302488932,66.145770426479,2863.097143622672
2021-08-16,3461.47039892987,3464.1845680874208,3387.2831086234796,3391.30908203125,294567,3568.1917333984375,3443.18812382595,3484.0924963533157,38.640283824502916,-40.90437252736592,-1759096.1446378937,44060924.0,26.14142876735129,42.21083825777706,28.320242141310395,3534.5992297742055,3381.5651256945443,66.91403392915487,2863.679981191012
2021-08-17,3391.8067258660694,3455.5897011057486,3385.0665832968134,3444.687744140625,319770,3562.7589697265626,3443.418834643592,3481.173625819042,45.58309621366901,-37.75479117545001,-1538190.7123724727,44380694.0,55.105578379836935,48.44545385012734,27.79177101287875,3527.080748297395,3382.26197631198,67.17182563485346,2864.327561916186
2021-08-18,3446.9947229243908,3488.657262373461,3415.3294170707545,3467.8486328125,493285,3557.437021484375,3447.1772651311167,3480.186589300039,48.3157375219797,-33.009324168922376,-1324869.8867077515,44873979.0,67.67306168010668,49.64002294243166,26.514787529391956,3514.63101381161,3388.16605650089,67.6115413254144,2865.374534253175
2021-08-20,3419.8532110593264,3460.5657492862233,3370.81726474864,3394.068603515625,301943,3551.4334814453123,3439.006701805656,3473.8074792419343,41.21543327132139,-34.80077743627817,-1470362.8025087293,44572036.0,27.63879100862538,50.139143689523024,26.079167907699553,3512.60445642112,3380.9915885007545,69.71295752101766,2865.960890678636
2021-08-23,3427.000518084596,3427.000518084596,3299.660742653373,3318.75048828125,455643,3544.703623046875,3420.505745878824,3462.3217762078093,35.482829857218334,-41.81603032898511,-1789393.2014943552,44116393.0,8.381374260461481,34.56440898306453,26.624839660537212,3523.7604593414044,3354.1251119476583,73.82915880031806,2866.7457163867375
2021-08-24,3338.4279295692004,3367.37906608579,3305.586439907266,3360.81982421875,276602,3538.944580078125,3411.323296392659,3454.8031130975082,40.463906873930505,-43.47981670484933,-1571513.399630596,44392995.0,26.85196345816991,20.957376242418942,27.13153485960075,3523.387753636501,3343.4963528088115,72.9694064701899,2867.2170845171954
2021-08-25,3375.9290428678623,3401.7136517948875,3329.3810825071137,3338.111572265625,398715,3533.1860986328124,3400.059954219269,3446.1592952581095,38.72589729068963,-46.09934103884052,-1873979.1647882431,43994280.0,16.881879931123933,17.371739216585127,26.785036447580378,3525.725815132594,3329.2385891642807,72.92391810001732,2867.9116808524564
2021-08-26,3338.1113147398382,3365.2530062533287,3320.333595150362,3339.694580078125,283891,3527.60619140625,3390.77297358217,3438.2730200595925,38.92284330806148,-47.50004647742253,-1913147.0378742048,44278171.0,17.57690128931436,20.43691489286942,26.59484836649376,3526.19757007003,3317.267786375283,70.92359617165657,2868.390255015595
2021-08-27,3354.17028757567,3392.621018809667,3328.476240232346,3346.977783203125,274822,3522.65552734375,3384.035251985394,3431.5104099220766,39.880282544505576,-47.475157936682535,-2029432.9526280342,44552993.0,20.774599802197887,18.411127007545414,25.78284254763819,3528.1022807664026,3309.545717280472,70.43939491491832,2868.8665540087127
2021-08-30,3363.6698329369983,3398.6827926509927,3351.9989936187712,3365.931640625,561903,3519.07298828125,3381.2500810068723,3426.6527233074785,42.41037577708889,-45.4026423006062,-2255939.2491447777,45114896.0,34.13326606386,24.16158905179077,24.890502219128905,3523.347611323262,3304.4208212939257,69.10122452441472,2869.8697552484687
2021-08-31,3377.2858299789254,3382.759448550075,3352.5417873481574,3372.671875,693952,3513.6454248046875,3379.930357005815,3422.6541419513687,43.323820422094144,-42.72378494555369,-2025311.7793554333,45808848.0,37.91404216222457,30.940636009427504,24.061900485513142,3515.772883940849,3301.7088543404006,66.32382714423635,2871.0961345894516
2021-09-01,3396.3305936723254,3446.995088410112,3374.7077994486017,3400.220947265625,585605,3508.496884765625,3383.051986276555,3420.992423826499,47.0224952513708,-37.94043754994391,-2197548.75457467,46394453.0,52.220034328600406,41.422447518228346,22.77927300673516,3509.653457622553,3301.5042816352598,66.89521187751319,2872.2049048234817
2021-09-02,3427.995647139156,3427.995647139156,3362.855587336037,3366.42919921875,474397,3501.9912890625,3380.494634421508,3416.9507034851845,43.2906149718929,-36.456069063676296,-2619894.504961225,45920056.0,34.672275253971094,41.60211724826538,21.338922652311044,3501.9708488010874,3299.1399422145378,66.76984387219933,2873.063725762917
2021-09-03,3370.9980503836077,3446.542424298538,3370.0933273427104,3399.496826171875,740269,3496.549306640625,3383.4180485369493,3415.657823684199,47.66755049701326,-32.239775147249475,-2790725.8126535313,46660325.0,52.82429732905327,46.57220230387494,20.36685443102618,3496.0888082228594,3299.4805521287035,67.72294252988425,2874.44920168921
2021-09-06,3423.879078340291,3464.1845341105336,3410.805874535574,3420.848388671875,779715,3491.0393994140627,3389.176562403861,3416.042309979582,50.3331397794102,-26.86574757572089,-3277053.943363943,47440040.0,64.12162837600724,50.53940031967721,19.800761015094736,3486.0926608704726,3303.437685809215,67.50614005908241,2875.9733639687697
2021-09-07,3435.052323446597,3438.5353744615845,3403.703539033877,3411.43896484375,450262,3485.8791064453126,3392.601547394613,3415.701321451002,49.14512814305699,-23.099774056388924,-3527328.3025613874,46989778.0,59.143005572761574,58.69631042594071,19.10115047893408,3472.217599754539,3309.6723416517107,65.17226115684136,2876.827579592626
2021-09-08,3410.579771956731,3410.579771956731,3363.760353374925,3370.41015625,396710,3480.1203515625,3389.187487218519,3412.346420325002,44.241606270119114,-23.15893310648289,-3811348.16763536,46593068.0,43.00254265356456,55.42239220077781,17.93325862216467,3466.6467187937196,3308.6749608937807,63.92271475055446,2877.527614025268
2021-09-09,3370.0029046368954,3373.6670772784514,3342.9517729585928,3348.018310546875,479537,3474.942158203125,3382.853767730574,3407.581375156252,41.790879864366204,-24.72760742567789,-4132684.408159161,46113531.0,29.392446809793867,43.84599834537335,17.27311035018061,3467.0730693176024,3305.8466084167726,61.55075686264762,2878.326523913432
2021-09-13,3346.5707174984395,3365.569902431521,3329.380978749461,3347.068359375,342427,3469.5840576171877,3377.348320291255,3403.0989295428258,41.68538196736946,-25.75060925157095,-4140388.1796557433,45771104.0,26.155370703615457,32.850120055657975,16.92841885368055,3464.887046006847,3301.717665907215,59.73919734974849,2878.8863740764664
2021-09-14,3363.2173143662994,3408.091665152876,3338.427991615108,3393.661376953125,741880,3463.921298828125,3379.858021316158,3402.3998515732183,48.546312623194254,-22.541830257060155,-3705857.524471081,46512984.0,50.974837100691815,35.50755153803373,15.809185029761776,3453.5225714039084,3306.3238641429666,60.44808850603558,2880.179137910176
2021-09-15,3404.111131756319,3439.3953316959287,3399.9945975874334,3419.0390625,510406,3459.276787109375,3385.88587380598,3403.6323857159427,51.86797569854459,-17.74651190996292,-3722850.9331525033,47023390.0,68.61649153153384,48.58223311194706,15.39141429864712,3456.736884431688,3305.882549162062,59.39707895151901,2881.13450640707
2021-09-16,3436.1381695733494,3468.7081996166985,3419.8984348804433,3450.161376953125,558125,3454.7973681640624,3395.7744127516944,3407.078977659438,55.6493014948626,-11.304564907743497,-3588880.6265849043,47581515.0,86.7741827576268,68.7885037966175,15.528369002288484,3457.9621478518875,3305.2046490231123,58.70222596331755,2882.227102944535
2021-09-17,3474.136340232213,3509.782338287948,3447.4017312505916,3458.0322265625,1304667,3450.5820556640624,3405.3525379533567,3410.8532923929984,56.57837579276764,-5.500754439641696,-4448881.981738068,48886182.0,71.31390148176379,75.56819192364149,16.303197717954795,3455.344152355932,3306.841003894068,58.96496746860603,2884.8793882624577
2021-09-20,3450.0708146416086,3450.0708146416086,3379.140615377513,3416.279541015625,399648,3445.6567431640624,3407.033615347552,3411.255236735415,50.531144243918554,-4.221621387863252,-4430020.023852376,48486534.0,48.16957171967711,68.75255198635591,15.5418059158454,3457.849090145743,3306.557159854257,60.388299162633245,2885.6092093810853
2021-09-21,3417.1391027989284,3432.3837751810183,3343.856532683304,3373.531494140625,354217,3439.350830078125,3401.8794428541783,3408.4608854320973,45.20394428247153,-6.581442577919006,-4546764.907338655,48132317.0,24.47349371651763,47.98565563931953,14.659999146101994,3454.9571342077697,3314.927216378168,62.39822368656761,2886.215516000976
2021-09-22,3376.4264790452266,3410.805955519964,3367.4245287231674,3399.18017578125,245919,3435.0307763671876,3401.4641709968046,3407.7734254579605,48.69858598524956,-6.309254461155888,-4432653.472864642,48378236.0,38.69105931926084,37.11137491848521,13.841178574197402,3456.225500290816,3317.4948854513714,61.039881051583954,2886.64336897935
2021-09-23,3399.18022731197,3456.0421611689294,3399.18022731197,3437.223876953125,228970,3432.1908544921876,3406.965664220854,3409.954940383528,53.44159399289297,-2.9892761626742868,-4355237.324259563,48607206.0,59.779426540661284,40.981326525479936,13.439851119534557,3460.7021486724034,3322.9294675385345,60.741459932733626,2887.0712338353055
2021-09-24,3437.9476346626366,3482.3696253465864,3426.2315151888615,3446.81396484375,363519,3429.3626904296875,3413.0961720089917,3412.6852384916924,54.58153271290154,0.4109335172993269,-4452195.462304155,48970725.0,65.0953997213285,54.521961860416894,13.49235799149972,3465.6715383468663,3328.6720163406335,60.41264923451872,2887.7753120450516
2021-09-27,3465.99411945111,3550.857188530334,3458.5754343711033,3540.543212890625,962801,3428.6307666015623,3432.7034090677043,3422.15619955828,63.88778392115057,10.547209509424192,-3704611.5688787205,49933526.0,95.34307741228116,73.40596789142366,14.483701136268005,3495.8709890522073,3317.829108604043,63.529118838237665,2889.8450954082655
2021-09-28,3554.6569381016343,3568.9516067677678,3506.1636932513634,3536.291015625,478682,3428.0644091796876,3448.639963922673,3430.610630378037,63.2545603204595,18.029333544635847,-3723924.6833466575,49454844.0,86.36703029376706,82.26850247579226,15.621673593192863,3518.569927361628,3312.1661077946223,63.47617560096386,2890.9025323110045
2021-09-29,3528.4197531977306,3560.8992210355655,3483.183602515708,3527.7412109375,379896,3427.4727197265624,3460.8093865403384,3437.8054881972566,61.925525250120984,23.0038983430818,-3668200.2113901763,49074948.0,82.7982269065477,88.16944487086532,16.173304563708975,3535.2425082395175,3311.0004605104823,64.49327866659911,2891.7222052509924
2021-09-30,3521.408152267594,3525.1626644249313,3448.8041303729383,3467.486572265625,576711,3426.5643701171875,3461.8366458826904,3440.004087017136,53.40873642118413,21.832558865554347,-3962706.4812931605,48498237.0,57.64713089352951,75.60412936461476,15.977759887260547,3539.686544030157,3313.2829872198427,65.52497880216787,2892.87722896912
2021-10-01,3456.0423149189655,3511.0042444036058,3440.345280450909,3485.536376953125,407091,3425.608994140625,3465.482758355065,3443.3768492346167,55.38809139967926,22.10590912044836,-3849074.0617281753,48905328.0,63.81488735572592,68.08674838526773,15.627304550190397,3544.907283207164,3319.9729658162737,65.89169202720565,2893.6877114528015
2021-10-04,3489.019101373669,3514.487187316443,3457.172894742938,3461.425048828125,237249,3425.11591796875,3464.8584953509203,3444.7137529082097,52.19797753355424,20.144742442710594,-4051119.9994810834,48668079.0,52.23060372289845,57.89754065738464,15.360050474513814,3547.614560804849,3323.4585104842135,65.27902063765562,2894.1580001497664
2021-10-05,3460.0682544735096,3504.806768094963,3456.042280809233,3495.85009765625,287612,3425.5158154296873,3469.626434167125,3448.5016302969534,56.08684004611007,21.12480387017149,-3869160.5364646087,48955691.0,67.5241631080352,61.18988472888653,15.08638320045182,3554.132726733172,3324.440515454328,64.09941111251807,2894.734783303061
2021-10-06,3506.7066852521916,3513.9444699482747,3401.758807158989,3410.851318359375,383507,3424.31615234375,3460.5841086582404,3445.7127183015773,46.11186510349606,14.871390356663142,-4190501.9868528717,48572184.0,29.76288394962037,49.83921692685135,14.313572893734227,3554.132124727485,3324.3823528115777,67.53414337514434,2895.4457864147544
2021-10-07,3451.518302719067,3500.056604128908,3424.3766122651814,3463.77734375,343916,3424.44552734375,3461.0753755954343,3447.050838705164,51.85375119136839,14.024536890270156,-4176316.9449359355,48916100.0,53.27562655666883,50.18755787144148,13.595963323210748,3554.746751640589,3333.1044446484734,69.08208211760068,2896.105729507526
2021-10-08,3477.348604875292,3509.0139141920636,3443.4667680822804,3452.016357421875,215542,3424.3921533203124,3459.6816804918094,3447.418654906402,50.564416791706144,12.263025585407377,-4335630.849746301,48700558.0,48.050729310045014,43.69641327211142,12.733077688280266,3550.8438500567227,3347.40715091984,68.82958668847085,2896.5225077996947
2021-10-11,3478.6601182441445,3510.2348642555407,3465.4060139478183,3485.083740234375,239321,3425.99080078125,3463.5896896829736,3450.2086612269927,54.02573069799138,13.381028455980868,-4364850.850041931,48939879.0,58.383822488195946,53.236726118303274,11.903846661270226,3547.3039074064404,3364.7486316560594,68.07165241312764,2896.999704138091
2021-10-12,3492.2308884601794,3613.9161357394264,3490.4214424039824,3599.666748046875,1353877,3428.68958984375,3484.5246217389586,3461.279630621058,63.5495178556832,23.244991117900554,-3323407.0038880883,50293756.0,93.36422687900601,66.59959289241567,12.8573653156265,3572.4202065834647,3360.2328695884103,72.41170549112219,2900.0539360341472
2021-10-13,3614.323496472084,3664.128547196953,3579.62749818877,3589.62451171875,648769,3430.9713037109377,3500.6938355820034,3470.7866588505167,62.33082951878597,29.907176731486743,-3818668.9753492232,49644987.0,71.60341910335292,74.45048949018496,14.382124471745938,3591.295191906212,3358.416429187538,73.27523002805512,2901.601530407912
2021-10-14,3591.750712833515,3627.080194121828,3577.456043654366,3588.041259765625,272066,3433.46291015625,3514.131900841022,3479.4721848442287,62.128538867243996,34.65971599679324,-3974667.400211022,49372921.0,70.99997605656867,78.65587401297587,15.7448080567313,3607.4806564438136,3356.018952931186,71.58586720229845,2902.2361200659047
2021-10-18,3493.13585215363,3591.4792079075346,3493.13585215363,3542.850341796875,463126,3434.981943359375,3518.550122526538,3484.1668631370176,56.49278867820039,34.38325938952039,-3969554.899419302,48909795.0,53.77584115358368,65.4597454378351,15.215484312029684,3613.937794750647,3358.0436261477903,73.49711638455604,2903.228398280026
2021-10-19,3555.7423807925934,3578.179555938758,3521.4081862459243,3538.869384765625,275481,3436.6611083984376,3521.676162871013,3488.2189017761734,56.010781796367674,33.457261094839396,-4075576.242009878,48634314.0,52.25853316270258,59.011450124284984,14.723969406235327,3617.847984348092,3366.3924209253455,72.30242019229014,2903.8205516486532
2021-10-20,3531.8124848944467,3537.3764431086097,3463.2797162154193,3481.962158203125,321450,3436.6755810546874,3515.56631599903,3487.7554392892807,49.507986236129234,27.81087670974921,-4234928.097361605,48312864.0,30.56882666138666,45.53440032589098,14.089309872326172,3611.1105864185174,3383.9728852611697,72.53722364642697,2904.4543711358983
2021-10-21,3501.2781262322555,3505.937361485073,3410.3534617138207,3441.56640625,373336,3435.750048828125,3504.181714499179,3484.3340294345194,45.472206509121804,19.8476850646598,-4364438.183389767,47939528.0,15.172328594467874,32.666562806185716,14.264681383411562,3607.2322614567083,3392.0898332698544,74.18341479820019,2905.137002453863
2021-10-22,3473.639012723325,3537.4672706966085,3449.7544115748333,3498.11181640625,408499,3436.9904296875,3503.247884023344,3485.35460624724,51.43955248825651,17.893277776103787,-4322514.025052089,48348027.0,36.72413184284096,27.488429032898512,13.861587751785033,3606.4131714509977,3398.9977172208773,75.73466120165793,2905.939803439404
2021-10-25,3486.8026221562604,3514.6228558436774,3379.140579593574,3405.1513671875,306195,3437.6526904296875,3488.156112202445,3479.413625576148,43.0906099098603,8.742486626296795,-4511138.323883476,48041832.0,9.126977469492891,20.341145968933922,14.406747063235088,3610.242217028472,3391.002411877778,80.0023479908326,2906.4768056614
2021-10-26,3419.7172832048864,3448.62313856877,3403.794070223903,3430.4833984375,170050,3438.057998046875,3479.283387007838,3475.7891643066187,45.67802626161271,3.4942227012193143,-4478707.191426846,48211882.0,18.015784763018647,21.288964691784177,14.91296642386728,3607.1931801583255,3383.045467302612,77.48997087326366,2906.7715466061113
2021-10-27,3433.4241448322477,3451.5186067285968,3401.7588365136367,3416.686767578125,251226,3437.1668505859375,3469.653137864805,3471.411208993397,44.4915803815523,-1.758071128591837,-4579197.591426843,47960656.0,13.17465726721647,13.43913983324268,15.325278673751319,3604.502923086101,3373.7752995701494,75.50924225481342,2907.202777235986
2021-10-28,3487.662177026152,3492.231072735066,3337.387806657238,3348.108642578125,706705,3436.302841796875,3450.9539847437773,3462.277685555229,39.06061619888438,-11.323700811451545,-5188042.754943384,47253951.0,3.2811445255275706,11.490528851920907,16.486702566687907,3609.2544413231813,3351.0605244971316,81.17595824217162,2908.339953817581
2021-10-29,3365.5696423604086,3397.0993280338416,3315.809876142714,3354.034423828125,316325,3434.489775390625,3436.043283064446,3454.259666168036,39.74505791479117,-18.216383103590033,-5206878.2340943115,47570276.0,10.974016285064064,9.143272692602713,17.796143109138978,3614.793840215318,3334.1759107612447,81.18406493138275,2908.808550249352
2021-11-01,3367.1983762239634,3392.711522698726,3330.828552876564,3371.1337890625,228051,3432.555478515625,3426.0572070641465,3448.102193789848,41.77718411561006,-22.04498672570162,-5137863.67813106,47798327.0,15.883131602546525,10.046097471046066,19.012052184272118,3615.963891260305,3321.565600927195,79.80541528072412,2909.1527468758964
2021-11-02,3379.140449641271,3428.900215298639,3371.94794587218,3385.337890625,250053,3432.3808642578124,3419.792696842739,3443.4529861480078,43.48232685094851,-23.660289305268634,-5270337.66366877,48048380.0,19.96103575839012,15.606061215333582,19.330331266354182,3616.587989868843,3313.3327864983444,78.23120177753947,2909.5547753791466
2021-11-03,3371.1789324666033,3405.3322270745834,3337.568560032066,3346.027587890625,261709,3432.92640625,3408.444218542414,3436.2362899807945,39.99161663748616,-27.79207143838039,-5466707.704947822,47786671.0,9.707868049898202,15.184011803611627,20.059407536981883,3616.857559365238,3298.0809660253867,77.48352072503788,2909.9468030638523
2021-11-04,3364.2126297010227,3406.1916904733066,3364.2126297010227,3401.170654296875,65679,3433.7334228515624,3407.3252086584853,3433.638835485689,46.4819967174859,-26.313626827203734,-5416740.187242327,47852350.0,30.96491641187858,20.211273406722313,20.716693595059347,3616.9944544683485,3296.9760045160265,76.24641942915528,2910.0510570042215
2021-11-08,3429.8050619251608,3437.947569326196,3386.9212779648988,3417.410400390625,261609,3435.3193994140624,3408.876776617276,3432.4367291823505,48.256935405301945,-23.559952565074582,-5365717.066981216,48113959.0,38.72418654735231,26.465657003043038,20.605466249319573,3615.5564717934326,3293.7772928550053,74.44498171002257,2910.486214246609
2021-11-09,3419.85330908688,3478.660310433612,3412.6155243057437,3432.926513671875,521920,3437.1840380859376,3412.5767361641374,3432.473009514908,49.96439714463897,-19.89627335077057,-5566621.217238062,48635879.0,52.83678343547653,40.841962131569154,19.67324030654599,3614.8798168941266,3292.5449633793105,73.84496773986868,2911.3990822593405
2021-11-10,3428.9002253431527,3439.395100664398,3387.282966671442,3412.34375,373526,3438.491357421875,3412.5408921388853,3430.9819532545444,47.71503436839374,-18.441061115659068,-5580889.077671247,48262353.0,43.55093772150895,45.03730256811261,19.212140549324648,3611.5296223495784,3288.621158900422,72.29262247223205,2912.0155789784912
2021-11-11,3414.8772554907146,3421.527058461165,3370.998186238814,3392.666259765625,446382,3439.0260498046873,3409.4832563891528,3428.143753736847,45.60140991877332,-18.660497347694218,-5644431.027155869,47815971.0,34.673503122957555,43.68707475998102,19.036180429019417,3587.4501905920442,3292.0005418298306,70.73806888295482,2912.724022278859
2021-11-12,3421.6626333310164,3421.6626333310164,3271.2071433795836,3288.713623046875,745428,3437.346884765625,3390.903312798033,3417.8155959079604,36.42247105465639,-26.912283109927557,-6216388.186980583,47070543.0,7.19200888474846,28.472149909738334,20.131472068443923,3569.5387485271685,3279.8208950275193,76.4321703878461,2913.73663837497
2021-11-15,3303.1439912788273,3323.8620616232893,3238.9539324196367,3258.04345703125,551238,3434.5033349609375,3370.4633349877586,3405.980622657834,34.23306984564128,-35.51728767007535,-6519761.313109264,46519305.0,7.5370104810246215,16.46750749624356,21.47020509602683,3549.9941301112103,3266.3657331700397,77.03759601754656,2914.3856647180305
2021-11-16,3268.67381606817,3303.867675209467,3241.7132459060163,3264.8740234375,473529,3432.4722314453124,3354.2188255184883,3395.5282819748463,35.16776971745928,-41.30945645635802,-6640385.461544741,46992834.0,10.233884899988476,8.320968088587199,22.713314335925244,3535.059847578793,3253.5023838665193,75.97451268082544,2914.935965767496
2021-11-17,3266.0501347310437,3296.81071771743,3235.6513526044037,3242.346435546875,348752,3429.3292236328125,3337.0076885997787,3384.1814785357374,33.477854604898695,-47.173789935958666,-6912782.072242132,46644082.0,2.609357800788737,6.79341772726729,23.93197338321699,3518.6493239229417,3240.260612600496,74.91628785455408,2915.3266517225425
2021-11-18,3248.40810370273,3252.3887967618966,3189.1487440613073,3209.55029296875,384426,3425.10326171875,3317.3988585026973,3371.245835160405,31.132408089701215,-53.84697665770773,-7049172.673618264,46259656.0,7.046885609125139,6.630042769967464,25.53047543056366,3515.182831115499,3216.4859188845007,74.08227105784233,2915.7046086473433
2021-11-22,3229.8613242669135,3229.8613242669135,3099.5812036242146,3116.047119140625,422572,3419.1954248046877,3286.421667831609,3352.342226566347,25.62110765151381,-65.92055873473828,-7364928.149082131,45837084.0,4.343662106571742,4.666635172161885,27.71948860830482,3530.049407117436,3169.0674141716263,78.09640317104638,2916.0247350429154
2021-11-23,3112.2473702383927,3119.9375163567142,3054.390373912363,3107.588134765625,713102,3413.938984375,3258.9088165906883,3334.2122938403677,25.186708133369578,-75.30347724967942,-6920529.509227706,45123982.0,12.538659064427419,7.9764022600414455,30.036309082601722,3525.859222550444,3134.205230574556,77.20002740485386,2916.4367273946527
2021-11-24,3129.4369706470907,3129.4369706470907,3063.075447835283,3082.48193359375,287005,3408.6282568359375,3231.766219206544,3315.5656004887664,23.89194477369675,-83.79938128222238,-7039673.42921892,44836977.0,6.621152540696248,7.834491237231814,31.957283708751508,3533.9776252362385,3093.819884529387,76.42584850535057,2916.5998577452906
2021-11-25,3077.8677636979,3088.633879457742,3055.2949681606424,3068.549072265625,264226,3403.05787109375,3206.655888907941,3297.268079879645,23.179793035085538,-90.61219097170397,-7093809.85070603,44572751.0,3.3371910509037237,7.499000885342475,33.794734916851,3533.3849549233137,3058.219122225124,73.34821013333263,2916.731927408642
2021-11-26,3048.9167568789658,3061.1305183679465,3003.680603216073,3016.8896484375,341506,3395.5224365234376,3177.4610826817193,3276.499307180227,20.714394130305394,-99.03822449850759,-7278275.820778621,44231245.0,2.7809704332015417,4.246438008267183,35.83602896412095,3535.587211265622,3016.0371539687526,72.742514341634,2916.8540950927213
2021-11-29,3004.5852492485433,3034.7578513198973,2936.911920928141,2983.95751953125,403739,3386.8208056640624,3147.6913037354934,3254.8295451321546,19.30478850319598,-107.13824139666121,-7293768.874148615,43827506.0,8.684031095330788,4.934064193145363,38.09105863222895,3544.2184404263426,2970.9908125033453,74.53561548807131,2916.9433214008573
2021-11-30,2981.967498096972,3006.349742778353,2915.9679885756454,2931.574462890625,682518,3376.4490673828127,3114.4425589901293,3230.8847242253746,17.28939065659756,-116.44216523524528,-7740582.229323474,43144988.0,2.981594562937602,4.815532030489989,40.285674337702005,3552.333091159151,2920.6301656767864,75.66748253911678,2917.0189623594147
2021-12-01,2967.4916441631754,2980.338667471122,2919.8127829588016,2939.94287109375,551434,3366.0872802734375,3087.596453159917,3209.3334758452543,18.74875083680216,-121.73702268533725,-7925217.293296439,43696422.0,4.740980108599403,5.468868588955942,42.32353177849841,3549.382388810408,2880.4617762286543,74.58593982291703,2917.071665641867
2021-12-02,2949.352021505849,3019.3777218748005,2928.136309016729,3011.2802734375,502905,3357.987294921875,3075.8555024333914,3194.6628682594946,30.075151572331734,-118.80736582610325,-7511575.428945052,44199327.0,18.847793989980204,8.85678955383908,43.18510817398809,3532.2998366649413,2860.138566655371,75.77561646828521,2917.183542105931
2021-12-03,3017.251353193287,3024.6247576535784,2968.034507927841,2974.59375,315536,3350.0085400390626,3060.2767712897926,3178.3614520921246,27.919661735982416,-118.08468080233206,-7753965.36521459,43883791.0,14.372790706744789,12.653854935108143,43.85037323962182,3519.562148109226,2835.7328714220234,74.40523312953181,2917.2564093318324
2021-12-06,2983.5955189780752,2985.5858653790674,2933.7451939042858,2940.12353515625,251407,3340.8274072265626,3041.7916580384785,3160.7141989857637,26.031823163279185,-118.92254094728514,-7943507.439722155,43632384.0,6.227266330175579,13.149283675633535,44.736831544722655,3495.2870731838207,2813.903234433367,72.79347872562109,2917.2853702203474
2021-12-07,2971.9700638054746,3000.966482952351,2950.3019900233994,2973.3271484375,286908,3331.54947265625,3031.2586565614047,3146.8336767229293,30.880062804464146,-115.57502016152466,-7969637.06147857,43919292.0,15.061114594759715,11.88705721056004,45.148700717669705,3459.2795529073837,2805.5024295144913,71.9398693735125,2917.33833808638
2021-12-08,2988.1648923275498,3019.9205418121137,2982.8721736402863,3014.582763671875,334037,3322.9048486328124,3028.6931345784,3137.0373127932216,36.4533831031463,-108.34417821482157,-7731853.445074923,44253329.0,29.312923783725616,16.86710156955365,45.02996172910324,3411.169403410592,2811.7782040112825,70.12940680216258,2917.4329713987945
2021-12-09,3030.8221948892547,3030.8221948892547,2991.0143809862316,3022.6796875,237723,3312.547578125,3027.7679888740313,3128.5663775863163,37.51822636223656,-100.79838871228503,-7591380.763256741,44491052.0,33.99616582790773,26.123401402131034,44.63204502287696,3359.892459037937,2824.088742133938,67.96357873793832,2917.507078513786
2021-12-10,3003.861514064244,3043.669329425538,3003.680613624897,3026.072509765625,220039,3302.3432080078123,3027.507145934276,3120.9742392292283,37.98714845310137,-93.46709329495206,-7564995.724061629,44711091.0,51.57869781434056,38.295929141991316,43.919931039735744,3304.345469399305,2842.97635677257,65.96537424241707,2917.5823530358075
2021-12-13,3046.2025951754777,3051.133291760968,2981.062533740184,2990.516845703125,214515,3291.598720703125,3021.816330514099,3111.310728597665,35.0209032127853,-89.49439808356601,-7721623.759855283,44496576.0,34.92257114081757,40.1658115943553,43.544393079979265,3269.6045895254574,2847.8975589120428,66.25861594087186,2917.6440473651082
2021-12-14,2985.586264605679,2990.109880158112,2956.6351250701086,2978.03173828125,181626,3281.8096240234377,3015.0802394013526,3101.438210796449,34.01645492258788,-86.35797139509623,-7671063.967256043,44314950.0,35.94441808312003,40.815229012759396,43.48690186121075,3237.1946899612267,2852.3062866012733,63.945980561739326,2917.677278182533
2021-12-15,2976.2218684680474,3012.591909036956,2962.967765137682,2980.60986328125,295667,3271.71109375,3009.7771046136445,3092.4879628323597,34.43464242094558,-82.7108582187152,-7756503.2102834685,44610617.0,44.5306890132697,38.46589274573577,42.803320598349686,3195.941752528244,2865.132808018631,62.92299222870611,2917.741164897138
2021-12-16,3010.692135034089,3010.692135034089,2919.8580290031314,2943.19970703125,324140,3261.3465869140623,2999.534428062507,3081.4295735137594,31.331596772949183,-81.89514545125257,-7914054.428896535,44286477.0,20.14697397472462,33.54069369037146,42.702857071379285,3153.4809898136396,2877.6788978816726,64.91664321458121,2917.782677781206
2021-12-17,2938.586045287302,2951.025988488694,2849.0637345703103,2876.25048828125,3170631,3248.9545947265624,2980.5676680961597,3066.2311227557957,26.695328745090606,-85.66345465963605,-9393880.041752603,41115846.0,13.454156127678504,26.043939705224286,43.3077508943798,3118.3446444381307,2879.485262788432,67.56275826485283,2917.52582681036
2021-12-20,2849.7870230875815,2868.9673282914173,2738.6419298493674,2809.345947265625,595625,3236.9244873046873,2954.225864891462,3047.202591238005,23.028093600575517,-92.97672634654282,-9343229.168024363,40520221.0,22.625910995984185,18.74234703279578,44.63274010283798,3116.86938356055,2850.2904064785125,72.56602970535495,2917.3159285806937
2021-12-21,2815.498241895881,2858.970230327307,2797.4037801870386,2832.507080078125,326850,3224.29908203125,2935.4998979971024,3031.2992200409767,26.77811112458032,-95.79932204387433,-9297359.495434465,40847071.0,30.037678371189894,22.03924849828421,45.86308722497771,3105.834600337442,2833.8170842328705,71.78034545070592,2917.225739796279
2021-12-22,2833.592655562616,2871.1839433013274,2828.1643171419983,2837.075927734375,294578,3212.0002734375,2920.3577487259136,3016.912309499747,27.528181096089725,-96.5545607738336,-9469892.528546166,41141649.0,31.4997500356036,28.054446467592573,46.689839271110486,3094.968678812029,2820.142405172346,69.72600835846472,2917.1592912667807
2021-12-23,2849.8777258625682,2886.9260921228497,2839.021048811663,2871.681640625,224147,3199.7322314453127,2912.869116710388,3006.154482175692,33.11679056773821,-93.28536546530404,-9388402.661645578,41365796.0,42.5738842705251,34.70377089243954,47.046849861073156,3080.021485837879,2815.402854982434,68.30630521775115,2917.1231787523384
2021-12-24,2878.195325497445,2890.589986427639,2836.3066064008285,2851.732177734375,123753,3184.7735400390625,2903.4634337910015,2994.7157929578166,31.60378079757045,-91.25235916681504,-9441822.505224679,41242043.0,36.1898796796179,36.75450466191555,47.28008069486649,3074.058576722358,2804.8500170276425,67.30466770411252,2917.1008012494103
2021-12-27,2845.354089813962,2871.726679273888,2824.545458950458,2853.587158203125,94069,3170.05279296875,2895.790160623636,2984.2618200130246,31.91526502434145,-88.4716593893886,-9420085.954275735,41336112.0,36.78348983812038,38.51575126275447,47.604557521417284,3070.873712595779,2794.997845021408,65.86727860549233,2917.080970838718
2021-12-28,2860.0103316063796,2883.8498712431483,2849.877478082459,2873.445556640625,214640,3155.76087890625,2892.3525292416343,2976.053207911365,35.31166997854733,-83.70067866973068,-9336916.355888166,41550752.0,43.13835299850357,38.70390750541396,47.55180669746848,3070.3879119677104,2789.6707550244773,63.5890725022921,2917.0486319975557
2021-12-29,2884.9356109502214,2957.539635341834,2851.732319360766,2951.658935546875,563709,3143.93705078125,2901.4765917501327,2974.2462247732547,46.6086450063908,-72.76963302312197,-8835868.49363614,42114461.0,68.1673260964465,49.36305631102349,45.65564560690467,3071.2318860068244,2789.9983874306754,66.60466132220469,2917.0543902190975
2021-12-30,2965.682223308885,2966.72256648747,2883.3524239430803,2895.837646484375,594987,3131.076416015625,2900.609061709247,2968.4381819370415,41.092873839704104,-67.82912022779465,-9252649.126765123,41519474.0,50.30401982102662,53.869899638658914,43.695394559131856,3061.1526605250706,2788.5333502171165,67.8021956952179,2917.051135037258
2021-12-31,2922.2554679084597,2953.649313743806,2910.4940681924195,2939.67138671875,248103,3120.2306005859373,2906.6186501722477,2966.307308217168,46.451802448592645,-59.68865804492043,-9165266.594665973,41767577.0,73.38181133123086,63.95105241623467,41.87516144334281,3057.696572325819,2788.4972020882433,67.08858652123313,2917.064738571256
2022-01-03,2948.221126468309,2978.891372134733,2941.7071643139143,2964.8681640625,266680,3110.6966357421875,2915.580113847671,2966.200704946452,49.306646002976194,-50.620591098781006,-9099731.61551589,42034257.0,82.57939456101325,68.75507523775691,39.60613279657388,3059.987864761435,2788.680372543253,65.09797215657241,2917.1019900477486
2022-01-04,2971.1107837247196,3000.061924126422,2959.032641486516,2975.77001953125,244503,3100.2497998046874,2924.8400993374526,2966.909543063844,50.535419656609484,-42.069443726391455,-9144750.78929411,42278760.0,87.1633563080289,81.04152073342435,37.04061374786653,3060.2905220370794,2788.622002376983,63.378780048239115,2917.148644565745
2022-01-05,2975.7699446344313,3044.3932812425373,2968.396539600822,3038.557861328125,312215,3092.9179296875,2942.33513964371,2972.216825898235,57.00011389376975,-29.881686254524993,-8880482.72989237,42590975.0,98.09144918319315,89.27806668407844,34.99201324933182,3065.0267352454307,2786.2832989342564,64.2800630192017,2917.2458845439755
2022-01-06,3026.1175888820117,3102.2952226731522,3015.4418131144985,3092.524169921875,410181,3086.1587451171877,2965.4411443018894,2981.1284810110974,61.64054117965821,-15.687336709208012,-8562592.872150062,43001156.0,97.31308558341256,94.18929702487821,34.00933541717572,3081.0090165335273,2777.2854658883475,65.89244491487685,2917.44095640736
2022-01-07,3109.9852391174813,3109.9852391174813,3055.2494989090137,3069.272705078125,263996,3079.2104638671876,2981.4152305751563,2987.65768279384,58.70120040962792,-6.242452218683866,-8691318.194464114,42737160.0,86.97538421547392,94.12663966069321,33.20767105199136,3089.710103928451,2772.904398024674,65.09553743584762,2917.572876668734
2022-01-10,3089.4480443635575,3122.4251524679516,3080.084073265441,3107.81396484375,318473,3074.4045703125,3000.8611896934017,2996.5581481308704,61.940883084483815,4.303041562531234,-8592644.445871312,43055633.0,95.0949366666568,93.1278021551811,32.64625040708375,3111.7677725963267,2762.5764412708604,64.24245957541754,2917.7567293562233
2022-01-11,3087.819712724254,3117.6302924962483,3087.819712724254,3109.306884765625,225782,3069.51001953125,3017.545142781436,3004.9099064001116,62.06501978492744,12.635236381324376,-8492943.5659709,43281415.0,95.59611883998522,92.55547990737199,32.124931236812394,3133.2180251079867,2754.253703407638,61.78303958945876,2917.887887538424
2022-01-12,3117.7659844247823,3123.1037617143284,3088.950468839266,3112.337646484375,198452,3064.3340966796877,3032.1286048895804,3012.8675167767237,62.33361323334477,19.26108811285667,-8419607.296827689,43479867.0,96.39396555704958,95.69500702123055,31.72962172994053,3153.1604673348093,2747.484039501128,59.80948625271618,2918.0049948472906
2022-01-13,3117.585042882746,3143.279309809985,3103.200034863083,3122.19921875,291271,3059.0713232421876,3045.985622406568,3020.966161367337,63.245508627543,25.01946103923092,-8434730.023324357,43771138.0,93.38630302268223,95.12546247323901,31.68759309217048,3175.4229284752755,2743.1215295325374,58.400185445158016,2918.1899394692064
2022-01-14,3122.199068698261,3132.331922108372,3098.6762707306702,3105.733154296875,127752,3054.2654345703127,3055.177550389692,3027.245197880636,60.60709511601077,27.932352509055818,-8508908.19827891,43643386.0,87.20316253922432,92.32781037298538,31.510420900738,3192.3454159645726,2749.1473086448023,56.632718726054,2918.266738146913
2022-01-17,3121.294582292338,3190.9582584768336,3106.864293544338,3157.25732421875,646271,3049.38716796875,3070.8821309787777,3036.8757257575335,65.4623480324542,34.00640522124422,-8380627.674798582,44289657.0,90.06534277835614,90.21826944675423,32.209040082335186,3210.9489469949517,2765.3349153097356,58.675031972761474,2918.733131821601
2022-01-18,3156.533350729461,3163.997315678219,3069.3634198859945,3076.917724609375,656590,3042.577314453125,3071.8106838450235,3039.8417997465585,54.2371491000321,31.96888409846497,-8932390.944443643,43633067.0,62.92640741346371,80.06497091034807,31.795921245421393,3214.3189720531996,2786.405954704613,61.24352224558025,2919.1072870165904
2022-01-19,3076.9178844711873,3132.422733234847,3060.723429850415,3109.352294921875,694189,3036.105830078125,3077.5863163183853,3044.9907253151005,57.412201025372205,32.59559100328488,-8684935.559585601,44327256.0,70.90325026086097,74.63166681756029,31.18256813881706,3219.108681749102,2808.8438817274605,61.99036375549822,2919.495680126362
2022-01-20,3075.062886574064,3119.484873795807,2981.062256136074,2993.502197265625,874508,3027.7289990234376,3064.650298002576,3041.1767602743985,45.31790655509088,23.47353772817769,-9402260.749128088,43452748.0,20.7802630217766,51.53664023203377,29.072266420046194,3214.913874084764,2825.220745055861,67.44981046294353,2919.79602884828
2022-01-21,2993.502385168489,3142.9625885270766,2958.444367057336,3093.971923828125,1609260,3021.7551123046874,3069.1613173603528,3045.08751313023,54.30758147467069,24.073804230122732,-8647536.59328984,45062008.0,58.28793967680515,49.99048431981425,27.315384255244677,3213.2964353155235,2851.0621584344767,75.8118398205719,2920.5106102684995
2022-01-24,3095.0576609432965,3125.094423064739,3030.8223221748153,3060.044921875,788137,3017.18173828125,3067.758794977991,3046.1954693335465,51.24395081519372,21.563325644444376,-8947057.940461716,44273871.0,43.69655257902764,40.921585092536475,25.68399367364327,3204.222431061774,2880.781939055413,77.13042989695418,2920.874501994133
2022-01-25,3038.9646144948492,3157.483329737131,3011.5967432270704,3138.57470703125,571406,3014.79236328125,3078.6535506784926,3053.038375829673,57.25481305104285,25.615174848819606,-8523773.85796414,44845277.0,77.47078631483822,59.81842619022368,24.76819304182487,3202.6615372966708,2908.8557478595794,82.0415839407475,2921.1903761533936
2022-01-27,3116.77082872808,3199.82444680161,3070.8108547700353,3167.52587890625,664333,3012.845400390625,3092.326216559686,3061.518931613123,59.24942506273251,30.80728494656296,-8192072.546885364,45509610.0,86.61920738050206,69.26218209145598,24.602505385555634,3212.9948397826256,2920.1091397095615,85.39672737580658,2921.6440007929054
2022-01-28,3171.054198214238,3222.8948716505597,3153.0502983936385,3163.997314453125,575466,3011.27841796875,3103.352539312523,3069.1099229346046,58.88874668212749,34.24261637791824,-8587148.424935147,44934144.0,77.72832489466012,80.60610619666681,24.78454265063453,3209.562647167744,2950.3572991213186,84.28585922445761,2922.094651301547
2022-01-31,3184.6249583755857,3244.019934943434,3154.7690993908145,3225.020751953125,470500,3011.5878271484376,3122.070725872615,3080.6588732322725,63.07512351785725,41.41185264034266,-8316962.865502375,45404644.0,93.34705586652754,85.89819604722992,25.247163811008924,3221.7223782665556,2966.7325045459443,84.64050039075487,2922.5017507284656
2022-02-01,3236.194498044395,3250.082085849707,3176.9804158862466,3197.698486328125,487464,3013.2208544921873,3133.7057659426937,3089.3284742023357,60.12307487210538,44.37729174035803,-8528118.171188608,44917180.0,82.0381260220747,84.37116892775413,25.760884111056704,3226.3154030287947,2985.422512010268,83.81629821737667,2922.92277413704
2022-02-02,3202.719415775283,3243.431950721579,3185.9367599714933,3198.19580078125,212256,3015.0330078125,3143.62730976401,3097.3927206155886,60.15962491356129,46.23458914842149,-8649860.340999711,45129436.0,82.20865075913008,85.86461088257745,26.237910103958217,3228.0412097402527,3005.93928342381,81.93621911257017,2923.1063116509636
2022-02-03,3211.7668752738164,3303.0986243539114,3185.5299064335513,3276.0927734375,760774,3018.905224609375,3164.006611867624,3110.62976156536,65.4945474822647,53.3768503022643,-8238590.011508378,45890210.0,92.16436462202965,85.47038046774482,27.470437715932324,3253.7688859789732,3003.9650983960264,84.48139759884089,2923.867044596605
2022-02-04,3276.0928530287524,3276.0928530287524,3211.766953302299,3225.654541015625,296588,3022.047333984375,3173.4909086596244,3119.1501155987125,59.901289682528464,54.34079306091189,-8407114.76226552,45593622.0,77.52992116048469,83.9676455138815,28.614927641336852,3266.0327130660326,3005.014308418343,83.04171917938463,2924.147429320064
2022-02-07,3229.8613511624353,3229.8613511624353,3137.57959827208,3144.8173828125,286849,3024.605888671875,3169.0795969908363,3121.0513946515857,52.206138991857465,48.02820233925058,-8648967.840696894,45306773.0,54.075355754213064,74.58988051224247,27.7210689657928,3266.245706203799,3012.3557830540135,83.7017215873111,2924.3602393187766
2022-02-08,3144.9079556216366,3178.2468682619597,3117.5851421722637,3129.120361328125,397493,3027.5091455078127,3162.932022273496,3121.649095886885,50.840359867532946,41.28292638661105,-8895289.11633346,44909280.0,49.520930224263005,60.37540237965359,26.455695442613116,3266.591767954915,3014.140360951335,82.05600762319573,2924.619769277189
2022-02-09,3123.103978192831,3229.861298420744,3123.103978192831,3224.02587890625,352729,3033.358173828125,3172.3310771400734,3129.232561295727,57.99543613677573,43.098515844346366,-8581120.8761115,45262009.0,77.05737161992482,60.217885866133635,26.099380889931297,3276.5174355283743,3015.686592791938,83.82038709496122,2924.903211061157
2022-02-10,3223.845098980413,3240.311014980562,3207.831323643902,3229.2734375,239918,3039.14478515625,3181.09144027237,3136.6429965701177,58.356351082484345,44.44844370225246,-8504265.602695515,45501927.0,78.57992893139145,68.38607692519311,25.920072579853095,3286.2132180790477,3017.6843893428277,80.15319454079683,2925.1197482256744
2022-02-11,3193.6725530388876,3234.385092666862,3173.768644776322,3226.83056640625,339577,3043.455791015625,3188.1282289083515,3143.32355729872,58.106052897951265,44.80467160963144,-8249330.4269288415,45162350.0,73.83616954620099,76.49115669917244,24.98884350847552,3294.5190178480048,3019.8417243394956,78.75771263720705,2925.4113085494478
2022-02-14,3134.865555190257,3200.910341778681,3131.5634042127017,3155.62890625,282645,3047.076494140625,3183.128333114759,3144.2350646284444,51.21142706929664,38.893268486314355,-8335802.558678949,44879705.0,49.410371715665526,67.27549006441934,23.288677548996066,3294.9826833050197,3024.3676340777924,79.93695903408856,2925.612104362444
2022-02-15,3157.483451024235,3257.907709781739,3142.781701431357,3247.23193359375,357052,3053.218662109375,3192.990425496142,3151.864462329578,58.09970684998364,41.125963166563906,-8044970.299884129,45236757.0,75.94936192282448,66.398634394897,22.6342748210159,3304.741454748006,3023.6063235723063,82.45046255668095,2925.9221612991423
2022-02-16,3256.0986056166025,3293.192254638631,3230.856918170555,3245.1513671875,244587,3058.655146484375,3201.015185756351,3158.774603430165,57.899754815864796,42.240582326186086,-8177382.196650411,44992170.0,68.76385668311069,64.70786344053357,22.519137628169567,3311.383833704177,3033.787308873948,81.01366783606628,2926.1637235519647
2022-02-17,3248.0463408886726,3311.286394330166,3248.0463408886726,3254.560302734375,513917,3063.454697265625,3209.2528960606624,3165.869840415662,58.59375773832458,43.38305564500024,-8585428.453421045,45506087.0,70.7146489948611,71.80928920026544,22.651759143784883,3319.840206793877,3039.851736565498,79.95090778653767,2926.6929813926627
2022-02-18,3254.288915868123,3295.453815971542,3224.0712533748383,3286.08984375,277299,3068.722900390625,3221.0739649359452,3174.7750258478354,60.91867646606838,46.29893908810982,-8380881.678575296,45783386.0,86.99205591111716,75.49018719636298,22.267380100471005,3313.0294014859624,3075.9213065218505,79.33888313012096,2926.9756030055014
2022-02-21,3278.852096421973,3291.337319232862,3227.46400164269,3238.456298828125,344326,3072.970576171875,3223.7481701501265,3179.4921571797086,55.819416134409394,44.25601297041794,-8606693.912155421,45439060.0,62.40081326749972,73.36917272449266,21.910456703108117,3312.2119323988477,3091.1872131089644,78.23419987726743,2927.309357688651
2022-02-22,3184.6251247672044,3270.5738142140467,3180.1015095331604,3257.63623046875,432562,3078.3129638671876,3228.961717891453,3185.280607052971,57.36688742792239,43.681110838482255,-8297845.066579249,45871622.0,72.3026241370494,73.89849777188877,20.609552267796253,3303.4221144752623,3119.7361618919253,79.10835022038306,2927.7066778146204
2022-02-23,3270.6643374856244,3293.1012920863013,3229.86124018908,3239.179931640625,209392,3083.535927734375,3230.533750775941,3189.273149615019,55.35756170109352,41.26060116092185,-8445527.457498183,45662230.0,62.77439516459046,65.82594418971321,19.786546514057058,3302.750850227484,3130.4679486006407,77.97490034015722,2927.9098123237977
2022-02-24,3153.412178427229,3220.180783431714,3107.723664581131,3147.44091796875,628362,3086.872548828125,3217.750238036373,3186.174465789369,46.61720044249663,31.575772247003897,-8630043.607129028,45033868.0,19.51106346264127,51.52936092142705,19.643217078613507,3304.43832568672,3126.7719770476547,81.79499796296702,2928.3396410181663
2022-02-25,3157.573872537216,3220.813922724243,3157.573872537216,3174.130126953125,327777,3091.4911572265623,3211.0394517158734,3185.28229254224,49.13343521022357,25.757159173633227,-8786196.473763093,45361645.0,32.62211233552637,38.30252365425271,19.498574127885117,3303.8709390062318,3128.3526449781434,81.19342701957602,2928.588214400617
2022-02-28,3164.449674433224,3221.7186859842736,3119.530264678056,3193.989013671875,387040,3097.845927734375,3208.4163074014123,3185.927234848139,50.98476907613382,22.489072553273218,-8609209.476531966,45748685.0,42.37777180385502,31.503649200674232,19.844428520842147,3302.7307656265857,3126.389644529664,82.69306946862184,2928.87450848769
2022-03-02,3164.992661881312,3164.992661881312,3015.4418988686043,3050.99755859375,982580,3102.6789599609374,3184.1980383540795,3175.9324440144806,39.76279802172414,8.26559433959892,-9124573.13568635,44766105.0,12.01836108854199,29.006081742641133,21.213081966818002,3320.594115988375,3093.8562013944374,89.53978699252534,2929.304618722857
2022-03-03,3075.153842798944,3080.4012809990704,2966.5870698845947,2982.962646484375,536758,3105.6880712890625,3153.238747297202,3161.6383849381764,35.73282227250958,-8.39963764097456,-9506873.767692048,44229347.0,4.7506842742205695,19.71560572220587,22.87273315535922,3346.2356492116182,3046.6913527415068,91.27367442980751,2929.4322660015528
2022-03-04,2941.2545833690397,2972.874609229637,2850.782279974114,2933.20263671875,509620,3107.61060546875,3119.3870379774403,3144.717218403404,33.09119658310699,-25.33018042596359,-9328439.694838796,43719727.0,17.897854584836665,11.555633315866418,25.149994337317448,3363.300113421314,2995.3378748599357,94.19558100698278,2929.4165482491535
2022-03-07,2881.5429900810063,2966.5869590190327,2827.2596056524785,2926.46240234375,335205,3108.706220703125,3089.7063248030263,3128.550194991578,32.73814573225003,-38.84387018855159,-9186304.493343513,43384522.0,20.495311212481354,14.38128335717954,27.390636375899714,3377.225043233384,2951.493731180679,97.41927903266647,2929.3942273731445
2022-03-08,2921.3506965783513,3034.848157786675,2873.128914363516,3001.056884765625,557492,3111.69271484375,3076.0679494126566,3119.1062460859516,40.326113924212855,-43.03829667329501,-8861788.655985558,43942014.0,35.90654136890713,24.766569055408393,28.256636703850127,3381.5867810733544,2932.755943536021,102.01213363198738,2929.4601522666558
2022-03-09,3003.6806228240116,3039.869545990566,2979.2530996865876,3020.870361328125,508262,3115.03837890625,3067.576012784267,3111.829513881668,42.19157614613545,-44.25350109740111,-8672138.65598556,44450276.0,40.00000830626992,32.133953629219484,28.975744934664412,3383.714289916117,2919.803434693258,99.05529882284391,2929.5851010460906
2022-03-10,3075.1536809315717,3112.24732639147,3062.849358963744,3096.279052734375,350154,3119.495048828125,3071.9918650842833,3110.6776278707575,48.75725888281142,-38.68576278647424,-8548364.613918329,44800430.0,57.4589435650146,44.45516441339723,28.487854087022498,3376.0471057438613,2914.6959362483262,98.50684641145112,2929.7500430891505
2022-03-11,3076.0583135909656,3117.22321161108,3063.799272312343,3096.866943359375,156038,3122.399208984375,3075.818800203528,3109.6546142032475,48.806075423723264,-33.83581399971945,-8511237.777234009,44956468.0,57.87531377254636,51.77808854794364,27.95990873120555,3367.0022490655083,2910.500143512617,95.28663876054296,2929.824428361114
2022-03-14,3077.868009414746,3134.8202848133747,3047.107423782735,3123.601806640625,245299,3126.9544921875,3083.1700319630813,3110.687739568979,51.08807480663699,-27.517707605897613,-8328686.279594832,45201767.0,63.61435861542303,59.64953865099468,27.19580575258539,3358.2812958326253,2908.8982207689373,94.74565463697843,2929.947838064474
2022-03-15,3113.152060085148,3161.1023824288022,3099.8979555627734,3124.958740234375,229544,3130.6602392578125,3089.599064004819,3111.7448507293784,51.20695795669728,-22.145786724559457,-8370251.956744103,45431311.0,63.905645040246405,61.79843914273861,26.080399046050946,3356.543743045151,2907.568756954849,92.34985265333918,2930.0811476718304
2022-03-16,3157.528755972707,3249.9461280899054,3149.3409681135167,3229.680419921875,262987,3135.956484375,3111.150041838212,3120.480818817711,59.40705191538852,-9.330776979499205,-8213216.138477458,45694298.0,95.20549932579635,74.24183432715527,24.585509391065834,3353.9892711687653,2908.368077464047,94.68110516778141,2930.2958737273098
2022-03-17,3238.9087844546134,3315.674629890552,3234.973150512696,3302.646484375,429272,3142.494013671875,3140.6110329977178,3133.9745718219547,63.952763855777654,6.636461175763088,-7922544.276290707,46123570.0,97.33256659418376,85.48123698674219,23.92043433767515,3364.0399346013687,2904.0669257501936,94.06061265355966,2930.739288924005
2022-03-21,3302.6460963506524,3363.7601803826456,3239.1345846732024,3247.09619140625,432309,3146.6647802734374,3156.993365060569,3142.353951050421,58.57486387922685,14.639414010147902,-8299617.8453093935,45691261.0,78.254638583552,90.26423483451072,23.77224998018611,3362.9062855075035,2904.454163711246,96.24382572897991,2931.1833336740947
2022-03-22,3238.908670793177,3313.095964370004,3224.885462860972,3308.07470703125,213667,3150.975791015625,3180.236648440674,3154.6295626045567,62.320563755143205,25.60708583611722,-8110276.225472654,45904928.0,89.62061254465523,88.40260590746368,23.424434325739526,3367.1083345792185,2902.450600967656,95.6700168561265,2931.401572389879
2022-03-23,3315.764741523306,3332.411778390002,3247.95579221006,3258.360107421875,281347,3154.7575390625,3192.2556421300897,3162.313306665099,57.73688509661793,29.94233546499072,-8322303.737197144,45623581.0,80.35415469707903,82.74313527509544,23.298759568762126,3370.0339132496824,2901.5154031565676,94.86901466497046,2931.686526160165
2022-03-24,3248.2273720543685,3291.292058847245,3229.589987946078,3242.43701171875,385957,3157.45,3199.9758528360376,3168.2483959283322,56.30837271322637,31.727456907705346,-8547540.078009823,45237624.0,77.3861996839584,82.45365564189757,22.889192436487377,3367.781557847088,2902.2478366841615,92.4999472532702,2932.048483582564
2022-03-25,3249.7652335100943,3310.5172986744365,3249.7652335100943,3306.1748046875,492945,3161.3873583984373,3216.314153120878,3178.4651669475297,60.51922956403204,37.848986173348294,-8125065.462600035,45730569.0,89.2664838757893,82.3356127522756,22.724393081621884,3378.8319138095403,2897.896968026397,90.75568580344279,2932.558769999782
2022-03-28,3306.1746733144505,3380.9499429461353,3297.7607050097017,3336.392333984375,688267,3165.8684521484374,3234.78771940757,3190.1634756169256,62.370814705668934,44.624243790644414,-8174094.117855766,46418836.0,91.22572590463119,85.95946982145965,23.287158623971827,3403.3391373669856,2892.2848860705144,90.21522524151355,2933.3675651188137
2022-03-29,3345.4848156012513,3379.1404676493,3312.0553443073964,3337.61376953125,376929,3170.1767431640624,3250.60711173429,3201.0857196105794,62.44747905455262,49.521392123710484,-8263814.533260844,46795765.0,89.21172168961145,89.90131049001066,23.809726627582485,3424.488066734957,2887.484320960355,88.56307510582711,2933.814117939998
2022-03-30,3374.300156300418,3374.300156300418,3316.0360815925774,3324.04296875,343930,3174.542939453125,3261.904935890553,3210.1936639912774,60.961395795666526,51.711271899275744,-8513216.002125284,46451835.0,82.9539465677582,87.79713138733364,24.294968345220955,3440.4886910383084,2884.4890921648166,86.39886079168524,2934.215947056329
2022-03-31,3329.3811379345743,3361.1820677887927,3289.6638806464084,3304.95361328125,511249,3177.496865234375,3268.5278093352754,3217.212919494238,58.84023730491643,51.31488984103726,-8805867.164787274,45940586.0,77.23587461078058,83.13384762271676,24.225734896971318,3454.8510067306893,2895.5223819411854,85.33595553102089,2934.782983454678
2022-04-01,3289.5730915884774,3389.0926295628265,3289.5730915884774,3383.57373046875,391985,3183.6299853515625,3286.2271818173485,3229.5359425293873,64.3431025136313,56.69123928796125,-8457357.560783368,46332571.0,98.3862170056487,86.1920127280625,24.488494439255557,3474.326993388815,2916.1075036814973,86.34906856268718,2935.2566943441316
2022-04-04,3392.7111665805,3412.615072091106,3362.3123861760855,3405.060546875,419517,3189.544150390625,3304.509237980064,3242.5377650735068,65.69306291209045,61.97147290655721,-8163847.81854448,46752088.0,97.58423034211448,91.06877398618127,24.997241792252957,3484.8031165235843,2952.817171562353,83.7743269449967,2935.80989343135
2022-04-05,3406.282312169459,3455.9968000131066,3406.282312169459,3446.723388671875,339228,3198.60857421875,3326.3883380864963,3257.662626080793,68.20654986317008,68.72571200570337,-7951174.507888033,47091316.0,96.97595467733741,97.64880067503356,25.92224274796619,3492.4943371574604,2997.15204956129,81.42875024450454,2936.2981976481447
2022-04-06,3438.852593340698,3446.99510145437,3385.1121281423325,3439.576416015625,240470,3205.5206640625,3343.8018885371316,3271.1377216315213,67.29571423537224,72.66416690561027,-7768360.7965883035,46850846.0,92.89503310403484,95.81840604116225,26.323674542079193,3501.5243018743236,3031.9740379694263,80.03262332075688,2936.635170372305
2022-04-07,3439.6213534353155,3455.6801872807414,3411.755839826197,3439.983154296875,224527,3213.1194287109374,3358.599006346323,3283.6447907178435,67.32245913094349,74.95421562847969,-7704310.066766972,47075373.0,93.07102545744425,94.31400441293884,26.794723611948875,3505.129583265448,3070.280035875177,77.45346075888456,2936.9570632489786
2022-04-08,3449.075689189377,3470.5175810590936,3408.0916913059455,3447.3115234375,229962,3219.2941650390626,3372.247085898812,3295.7682524007814,67.83287648948388,76.47883349803078,-7645319.163658956,47305335.0,90.55251495943375,92.17285784030429,27.403006621636145,3514.558585047957,3095.9542811629804,76.38006282990338,2937.2903884774582
2022-04-11,3456.0422638592186,3460.56587938783,3409.132282475651,3426.322021484375,135225,3224.470087890625,3380.5663067581295,3305.438901962529,64.71498906034584,75.12740479560034,-7690156.456129045,47170110.0,81.65608222633632,88.42654088107145,27.967840844917184,3514.0001514689457,3129.458222554492,74.59817240720879,2937.482322175037
2022-04-12,3409.448768582998,3416.867453318407,3325.8071678987717,3358.377197265625,266145,3228.357685546875,3377.1525976054363,3309.360257170166,55.77745303378562,67.79234043527049,-7765914.386158979,46903965.0,53.45473619500893,75.22111112692635,26.670531999172674,3503.275649223404,3163.6602638625336,76.44936391995125,2937.8100575430108
2022-04-13,3358.3773803813992,3390.4497696501903,3319.5195679578715,3345.03271484375,198206,3230.7579248046877,3372.211077180562,3312.002661442283,54.19439323786769,60.208415738278745,-7821533.4860512335,46705759.0,43.15581799759102,59.42221213964544,25.347561032099414,3484.7636971725988,3204.1796133742764,76.05513804654893,2938.045089649928
2022-04-18,3338.4280508145844,3400.175398908919,3297.941694371779,3360.684326171875,373718,3234.0176416015624,3370.437730871533,3315.608710681512,55.77966129631903,54.829020190020856,-7736536.799398164,47079477.0,39.30002775516712,45.30352731592237,23.71111941099867,3481.1271978339787,3220.9165033378963,77.92503565301972,2938.488872622513
2022-04-19,3383.664155577093,3414.9676609832213,3273.6046865690714,3308.707763671875,211918,3236.227880859375,3360.9408128408163,3315.097529421539,49.6361666360343,45.84328341927721,-7843208.373673164,46867559.0,17.82670311851127,33.42751629042315,22.284436550833828,3481.005657803324,3221.6441712982382,82.45631699310044,2938.7276687016624
2022-04-20,3316.7147039879815,3379.0953141601067,3304.3200423688663,3366.248291015625,174080,3238.0309912109374,3361.7573479446332,3318.8864747248044,55.48175958096334,42.87087321982881,-7728945.201761333,47041639.0,47.04801312605151,34.724914666576645,20.95965960925219,3477.8932115509597,3236.67182751154,81.90767090725329,2938.9323015815644
2022-04-21,3351.998990295042,3383.211936358518,3329.471474096744,3349.6015625,216475,3240.509931640625,3359.887227106997,3321.161666411856,53.54546156314786,38.72556069514121,-7783245.90315302,46825164.0,38.59415917263836,34.489625139067066,19.642909227897388,3477.921975835829,3240.795748773546,79.89572743257621,2939.1890884533223
2022-04-22,3320.3337424127058,3342.7256389044537,3277.676137043927,3295.453857421875,228316,3243.5226611328126,3349.974401001594,3319.2573842644497,47.712489534884625,30.71701673714415,-7886766.54301285,46596848.0,11.095855814516357,32.24600937106876,19.3720590252418,3474.439309504265,3247.9877901051095,79.32642014854025,2939.427756900182
2022-04-25,3258.8122771722497,3369.8670264845464,3257.0028311549413,3332.049560546875,444222,3247.5812451171873,3347.216733239329,3320.2049528779626,51.55365461994779,27.01178036136662,-7740235.946468197,47041070.0,35.148264663505685,28.279426550220148,18.527869330505386,3466.1347219699346,3265.2536325222527,81.72197551861632,2939.9094150909214
2022-04-26,3351.953652116552,3532.943544183361,3351.953652116552,3521.272705078125,1107122,3253.526181640625,3373.994575060682,3335.098860448345,65.61812558172639,38.89571461233709,-6775895.872953878,48148192.0,95.77052658263077,47.338215686884276,19.097780828493406,3493.7438141742905,3259.1543303569597,90.23426181274988,2941.573756150321
2022-04-27,3501.2784476515203,3545.6098801928447,3479.5650929374024,3533.53173828125,541564,3259.61134765625,3398.5387540176926,3349.7975921396715,66.30069984788125,48.7411618780211,-6432412.2095870115,48689756.0,95.81502186039522,75.57793770217722,19.76245058116969,3520.408620264508,3252.20346469643,88.50644220151364,2942.462240684064
2022-04-28,3618.8920431573197,3618.8920431573197,3442.4710560534004,3469.06982421875,1628318,3264.4561328125,3409.389687894778,3358.632572293677,59.6003035266048,50.75711560110085,-7569731.335899114,47061438.0,58.59997646528766,83.39517496943789,21.088009195733076,3529.6504637974895,3256.107226632198,94.78605255168546,2945.0739069245765
2022-04-29,3442.471023132202,3474.1363282070056,3357.743802333905,3374.209716796875,594650,3268.8277490234377,3403.977384648947,3359.7864348494695,51.372593638894564,44.190949799477494,-7996132.45630902,46466788.0,32.387504726491656,62.26750101739152,20.865573012208298,3528.816341038657,3261.9580241957183,96.32937207464367,2945.8403503065006
2022-05-02,3365.569806216303,3365.569806216303,3262.4313766709647,3278.21875,376660,3269.4474853515626,3384.629902395263,3353.744384119879,44.65475394531937,30.885518275383674,-8257481.954407292,46090128.0,5.862545260100006,32.28334215062645,19.38449422402882,3531.5503849648994,3256.5504939413504,97.43286979259129,2946.2184154842826
2022-05-04,3279.6211900021376,3332.0951290421717,3153.3217587194326,3163.72607421875,575428,3267.8189794921873,3350.6446980604146,3339.6689537568327,38.232811586499196,10.975744303581905,-8765932.032042982,45514700.0,2.234746470531117,13.494932152374268,19.114590675527495,3553.3836726061904,3212.73244067506,103.24290554474472,2946.6557317986753
2022-05-05,3201.634070835681,3252.4794636152933,3175.9398029068643,3188.153564453125,323081,3266.4908447265625,3325.6460621208316,3328.4455915861877,40.20852432947395,-2.799529465356045,-8985902.193620024,45837781.0,7.481535419672895,5.192942383434683,18.863965951919116,3562.057537218646,3182.3678778204167,102.20794010558747,2946.8907901469624
2022-05-06,3155.9454087792606,3216.29039106867,3130.3417026997463,3166.304443359375,436366,3264.09513671875,3301.1319669267614,3316.4351361619792,39.00668927978,-15.303169235217865,-9057098.75151476,45401415.0,7.36111259812985,5.6924648294446305,19.057913762877167,3564.6475323779036,3151.7359881299085,101.04656498154006,2947.1652774717386
2022-05-09,3157.4835267075305,3243.1607575972735,3148.436295971979,3228.73046875,502719,3263.9006201171874,3289.9932748995675,3309.9384941314624,44.14375220259094,-19.945219231894953,-8707547.798174322,45904134.0,20.13892078308724,11.660522933630006,18.864698475572435,3557.9035436344084,3137.3953821468413,100.59498617037967,2947.531114711134
2022-05-10,3225.292524933826,3299.2536372985783,3202.7197280883443,3250.71533203125,507087,3263.7622021484376,3283.950514458288,3305.55159323515,45.87273830464988,-21.60107877686187,-8710398.576608023,46411221.0,24.63894083438003,17.379658071865716,17.952895261781443,3548.0019396599064,3128.3702038947813,100.30490924465498,2947.96171220153
2022-05-11,3257.0031261838403,3282.2900923903635,3200.2770325787374,3268.62890625,437746,3264.351181640625,3281.593343964705,3302.816579384398,47.30406900830764,-21.223235419693083,-8418486.169500062,46848967.0,28.30562013747339,24.36116058498023,17.133825857299623,3534.8957851090745,3123.6080967268626,98.9983485708672,2948.3318373660723
2022-05-12,3243.43212890625,3305.8580192533996,3201.995769108589,3243.43212890625,777332,3266.271005859375,3275.722387801866,3298.417731200832,45.482217422289985,-22.695343398966088,-8575577.256380487,46071635.0,23.14816239828712,25.364241123380186,16.06132762761519,3523.929406450706,3116.2854861274186,99.34577011186317,2948.98692808834
2022-05-13,3273.3334066138445,3380.045450468634,3273.3334066138445,3295.092041015625,633218,3268.690244140625,3278.7023344501367,3298.1713837797056,49.754908420282625,-19.46904932956886,-8950568.37849639,46704853.0,33.722285028309365,28.392022521356637,15.653043994787192,3520.2547244659304,3113.631652487195,102.00773807261466,2949.634372932964
2022-05-16,3302.239085205756,3370.0933129839564,3302.239085205756,3361.815185546875,401803,3272.046767578125,3291.488926926558,3302.8857394661622,54.693789475705636,-11.39681253960407,-8646804.26413441,47106656.0,47.379658487256805,34.750035304617775,15.273923478589765,3521.6883175118905,3113.8763065115468,100.07870477945156,2950.075939803391
2022-05-17,3370.183948085505,3426.1862169636547,3370.183948085505,3386.287841796875,402398,3278.7525732421873,3306.073375368145,3309.063672972141,56.387109648799544,-2.990297603995714,-8817776.83257672,47509054.0,52.38889790915119,44.49694714157246,15.541026117176385,3524.3466533716655,3113.7783222142716,97.52815668211785,2950.572520470427
2022-05-18,3386.3784758662237,3464.637021995646,3380.2263147691356,3429.986083984375,507061,3287.6930419921873,3325.1368690014115,3318.0208886026767,59.31140716170987,7.115980398734791,-8727017.030759668,48016115.0,61.333368635867394,53.70064167742513,16.17441609260042,3535.9198313713287,3114.332976245859,96.59119600671734,2951.2399162352513
2022-05-19,3340.1470332404047,3418.0437783730836,3329.42619732624,3346.16357421875,261026,3295.9522607421877,3328.371746727156,3320.105531981645,52.095538891328836,8.266214745510752,-8889442.042352302,47755089.0,62.77639483181699,58.83288712561187,15.993210482808587,3534.3129045187643,3113.931431418736,96.87467391039003,2951.5390317492493
2022-05-20,3401.7588102324557,3482.279165049128,3379.140733036761,3426.91015625,396832,3305.9612158203126,3343.5315020383628,3328.0169856311527,57.46405900501254,15.514516407210067,-8918681.955044188,48151921.0,84.2673728367794,69.45904543482128,16.475517946965446,3542.7051184658176,3113.270076846682,99.67759654753203,2952.0642683754604
2022-05-23,3470.5177706832637,3505.349609622603,3410.8060467872533,3425.417236328125,339483,3314.4484228515626,3356.129307313711,3335.2318190161136,57.336119704308004,20.897488297597192,-9153234.480453502,47812438.0,78.68514988114075,75.24297251657906,17.139644446991262,3552.709337719943,3116.2621954831816,99.31087985380474,2952.529354731207
2022-05-24,3453.6897916376597,3475.9460677214192,3411.756009475478,3422.8388671875,369304,3322.48779296875,3366.3923165250626,3341.721229991772,57.099672298419215,24.67108653329069,-9395012.698538845,47443134.0,77.99759927406637,80.31670733066218,17.756333339872377,3560.608550498638,3117.441913368549,96.80224973895734,2953.023745050648
2022-05-25,3451.111257401837,3455.1372306850726,3385.6997385522945,3430.52880859375,225253,3329.1727880859376,3376.259469151015,3348.2995691474744,57.66048106525043,27.959900003540497,-9329417.564371245,47668387.0,80.0482070784058,78.91031874453765,17.89029680478493,3544.3655612362163,3124.6105129825337,94.84762419565882,2953.3166724278035
2022-05-26,3438.943065828788,3501.2783991043884,3396.375799772271,3489.833740234375,419826,3337.0321240234375,3393.7324339330703,3358.783581820578,61.80705828020685,34.948852112492204,-9001195.87895168,48088213.0,95.6527625070842,84.56618961985214,18.503718430408362,3534.620359617582,3129.9859147964808,95.56583670540587,2953.9064959116886
2022-05-27,3505.801719509715,3519.372564875559,3458.801402568604,3467.8486328125,422591,3343.917060546875,3405.1349260683673,3366.8624744866465,59.481391841299185,38.272451581720816,-9297546.010182375,47665622.0,83.8531327304415,86.5180341053105,19.255692734633136,3534.3948280790264,3130.0893271944115,93.06621710551653,2954.521549774847
2022-05-30,3492.230991584944,3531.2697030483396,3476.8959799817644,3489.245361328125,271827,3351.20279296875,3418.074993031407,3375.927873511941,61.01872794598902,42.14711951946583,-9445898.100100277,47937449.0,87.3035431084949,88.93647944867355,20.075612095202327,3550.858023561411,3125.1296961651515,90.94870661482533,2954.9292427405976
2022-05-31,3506.706545642436,3580.8938358237265,3473.231792755757,3495.9404296875,1154256,3356.5279931640625,3430.054290978498,3384.8176924879085,61.51081881097172,45.236598490589586,-10113230.766985781,49091705.0,77.57882301360593,82.91183295084745,21.31842677919222,3570.4920733010304,3127.267814394282,92.14251636147849,2956.709262677102
2022-06-01,3507.792262976212,3532.0388855674114,3354.0799008521776,3365.660400390625,784215,3357.788271484375,3420.1475385803637,3383.3986338140357,48.642713536635775,36.748904766327996,-10795381.783421528,48307490.0,30.01913933270515,64.96716848493533,20.49829931186896,3563.681537618027,3154.271782694473,98.27226410103243,2957.6986145103865
2022-06-02,3365.6601439084593,3392.620712791045,3317.031282322436,3337.251708984375,346754,3359.5913818359377,3407.394334027135,3379.9803430859124,46.36493839456794,27.413990941222437,-10956620.062949317,47960736.0,12.564875962448776,40.054279436253296,19.241907558599518,3556.010239667379,3176.8528950982454,96.6520616987165,2958.0699131059705
2022-06-03,3364.6648421873833,3378.145126556311,3302.23895509114,3322.776123046875,409815,3359.88541015625,3394.3761477224793,3375.742993453391,45.20339949693835,18.63315426908821,-11144676.032732876,47550921.0,7.37010882484554,16.6513747066665,17.881168549273998,3541.7849264216306,3206.725376312744,95.1702123963204,2958.491493830577
2022-06-06,3311.286362050121,3501.0520217331846,3302.6914930775865,3453.327880859375,1136609,3363.784765625,3403.4456451281553,3381.4900221501307,55.927145239022444,21.95562297802462,-10554987.212892508,48687530.0,54.22080724766808,24.718597344987472,17.980102049616384,3542.254911346327,3228.7151325989857,102.54094927198308,2959.9179655454773
2022-06-07,3406.282615068801,3486.486232912377,3406.282615068801,3468.799072265625,561644,3368.3120068359376,3413.5000185339195,3387.9573591957233,57.00107579877161,25.542659338196245,-10241059.910003575,49249174.0,59.77290501303867,40.45460702851744,18.071968871362888,3544.229884600223,3248.5485333685265,100.94542559852543,2960.672816717879
2022-06-08,3468.2557246269475,3483.1836545751266,3409.0416466750994,3432.65478515625,346603,3370.8416064453127,3416.4469057065858,3391.2682796372437,53.708408220545735,25.178626069342045,-10366886.999860488,48902571.0,46.80191845994069,53.59854357354916,18.157273777270355,3540.9221569543524,3268.258848905022,99.0308957629184,2961.125979381667
2022-06-09,3432.654905432345,3523.8963142705175,3419.3102403141193,3509.10400390625,627869,3374.29583984375,3430.701843891149,3399.996851805318,59.09111310338924,30.704992085831236,-9916625.453028187,49530440.0,74.23700897370244,60.27061081556061,18.659033225101556,3539.8196357991706,3295.928557560205,99.4276942053098,2962.0170863113353
2022-06-10,3579.3556668836104,3592.6550508738487,3483.183567329216,3511.22998046875,1412838,3377.7681640625,3443.0907879800106,3408.236342817424,59.23307653765931,34.85444516258667,-10605529.932367034,50943278.0,71.96261791701055,64.3338484502179,19.753411817971713,3543.2739078810173,3314.08807942367,100.14510772954714,2964.1827729906017
2022-06-13,3460.565868432971,3523.941765964127,3432.9265334647175,3511.45654296875,519745,3381.516435546875,3453.6085964398167,3415.882283569374,59.24930614755929,37.7263128704426,-10228379.354147464,51463023.0,72.0406309828461,72.74675262451971,19.95881375999938,3551.8512704607224,3320.474852586153,99.49297378453731,2964.9197766868965
2022-06-14,3514.8490724546114,3542.6693064257774,3259.671890341532,3330.964111328125,1733394,3382.0366455078124,3434.740214114941,3409.592048588541,44.164774993295495,25.148165526400135,-11088426.100206131,49729629.0,21.410158061033183,55.13780232029662,19.01271315894851,3556.152774456896,3310.6409755431037,112.60043394880218,2966.8427204518166
2022-06-15,3347.475477338778,3386.061829286507,3297.715706729688,3345.756591796875,753821,3381.280302734375,3421.0504260660077,3404.8634962336027,45.39185440194415,16.186929832404985,-11022421.01222041,50483450.0,25.852569036141446,39.76778602667359,18.134191172258415,3557.7618442940247,3300.6089564872254,110.86798313508909,2967.603471969639
2022-06-16,3380.769032723503,3380.769032723503,3286.858738865697,3309.65771484375,438590,3379.37224609375,3403.913085877968,3397.8112161306503,42.91332576473076,6.101869747317778,-11248054.530807313,50044860.0,15.011517225768728,20.758081440981133,17.432314482379848,3561.5145853471863,3293.2056294965637,109.65671961528317,2968.0242208194727
2022-06-17,3320.3337513629244,3360.096287124976,3271.1169034548043,3283.19482421875,727356,3376.1016748046877,3385.341045622704,3389.3211130260647,41.13992150013408,-3.980067403360863,-11777950.22544614,49317504.0,7.064301341729531,15.976129201213247,16.950828766865676,3568.321457787873,3272.027223852752,108.17976704777519,2968.6790607732423
2022-06-20,3275.323702996793,3292.1063601664655,3234.2040835303783,3271.433349609375,268242,3372.7388134765624,3367.816784697576,3380.58868610631,40.341960345435524,-12.771901408733811,-11701250.59718076,49049262.0,10.38615305041801,10.820657205972104,16.896704801198393,3574.1220975683063,3250.8281954004433,104.58851773265462,2968.892051180746
2022-06-21,3285.0491039280573,3324.8569146063373,3271.523539703068,3297.94140625,424763,3369.897978515625,3357.066726474872,3374.4666653762133,43.02427044140667,-17.399938901341102,-11705213.965864474,49474025.0,17.78132255911814,11.74392565042191,16.38509267753188,3575.274224013369,3237.1863228616307,100.93387825153374,2969.265186729848
2022-06-22,3297.7155967294902,3366.926911722578,3269.804801612441,3289.25634765625,585483,3366.736875,3346.6343605027764,3368.1547899895495,42.35238166006289,-21.520429486773082,-12056176.741387213,48888542.0,15.358380682822991,14.50861876411973,15.350318995258872,3575.2199782333296,3223.1133225479202,100.66160909857682,2969.7945880226443
2022-06-23,3329.4715801995567,3434.328899501056,3316.036353766134,3424.196044921875,1186420,3366.69435546875,3358.566927336484,3372.3059940586104,54.294993390487086,-13.739066722126609,-11073012.513002297,50074962.0,53.00361240466258,28.714438548867918,14.916658317452214,3567.4449039322553,3224.3246273177447,103.83381929473606,2971.1233897392544
2022-06-24,3438.6713166291383,3475.357879458503,3421.617199260825,3450.025634765625,558798,3368.52732421875,3372.6374977101977,3378.0630044813524,56.16689344350088,-5.425506771154687,-11041026.143142492,50633760.0,60.209504478319595,42.8571658552684,14.948679953612384,3565.2293098926957,3224.7579215526166,100.25573793066046,2971.8315283986244
2022-06-27,3501.278257529413,3581.3009683608407,3453.3279351394754,3493.316650390625,1819576,3371.4930029296875,3391.2035211994944,3386.600311585743,59.18415280857944,4.60320961375146,-11723448.405198926,52453336.0,72.2867534102546,61.83329009774561,15.928846907660002,3565.8923216852486,3224.502038666314,102.47142333527154,2974.4125545447064
2022-06-28,3474.091306839528,3534.9339332684635,3422.612652532559,3518.468017578125,799053,3374.6486767578126,3410.7826744885147,3396.3682898074007,60.86944387695716,14.414384681113916,-11158672.280318394,53252389.0,79.30343615877673,70.59989801578365,16.408963821400146,3569.935355883565,3222.7117632570603,103.17498457817389,2975.501749135469
2022-06-29,3510.325280742304,3528.4197409523163,3488.657208816743,3499.0615234375,524392,3378.455751953125,3424.364035865282,3403.9751960022227,58.85031038422989,20.388839863059275,-11408638.12787893,52727997.0,73.88944766142403,75.15987907681847,16.85478666987314,3581.5603237075215,3224.4269077377908,98.64552368941669,2976.2325086067067
2022-06-30,3520.1356071840287,3537.360895758714,3465.690843126249,3479.39599609375,715926,3380.7187060546876,3432.8304912850463,3409.5619219349283,56.7943532667866,23.268569350118014,-11850757.28714092,52012071.0,70.64077013630774,74.61121798550285,16.927156183082456,3588.9501641611214,3231.2514959951286,96.71870432820585,2977.2058246124875
2022-07-01,3443.1147463240877,3453.205801004689,3380.36260425745,3402.422119140625,756589,3381.7751171875,3428.152280185904,3409.033047653869,49.50430052025314,19.119232532035312,-12149102.084491232,51255482.0,48.464288491788665,64.33150209650682,15.858099831970316,3588.468682850102,3239.697576915523,96.88403915021256,2978.0676210688302
2022-07-04,3421.008172732963,3468.6473367705166,3386.839484679666,3454.19140625,536505,3384.9498681640625,3432.1582995803806,3412.378111253582,53.79952132031587,19.780188326798452,-11802204.287362097,51791987.0,63.37922704984038,60.82809522597895,15.044873668896743,3588.551127487305,3239.701484817382,95.80716864597242,2978.7111372500076
2022-07-05,3473.200436155047,3473.200436155047,3438.4684317934966,3457.0078125,294980,3387.449033203125,3435.9813015680143,3415.684015049613,54.02862202316079,20.29728651840105,-11782273.206281014,52086967.0,64.19064494872923,58.678053496786106,14.344815300246804,3587.2968375646406,3239.7766487634844,91.44465691137086,2979.0793494608997
2022-07-06,3456.3037678622927,3545.762192045375,3449.8735619037043,3541.772705078125,333226,3387.859033203125,3452.256902108031,3425.023918014688,60.39427947606095,27.23298409334302,-11476775.223297935,52420193.0,88.6117493385102,72.06054044569328,14.518352432056554,3601.4461830591426,3236.5390952611697,91.76208357067797,2979.5435705242153
2022-07-07,3554.210415723421,3600.9578604493718,3552.990056262659,3562.846435546875,534547,3388.4453271484376,3469.270676483238,3435.232993387443,61.81011932984638,34.03768309579482,-11791645.793802366,52954740.0,89.60844378409371,80.80361269044438,15.218355977251687,3610.8230517345105,3232.536469749865,89.43516012786145,2980.369934618522
2022-07-08,3595.2318442350897,3595.2318442350897,3560.2181827890327,3590.538330078125,326804,3390.874697265625,3487.9272385747586,3446.7370924015677,63.64906029582195,41.1901461731909,-11552456.69251359,53281544.0,96.85356058378503,91.69125123546299,15.868359269218592,3625.1723224944317,3226.118033950881,85.54791022201827,2980.8822992554965
2022-07-11,3585.844764106511,3621.51547118401,3562.3771936607873,3612.644775390625,372417,3395.6433984375,3507.1145519310458,3459.026550400757,65.09406637292719,48.08800153028869,-11291764.215230297,53653961.0,97.47784285185583,94.64661573991152,16.72965233361875,3643.377443122495,3218.031736565005,83.66150788639003,2981.4814500068683
2022-07-12,3616.8217764282685,3626.208804137659,3597.155999212191,3611.987548828125,244636,3402.3187744140623,3523.248859145981,3470.35699472871,65.01132477115029,52.89186441727088,-11286625.298064694,53409325.0,95.41504885669248,96.58215076411113,17.576192449198842,3666.1673025882383,3223.3442208492615,79.76088624632418,2981.8826277023127
2022-07-13,3621.5152470982,3641.1810240797727,3612.1282195007448,3624.0966796875,308508,3411.5261865234374,3538.763908460061,3481.7451195404724,65.87207076009372,57.01878891958859,-11340950.215309175,53717833.0,93.44971708520009,95.44753626458282,18.516658475496403,3688.282879626304,3229.062652600259,76.148928318133,2982.399063951944
2022-07-14,3622.360016640985,3647.7519723285827,3605.5573287784687,3626.396484375,377688,3420.291044921875,3552.2458432162052,3492.4600354541412,66.04293074923989,59.785807762063996,-11345571.952071529,54095521.0,92.01333691476408,93.62603428555224,19.459713579972124,3704.515621424079,3244.5037877556083,73.72362226327449,2983.030931382894
2022-07-15,3626.2088790861512,3678.776235345231,3624.33147350547,3673.47265625,281730,3430.4344091796875,3570.8961221444815,3505.8683777353162,69.41805949760099,65.02774440916528,-11118729.779219968,54377251.0,98.2227423472922,94.56193211575214,20.66173448014903,3722.007210631987,3266.0399817508255,72.34656080445208,2983.5250656751127
2022-07-18,3689.1019359483303,3745.4241029093732,3684.502383983372,3739.8388671875,513318,3440.6565771484375,3596.8873136895613,3523.199525102145,73.4278156889859,73.68778858741643,-10699532.63072657,54890569.0,98.47005621176211,96.23537849127281,22.387913791714315,3745.387367438579,3289.5003767020457,72.31833836551787,2984.5092048914084
2022-07-19,3733.2678883420654,3788.6043706662294,3722.895176923257,3756.6884765625,512451,3450.7760400390625,3621.4721079777055,3540.4950029880974,74.34744141739775,80.97710498960805,-10684891.173583714,55403020.0,92.18210954148881,96.2916360335144,24.32784292723246,3767.680759221593,3313.081691950282,71.84625660676461,2985.5325891377915
2022-07-20,3771.7078595644066,3806.439863248798,3753.872506321071,3756.735595703125,377717,3460.538173828125,3642.281875320078,3556.5128246706918,74.3501148022928,85.76905064938637,-11021463.341683257,55780737.0,88.33444721660628,92.99553765661909,26.261284067066647,3778.7640514059644,3348.746324570598,70.4691923439762,2986.3010753649746
2022-07-21,3759.176093364572,3821.0837266451686,3748.662667792084,3808.3642578125,371547,3471.83681640625,3667.8330110881434,3575.1684863848996,77.15894309451326,92.66452470324384,-10780427.564833378,56152284.0,97.07089522359654,92.52915066056387,28.165595678989188,3812.7990347943783,3353.128162471247,70.60861138034109,2987.0750817323674
2022-07-22,3815.8270830443025,3840.2333571301947,3797.287701767519,3805.970703125,280291,3482.0543896484373,3689.084963709198,3592.264946884166,76.73938198079944,96.82001682503187,-10947376.848986384,55871993.0,91.47196486191994,92.29243576737427,30.076240395159314,3841.528981341291,3359.992722760271,68.63268595050783,2987.673770180463
2022-07-25,3805.970625986984,3824.2283502037894,3753.215572751799,3774.664794921875,372987,3490.3113818359375,3702.251091588071,3605.776046738811,71.27999060440527,96.47504484926003,-11095044.36940515,55499006.0,83.20304421456206,90.58196810002619,30.799655529405097,3861.6427427925655,3368.0137757621223,68.80269248632803,2988.439809552788
2022-07-26,3767.953162390951,3782.972407681996,3676.89898781399,3684.971923828125,882407,3496.2850634765623,3699.592758086541,3611.6424080046863,58.44999003574648,87.9503500818546,-11843136.566351019,54616599.0,45.94776176393071,73.54092361347091,29.964783700091946,3867.626604985091,3378.680304194597,71.46488729930503,2990.089371894652
2022-07-27,3691.9181573711753,3717.263133279902,3609.453023716474,3645.781005859375,514997,3500.6009619140623,3691.314026974669,3614.1711930309593,53.885975833645944,77.14283394370977,-12011064.040210882,54101602.0,30.556495115545125,53.23576703134597,28.123928778171823,3868.3433648541586,3392.635492567716,74.06097460388524,2990.972617506793
2022-07-28,3645.921842348782,3673.801270951828,3611.189837156479,3621.750244140625,423758,3506.1126953125,3680.6119065386624,3614.7326042242676,51.24374826747327,65.87930231439486,-12291875.083991515,53677844.0,21.368268293380808,32.62417505761889,26.41456349353171,3865.2500132020773,3409.964269024485,73.24315026041836,2991.6737903932585
2022-07-29,3660.002214538768,3709.9881386024226,3640.2894557531013,3674.505126953125,412805,3511.0645947265625,3679.672401987041,3619.1601985004795,56.30863658465124,60.5122034865617,-12299381.17238193,54090649.0,31.820786766583915,27.91518339183663,25.322081164542816,3851.9371716020773,3450.485411405735,74.31420341765974,2992.397024117481
2022-08-01,3679.6681585985843,3743.781608523742,3675.0216253671283,3729.748046875,459482,3517.1512109375,3687.3763473544195,3627.3518909726663,60.890295395564245,60.024456381753225,-12027455.034889933,54550131.0,52.92006983789485,35.369708299286536,24.737968262983497,3846.6531036495753,3483.325143420737,73.95436614287097,2993.248788374903
2022-08-02,3729.747937847988,3759.5047712258383,3699.7564287665655,3751.244140625,398168,3523.71931640625,3697.20216170374,3636.529094650617,62.536570040204936,60.67306705312285,-11739386.11478714,54948299.0,62.07997163995801,48.94027608147894,24.38998355396751,3837.72876011805,3521.6731197647628,72.9396501654711,2994.0063105972527
2022-08-03,3753.8726229226977,3764.1983540685214,3720.1263019675816,3758.0498046875,312355,3530.269736328125,3706.5633375473953,3645.530628727423,63.06663882575949,61.03270881997241,-11514185.220409919,55260654.0,64.38884057968494,59.79629401917928,24.126667257281564,3838.5955277622006,3542.434062081549,70.87767887514742,2994.607975459964
2022-08-04,3765.136899193113,3787.665766203992,3732.282301468915,3765.7939453125,310996,3535.7889404296875,3715.6757387420266,3654.43902254854,63.69609492054365,61.2367161934867,-11448823.863981158,55571650.0,67.74447340612559,64.7377618752562,24.183876971919442,3839.908623222908,3561.4157175974046,69.77094929371381,2995.2175529816764
2022-08-05,3778.2788703840897,3790.716682814547,3748.287360962351,3767.1083984375,287542,3541.7741357421874,3723.588455618253,3662.7849022440187,63.80884208910615,60.803553374234525,-11481266.865390908,55859192.0,68.31404235749875,66.81578544776977,24.27669659510409,3841.911869006418,3577.0694786498325,67.81797590503395,2995.785281522078
2022-08-08,3767.0141199363416,3792.2651321351495,3754.8109842375698,3776.072509765625,238574,3547.5106787109376,3731.6629254870795,3671.1765768752484,64.615904683309,60.48634861183109,-11448979.159755468,56097766.0,72.19830372220308,69.41893982860915,24.384335928314382,3845.251594817311,3590.0725262764395,65.64913104735865,2996.2591506503204
2022-08-10,3767.9528582335565,3816.765401489198,3767.9528582335565,3787.52490234375,218912,3553.3423681640625,3740.257075772721,3679.7949713543967,65.66922866137784,60.46210441832409,-11492339.752904506,56316678.0,77.16076842130474,72.55770483366886,24.824916767933008,3847.738963168827,3605.1388932764853,64.44651763366458,2996.702592830473
2022-08-11,3801.840370932934,3809.4907072215506,3775.791367760286,3786.2578125,277432,3561.75431640625,3747.334112192302,3687.6811077355524,65.43712928185096,59.65300445674984,-11597440.381224893,56039246.0,76.6117225710769,75.32359823819492,25.234027547578876,3848.878121323054,3620.215848403508,62.250290621350295,2997.2637004812123
2022-08-12,3786.257770963445,3811.1333953419085,3767.7183905304396,3790.48193359375,217139,3570.8189208984377,3753.972238561756,3695.2959837250487,65.87020061118128,58.67625483670736,-11586876.862305976,56256385.0,84.28757289677196,79.35335462971788,25.390422430931068,3848.054656910621,3637.447857737817,60.904913063501624,2997.701905528705
2022-08-16,3790.4818183065936,3848.6813905539957,3790.4818183065936,3840.373779296875,302627,3581.1708740234376,3767.2647832902358,3706.04248710074,70.56196633356039,61.222296189495864,-11370645.943061395,56559012.0,96.52733019627098,85.80887522137328,26.09126631482238,3859.5231208703567,3642.6695060827683,60.71167443378023,2998.3401114313533
2022-08-17,3844.081972058992,3867.878179982236,3811.133411730729,3818.549072265625,313179,3588.4752978515626,3775.154673901834,3714.376308224065,66.27030830482634,60.778365677769216,-11601969.673501933,56245833.0,80.91164636236832,87.24218315180377,26.99995986970563,3867.1881811607886,3642.8754663001487,60.42832399218927,2999.0043199817055
2022-08-18,3828.968941384484,3828.968941384484,3792.8288815062533,3811.74365234375,451908,3595.334189453125,3780.7837475082824,3721.5887040847824,64.943879779019,59.19504342350001,-11580843.799820928,55793925.0,78.13125168812569,85.190076082255,27.307101496235024,3872.6385558484762,3642.9306091905864,58.69344798404937,2999.9364008087227
2022-08-19,3803.6239529180184,3837.8396260078594,3801.7465472156896,3824.791748046875,223883,3603.1769287109373,3787.5542091296047,3729.2333740079002,66.33517136572479,58.32083512170448,-11518831.061893046,56017808.0,81.06829234124015,80.0370634639114,27.72710763773444,3879.690093744955,3642.684686528483,57.07913589891511,3000.4032184340854
2022-08-22,3782.972283974877,3823.711893824411,3763.071830450107,3793.861328125,388178,3608.8720751953124,3788.5245351288963,3734.020629868426,60.232645691806944,54.50390526047022,-11512820.633867454,55629630.0,61.620774567421556,73.60677286559581,27.03025335269678,3877.9746825205716,3642.9498047841157,57.41062030590461,3001.183879216248
2022-08-23,3778.2787672767886,3823.1957878946096,3769.8774230579415,3815.310546875,172256,3614.9536865234377,3792.6454600129123,3740.0421052022466,62.78914541233485,52.60335481066568,-11391514.436294243,55801886.0,68.73240212695563,70.47382301187245,26.383174373733233,3879.23293087306,3642.6255408066277,57.11831634381628,3001.533846142272
2022-08-24,3802.1688068201565,3833.6153514174116,3802.1688068201565,3816.531005859375,245586,3621.05517578125,3796.3201593739063,3745.7079496953675,62.93515374704259,50.612209678538875,-11412773.403965648,56047472.0,65.2477012050106,65.20029263312928,25.984262062584968,3883.682459827478,3642.3626329459594,55.28461836191905,3002.041376303737
2022-08-25,3823.3365970944446,3844.598124359722,3802.7790969462358,3813.902587890625,374693,3630.7139453125,3799.0251483764787,3750.759404376498,62.36757932747036,48.265743999980714,-11588136.364497446,55672779.0,60.19378119497309,64.72462817564646,25.826845576514526,3886.4817256521687,3652.4564335275186,54.322790437031,3002.8173380007897
2022-08-26,3825.2140791898655,3871.539156089027,3793.720553021804,3805.876708984375,453561,3639.91634765625,3800.0792346238472,3754.842167680785,60.57127831711898,45.23706694306202,-11899994.531570032,55219218.0,46.72495679501834,57.3888130650007,26.17319144504145,3880.6291272192784,3674.3186022729087,56.00106276775902,3003.7584297430285
2022-08-29,3778.2318111311683,3801.7463622438486,3741.200031289595,3783.019287109375,608621,3649.3835791015626,3797.4546273139285,3756.9293617125327,55.65492431074199,40.52526560139586,-11667868.391482519,54610597.0,32.08495981857503,46.334565936188845,25.00499001225573,3859.949091988624,3711.1255418004384,56.62074954826053,3004.9435427268663
2022-08-30,3801.980996690324,3875.8570900213385,3765.6532443470583,3834.460205078125,740581,3660.40888671875,3803.147793123805,3762.6723871470213,62.94440161250093,40.475405976783804,-11483669.907184238,55351178.0,69.25754555081878,49.355820721470735,25.177640951612176,3850.931206206247,3736.1389353953155,60.448113557261934,3006.4739881116375
2022-09-01,3764.1982837746177,3878.485351368024,3764.1982837746177,3826.434326171875,510034,3671.50890625,3806.730336669662,3767.395493741455,61.252620253740716,39.334842928206854,-11438216.776112305,54841144.0,62.08551273623936,54.47600603521108,25.376322404016552,3849.394371879518,3747.344397651732,64.29375313127225,3007.5217501807165
2022-09-02,3829.9075392085288,3851.309780351945,3778.6542731165696,3783.817138671875,556543,3681.2264208984375,3803.205229285387,3768.611911884449,53.09249008696219,34.59331740093785,-11915664.417919077,54284601.0,31.042727188845543,54.128595158634575,25.560812324106333,3846.8075973039017,3753.1884720320354,64.89102128156533,3008.636201816507
2022-09-05,3801.7464078164494,3807.237910964603,3702.5255659216223,3714.118408203125,799837,3689.723662109375,3789.4995645035006,3764.575356056203,43.002497259642,24.924208447297588,-12538399.392592372,53484764.0,6.588347588678982,33.23886250458798,23.912397642814238,3855.203265572002,3740.3996641154986,67.73540155023787,3010.1054521807278
2022-09-06,3719.14037620298,3745.424053773319,3679.2455084622866,3688.53857421875,508096,3695.0105126953126,3773.967104459693,3758.943001846021,39.99811734259611,15.024102613671857,-12903797.498088824,52976668.0,4.664260732658812,14.098445170061131,22.477440504045088,3867.5461850076354,3720.33120757049,67.62419753315176,3010.988799488664
2022-09-07,3675.0214947108843,3696.142307898878,3577.584097368509,3609.92236328125,724097,3698.208447265625,3748.729451970702,3747.9044360264083,32.48608260097619,0.825015944293682,-13232881.091124149,52252571.0,10.747135640981117,7.3332479874396554,22.686764359965373,3894.704516326996,3677.4542727355038,71.26234131866725,3012.105305099471
2022-09-08,3627.992286535906,3642.1198092247378,3604.6186789597195,3610.814208984375,493973,3700.5583984375,3727.511722280498,3737.7496043936653,32.640635912703004,-10.237882113167416,-13563636.367752012,52746544.0,11.043527128643856,8.818307834094613,22.881136511891356,3910.669268434621,3644.9636905497546,68.8508262434066,3012.8539330045405
2022-09-09,3628.8842735231738,3642.166826335621,3599.92520077245,3612.691650390625,485613,3702.44287109375,3709.847095835902,3728.486052245292,32.988409252359176,-18.63895640938972,-13755721.180056697,53232157.0,11.667466504533936,11.152709758052987,23.124890160382392,3920.0005867690234,3618.149047020039,66.9501690519612,3013.586975953575
2022-09-12,3604.6190247508493,3651.366473563188,3590.538481685416,3633.061767578125,369281,3705.1228759765627,3698.033968411629,3721.4175867143904,36.801001186054684,-23.383618302761533,-13608692.466288757,53601438.0,18.437168164711405,13.71605393262975,23.482517460657967,3923.2320612772915,3599.5979680195837,66.51287068237623,3014.149415098031
2022-09-13,3628.086330562302,3651.5539006176855,3618.6993025401484,3629.494384765625,507487,3708.12484375,3687.489417081474,3714.6084606441113,36.41030819183886,-27.119043562637216,-13782688.009145897,53093951.0,17.25160221406045,15.785412294435284,23.809694987635417,3924.3545843154575,3582.376690098605,64.10870835345915,3014.9310944707067
2022-09-14,3581.1509627012856,3678.729066950804,3577.9594650469185,3614.240234375,576311,3712.3612060546875,3676.220312049709,3707.17377721677,34.713259228607654,-30.95346516706104,-13944012.623228066,52517640.0,12.182115069068498,15.956961815946805,24.686267540363154,3918.362528888251,3565.755391033624,66.72734360706103,3015.802638771812
2022-09-15,3628.086400123159,3646.4850670695305,3521.4029162761512,3537.0322265625,351737,3714.0180224609376,3654.8067604362923,3694.570699390528,27.68079433925874,-39.76393895423553,-14207848.884756267,52165903.0,4.376947379763311,11.270221554297438,26.152392945493343,3921.7032144594928,3534.2630208920696,70.89554412036948,3016.285025146482
2022-09-16,3567.0705447984196,3567.0705447984196,3450.765362652685,3463.390869140625,579176,3714.14568359375,3625.3581617754207,3677.4462675201644,22.912811484705557,-52.08810574474364,-14661280.008891724,51586727.0,2.9518158657632414,6.5036261048650355,28.144507115210512,3931.727467667561,3489.4034893636885,74.13908969360986,3016.9704543356083
2022-09-19,3473.200525749174,3503.098303026161,3436.6850767567676,3480.94482421875,454942,3712.9291259765623,3603.1407252282406,3662.890605053393,26.177075395830286,-59.74987982515222,-14509848.273992212,52041669.0,10.018044352943631,5.782269199490081,30.104100651603584,3929.3093932531383,3457.436871395299,73.58724230616583,3017.4847648274417
2022-09-20,3498.357636162138,3574.4862956342854,3496.667925289317,3537.595458984375,268923,3712.4241064453126,3593.0568381137996,3653.6094831223545,35.64775682501674,-60.55264500855492,-14495898.345785543,52310592.0,22.840724197466663,11.936861472057865,30.207980088381426,3921.0654697106884,3440.0542080236864,75.01254438540651,3017.829938578483
2022-09-21,3542.523701336296,3574.063978337349,3495.7292744535566,3501.9248046875,197924,3710.6518359375,3579.0365252789843,3642.373581016069,32.794855915565506,-63.337055737084484,-14662514.532894794,52112668.0,15.734645660290866,16.19780473690041,30.315103980383014,3909.0450042237044,3420.7360992919203,75.24984149243407,3018.0776469502075
2022-09-22,3491.974493985494,3529.5226068240477,3473.2004375662173,3500.328857421875,149651,3708.405517578125,3566.9276533009674,3631.8517496387212,32.668881922139306,-64.92409633775378,-14668002.223373309,51963017.0,17.17535929826702,18.583576385341534,30.674943037608973,3892.860475217614,3405.300413454261,73.8978649042481,3018.256311424498
2022-09-23,3501.361719799766,3538.9098347574045,3457.242684724541,3472.16796875,158122,3705.6091259765626,3552.349240293126,3620.023321424742,30.44646970963754,-67.67408113161582,-14768328.261111274,51804895.0,11.492844970892747,14.800949976483565,31.189733928727062,3875.0723322656254,3388.915094492187,74.45281384200634,3018.4404219778203
2022-09-26,3444.0065166212858,3460.76245281109,3347.4140928254824,3355.39306640625,517637,3700.2350537109373,3522.048290464376,3600.4210803122614,23.352221421483293,-78.37278984788554,-15213088.83046945,51287258.0,2.288020652154089,10.318741640437972,32.66514432114902,3866.981442016397,3351.9576204836026,78.04574684789999,3018.9123567342263
2022-09-27,3369.943202269814,3374.5897355019106,3294.9409368755682,3324.79150390625,344198,3694.2029541015627,3491.7010925323566,3580.0040746525565,21.91137452426723,-88.30298212019989,-15299291.59016388,50943060.0,7.77787656560145,7.186247396216115,34.391750346005196,3859.3164040586853,3313.7998801210024,78.16025054636017,3019.1776155566026
2022-09-28,3308.92734587138,3354.829820786465,3290.1532900082802,3328.546142578125,181128,3687.304423828125,3466.6003310009364,3561.3775611655615,22.54285561141903,-94.77723016462505,-15265379.589823712,51124188.0,9.880402960765016,6.648766726173538,36.02611558897197,3831.1893381385776,3291.3355397911096,77.19712770577621,3019.3139282272723
2022-09-29,3344.598236109064,3345.3962251973644,3252.652338293621,3263.588134765625,350931,3677.7794091796877,3435.367685426273,3539.319085135937,19.59109867099012,-103.95139970966375,-15533551.280939022,50773257.0,2.566626087857217,6.7416352047412476,37.78298696341172,3803.9546635087218,3262.285595280341,78.307610505631,3019.545451328098
2022-09-30,3272.7872987219635,3336.1027564861192,3249.0850531195742,3311.5087890625,276996,3668.8758154296875,3416.312470601077,3522.4442483897565,27.167636448380193,-106.1317777886793,-15413131.019826932,51050253.0,14.52917623273269,8.992068427118328,39.436775287798845,3770.987239510789,3248.0221843173363,78.92975999569629,3019.735880712402
2022-10-03,3311.508964242621,3341.688169064633,3261.9923891270946,3299.869140625,442640,3659.738486328125,3398.398112143219,3505.9572033701447,26.514135909108575,-107.55909122692583,-15435026.90273132,50607613.0,11.820038420312889,9.638613580300952,40.820062679726625,3747.7770922801237,3229.807404790189,78.98447570582786,3020.042134504892
2022-10-04,3332.864320672387,3379.236147729473,3322.256933104125,3360.1806640625,317554,3650.774814453125,3392.5185047461855,3495.158941199208,35.2106081611294,-102.64043645302263,-15329871.234304322,50925167.0,27.955613246887253,18.10160929997763,41.11135014940732,3720.010031242896,3224.7386748117915,79.01179937715965,3020.3025474508468
2022-10-06,3376.983255925181,3395.428673908616,3351.168929437914,3374.307861328125,353529,3642.1415576171876,3389.716867297253,3486.2070093569055,37.088664469994576,-96.4901420596525,-15313751.310658619,51278696.0,38.48258452881892,26.08607873200637,40.97740413762567,3703.302926317381,3217.884329541994,76.5295097409841,3020.609115253265
2022-10-07,3360.6028388063824,3444.006440957106,3360.5558578336077,3382.662353515625,591544,3634.3015087890626,3388.631557484695,3478.537034850144,38.229013955940786,-89.90547736544931,-15591889.115225073,51870240.0,41.050027763803584,35.82940851316994,39.73820648509629,3683.8958196650897,3214.4762506474103,77.0238721254494,3021.152940542294
2022-10-10,3339.294418737569,3402.7036080463176,3312.7290842870684,3395.240966796875,240975,3628.5068896484377,3389.648389686569,3472.3669557350872,39.992657652786825,-82.71856604851837,-15390887.87446155,52111215.0,44.91559790853999,41.482736733720856,39.16699101781152,3661.5869471891756,3215.0400547639492,77.94891867072081,3021.35896455963
2022-10-11,3412.2316633692203,3412.2316633692203,3303.8584708047597,3312.447509765625,258827,3621.8402197265623,3377.771331237193,3460.52107084846,33.261160719113036,-82.74973961126716,-15608688.581251603,51852388.0,19.4974048251253,35.15434349915631,38.42689910557629,3633.010500644986,3211.555075526889,80.12208109170221,3021.5626354619963
2022-10-12,3329.015587270432,3429.0813994952964,3300.3383994762576,3402.328369140625,496229,3617.4517822265625,3381.5493370684903,3456.210500351583,44.23479690420934,-74.66116328309272,-15318694.164846905,52348617.0,52.87446958643657,39.09582410670064,37.365138265585436,3599.0266708677677,3222.822303741607,83.59500387222626,3021.9941334336495
2022-10-13,3395.147352202875,3425.138861166571,3369.943090067964,3383.8359375,336605,3611.6383984375,3381.901121750261,3450.849421621836,42.67988206445032,-68.94829987157482,-15485851.33155163,52012012.0,46.49391388097815,39.621929430846684,36.379217485593934,3562.9000502833815,3235.9084946384937,81.56648724553918,3022.299162333666
2022-10-14,3435.6053493718546,3438.4684388155765,3334.413139271312,3351.638427734375,499983,3604.0762060546876,3377.245322670894,3443.5004591116535,40.04076940550495,-66.25513644075954,-15820300.208074065,51512029.0,48.447956543426486,49.272113336947086,35.95804995186474,3541.973922592446,3238.2952424466166,83.1728309811624,3022.729199781944
2022-10-17,3360.556052642343,3449.545124675903,3358.6786470263414,3406.552490234375,921084,3597.182373046875,3381.7541176806603,3440.7635725281516,46.15606537418784,-59.00945484749127,-15770820.97864,52433113.0,78.55301850999929,57.831629644801325,35.292013109551746,3535.6284044240065,3238.956922724431,84.22524997833138,3023.586143660435
2022-10-18,3423.5898581975857,3440.205081257392,3381.301479992239,3389.9375,496519,3589.820126953125,3383.013099575943,3436.998678266807,44.67152038474477,-53.985578690863804,-16121747.929049298,51936594.0,70.26458974442029,65.75518826594872,34.673550327403966,3524.756107523091,3240.728487203471,82.41656078453293,3024.045154293692
2022-10-19,3406.927720346106,3489.1111931779583,3401.624141399146,3431.756591796875,456361,3583.1393798828126,3390.5120983791635,3436.6103755653303,49.108327016772726,-46.0982771861668,-16263747.548333798,52392955.0,76.10485201023009,74.9741534215499,32.91219116385838,3502.911437599521,3251.9892704082918,83.61349881263475,3024.5070901366776
2022-10-20,3406.881123405269,3476.8612343092595,3366.18826506178,3465.550048828125,310251,3577.108212890625,3402.056398448234,3438.754055066278,52.42814704970882,-36.697656618043766,-16016914.140372196,52703206.0,90.18392565738787,78.85112247067944,31.87371222004204,3494.714720551457,3256.5485118704178,85.54631812940939,3024.8170602758005
2022-10-21,3472.2615703926363,3492.302966341792,3418.5208364361674,3443.72509765625,207556,3570.4612646484375,3408.46696755716,3439.122280443313,50.15269628926546,-30.655312886152842,-16082666.274084061,52495650.0,78.90766925556473,81.73214897439425,30.556216803639103,3482.1916011502267,3263.411255295086,84.70601897056761,3025.0318788865343
2022-10-24,3487.2809321608056,3491.9744462013987,3454.4263338766527,3473.0126953125,29986,3564.1710205078125,3418.39707951952,3441.632681544734,53.09467952133947,-23.23560202521412,-16082966.060876053,52525636.0,89.951129344196,86.3475747523829,29.33282820269352,3482.3878133336807,3263.299515767882,82.1019710830377,3025.0644687393474
2022-10-25,3472.2614308333277,3498.54510751982,3420.6327801991474,3430.11376953125,351456,3557.0481396484374,3420.199647213632,3440.7794288029945,48.572609258348216,-20.579781589362483,-16348886.159144124,52174180.0,65.47476184633982,78.11118681536686,28.789579952153098,3488.5580771179834,3264.6013222960787,81.80271081429733,3025.4261830890787
2022-10-27,3464.376879136027,3464.376879136027,3385.10323898603,3400.263427734375,333703,3549.24376953125,3417.1325365245157,3437.7782435386525,45.65856505599215,-20.64570701413686,-16554955.296076488,51840477.0,50.41455420174565,68.61348179742718,28.832532848761453,3490.1621172404466,3270.544474556428,81.62206290970445,3025.742244188674
2022-10-28,3417.3007717636433,3491.0359270556464,3408.430075595335,3445.696533203125,500485,3541.350224609375,3421.526997551994,3438.364783513799,50.523851186366514,-16.83778596180491,-16603866.885570673,52340962.0,73.33663686847589,63.07531763885381,28.194825163909712,3496.8357972807426,3275.5858335786324,82.27566551053066,3026.253811918683
2022-10-31,3462.9685017884,3479.1611246705497,3434.807418515096,3446.77587890625,314769,3533.9147607421874,3425.4114408372643,3438.987827616944,50.636922474399825,-13.576386779679524,-16748760.552237341,52655731.0,73.8811924558114,65.87746117534432,27.602668027975955,3493.4959899387795,3297.244415334658,79.56695412802517,3026.5788681862996
2022-11-01,3460.574952303017,3514.6910786029744,3438.4684548946807,3503.89599609375,514106,3527.7578076171876,3437.4859877998006,3443.7958400967073,56.32542952850823,-6.3098522969066835,-16380275.797439463,53169837.0,94.96386863313114,80.72723265247282,26.181042636304593,3506.0220527681504,3303.957073208412,79.32807338375865,3027.1485499105793
2022-11-02,3516.3806487327493,3516.3806487327493,3467.1927142434147,3507.74462890625,317571,3521.416865234375,3448.2950095084852,3448.5327874159325,56.68759781317296,-0.2377779074472528,-16174217.894331787,53487408.0,95.25408692350686,88.03304933748315,24.82106978229962,3513.755599141274,3317.0110756634135,77.17520631987122,3027.508492280682
2022-11-03,3523.8903634877684,3580.2125323234814,3502.3471797432067,3542.195068359375,637882,3516.3835400390626,3462.741172408622,3455.4707341524836,59.893631523942126,7.270438256138277,-16159222.843269726,54125290.0,84.53313350694997,91.58369635452932,23.87136456031275,3533.8119380448634,3315.1561771895113,77.22450248132861,3028.2981411722694
2022-11-04,3547.7801693648466,3576.363623127003,3532.2445925499624,3539.942138671875,230932,3510.876171875,3474.61824414143,3461.727875227994,59.5830211981792,12.89036891343585,-16309572.396294992,53894358.0,81.82201625832892,87.20307889626194,22.989495425610652,3550.4127938090187,3315.118749159731,74.85982591673663,3028.58782790318
2022-11-07,3557.683568345838,3584.577311565646,3528.1144305086627,3538.768798828125,272013,3505.320927734375,3484.487560247075,3467.434610309485,59.41021582717514,17.052949937590256,-16478929.398746548,53622345.0,79.02435425637971,81.79316800721955,22.33076522430691,3564.435485331892,3316.7067021681078,73.54575842675425,3028.9292695276454
2022-11-09,3557.6836832483123,3561.4384945235083,3489.9563665421597,3510.326171875,249436,3499.2493994140623,3488.462731266756,3470.6117630180415,55.228732562347595,17.850968248714253,-16586205.032051027,53372909.0,66.00052022786241,75.6156302475237,20.804737647930725,3571.912501278624,3320.7382067291887,73.39835625208242,3029.224044150956
2022-11-10,3510.3262863730615,3538.909742302714,3489.1584912836042,3496.292724609375,291055,3493.0577197265625,3489.6673456271587,3472.514056469251,53.23774640203041,17.153289157907693,-16793786.582113672,53081854.0,59.57462685533168,68.19983377985794,19.369485425077112,3566.6429184345857,3344.392311057602,71.7092773068701,3029.5588497016342
2022-11-11,3513.799373417243,3552.004532817723,3481.179450028143,3499.155517578125,268871,3487.3804443359377,3491.127064388846,3474.4874980328714,53.60518340066701,16.639566355974694,-16926173.639762606,53350725.0,57.176492722668605,60.91721326862091,18.339999998469345,3570.2230349738484,3350.494909362089,71.6461205556351,3029.8694374024853
2022-11-14,3516.662402436881,3537.0322076917273,3483.009814841592,3497.606689453125,200313,3480.6433740234374,3492.1239297833504,3476.200030730668,53.36089182016082,15.923899052682373,-17018237.316110045,53150412.0,56.400036863032106,57.71705214701081,17.384049245190702,3571.152209840582,3360.9428096906677,70.38728286238512,3030.098215967314
2022-11-15,3497.653530427544,3556.7448244443267,3497.653530427544,3533.41796875,296104,3474.783046875,3498.4768588551424,3480.4383965098777,58.11394294612355,18.038462345264634,-16955913.110356934,53446516.0,74.35288598961804,62.643138525106274,16.967973947243998,3570.0386896413943,3380.2342839914186,69.58377230015773,3030.4526004196914
2022-11-16,3526.7063566337915,3565.6625221382637,3510.419771674379,3517.74169921875,329588,3469.4615380859377,3501.440680449544,3483.201604117942,55.44996225388838,18.23907633160161,-17198133.286154486,53116928.0,66.49408543046611,65.74900276103877,16.78841249465106,3571.8281896742624,3389.5637048569874,68.55941359756682,3030.84804926701
2022-11-17,3519.1966787516,3536.42196622203,3452.924171631991,3467.708740234375,185433,3464.5333447265625,3496.2511511856715,3482.0539845710114,47.90240827544662,14.197166614660091,-17317898.757494442,52931495.0,33.65290650886578,58.16662597631667,16.070837418144837,3566.014947736387,3403.1540708183006,69.62644081131481,3031.050018540863
2022-11-18,3467.70906705249,3479.630776675197,3399.043044742326,3410.260498046875,327528,3458.967783203125,3483.021819933549,3476.7359485321867,41.00144963629668,6.2858714013623285,-17554245.880261347,52603967.0,6.04602777514472,35.397673238158895,16.453479581889212,3568.2029714012,3398.8164377784874,70.40939017714025,3031.3623977355173
2022-11-21,3393.410603048591,3422.3226949622212,3385.3376673434814,3397.634765625,226673,3454.72203125,3469.8853500399264,3470.876601650173,39.64951866975156,-0.9912516102467634,-17630186.525131006,52377294.0,6.172013772423017,15.290316018811192,17.040872466570985,3572.5109954026734,3387.716885456701,68.02193570868307,3031.5631869923454
2022-11-22,3413.123507724115,3419.6944275684687,3365.249663143826,3397.259521484375,322261,3450.4509375,3458.712145646765,3465.423484600855,39.607718585842555,-6.711338954090024,-17573511.953724083,52055033.0,14.594538614204325,8.937526720590705,17.915972058466128,3575.891459997387,3379.689863244801,67.05213775982303,3031.8423471274937
2022-11-23,3400.169222228236,3430.1607307287973,3374.6365520091886,3386.698974609375,340707,3445.931083984375,3447.633196256397,3459.592039416301,38.38136194296819,-11.958843159904063,-17766184.280844163,51714326.0,9.779574814159599,10.182042400262333,18.42160837133972,3579.3250552003083,3367.6248959715667,66.22871211409343,3032.139538871562
2022-11-24,3395.4757456029884,3407.1625497080113,3377.875067982325,3398.244873046875,397640,3441.23474609375,3440.0349926857007,3455.047804870417,40.548688764748434,-15.012812184716495,-17610697.223917056,52111966.0,15.043798691349242,13.139304039904408,18.89112780472234,3581.197393820295,3362.5656677031425,63.59005280063576,3032.483184169008
2022-11-25,3409.602927128894,3428.7993517624595,3380.268467366274,3417.112548828125,224797,3436.987109375,3436.508462861458,3452.2377859043213,44.01418679771412,-15.729323042863143,-17494167.70232452,52336763.0,23.64630545099083,16.156559652166575,18.668139144659644,3580.060917681726,3365.387055951086,62.514397914603606,3032.68483186169
2022-11-28,3407.6789321408496,3482.5874630297967,3407.6789321408496,3451.32861328125,185431,3433.728876953125,3438.7884860029644,3452.1704397840936,49.73628299198079,-13.381953781129141,-17463495.037561823,52522194.0,42.95081192360662,27.213638688648917,17.5727009656067,3580.0866595313814,3365.9245221092438,63.399693127056715,3032.868005379429
2022-11-29,3454.7548248071066,3470.384134228313,3428.142509656965,3435.74609375,134922,3431.703154296875,3438.3204256563545,3450.953821559346,47.36217166944294,-12.633395902991651,-17549844.531962864,52387272.0,35.17560248373606,33.92423995277785,16.555508370771825,3580.1815037481383,3364.7266993768617,61.888402515934665,3033.000398559344
2022-11-30,3449.685744694757,3541.6316364050413,3445.9779145389984,3520.79248046875,1267676,3432.8511865234377,3451.0084340890307,3456.1270555526353,58.89478120912512,-5.118621463604541,-16834521.275281932,53654948.0,77.61119626023643,51.912536889193056,17.00722411519115,3582.257355921088,3364.340495641412,65.03105538301371,3034.414934477497
2022-12-01,3514.550142698525,3514.550142698525,3374.0263842306726,3480.33447265625,514227,3432.8389794921877,3455.520132330141,3457.9201975603105,52.95131638605952,-2.4000652301692753,-16570709.173811054,53140721.0,57.42386496049038,56.73688790148764,15.844390653179806,3579.8034606018464,3364.053375335654,70.86927258694682,3034.929588217294
2022-12-02,3479.771333774288,3484.7934855026697,3417.629253281936,3435.042236328125,349992,3430.7879150390627,3452.3696867913695,3456.2255337653337,47.20776774886637,-3.8558469739641623,-16739223.486631585,52790729.0,34.82439876087786,56.61981999386824,14.764616724169272,3570.526753476492,3362.614799257883,70.60462684650301,3035.270457428109
2022-12-05,3446.9167453697064,3446.9167453697064,3415.0008495792463,3435.558349609375,163476,3429.4605859375,3449.783327224909,3454.694631235263,47.2779458831342,-4.911304010353888,-16692104.872775888,52954205.0,35.08192379387204,42.443395838413444,13.712567340173534,3560.4150422543244,3362.2881315738005,67.84114605678566,3035.424315548815
2022-12-06,3428.142808123299,3473.0128501873946,3418.849741578707,3468.3193359375,251515,3428.8203955078125,3452.635020873,3455.703868620614,51.66979161448724,-3.068847747613745,-16484180.030980837,53205720.0,58.43549138722442,42.78060464732479,13.26620917517263,3550.430203832864,3365.2280237061987,66.86414338192152,3035.6732491736693
2022-12-07,3468.319066577697,3481.2262297625,3407.068710373449,3411.85595703125,167024,3427.6141552734375,3446.3613187435,3452.4558751695495,44.75069883097895,-6.094556426049621,-16629639.526332894,53038696.0,26.42350180446255,39.980305661853016,12.5818024464042,3544.2812893719843,3361.529916682703,67.38509881100222,3035.8304840890587
2022-12-08,3412.231968628477,3434.2914864303348,3396.2270386009627,3413.264404296875,141912,3428.77158203125,3441.2694857517113,3449.552803253055,44.94873211094679,-8.283317501343845,-16644514.00032036,53180608.0,27.222022900231867,37.3603386973063,11.696865136891242,3539.4094433333335,3358.098930690104,65.29076659802864,3035.9576717374575
2022-12-09,3426.26513944254,3444.3821488916756,3380.2687033239968,3395.240966796875,166035,3430.1805712890623,3434.1881751432747,3445.529704256301,42.83294928431265,-11.341529113026354,-16733001.467389995,53014573.0,17.0036104588947,23.54971172119639,11.210302932392917,3533.974538148278,3353.142380797034,65.20667223871793,3036.1032435382053
2022-12-12,3395.2410476053783,3402.422261532745,3354.5014377438088,3376.279296875,171844,3431.135234375,3425.279116948155,3440.4000444502785,40.66429402651126,-15.120927502123322,-16748654.729057802,52842729.0,11.637811153407878,18.621148170844833,11.308715829484138,3528.8645081785075,3346.1196715089923,63.971968778019225,3036.2420475442636
2022-12-13,3393.1759310708126,3418.7555822560066,3371.1633963447066,3413.827392578125,126272,3434.14001953125,3423.51731319892,3438.431699867156,46.44653435812128,-14.914386668236148,-16648533.760160482,52969001.0,31.703036313083715,20.114819308462117,10.978789604329872,3511.995779806511,3351.029342263801,62.80198428753928,3036.3509878400087
2022-12-14,3426.2650666360405,3443.1147353067304,3417.816741814198,3428.189453125,132320,3436.4736328125,3424.2361039567786,3437.673014923293,48.51328796236869,-13.43691096651446,-16672345.774256345,53101321.0,39.37793894751905,27.57292880467023,10.308201280291941,3497.123950798216,3356.945946662722,60.408081319044,3036.4739739471884
2022-12-15,3412.184609312609,3431.8973677157906,3388.7170397850123,3397.447021484375,161541,3438.4251904296875,3420.1147066533317,3434.6933117055955,44.55000545495272,-14.57860505226381,-16768567.679137034,52939780.0,22.94957417231835,31.34351647764039,10.117050789619967,3492.131765462473,3354.9119601234647,59.17752750559645,3036.61497778028
2022-12-16,3392.2372238510034,3405.519776723871,3322.0691899574404,3332.01953125,228381,3437.8619677734373,3406.561602745127,3427.0878464866623,37.52397691563654,-20.52624374153538,-16942486.05681668,52711399.0,4.531895801650358,22.286469640495937,11.146606291619692,3498.8907379596003,3340.32889094665,60.91131745279889,3036.7856642380348
2022-12-19,3348.6816269678307,3413.452122135262,3332.3950412229233,3407.256591796875,238078,3438.5209423828123,3406.6685241377036,3425.618864657789,47.73224833700937,-18.95034052008532,-16740802.64333029,52949477.0,38.79871226510715,22.093394079691972,11.898816734199418,3498.9482383595823,3341.233573163855,62.377122697974826,3036.9809082330953
2022-12-20,3411.246125983748,3411.246125983748,3361.8702648510425,3392.0966796875,152284,3438.70962890625,3404.4267019145955,3423.135739845175,46.09780951924502,-18.709037930579598,-16706639.28823166,52797193.0,36.381516577516585,26.570708214758053,12.597297859452022,3499.0204727698833,3340.6450545738667,61.44846115759843,3037.107128711949
2022-12-21,3393.4107111817225,3432.9769435713615,3372.383859579314,3389.702880859375,149348,3438.5988671875,3402.1614986753307,3420.659231772153,45.83094475410462,-18.49773309682223,-16770612.489006257,52647845.0,41.563363771414096,38.91453087134596,12.656126956917962,3498.9297474548034,3341.036170513946,61.387362788630504,3037.2343313273423
2022-12-22,3406.69303449183,3424.293711266154,3362.0109205593667,3380.1279296875,158182,3439.9524755859375,3398.771718831049,3417.6569130992157,44.71586436258608,-18.885194268166742,-16836769.558672037,52489663.0,36.478901468117066,38.1412606056826,12.919202008895992,3499.4044979896994,3338.749725643113,61.4513219256417,3037.36540239881
2022-12-23,3360.5561564443838,3379.3302131842966,3316.437123105589,3324.69775390625,122024,3438.39986328125,3387.375724227234,3410.771049455292,38.826481639654496,-23.395325228058027,-16926739.315143585,52367639.0,5.0128500410282975,27.685038426853172,13.985427781656066,3504.721563393371,3324.1911807472543,61.61128511537523,3037.4524569119817
2022-12-26,3324.8852384405545,3355.6747353826104,3308.035569416812,3334.4599609375,140091,3437.41234375,3379.234837567275,3405.1183762317523,40.31736135099809,-25.883538664477328,-16911419.557735182,52507730.0,15.257399832037692,18.91638378039437,15.112489954874048,3503.582380169726,3313.6434987365237,60.61327660469117,3037.549886909577
2022-12-27,3337.0883975428956,3379.3300228282483,3332.3948836223008,3370.834716796875,115917,3437.79626953125,3377.9425112949057,3402.578845903243,45.63406845714405,-24.636334608337165,-16837464.738135573,52623647.0,46.058469249417776,22.10957304082794,15.467707633866311,3500.8412257200384,3309.893515490899,59.6362667904952,3037.638134011642
2022-12-28,3360.5561220871214,3383.976711795618,3332.395037265162,3366.986328125,229748,3437.0049462890624,3376.2569446533817,3399.942363104855,45.175544909472556,-23.685418451473197,-16759069.198213322,52393899.0,43.235964506946786,34.8506111961341,15.66431457370476,3478.3537223913386,3317.000403585224,59.06093877192097,3037.81304177422
2022-12-29,3359.6174476947804,3379.3302072369966,3323.00803711638,3350.042724609375,748244,3436.20705078125,3372.2239877235347,3396.246093586671,43.121193370132424,-24.022105863136403,-16788997.740368277,51645655.0,31.09817484866347,40.13086953500936,16.037827284712115,3464.826038765443,3317.498912406432,58.86531243968495,3038.3632218281036
2022-12-30,3360.5562008193588,3419.7884422861234,3348.963128959181,3394.396484375,287867,3435.4598486328123,3375.6351410545294,3396.109085496918,49.584368401476596,-20.47394444238853,-16707540.183677321,51933522.0,63.93355658456397,46.089231980058095,15.24706045265089,3460.030151675111,3318.2302243014515,59.71959821734618,3038.599327627063
2023-01-02,3395.2881560286737,3398.104264535195,3304.6563514253776,3354.876953125,471328,3433.24638671875,3372.441573680756,3393.0548534693685,44.70951633174794,-20.613279788612545,-16672267.769175546,51462194.0,36.27126093184596,43.767664121691155,15.425603260075448,3454.126922554739,3316.0653137733857,62.12876356680841,3038.9463433620613
2023-01-03,3344.1286778439785,3398.1040880828637,3344.1286778439785,3380.92578125,218996,3431.990400390625,3373.7468363837165,3392.156403675341,48.316387313468375,-18.409567291624626,-16592667.855894294,51681190.0,59.43662552449454,53.21381434696818,15.591393009826822,3438.234119634267,3323.218761225108,61.54638118624246,3039.1185294576962
2023-01-04,3368.065624030663,3381.7237955150486,3326.2933497080976,3335.0703125,250071,3429.231552734375,3367.796601940068,3387.9278043290196,42.99869587999388,-20.131202388951806,-16763545.415163979,51431119.0,23.701543583918294,39.803143346752954,16.09240060825503,3435.804556806363,3317.9697595998873,61.109528659150214,3039.299296835363
2023-01-05,3349.2916309954744,3409.837962329333,3340.233240535876,3399.18359375,294998,3428.61294921875,3372.6253699108265,3388.7615665083513,51.101986990109296,-16.13619659752476,-16558857.880924983,51726117.0,73.66490501936235,52.267691375925075,15.759467190040377,3433.66391940003,3318.702315951533,62.085108742734704,3039.536707130267
2023-01-06,3396.2266917341617,3424.387775413549,3377.452635947903,3418.990234375,173591,3428.9874853515626,3379.758425982238,3391.000727091066,53.31022524387599,-11.242301108828087,-16425192.810924983,51899708.0,89.10018340591077,62.155544003063824,15.065560581938412,3437.305978068081,3317.435184041294,61.00296808008551,3039.6859490221736
2023-01-09,3436.1215411360517,3444.1005148007575,3384.9622394035246,3398.80810546875,200031,3428.049716796875,3382.68914590324,3391.579051415339,50.79312513201853,-8.889905512099176,-16531558.501401171,51699677.0,67.51932226085248,76.76147022870855,14.056725261200842,3439.150559331356,3317.8434836373945,60.869775745596044,3039.858869900691
2023-01-10,3408.0547967939947,3413.123700718918,3344.880046597401,3355.11181640625,247609,3426.216435546875,3378.44647982678,3388.8777747479994,45.75581666796129,-10.431294921219433,-16704919.475757992,51452068.0,36.18327491058027,64.2675935257812,13.894439560905422,3434.7567070585173,3316.365778293045,61.39648134387612,3040.050556475225
2023-01-11,3365.24954089722,3369.8960739261224,3314.6065706287177,3321.177490234375,308958,3422.5620654296877,3369.6358660433334,3383.8629388581016,42.25141240018975,-14.227072814768235,-16940440.817497402,51143110.0,11.847852508909217,38.51681656011401,14.32982134961924,3428.752597012993,3311.668692049507,60.960268626271024,3040.263580607743
2023-01-12,3321.1772760791278,3360.5558101987363,3304.2806267541064,3351.450439453125,182941,3419.436181640625,3366.838108106378,3381.462012976251,46.20940029322162,-14.623904869873058,-16816699.824591536,51326051.0,33.73612535241076,27.25575092396677,14.922911122273987,3425.599881619019,3310.2217492403556,60.62561968472523,3040.3910823304986
2023-01-13,3360.555949631717,3396.085941495642,3337.2290938977394,3384.30517578125,180876,3416.2783837890624,3369.525349287128,3381.6726176284733,50.19874291613205,-12.147268341345352,-16708231.976448867,51506927.0,57.234024533364874,34.272667464894965,14.518257734813346,3426.1740745184597,3314.8761207940406,60.49927882138076,3040.5312968696207
2023-01-16,3388.6699750594153,3398.9957053963562,3341.7818181372204,3363.5126953125,226147,3412.749794921875,3368.600325598724,3380.3274381976603,47.783473051319476,-11.727112598936401,-16762589.471628139,51280780.0,42.363121145277084,44.444423677017596,14.068153424711863,3421.4196093417117,3315.256196322351,60.264607995506125,3040.704094952169
2023-01-17,3369.9430373505143,3391.2515449827865,3349.4322895894816,3385.85400390625,106465,3409.6914990234377,3371.254737646035,3380.7368134353337,50.53730590682785,-9.482075789298506,-16683606.989205698,51387245.0,58.34175544821386,52.646300375618615,13.65019942247477,3420.6161172050183,3315.4354208809195,58.94708280963461,3040.787222606225
2023-01-18,3402.79755041035,3415.7047135325965,3359.617222874109,3388.623046875,306275,3407.2574365234377,3373.926785219722,3381.3209788753093,50.883059476484256,-7.39419365558706,-16673099.810449816,51693520.0,60.32219114118631,53.67568924489243,12.74507089783576,3420.4751409966534,3315.468413690847,58.74282622740983,3041.0350312149644
2023-01-19,3379.283017044079,3406.5053975836686,3353.046320255674,3356.754150390625,226186,3404.4666650390627,3371.284841399861,3379.50121380237,46.82611515090136,-8.216372402509023,-16867910.062538624,51467334.0,37.52937037040878,52.064438986602994,11.93792083740065,3419.212557773413,3314.393618984399,58.36541559173732,3041.209446578483
2023-01-20,3363.418928283648,3366.7513688753584,3333.5681350512614,3353.750244140625,191361,3401.5585595703124,3368.5872110522864,3377.5937345681664,46.4501762822319,-9.006523515879962,-16826498.77772019,51275973.0,35.38095908788955,44.41084019982822,11.68937018201625,3417.4270004541672,3319.084425327083,56.56668832262015,3041.347622032784
2023-01-23,3363.8414310519274,3404.6750022116203,3352.1076462359238,3401.4365234375,173482,3399.63515625,3373.6409514192424,3379.359867077006,52.91299424063113,-5.718915657763773,-16674391.935905878,51449455.0,69.48646436548239,47.465597941260256,11.256082772831894,3420.2329235623192,3322.9761584689304,56.28102172641132,3041.486797302239
2023-01-24,3403.7363132904684,3469.539470476841,3390.0781418739107,3460.52783203125,212778,3398.177353515625,3387.0081638210895,3385.3723089254686,59.444696586682575,1.6358548956209233,-16509875.862528263,51662233.0,94.5469554048736,66.4714596194152,12.154760453366118,3438.2633300728535,3313.915063481834,57.93675793187696,3041.6840584655515
2023-01-25,3462.874865875019,3510.748711947024,3448.5126662183166,3489.533935546875,375571,3397.6131982421875,3402.7813594712106,3393.087984971499,62.21540337733879,9.693374499711808,-16390351.167979995,52037804.0,89.7249125062954,84.5861107588838,13.623800015450453,3461.417669297201,3303.015484999674,58.24384991736484,3042.069194901362
2023-01-27,3614.0057648629504,3750.1176702928537,3595.231708941584,3695.438232421875,2375899,3402.1677880859374,3447.8054937713127,3415.4842995974527,75.17894863204258,32.32119417386002,-15691980.85585879,54413703.0,87.73555525198826,90.66914105438576,17.015147314605386,3555.993100439569,3242.979604638556,72.6966988336944,3045.573717879343
2023-01-30,3698.489107532725,3706.8904519292046,3584.7653526603867,3605.6982421875,654472,3406.07654296875,3472.0966858353418,3429.5742212707896,64.75178819192062,42.52246456455214,-16122092.91418238,53759231.0,67.60712681946484,81.68919819258285,19.940125370526037,3590.4603236498247,3229.64255720955,76.22729886477464,3046.4601201386567
2023-01-31,3640.2893956297467,3640.2893956297467,3568.0092812760877,3584.201904296875,359118,3409.8078857421874,3489.3436425217315,3441.028123717166,62.515038150621606,48.31551880456527,-16320307.394701859,53400113.0,62.78555844551326,72.70941350565546,22.289591104138957,3615.1108123899553,3227.924563586607,75.94535711398066,3046.916422594851
2023-02-01,3594.7153424322787,3648.174420325609,3529.6164416484307,3577.677978515625,328212,3413.4162548828126,3502.9335403669456,3451.1503351837187,61.817121307069144,51.78320518322698,-16382415.4459966,53071901.0,61.322260167409766,63.90498181079597,23.661019919709037,3635.411295639673,3227.2993000634524,78.9891157970662,3047.3234598918502
2023-02-02,3566.13185506753,3622.5479837183916,3510.7483911430804,3558.340576171875,309024,3416.8490869140624,3511.45769972155,3459.090353034693,59.689989097190775,52.36734668685676,-16428341.396217372,52762877.0,53.960555013042814,59.35612454198863,24.552510970467182,3648.7013675914473,3236.3362544788656,81.33272128122655,3047.69099937127
2023-02-03,3552.9899959093905,3621.515298340404,3538.1584462604587,3616.3994140625,242350,3421.212177734375,3527.602578850927,3470.7428760737903,63.72586380082059,56.85970277713659,-16215739.030006638,53005227.0,67.89859430456471,61.06046982833911,25.380324089028317,3671.807448518553,3234.9517555830093,81.4773020525636,3047.99457052567
2023-02-06,3610.7673947753506,3632.4982734884748,3570.9195057174898,3613.1611328125,205412,3425.1331494140627,3540.765433306554,3481.292376572954,63.34491428850558,59.47305673360006,-16139335.15681118,52799815.0,67.1211882637389,62.99344586044882,26.262495872987397,3691.5683485815316,3234.6079453637813,80.055978175308,3048.2579868400326
2023-02-07,3635.5958036345232,3656.247264434926,3584.1548463511513,3641.650390625,246673,3428.9395849609373,3556.2861959709303,3493.1707479842166,65.30968205542334,63.11544798671366,-15992552.124411704,53046488.0,73.96053278394744,69.66010511741703,27.325244287975405,3714.3201794560537,3236.140343004884,79.48715245448419,3048.5863623386717
2023-02-08,3659.8614689390247,3659.8614689390247,3600.394555449581,3642.448486328125,309039,3433.0736328125,3569.5419329489605,3504.2283582319133,65.36568902287533,65.31357471704723,-15864497.487558283,53355527.0,74.15212961352069,71.74461688706903,28.349481823115948,3732.5889962003853,3246.6051932527394,78.05713538555274,3049.0021224442407
2023-02-09,3642.072720634281,3652.023061488839,3597.3436261124803,3610.01611328125,249061,3434.85810546875,3575.768729923159,3512.064488235568,61.052062364611075,63.70424168759064,-15998113.903867297,53106466.0,66.36617132933614,71.49294457560144,29.2193844713856,3739.4915732227446,3268.5864785350677,76.38729967061032,3049.3285056614473
2023-02-10,3609.3122917176133,3613.020121968935,3567.164627367492,3596.780517578125,170034,3437.1870263671876,3579.001312639308,3518.33974966835,59.33128026360908,60.661562970957675,-15948514.103388509,52936432.0,61.474047524794024,67.33078282255029,29.236892262655513,3744.1203122146785,3288.4907473556336,74.20645645138408,3049.5403929007853
2023-02-13,3614.803837250079,3672.768736243693,3589.5995749243593,3645.452392578125,372862,3441.3952294921874,3589.224555706818,3527.755500995,63.41493181248228,61.46905471181799,-15820580.063951299,53309294.0,70.92950372023043,66.25657419145354,29.977304695432387,3755.3464301747326,3303.3793510752676,74.84664965623764,3050.041747613243
2023-02-14,3656.2002688941025,3667.464702013077,3625.7863911430622,3638.505859375,251160,3445.4541796875,3596.8062947326925,3535.9592312453706,62.45109620922927,60.847063487321975,-15918441.066249747,53058134.0,62.994045387167866,65.13253221073079,30.66483052586805,3760.3532628139915,3325.8718348422585,72.47748260007886,3050.3835697964782
2023-02-15,3629.588280899875,3672.1113337287584,3614.005722995467,3666.009765625,214072,3449.40798828125,3607.4529825622785,3545.59260416238,64.73642514407089,61.86037839989831,-15749327.715530733,53272206.0,64.86269876961636,66.26208262567157,30.985936811097925,3768.031101205367,3346.209572622758,71.45092032387977,3050.6779351206023
2023-02-16,3670.3279724804665,3689.993750436536,3653.431321967769,3667.136474609375,166844,3454.5135986328123,3616.635058261832,3554.5958538251207,64.83085630124587,62.039204436711316,-15791091.266386637,53439050.0,79.73204871994395,69.19626429224273,31.513114154714124,3772.168100474258,3369.923916127304,68.95888519137175,3050.914599300763
2023-02-17,3651.5541080579446,3679.715193724201,3634.6574566581903,3655.590576171875,167844,3459.3601220703126,3622.6282148633773,3562.076944369325,62.96995634429062,60.55127049405246,-15802979.874907143,53271206.0,80.80665831446314,75.1338019346745,31.479365240101522,3764.320161443843,3407.6554977358446,67.25166032527453,3051.1473008159464
2023-02-20,3656.2004451447133,3693.748557351338,3654.698658161742,3664.508056640625,169828,3464.7454638671875,3629.071267444492,3569.6644341671986,63.83342731231448,59.40683327729357,-15887485.732753415,53441034.0,84.02159882333828,81.5201019525818,31.649378809226807,3747.4124653164886,3455.6389751131987,65.23724881558321,3051.3881392755925
2023-02-21,3686.286021446402,3686.286021446402,3590.256675892951,3601.896728515625,177954,3469.2578125,3624.890569147743,3572.052011526341,54.265595694582714,52.83855762140183,-16022298.880080158,53263080.0,49.80778939228722,71.54534884336289,30.199406340899877,3725.012335444903,3498.085125492597,67.4366842968595,3051.622052483401
2023-02-22,3601.896442344033,3651.7884022331746,3581.104038760868,3605.275634765625,477992,3473.08677734375,3621.8728869351094,3574.513020655177,54.66055240270273,47.35986627993225,-16173377.572810087,53741072.0,43.137181427914435,58.98885654784666,28.65356151229445,3708.8465357898694,3528.7257054210677,67.66866138081998,3052.234753513796
2023-02-23,3611.658746808472,3635.360990695909,3581.338602852023,3597.014892578125,299446,3476.4632861328123,3618.048580110958,3576.179825982803,53.44536263094555,41.86875412815516,-16299036.2805161,53441626.0,23.581401852859504,38.84212422435373,27.218134171446554,3693.072639225557,3555.247697688506,66.69392755675327,3052.612336728055
2023-02-24,3598.564106235004,3637.37932887828,3598.564106235004,3613.958740234375,263732,3480.7935205078124,3617.419373976099,3578.978264075512,55.62453057793663,38.44110990058698,-16353569.036640298,53705358.0,36.966866862843204,34.561816714539056,25.926858631902707,3680.8088494054673,3559.3635382898456,64.81324960985339,3052.951717698181
2023-02-27,3567.023477828002,3567.023477828002,3403.783160870444,3416.7373046875,822866,3482.4878759765625,3586.545209470161,3566.9604152319553,35.05559380441001,19.58479423820563,-17045835.87210992,52882492.0,4.467479214510143,21.671915976737626,26.52797591361813,3718.150611612447,3503.1256823328654,75.19627316371607,3053.7191922887996
2023-02-28,3423.4490308426593,3513.5644975168834,3403.360883066723,3436.778564453125,723245,3483.0783154296873,3563.504187159848,3557.3173151742644,37.581484229906444,6.186871985583366,-17330453.31719903,53605737.0,11.507954484889238,17.64743352074754,27.090514587663417,3734.5957641179366,3471.9381958430013,77.69679754131923,3054.372832860411
2023-03-01,3445.0392212204015,3518.586676101118,3413.968067364269,3502.91015625,432887,3485.2945849609373,3554.1820285583326,3553.287155253948,45.16083846291603,0.8948733043844186,-17027297.762316223,54038624.0,34.28150779075649,16.75231383005197,27.499947641436812,3737.639726308098,3461.417451426277,79.61978405528566,3054.7898279906562
2023-03-02,3502.3469300973575,3527.0348581790313,3454.4261090269833,3487.515380859375,276614,3487.2508349609375,3543.9256212200316,3548.4151719654615,43.82668301453258,-4.489550745429824,-17051794.601628654,53762010.0,28.98005158103588,24.923171285560546,27.68218921093515,3741.571069532951,3450.403588670174,79.11899584791153,3055.062871666001
2023-03-03,3492.0213171627297,3518.2580139879756,3470.8065426974113,3503.23876953125,281411,3489.7130517578125,3537.6661055756035,3545.0687717851497,45.594529243882484,-7.402666209546169,-16948526.891472317,54043421.0,34.3946714372713,32.552076936354574,27.851413525469322,3741.0067689180014,3439.651824831999,76.85702980810102,3055.345262447144
2023-03-06,3493.570305983009,3542.664510240358,3490.237865073359,3494.837646484375,186747,3493.115849609375,3531.0771118692605,3541.347947688796,44.78355169779433,-10.270835819535478,-17102504.471402552,53856674.0,31.501599936364244,31.625440984890485,27.40159595477613,3740.243699210002,3428.5825459071857,75.11200233373658,3055.5374624841966
2023-03-08,3495.541453186156,3583.779514384663,3483.5729927576353,3577.583984375,478922,3497.978330078125,3538.232015331682,3544.032098554441,53.54752544480681,-5.800083222758985,-16682803.679266281,54335596.0,59.99672738778753,41.96433292047437,26.063797275041964,3734.82044650598,3427.5991579862075,76.90446799754308,3056.0720023890026
2023-03-09,3577.584101765531,3603.445410002602,3568.009378943638,3579.7431640625,295897,3502.1564990234374,3544.6183459056538,3546.6773626661493,53.75379417484307,-2.059016760495524,-16782742.40112059,54631493.0,60.74027812313442,50.74620181576208,24.4197596335356,3729.0954134161384,3427.053658849487,73.94243678764458,3056.4254062104687
2023-03-10,3595.231758250757,3609.6876898382798,3565.193268364589,3587.628173828125,530973,3506.5693359375,3551.235242509111,3549.7107560855547,54.547537508186394,1.5244864235560271,-16778262.70102272,55162466.0,63.4556171212686,61.397540877396864,22.765179847065497,3727.342953512226,3426.5673248080866,71.83900712236216,3057.06291295505
2023-03-13,3588.613827380418,3602.7413503710877,3537.3138109740685,3546.841552734375,247745,3510.5053125,3550.5592902360745,3549.4982225039857,49.78735890625064,1.061067732088759,-16953853.057759013,54914721.0,50.713298397367616,58.303064547256895,21.773089178816385,3725.1045058250957,3423.811876010842,71.38104514198052,3057.3457330956335
2023-03-14,3546.8415685239283,3561.8608134073447,3506.8997183269953,3522.857666015625,278919,3513.0745361328127,3546.297501894467,3547.524847949292,47.18004700693993,-1.2273460548249204,-17070803.85807675,54635802.0,48.10126645785834,54.09006065883153,21.392924723188408,3716.883175233297,3419.77373394639,70.20819156614974,3057.6437593769083
2023-03-15,3543.5089907799584,3555.336737338723,3492.490632793667,3501.361328125,317890,3516.0042236328127,3539.3842443914723,3544.1053279623075,44.90994177747113,-4.721083570835162,-17298953.838093307,54317912.0,41.877230967165595,46.897265274130525,21.28272316422865,3709.093598885734,3413.8488571689536,69.6823282075002,3057.972823999308
2023-03-16,3511.640160410475,3577.396336759881,3511.640160410475,3567.25830078125,377544,3519.7308740234375,3543.67256075913,3545.820362985933,52.46123270648159,-2.1478022268029235,-17037826.420322113,54695456.0,70.03611067757674,53.33820270086691,20.642236954065215,3696.232912955572,3416.8343966147404,70.13609109517024,3058.393415871036
2023-03-17,3583.7796176698816,3593.307359478161,3559.6080204215327,3580.587890625,396793,3524.6412255859377,3549.3518422769566,3548.3957354036415,53.839564811585085,0.9561068733150933,-16940564.292198937,55092249.0,85.89625862552177,65.93653342342138,19.673999026453625,3683.011809034127,3421.4006421377476,67.5334659495601,3058.8576830501624
2023-03-20,3557.6838613101595,3599.8785092919165,3553.0843089380337,3571.764404296875,331370,3528.092841796875,3552.7999287415596,3550.1267479142516,52.749303011171804,2.673180827307988,-17007370.600448806,54760879.0,81.6197971873848,79.18405549682778,18.6197488602097,3670.4023022571387,3425.627531727236,66.05208983558315,3059.242584764949
2023-03-21,3573.1724693170854,3681.592650640118,3564.020116348258,3666.291748046875,803886,3533.0388720703127,3570.260208634685,3558.7315627388907,61.697880156277584,11.528645895794398,-16412720.226033568,55564765.0,94.28269914297381,87.26625165196015,18.53968206355605,3670.8330374019306,3425.3751657230696,69.73212158246005,3060.286644071257
2023-03-22,3681.357751212179,3703.6519429865884,3650.239844679358,3683.4228515625,311063,3538.7311669921874,3587.6698460081952,3567.9679545036024,63.06314907234499,19.701891504592822,-16337278.819832643,55875828.0,91.8832285149993,89.26190828178598,18.80993244338665,3686.6401789562733,3417.720636473414,68.56640563422935,3060.718826035354
2023-03-23,3663.2876060908407,3672.580671960762,3616.868799364453,3626.161865234375,256313,3544.15216796875,3593.591695119915,3572.278614557734,55.89178838213238,21.313080562181312,-16508082.80779218,55619515.0,66.7203742672278,84.29543397506698,18.300895465047013,3689.6281587854337,3416.8212796911284,68.42266610307347,3061.0511542708873
2023-03-24,3609.4061249458737,3644.8889064328846,3578.3349714823794,3593.26025390625,281359,3549.5938232421877,3593.540704163967,3573.8328100650315,52.2174069263754,19.707894098935412,-16663247.540221952,55338156.0,49.83996017543001,69.48118765255238,17.049577024309034,3689.2089752397305,3416.8649993696445,68.28918530646145,3061.3946686313466
2023-03-27,3599.8785704139023,3608.65553402818,3567.0709505329182,3574.158203125,198811,3554.047978515625,3590.5587809272024,3573.856913254659,50.15580436457751,16.701867672543358,-16794291.898998052,55139345.0,41.160324634921615,52.573553025859816,15.99045994152613,3684.7402610524273,3417.35365984601,66.38171374851864,3061.627244975545
2023-03-28,3586.7833168946004,3598.7987582953215,3538.4871047725583,3559.185546875,144400,3557.5455859375,3585.732129534556,3572.7701453746845,48.538183625466026,12.961984159871463,-16839578.216483463,54994945.0,31.584817323021518,40.86170071112439,15.533109893975475,3676.8134377316687,3439.5253073855188,65.94813801810753,3061.7902785134756
2023-03-29,3576.926968076567,3655.3086507519097,3567.2113025657764,3641.509765625,429300,3563.10552734375,3594.3133043177013,3577.8619690969304,56.790058472428456,16.451335220770943,-16544762.65913584,55424245.0,70.57122949994296,47.77212381929538,14.82068004124652,3678.402496737406,3458.4093684969685,68.10349272230768,3062.328029988867
2023-03-31,3638.0834452011186,3668.3098589511856,3623.392837929967,3646.625732421875,248433,3568.3209619140625,3602.361370179882,3582.9555811950745,57.24883402639368,19.405788984807714,-16536196.528468577,55672678.0,72.99400609296606,58.38335097197686,14.382499322990238,3686.309508196755,3464.873914654808,66.44731617222989,3062.65251723513
2023-04-03,3665.4467670792296,3750.117714446401,3649.864208810833,3748.9443359375,497915,3575.5273876953124,3624.912595681054,3595.251044509328,65.20561382452168,29.661551171725932,-16049936.836810276,56170593.0,99.544543802859,81.03659313192269,15.170888344239385,3715.2874776185186,3462.038840740857,69.09336373310818,3063.379893515294
2023-04-05,3749.1791402322324,3780.1093529526293,3717.310224672519,3776.542236328125,584697,3583.9231494140627,3648.2402327036802,3608.6800216810907,66.99020337626072,39.560211022589556,-15531663.76485255,56755290.0,98.75977592051979,90.43277527211497,16.26238628225975,3746.8517369464103,3457.804928092652,68.64377548646549,3064.2863722887305
2023-04-06,3781.094979150357,3815.82698367582,3773.6323375266065,3786.351806640625,321813,3592.5751806640624,3669.488167155518,3621.840894641056,67.62580754339301,47.6472725144622,-15659457.338809043,57077103.0,90.31017296581466,96.20483089639784,17.67155310074247,3773.426523449375,3460.381557605312,66.75455196237606,3064.808650692514
2023-04-10,3787.7128921272524,3822.397915788317,3783.066358963542,3812.635498046875,218632,3600.79916015625,3691.510833446496,3635.9738282266717,69.32985161555632,55.537005219824096,-15549357.880511153,57295735.0,96.56144910209144,95.21046599614198,19.05108503192043,3805.5739495863395,3451.7392828355355,64.79576659540454,3065.1699169363533
2023-04-11,3829.9075931160924,3927.1100890078433,3821.036897099489,3921.337158203125,685931,3610.0153466796874,3726.8687295629,3657.1118526693717,75.15443923424928,69.75687689352844,-14938089.14207923,57981666.0,98.51451637219091,95.12871281336568,21.279416687475013,3862.0387732601985,3429.4338585757387,68.34425405008767,3066.429000685697
2023-04-12,3921.3368178922833,4043.321424892752,3914.859860518576,4023.280029296875,992142,3620.6902685546875,3772.4704679835113,3684.235421308446,79.15295781123727,88.2350466750654,-14255516.94073695,58973808.0,96.0301043734298,97.03535661590406,24.062850272661194,3937.18790492107,3397.849912461742,72.6383476446654,3068.472521796522
2023-04-13,4008.2605535231774,4042.0070991350153,3998.920278260661,4025.48583984375,371608,3627.291220703125,3811.395909808163,3709.5132300888386,79.23084484723559,101.88267971932464,-14168888.523733417,59345416.0,96.46704189113855,97.00388754558644,26.647467173191217,3996.649130745583,3386.2531153481673,70.52752430392891,3069.2589605782996
2023-04-17,4046.7479813573173,4046.7479813573173,3962.3114767635902,3993.570556640625,718984,3635.0486669921875,3839.4227785516186,3730.554513537119,74.87215239028707,108.86826501449968,-14355525.089541318,58626432.0,89.53737594874191,94.01150740443677,28.26445047764047,4036.7018547740918,3393.2716803821586,71.52102289605735,3070.7430105030126
2023-04-18,3993.4764903757814,4004.6002105142056,3919.1310433490107,3951.23486328125,235015,3642.389326171875,3856.6246377407924,3746.9012061107583,69.41684218147888,109.72343163003416,-14413988.018388163,58391417.0,81.20785555680298,89.07075779889449,28.913431797399422,4059.2135670036732,3415.747321668202,72.51731891528145,3071.2049319059834
2023-04-19,3927.6263735086886,4033.5118632142107,3923.82435225843,4004.318115234375,406755,3650.92212890625,3879.3467112013436,3765.9691253051005,72.15628270340558,113.37758589624309,-14223751.79716372,58798172.0,91.65195117750392,87.4657275610163,29.759966813003995,4091.0672776165475,3427.59959250064,75.17233263245998,3072.029277049152
2023-04-20,4003.567502573907,4065.0525369041743,3991.41111778959,4049.892578125,409146,3660.7531689453126,3905.5845368819064,3787.0004921806485,74.28589110025142,118.58404470125788,-13983060.902164152,59207318.0,97.12097341486992,89.99359338305896,30.800667991176084,4126.804196415495,3438.7931424516914,75.06298166689741,3072.9005951546183
2023-04-21,4058.01249439275,4071.154334531889,4020.5111315124454,4044.21337890625,237639,3669.3094482421875,3926.912051039498,3806.0532986047674,73.53115667392828,120.85875243473038,-13998258.270016447,58969679.0,94.65396802481222,94.47563087239537,31.81627343943536,4154.082102617853,3458.7601337102724,73.31871176350786,3073.41111507052
2023-04-24,4044.2132847728776,4088.004139183752,4020.1828586157358,4066.5546875,279716,3678.3773193359375,3948.395533571883,3825.3496977821924,74.62341939756551,123.0458357896905,-13895470.655234871,59249395.0,95.38335558651515,95.71943234206577,32.89881933106827,4185.422708696656,3467.445821576782,72.92603810668705,3074.0193430750933
2023-04-25,4073.9705046650706,4106.825105509144,4051.5355974731783,4076.364013671875,367525,3687.071591796875,3968.082992048805,3843.943350811058,75.1090969749379,124.13964123774713,-13932912.64355424,59616920.0,93.33398282930546,94.45710214687762,34.05923641402642,4214.498475392923,3477.664171091452,71.66628595877839,3074.833577726893
2023-04-26,4078.6637278927515,4095.2317408939716,4018.5867477810975,4035.4833984375,964051,3694.9322900390625,3978.4522853393737,3858.1315024870905,69.16779264748922,120.32078285228317,-14471906.96860702,58652869.0,81.68447199798585,90.13393680460217,34.37284377128615,4229.255922602031,3503.8388772026565,72.02190789835666,3076.9026958010504
2023-04-27,4036.4214464475717,4151.459274330964,4030.7892304757843,4137.9892578125,667011,3705.4917529296877,4002.996434950624,3878.861706585269,74.59446451833011,124.13472836535493,-13953808.638246553,59319880.0,96.43487131108417,90.48444204612518,35.175969900471806,4252.098152315457,3535.469547879856,75.49677475241545,3078.4126961170205
2023-04-28,4127.804970185735,4167.5591266006395,4120.9521645343775,4160.2841796875,457064,3716.761826171875,4027.1945495255277,3899.7078157039527,75.60036323178528,127.48673382157494,-13639432.176266294,59776944.0,98.10791059664197,92.075751301904,36.05637028558445,4267.656654645038,3578.5236432065244,73.43321670340448,3079.487869776443
2023-05-02,4167.793642542742,4230.264129977907,4152.867901476821,4222.28515625,522701,3728.2984814453125,4057.2084890216,3923.6024335221787,78.18691007407895,133.60605549942147,-13224504.323028665,60299645.0,98.0502339319442,97.53100527989012,37.34984565861362,4281.433205047449,3631.057053741614,73.71628897466744,3080.774660068092
2023-05-03,4209.6123473891275,4214.728460552955,4163.146562754105,4175.208984375,351550,3739.0325439453127,4075.3624113836618,3942.239955807573,71.95019035457038,133.12245557608867,-13411634.45862731,59948095.0,82.54457820203794,92.90090757687472,38.550929933569286,4287.357914457979,3678.5022662060837,72.675025011898,3081.625009360121
2023-05-04,4174.223339421863,4196.0014272616845,4165.258911211837,4184.45556640625,191019,3749.4014599609377,4092.1459736948295,3960.1818528889567,72.41561592370472,131.96412080587288,-13364096.15429764,60139114.0,85.27685882977302,88.62389032125174,39.66622247459954,4284.204653794686,3735.4385102678134,69.67984580032298,3082.085479967369
2023-05-05,4189.5244140625,4228.198693079968,4156.012541916262,4189.5244140625,180033,3759.84921875,4107.127272212932,3977.1701907536635,72.68320156994301,129.95708145926892,-13376971.249884056,60319147.0,86.90601621421277,84.90915108200792,40.94828852566725,4289.129026697802,3774.572145177198,69.85886761199315,3082.5227975712733
2023-05-08,4200.694874369745,4278.607203883194,4191.49577061095,4270.3935546875,365732,3772.1452783203126,4132.245161824404,3998.8904399339476,76.58567101229902,133.3547218904564,-13080208.252799012,60684879.0,97.71510600772834,89.96599368390473,42.479735055102026,4305.736618354012,3807.3496853569254,71.23200491261467,3083.4546226330144
2023-05-09,4292.547555617973,4296.443080898989,4242.608379071575,4251.24462890625,329083,3783.880009765625,4150.552772144688,4017.583342820785,73.89374175416579,132.96942932390266,-13303707.199841661,60355796.0,87.87005361817465,90.83039194670528,44.012336688315656,4309.825161261318,3849.750424676183,69.98934040652894,3084.303743542709
2023-05-10,4275.791154489118,4295.973264219418,4251.713519899674,4276.68310546875,229527,3797.3757373046874,4169.957438809928,4036.7759178317456,75.14366838682207,133.18152097818256,-13274254.210011186,60585323.0,93.52199840672033,93.03571934420779,45.435466776299734,4313.331020708873,3892.6493259708145,68.1850043284317,3084.900958433238
2023-05-11,4312.400756530503,4312.400756530503,4257.1112520841025,4269.12646484375,293197,3810.65275390625,4185.2142120459,4053.9870694622646,74.01008583408432,131.22714258363567,-13440019.272584237,60292126.0,85.27153559799746,88.88786254096415,46.86540049550275,4325.207341737326,3915.551935606424,67.26389719400089,3085.666013553824
2023-05-12,4266.404401642185,4345.114726332779,4240.120722160121,4260.67822265625,620213,3823.9260205078126,4196.824059832108,4069.297525254412,72.68983421563316,127.52653457769611,-13817360.70757108,59671913.0,74.14111217940702,84.31154872804161,48.39754627506899,4340.676707382072,3923.8223892976143,69.95890483533358,3087.284425931279
2023-05-15,4288.933270347932,4326.012032479415,4263.635045502637,4284.755859375,534604,3837.341962890625,4210.352028992553,4085.2574018559367,74.10749416138395,125.09462713661605,-13989931.460161282,60206517.0,81.51494789956386,80.30919855898945,49.8202530703805,4357.6785954336065,3932.747503199205,69.62854090589299,3088.6869972961285
2023-05-16,4302.544450769543,4313.339533388469,4252.323849020624,4260.162109375,321308,3854.210458984375,4218.01511828216,4098.213306116608,70.10446292575894,119.80181216555229,-14228687.054692531,59885209.0,73.98305121215415,76.54637043037503,50.75491363196984,4364.635969620165,3952.449284286086,69.01333686746099,3089.517073241153
2023-05-17,4271.0979894695065,4318.0331322109305,4232.61117242154,4251.7138671875,346510,3870.5091650390623,4223.199541190674,4109.583718047785,68.73103454914865,113.61582314288898,-14420218.761530614,59538699.0,70.28530603582573,75.26110171584793,50.960810612138275,4359.879388837342,3987.253765459533,70.18538136188455,3090.4050592012677
2023-05-18,4261.664078800779,4292.1719206498,4236.60053000288,4241.66943359375,194233,3885.2843505859373,4226.041063098839,4119.367845125264,67.04914537122866,106.67321797357545,-14579018.120597607,59344466.0,53.85255597138395,66.04030440645461,51.15200066515182,4356.745843645507,4014.1224424873053,69.14152488224423,3090.897732614064
2023-05-19,4256.078497045284,4271.238455601662,4190.416052816425,4208.392578125,398571,3899.70189453125,4223.325911564402,4125.962269791911,61.665365242273396,97.36364177249106,-14800288.733035438,58945895.0,28.88197331205904,51.00661177308959,49.86022197864674,4353.132704828104,4033.5855813047096,69.9758733038866,3091.878428272707
2023-05-22,4219.422199635102,4286.7269132380425,4219.422199635102,4245.9873046875,368479,3914.556865234375,4226.812279737186,4134.85301311751,65.07708885261775,91.95926661967587,-14877891.126610802,59314374.0,47.579970082767,43.43816645540335,48.88123170694706,4349.137635678023,4057.758043032915,70.57290629025488,3092.805461549343
2023-05-23,4256.970686332712,4274.2894789590655,4215.808474560589,4222.37939453125,239196,3929.1077001953126,4226.130297397811,4141.336448777787,61.3826904496393,84.79384862002371,-15063335.047983948,59075178.0,35.09576201870194,37.18590180450934,47.860749030870934,4342.7930070336015,4079.685142380461,69.70919901227069,3093.39958494019
2023-05-24,4229.371950712147,4273.162800253721,4216.6994637106245,4240.68359375,395343,3942.3696923828124,4228.369266067379,4148.695496553507,63.13037176388658,79.67376951387178,-15122815.574999569,59470521.0,44.775290192968356,42.48367409814578,46.91315797451453,4335.952124013587,4102.957983408287,68.76306597875823,3094.3853630713097
2023-05-25,4229.465835714063,4366.28175770451,4228.480381194473,4359.33544921875,1016606,3957.9615380859377,4248.517909629129,4164.298456010191,71.98204148567491,84.21945361893722,-14208699.971878298,60487127.0,96.0502199731436,58.64042406160464,47.22483096561124,4333.968340247946,4137.3269722520545,73.69437387384957,3097.076379374368
2023-05-26,4329.625949345042,4378.625960472895,4323.007819597368,4333.00537109375,484972,3972.86908203125,4261.515980623686,4176.7952645349,68.07620483979434,84.7207160887865,-14519321.212648347,60002155.0,75.76079285772046,72.19543434127748,47.636512552524756,4341.704829451598,4149.092094376528,72.40321437396935,3098.3840996958697
2023-05-29,4374.308340576365,4377.311914556249,4325.636508232408,4335.39892578125,301343,3988.6402294921877,4272.882587571004,4188.543683886482,68.2448909852447,84.33890368452194,-14706805.942314306,60303498.0,77.03254030040496,82.94785104375636,48.01878831180159,4349.7543727371785,4158.554025700322,70.922656656103,3099.1960915179684
2023-05-30,4332.207287031931,4351.216018306675,4305.548219778531,4310.42919921875,229574,4004.39166015625,4278.658989362964,4197.572240577761,64.42065112029715,81.08674878520378,-14887306.152461344,60073924.0,63.76558380836099,72.18630565549547,47.69422537079551,4355.98802708468,4161.134775649695,69.11873821839164,3099.8022342005224
2023-05-31,4308.457815255437,4345.208395593672,4273.585098818995,4287.1962890625,719613,4020.108359375,4279.97242008597,4204.211058984038,60.99574232396917,75.76136110193238,-15333410.674472313,59354311.0,51.42143548719192,64.07318653198597,46.40600621163976,4354.388268559455,4173.93326464367,69.29763525812633,3101.666696928616
2023-06-01,4305.829778636234,4383.554187768282,4287.290398185381,4358.96044921875,698733,4035.94240234375,4292.124424567936,4215.673976779201,66.857155740509,76.45044778873489,-14991706.143689826,60053044.0,87.26624415439129,67.48442114998142,45.76571587190524,4364.337061832576,4181.4349596517995,71.23051121867316,3103.5335926036814
2023-06-02,4387.68444821049,4418.473714163628,4362.386226502426,4382.89697265625,606833,4051.988583984375,4306.089431966138,4228.060865362687,68.5545632463664,78.02856660345151,-15154711.183487814,60659877.0,84.40011122747832,74.36259695635385,45.608560819186245,4377.528405941687,4187.580871402063,70.3935650562592,3105.208629202836
2023-06-05,4400.638700783377,4427.814330025576,4382.803347687199,4421.3369140625,234925,4068.9800341796877,4323.819813827117,4242.377609710821,71.11316465810188,81.44220411629612,-14987401.10171759,60894802.0,97.27149832794727,89.64595123660564,45.57318024481985,4402.417001925197,4177.786611356053,68.58052343355335,3105.867389872995
2023-06-06,4428.330296114619,4454.097870367212,4421.336777171468,4436.5439453125,353149,4084.385078125,4341.161987901792,4256.760301236871,72.08097801060318,84.40168666492082,-15012698.024880609,61247951.0,93.34276241806823,91.67145732449796,45.84114269268834,4426.875315973395,4171.85822894848,66.02199270228121,3106.87663565222
2023-06-07,4446.588128321554,4494.414757921925,4446.588128321554,4487.703125,239491,4100.47068359375,4363.706778224593,4273.867177071177,75.10303015774097,89.83960115341597,-14840423.790667187,61487442.0,97.79221660842404,96.13549245147988,46.497148221569724,4460.928835185108,4158.906711689891,65.4397655527915,3107.5801848304895
2023-06-08,4506.571224673118,4533.840356436048,4483.995148346377,4506.38330078125,295499,4118.0751123046875,4385.657012464078,4291.090593642293,76.11948370340062,94.56641882178519,-14870473.937712217,61782941.0,91.36657133464688,94.16718345371306,47.446559477274356,4493.909599498163,4149.651630970587,64.32586859114,3108.4674423540437
2023-06-09,4506.383311110996,4526.236782805938,4444.757566614713,4452.642578125,208197,4135.262758789063,4395.9624841042205,4303.057407307679,67.57240601210992,92.90507679654183,-15038375.121965673,61574744.0,74.46866715619255,87.87581836642119,47.16455971963966,4510.091323552098,4152.666342463526,65.55110770543175,3109.0769357846843
2023-06-12,4458.791521368119,4496.386384941488,4443.208963311697,4477.28369140625,137778,4153.325268554688,4408.473439073764,4315.963057981647,69.27590702040197,92.51038109211731,-14999583.90354455,61712522.0,82.16670687158471,82.66731512080807,46.85847982812508,4529.1285613389155,4152.881887879834,64.66727298574317,3109.4793148404874
2023-06-13,4477.612419311089,4501.079989642908,4455.5061513989085,4464.423828125,247078,4171.430034179688,4417.081191235493,4326.960152066339,67.28920037192992,90.12103916915385,-15149967.755540928,61465444.0,77.2673126999924,77.9675622425899,46.630922002787656,4542.823294321774,4159.613326771976,63.303456218475766,3110.201037136298
2023-06-14,4459.870749025842,4476.157333488253,4423.167379650991,4440.251953125,191238,4187.404877929687,4420.645923833878,4335.352137329944,63.597308825599235,85.29378650393483,-15217891.073212408,61274206.0,64.03976458805818,74.4912613865451,45.460962894584775,4550.282170001188,4171.008259686312,62.566777476960496,3110.748014430484
2023-06-15,4451.234528785759,4472.59001658925,4414.2497316885865,4432.1318359375,178304,4203.115,4422.412987234436,4342.5210038934665,62.35953002230225,79.89198334096909,-15286889.788830362,61095902.0,60.91970574204318,67.40892767669794,44.12344221787744,4553.990084459167,4186.346585462708,62.26488515008213,3111.254974609533
2023-06-16,4407.209621011004,4425.749001205885,4336.806911410189,4357.41162109375,658995,4215.284345703125,4412.412777058946,4343.624012574969,52.276884506461734,68.78876448397659,-15640553.51790771,60436907.0,32.20934825382079,52.38960619464073,41.0568355052609,4546.043265469603,4209.195308749147,64.6263165341699,3113.031904441978
2023-06-19,4360.274506915446,4369.661534917416,4305.501106853751,4315.54541015625,193043,4226.064409179688,4397.510105227761,4341.544116099509,47.629994183191066,55.96598912825266,-15773154.82507797,60243864.0,16.122752608900846,36.41726886825496,38.62220117848915,4541.170583885144,4221.023800880482,64.59303878627675,3113.5337198011043
2023-06-20,4303.952787015532,4383.742533339701,4288.980292453116,4376.23291015625,453523,4237.86203125,4394.236690601375,4344.113656400008,54.011488041921524,50.12303420136686,-15391512.49829051,60697387.0,36.07484365519202,28.135648172637904,36.65275065471409,4531.45467111736,4246.125065210766,66.74798179344165,3114.72981393182
2023-06-21,4391.251852285088,4415.329488278659,4352.765036136373,4365.10888671875,274821,4248.9114990234375,4389.755490004049,4345.66885864584,52.7428131214725,44.08663135820825,-15557890.149240335,60422566.0,31.09065358691594,27.762749950336286,34.16730321336804,4521.199458495505,4268.822807129496,66.44915824693051,3115.4699410863354
2023-06-22,4378.156446902902,4382.803208929127,4319.534734250675,4329.39111328125,180102,4257.072578125,4380.468662815925,4344.463099729945,48.78076298050357,36.00556308598061,-15681877.20146622,60242464.0,16.50363892372051,27.889712055276178,32.46051726671835,4522.048632799895,4264.979199231355,66.2219665634678,3115.941522970897
2023-06-23,4330.329882191774,4369.66143696819,4323.101687451891,4339.24755859375,348409,4263.3919287109375,4374.126954474053,4344.076763349486,49.89922626530146,30.05019112456648,-15788645.433330443,60590873.0,20.52897696871385,22.707756493116786,30.87564460197221,4521.800610670749,4265.8514401105,64.81752248867005,3116.8528452532773
2023-06-26,4341.265701996125,4372.43081777746,4318.5489112740825,4324.509765625,298624,4269.372407226562,4366.493540804968,4342.627356110635,48.20422302475871,23.866184694332333,-16021197.006231865,60292249.0,14.510113488478337,17.180909793637586,29.490129440444463,4522.333930086318,4264.229204679307,64.03640706114916,3117.6293702248818
2023-06-27,4349.855094512244,4391.8620475284215,4327.420187811794,4334.9765625,444793,4276.20052734375,4361.644774911896,4342.060630657996,49.51581308086802,19.584144253900376,-16361678.225613775,60737042.0,18.784716992514664,17.9412691499023,27.7402354932891,4520.823931987183,4268.193939106568,64.27325526416861,3118.79637991796
2023-06-28,4346.1937489892825,4449.451051881037,4336.900683399216,4427.20361328125,769406,4285.71990234375,4371.730750045643,4348.367518259718,59.2964159129957,23.363231785924654,-15896443.824058115,61506448.0,58.25902617988807,30.517952220293708,26.576895747264263,4518.428271085724,4284.5903324299015,67.85905770108776,3120.896614753085
2023-06-30,4484.959225435858,4580.7338076874,4483.991805413115,4538.69921875,587936,4296.407524414062,4397.41820676939,4362.46616274048,67.49508570721564,34.95204402890977,-15819426.504683116,62094384.0,85.59243102738776,54.21205806659685,27.253257963036795,4539.914626989743,4281.077853479008,73.97842460859223,3122.6588884533858
2023-07-03,4532.55600894433,4535.264595777588,4438.570785593749,4460.4345703125,457367,4304.618364257813,4407.113031929868,4369.72308181989,58.57595206547004,37.3899501099786,-16069959.714465335,61637017.0,58.76682504466231,67.53942741731272,26.97001729968185,4544.89293274304,4283.853307491336,75.84628236199644,3123.972130315614
2023-07-04,4461.693073638569,4522.49504567945,4461.693073638569,4474.70458984375,286373,4313.2281884765625,4417.511733147388,4377.499489821656,59.62361496234522,40.012243325732015,-16233766.067195378,61923390.0,63.65794675738302,69.33906760981105,26.70700811228083,4550.177595039931,4283.905412772569,74.86158186235029,3124.798076973985
2023-07-05,4496.519931891228,4740.357951444369,4482.056814090156,4730.73193359375,891033,4326.511733398437,4465.699456292982,4403.664856026997,72.87754126482004,62.03460026598532,-15409144.695509106,62814423.0,97.86741375899474,73.4307285203467,28.341284240265185,4622.706450841749,4240.795355798876,88.48956612936948,3127.671769410837
2023-07-06,4730.68372280059,4777.119882042804,4674.5733637162475,4757.4814453125,888595,4340.13408203125,4510.588993065216,4429.873492270367,73.84361233145924,80.7155007948486,-14860895.071854187,63703018.0,95.97688096824686,85.8340804948749,30.070002062081965,4682.57958566942,4207.900053002455,89.4936341434543,3130.6867890762014
2023-07-07,4716.6562309596575,4753.079499646904,4663.496312774209,4676.50830078125,405959,4352.954580078125,4536.1150404061445,4448.142737345247,66.16126960040995,87.9723030608975,-15148922.709424386,63297059.0,79.38876841640223,91.07768771454796,31.47176220482826,4710.631367794873,4196.860770877001,89.81445545737118,3132.0273530616964
2023-07-10,4691.019601830406,4789.6964422896135,4687.198103863403,4738.375,659388,4364.962294921875,4567.2319572667375,4469.641423467821,68.82951024111134,97.59053379891611,-15149852.597656807,63956447.0,89.75039205218927,88.37201381227948,32.99738618285485,4753.29766986259,4182.767710996784,91.48400446101348,3134.256428334355
2023-07-11,4777.603417596474,4793.033954730489,4745.1948493086375,4757.4326171875,400593,4376.905263671875,4596.493597254547,4490.959289669278,69.62408834333364,105.53430758526883,-15345493.431236994,64357040.0,92.49684725915704,87.2120025759162,34.434527449469755,4794.009080048631,4170.071193388868,88.85364376597605,3135.6301947927673
2023-07-12,4768.413145604282,4786.310415475185,4708.433106036933,4719.51025390625,295827,4386.849765625,4615.419236739424,4507.888990723869,66.0177602824784,107.53024601555535,-15557164.48269759,64061213.0,84.50452720518801,88.91725550551148,35.033112656665224,4823.2610091236,4166.327906892026,88.06961988542434,3136.626330708111
2023-07-13,4760.673446820295,4827.425421587741,4691.841613690494,4707.90087890625,501038,4397.503603515625,4629.647181688167,4522.704686144786,64.90932351946405,106.94249554338057,-15939511.287193334,63560175.0,76.51207311419837,84.50448252618116,35.89515687265145,4848.267786393165,4168.086022200586,91.46349045769736,3138.3151773295963
2023-07-14,4735.472806174249,4746.452645480373,4691.987087414862,4701.2744140625,419873,4407.83998046875,4640.666755899603,4535.93207339795,64.24625910349374,104.73468250165297,-16216192.96261961,63140302.0,75.20989769256894,78.74216600398513,36.69562650178151,4869.826781523098,4173.441284883152,88.82078100111259,3139.702037702784
2023-07-17,4724.8312562263945,4746.549552530108,4664.028812714963,4675.68603515625,250127,4417.563212890625,4646.054337323702,4546.284218713379,61.62823334514463,99.77011861032315,-16395652.004864907,62890175.0,69.65244037835704,73.79147039504147,36.8523853375891,4883.347996372183,4191.747511440318,88.37077805925772,3140.5177172751423
2023-07-18,4687.681744941244,4832.35968791111,4672.638553041642,4702.24169921875,270028,4426.20017578125,4654.698546846018,4557.83662467674,63.29968911904247,96.86192216927793,-16565584.568372486,63160203.0,73.73789001563367,72.8667426955199,37.67787191572737,4894.003138019804,4219.761998698946,93.4672321171299,3141.4201478488944
2023-07-19,4721.977239522676,4749.210019314107,4661.2234496474775,4666.49560546875,247325,4434.5051953125,4656.5134789418225,4565.885438068741,59.54003177968598,90.62804087308177,-16783270.137185734,62912878.0,57.8799500274674,67.0900934738194,38.21300108666748,4901.068113169213,4241.723293080788,93.07575622780841,3142.223314931553
2023-07-20,4670.703456329484,4729.716072492719,4626.2503212704305,4710.07763671875,450566,4443.1730859375,4664.754118599812,4576.566341672445,62.46703451287079,88.18777692736694,-16503744.53168157,63363444.0,68.94730895849094,66.85504966719735,38.01327478436104,4909.31460882569,4267.973672424309,93.81789872741412,3143.6809339647657
2023-07-21,4684.344490963748,4720.429068126143,4677.717569468641,4704.2734375,367833,4451.876025390625,4670.834013815225,4586.02612654856,61.82555156514984,84.8078872666656,-16414177.303986061,62995611.0,65.44435201900005,64.09053700165282,37.82781464650505,4908.479243130307,4306.297270541569,90.16744157956323,3144.8781921131094
2023-07-24,4703.595957228253,4758.7388962578725,4693.099355938358,4723.669921875,288534,4461.135859375,4678.96261505519,4596.221963239407,63.18609227213368,82.74065181578317,-16433951.113740161,63284145.0,68.97263078359349,67.78809725369484,38.01836410776075,4905.001858389726,4348.216891610274,88.41544863241691,3145.830737514406
2023-07-25,4725.362781942774,4749.935154386245,4621.703827981476,4690.97119140625,743269,4469.260166015625,4680.810088339968,4603.240424585099,59.34615682750083,77.569663754869,-16374229.372104134,62540876.0,32.88176433729949,55.76624904663103,36.827360247134095,4887.285678013669,4402.579214564456,91.25943990187064,3148.220888431996
2023-07-26,4730.683868418061,4743.744038606946,4683.232105681003,4711.77099609375,387130,4478.29234375,4685.573304917473,4611.2797261783335,60.97096928596247,74.29357873913978,-16396199.638766643,62928006.0,42.75559585304646,48.203330324646494,35.72142809083791,4861.241904496645,4466.302431440856,89.06318940359004,3149.483336941641
2023-07-27,4739.390258411603,4748.09703782081,4667.12380036598,4692.9541015625,321326,4487.1171484375,4686.708812093631,4617.329679910494,58.685852361858906,69.3791321831377,-16512520.932936449,62606680.0,33.82306744508503,36.486809211810346,34.395985531505445,4842.182205870366,4511.937178895259,88.48533569296434,3150.522829414281
2023-07-28,4696.8242876133745,4740.358189352325,4672.300095159153,4733.1025390625,255158,4496.945810546875,4693.84630855038,4625.905447255087,61.961617449946914,67.94086129529296,-16311767.548246318,62861838.0,52.88184772938896,43.15350367584017,33.16521744069673,4840.685524151768,4532.8741926451075,87.02624701440776,3151.3539318104463
2023-07-31,4736.004579976033,4777.506803238319,4707.513872207431,4770.73486328125,325463,4508.19265625,4705.675316970513,4636.633552145913,64.78048338252154,69.04176482460025,-16049282.790814124,63187301.0,70.74620917241762,52.483708115630556,32.52140671959588,4820.139439803451,4584.4503062902995,85.80958158701348,3152.4375752639558
2023-08-01,4780.7477188437415,4816.445421875145,4739.535532939429,4763.52783203125,391794,4518.543466796875,4714.575703902935,4646.033128433716,63.80529361083256,68.54257546921872,-16196633.87299278,62795507.0,67.32497453294098,63.65101047824921,32.394557489287756,4775.418067442713,4658.054002869787,85.17388925477799,3153.757431911457
2023-08-02,4753.321469456217,4777.071914559237,4664.173808381469,4674.67041015625,249850,4527.589287109375,4708.436427941907,4648.154408561311,53.17644462164573,60.28201938059556,-16400024.706542289,62545657.0,25.143654770613335,54.40494615865733,30.84420265197001,4774.981122723193,4652.884795245556,87.15419046356297,3154.562767413766
2023-08-03,4679.410665257557,4753.563315767852,4649.420644454791,4669.05908203125,418377,4536.156796875,4702.378374724883,4649.702902892418,52.5807645623858,52.67547183246461,-16660612.963573953,62127280.0,22.479913003888036,38.31618076914747,29.156907345050623,4770.109959494622,4648.913722146003,88.36765338138427,3155.8967416198766
2023-08-04,4672.638466904645,4705.724418911444,4546.873870486922,4558.48291015625,451353,4540.13974609375,4680.240610945093,4642.945866393443,42.48179256342699,37.29474455165018,-17045994.836198717,61675927.0,4.066415548790209,17.22999444109721,28.01320020676011,4792.362658064684,4614.85848451344,93.40214588446557,3157.2518446190843
2023-08-07,4589.004957853523,4589.004957853523,4513.014305706652,4517.9482421875,436583,4543.838603515625,4655.272554213156,4633.686783118928,39.4877215323695,21.58577109422731,-17425884.736988176,61239344.0,1.6260482916684786,9.390792281448926,27.34371331918427,4811.094255824466,4574.084210972409,92.15846776035167,3158.5025695317986
2023-08-08,4517.948166870628,4544.939089980194,4486.023307362466,4498.64794921875,487053,4547.103583984375,4631.176461137093,4623.68390653373,38.11043244338393,7.492554603362805,-17704203.526329365,60752291.0,3.820761777674446,3.171075206044397,27.02143542802961,4821.267289742623,4538.0327102573765,89.78399025016427,3159.864851407085
2023-08-09,4498.986283016574,4537.005696459062,4465.707132649594,4514.51318359375,282034,4551.185263671875,4613.228264591963,4615.597186315954,39.96413926153119,-2.368921723990752,-17600115.70180655,61034325.0,13.915233221876653,6.454014430406545,26.943132678853853,4826.789740879756,4512.010552088994,88.46360264725737,3160.6500340993925
2023-08-10,4517.85177527184,4555.00061188297,4477.993879011856,4485.5400390625,330123,4555.152138671875,4593.583922202815,4605.963323556439,37.740979900090785,-12.379401353623507,-17865538.878777612,60704202.0,5.654616853123682,7.796870617558279,26.53915859562807,4833.614610131655,4482.94959885272,87.64525480610426,3161.568231232821
2023-08-11,4485.539303830645,4498.502636307984,4432.331208132378,4449.21240234375,274197,4556.957177734375,4571.372919147574,4594.352144207351,35.104134894615115,-22.97922505977658,-17999833.418250643,60430005.0,4.394837162333336,7.9882290791112425,26.678148912305307,4841.838365883051,4449.519641929449,86.11141004678294,3162.303774565265
2023-08-14,4426.913903138255,4482.734225874858,4393.054203267223,4466.2880859375,154258,4558.625,4555.20602173064,4584.865917668843,37.3209007019536,-29.65989593820359,-17902153.206272766,60584263.0,17.296977228546325,9.115477081334467,27.206106967285027,4845.675626787198,4424.742586103427,86.36631094398663,3162.7131787951735
2023-08-16,4427.881196608501,4464.643155418011,4411.193202148922,4450.71240234375,188763,4559.212509765625,4539.130080286503,4574.928620237355,36.10925669869536,-35.7985399508525,-17811785.455724835,60395500.0,13.61818491798267,11.769999769620796,27.69635373262334,4845.281736320221,4399.983546882904,84.13263757574316,3163.211788244443
2023-08-17,4426.961931591999,4516.351914048503,4426.961931591999,4506.09716796875,311184,4560.60357421875,4534.0480937760785,4569.829994143384,43.17402185818695,-35.78190036730575,-17571999.006465707,60706684.0,26.699411733952267,19.20485796016044,27.13142299345149,4841.871722176708,4387.353717276416,84.50816221008323,3164.059213263075
2023-08-18,4498.067573712153,4498.067573712153,4445.585037525989,4465.17529296875,243546,4560.153017578125,4523.452278267258,4562.077794056374,39.68254481938822,-38.625515789115525,-17633727.25531364,60463138.0,17.034148686091246,19.117248446008745,26.60684444993478,4834.07966835098,4370.655536727145,82.7941599409888,3164.7148919520555
2023-08-21,4453.034076806564,4479.1062336832,4443.1662042633,4460.62841796875,118491,4559.237919921875,4513.787068990565,4554.563025457291,39.302227570192414,-40.7759564667258,-17637075.60253513,60344647.0,15.960230569662244,19.897930329901936,26.152658054819458,4824.786911523461,4355.583791601539,79.44743633233963,3165.0315461491555
2023-08-22,4467.497677340103,4485.491312647515,4451.728446859494,4477.60693359375,96290,4559.73720703125,4508.220894314132,4548.862574208139,41.55473996783101,-40.64167989400721,-17585757.309845377,60440937.0,22.017924653019914,18.33743463625782,25.592864509509102,4808.974339466571,4346.790064830304,76.18425272203113,3165.290868847471
2023-08-23,4488.828866732822,4514.3204785864,4468.513046430799,4508.90283203125,263771,4560.36958984375,4508.325807809073,4545.9025933061475,45.56476365718694,-37.576785497074525,-17384378.720083274,60704708.0,32.13472967727686,23.37096163331969,24.460469629254238,4795.639741282248,4341.917827077126,74.01447982442902,3166.0146455915824
2023-08-24,4536.232074040867,4573.09086802943,4425.414309464507,4479.29931640625,433867,4560.667099609375,4503.8601937471,4540.9690172394885,42.58812118947573,-37.10882349238818,-17501622.32996662,60270841.0,27.583411794221856,27.245355374839562,23.093757651384966,4777.240237251242,4337.070163139382,79.27605687732141,3167.1993021597937
2023-08-25,4473.350279831967,4495.5041043470055,4420.867742487485,4434.70166015625,293384,4560.55609375,4493.220419348509,4533.097361159248,38.506905052367216,-39.87694181073948,-17686248.34658656,59977457.0,21.254042617470468,26.99072802965641,21.739591158611393,4761.224572474991,4327.26058377501,78.94465009033563,3167.9736832279523
2023-08-28,4437.071685303387,4469.480254246517,4436.587975319161,4450.5673828125,283469,4560.9248046875,4486.658413727584,4526.984029429859,40.684619539359275,-40.32561570227517,-17728765.439819552,60260926.0,31.945259384381945,26.927571265358107,20.482150843893073,4732.3639753133075,4327.867665311692,75.78993180461643,3168.722087008645
2023-08-29,4464.643626011436,4518.819149967371,4455.017607359318,4512.5791015625,320941,4564.028154296875,4490.646211856033,4525.916997735981,48.3793999538635,-35.27078587994765,-17470603.09040519,60581867.0,66.38919825200391,39.862833417952125,20.167662575878435,4686.677424038796,4347.73864041433,75.25149147249178,3169.5968947624638
2023-08-30,4536.184174441782,4566.99612338367,4509.725143104288,4522.6884765625,370694,4568.171015625,4495.575791041643,4525.677848019427,49.528894588782066,-30.102056977783832,-17673483.307246026,60952561.0,72.0043739237775,56.77961052005447,20.570013955174428,4631.701265518445,4378.630863387804,73.96716924441255,3170.6345452306127
2023-08-31,4522.6887176737755,4549.8246610305905,4452.260727233345,4463.482421875,479472,4569.916005859375,4490.63834963139,4521.070779416136,43.42939534779099,-30.43242978474609,-18042658.639946714,60473089.0,39.11881988082762,59.17079735220303,19.77974426529954,4595.434806021453,4393.778524056671,75.65265242675774,3171.930477341053
2023-09-01,4471.802076724052,4545.906542588808,4468.51294322573,4516.35205078125,456071,4572.940869140625,4494.594303654445,4520.721243961701,49.4196119529099,-26.12694030725561,-17934909.639287535,60929160.0,68.4848542805875,59.86934936173089,19.04592241041572,4549.748401983157,4424.194224969968,76.13632873297563,3173.1811079449217
2023-09-04,4530.428080981939,4536.619474809329,4471.802331647726,4486.07177734375,328037,4576.074482421875,4493.283145760492,4518.154616804815,46.38982131301583,-24.871471044323698,-18118512.437795002,60601123.0,46.25055882528529,51.28474432890016,18.364516402309313,4536.884944612796,4429.816569059079,75.32781547787764,3174.071079076901
2023-09-05,4487.861289743341,4580.73360787556,4484.330301288964,4548.421875,353620,4580.25796875,4501.766027181954,4520.396635930384,52.80581344014415,-18.63060874842995,-18001939.804405645,60954743.0,79.7882225845255,64.84121189679945,18.445847449694565,4543.730837646526,4426.018039306598,76.83320769992895,3175.0578180370817
2023-09-06,4548.325183306156,4556.54825340253,4514.659155860811,4531.20166015625,224928,4584.391806640625,4506.294586101077,4521.197008095263,50.990740842175086,-14.902421994186625,-18049214.30387564,60729815.0,69.01655797560609,65.01844646180565,18.5213691365523,4548.508403192364,4424.49584485451,74.33719983148538,3175.6830145506365
2023-09-07,4526.558040068209,4571.059358692518,4503.339960785962,4563.513671875,319934,4588.962548828125,4515.097522373988,4524.331575782651,54.17374184950042,-9.234053408663385,-17800578.095672518,61049749.0,89.22850981430068,79.34443012481078,18.824017500561943,4558.594089727971,4419.310207147029,73.86449969399041,3176.579032361223
2023-09-08,4563.514025707111,4628.7180422724105,4549.486435053123,4604.48388671875,209769,4592.508154296875,4528.84927073472,4530.26878400014,57.90675857502862,-1.4195132654194822,-17719130.98020191,61259518.0,88.34057223937761,82.19521334309482,19.918943347701706,4580.78130405901,4409.017377581615,74.24786451722589,3177.1865637219717
2023-09-11,4623.2999168893775,4653.2899351826545,4607.821197770267,4649.80712890625,151600,4594.7303125,4547.458171991879,4539.123476215407,61.63041851175331,8.334695776471563,-17590755.43997585,61411118.0,98.50151733101823,92.0235331282322,21.233897520615017,4611.489644240349,4398.368510056526,72.43059194198865,3177.638536427378
2023-09-12,4686.134273230454,4691.841956725737,4607.434562170975,4663.544921875,305478,4598.79251953125,4565.317671973898,4548.339879597599,62.70728611624114,16.977792376298567,-17490096.50014777,61716596.0,89.55729609539267,92.13312855526287,22.881214173092047,4640.088462652714,4389.495375237911,73.28607784290101,3178.5592108323945
2023-09-13,4662.964511031239,4685.215171561056,4643.857965576287,4651.6455078125,207142,4602.331337890625,4578.598877487529,4555.9921483542585,61.10749592179459,22.606729133270164,-17619229.019793235,61509454.0,85.16595055871458,91.0749213283752,24.41086535039215,4659.820153717124,4389.856994720376,71.00544413874874,3179.185380461598
2023-09-14,4658.078944637847,4699.726185139075,4631.571259725671,4686.666015625,249498,4601.45001953125,4595.224591047139,4565.671694078017,64.01703080102075,29.55289696912223,-17465350.99600648,61758952.0,95.03676432129981,89.92000365846904,25.992524893733506,4685.726661712469,4382.007371490657,70.801835658367,3179.9452020336794
2023-09-15,4735.424371513866,4981.245903976525,4733.586367868934,4963.3486328125,1689829,4605.56736328125,4651.859059011041,4595.129245095386,78.01230644735566,56.72981391565463,-16019755.093662735,63448781.0,96.61667813184974,92.27313100395475,29.211672103612745,4796.5292665350025,4321.022100652497,86.78598227930688,3185.8268519949474
2023-09-18,4957.060060580398,5103.04364353389,4928.279315693149,5007.99462890625,804973,4612.19708984375,4706.649146687227,4625.711866118413,79.40432737556083,80.93728056881355,-16090382.868685644,64253754.0,85.39466660127505,92.34936968480822,32.564756475598344,4889.399041136129,4282.888947145121,93.07014981940927,3188.8110711692216
2023-09-20,5007.365597951969,5091.8698239917,4997.788235042545,5014.08935546875,622924,4617.711376953125,4753.947640345923,4654.480569033252,79.59424928087364,99.46707131267067,-16497444.036142267,64876678.0,86.33118881318961,89.44751118210483,35.67833482101354,4964.190092611159,4261.74613785759,93.14239547153397,3191.140819433279
2023-09-21,4999.626601782708,5016.6046339753775,4907.818537490062,4919.5244140625,640829,4620.953212890625,4779.420990148474,4674.113446442827,68.96742063922605,105.30754370564682,-17000360.831910335,64235849.0,71.0779589731019,80.93460479585555,36.92065807984608,5005.386560070203,4261.611828601672,94.25980268680406,3193.4191002348234
2023-09-22,4886.438541810069,4918.508421134904,4833.424113437734,4838.11572265625,498375,4623.325322265625,4788.450948995824,4686.261763199377,61.370976950435214,102.18918579644651,-17443774.32825446,63737474.0,58.03064281613179,71.81326353414113,36.9316924561333,5026.4477277964415,4276.432301500434,93.67698111094418,3195.101577793581
2023-09-25,4837.099930720049,4895.290148412003,4830.182972293727,4842.37255859375,539731,4626.014755859375,4796.7465812416585,4697.825525821183,61.60909674066052,98.92105542047557,-17781404.792014163,64277205.0,57.86884375334037,62.32581518085805,36.89416812831292,5041.775953415869,4301.871165724757,91.636280754325,3196.911784034532
2023-09-26,4847.741862669796,4936.6963250719255,4837.245260669744,4904.0458984375,450923,4630.070185546875,4813.254168502557,4713.101108977947,64.9775004977075,100.1530595246104,-17626563.657357216,64728128.0,66.8173214837445,60.90560268440558,37.145051521078884,5063.011976048761,4325.982994654363,92.19447958631473,3198.454514954656
2023-09-27,4900.175856760227,4902.448915807893,4854.513444893719,4868.9765625,257406,4633.93599609375,4821.826844502164,4724.647438868469,61.66432419125819,97.17940563369484,-17728640.287286855,64470722.0,60.96954416531829,61.88523646746774,37.378014671504424,5078.380834250124,4346.25388254675,89.14719201184805,3199.3249079280477
2023-09-28,4883.342774484683,4961.75245352371,4817.896902107143,4843.4853515625,580065,4636.760869140625,4825.158922511447,4733.450247216175,59.297502422595144,91.70867529527186,-18102346.00831346,63890657.0,53.110845998420736,60.29923721582787,37.99701948004694,5087.832580892782,4368.881823404094,93.05493196932794,3201.2819398236356
2023-09-29,4865.154948026403,4916.9119155585995,4841.840032663464,4898.724609375,248079,4641.40544921875,4836.476720490455,4745.692792561273,62.64360032367524,90.78392792918203,-17974468.835061926,64138736.0,58.77415450156467,57.61818155510125,38.57180965940784,5095.230121481098,4405.008501565777,91.77042846402851,3202.1232340490956
2023-10-03,4899.982211357361,4907.721571217353,4834.294489020287,4853.01416015625,464531,4644.2641796875,4839.0209419775,4753.6425234942335,58.36756303936794,85.37841848326661,-18202142.60766668,63674205.0,49.551069021967066,53.81202317398419,38.961926314916994,5097.340220833064,4436.564613151311,90.46018944495975,3203.676862276326
2023-10-04,4847.983418257565,4855.6745961167635,4743.308386533498,4758.35205078125,256544,4645.345751953125,4826.610343331923,4753.991377367345,50.65602118819272,72.61896596457791,-18389994.038697973,63417661.0,26.890396004010704,45.07187317584751,37.763828083431044,5084.952274565672,4476.1805867624535,92.02490516912442,3204.4927715624326
2023-10-05,4774.217452543841,4875.119164364708,4764.640089514863,4847.78955078125,657876,4647.82814453125,4829.868682939512,4760.9393902128195,56.503303825580225,68.92929272669244,-18057600.43235971,64075537.0,45.86022394548787,40.76722965715524,36.838768564468936,5081.681809099991,4509.387819806259,93.79220577014826,3206.6385570501416
2023-10-06,4953.190586744702,4953.190586744702,4834.681632276689,4851.224609375,279352,4651.033212890625,4833.154210083433,4767.6271842248325,56.71545816909615,65.52702585860061,-18258961.46941328,64354889.0,31.840824164130673,34.86381470454311,36.66332415356072,5071.34709143847,4551.724832389656,95.55768781999575,3207.576316864409
2023-10-09,4795.548769665903,4903.56158262738,4795.548769665903,4844.16162109375,244083,4653.681025390625,4834.847657931175,4773.296401770678,56.109460754771526,61.55125616049645,-18283337.74592863,64110806.0,28.035404536437166,35.24548421535193,35.88333306203873,5059.286278600034,4591.850440149966,96.44733961581584,3208.3791862325784
2023-10-10,4844.161658658579,4899.014558002481,4839.228194881278,4873.3779296875,307502,4657.289501953125,4840.7753920475325,4780.709848283035,58.103653008047544,60.065543764497306,-18239551.886819545,64418308.0,37.31610246460469,32.39744372172421,35.159055619911165,5050.158764525401,4627.867358521474,93.82869843762921,3209.4035846068787
2023-10-11,4890.308201754145,4929.005002559321,4885.4711016534975,4899.40185546875,575680,4660.61548828125,4849.794847958489,4789.50184881531,59.853406854766604,60.29299914317926,-18446799.185430646,64993988.0,57.11511606775626,40.8222076895994,34.7732010194762,5045.217130139073,4657.768465564052,91.10001089721433,3211.3572710511003
2023-10-12,4919.330198157122,4983.179911643527,4886.534757977341,4940.2265625,472168,4664.005322265625,4863.707419426413,4800.666642421583,62.49931605377061,63.04077700483049,-18394335.561471112,65466156.0,82.0931854567464,58.84146799636915,34.892280190508195,5042.169875216438,4688.483884549186,91.49609252356946,3212.9865495468744
2023-10-13,4924.119383160461,4956.527951615177,4875.796567515341,4887.79248046875,387366,4666.490615234375,4867.412813432927,4807.120408202854,57.277896673223644,60.29240523007229,-18666583.78245809,65078790.0,60.23394976497405,66.4807504298256,34.808861873136216,5024.391778269752,4729.876678761499,90.72718477901707,3214.2977324275907
2023-10-16,4870.959666856527,4933.261419957998,4868.057406876275,4911.30126953125,158560,4671.223232421875,4874.164883601899,4814.837509041995,58.93440163378726,59.327374559904456,-18614827.069160737,65237350.0,70.03452490690329,70.78722004287461,34.58607692681509,5007.353491817586,4769.37849060429,88.90410108635321,3214.833060147235
2023-10-17,4917.395832193654,4982.2129718271335,4904.81937226477,4973.748046875,318565,4677.31701171875,4889.485370259299,4826.608659992588,63.034558456087076,62.87671026671069,-18365948.162910737,65555915.0,96.067951473523,75.44547538180014,34.837395537872816,5009.262386516486,4768.509537311638,88.08192240606822,3215.938981564562
2023-10-18,4982.212865852134,5029.374589582288,4958.656095011799,4969.97509765625,360985,4685.54685546875,4901.8684052434455,4837.228396115822,62.627699031246,64.64000912762367,-18611376.68240522,65194930.0,79.2357533700313,81.77940991681922,35.46327167879197,5000.799498613494,4773.170472089631,86.84167756066965,3217.2138091028046
2023-10-19,5127.326062164883,5315.972964452082,5074.117961519776,5303.97705078125,2838352,4701.267431640625,4963.731273787724,4871.8023705354835,76.86419299773993,91.92890325224016,-16054586.983342726,68033282.0,97.90524608411565,91.06965030922333,37.524933124003155,5110.4261743899515,4692.5325658444235,105.35283393460983,3228.555492359734
2023-10-20,5272.439078477073,5330.484279341041,5259.765781813829,5310.45849609375,763919,4717.503642578125,5017.073923373267,4904.295416873133,77.04691957824073,112.77850650013352,-15723315.079856632,68797201.0,96.58947455224381,91.24349133546362,39.48939067978926,5195.831701573027,4646.220446864473,102.87895276265284,3231.6904636795484
2023-10-23,5275.389460877402,5314.424952491319,5219.279100677158,5229.2919921875,451167,4731.79921875,5049.722857036994,4928.36923726679,69.63031543890257,121.3536197702042,-16079522.895868871,68346034.0,82.7662735488515,92.42033139507036,40.65653125018353,5243.270688558376,4637.899086832249,102.32658840918918,3233.496521827719
2023-10-25,5209.5568851831795,5247.2380844718455,5158.573660421669,5173.0849609375,620266,4745.5501171875,5068.701642252457,4946.496327909064,64.9665358242252,122.20531434339227,-16496756.700663753,67725768.0,72.18327567313322,83.84634125807621,40.82126990484922,5272.409441344093,4641.831574280908,101.35071952640257,3235.8989977972105
2023-10-26,5160.07327851932,5173.23028503739,5065.411136732024,5088.00048828125,746266,4758.32587890625,5071.670695487655,4956.978117566264,58.57113664447879,114.6925779213916,-16930320.081728376,66979502.0,54.670462761567414,69.87333732785073,39.74807448960309,5285.584974879527,4647.051499729848,101.81275015347138,3238.65785782514
2023-10-27,5093.466241346003,5246.995982527244,5093.466241346003,5198.4794921875,843465,4772.96970703125,5091.179741133786,4974.867108278949,63.583984201875914,116.31263285483692,-16619936.961624263,67822967.0,75.32323340551719,67.3923239467393,39.24381756716078,5314.048900328714,4651.537867249411,105.89723187436589,3241.8839018671338
2023-10-30,5212.459052996116,5221.891398164399,5103.1405910457515,5135.93603515625,360967,4786.6741796875,5098.065324829549,4986.79813989949,59.21575360487497,111.26718493005956,-16781527.24391646,67462000.0,60.39779448253825,63.46383021654098,38.7755789963215,5328.601865707471,4666.22997023003,106.81534439181458,3243.242762407136
2023-10-31,5166.0227062436015,5191.320644309868,5120.167093550429,5140.91796875,400987,4799.370595703125,5104.65803927885,4998.214423518047,59.45469922832709,106.44361576080337,-16948630.450210027,67862987.0,59.0062079263171,64.90907860479088,38.34078603768502,5343.094362329472,4675.956809545529,104.26807341807346,3244.747763417803
2023-11-01,5132.162887135573,5271.955071337476,5132.162887135573,5170.23095703125,619765,4813.471708984375,5114.746180471527,5010.956388963469,60.90601986233778,103.78979150805753,-17230847.861643586,68482752.0,65.34515361193651,61.58305200693065,38.47811552752732,5357.843854035006,4692.928997527494,106.80550990263266,3247.118731533814
2023-11-02,5208.492475229459,5217.151073231383,5112.814731121678,5145.12646484375,304362,4827.161669921875,5119.420070374946,5020.894913102749,58.95952678938863,98.52515727219634,-17346695.223306414,68178390.0,59.91629692510699,61.422552821120235,38.3225228329895,5357.196042780298,4732.254250188452,106.62914077456638,3248.2612057550587
2023-11-03,5182.468927235505,5201.8655092385125,5143.385253806378,5194.02978515625,448715,4841.490126953125,5130.898488033608,5033.719718440046,61.538186248268765,97.17876959356272,-17018226.17317757,68627105.0,70.49165991208959,65.25103681637773,38.178043902347234,5367.227078232893,4756.847238173356,103.18993467867836,3249.9618835586934
2023-11-06,5204.719503227107,5250.6719523727,5201.9140797538785,5230.69482421875,394137,4855.925966796875,5146.25177052363,5048.310467016247,63.395212370751466,97.94130350738305,-16947061.646598157,69021242.0,76.55680478625632,68.98825387448433,38.39131439186451,5378.502864407189,4783.518473483436,99.86509414566203,3251.4903307847617
2023-11-07,5230.694672502831,5267.601649271515,5229.19488815039,5242.44873046875,202689,4871.188955078125,5161.051302822879,5062.691079123839,63.99536460000344,98.36022369904003,-17009858.191871565,69223931.0,76.32359444965093,74.45735304933231,38.70590138001396,5385.368754163614,4816.481294664511,95.47521321533794,3252.282841889786
2023-11-08,5256.960577549792,5258.169852618238,5205.929169661358,5221.74658203125,202145,4886.929853515625,5170.389038085705,5074.472968228091,62.06522058505369,95.91606985761337,-17089592.432955913,69021786.0,58.97822908819589,70.61954277470107,38.59588845677778,5387.153170225895,4849.533743836605,92.38703248259094,3253.065549594984
2023-11-09,5245.157474257009,5277.276006638009,5206.799366410224,5242.35205078125,232773,4902.765546875,5181.4602708080965,5086.908455824621,63.2532094620424,94.5518149834752,-17087515.8438623,69254559.0,66.75173210973477,67.35118521586055,38.64495198686841,5389.59931933366,4881.38261426009,90.82200446439049,3253.972247878542
2023-11-10,5233.694149458574,5250.236653975808,5174.777892079722,5216.376953125,149325,4916.84150390625,5186.83206808762,5096.498714883908,60.67371401716439,90.33335320371225,-17072200.459246915,69105234.0,60.625478121625356,62.11847977318536,38.12018950642456,5389.0719950531475,4909.524977603103,89.72462999522587,3254.5451777025855
2023-11-13,5257.9273036799295,5262.570730380709,5219.762398607419,5248.44677734375,93497,4931.356669921875,5196.311254127025,5107.754126917971,62.69639360933144,88.55712720905376,-17040399.263890278,69198731.0,86.39263351821765,71.25661458319261,37.74689134587895,5378.233118588299,4956.429283755452,86.6152833709747,3254.9091892089173
2023-11-15,5344.99545028107,5374.018050011103,5283.177407330709,5356.314453125,640468,4949.213310546875,5220.927130895943,5126.166002933306,68.55478238630153,94.76112796263715,-16649568.143504642,69839199.0,94.26338292360512,80.42716485448274,38.28390323489371,5380.715112714351,4998.448607988775,89.3978540350017,3257.5171413641337
2023-11-16,5340.158087753754,5401.395581223896,5317.859247006816,5370.05126953125,324712,4966.287294921875,5243.8693060706055,5144.231578236857,69.21777222572996,99.63772783374861,-16568531.527006485,70163911.0,89.82094018547382,90.15898554243222,38.96436416553353,5388.724521433118,5030.069521535632,88.97917404800731,3258.8528863091137
2023-11-17,5375.855768646068,5490.059975955749,5300.8325412687245,5448.025390625,531539,4985.5263671875,5275.277934463589,5166.734823598941,72.73217722819408,108.54311086464804,-16273142.44352441,70695450.0,89.1360870067219,91.0734700386003,40.116449454144345,5405.918073960076,5060.680998305548,96.1397640936514,3261.0875216423215
2023-11-20,5427.274235665489,5491.027589844361,5423.35637372038,5466.06787109375,679425,5003.879287109375,5304.630232406691,5188.90764193189,73.48648656268351,115.72259047480111,-16094913.014801404,71374875.0,93.40061603539719,90.78588107586432,41.19149517494255,5439.8268142479155,5042.98134004896,94.10629638153203,3263.9996157362098
2023-11-21,5456.73271880576,5521.404842755094,5456.24900878725,5500.7021484375,746193,5023.269296875,5334.795142565277,5212.003531302676,74.9206850458678,122.79161126260169,-15822912.566417048,72121068.0,94.93313868149396,92.48994724120438,42.357734108879086,5477.859097337443,5023.973422193807,92.03840620912574,3267.236405622313
2023-11-22,5494.945353553653,5577.079213395369,5476.854411415807,5564.1640625,497403,5043.2823046875,5370.08266870908,5238.089496576552,77.33950271629197,131.99317213252834,-15453702.083118038,72618471.0,97.21814797631762,95.18396756440295,43.72535762809804,5532.070479339532,5003.249247222969,92.62314876415692,3269.4338418473294
2023-11-23,5611.03572897768,5751.311622202122,5594.686426241988,5732.205078125,1118718,5065.836728515625,5425.793808619222,5274.690650765326,82.2274280106065,151.10315785389594,-14607926.563998446,73737189.0,96.85709568289627,96.33612744690265,45.655864772581126,5624.490297648015,4966.7414406332355,99.37489240258299,3274.693518686952
2023-11-24,5746.47498356148,5765.823384179533,5707.778182325376,5737.0908203125,297211,5087.58240234375,5473.685656572034,5308.942515176227,82.34665704146548,164.74314139580656,-14604956.3889659,74034400.0,95.138688264933,96.40464397471567,47.492545753943354,5694.54603890794,4961.5947325764355,96.42277164912396,3276.1124772223898
2023-11-28,5775.30352993025,5842.877909098436,5719.386844787997,5802.72998046875,380535,5110.366103515625,5524.307860248452,5345.519364457155,83.90852638973568,178.78849579129746,-14471851.307987273,74414935.0,93.99073078775844,95.32883824519593,49.418156083579696,5773.4392711482515,4943.126549164249,98.3562211249322,3277.9647826216883
2023-11-29,5814.193902982305,5897.778892237762,5778.689401846831,5872.19091796875,406974,5134.77701171875,5577.828330666959,5384.532072124681,85.3823873060533,193.29625854227834,-14239764.952664774,74821909.0,96.46086599279684,95.19676168182946,51.34544418016461,5853.207816416349,4936.983492177402,99.83716892964641,3279.9910009962596
2023-11-30,5896.424836809331,5929.22027998326,5834.509957472858,5892.11962890625,501833,5158.886083984375,5626.180838088389,5422.131150404797,85.78467858644264,204.0496876835914,-14131095.665730676,75323742.0,95.08237452297631,95.17799043451055,53.21081846920108,5923.276793559789,4942.034681049585,99.4709656139861,3282.5197869483104
2023-12-01,5852.890833778189,5891.587632679201,5807.712132112043,5849.0693359375,439023,5176.600498046875,5660.471376219021,5453.756201184998,80.62284638764098,206.71517503402356,-14137173.083950793,74884719.0,89.37613456893833,93.63979169490386,54.44083662398994,5973.556736806869,4959.638575693131,98.39500355543045,3284.6976480978947
2023-12-04,5892.119812681347,6015.127646098149,5889.121188518394,5999.64892578125,359158,5196.433583984375,5712.652537690134,5494.192699303238,84.20328087776599,218.45983838689517,-13866253.517731983,75243877.0,98.05388526017045,94.17079811736171,55.93009883828874,6043.987607141573,4974.659951452177,103.22809688437462,3286.558775409743
2023-12-05,5992.247689881072,5992.247689881072,5912.000483932201,5940.0556640625,565826,5214.95291015625,5747.637634055113,5527.219585581702,78.05620056096089,220.41804847341155,-14036443.304241365,74678051.0,89.74356751873384,92.39119578261425,57.31298518013763,6092.082489955983,5001.167656528392,102.11526438185138,3289.463924630804
2023-12-06,5890.668261126399,5897.392018732135,5792.765645551575,5872.19091796875,699201,5234.006240234375,5766.799677734134,5552.773017610372,71.64204343801192,214.02666012376176,-13674072.002513528,73978850.0,79.98912114012981,89.26219130634473,56.65169030829632,6121.5118715941835,5035.887884265191,105.34203253392805,3292.918520729266
2023-12-07,5872.190925115556,5953.937911039007,5865.564003971416,5895.0703125,427407,5255.14533203125,5786.533621544268,5578.1283727873815,72.46357586609587,208.40524875688607,-13816073.42913244,74406257.0,83.19219426446735,84.30829430777703,56.31041261895802,6147.792320703396,5074.869593359104,104.13002357204684,3295.0674095251966
2023-12-08,5915.773323451499,5920.6104234706745,5851.0043652455215,5877.75390625,233266,5275.852958984375,5800.567511498996,5600.322856747575,70.79197822922815,200.24465475142097,-13870051.631746555,74172991.0,76.78600732067072,79.98910757508932,55.77677988637616,6161.16940611805,5127.093240366325,101.6640260472687,3296.2289634166486
2023-12-11,5886.75051264998,5944.79571080265,5822.223411754382,5938.41064453125,175955,5296.54025390625,5821.774147350112,5625.366396583403,73.13018361393,196.4077507667089,-13712428.413796948,74348946.0,86.27304812793872,82.08374990435895,54.847544444624084,6176.446213103951,5181.422292755424,103.15747411876866,3297.1107703707557
2023-12-12,5963.176520591396,6094.697450613673,5949.584459359827,6050.43798828125,810900,5320.169482421875,5856.953199801056,5656.853181153614,76.8208712460213,200.10001864744208,-13396177.413796946,75159846.0,92.83645529293585,85.29850358051512,54.74593625684857,6195.371679225822,5245.902930149177,106.95242640188683,3301.369006895336
2023-12-13,6055.952582429253,6122.80140132024,6021.560989135323,6110.32177734375,373989,5345.5062109375,5895.93298096147,5690.4434475380685,78.51934930253499,205.48953342340155,-13114389.581109833,75533835.0,97.63694942097771,92.24881761395079,54.772132508757714,6215.087299836811,5312.374809538188,106.54442538638897,3303.366718393141
2023-12-14,6118.931755627295,6152.791457041833,6079.4612069275745,6128.4609375,419212,5370.1009375,5931.706512736629,5722.889187535248,79.02081815911241,208.8173252013803,-12973361.434083976,75953047.0,94.53263061482026,95.00201177624463,54.92463243535547,6239.566326479934,5365.110431332566,104.17198429552253,3305.6309985035427
2023-12-15,6161.449527265577,6193.51940438208,6052.324272635819,6070.75390625,553522,5394.455732421875,5953.098419430994,5748.656944477082,73.16863728034195,204.4414749539119,-13382385.42581382,75399525.0,74.10734705982166,88.75897569853991,55.23626238244385,6241.469274597659,5433.277746886715,106.81649482771812,3308.599562450288
2023-12-18,6070.754336594619,6275.411854162221,6058.129221830464,6255.0478515625,851061,5424.3896484375,5999.552178220456,5786.167382038965,78.61545909487471,213.38479618149086,-12690849.448412584,76250586.0,95.90032572419516,88.18010113294572,55.83630328222247,6279.41171736226,5476.037550215866,114.70693322086375,3313.2991376736477
2023-12-19,6259.207561901191,6259.449416907448,6187.521643572348,6209.869140625,377109,5451.631240234375,6031.908633975001,5817.552697489782,74.61653669540445,214.355936485219,-12833627.761522932,75873477.0,86.4201329321754,85.47593523873077,56.39348411773119,6294.377273093175,5535.452121438076,111.6512789433092,3315.3930482471874
2023-12-20,6224.38006109068,6255.337500001918,6143.1167839486825,6157.09619140625,385863,5477.748671875,6051.168258195194,5842.704067409521,70.12912752554811,208.46419078567305,-13123356.352663154,75487614.0,75.48604741005701,85.93550202214256,56.17504937254917,6289.932124650117,5605.536674178009,111.69195302258962,3317.5075667931746
2023-12-21,6126.86476290941,6138.280130388645,6028.961666285585,6042.84423828125,397717,5501.72232421875,6049.887639746895,5857.529265251871,61.50512561005271,192.35837449502378,-13420059.586476417,75089897.0,51.81405929812554,71.24007988011935,54.346644927079396,6266.9511060837585,5676.385710322492,112.86642245816643,3319.5963977172687
2023-12-22,6083.136953919219,6186.650893815746,6060.160728942186,6164.4970703125,237213,5527.54470703125,6067.519859833911,5880.267621182288,66.26249279571103,187.25223865162297,-13265938.816452218,75327110.0,77.01944366889312,68.10651679235859,52.96338136239371,6278.39903559475,5708.16698003025,115.07643910647566,3320.871090010778
2023-12-26,6171.994382379539,6264.0442979356,6162.5133832615475,6253.9345703125,302139,5554.635361328125,6096.199046061386,5907.946654451193,69.2693803917162,188.25239161019272,-13023969.52937408,75629249.0,95.55009788400784,74.79453361700887,52.13650970528574,6300.338343473677,5737.912047151323,114.10890164701688,3322.5446763700274
2023-12-27,6259.207685584028,6520.652952512789,6254.564258321385,6491.0498046875,1017894,5585.651826171875,6156.94531661925,5951.139480394624,75.50301485735349,205.80583622462564,-12232562.916551825,76647143.0,95.761469683378,89.44367041209301,52.458285175239176,6384.479522894264,5722.602850152611,125.00957882939346,3328.5468747883915
2023-12-28,6491.049461430038,6519.104641226485,6448.821673211028,6484.90625,406228,5617.5941015625,6207.400844831673,5990.677759624652,75.07807438666154,216.72308520702063,-12221660.96675782,76240915.0,94.88184556541344,95.3978043775998,52.757076683053086,6453.50548074707,5714.848425502931,121.1005351998266,3330.983811334029
2023-12-29,6510.688234935613,6611.299912107447,6448.8215387254495,6575.79541015625,345626,5650.883984375,6264.076931804684,6034.0198078121775,77.12889638722056,230.0571239925066,-12027086.195742417,76586541.0,95.50049938943677,95.38127154607609,53.33752215657534,6533.920574074983,5702.800910300018,124.05609506998167,3333.0943093636397
2024-01-01,6549.433464494265,6574.10267473719,6464.34868570719,6482.7783203125,253274,5681.06458984375,6297.723299267425,6067.261179108497,70.71538834096626,230.46212015892797,-12195301.833558436,76333267.0,80.57751390551769,90.319952953456,53.876507239131705,6575.17036745703,5724.92201535547,123.15542573991581,3334.6207340594146
2024-01-02,6492.355480745746,6517.314727261177,6347.19430180852,6447.90234375,361379,5710.623134765625,6320.82776764936,6095.456820933794,68.41819037834658,225.37094671556588,-12128821.90489736,75971888.0,72.29323655051157,82.79041661515537,52.92889842848316,6610.569628883139,5734.348095726236,126.51006857654014,3336.7484126784116
2024-01-03,6427.586712274624,6829.840234841578,6388.841729921098,6758.8798828125,1256275,5739.72119140625,6388.220400751381,6144.5992699618455,75.92740780144383,243.62113078953553,-11276837.238087514,77228163.0,91.13968648742569,81.33681231448502,53.17650941207379,6706.56534587185,5720.234800612525,148.97352831539303,3344.649558167073
2024-01-04,6796.125709383861,6799.947207450818,6662.621745270698,6696.62646484375,619987,5767.44455078125,6435.667487534823,6185.490173286431,72.22516357980604,250.17731424839167,-11589780.17299949,76608176.0,83.36654578758218,82.2664896085065,53.40643389683652,6764.3588984821545,5744.884802689721,148.14152359144492,3348.606010014628
2024-01-05,6723.568668079861,6853.20294168025,6695.029779488731,6751.14013671875,659306,5797.881513671875,6484.201741255427,6227.390170577713,73.44617707459386,256.81157067771346,-11781321.671470437,77267482.0,87.6173630212064,87.3745317654048,53.775375718071,6822.738507959148,5772.112175634602,148.85806920573592,3352.861387770227
2024-01-08,6790.272452716936,6820.165634722492,6734.693987593447,6756.31591796875,312733,5829.5461328125,6526.065460749784,6266.569855569642,73.56500086857017,259.49560518014187,-11935829.309512673,77580215.0,88.24530794516349,86.40973891798406,54.11796455207445,6865.878465500066,5816.828419265558,144.3304676288294,3354.878488501806
2024-01-09,7101.829837020928,7157.940193995075,6845.366714376558,6862.7802734375,2125908,5865.041728515625,6577.867739624817,6310.7335902265195,75.94908193460684,267.13414939829727,-13824867.408961223,79706123.0,73.85601999389613,83.23956365342202,55.23070079776979,6924.681331796718,5850.462515859533,162.70859680007908,3369.2667333124186
2024-01-10,6892.867641256313,6907.330759501926,6791.288539174641,6823.93896484375,721432,5897.55091796875,6615.72485119696,6348.748803161129,73.35002211869111,266.9760480358309,-14140325.413894912,78984691.0,70.41562607670157,77.50565133858709,55.727595269137886,6972.0077804451785,5880.486164867322,159.37528419487947,3373.9682421340544
2024-01-11,6859.007945186143,7086.2548135217185,6844.496644878979,7061.0537109375,1031594,5936.053271484375,6684.236983464736,6401.512129663082,78.24455371569874,282.7248538016538,-13323800.10311618,80016285.0,91.17432178849263,78.48198928636347,56.556847009108026,7064.926631893288,5882.640506778587,166.72818165795726,3380.971285785407
2024-01-12,7120.211277033359,7121.130514992523,7015.729915902978,7064.052734375,434753,5974.515966796875,6742.670175912469,6450.589211493595,78.29884163285547,292.0809644188739,-13359912.289294641,80451038.0,90.56812026683414,84.05268937734282,57.3917125111718,7142.279166480006,5898.8471518793685,162.34764004592782,3383.9712632751866
2024-01-15,7064.052734375,7064.052734375,7064.052734375,7064.052734375,0,6012.39240234375,6792.113646445166,6496.030953929255,78.29884163285547,296.0826925159108,-13359912.289294641,80451038.0,89.60704443050516,90.44982882861068,58.16694476308816,7198.936999026917,5941.519202144958,150.75138004264727,3383.9712632751866
2024-01-16,7099.895559716455,7116.48671866181,7007.990657390108,7056.3134765625,272181,6050.616142578125,6832.759774155525,6537.533363013198,77.71841419449467,295.22641114232647,-13389641.110091133,80178857.0,87.46503455497121,89.2133997507702,58.29476964841876,7255.460114520314,5965.122649151561,147.73314298757978,3385.843525682517
2024-01-17,6880.290901538621,6975.098059630689,6850.300882142151,6932.4833984375,619338,6085.38521484375,6848.101870198905,6566.788921192776,68.91559784299191,281.3129490061292,-13193275.481184883,79559519.0,72.19143535226242,83.08783811257962,56.929857167075895,7278.652214887493,6014.191974565631,151.8959609470633,3389.9335193036827
2024-01-18,6915.118159773348,6955.0242347720405,6840.771838301176,6852.81640625,557084,6117.827646484375,6848.8271834375355,6587.976142308125,63.90093347768787,260.8510411294101,-13632903.107428841,79002435.0,62.36505288701911,74.00717426475094,55.57913009278589,7277.45169084228,6084.964520095219,149.2071349130491,3393.566435862685
2024-01-19,6906.217222190932,6946.075112341877,6873.518617435799,6904.04052734375,327976,6151.059482421875,6857.321544038491,6611.3883189774315,65.63255269245658,245.9332250610596,-13684943.67430384,79330411.0,68.6832003592931,67.74656286619157,54.32488352380231,7250.118654330179,6198.41718551357,145.21081856867963,3395.7170397856016
2024-01-23,6844.496348952063,6975.098046069876,6710.556863958691,6864.71533203125,953921,6183.918857421875,6858.4590498835305,6630.153282907344,63.12894646959432,228.30576697618653,-13527090.705134552,78376490.0,61.874210434566606,64.3074878936263,51.75525529300228,7220.681426234676,6297.87623978095,153.73441596457286,3401.8545415219382
2024-01-24,6844.593363229098,7001.218567366714,6799.221459526356,6977.85546875,467134,6218.62892578125,6876.827729709141,6655.909000377171,67.02610017563774,220.9187293319701,-13168014.665230151,78843624.0,63.64263723492276,64.73334934292751,49.509197863847454,7203.0682080213255,6387.88154783805,157.1817510985575,3404.9181660482914
2024-01-25,7120.21090408029,7376.722211944935,6975.097910111262,7349.97314453125,2065788,6261.300849609375,6949.619331989465,6707.321159203399,76.00812817251375,242.29817278606606,-11377398.771211259,80909412.0,96.0760797479729,73.86430913915412,48.9660211935046,7287.546383983294,6389.295705860457,174.64193329392293,3419.581554302497
2024-01-29,7346.5874359683885,7391.08875570167,7236.301556629384,7302.85986328125,457853,6302.389111328125,7003.964029111278,6751.435137283239,73.28621590031265,252.52889182803938,-11441499.309016433,80451559.0,87.03530378356723,82.25134025548766,48.50746240336847,7341.021259915473,6417.616191256402,173.22373799237744,3422.880878426544
2024-01-30,7328.109788890676,7410.4373267737,7297.877913373486,7319.88671875,266287,6341.660556640625,7052.567519824928,6793.542661836332,73.65342549877052,259.0248579885965,-11603651.815414237,80717846.0,87.06198946324436,90.05779099826152,48.14634377218853,7394.045292780262,6439.001289250988,168.89057195008004,3424.81328675211
2024-01-31,7319.886288212376,7435.589809860982,7270.257833231601,7417.74072265625,336874,6382.614345703125,7108.748012568209,6839.7795552304,75.71914532098286,268.968457337809,-11339515.026032433,81054720.0,97.53816880934707,90.54515401871959,47.56860412249516,7444.834032258433,6481.708790007192,168.63638657003017,3427.2750243387077
2024-02-01,7429.785618652647,7512.016318859089,7387.557830021242,7406.32568359375,394564,6421.7803515625,7154.529192725984,6881.745935109167,74.98059578237715,272.78325761681754,-11615081.608562082,80660156.0,86.81272837707385,90.47096221655512,47.31410132243276,7468.199326027019,6554.185830222981,165.48082244630277,3430.1987682124673
2024-02-02,7424.948224785797,7543.457170393127,7415.854571597473,7486.08935546875,197720,6462.18078125,7205.538448532563,6926.512114395062,76.69140816304082,279.0263341375012,-11595144.26305194,80857876.0,93.11228312906223,92.48772677182774,47.191163733601606,7533.289484445227,6561.816619070399,163.45586990009377,3431.679273844742
2024-02-05,7545.875924248359,7582.6378838793125,7384.8004958653655,7408.744140625,252401,6500.34162109375,7236.80086270063,6962.233005226909,71.58011481590295,274.56785747372123,-11786450.644470032,80605475.0,80.05990965493771,86.66164038702463,47.21944263328588,7565.165857543932,6601.152013549818,165.91169262251188,3433.556895531534
2024-02-06,7424.948367881132,7495.279989578876,7420.691814431481,7468.869140625,131992,6538.43572265625,7272.503674688995,6999.76160784899,73.08198844721119,272.74206684000455,-11747932.46302723,80737467.0,86.95433788197018,86.70884355532341,47.24570161156413,7603.69629054669,6634.394480937684,160.2419895033236,3434.5387960781673
2024-02-07,7492.668065363589,7524.3992531146805,7415.855010142931,7450.97216796875,159783,6572.811064453125,7299.960365962803,7033.184612302306,71.86458324502154,266.7757536604968,-11804326.7493514,80577684.0,84.90212343773437,83.97212365821412,47.384734043777314,7628.942981096304,6678.613415388071,156.54929332249688,3435.72742400924
2024-02-08,7477.1894270657085,7529.865636755486,7418.321823645961,7504.51904296875,282537,6608.15962890625,7331.430931656026,7068.098273833154,73.29779751006268,263.3326578228716,-11650194.01255677,80860221.0,91.04224961601926,87.6329036452413,47.536165494306765,7664.750461160186,6706.9798122773145,153.33461616442747,3437.8381897039253
2024-02-09,7525.36655210363,7536.685555120613,7419.144024416915,7531.2197265625,173555,6642.729423828125,7362.167669333944,7102.403566627921,74.00877755099529,259.76410270602355,-11492780.062783428,81033776.0,94.10397014241947,90.01611439872441,47.70635336257942,7692.38152911698,6750.076820492394,150.77796720294674,3439.1373513653625
2024-02-12,7521.690181954831,7617.658430846153,7513.03158437173,7574.85009765625,219911,6676.782607421875,7394.888042921992,7137.399605963353,75.17210361459237,257.4884369586389,-11452823.322657371,81253687.0,95.28075633947016,93.475658699303,48.20382703833087,7736.023266535202,6757.814721746047,147.4814585794808,3440.8118540949326
2024-02-13,7574.898756601594,7676.622877230004,7557.4370141898125,7659.451171875,258767,6712.12923828125,7435.590062760916,7176.070092327178,77.29428092272067,259.5199704337383,-11268620.042988865,81512454.0,98.04289063038604,95.80920570409192,48.89001608659601,7789.550049288536,6763.827782742715,145.4603446123887,3442.8103688899882
2024-02-14,7641.65048592542,7871.751424567311,7623.269506151704,7819.94580078125,513900,6751.546767578125,7494.721714764045,7223.764589249702,80.66984520470518,270.9571255143428,-10969004.528825196,82026354.0,94.22233639295011,95.84866112093546,50.12376973310474,7868.826043050584,6760.14109562129,152.8190284554757,3446.906622308929
2024-02-15,7856.030495184967,7891.09946817043,7783.1834899458345,7858.400390625,394525,6788.721796875,7550.6722802811155,7270.774648610835,81.38396436886084,279.89763167028013,-10813565.598948414,82420879.0,95.00623368384402,95.7571535690601,51.319433358683554,7943.401031675133,6765.774798402993,149.6116677246985,3450.098773660197
2024-02-16,7919.155241265446,8179.971772344052,7871.993515432936,8053.81982421875,938756,6830.997080078125,7628.07959473306,7328.777994952163,84.51477695679142,299.30159978089705,-10643863.228916155,83359635.0,86.13278936361247,91.78711981346889,53.02079158831753,8040.160527009014,6781.148945647236,161.8945044385809,3458.0051728750404
2024-02-19,8126.327939404629,8368.182937601196,8088.694923786809,8232.4541015625,1044959,6878.20234375,7721.060288091436,7395.7169658121875,86.71433270107208,325.34332227924824,-10613839.122491607,84404594.0,87.63769627832417,89.59223977526024,54.86540027995324,8150.514894431436,6808.758347756065,172.78511936314266,3467.1466714132703
2024-02-20,8227.906905054399,8227.906905054399,7970.283154107553,8024.9423828125,547082,6920.79978515625,7767.811379586984,7442.326255960359,73.6304286634328,325.48512362662495,-10928775.755083075,83857512.0,65.0959240046202,79.62213654885231,55.406146225517965,8191.976579049984,6879.386848684391,179.1698213697001,3471.7629867989367
2024-02-21,8029.585671065019,8103.9315171209755,7937.680774829937,7964.04296875,439817,6962.52556640625,7798.000854842832,7480.971938389222,70.27902042226509,317.0289164536107,-11229110.177338634,83417695.0,58.903072528138416,70.54556427036096,55.60097450565453,8195.046336404504,6986.249855001745,178.24703000693853,3475.4091432943114
2024-02-22,7990.888835085165,8271.440622273385,7952.192036852307,8221.5703125,548486,7008.188759765625,7863.1653867900895,7535.831077212242,75.3819402330118,327.3343095778473,-10851983.851119408,83966181.0,85.09098608244413,69.69666087173428,56.16410997605038,8248.097288168934,7057.570387612315,188.31856967937708,3480.0948840562537
2024-02-23,8220.651801587303,8253.060372973378,8127.34394964742,8162.07470703125,340749,7050.421494140625,7909.15143605796,7582.219494235872,72.29375984856998,326.93194182208845,-11004460.379875166,83625432.0,78.35743081482,74.11716314180087,56.687021484275114,8310.904557491558,7075.973274539693,183.84698779698994,3483.0213755109785
2024-02-26,8183.2121072072305,8269.457978107317,8102.1425001549,8172.76416015625,345968,7091.670341796875,7949.70723976539,7625.963543563308,72.51165084711192,323.743696202082,-11058371.305821376,83971400.0,79.4798858869431,80.97610092806912,56.91783568782155,8360.74229223047,7113.125969488279,182.66616566523476,3485.989361286191
2024-02-27,8184.373307299359,8213.395907679853,8110.365676329099,8187.75927734375,392445,7132.85630859375,7986.3306301620605,7667.578042361859,72.83439628805891,318.7525878002016,-10861227.573427008,84363845.0,81.00525881029502,79.61419183735273,57.13216316254324,8402.796672201366,7157.858845376759,176.97788464277184,3489.3436882094293
2024-02-28,8194.047483789103,8210.155404852254,7808.869301325031,7921.86376953125,537728,7169.878505859375,7976.412651603475,7686.414022152185,59.49496058046929,289.99862945129007,-11096127.79611041,83826117.0,52.97145755884498,71.15220075202772,54.677082584349286,8407.728866619684,7203.338955645941,192.99990027737547,3493.745555399069
2024-02-29,7736.84422369634,7878.184373049377,7632.943415406101,7651.6630859375,1042536,7197.810810546875,7926.451179962556,7683.839878728875,49.561406076782625,242.61130123368093,-11979506.609442512,82783581.0,16.211340956455302,50.06268577519847,51.28018388598105,8396.50507913125,7239.096483368751,199.85136126650215,3501.763325475874
2024-03-01,7695.826098434703,7830.297478407353,7686.4419354873935,7778.10498046875,399007,7229.17552734375,7903.62868773274,7690.822478857755,53.47603376996644,212.8062088749848,-11870028.557751097,83182588.0,27.217894029048068,32.13356418144948,48.12592080892484,8391.288483491138,7273.514641508862,198.33586349531294,3504.8558334841405
2024-03-04,7805.8703933414845,7957.029773537873,7784.490316131894,7939.90625,410053,7264.831728515625,7909.209851158472,7709.273128571996,57.97124058551551,199.9367225864762,-11541366.24139923,83592641.0,42.506515586941084,28.645250190814846,45.835197306750466,8384.26680473308,7333.65253120442,196.94935846487078,3508.125273996761
2024-03-05,7894.195301291765,8114.718876984988,7894.195301291765,8079.64990234375,615117,7305.567841796875,7935.431397494669,7736.708445147681,61.43685498612139,198.72295234698777,-11121888.391604224,84207758.0,60.756593389319484,43.49366766843624,44.392782419513146,8391.02015978495,7387.9772523244255,198.63323112403882,3513.172093484559
2024-03-06,8097.015367337159,8398.31851544966,8091.500884384952,8325.4228515625,959543,7348.786357421875,7995.430082735874,7780.3169196969275,66.64601888101228,215.11316303894637,-10618293.922140436,85167301.0,90.47582500619477,64.57964466081847,44.01533247000108,8426.599387072634,7439.843093396114,207.20718697988679,3521.443385154551
2024-03-07,8356.574101804557,8680.514316403132,8223.118321590697,8589.7705078125,1243547,7395.503076171875,8086.867071209201,7840.276444742525,71.15871643334353,246.59062646667553,-9868167.031722853,86410848.0,91.33769289465118,80.85670376338851,44.37176103202472,8517.671102763567,7457.296524189559,225.07781611078312,3532.6281928747826
2024-03-11,8729.465397341319,8730.964709256312,8348.833843865037,8377.2763671875,631957,7433.227607421875,8131.545424436632,7880.054216775487,63.6981539296968,251.49120766114538,-10406049.182820559,85778891.0,67.78857167436125,83.20069652506909,44.81325369043959,8542.322211994899,7517.251079020726,236.29589105938967,3538.2791288065846
2024-03-12,8355.558804713686,8416.506267972494,8199.126793400184,8249.8681640625,324864,7468.526845703125,8149.748922840612,7907.447842500451,59.65931228818225,242.3010803401612,-10579251.71918629,85454027.0,56.18513521656332,71.77046659519195,44.27263558944806,8539.384094956327,7587.691002699923,234.9447184531697,3541.06345271805
2024-03-13,8249.867599832898,8336.451688540767,8026.635438164289,8111.72021484375,430048,7499.245341796875,8143.898352379556,7922.5791293406955,55.546680530628045,221.3192230388604,-10773091.72172337,85023979.0,43.60359877528591,55.85910188873686,42.80167575542942,8524.547643804623,7647.7543581485015,240.29268501912028,3544.6432928310146
2024-03-14,8059.092133293262,8126.327821819026,7934.826848068731,8110.41357421875,392634,7531.798046875,8138.746848047124,7936.4927919242555,55.50770507041292,202.25405612286886,-10445715.611225639,84631345.0,43.48459920466572,47.75777773217168,40.96211707511115,8521.735660651504,7679.613118645371,236.80756278563277,3547.8353430848047
2024-03-15,8111.622921014078,8157.3816974666925,7845.776097438498,8078.63427734375,676870,7564.412685546875,8129.498760246604,7947.021790844218,54.50597646341727,182.4769694023862,-10110956.06273096,83954475.0,40.59036600053851,42.55952132683007,38.81053841224445,8518.091521299926,7705.2806466688235,242.15027973153002,3553.2911472688024
2024-03-18,8071.184680764166,8268.68384238283,8023.974775931608,8244.1591796875,367524,7594.118271484375,8147.138824775973,7969.031967795572,58.68791510920874,178.10685698040106,-9817098.33315691,84321999.0,55.66520136765029,46.580055524284866,37.23699236335688,8530.645614506757,7711.760489008868,242.33305021150804,3556.348193897672
2024-03-19,8223.06968075397,8404.848269595177,8167.491214962486,8358.7021484375,673456,7627.35978515625,8179.687028416208,7997.8964256209,61.33650202981846,181.79060279530768,-9405504.21224415,84995455.0,66.09696342832538,54.117510265504755,36.25555049254406,8547.384042430376,7707.64686577275,241.97762195587825,3562.098440331398
2024-03-20,8358.508979114662,8497.817462099907,8283.050217497654,8354.251953125,790885,7659.422021484375,8206.543170679099,8024.293131361945,61.17240979624718,182.250039317154,-9671985.364851836,84204570.0,65.69167116874675,62.484611988240836,35.650308225088104,8572.213141286016,7715.748723948359,240.03402357347645,3568.9301007990434
2024-03-21,8327.744844773024,8484.273208286842,8305.300512330963,8465.5048828125,720691,7693.60580078125,8246.383434084237,8056.975483321245,63.781093491104876,189.4079507629922,-9102447.736959096,84925261.0,74.58553962533898,68.7913914074704,35.08829754816471,8610.719263504765,7727.388793135861,235.67250017221951,3575.190188721499
2024-03-22,8416.601911245592,8755.150718301962,8399.140169756645,8653.8134765625,851210,7729.42646484375,8309.064979080893,8101.185705042819,67.73280771926036,207.87927403807407,-8735826.038589532,85776471.0,89.55996953075388,76.61239344161324,35.38742777739427,8680.203305599156,7701.129067447718,244.26807505601218,3582.84384238234
2024-03-26,8653.813897081205,8726.12854326849,8562.682742635765,8668.615234375,534067,7766.319990234375,8364.380402972294,8143.217522030388,68.02809621730196,221.16288094190622,-8577614.034213932,86310538.0,90.48406652862211,84.87652522823835,35.66519156167887,8747.598632184929,7684.387793596323,238.49505545434886,3587.6815160082324
2024-03-27,8667.115390411835,8985.202883164535,8635.867914765633,8863.9853515625,1034030,7802.378623046875,8441.242702755402,8196.60773162536,71.70831542496222,244.6349711300427,-8261190.775828902,87344568.0,89.36153396422083,89.8018566745323,36.57394933535595,8851.74597784669,7649.362567075184,246.4121920932455,3597.346091184687
2024-03-28,8863.985614514375,8942.44299741672,8687.479649263041,8850.103515625,847202,7838.099638671875,8504.144366273802,8245.014826736444,71.08222129074957,259.12953953735814,-8027647.124916438,86497366.0,88.14321646357908,89.3296056521407,37.41779583948467,8938.001435117096,7629.341533632904,247.022988954705,3605.2354195688163
2024-04-01,8895.233721549366,8911.486189503645,8719.453308828266,8747.5576171875,419820,7871.769736328125,8541.592558722063,8282.240218621708,66.46561128461494,259.3523401003549,-8324584.515502077,86077546.0,79.14343694969321,85.54939579249772,38.20136759331848,8986.91318856193,7662.999164953696,243.09512407761028,3609.110777881507
2024-04-02,8851.892511690514,9053.067678542024,8841.73460225087,8973.8837890625,803845,7910.121142578125,8608.098901851361,8333.473075691396,70.95005590620596,274.6258261599651,-8123121.071250359,86881391.0,93.44119591994954,86.90928311107398,39.27146412758492,9034.698396344967,7747.436027483155,247.5533338831041,3616.7483235688355
2024-04-03,8947.618654900425,8947.618654900425,8769.855244662665,8784.6083984375,453210,7947.163642578125,8635.25420901846,8366.890507005923,63.32351910928215,268.36370201253703,-8501104.377372807,86428181.0,77.7635093040955,83.44938072457946,39.73622286285048,9041.359885207818,7841.424880417183,244.44442034858486,3620.9464518075147
2024-04-04,8841.251514308979,8882.608719937243,8695.219274141358,8848.1689453125,617929,7987.070693359375,8668.010322294465,8402.540761695298,64.69590994000026,265.4695605991674,-8110310.213101749,87046110.0,83.02823142009854,84.74431221471455,39.63380570169006,9065.171628940752,7908.439406215497,240.369065023392,3626.631720246582
2024-04-05,8832.544815975498,8832.544815975498,8707.2639229121,8715.970703125,356305,8023.309296875,8675.38884242224,8425.757794393794,59.692855352624875,249.63104802844646,-8417090.19379673,86689805.0,72.07824682179097,77.62332918199503,39.53870405204109,9073.424689013927,7963.818426220446,233.26449055032117,3629.868419529585
2024-04-08,8754.183402449511,8793.84762164505,8659.666281417269,8736.2861328125,376197,8060.740712890625,8684.757656328435,8448.75989353592,60.20218928849104,235.99776279251455,-8363657.2886787625,87066002.0,69.21740059367139,74.77462627852033,39.08940085058513,9094.258275689806,7984.07116766957,226.18712267013981,3633.266730690713
2024-04-09,8793.84716382613,8835.156183786929,8645.25184047441,8686.3671875,237944,8094.910947265625,8685.005276508677,8466.360433829555,58.25426367355046,218.6448426791212,-8498568.888660852,86828058.0,58.59188832099209,66.62917857881818,38.829656616774265,9102.436198621508,7985.552912706618,223.59549557316691,3635.4105866967757
2024-04-10,8740.446450433194,8754.957751136113,8611.344056230326,8712.1494140625,319824,8122.15447265625,8689.181297670802,8484.567024957922,58.99227906607675,204.61427271288085,-8369411.017057769,87147882.0,55.72590470648051,61.17839787371469,38.31401732676244,9118.26120252965,8003.215213485977,217.88250981121124,3638.2726694109365
2024-04-12,8657.489557162948,8821.902771221168,8639.06039554831,8769.5166015625,480474,8151.487607421875,8701.540575192601,8505.674401002705,60.65886606330019,195.8661741898959,-8164258.231715507,87628356.0,62.08029854850699,58.79936385865989,38.11307185692613,9132.17566113028,8041.265598635345,215.3796430870432,3642.609361608748
2024-04-15,8763.954002329723,8878.690579321321,8653.571760013781,8703.92578125,386707,8179.168388671875,8701.907529970662,8520.35968842843,57.76808935564532,181.54784154223125,-8377969.89929425,87241649.0,46.6084707247553,54.80489132658096,38.15405087852292,9117.964686400222,8114.697130006026,216.07529853136435,3646.0956781989503
2024-04-16,8656.474142169074,8735.270689955983,8497.913626597245,8628.564453125,487529,8203.38486328125,8690.623979686714,8528.374856183733,54.55134962271606,162.2491235029811,-8328787.95499022,86754120.0,23.534157063263418,44.07430877884193,36.93147720623994,9086.975572540117,8197.50133175676,217.59542459046253,3650.3767472700624
2024-04-18,8675.726081715062,8831.577063765431,8658.40888604454,8727.3857421875,819240,8229.806064453125,8696.279635456065,8543.116403295124,57.86465261690957,153.16323216094133,-8495383.798652934,87573360.0,41.33485377371988,37.15916052057956,36.23708052519151,9037.308622728011,8312.043428053239,216.55379502260317,3657.7252333685697
2024-04-19,8779.384706852688,8793.847824842765,8416.602205827821,8517.6494140625,1385007,8250.437265625,8668.798062933978,8541.229959648263,49.599917401338246,127.56810328571555,-9138428.089578008,86188353.0,15.876306346008622,26.915105727664002,34.006941644025524,9002.383898418135,8374.317175800614,228.03178245062753,3669.7032406182507
2024-04-22,8594.559386369127,8594.559386369127,8460.088004704865,8509.1845703125,323734,8272.44607421875,8644.242140992212,8538.856227104872,49.293905168208525,105.38591388733948,-9225766.398930527,85864619.0,14.546329448141448,23.919163189290014,31.93609839722854,8984.10543227627,8407.64388412998,221.34889668017283,3672.463441663705
2024-04-23,8556.829673564675,8572.792103142268,8475.566395715106,8509.232421875,295346,8293.25333984375,8623.47141497418,8536.66187116192,49.295809591780895,86.80954381226002,-9316575.421512924,86159965.0,14.553847776244297,14.992161190131483,30.013172525202773,8961.427172728698,8445.820190552553,212.48295459067205,3674.97778519565
2024-04-24,8532.547977863851,8580.04792164234,8397.205542885953,8413.748046875,319824,8312.508857421875,8591.20628142046,8527.557143436963,45.61430523959366,63.649137983496985,-9578527.829251021,85840141.0,3.0054705507473467,10.70188259171106,28.005921506928246,8969.180048380163,8432.891631307335,210.36577060250877,3677.6663975684332
2024-04-25,8413.651786710503,8484.273447102578,8359.863612310322,8450.3173828125,524667,8331.42482421875,8569.531066250005,8521.835679687003,47.23945734983897,47.6953865630021,-9340263.048378335,86364808.0,17.30360919355246,11.620975840181396,26.371446077398424,8980.020452416622,8401.701617895877,204.2260609017764,3682.0408831429063
2024-04-26,8462.312655345848,8701.89459279862,8449.978050523245,8681.9169921875,521344,8354.43876953125,8586.821208701927,8533.69355468704,56.171851723937614,53.1276540148865,-8901606.768040817,86886152.0,62.07336941881636,27.460816387705417,25.4017964034177,8980.538965794727,8402.513280299023,207.6325238570335,3686.5439304587735
2024-04-29,8681.916859297107,8696.911868851928,8444.608929291659,8474.6953125,299443,8372.435673828126,8569.571070824708,8529.323314525038,48.29359354850516,40.24775629967007,-9129634.374603411,86586709.0,22.132947493310095,33.83664203522633,24.465081123397027,8964.410109902063,8379.713132285437,210.8232678358361,3689.0885818636893
2024-04-30,8512.715802400628,8673.887594163998,8508.45877656395,8613.5693359375,360403,8391.518037109376,8576.340034688214,8535.563760555591,53.046407420718886,40.77627413262235,-9032049.927440584,86947112.0,48.899872165241426,44.368729692455986,23.595274077663543,8941.753367933865,8378.716456284887,209.99248310927624,3692.185515866738
2024-05-02,8652.604278174604,8848.458641555442,8538.545084936643,8813.8251953125,638239,8411.395625,8612.876213245796,8556.175718685732,58.91150902821122,56.70049456006382,-8536459.841142917,87585351.0,87.49768455897438,52.843501405842,23.697996325200126,8950.605203674333,8376.491378356915,217.12970264567076,3697.810917937487
2024-05-03,8871.241680996862,8956.954717813389,8769.033376860974,8808.939453125,396042,8430.40640625,8643.039788611828,8574.898958273825,58.71879477188692,68.14083033800307,-8764298.675119754,87189309.0,75.21060633390582,70.53605435270724,24.26801409773956,8914.329448146924,8396.272700290578,215.04339109615245,3701.37235867702
2024-05-06,8822.869851391792,8886.47771243664,8523.501562057367,8757.6171875,458431,8444.482353515625,8660.66708074847,8588.433641920208,56.623382596058114,72.23343882826157,-8631363.767606836,86730878.0,66.61522362731542,76.4411715067319,23.126451974373374,8910.540784361958,8397.362242981791,225.61001675923245,3705.3906990081437
2024-05-07,8760.13299844247,8779.2877241978,8360.974966590244,8395.173828125,588285,8447.736748046875,8619.821964960243,8574.1181001576,44.53621277680323,45.703864802642784,-9123459.1253256,86142593.0,5.913706549845136,49.24651217035549,21.75209150976281,8895.186399328628,8367.417116296372,239.37449824839845,3710.321671103138
2024-05-08,8369.1502229059,8499.1227189466,8312.846191282646,8464.3447265625,451581,8456.524794921876,8595.90238982213,8565.986739150556,46.86730066045545,29.91565067157353,-8840499.269124638,86594174.0,23.52065359169299,32.01652792295121,20.713476570045543,8889.170291123317,8348.270626845433,235.58178606379533,3714.031971746187
2024-05-09,8513.295892097889,8713.987357503436,8500.090231366827,8558.619140625,645689,8468.416318359376,8590.166505330264,8565.440991111625,49.95453076252998,24.725514218638637,-9132827.066264302,87239863.0,38.15707124172395,22.530477127754054,19.811189309253425,8875.892652944434,8343.781565805564,236.58613212644826,3719.51293599219
2024-05-10,8658.409084212508,8753.168063083362,8616.326313803207,8689.1728515625,482797,8477.768369140626,8605.398250904454,8574.606314107987,53.945338258759605,30.79193679646778,-9101598.338362066,87722660.0,58.42597090071158,40.03456524470953,19.152254534966424,8876.19710441901,8343.757680737239,233.5834742930135,3723.6831773488225
2024-05-13,8728.933694934525,8730.964898896245,8581.498519186609,8699.330078125,435605,8488.5134765625,8619.849301246077,8583.84511144258,54.251004990872666,36.00418980349605,-8850386.459127136,88158265.0,60.00291424862971,52.19531879702178,18.33958302473649,8874.62918427072,8344.04366729178,227.57511039420086,3727.4279569541436
2024-05-14,8660.585835106502,8792.880522246698,8593.350144018797,8769.904296875,408162,8500.456279296875,8642.934685188988,8597.627273326463,56.415526966319085,45.30741186252453,-8536225.404581683,88566427.0,70.95979742018504,63.12956085650881,17.890691111545625,8874.69543575715,8344.016185336599,225.57191523946514,3730.9657781249807
2024-05-15,8773.532170077613,8827.707691251318,8588.125745162364,8613.0859375,274392,8508.9628125,8638.342570159912,8598.772359561539,50.67787326771,39.570210598372796,-8753443.838645577,88292035.0,46.61322337005637,59.191978346290405,17.645639133330885,8866.608938314395,8343.018698404354,226.57263172871438,3733.3211084321283
2024-05-16,8658.408937855802,8663.777929868049,8426.228139522238,8582.8046875,680474,8522.181630859375,8629.798280519926,8597.589569038462,49.62826710871481,32.20871148146398,-8536874.151479902,87611561.0,41.9119581713019,53.1616596538478,16.433643297721048,8864.250508143923,8340.801152012325,227.3567144870784,3739.0124646961717
2024-05-17,8601.331237264967,8666.486596497312,8479.920027021264,8494.625,323961,8539.040869140625,8609.002391209167,8589.962563924502,46.60144555508084,19.03982728466508,-8809766.648001032,87287600.0,28.221767175857714,38.91564957240536,15.323576937044635,8850.056752864659,8331.71883307284,224.44313270057623,3741.7113515062892
2024-05-21,8489.11098017503,8571.341684826299,8489.11098017503,8533.322265625,417798,8554.14521484375,8597.359294965448,8585.766986272687,48.0974832308752,11.592308692761435,-8778306.996208755,87705398.0,34.229646909018335,34.787790752059344,14.292801030702249,8850.043414192927,8333.299456900824,214.28510212562568,3745.1761195394965
2024-05-22,8561.667047249033,8561.667047249033,8451.381166640402,8518.6650390625,302838,8565.720390625,8585.252486364994,8580.796471664526,47.554036942397765,4.456014700468586,-8711630.544420106,87402560.0,31.954063531563943,31.46849253881336,13.451637174771449,8849.944510097614,8334.346407871135,206.85658630298323,3747.6735590524013
2024-05-23,8561.666911621229,8692.268610273079,8466.086005557092,8671.4208984375,731514,8577.555810546875,8598.509165145379,8587.509392166228,53.45638899099237,10.999772979150293,-8114966.818116805,88134074.0,55.66992088836126,40.61787710964787,13.130246766176088,8857.313834127459,8343.195931497541,208.23701618962633,3753.8210279739405
2024-05-24,8687.431736283386,8729.998216951144,8581.111898717065,8656.66796875,455920,8584.180712890626,8607.456673392244,8592.632249690952,52.83791168616267,14.82442370129138,-8108150.901774816,87678154.0,59.93774135278977,49.18724192423836,13.050549346124516,8855.647113922176,8369.154643890324,203.99768062137295,3757.6808336074087
2024-05-27,8708.714757958209,8773.967425292703,8592.334322003806,8705.5224609375,301747,8586.495751953125,8622.543717629975,8600.994487561067,54.706736852554634,21.54923006890749,-8033819.08419825,87979901.0,76.26833035267678,63.95866419794263,13.23108581103543,8859.676693910737,8390.645571714263,202.40021081191043,3760.2501381953516
2024-05-28,8705.522856073156,8728.305408943388,8625.710703202438,8696.8642578125,259094,8592.887509765626,8633.977646888825,8608.095952024136,54.29610533915157,25.881694864689052,-7933528.865587816,87720807.0,74.58667361090704,70.26424843879123,13.398726814166992,8861.236642098427,8390.580350089074,195.2712461639847,3762.4510070070696
2024-05-29,8658.409282630006,8841.68719656183,8612.69868613791,8774.693359375,339934,8603.384013671875,8655.626218040545,8620.436500716793,57.392102139037455,35.18971732375212,-7792499.893688204,88060741.0,83.87474384017439,78.24324926791944,14.205889333154516,8874.00419366024,8407.81260321476,197.67962218255153,3765.3704044525784
2024-05-30,8772.564934736856,8831.481193152014,8636.738783036346,8676.306640625,305109,8614.6757421875,8658.807821515076,8624.575029598882,52.54627037582571,34.2327919161944,-7973624.503705086,87755632.0,60.19329627442208,72.88490457516787,14.955397386500076,8877.273504455114,8410.817022888636,197.46982132063133,3767.972987201172
2024-05-31,8697.105512715334,8828.190918385291,8632.288374856387,8788.7685546875,560005,8628.242841796875,8678.80178046468,8636.73751293878,57.014093457902185,42.064267525900505,-7639004.232100145,88315637.0,87.26260964163137,77.1102165854093,15.607776377067541,8872.603343264398,8412.98152001685,197.35787290693654,3772.7763772610656
2024-06-03,8880.915160739038,9136.314028106697,8825.3366955388,9031.30078125,438422,8647.296171875,8733.032395970115,8665.964421702574,64.7269797696286,67.0679742675402,-7496681.740917912,88754059.0,85.21119085100553,77.55569892235303,17.66320383080848,8931.372910803104,8376.448085290645,208.0855586578123,3776.717429517438
2024-06-04,8926.384665241334,9067.482499483931,8521.035670472058,8945.4912109375,738601,8661.3228125,8765.71836750356,8686.670109794051,60.58500950331016,79.0482577095081,-7087858.069389608,88015458.0,73.12679772448396,81.86686607237364,17.288552505662082,8965.769521105702,8360.838877331798,232.2542208259595,3783.14926483966
2024-06-05,8939.927746630021,9363.657684193484,8877.045449959645,9289.408203125,489543,8679.93693359375,8846.286034522243,8731.317375966713,69.1153583319036,114.96865855553006,-6747708.410343884,88505001.0,92.0794601055034,83.47248289366432,18.118948541502192,9092.08776714644,8323.944068791061,250.4226503550937,3787.682343518499
2024-06-06,9282.684942169932,9422.670805196349,9145.988685043765,9385.376953125,570095,8700.55943359375,8929.223098922668,8779.766233533994,71.00136738184902,149.4568653886745,-6331299.080996476,89075096.0,96.16037785322256,87.12221189440334,19.0872718084462,9221.952821000323,8286.182237593428,252.29832676920014,3793.089895991363
2024-06-07,9329.411148181134,9422.767178322025,9301.743314037818,9408.69140625,246783,8719.4231640625,9002.987453896105,8826.35328336481,71.4573782008624,176.63417053129524,-6141920.647935326,89321879.0,98.55095997855092,95.59693264575897,19.986762518256235,9334.861851352769,8258.28043380348,242.9215794488435,3795.4527094305167
2024-06-10,9460.399423456825,9600.675312239036,9366.075980999822,9415.9462890625,201452,8734.6658203125,9066.519582383242,8870.026839342416,71.60700133267301,196.4927430408261,-6257724.720068059,89523331.0,83.9267411320262,92.87935965459992,21.405506390089872,9431.986709928526,8233.832918977725,242.32713314815572,3797.4087346522447
2024-06-11,9422.670333656608,9577.457525995937,9384.06989966857,9493.001953125,457442,8751.1535546875,9132.13225480505,8916.173144067052,73.21314871293639,215.95911073799834,-6199827.684747733,89980773.0,90.50992650116522,90.9958758705808,22.72291141393539,9533.024777352535,8212.162039053715,238.83145408952797,3801.864074298874
2024-06-12,9532.95648194746,9620.024280138578,9476.556086068429,9581.5693359375,277175,8765.505234375,9201.27642113312,8965.461750872271,74.96604992232403,235.8146702608483,-6071239.613411826,90257948.0,96.50087872951237,90.31251545423463,24.08419276773255,9639.814090037542,8186.53923027496,232.0197926595723,3804.595640533583
2024-06-13,9581.327377818488,9616.15449672009,9505.143055221235,9600.095703125,277783,8780.505078125,9262.633233747254,9012.471673261363,75.32972282454062,250.16156048589073,-5873824.182754142,90535731.0,98.18664389800867,95.06581637622878,25.348239739115627,9733.643701031104,8191.410595843898,223.37633900523534,3807.3374499148827
2024-06-14,9583.125907573029,9747.94865114924,9570.495808630698,9715.5205078125,320933,8799.8643359375,9332.308198988061,9064.549364709595,77.52079219115136,267.75883427846566,-5670187.261845154,90856664.0,97.35693208504149,97.3481515708542,26.951956891344793,9835.46696172207,8202.85891718418,220.09608925618582,3810.559097830264
2024-06-18,9676.752757935838,9790.665561013457,9663.098803228006,9673.046875,206100,8813.84759765625,9384.72953375913,9109.623254360737,74.88517172424713,275.10627939839287,-5844142.561645807,90650564.0,90.73598637762841,95.42652078689288,28.570996397864498,9904.492107864655,8251.675958541597,213.48685129399047,3812.637047444279
2024-06-19,9693.819974654825,9702.109875533599,9430.9813526749,9446.390625,279789,8827.0832421875,9394.215855488494,9134.568985519201,62.6450814287394,259.6468699692923,-6092128.600827743,90370775.0,72.88383499961157,86.99225115409384,28.26486532657131,9925.229958938538,8322.244943405212,217.60411354861247,3815.3683937355463
2024-06-20,9452.437847555675,9495.253129630191,9328.576971922206,9393.9208984375,324597,8837.99828125,9394.17047748065,9153.780238327965,60.19231809269047,240.39023915268444,-6162214.784082792,90046178.0,68.75115610213179,77.45699249312395,27.3196166638666,9926.51724399536,8408.48324428589,213.96640241713908,3818.4670608004153
2024-06-21,9435.858050847457,9488.474731445312,9334.52581959525,9364.90625,334018,8850.9769921875,9389.668288637473,9169.419202155523,58.82082700733035,220.24908648195014,-6364401.899655146,89712160.0,66.46587212656884,69.36695440943743,26.441885762783652,9930.097907086274,8474.251116351224,209.67943880520502,3821.6464079527336
2024-06-24,9343.206632317668,9517.733631451101,9275.473070161142,9504.3720703125,283754,8866.3387109375,9407.315024279786,9194.230525722705,63.16536363675467,213.08449855708022,-6111948.053498881,89995914.0,77.45063401280866,70.8892207471698,25.23711054387174,9938.415351842801,8550.70408175095,212.0066618398303,3824.362165903557
2024-06-25,9513.881078033508,9582.150855118321,9406.599999757374,9421.1806640625,282048,8881.03498046875,9409.448199630971,9211.041647081209,59.15613349754945,198.40655254976264,-6347144.134748881,89713866.0,59.558147584472955,67.82488457461685,24.45930324892443,9931.833789448598,8628.851464457652,209.4026756627672,3827.0770012201497
2024-06-26,9421.13202488552,9421.521566440117,9208.129940892855,9240.4609375,431217,8891.6012109375,9383.450159303131,9213.220853778897,51.507800790123646,170.2293055242335,-6647693.632421285,89282649.0,14.654202124767435,50.554327907349716,22.90460125213182,9902.261453847628,8712.783468027372,209.68760065451676,3831.090415243172
2024-06-27,9328.235594138327,9328.235594138327,9134.154388091001,9184.673828125,637626,8899.90435546875,9352.869185275726,9211.106259286016,49.38516031691675,141.7629259897094,-6953370.865952225,88645023.0,7.6951378921872395,27.30249586714257,21.853263432534106,9874.1630565544,8781.8799121956,208.57285818257452,3836.933440598774
2024-06-28,9231.048485614649,9288.297756512138,9150.343862034659,9266.79296875,237516,8911.16169921875,9339.626690425614,9215.231200727792,52.4889566887497,124.39548969782118,-6789904.6952732215,88882539.0,20.20355267809974,14.184297565018165,20.877021171479093,9816.4436265964,8898.647974966101,203.52864648935343,3839.1145917078593
2024-07-01,9270.060081887657,9454.339899145025,9270.060081887657,9296.783203125,289355,8924.52607421875,9333.035384687058,9221.272089794253,53.607828177146196,111.76329489280579,-6995338.744398477,89171894.0,24.771675143022716,17.556788571103258,19.79107439381437,9762.476944669172,9003.416121737078,202.38709533975856,3841.821191202648
2024-07-02,9284.688812990295,9296.782696195403,9149.22170133526,9168.8740234375,287884,8933.35583984375,9307.779790648665,9217.390751545605,48.37525354610024,90.38903910305999,-7206541.381529604,88884010.0,5.288506392350418,16.754578071157653,18.660872036424553,9747.999077905943,9031.651312719057,198.4709815147572,3844.4451273461395
2024-07-03,9239.826147754198,9318.775454416036,9152.635513711944,9189.501953125,318120,8946.792890625,9289.583200260407,9215.32491462556,49.23581764841511,74.2582856348472,-7383479.776957232,89202130.0,8.430559496439248,12.830247010604154,17.48092133736668,9712.239304154353,9091.812160689396,196.16162145685252,3847.34995829426
2024-07-04,9245.58086996064,9264.208384574174,9187.502035666063,9227.0009765625,234656,8961.14921875,9279.955165845346,9216.189808102372,50.84011601850096,63.76535774297372,-7376469.640922063,89436786.0,14.142423206324539,9.287163031704763,16.385252831098654,9714.790959431506,9083.019782755993,187.6291019890853,3849.493011914457
2024-07-05,9286.639994754263,9421.228980185484,9258.649196429717,9397.626953125,608628,8978.917109375,9298.058517734524,9229.629596622566,57.43214869189149,68.4289211119576,-6944553.08922055,90045414.0,40.1322286506035,20.901737117789125,15.988513020066819,9715.343657796551,9083.69208439095,188.10045210579236,3855.180733347357
2024-07-08,9401.723285235885,9427.227303540561,9235.925260496248,9293.857421875,316215,8996.519296875,9297.412195294597,9234.387213307931,52.79539590950566,63.02498198666581,-7069248.77119488,89729199.0,28.11893490159116,27.46452891950643,15.46645496729314,9712.884389354806,9074.667954395196,188.3291371728296,3858.109646994829
2024-07-09,9328.57703967195,9328.57703967195,9246.848557294867,9298.4404296875,262913,9013.4817578125,9297.570385201197,9239.131896002713,52.97596532470367,58.4384891984846,-7000229.168218573,89992112.0,36.67128062116617,34.97414805778697,14.981686775431868,9709.477395651069,9066.324362161431,180.71480468741922,3860.5301190135133
2024-07-10,9313.948153547844,9411.476406464575,9218.321892047858,9306.5849609375,239607,9025.9751171875,9298.957243006782,9244.128419331215,53.317718130151135,54.82882367556704,-7020856.568271825,90231719.0,38.48927068346354,34.42649540207365,15.0265609938756,9698.231639201473,9058.928419392276,181.6033553823691,3862.7426073767347
2024-07-11,9306.584209279772,9332.96540907817,9151.075232079049,9232.8037109375,294900,9041.13728515625,9288.779776534584,9243.289552042792,49.78768538452935,45.490224491792105,-7050742.494252053,89936819.0,22.02011178817685,32.39355436426888,14.55480879166937,9672.541800037208,9049.741696056542,181.62384264070852,3865.426662673728
2024-07-12,9265.135247817883,9318.190044772482,9179.358960796464,9197.6455078125,171581,9052.81880859375,9274.75911980811,9239.908511729436,48.151682766533824,34.85060807867376,-7177122.896032991,89765238.0,14.172236701506593,24.893873057715684,14.116753175335012,9639.811367306047,9042.227109256452,178.56721702180204,3866.9849919344874
2024-07-15,9197.644906976017,9497.788079059028,9171.507527966718,9434.248046875,504086,9065.227265625,9299.2958778184,9254.304032851329,58.124159061118355,44.9918449670713,-6869368.798478847,90269324.0,82.52636272099032,39.57290373689128,14.76627688527094,9576.302113843465,9077.609116625286,189.11816945540974,3871.6739871777527
2024-07-16,9474.868926975489,9665.000429587348,9395.530081263827,9478.1357421875,1041123,9078.61119140625,9326.809703105955,9270.884159468822,59.67356850055277,55.92554363713316,-7272182.952604761,91310447.0,64.79870380626474,53.83243440958724,16.133726467295563,9523.14457976869,9111.27553741881,194.85761080313196,3881.5881281294373
2024-07-18,9504.128019649335,9504.128019649335,9061.837403239795,9388.2646484375,1055384,9091.224140625,9336.26431008004,9279.57901050354,55.17181354673559,56.685299576500256,-6769740.134833261,90255063.0,54.11923989677909,67.14810214134475,15.199149731903892,9514.422394380705,9114.185125150547,212.5313969178754,3891.2561223606053
2024-07-19,9396.846565220265,9435.85786388231,9109.138237587676,9154.0498046875,380782,9106.40166015625,9308.23130925042,9270.280550813462,45.53150527273059,37.950758436956676,-7045835.945409287,89874281.0,15.28813893087846,44.73536087797413,14.331328477611626,9510.49419767509,9094.12621248116,220.68769901621522,3894.6813508470646
2024-07-22,9118.89165342488,9201.790668456015,9034.237320325014,9177.1162109375,247040,9120.65708984375,9288.059755663817,9263.379488600429,46.522552915578046,24.680267063387873,-6871555.792387792,90121321.0,22.65175126991505,30.686376699190898,13.50642973014615,9505.850217405448,9079.991188844553,216.89238823869997,3896.8615597214325
2024-07-23,9201.790220948242,9272.985842159605,8528.45481416584,9150.587890625,431989,9132.49646484375,9266.910237965538,9255.024555417063,45.497257817837614,11.885682548474506,-6581601.352929775,89689332.0,54.7389447478033,30.892944982865632,14.76519367298396,9473.213148238869,9077.249840042383,254.58086250691895,3900.5579649725623
2024-07-24,9128.64452997091,9141.030808653497,9021.363451093046,9031.3115234375,283213,9139.33923828125,9230.664281884301,9238.453219714873,41.11028298854287,-7.78893783057174,-6817726.76830643,89406119.0,44.24430506338868,40.54500036036904,15.93404590561907,9468.613386252357,9042.862687966393,245.62683229442146,3903.01678078314
2024-07-25,9031.116133076684,9079.831685424098,8944.315988817092,9048.9150390625,262328,9146.3309375,9202.702859911717,9224.413354481363,41.999164474584475,-21.71049456964647,-6675094.157251154,89668447.0,45.79316640130087,48.25880540416431,17.260405337508583,9477.369497450767,9014.951986924232,237.7617511738918,3905.2744599793605
2024-07-26,9088.65775533319,9270.060303084234,9039.357414695394,9258.259765625,250956,9156.098046875,9211.2500761753,9226.920496047558,51.39494984521301,-15.670419872258208,-6449811.140362039,89919403.0,64.2125526293548,51.41667469801481,17.384809497232915,9479.353630733785,9020.326447391213,237.25754668924523,3907.501907442707
2024-07-29,9313.167852066503,9383.241518816443,9273.961305028673,9321.4091796875,302363,9170.26451171875,9228.197630561792,9233.919657798664,53.82490691324526,-5.722027236872236,-6489610.932838879,90221766.0,69.7688112788662,59.92484343650731,16.915811343338813,9484.116973459128,9021.024725759624,229.23784715368794,3910.2526786650997
2024-07-30,9314.5817750965,9415.3768360164,9276.8867271792,9327.9423828125,301885,9185.167265625,9243.542977061901,9240.884304095985,54.080679606247045,2.6586729659156845,-6568910.555005474,90523651.0,70.34364109971567,68.10833500264557,16.31730401244256,9487.257797970567,9020.999819216933,222.75586584536728,3913.0033400683883
2024-07-31,9362.711869202349,9440.734468112369,9343.254793114302,9425.3251953125,315292,9203.78126953125,9271.509472177378,9254.546592334245,57.830303494672044,16.962879843133123,-6353299.241050283,90838943.0,78.91195645623428,73.00813627827206,15.62821005781131,9507.989576895003,9025.913157479996,214.9013100921174,3915.9065209495047
2024-08-01,9600.680891430296,9600.680891430296,9423.179477143389,9489.986328125,308658,9222.91455078125,9305.12129616932,9271.986572763191,60.156748077730995,33.134723406128614,-6429615.7795118205,91147601.0,84.6012250553234,77.9522742037578,14.832521998600242,9538.774624789205,9025.176547085795,212.22988896317383,3918.7981664112735
2024-08-02,9474.674191785698,9489.498676194316,9344.913046312939,9378.51171875,230615,9240.111484375,9316.412130412502,9279.87732431777,54.56761392295226,36.53480609473263,-6553050.586702481,90916986.0,74.79303013006668,79.43540388054147,13.842375153892075,9548.347558025544,9030.754688068206,207.4329884523801,3920.9179556461418
2024-08-05,9163.949075031884,9284.68885090651,9137.713596363716,9250.6025390625,310757,9251.6951171875,9306.287577897117,9277.708821706268,48.948010538032804,28.578756190849163,-6386434.313556944,90606229.0,63.538824583722416,74.31102658970418,13.83997646337472,9536.61443495505,9027.785369732448,209.81621230480184,3923.6781442446404
2024-08-06,9280.05709555901,9382.21794059827,9167.65578395257,9194.37890625,246541,9262.4493359375,9289.070859182177,9271.536235376174,46.67272586713964,17.534623806002855,-6571563.316238053,90359688.0,62.10668684566184,66.81284718648367,13.33646944293271,9534.409025326942,9020.042927798058,210.15520832915166,3925.875716152315
2024-08-07,9333.453079141274,9484.621859419947,9262.745101268993,9468.2373046875,270583,9277.7036328125,9316.634927721458,9286.106684954791,57.12666190700188,30.528242766666153,-6340942.87933043,90630271.0,87.64779279751372,71.09776807563269,12.396003520127165,9556.015405355303,9015.416235269697,215.8757615320656,3928.356641590965
2024-08-08,9494.375373948196,9536.020128220182,9372.611731760519,9402.9912109375,365016,9291.826171875,9329.920509754695,9294.764797990549,54.39095076456274,35.15571176414596,-6570237.628629554,90265255.0,81.56268676125121,77.10572213480894,11.765396267113433,9565.54981113975,9015.52245448525,212.12809259832258,3931.719385803025
2024-08-09,9519.732707900826,9533.386663224115,9376.366177006306,9524.560546875,161640,9306.823515625,9359.865130850127,9311.786705315324,58.38938316067874,48.07842553480259,-6426769.186762319,90426895.0,92.90071877849677,87.3703994457539,11.179832389314967,9596.788476258562,9013.459472960187,208.19183499971447,3933.218250333598
2024-08-12,9500.226436180537,9509.93068713557,9377.340846306935,9470.8212890625,307698,9322.71380859375,9376.935309036646,9323.567044852152,56.05017942535786,53.368264184493455,-6300591.633473474,90119197.0,80.2153342065088,84.89291324875228,10.636094502787822,9614.591362745748,9022.974164598003,203.8366825403109,3936.0561886471296
2024-08-13,9460.240396586414,9547.869149599494,9411.476270830814,9432.5419921875,161706,9335.58927734375,9385.490183367547,9331.639263173289,54.379002727807084,53.850920194257924,-6412347.026543597,89957491.0,74.38331961788629,82.49979086763064,10.340736083704796,9614.373777657793,9023.021144217206,199.0192679851944,3937.5494974810904
2024-08-14,9464.141755019988,9543.139640650308,9432.542219798119,9508.6142578125,282934,9345.135546875,9404.43234866677,9344.748522035452,57.11548683761274,59.68382663131888,-6306060.9916148195,90240425.0,83.59829270756174,79.39898217731897,10.066474694556272,9619.461691008786,9020.981082428712,192.7034380193097,3940.174924864798
2024-08-16,9546.065308994173,9679.679014279442,9454.340178441964,9643.740234375,240190,9359.10052734375,9441.248946468037,9366.896056282827,61.52967816943432,74.35289018520962,-6142485.708409342,90480615.0,93.36880569932785,83.78347267492532,10.56426653188282,9662.993641506335,9002.996690524917,195.03453786346455,3942.4409887865377
2024-08-19,9681.580998581021,9698.209375055596,9518.074503197764,9529.14453125,148301,9363.89525390625,9454.7713441268,9378.914461835951,56.24243866078825,75.85688229084917,-6272559.296767799,90332314.0,69.83655359543118,82.2678840007736,11.122505498057922,9681.572065812854,9021.927738874647,193.97027600591937,3943.8365552474525
2024-08-20,9530.656084185277,9632.524534437343,9513.92960790671,9537.970703125,132844,9366.94712890625,9467.571245511139,9390.69640563514,56.55211053004719,76.87483987599808,-6351544.074512561,90465158.0,71.41126159690785,78.20554029722231,11.608000555214272,9698.90773138318,9040.67752252307,188.5863224719704,3945.081572684283
2024-08-21,9537.38492167543,9625.063201297167,9494.375343462147,9608.4833984375,134985,9370.94296875,9489.250038269041,9406.828775472353,59.04571524091501,82.4212627966881,-6250808.999885696,90600143.0,83.9916766496433,75.07983061399413,11.89569138052246,9721.327908970492,9064.046895717009,184.4507178550454,3946.3493549089962
2024-08-22,9655.296306463828,9763.552658990848,9597.851788882936,9669.1455078125,388874,9376.006953125,9516.92626435265,9426.259644534588,61.113442704572236,90.66661981806283,-6305052.606732539,90989017.0,84.91510728300537,80.10601517651887,12.938405329494032,9729.707881464466,9119.450321660534,183.11144301596445,3950.063867109412
2024-08-23,9723.56628837377,10186.191150020913,9684.554989323122,10149.228515625,1229549,9389.131484375,9614.203533779166,9479.81289424499,72.81242216347702,134.39063953417644,-5256700.154029458,92218566.0,96.47463750969355,88.4604738141141,15.467355387551748,9876.829381066958,9082.360169714293,206.9638858154251,3962.4514186146725
2024-08-26,10118.653421774095,10257.193067452503,10084.08041793712,10174.68359375,309223,9400.99376953125,9700.431235313139,9531.284797912029,73.27158265214973,169.14643740111023,-5242242.753864402,92527789.0,92.42710874129457,91.2722845113312,18.003969728436903,10011.449773636823,9039.382159956926,204.545940365422,3965.6438283651464
2024-08-27,10143.913328215065,10307.224574060916,10094.173920490908,10242.0263671875,262396,9413.8323828125,9783.753563293809,9583.932321562062,74.49862307376969,199.82124173174634,-5140444.699978051,92790185.0,93.75782783943669,94.21985803014162,20.489943908506635,10139.01694579093,9003.87670655282,205.15341988003527,3968.3687523102526
2024-08-28,10240.466264779365,10450.15200258199,10202.722641490029,10393.341796875,338792,9427.38880859375,9877.536368460147,9643.88857899265,77.04825895031917,233.6477894674972,-4957227.148595966,93128977.0,94.7277881629723,93.63757491456788,23.145214014035748,10283.52516609613,8965.90842765387,208.1731299666014,3971.9590705885894
2024-08-29,10320.487467786343,10581.814590957563,10294.49676192763,10540.7060546875,693506,9444.7419921875,9979.562474033586,9710.319503118195,79.22655400490976,269.2429709153912,-4462170.487091674,93822483.0,96.58977225451595,95.025129418975,25.890926026538377,10443.010321202903,8917.961358484597,213.82632275683937,3979.438060438337
2024-08-30,10567.18585589979,10651.401118553225,10440.399131278935,10622.337890625,498560,9468.2609375,10078.450999663035,9777.87642071129,80.3396785777608,300.5745789517441,-4100952.9178722915,94321043.0,97.71884984083334,96.34547008610723,28.5779325366041,10596.626790763365,8877.580045174136,213.6245845080859,3984.885917045593
2024-09-02,10655.936203637175,10878.397752747056,10642.428922477988,10851.08984375,787108,9497.40431640625,10197.318514137953,9857.373711306751,83.07633119386746,339.94480283120174,-3496023.8404897028,95108151.0,98.13842054031524,97.48234754522154,31.462972488408493,10780.047089944104,8841.417558493396,216.6556757662266,3993.754191590961
2024-09-03,10831.4386187858,10843.873470370836,10742.736486994347,10770.6787109375,217394,9525.519765625,10285.527775184037,9925.02593350162,78.91779892522244,360.50184168241685,-3593294.189791417,94890757.0,92.54980602454421,96.13569213523095,34.14193815794115,10905.5664117114,8867.905853913602,208.91979583689994,3996.1977242011203
2024-09-04,10739.811033017426,10757.21944490452,10639.259786898156,10692.705078125,324246,9549.28642578125,10348.170437174955,9981.891055325574,74.99744302618824,366.279381849381,-3623720.7231699666,94566511.0,86.96031129832164,92.54951262106039,35.744891595409285,10986.157593347863,8937.147289464636,203.38401927993166,3999.791091213839
2024-09-05,10692.997180713563,10743.565196662848,10557.969129988844,10587.4228515625,297298,9572.61126953125,10384.978500926885,10026.745262454235,69.94502434116039,358.23323847265056,-3826657.5368223535,94269213.0,78.97614234910432,86.1620865573234,36.580266050447925,11050.428771905279,8984.794665594722,202.11345123665117,4003.049625534127
2024-09-06,10587.422626213005,10644.18425619726,10529.393319508294,10562.40625,216847,9599.05017578125,10412.275077707363,10066.423854124292,68.75967966206842,345.85122358307126,-3918777.704812399,94052366.0,77.16861369966392,81.03502244903,37.128206802771764,11093.952332537,9057.21260886925,195.87612876895946,4005.406083950315
2024-09-09,10562.406189761394,10632.919873563389,10513.544919481934,10579.4736328125,193055,9626.946171875,10437.997932338923,10104.427541434528,69.14387537124183,333.570390904395,-3898590.859402388,94245421.0,78.4017861322778,78.18218072701536,37.50561137150497,11136.298852672811,9120.357397327189,190.41175914842344,4007.5015080115913
2024-09-10,10526.61438569942,10762.92514202891,10513.593793031583,10716.16015625,466892,9655.933515625,10480.792120632934,10149.741068457897,72.10284432833814,331.0510521750366,-3606840.876867032,94712313.0,87.33059171046895,80.96699718080357,38.2725434166717,11182.130519281713,9199.059617437037,194.62030128048792,4012.632175227032
2024-09-11,10794.182326696337,11217.015842045026,10715.037774977254,11138.45703125,1283385,9692.7669921875,10581.971337650943,10222.97928792398,78.85077179590564,358.99204972696316,-2725151.512619033,95995698.0,94.87368237462688,86.86868673912458,40.00435665513658,11285.24737580268,9266.534264822318,216.57442740815105,4027.4541692088983
2024-09-12,11196.974777931679,11488.096609799162,11160.498830758113,11433.724609375,1409151,9738.06400390625,10713.010302531566,10312.66412654998,82.10929305888922,400.3461759815855,-1783759.2318263948,97404849.0,96.12739505859597,92.7772230478973,42.015700812810664,11436.154471976388,9308.138203804861,226.07908106108042,4044.437732997534
2024-09-13,11433.72412259018,11599.961211330296,11399.492088606776,11447.037109375,417878,9783.21470703125,10825.937503584402,10396.69175490739,82.24213807112676,429.24574867701267,-2003421.9863196309,97822727.0,89.84424275024598,93.61510672782298,44.026037678422185,11568.908424093137,9355.713939188114,224.24979832268323,4049.5423387881287
2024-09-16,11443.964408168858,11461.324245506177,11352.336430386622,11399.4423828125,172602,9826.66353515625,10914.169023465649,10470.969579196657,79.95625457488042,443.199444268992,-2026822.3238825505,97650125.0,85.64891974455594,90.54018585113266,45.556219604320276,11647.183162723524,9464.468985713977,216.01679952245982,4051.6266743299307
2024-09-17,11391.299306282115,11676.910398073076,11355.311001990325,11654.91796875,444755,9871.80935546875,11028.130399663241,10558.669459904311,82.73088438570251,469.4609397589302,-1642896.0631322218,98094880.0,98.40912815469638,91.30076354983278,47.2732004720155,11748.24617993707,9575.100695062929,223.5584135624806,4057.107383348541
2024-09-18,11547.832217094345,11756.055026802518,11449.816327746936,11473.857421875,446416,9915.40935546875,11096.70378769582,10626.46116079103,74.82530386652647,470.2426269047901,-2019220.7970096078,97648464.0,78.55080451600806,87.53628413842016,48.96589294435137,11782.527091536118,9727.357185807632,229.4641482405593,4062.5987152088746
2024-09-19,11519.256489987722,11742.644749059315,11519.256489987722,11574.65234375,500633,9960.93359375,11170.23433478108,10696.697544713918,76.18937317124016,473.53679006716266,-2271559.7051730026,98149097.0,85.40030523826445,87.45341263632298,50.53767881152039,11808.453031718902,9891.981929218597,232.27294673654183,4068.790284256645
2024-09-20,11630.24384172421,11718.01926694477,11574.896559710134,11646.53125,772831,10007.73251953125,11243.510783276299,10767.05559695733,77.14060089613648,476.4551863189681,-2270767.7015129672,98921928.0,91.18528081524414,85.04546352317224,51.997194259605905,11886.509803738036,9963.655430636964,225.9225164835581,4078.3717097874205
2024-09-23,11703.389727888652,12073.997069271792,11703.389727888652,12033.9619140625,735579,10063.75568359375,11365.1186495511,10860.900509335492,81.44370741909245,504.2181402156075,-1694111.7240509978,99657507.0,97.43438751296,91.33999118882288,53.77297437482289,12029.51872582487,10006.574340581381,240.31846668271768,4087.818163142825
2024-09-24,11928.240950712749,12169.08714974332,11928.240950712749,12136.07421875,503848,10122.5242578125,11483.727198658622,10955.357821143974,82.38488493221396,528.3693775146476,-1328389.2109557004,100161355.0,98.00591429261772,95.54186087360732,55.51303410602616,12169.516424015474,10055.981427547027,240.35616185042153,4094.3913236032186
2024-09-25,12083.750490752738,12123.444680024824,12005.727888713978,12090.8212890625,262012,10175.65572265625,11577.126289489986,11039.466226174976,80.43776093304638,537.6600633150101,-1211602.3707249498,99899343.0,95.27249385426653,96.90426521994812,57.12880385642921,12281.947097851387,10113.298702929862,232.49831672082155,4097.803327237884
2024-09-26,12152.02000685516,12363.168669093053,12084.774087680677,12309.6748046875,641805,10232.28650390625,11689.826061058833,11133.555750509237,82.58183586385647,556.2703105495966,-816444.6256436802,100541148.0,97.10785156079446,96.7954199025596,58.84595267854012,12428.651925836397,10143.490749944855,235.7766213416469,4106.33632089954
2024-09-27,12309.6744684878,12458.258373030149,12241.355168969629,12353.318359375,480852,10291.587578125,11791.90179926132,11223.908536351146,82.98239902421703,567.993262910175,-800874.9681952092,101022000.0,94.60369594147562,95.66134711884557,60.51573763389049,12562.251518152872,10182.989204503378,234.4285201072807,4112.794814939185
2024-09-30,12243.30590033947,12338.445469293774,11978.078588801824,12040.7890625,479000,10349.32236328125,11830.192147451886,11284.418204954763,70.4825311969222,545.7739424971223,-1113165.3257307294,100543000.0,76.0518369851501,89.25446149580675,60.20462475430834,12630.42060359576,10233.79004093549,244.48646656913039,4119.037583203901
2024-10-01,12107.400593944412,12191.031067064474,11812.71861002161,11856.9482421875,670828,10402.91900390625,11834.308469718902,11326.827837342373,64.3427234584395,507.4806323765297,-1627136.3408008453,99872172.0,53.6655203636636,74.77368443009647,58.931818587600596,12658.067623097171,10314.769974559078,254.04546588868283,4127.583514054984
2024-10-03,11442.014052335833,11721.773450680172,11410.805012984081,11514.6240234375,670365,10450.1997265625,11785.126247214072,11340.738665942012,54.77448589615835,444.38758127205983,-1849889.1557300063,99201807.0,14.674416592454614,48.13059131375613,55.84217876435288,12641.143172785964,10413.886319401536,267.76673469687825,4135.664498579495
2024-10-04,11372.96404566392,11652.96725976349,11351.31258450495,11483.3662109375,650553,10499.2408203125,11738.701626248445,11351.303669275012,53.9850593388411,387.3979569734329,-1930864.490388371,98551254.0,11.929547752152024,26.75649490275677,52.73333306349402,12599.821715623297,10544.802112501704,270.1873018798541,4143.4337084458075
2024-10-07,11483.366544876004,11524.913198029668,11240.130710611145,11329.9052734375,341323,10544.860625,11675.809879662145,11349.718602916679,50.16264469182456,326.09127674546653,-2056990.8089818524,98209931.0,7.3698813019381735,11.32461521551496,49.403635278684305,12536.784133676756,10684.589596791993,271.2298151326161,4147.430937198699
2024-10-08,11298.647449681044,11641.80020683565,11276.41119978155,11595.23046875,359432,10591.6000390625,11663.413047214124,11367.90466705248,55.96763565819306,295.5083801616438,-1789179.814411407,98569363.0,29.151276101363987,16.150235051818086,46.706264605371004,12458.159189755095,10864.790224307404,277.9554716984364,4151.716722642223
2024-10-09,11648.77379522637,11692.46625929829,11510.283684800872,11525.9853515625,193883,10635.6915625,11642.270324806183,11379.614347386556,54.193490976847364,262.65597741962665,-1949642.6449452227,98375480.0,23.466722722944645,19.99596004208229,44.37024848253237,12375.08969216142,11028.84224143233,271.11455046979216,4154.04901050229
2024-10-10,11529.301526423642,11733.574626836122,11511.355948305838,11539.5419921875,251378,10679.9235546875,11626.46596594177,11391.460839594032,54.49760325740294,235.00512634773804,-2137251.4659927986,98626858.0,24.57963075740129,25.732543193903336,42.341269954478506,12349.1204489428,11094.919980744698,267.6219881883987,4157.078309574709
2024-10-11,11596.109082250226,11635.75469738257,11416.266605841727,11583.3818359375,200855,10723.0846875,11619.837638248806,11405.677209693547,55.52589321677305,214.16042855525848,-2032249.9677632314,98827713.0,28.17858389692209,25.408312459089363,40.01166992986273,12346.148824999427,11112.857327344323,264.1838527135733,4159.480836598122
2024-10-14,11633.949544313577,11693.734170301717,11568.410370680498,11605.1787109375,177045,10765.38853515625,11617.58241866245,11420.455098674582,56.05760340402688,197.12731998786876,-2105409.659139079,99004758.0,29.967959154743173,27.575391269688875,38.06844860782816,12343.32747483739,11131.49283766261,254.26527749269084,4161.619417955465
2024-10-15,11654.625328529813,11654.625328529813,11183.563903117269,11236.716796875,476945,10802.55263671875,11558.987707618227,11406.844854096835,46.037683248615735,152.14285352139268,-2474721.108414439,98527813.0,4.169853640407191,20.77213223069084,36.01424355890273,12357.099749029872,11101.448004876376,269.7507166298233,4167.170740978014
2024-10-16,11252.712700126896,11391.29996687054,11099.837163328355,11329.80859375,504602,10844.1367578125,11523.729382407731,11401.138464441514,48.5403336845279,122.5909179662176,-2183035.950510756,99032415.0,16.929316825973977,17.022376540374804,34.391256445116404,12364.107577880959,11061.92923852529,271.3015799807062,4172.965627541775
2024-10-17,10944.814996787345,11008.354077507096,9822.06964002356,9869.322265625,3668914,10857.635625,11269.205210595002,11287.670597862514,27.21519615659396,-18.465387267511687,-5559666.221367946,95363501.0,1.7924598876328872,7.630543451338042,35.48050349480158,12665.542963123058,10600.040337658193,359.61853524825864,4208.685071560931
2024-10-18,9801.149887211628,9898.239067915994,9597.85206313165,9815.1943359375,1543331,10864.574765625,11045.511229878464,11178.598282164365,26.746210091634936,-133.08705228590043,-4869671.13276075,93820170.0,7.930482220279892,8.88408631129561,36.755988187453845,12846.999349165926,10242.638150834075,355.38771164369336,4222.440333211247
2024-10-21,9814.267999049896,10562.163018564253,9637.1570743824,10240.9541015625,2110278,10881.3340234375,10921.733210137547,11109.143157675338,36.07728296863229,-187.4099475377916,-4224983.954562787,95930448.0,24.799754951567923,11.507565686493592,35.86291120792171,12893.645723515268,10055.43406164098,396.074728253562,4242.407233679145
2024-10-22,10240.9542807466,10352.575557601782,10064.915782801289,10112.0703125,1191148,10893.08421875,10797.169687424079,11035.285909884573,34.63887009738825,-238.1162224604941,-5025614.901697011,94739300.0,24.077015343997868,18.935750838615252,35.0336254412133,12890.264996794913,9866.625628205087,388.33080300691427,4253.674765417412
2024-10-23,10111.729213403547,10469.755047156075,10086.81093538895,10325.072265625,1323887,10910.16923828125,10724.539314839605,10982.677491791272,38.9696449654474,-258.13817695166654,-4702101.834639538,96063187.0,34.050312285504255,27.642360860356707,33.93187040482767,12824.098365582213,9751.692064105286,387.94603934692935,4266.394974342856
2024-10-24,10244.367074132493,10331.606281637642,9957.63402769352,10047.84765625,653421,10922.4753515625,10620.43290582582,10913.430837306734,35.65805481167841,-292.9979314809134,-5040272.284560969,95409766.0,21.06994610469536,26.399091244732517,33.152769996395655,12765.869389527252,9605.623676878997,386.94791181815737,4272.464992611731
2024-10-25,10045.409483414387,10111.923938634087,9679.678555620174,9953.830078125,644769,10931.37966796875,10517.878624641078,10842.349299589569,34.584669312862204,-324.47067494849034,-4867152.141216553,94764997.0,16.66780231866335,23.929353569621014,32.92210242320844,12646.614765719169,9489.29382803083,390.18344547499703,4278.240435168423
2024-10-28,9953.830288121299,10038.338897256212,9738.195709514297,9763.796875,340768,10933.78080078125,10401.86604777322,10762.45652739775,32.457885198187256,-360.5904796245304,-5149787.501086579,94424229.0,7.76996107493074,15.169236499429841,32.70791110524889,12498.87747358017,9378.078971732328,383.7519984940626,4281.251088750268
2024-10-29,9824.947427457802,9824.947427457802,9401.72339195838,9607.361328125,1100706,10935.34513671875,10279.634552442725,10676.893920044213,30.779865196457067,-397.2593676014876,-5180861.858360442,93323523.0,8.818655885541597,11.085473093045252,33.06845137283715,12393.825135372732,9239.788536502267,386.57142970873116,4290.54308958342
2024-10-30,9577.274167996664,9809.147582807376,9528.51004290503,9694.9423828125,604822,10938.4845703125,10189.681910961152,10604.15676913816,32.87223531206453,-414.4748581770091,-5068303.420073084,93928345.0,12.793089527530874,9.793902162667761,33.40323876416911,12282.104510627229,9135.308575310271,379.0047232939893,4295.6984741881515
2024-10-31,9694.30788242411,9782.961441111369,9562.644747200038,9593.1708984375,361801,10938.1783203125,10097.910985957513,10529.268926864037,31.674086430366728,-431.35794090652416,-5329845.180995087,93566544.0,8.352818768919509,9.988188060664017,33.714112770405926,12211.897686501341,9013.370086936158,367.6698640523708,4298.759787610231
2024-11-01,9660.172584758211,9704.060294633438,9595.608696634692,9631.8408203125,53757,10937.4322265625,10026.207883550587,10462.792770823182,32.67816879503722,-436.58488727259464,-5347683.295363353,93620301.0,10.214267413002597,10.453391903151017,34.002781490482974,12121.34437798583,8918.77085638917,349.3284020626256,4299.2141378967635
2024-11-04,9651.882778255807,9651.882778255807,9133.520155445423,9290.1015625,1125992,10920.2496875,9912.960757235112,10375.926755391834,28.668608354744734,-462.965998156722,-5793420.184621348,92494309.0,6.935193868871653,8.500760016931276,35.03164872903186,12059.37758896685,8776.757274314401,361.4022749731798,4308.206088621551
2024-11-05,9294.44180419678,9759.94392988644,9265.378577497473,9630.767578125,1019901,10909.3713671875,9869.546421987403,10320.729779297995,36.970913442027474,-451.1833573105923,-5306298.4814380305,93514210.0,26.522211745175564,14.557224342349961,35.54906143480015,11901.657656865002,8738.03091735375,370.9139233600217,4316.634326713925
2024-11-06,9639.107508662646,9805.490323352753,9605.362162472822,9772.818359375,514045,10899.98720703125,9854.665181585495,10280.14374819259,40.101552892118654,-425.47856660709476,-4960094.525388065,94028255.0,44.74863665604591,26.068680756697734,35.84244177913312,11728.945708259293,8735.426166740708,358.7149403257295,4321.014368140372
2024-11-07,9821.679481888574,9830.652271298852,9547.96702199337,9613.0185546875,473407,10884.3807421875,9817.48877744734,10230.727067192212,37.82544231711298,-413.2382897448715,-5215620.677244832,93554848.0,33.56320964606208,34.944686015761214,36.21991863705933,11527.984962815688,8743.734568434313,353.28424810999746,4324.994195659687
2024-11-08,9613.018993356112,9744.09639479338,9535.58117899638,9665.4404296875,273163,10866.8754296875,9794.096723945828,10188.853982932604,39.04764613944008,-394.7572589867759,-5148542.392109333,93828011.0,39.80739296225911,39.37307975478905,36.59411775925255,11275.447383113833,8804.478007511168,342.9436029447834,4327.281257853341
2024-11-11,9606.581082799856,9784.912057229054,9557.768384748324,9674.16796875,359768,10847.91203125,9775.646146223393,10150.729092993151,39.261716913185566,-375.08294676975856,-5139584.773827647,94187779.0,40.46053704019341,37.94371321617155,36.74358309456376,10956.28693338983,8930.53738301642,334.6721793402081,4330.303946771707
2024-11-12,9655.296620750967,9751.849586958477,9423.179388858165,9439.466796875,316606,10819.6795703125,9723.926246323641,10098.042996984399,35.63698424375701,-374.11675066075804,-5424811.651945692,93871173.0,25.536281135475836,35.26807037930947,37.167311789704044,10696.092857299358,9011.006459106891,334.24346639450124,4332.894458458579
2024-11-13,9439.466655178221,9469.992806076494,9183.356906496492,9218.5166015625,494123,10788.636328125,9646.17091636039,10032.892893619814,32.58688893527217,-386.7219772594235,-5797713.171799225,93377050.0,8.687256486281079,24.894691553983463,38.01524468748267,10304.84124400381,9191.128873183688,330.8429259077513,4336.740267514109
2024-11-14,9177.408612970174,9281.715270102986,9167.655787664147,9248.5556640625,275791,10759.75333984375,9584.999339083792,9974.793839578531,33.42119448510597,-389.7945004947396,-5682279.219086644,93652841.0,12.713652282097884,15.645729967951624,38.83087607304967,10311.233443793388,9122.66001323786,315.3583942314004,4338.859091076976
2024-11-18,9225.2452236581,9365.637322142791,9202.618480442465,9281.275390625,292519,10733.630390625,9538.27257778244,9923.42210261901,34.37391438765002,-385.14952483657,-5692516.239044346,93945360.0,21.194725048450085,14.198544605609706,39.13158317821378,10311.82731717543,9068.674245324572,304.4769976220379,4341.127613923633
2024-11-19,9323.700254849282,9458.87402192582,9265.622375232017,9309.75390625,365397,10708.57734375,9503.115859085141,9877.96519918427,35.24249812178573,-374.8493400991283,-5891026.909067266,94310757.0,25.27982096891799,19.72939943315534,38.91327722807104,10231.897195243815,9055.484347724934,296.53232969859255,4343.993661298167
2024-11-21,9239.339146851164,9317.849391356522,9181.65080361444,9270.060546875,282212,10682.38908203125,9467.261195668196,9832.935224939138,34.55599303472826,-365.6740292709419,-5806857.863879084,94028545.0,19.586013658605303,22.020186558657816,38.91649447816787,10169.869283833736,9033.311282572513,285.0799195588417,4346.165973067955
2024-11-22,9309.071853940743,9365.541094034967,9210.665464583088,9247.2880859375,619823,10653.011640625,9433.419178786551,9789.55395538346,34.1450500031073,-356.13477659690943,-6133548.327584097,93408722.0,16.31942180038601,20.39508547596979,38.65303375316718,10029.100709446611,9066.30143899089,275.7796131226301,4350.947733871839
2024-11-25,9323.700732233978,9398.163170396683,9159.853271667524,9188.087890625,1090141,10614.0042578125,9395.675903684774,9745.0009135495,33.04487882446203,-349.32500986472587,-6965372.607136797,92318581.0,7.827459664912277,14.577631707967887,38.546636873295334,9952.137658252237,9057.288513622761,273.1032049516679,4359.2914460048705
2024-11-26,9231.048299468117,9249.57866583789,8894.673004765022,8911.5947265625,750430,10563.56166015625,9321.201876435194,9683.267121920833,28.436441356851788,-362.065245485639,-7644242.364056457,91568151.0,1.8079163078199119,8.651599257706089,39.09321665186788,9920.941862986672,8984.260773732078,278.9462375317536,4364.7490723022465
2024-11-27,8948.21729399831,9028.141888542383,8877.996951200721,8963.1875,461513,10513.88466796875,9266.12274159901,9629.927890667437,30.387305992118456,-363.80514906842654,-7582040.792734814,92029664.0,8.94243143370088,6.192602468811046,39.637816406818004,9903.966570239976,8921.175128978775,269.7461446610327,4368.054401657442
2024-11-28,8938.561433275045,9043.210009495695,8769.984230847738,8790.708984375,687966,10461.71,9192.982163564548,9567.763527238369,27.67150010426819,-374.78136367382103,-8165639.4387048185,91341698.0,1.9539340054450327,4.2347605823219645,40.38340217195916,9923.602630196394,8819.873834647355,269.994689945813,4372.8779130091025
2024-11-29,8835.181506348708,8866.196252460637,8770.715712670659,8810.361328125,423101,10404.8188671875,9134.11741965077,9511.659660637379,28.456090922975235,-377.5422409866078,-8237378.79828586,91764799.0,3.9783220272149493,4.958229155453643,41.075731811018805,9909.631244445023,8745.387114929978,257.52939350611047,4375.8048582317615
2024-12-02,8854.394301015096,8948.2166651443,8833.084760008418,8904.669921875,298320,10353.4351171875,9098.817804608345,9466.697457766091,32.253954113675974,-367.87965315774636,-8164728.03283497,92063119.0,13.270469833059774,6.400908621906608,41.15485892768844,9889.547994105033,8696.620267613718,248.98124661419547,4377.903212775114
2024-12-03,8879.946919438655,8997.029389874018,8879.946919438655,8935.3427734375,398985,10300.64892578125,9073.66779981283,9427.337851519529,33.490577329826564,-353.67005170669836,-8186165.228700944,92462104.0,16.84126459505228,11.363352151775691,40.89718483185373,9852.870531550718,8663.64792548053,239.55990545856463,4380.732727506392
2024-12-04,8935.342993930333,9011.610275709621,8729.753633969352,8776.7138671875,456462,10243.252578125,9027.982579408934,9379.14348230975,30.399998237225617,-351.1609029008159,-8490524.64319597,92005642.0,6.343927069472968,12.151887165861696,41.0928964308971,9862.749611266718,8602.430076233282,242.58110090725782,4383.89596787619
2024-12-05,8820.601267266647,8820.601267266647,8530.308061232525,8672.1630859375,1803653,10176.0166015625,8973.241118874867,9326.774564059953,28.53118188116477,-353.53344518508675,-8531427.185686966,90201989.0,15.276784925333903,12.820658863286406,41.767322455048166,9831.97610697046,8537.343131310789,245.9891084163196,4395.890068437458
2024-12-06,8732.582387329687,8922.81104911484,8709.369901811526,8874.9736328125,746013,10110.79458984375,8958.12304409604,9293.307828411993,36.664839391083994,-335.18478431595213,-8119813.947858817,90948002.0,37.11804935458087,19.5795871164626,41.71329225124816,9740.560462973204,8538.974302651797,246.32188375639248,4401.017753840673
2024-12-09,8871.169424491429,8944.315610379386,8803.290144957122,8853.078125,304202,10046.0397265625,8941.962287312033,9260.698220751845,36.18603355868063,-318.73593343981156,-8209223.490912775,90643800.0,34.76005770516135,29.051630661692062,41.52077494518331,9673.453877248478,8530.086845407772,238.8007110182405,4403.119949561665
2024-12-10,8850.785940610824,8870.097296281187,8758.036954721532,8790.513671875,393944,9975.65650390625,8918.66250032172,9225.869735649856,34.78806553203805,-307.20723532813645,-8374826.086911344,90249856.0,29.982609757645182,33.95357227246249,41.477187207263555,9582.426950786985,8533.621096088014,229.74782748548432,4405.802403808849
2024-12-11,8821.478225085668,8883.262938985692,8790.85492798793,8845.6650390625,254311,9905.5034375,8907.432121666456,9197.706424791533,37.09509981444411,-290.2743031250775,-8327457.308134966,90504167.0,36.33751469570759,33.693394052838066,41.33979041073047,9465.182040421854,8568.015713484396,219.962216030142,4407.545582905208
2024-12-12,8870.194645714793,8870.194645714793,8722.926983097648,8741.701171875,599056,9839.5216796875,8881.93505246777,9163.928257908827,34.609489810571816,-281.9932054410565,-8773773.864426352,89905111.0,24.358110980768487,30.22607847804044,41.43149088069152,9400.88642991227,8562.53476149398,214.76974792921365,4411.58936910306
2024-12-13,8742.579138511748,8827.282043976595,8683.671693631268,8798.4140625,243931,9778.35099609375,8869.085669395805,9136.853132322987,37.08604204917932,-267.76746292718235,-8627910.943400249,90149042.0,37.27470572978225,32.65677713541947,41.64221197220906,9372.34563380476,8549.06530369524,209.6869338160789,4413.230629442754
2024-12-16,8839.96029219768,8854.345708604335,8748.28374018239,8775.9326171875,228470,9723.57716796875,8854.754430594527,9110.118279349988,36.495970316957504,-255.36384875546173,-8737263.05367324,89920572.0,47.88918365132533,36.507333453958715,41.60849348589583,9333.89991334848,8540.24871946402,202.28515057364066,4414.774874155361
2024-12-17,8767.594284312252,8767.789531293914,8632.615759979171,8675.1376953125,456493,9667.41259765625,8827.121086704985,9077.897495347212,33.89225278023525,-250.77640864222667,-8906555.872198388,89464079.0,28.237294588255896,37.800394656454515,41.96742923745296,9286.008526627846,8527.526336653404,198.07312961897554,4417.785973490953
2024-12-18,8606.867861747076,8783.637810748964,8582.48579981578,8735.361328125,303382,9615.52171875,8813.004200769603,9052.524445923345,36.79374871988109,-239.5202451537425,-8748797.232198387,89767461.0,42.60384862663725,39.57677562207285,42.459088169463215,9215.569550937245,8540.526054531503,198.2930497128475,4419.788828662829
2024-12-19,8604.91783216213,8780.468688989647,8545.961812259351,8760.6220703125,516640,9558.82955078125,8804.94541146851,9030.90204772995,38.02250976672704,-225.9566362614387,-8319605.047941156,90284101.0,47.85226457563598,39.56446926350973,43.0309623328399,9141.277484563598,8563.8742732489,200.87975164266527,4423.191425806397
2024-12-20,8728.778001330053,8842.642228330642,8542.88954575747,8570.05078125,316335,9499.710859375,8768.807776050278,8996.764916879582,32.83622176020984,-227.95714082930317,-8578612.458037557,89967766.0,8.257331635312147,32.904481612528485,42.974049296236565,9070.838297162716,8566.589730181035,207.94210385198713,4425.250798093949
2024-12-23,8631.201342135737,8655.583404044704,8504.366046570143,8551.7158203125,514460,9439.9543359375,8735.409013629082,8963.798317133871,32.378626545913164,-228.3893035047895,-8770892.980677085,89453306.0,9.334709203628394,21.81476847152553,43.06651333808564,9002.50421114404,8571.286609168461,203.89033625359957,4428.531358801441
2024-12-24,8528.84522973953,8635.151019338342,8515.19127511216,8561.078125,297827,9379.50826171875,8708.588876916914,8933.96719179062,32.89288839300093,-225.37831487370568,-8840871.164731327,89751133.0,12.890586352404355,10.160875730448323,43.152372805516926,8998.164775692707,8540.574384463542,197.89529396592687,4430.4281049749625
2024-12-26,8592.239045473263,8678.698222286497,8580.145161193213,8659.0458984375,240675,9320.58560546875,8700.966880227774,8913.60265154224,38.19005716600503,-212.63577131446618,-8696181.474368345,89991808.0,35.15854193105284,19.12794582902855,42.77731739636953,8969.437686976778,8538.887313023222,192.1613513459676,4431.985062477319
2024-12-27,8676.356645236536,8952.264436062922,8676.356645236536,8707.6142578125,713799,9270.0035546875,8701.989553702348,8898.344252006704,40.689602276266456,-196.35469830435613,-9248247.798880756,90705607.0,45.37819648615496,31.142441589870742,40.16429064257754,8965.508523434288,8534.50700390946,199.37972179450006,4436.748778092663
2024-12-30,8707.321763198035,8740.920434276772,8521.579029052667,8562.8828125,1065253,9214.6650390625,8680.588516594295,8873.49525648769,36.015614090019305,-192.90673989339484,-9912309.065986851,89640354.0,13.064741312448996,31.200493243218958,38.56123126703918,8965.89412839906,8509.37354738219,200.80555632518605,4443.56057339164
2024-12-31,8553.227419002891,8621.25337253487,8524.11561770839,8581.1201171875,294554,9188.90099609375,8665.285685916326,8851.83783876175,36.997685588900836,-186.55215284542464,-9861149.839043034,89934908.0,17.13649176195447,25.193143186852836,37.0726761326107,8945.900135150945,8497.012560161556,193.4007133609927,4445.425307672379
2025-01-01,8537.67119597237,8550.30129426614,8339.640283708197,8524.5048828125,558535,9163.08720703125,8643.627100823429,8827.59095313588,35.19188824415458,-183.9638523124504,-9439405.207921438,89376373.0,30.175858786132512,20.12569728684535,36.5437407105734,8918.39004093972,8483.438865310281,196.8349362265863,4448.867675472899
2025-01-02,8524.456392523593,8882.189810502516,8463.062170815196,8855.0771484375,734590,9135.36966796875,8676.157877379439,8829.626967602666,50.41122216060116,-153.46909022322689,-8799853.991052983,90110963.0,84.13590335087736,43.816084632988144,34.019155330217,8930.306208429654,8479.359025945345,212.71298647378157,4453.6804073806325
2025-01-03,8875.071074364681,8884.775326079214,8723.90228133979,8744.0908203125,337802,9108.010078125,8686.609099369141,8823.290956692284,46.465850498665986,-136.68185732314305,-9052872.006848471,89773161.0,66.01935869647463,60.11037361116153,31.661607720215446,8933.998031048746,8482.859976763755,209.01013349275607,4455.916153342494
2025-01-06,8782.370325689722,8869.121894419492,8577.609574636921,8605.74609375,238306,9073.6235546875,8674.168636966197,8807.176522400263,42.0482500830438,-133.00788543406634,-9245175.825336812,89534855.0,43.437041947983964,64.53076799844534,30.184749825122882,8911.110830992124,8478.824422914126,214.90314679917137,4457.455552961211
2025-01-07,8650.755805943129,8668.262317365612,8519.189815252801,8592.53125,270785,9044.5172265625,8661.609038971397,8791.276872592836,41.641003143607136,-129.66783362143906,-9249516.509630736,89264070.0,41.27995367465904,50.2454514397059,29.077407125262727,8889.636923179927,8474.243643226322,210.20095789300277,4459.165838189904
2025-01-08,8559.078793499957,8612.670754689325,8399.132471470104,8428.634765625,415288,9014.0133203125,8625.766843071951,8764.414494298922,36.871306891894285,-138.647651226971,-9550052.732569566,88848782.0,14.526766790819085,33.08125413782073,28.5620879257932,8892.545773244834,8435.146902536417,210.43933827344694,4461.714327386689
2025-01-09,8504.414552099859,8678.06340513997,8477.252363896227,8617.44921875,612457,8991.0863671875,8624.487208560882,8753.528177591596,44.72618200054455,-129.0409690307133,-9307332.202475935,89461239.0,45.34736901475354,33.71802982674392,27.6740499824303,8865.98071221168,8438.89038153832,213.22428836212717,4465.570336286417
2025-01-10,8614.134255317073,8636.126685584315,8428.488656804204,8547.3759765625,350859,8969.88666015625,8612.623942099592,8738.257644182033,42.607340024550226,-125.63370208244123,-9256408.481187921,89110380.0,33.909158177299354,31.26109799429069,27.06754860377091,8856.816804901759,8428.621769316993,212.8252698205546,4467.747435729985
2025-01-13,8489.346794966465,8533.625002863824,8339.640926389595,8383.7724609375,341577,8943.66326171875,8577.416021920808,8711.999482460216,38.07239485598092,-134.5834605394084,-9442567.392752478,88768803.0,7.2037932327143155,28.82010680825577,26.88925085462068,8851.510603850635,8392.463810211866,212.46168270286537,4469.803147735609
2025-01-14,8406.934834255306,8483.00686639822,8314.283000235091,8398.3525390625,355464,8919.76689453125,8549.86779378876,8688.766375541867,38.69859041307719,-138.89858175310655,-9443799.413254648,89124267.0,13.177427132863528,18.096792847625764,26.831882707212426,8840.843302795633,8365.373103454369,209.33755295002706,4471.929091505945
2025-01-15,8410.739482393352,8581.511074273396,8349.686223900493,8365.9736328125,347402,8894.44955078125,8521.576384407797,8664.85580200636,37.78483444424064,-143.27941759856185,-9742386.297690054,88776865.0,8.102215781613811,9.494478715730581,26.08065695105456,8844.108699946975,8331.191300053024,210.94378848023248,4474.022484883553
2025-01-16,8407.910764519054,8426.343985466689,8338.37331000796,8369.826171875,290855,8876.04404296875,8498.23019786429,8643.001755329962,37.972501873490025,-144.77155746567223,-9825257.851146447,89067720.0,9.736006800393856,10.338549904957096,25.43984084548485,8833.11671983664,8305.629764538358,202.15999469298214,4475.749454161101
2025-01-17,8354.122658707545,8452.382363961253,8320.426841088021,8369.2890625,183057,8850.81447265625,8478.393100115938,8622.726741046261,37.95531228111998,-144.33364093032287,-9872745.35818016,88884663.0,9.641858404233528,9.160026995413762,24.65247246637324,8811.952962576323,8287.660221017426,197.14538956299995,4476.8362839722395
2025-01-20,8387.42942712161,8396.791758070533,8253.523331519982,8333.2041015625,294136,8822.0221875,8456.056331107717,8601.28061960302,36.75160505776593,-145.22428849530297,-9839705.531076947,88590527.0,12.622656360579823,10.666840521735766,24.286995583368107,8816.28263401118,8259.64588161382,193.29703506211072,4478.557707130824
2025-01-21,8370.313574565092,8396.011887752686,8204.17362741031,8259.228515625,343149,8794.94638671875,8425.77512872576,8575.94342671576,34.34679192749175,-150.1682979899997,-9985896.637461087,88247378.0,8.089149398593147,10.117888054468864,24.2083239064118,8826.830472326761,8219.84931282949,193.19283686784397,4480.542471510757
2025-01-22,8271.175826809864,8323.987756376018,8187.496776859409,8251.71875,344305,8766.671953125,8398.997224306411,8551.926783996074,34.10283220836523,-152.9295596896627,-10006195.662260646,87903073.0,9.210375568336366,9.974060442503143,24.224372952143764,8832.864652899076,8182.879194757174,189.14270419989865,4482.515080550571
2025-01-23,8230.555482266007,8292.046851847828,8168.625045085447,8192.32421875,347894,8737.035078125,8367.201377297733,8525.28955694081,32.15739353322748,-158.08817964307673,-10220486.038409483,87555179.0,3.383194897605002,6.894239954844868,24.344023481366623,8829.18833062578,8139.883349061718,184.44835438293313,4484.486766628376
2025-01-24,8206.41746274084,8280.099865254622,8153.361713682081,8193.8359375,232317,8712.1224609375,8340.529771175004,8500.737436982232,32.26330922247621,-160.2076658072274,-10304420.721987177,87787496.0,7.713758975211365,6.769109813717608,24.543106128152736,8809.69468042616,8107.999167230089,180.3261970393337,4485.799243813491
2025-01-27,8170.965117642021,8210.85455168523,8085.43265442989,8177.35302734375,324406,8691.299189453124,8315.425656739428,8476.783036268269,31.682511442914958,-161.3573795288412,-10153319.316214394,87463090.0,15.510564175706785,8.869172682841082,25.11202838246438,8807.389528259984,8071.751340880641,176.40446134047698,4487.605241338138
2025-01-28,8218.169472119482,8279.17320245136,8154.678009455135,8190.81298828125,651069,8670.1443359375,8296.254476976632,8455.600069750712,32.7471961682206,-159.3455927740797,-10426440.156721149,88114159.0,17.781786335773994,13.668703162230747,24.939864855057955,8797.064733201616,8043.045423048385,172.6966564587447,4491.27408716656
2025-01-29,8212.024812604042,8589.312443294195,8212.024812604042,8412.6396484375,802600,8652.77162109375,8314.15988797061,8452.417816320103,47.31859128459229,-138.25792834949243,-10375508.505310263,88916759.0,59.41720365511913,30.903184722200006,23.86538492946251,8788.41393512469,8040.50969768781,188.82542778404473,4496.025378845643
2025-01-30,8445.897984126503,8606.185284076986,8389.867813301715,8531.576171875,322587,8637.20806640625,8347.608547032823,8458.28139821306,53.17647837182104,-110.67285118023574,-10275445.64625592,89239346.0,85.6728304468578,54.29060681258367,22.966297574342004,8718.768340469318,8077.805194686932,190.78914514056095,4497.982799069494
2025-01-31,8582.486178204394,8738.434234162183,8527.91893071151,8629.1044921875,315913,8624.3889453125,8390.915615518159,8470.934960729684,57.36315015077687,-80.01934521152543,-10287667.334901404,89555259.0,83.25735413695257,76.1157960796432,22.857391899720227,8691.394433401709,8093.6804689420405,192.1981564484261,4499.956409752693
2025-02-01,8668.213540319563,8951.142606972722,8588.629918447794,8929.2958984375,418755,8618.0291015625,8473.743351351904,8504.887622782115,67.11098048367785,-31.14427143021021,-9919384.600961342,89974014.0,97.47644017825459,88.80220825402169,23.685323483729256,8778.578419130921,8038.851463681579,204.36348016817624,4502.69053155292
2025-02-03,8923.835278078353,8923.835278078353,8666.896901362908,8705.908203125,667412,8608.3855078125,8509.461020855457,8519.778036140846,56.71902487904023,-10.317015285389061,-10384128.465010004,89306602.0,71.67245182668859,84.13541538063195,24.454117097451924,8798.54199699354,8030.22558113146,208.5088742329202,4506.983158014781
2025-02-04,8728.778335861476,8835.7184424767,8658.167502208358,8691.1328125,440468,8603.97626953125,8537.41052726231,8532.47098253782,56.10024967763217,4.939544724489679,-10661035.919832448,88866134.0,69.96571499391906,79.70486899962077,25.09290961117932,8830.206919367065,8024.810463445436,206.2975932354503,4509.786694802929
2025-02-05,8709.272765119747,8746.33350029047,8675.137877462505,8707.126953125,329075,8598.85505859375,8563.5207466258,8545.408461840574,56.651545102988635,18.11228478522571,-10694395.968393022,89195209.0,71.81323223430896,71.15046635163891,25.6860740882119,8844.917795947977,8019.067360302025,196.64745249205848,4511.869469844791
2025-02-06,8701.469950860293,8740.140280670124,8593.213599756786,8627.689453125,580590,8595.59466796875,8573.392855317985,8551.503350083865,53.08580191011737,21.889505234119497,-11002518.972165732,88614619.0,62.637237460693406,68.1387282296405,25.489587416644586,8854.863263405694,8017.1532405005555,193.0959688078642,4515.490269604514
2025-02-07,8670.7978294379,8802.900037435582,8632.274169845756,8767.205078125,244178,8594.73154296875,8603.210120365218,8567.48125586469,58.076669457859175,35.72886450052829,-10860505.12696425,88858797.0,78.7529843791854,71.06781802472929,25.641652959282812,8897.177469752018,8013.182295872982,191.8184413437726,4517.040740327056
2025-02-10,8767.204994765923,8845.617137279913,8627.2024282221,8661.044921875,192650,8589.85904296875,8612.107782135954,8574.41189779138,53.41976721200684,37.69588434457364,-10993454.418798981,88666147.0,66.49019868079093,69.29347350688994,26.003336457036,8918.316732439358,8018.312271466894,193.71817475191838,4518.256596242695
2025-02-11,8611.744011115114,8658.021353732176,8516.702546124805,8545.4248046875,282926,8582.06068359375,8601.848862528499,8572.264705709611,48.82760344902634,29.584156818888005,-11161374.15935351,88383221.0,53.13467275113153,66.12595193703599,25.347836136761412,8925.923270933392,8028.650850160358,190.191331966081,4519.982241197304
2025-02-12,8516.166651458556,8601.406721541593,8433.26764030716,8496.2705078125,411042,8576.45181640625,8585.606038726037,8566.63550586538,46.97863894940262,18.97053286065602,-11264375.643430592,87972179.0,47.45675525340379,55.69387556177546,24.07590650895446,8929.565635415092,8037.652919272408,188.61617119953468,4522.447718974154
2025-02-13,8499.635870952385,8560.103388156429,8437.608282661202,8476.521484375,206920,8572.538984375,8568.82379959511,8559.96039316239,46.221327712585826,8.863406432719785,-11339830.4772745,87765259.0,40.40901201672786,47.000146673754436,22.894828997419435,8931.868528188092,8046.073268686907,183.89323793494128,4523.681818769658
2025-02-14,8484.95739012079,8507.09649241665,8211.781154426955,8296.240234375,369356,8560.96431640625,8526.887866484323,8540.425566585545,39.89838928576997,-13.537700101222072,-11497917.6136547,87395903.0,11.42324632386981,33.09633786466719,22.25467030999007,8932.90405275451,8041.341357401741,191.85195936742363,4525.797909310436
2025-02-17,8284.048994502657,8340.663949312237,8175.45167644506,8326.1328125,224417,8550.42541015625,8496.002473563658,8524.552029245875,41.331497659992394,-28.549555682217033,-11312977.512960035,87620320.0,19.42540902888209,23.75255578982662,21.865796291075522,8930.323174377172,8050.6126654665795,189.94912461740597,4527.063063580907
2025-02-18,8299.75074770888,8338.664898203535,8183.058774710799,8237.8203125,206278,8539.37154296875,8456.282141092326,8503.312642820254,38.41702402221813,-47.03050172792791,-11374067.13298464,87414042.0,8.040397740955132,12.963017697902382,21.504698987797727,8931.176036873985,8048.369959219766,187.49605310850094,4528.216672118991
2025-02-19,8231.433116878201,8316.917011498968,8197.298228369518,8269.908203125,200819,8527.85640625,8427.60922755889,8486.02342506505,40.07059420863047,-58.414197506159326,-11331087.25560196,87614861.0,12.177082773893739,13.214296514577024,21.169394349039777,8925.797312114397,8061.507082416852,182.6476766814259,4529.341533958885
2025-02-20,8250.840974953004,8426.440390050157,8250.792401315231,8416.8828125,188845,8521.3600390625,8425.959009857523,8480.90189820838,47.07980650263511,-54.942888350857174,-11162793.59519268,87803706.0,32.26034556717089,17.492608694006623,19.92504083783356,8916.450810240396,8093.158271790852,182.14769897096156,4530.427977182105
2025-02-21,8338.66561540815,8401.083697207698,8241.137362596359,8295.8017578125,222132,8511.30779296875,8405.934817235211,8467.190776697575,42.65386013501341,-61.255959462363535,-11233090.775499463,87581574.0,17.958263802123575,20.79856404772944,18.841788992001742,8906.459063507975,8114.994891570151,181.69039546615295,4531.687805148107
2025-02-24,8241.625148488203,8278.637311564653,8135.416498342628,8238.1630859375,275998,8500.55240234375,8380.123781650947,8450.2257625672,40.69271128295141,-70.1019809162517,-11113086.93686937,87305576.0,14.467262061129338,21.56195714347464,18.585707021610034,8901.64394702613,8124.545017817619,180.16860003784717,4533.212555101606
2025-02-25,8241.1372424138,8258.789474945572,8158.286802373545,8209.8310546875,237383,8491.24626953125,8353.924900579648,8432.418747168702,39.725828968647726,-78.49384658905365,-11106979.312512595,87068193.0,10.477962460893142,14.301162774715388,18.347916620532022,8911.530703772269,8094.377401696481,174.47817664743144,4534.51996709783
2025-02-27,8153.458545704139,8205.978077841162,7981.126420055571,8028.8662109375,350992,8477.1163671875,8303.915871403933,8402.525966707131,34.14514826133433,-98.61009530319825,-11308928.29591889,86717201.0,5.522302314038674,10.15584227868709,19.19496232573146,8935.197738660916,8020.4393707140825,178.35149507489558,4536.379388333947
2025-02-28,8031.207655013034,8031.207655013034,7691.370273673645,7707.56005859375,580155,8456.055126953124,8212.16882327929,8351.047010550585,26.915381856847503,-138.87818727129525,-11833806.35944236,86137046.0,1.4026275860540358,5.800964120328654,21.16334016512164,8992.798745119253,7870.683920896372,189.88620123664512,4539.221159455423
2025-03-03,7738.818202182401,7800.601968691989,7489.779716113691,7524.109375,497052,8435.136298828125,8106.313523544015,8289.79237088017,23.814901220538133,-183.478847336155,-12221061.68003982,85639994.0,2.9385751869186265,3.287835029003817,23.564787472937617,9002.01847976478,7720.945533907095,198.52449061819172,4541.499435524753
2025-03-04,7462.959413389173,7490.169700260969,7136.190721662859,7152.0390625,1078953,8407.142763671874,7959.502067998782,8205.514348037193,19.027493393363358,-246.01228003841152,-13203400.949139884,84561041.0,1.0816385323701683,1.8076137684476479,26.51084188689148,9093.088522789381,7474.488576819993,212.0526450981167,4545.8770186958955
2025-03-05,7150.966663079642,7259.32016977054,7120.537658058217,7236.888671875,749464,8380.658974609374,7848.330776287431,8133.764297951106,22.837012753200867,-285.4335216636746,-12696209.551521242,85310505.0,8.082368966149618,4.0341942284795085,29.272757119179634,9116.52219277182,7305.630492775057,206.81906414198858,4548.849275701586
2025-03-06,7296.088304491985,7314.618671793862,7194.610351936825,7277.8017578125,917093,8353.034091796875,7760.557081137442,8070.3596653482455,24.67717565831532,-309.8025842108036,-12341819.773000086,86227598.0,11.342043039021128,6.835350179180343,31.38582646028937,9101.061865844847,7178.158300170776,200.61829669306343,4552.554810603471
2025-03-07,7277.80171663759,7435.553658433447,7266.927412182809,7387.52099609375,942308,8326.6322265625,7703.166914207643,8019.779023181246,29.53064995965866,-316.6121089736034,-11936338.78528761,87169906.0,20.444350983805197,13.28958766299202,32.409722765784785,9064.765606685201,7090.437713627299,198.33315023289015,4556.4932056325815
2025-03-10,7385.814540351055,7385.814540351055,7170.277102952721,7200.90087890625,495241,8299.392587890625,7625.895216468966,7959.12138286458,26.41314847999982,-333.2261663956133,-12290851.106223164,86674665.0,6.1538443009038035,12.646746107910081,33.61807226842362,9003.56223205792,6995.010668332705,199.68391758347147,4558.476970930208
2025-03-11,7173.690562268056,7330.174832790434,7146.870293018873,7314.5703125,412703,8274.061591796875,7577.9990773968175,7911.376859133869,31.178836358923135,-333.3777817370519,-11948414.04012146,87087368.0,14.858124551575,13.81877327876137,34.80176101988066,8930.27243628498,6933.653003168144,198.5139620254779,4560.134961328871
2025-03-12,7314.570002288933,7381.913066826451,7246.2026054234975,7329.29638671875,529286,8250.157421875,7539.737124984807,7868.259787103119,31.795103343096258,-328.5226621183119,-11829549.931839801,87616654.0,15.98577930395367,12.33258271881086,35.48289108403334,8860.70508627437,6881.60751138188,194.02799769529753,4562.3017422580815
2025-03-13,7358.750150898272,7358.750150898272,7231.719607555838,7319.20263671875,454776,8219.439931640625,7505.808742174645,7827.588887074648,31.586319849097237,-321.7801449000026,-11657938.276969362,87161878.0,15.514083257208254,15.452662370912345,36.161529223029625,8786.022027594183,6838.583782952692,189.24246524152161,4564.150048103813
2025-03-17,7314.618564608781,7422.87491936499,7249.274638764942,7301.01318359375,286383,8190.57837890625,7474.3017331621995,7788.583279409396,31.188865476837663,-314.2815462471963,-11773618.330724189,86875495.0,15.583764746764091,15.694542435975373,36.24847126233014,8701.34440465158,6805.710575817171,188.1251663385592,4565.321673751456
2025-03-18,7301.01318359375,7301.01318359375,7301.01318359375,7301.01318359375,0,8164.483720703125,7447.641956305515,7752.466976015644,31.188865476837663,-304.8250197101288,-11773618.330724189,86875495.0,15.85550076511703,15.651116256363162,36.32920315596634,8636.771255281303,6770.761020109324,174.68765445723355,4565.321673751456
2025-03-19,7484.3179881764345,7575.653100074049,7430.921270708013,7530.9853515625,409356,8143.252802734375,7460.464017114282,7736.060929759855,41.90737202459658,-275.59691264557296,-11616936.686320838,87284851.0,37.81393119544599,23.084398902442405,34.375906958742455,8554.333727246443,6773.683802050432,181.82710174459535,4567.1087466447
2025-03-20,7543.761470774328,7755.397770662862,7531.131372070313,7724.2373046875,606109,8129.164853515625,7501.044522894777,7735.185105680421,49.08461845133671,-234.14058278564335,-11179258.079731438,87890960.0,66.29181247301327,39.9870814778588,32.26870314423387,8489.74867728347,6786.910551232155,184.86891012715014,4569.892271262378
2025-03-21,7772.026333966735,7949.527751055698,7741.792576110923,7868.43310546875,703280,8114.18453125,7557.565843290773,7745.055327886964,53.682861853087,-187.48948459619078,-11025064.120297754,88594240.0,90.21765805502885,64.77446724116274,31.18745888911565,8427.02889236603,6809.48282638397,187.75616271579642,4573.306061725764
2025-03-24,7917.148103578892,8010.921897107962,7870.529790472111,7924.70654296875,453508,8101.731142578125,7614.049027856616,7758.36282530043,55.376580678059014,-144.3137974438141,-11128558.273223368,89047748.0,90.31706196515515,82.2755108310658,30.432270721352932,8330.473244085015,6856.820847711861,184.52277906746895,4575.558703618177
2025-03-25,7958.305323741569,7966.059010221992,7755.446560587372,7808.11181640625,824076,8090.2179296875,7643.904841479636,7762.047935752713,51.1990322252039,-118.14309427307671,-11540501.244720161,88223672.0,77.22218433266978,85.91896811761796,29.057118661667225,8240.924079072167,6897.601018584082,186.3863269651226,4579.532202932545
2025-03-26,7816.255543326521,7848.537489914551,7714.484717331428,7779.92626953125,391366,8077.849404296875,7664.831215026039,7763.372256773346,50.21288273262206,-98.54104174730674,-11549755.065692244,87832306.0,73.265991697309,80.26841266504469,27.54901307679762,8153.32653647689,6939.374879538735,182.6482159378369,4581.379981382076
2025-03-27,7705.706809522241,7840.393414117286,7658.161789023037,7777.19482421875,651971,8066.073828125,7682.11792413261,7764.396150658191,50.11214903896901,-82.27822652558098,-11349995.89043373,87180335.0,72.94987107446963,74.47934903481617,25.830004557184626,8062.459058996332,6986.978733972419,182.61845944900918,4584.431920849417
2025-03-28,7773.391413088225,7826.544308451572,7617.687659802979,7684.1044921875,392400,8052.35939453125,7682.423549987208,7758.448620401103,46.675425169032174,-76.02507041389435,-11492827.919327041,86787935.0,62.1761705696961,69.46401111382495,24.00471857178882,7999.643107600094,7015.318513493656,184.492615820408,4586.237566473484
