Date,Open,High,Low,Close,Volume,SMA_50,EMA_12,EMA_26,RSI,MACD,ADI,OBV,SO_K,SO_D,ADX,BB_High,BB_Low,ATR,VWAP
2020-04-01,238.8450190635956,240.54377451239503,228.16712767114197,237.63162231445312,4034211,,,,,,2135758.764705876,4034211.0,,,0.0,,,0.0,235.4475081659967
2020-04-03,238.79648023123548,245.39736150896485,231.9043807713175,237.63162231445312,7210403,,,,,,1046422.7709202617,11244614.0,,,0.0,,,0.0,237.28374784501378
2020-04-07,246.7563586732346,248.35805126104242,238.4081979692832,240.83499145507812,7360798,,,,,,-2723742.058348049,18605412.0,,,0.0,,,0.0,239.36078771428038
2020-04-08,240.73792025234513,248.3580579270571,235.64165379539025,243.5044708251953,6897792,,,,,,-1091437.6814025487,25503204.0,,,0.0,,,0.0,240.21022020801576
2020-04-09,246.56222466486693,247.14466104162014,240.2040226018627,244.52371215820312,5290625,,,,,,203457.586618284,30793829.0,,,0.0,,,0.0,240.8540267444292
2020-04-13,244.6208156465483,257.72550219904196,240.25258679571706,255.15310668945312,6979344,,,,,,5127777.2531221835,37773173.0,,,0.0,,,0.0,242.7367771689851
2020-04-15,257.2400873195431,271.21841066796776,257.2400873195431,261.02587890625,7606664,,,,,,1641384.8846053379,45379837.0,,,0.0,,,0.0,246.1604054144118
2020-04-16,259.1815711466113,263.35564452523636,252.67775208099394,259.7640075683594,3267284,,,,,,2710688.7074702177,42112553.0,,,0.0,,,0.0,246.99582712942694
2020-04-17,266.9473026341172,267.8209424270396,255.88112946789207,260.2978820800781,3470146,,,,,,1807882.1561882305,45582699.0,,,0.0,,,0.0,247.95046633884002
2020-04-20,265.4911925479797,265.4911925479797,258.7446951839295,262.57904052734375,2234365,,,,,,2113302.342762276,47817064.0,,,0.0,,,0.0,248.53920184063347
2020-04-21,258.25935122374034,261.70541575213895,253.26016256169362,257.43426513671875,2562044,,,,,,2083860.7921066675,45255020.0,,,0.0,,,0.0,248.94108106553583
2020-04-22,252.3865184358613,265.8309600542526,250.9304423679621,263.93804931640625,3229099,,254.0894453163652,,,,4492532.435238017,48484119.0,,,0.0,,,0.0,249.54735855066357
2020-04-23,265.4912135541138,271.5096733891962,260.63762646902944,269.4711608886719,3594086,,256.45586309672007,,,,6738833.736963892,52078205.0,,,0.0,,,0.0,250.54312814151416
2020-04-24,265.9280248614651,268.84017685648485,261.65684490294916,262.7246398925781,2515755,,257.42029029608284,,68.50577092728366,,4971007.581547441,49562450.0,79.7311548016463,,0.0,,,11.575805700287418,251.0695776902957
2020-04-27,265.2970584966208,268.9858024594821,261.60834415770415,263.21002197265625,1845577,,258.3110182463249,,68.94370187701723,,3926795.93415769,51408027.0,79.04408510090562,,0.0,,,11.275923743251028,251.43631283552324
2020-04-28,263.2099969475199,266.6560612282346,262.0936779477162,264.9573059082031,1808291,,259.33352404046,,70.53220032472694,,4388490.750741039,53216318.0,81.73200651946608,80.16908214067267,0.0,,,10.796385138770129,251.77602019629435
2020-04-29,265.97658045039555,284.6143672804394,264.7146596190047,279.22686767578125,4058322,,262.39403844589407,,79.67529466193915,,6249372.613170781,57274640.0,88.99897673363984,83.25835611800385,0.0,,,11.446622461817599,253.1153153996515
2020-04-30,286.4101355342274,287.332328844623,276.7515159031736,281.6051025390625,4675412,,265.34958676791996,,80.74746129188404,,5863331.822367507,61950052.0,87.84758723120817,86.19285682810471,0.0,,,11.384778924648444,254.8264377476016
2020-05-04,266.9472666344858,271.8008533005674,254.32794130267376,258.5505676269531,6359013,,264.3035838231558,,52.071225846233276,,2577846.0848491914,55591039.0,38.86593263877339,71.90416553454047,0.0,,,12.519949089772751,255.33017710539826
2020-05-05,263.7439116978705,263.7439116978705,253.45430202486008,255.39573669433594,4866839,,262.93314580333737,,49.481575169925506,,-452450.9537699106,50724200.0,12.266656370231729,46.326725413404425,0.0,281.8167454745978,234.12925977442563,12.360639131432583,255.44938330344186
2020-05-06,253.45430809005117,265.4911974040572,253.45430809005117,262.2392883300781,10547916,,262.826398499759,,54.73991760513274,,4396174.663613267,61272116.0,31.066648068821113,27.399745692608743,0.0,281.1887126000159,237.2180592505701,12.337514144473541,255.96888488537397
2020-05-07,263.25856773483963,276.1690971583963,260.5890949152066,274.1305847167969,6505707,,264.565504071611,,62.118295791652095,,9199447.420807226,67777823.0,63.733351741837765,35.6888853936302,0.0,281.55950308483966,240.49716500598063,12.56912043723898,256.84065784879436
2020-05-08,276.7515260546144,278.450281439487,272.3347442795797,276.7029724121094,2594066,,266.4328068932261,,63.504344962470185,,10311179.22157162,70371889.0,70.79998466747415,55.19999482604434,0.0,282.2188571619876,243.42460902453587,12.108150203143863,257.2904449467199
2020-05-11,276.8485993292592,284.6628621262861,276.8485993292592,281.2168273925781,3204070,,268.7072715854341,,65.86455452466994,,10689304.715729672,73575959.0,83.20004251437395,72.57779297456194,0.0,283.55067277072067,245.86402907254106,11.811845882503352,257.9618283550131
2020-05-12,280.53734817635745,284.2260627041844,276.897157672339,282.9641418457031,4602740,,270.90063624086014,,66.76068172773972,,13707007.500230743,78178699.0,88.00010817647993,80.66671178610933,0.0,284.67044610424614,248.58829870776563,11.49163582174207,258.8798855801034
2020-05-13,288.3030766867707,302.7667604678163,254.66772366476977,300.29144287109375,9559902,,275.42229879935763,265.4967140989707,74.03898684631534,9.925584700386935,22282948.272880577,87738601.0,94.98034031382564,88.72683033489318,0.0,291.36720798841185,246.40537044176398,14.106450177549533,260.91638705048683
2020-05-14,292.28300719803667,302.3299379424139,292.28300719803667,299.3692321777344,5684066,,279.10644239603096,268.00578951221246,73.12127607617026,11.100652883818498,24616966.899967782,82054535.0,93.11020298448082,92.03021715826213,0.0,296.57503684147974,245.03187691584452,13.81648450375151,262.5061933430268
2020-05-15,299.95165660367826,302.8638086095392,296.4085442546692,300.1943359375,3712050,,282.3507337101031,270.390126284456,73.43849647867408,11.960607425647083,25258897.54079161,85766585.0,94.59724887666263,94.22926405832304,35.48846513915249,301.04232762765184,244.60761896658641,13.290683064545687,263.52264815334433
2020-05-18,297.0395178201646,298.3499922059246,282.8185141499683,284.7113952636719,3625908,,282.71391241065214,271.4509610236572,59.29649034589687,11.262951386994928,22516796.3167468,82140677.0,63.26129402899963,83.6562486300477,33.663112287758736,302.101498466099,245.98979944649867,13.582478687616119,264.17327802705364
2020-05-19,291.0210561202944,311.5031985833229,288.642816334533,309.8529968261719,10540236,,286.8891561668859,274.29555626828795,69.5504622229883,12.593599898597972,31535315.332429342,92680913.0,97.1572211446103,85.00525468342418,31.663727629340773,307.9516839198622,244.86700962261824,14.526001875618613,266.91686523666664
2020-05-20,308.68812006062984,315.28898625008503,302.4269812475588,314.2697448730469,6985180,,291.10155442937224,277.2566072760479,70.93567008660726,13.84494715332437,37413423.071042255,99666093.0,98.35166720779927,86.25672746046973,30.091120238926614,313.56274443731223,244.93949707880103,14.407144956112017,268.857861396693
2020-05-21,310.04712066451424,312.71659342005773,306.1642512019056,307.8630065917969,4602568,,293.68023937743754,279.5237479661034,66.22912420386454,14.156491411334173,35197371.811782986,95063525.0,87.99059176684727,94.49982670641896,28.63084194782775,317.1520387867721,245.74269845688025,13.957027007185536,269.9956963459531
2020-05-22,305.7759413410107,305.7759413410107,297.5733685253028,301.5047912597656,3428549,,294.8840165901034,281.15197339526355,61.84365842710762,13.732043194839832,35055371.01748923,91634976.0,77.70798838381347,88.01674911948668,26.678660996394324,319.33039613363076,246.76770414713096,13.695070654279004,270.65095665089507
2020-05-26,303.2520910998348,311.1634314962713,300.5340943973344,306.3583984375,4031218,,296.6493061050875,283.0191159909848,63.81348309721557,13.630190114102675,35441933.555569366,95666194.0,85.55731495929865,83.75196503665313,25.13724651417427,321.60855866558785,248.85291746966604,13.476089686040282,271.49215460133695
2020-05-27,303.8345227855089,318.8806413260054,303.8345227855089,317.0848083496094,6352246,,299.7932295273216,285.5425006101422,67.77310531921037,14.250728917179401,40277831.959307075,102018440.0,97.20331509328048,86.82287281213087,24.307841982195942,325.3447242673363,250.50423050561295,13.588234604215724,273.001243308165
2020-05-28,319.85140707378724,324.3652373945006,317.861448105456,322.08404541015625,5654879,,303.2225858169885,288.24928170643955,69.45090220559433,14.973304110548952,41965834.397372164,107673319.0,96.72701096169627,93.16254700475845,23.930742418363014,329.45273256243,252.1088961607145,13.137677064263972,274.51034415427137
2020-05-29,320.3367272751949,320.3367272751949,312.61951245035175,314.3182678222656,12299517,,304.9296138178004,290.1803177150192,63.8867662781616,14.749296102781159,35081190.781079136,95373802.0,85.58489530746456,93.1717404541471,23.05793843030607,332.12461017555586,252.9461585622371,12.875309628231152,277.1281794063473
2020-06-01,316.45387083063497,326.5008017955988,316.45387083063497,319.7057800292969,2865749,,307.20287015803063,292.3673889975583,65.92628336818974,14.835481160472341,34070566.608084396,98239551.0,90.5405393404885,90.95081520321644,22.70294781902618,335.3860169276519,253.49481955916454,12.825825652881298,277.7658260657217
2020-06-02,320.5308971995427,331.6455936506672,316.25971694212024,329.9953918457031,4668305,,310.7094119561341,295.1546484677913,69.47237091711122,15.554763488342815,37737479.814421654,102907856.0,97.85626465727567,91.32723310174292,22.72998747131265,338.27074406666094,257.7545748420304,13.008686442571701,278.8834750272375
2020-06-03,333.9267596073977,334.8489529151925,326.98613666243926,329.6070556640625,5177337,,313.6167417573538,297.70667863047805,69.17975193509304,15.910063126875741,36011674.806245975,97730519.0,89.92532568333144,92.77404322703187,22.970859286586315,339.16706242956917,264.2793883760949,12.641124286156098,280.1770614215436
2020-06-04,331.0146133489568,332.85897037244695,327.71418031366767,329.267333984375,4625229,,316.0245251768955,300.0445049529889,68.906319821073,15.980020223906592,34179053.98544794,93105290.0,89.27239695978095,92.35132910012935,23.194525972197575,339.6730766160962,270.4761787549976,12.105671841343467,281.26735055147003
2020-06-05,330.14100634317015,336.9845524264047,327.3259316998519,331.1602478027344,2348630,,318.353097888563,302.3493747937108,69.62668866928765,16.003723094852205,33695160.17991428,95453920.0,89.24731287537405,89.48167850616214,23.694680388822253,341.2294740335535,274.62274764613403,11.930882476001278,281.8235463623397
2020-06-08,333.0531277229095,337.4698798027451,330.96609135138215,333.24725341796875,2771175,,320.6445064315485,304.63810654365585,70.4398320903414,16.006399887892655,32867928.878928166,98225095.0,91.35187315222142,89.95719432912547,24.193864159703768,342.54006144021827,278.9665883400551,11.543232902812823,282.4908076797522
2020-06-09,334.41214791020946,341.06156809678333,331.30584034709705,335.916748046875,3387618,,322.99408206467564,306.9550429513017,71.49117513071181,16.039039113373917,32682531.014808584,101612713.0,88.16961819389209,89.58960140716253,24.91797338131471,344.02738514258135,282.9492567031218,11.415553963303784,283.3175642112287
2020-06-10,335.9167409144407,339.50840710653193,330.43219358647207,336.402099609375,2324983,,325.0568539946294,309.1363064074553,71.68833342245728,15.920547587174099,33416076.76893498,103937696.0,89.28567166881749,89.60238767164367,25.459876230078287,344.8436886009592,287.4767490211112,11.24845821735779,283.86360016579965
2020-06-11,337.80964222115347,337.80964222115347,326.9375959092863,328.7334289550781,4260956,,325.62248091162155,310.58794511468665,64.14059170319217,15.034535796934904,30562761.12880221,99676740.0,71.65176010231987,83.03568332167647,25.43931006914851,345.7941150477998,289.370521182669,11.221571652679888,284.75442637988266
2020-06-12,320.9677161098223,337.61551430689497,318.104117431741,335.188720703125,3022904,,327.09421011031435,312.41022478790427,67.26495784332594,14.68398532241008,32833698.046286214,102699644.0,85.50897241409304,82.1488013950768,24.249667568321716,347.27900720940164,291.4675778736062,11.813702025713752,285.35503029972955
2020-06-15,336.35355038674464,336.69330737252966,326.986134201195,329.80120849609375,2474091,,327.51067140043426,313.69844580332574,62.379995523171196,13.812225597108522,31794576.806155603,100225553.0,69.75220701364844,75.63764651002045,23.14499953183969,347.6518647125044,294.05540762636275,11.663235678972388,285.84408739102804
2020-06-16,336.83895565405317,336.83895565405317,326.06398601814016,330.82049560546875,2686016,,328.0198751242857,314.9667457886697,62.9285314562704,13.053129335616006,31479994.097834747,102911569.0,63.9932056296379,73.08479501912645,21.997993553315542,344.50153489779666,301.8166474752502,11.599788104468146,286.36427546761297
2020-06-17,331.0146132976529,336.305034655946,327.6656266214575,331.3058166503906,2457982,290.3153582763672,328.52540458984026,316.1770473339824,63.20364270121671,12.348357255857877,31093339.56193383,105369551.0,65.69955572948649,66.48165612425761,20.93291657325741,344.9382786429509,303.5251857125179,11.388332385183885,286.83533552039665
2020-06-18,330.3836479786161,335.38283628499335,325.3359060315518,333.73260498046875,2502231,292.2373779296875,329.32651234224465,317.4774590114999,64.61762192354165,11.849053330744766,32773576.216758113,107871782.0,70.44993508504048,66.71423214805496,19.609502968321415,345.7761686735876,304.6335816926233,11.292517947202288,287.30206353181194
2020-06-19,334.3150603562608,344.50759286482935,331.499985873921,338.68328857421875,6917609,294.2584112548828,330.766016377933,319.0482612013309,67.37213485414271,11.717755176602111,33496308.663733825,114789391.0,79.3814433816303,71.84364473205243,19.465983369947804,346.4908800980638,307.00089846638934,11.415024307467007,288.73251071729095
2020-06-22,339.7510739856594,343.53686574242533,336.5477185662288,339.36279296875,2515837,296.2289672851563,332.08859739190484,320.5530413322508,67.74331886490293,11.535556059654027,33007119.024583895,117305228.0,80.51468675357799,76.78202174008293,19.332715171458023,345.3704068996009,311.90717183575066,11.098890226661974,289.24905164031674
2020-06-23,339.75107901285566,346.7402559164117,336.59624756487915,345.2356262207031,2715717,298.2635903930664,334.11121721172,322.3813809536176,70.83183447689777,11.729836258102353,34917208.05155029,120020945.0,94.74569625889326,84.88060879803385,19.55983038158973,345.4366223314169,315.728679182255,11.030684378438442,289.82787427633394
2020-06-24,344.94444706368057,349.45827721964525,339.36282180253346,341.54693603515625,2841354,300.2040548706055,335.2551739537871,323.80105170039826,66.52345349224797,11.454122253388846,33305286.792306256,117179591.0,74.7678099556633,83.34273098937818,20.05663917377792,346.02761619793955,317.58389808428706,10.963882309772254,290.42693134787424
2020-06-25,339.55693744653075,341.20716888960015,332.17950884537055,333.9267883300781,5056963,301.77952850341796,335.050806934755,324.5511062655597,58.59446002880848,10.49970066919525,30205847.150858756,112122628.0,50.46434350456164,73.32594990637273,19.359631524456145,345.9203270674378,318.8754615067809,10.849849801201787,291.3108501184192
2020-06-26,337.80966991043374,338.78038735270513,329.65564932014337,333.1502380371094,3979419,303.22201568603515,334.7584117197325,325.1880789893782,57.83789436339277,9.570332730354323,29274500.914779175,108143209.0,47.98763770787713,57.73993038936735,18.34797846400156,344.018836545421,322.66014905028214,10.726627532013213,291.95371705770106
2020-06-29,331.35438175280007,333.97530088991977,329.1702676598954,332.6163024902344,3263757,304.67906158447266,334.42885645365584,325.73831776721937,57.290154941453814,8.690538686436469,30692093.558517486,104879452.0,46.28471997547155,48.24556706263677,17.337283034533595,342.66318364909534,325.3068541927015,10.30365651044258,292.44288642836
2020-06-30,333.92678958000835,339.5569387175354,332.3736357967078,333.8297119140625,2828818,306.14969818115236,334.3366803706415,326.3376802966152,58.257634491167885,7.9990000740262985,29010094.612521287,107708270.0,50.15473094701808,48.14236287678892,17.118379622862005,342.66112778175193,325.6923420668809,10.080774111184368,292.892266468471
2020-07-01,335.771117290781,336.8874362913985,331.30581166436895,333.73260498046875,1202080,307.57276947021484,334.24374569523025,326.88545249541914,58.1441210817388,7.358293199811101,28853301.569043025,106506190.0,49.84502105764253,48.76149066004405,16.74202150016148,342.60966281183124,326.15636196844224,9.759406290887597,293.07470680031844
2020-07-02,335.86824378371523,339.3628325918032,334.80044864458466,336.6448059082031,1204040,309.1569802856445,334.61313957414916,327.60836756303274,60.622127082020384,7.004772011116415,28622735.06245254,107710230.0,46.88137740883977,48.960376471166796,16.709125504995264,342.6842636320492,326.8195083406071,9.464464956633803,293.2689385912961
2020-07-03,339.9452575554609,356.0591432758298,338.44062775698154,349.8465576171875,9300920,310.87515045166015,336.9567423500012,329.25564090037756,69.45151302537258,7.70110144962365,31364332.610755242,117011150.0,79.77887027578986,58.83508958075739,18.278280742317694,345.80651188384365,325.56589107025786,10.17517012884758,295.08305346390466
2020-07-06,354.4088937690205,355.2825334182115,345.6724380292284,348.9243469238281,3360559,312.46421417236326,338.7979122844361,330.71258208729984,68.2994434985186,8.085330197136273,30278096.863665976,113650591.0,76.77719865496765,67.8124821131991,19.735353462688522,348.0382442373012,324.9018680673863,10.134807647428687,295.7311357278921
2020-07-07,350.42898741982464,350.42898741982464,334.16947069051145,335.8197021484375,4348413,313.92611541748045,338.3397261096671,331.09088727701374,54.4717920473854,7.248838832653348,26812353.13903474,109302178.0,34.12334459917055,63.559804509976026,19.34392331341443,348.03439758404136,324.89601013080244,10.572286867563294,296.3995389344501
2020-07-08,338.7803627721035,339.41132313901073,329.3643924156798,330.6263427734375,3988463,315.2744418334961,337.15305175024713,331.05647657304513,50.1394877077855,6.0965751772019985,23825836.394733552,105313715.0,5.415158053984375,38.77190043604086,18.38136829779318,348.0225256359249,324.3303063953251,10.534761428689555,296.8997680098889
2020-07-09,331.01464799309235,336.35359392846476,330.0439305502973,333.1016845703125,3635224,316.6373294067383,336.5297644917957,331.20797346173157,52.09516903307705,5.321791030064105,23713976.5216116,108948939.0,14.620979198131089,18.05316061709534,17.487567211859165,347.8381971807579,324.95146041201554,10.232968710795118,297.3443694595487
2020-07-10,331.0146127215155,332.6648440480032,322.52083600212177,325.14178466796875,3368457,317.55562774658205,334.7777675958223,330.75862614367503,45.865252150212484,4.019141452147267,22086163.424925026,105580482.0,7.814791141536365,9.283642797883942,16.708707796745305,348.34143905247834,323.44352493677945,10.257817272037661,297.67494409535584
2020-07-13,326.40368314634196,329.70411595076604,321.792776098178,322.4722900390625,2187702,318.372971496582,332.8846172024746,330.14482346925934,43.96631330052785,2.739793733215265,20274269.83037851,103392780.0,1.9830346688389227,8.139601669502126,16.066283246973303,349.0552263368576,321.99684580669714,10.090211742076972,297.87034369726666
2020-07-14,322.9576947214534,323.73425680123387,310.3383683693813,311.0178527832031,3146768,319.42231719970704,329.5204995995098,328.7280108258478,36.90559622242944,0.7924887736620008,17446731.09550572,100246012.0,1.4861611930509127,3.7613290011420673,16.591951956673984,351.70620765559966,317.36560020572847,10.32633150563237,298.04725150628053
2020-07-15,311.16340659857394,314.99775163445526,303.7374254663401,305.9215393066406,3905249,320.4328332519531,325.88989032368374,327.03864256516573,34.26869768592866,-1.1487522414819864,15056448.582865927,96340763.0,4.174392454493156,2.547862772127664,17.602736636689908,354.48096342938686,312.0524166975663,10.393045410095427,298.1757472364688
2020-07-16,307.71742959628347,308.15426429544624,300.5341264390142,302.0872802734375,3122788,321.2297930908203,322.22795031595354,325.1903935065192,32.39341017021202,-2.9624431905656365,13206648.092454653,93217975.0,2.79721452221785,2.819256056587306,18.77661868397799,356.8720960571044,306.49675159914557,10.194980584833758,298.2299118882505
2020-07-17,302.86381633136983,309.5617601908327,301.5048179521074,303.83453369140625,3264266,321.8238720703125,319.398193912177,323.60847796465896,34.1615198100382,-4.2102840524819385,11830148.357156424,96482241.0,5.944000453150233,4.305202476620413,19.65591340977743,357.6475979654123,302.2363742025565,10.042263560111724,298.29961097518975
2020-07-20,306.74668524074457,309.367633957885,301.26213809081725,308.00860595703125,4328735,322.4499847412109,317.6459496113854,322.4529318900199,38.31210078297568,-4.806982278634507,14707307.248857483,100810976.0,13.461462857335224,7.400892610901103,20.49243786533635,357.2919943400724,299.4565591267245,9.903923010608583,298.40670405142146
2020-07-21,311.50323283670326,315.8229374643705,304.4170070952601,305.48480224609375,4264584,322.93534423828123,315.775003862879,321.1960333978772,36.80141579075363,-5.42102953499824,11241202.98144557,96546392.0,8.916117615289114,9.44052697525819,20.289327082249873,355.85464517663496,296.918825892701,10.01120925050157,298.5404924152392
2020-07-22,306.9408555197625,309.31909538926675,300.0487560147766,302.86383056640625,3068805,323.3333380126953,313.78866950957547,319.8380924473979,35.24705366636435,-6.049422937822442,10036173.299787458,93477587.0,5.02598658800405,9.134522353542797,20.516710792209345,354.7526289074991,294.15253161496184,9.958289973643613,298.59242351107116
2020-07-23,304.22283221003187,306.6981793948766,302.47555271103704,304.70819091796875,2831414,323.42167297363284,312.39167280317446,318.7173590007735,37.25537113477062,-6.325686197599055,10198878.150139289,96309001.0,8.435843286905817,7.459315830066327,20.727852808600282,354.1295973688739,291.85370341237615,9.54859973865761,298.644200243543
2020-07-24,304.7081632779246,304.75671691868075,296.40854197463995,300.3399353027344,2457668,323.4410870361328,310.53755934156834,317.3560683564743,34.5242321027427,-6.818509014905942,10055981.855964229,93851333.0,7.277602573795268,6.913144149568378,21.482912717512743,353.6123695925884,289.0899009152241,9.462855110470695,298.65793115632187
2020-07-27,299.95165908787936,301.6018904211113,289.27376831128817,300.00018310546875,5465737,323.4372039794922,308.9164245360146,316.07044722677017,34.31353464976202,-7.154022690755596,14101468.332763694,88385596.0,21.3939727037698,12.369139521490295,22.74671645445493,352.82532832672564,286.6153302426103,9.66751703899587,298.6304470426499
2020-07-28,300.82528595342694,310.62953662803756,299.02945302000785,309.2705383300781,4973488,323.92838684082034,308.97090358125513,315.5667502714597,44.3019000843628,-6.595846690204553,17909626.50320229,93359084.0,42.4741803026015,23.715251860055528,22.57690023643774,351.23277564367424,285.75196556726326,9.805557508212573,298.74182563491416
2020-07-29,307.76589618032864,313.54167574092156,302.9123098685497,305.9215393066406,4000041,323.84975769042967,308.5017706159298,314.85229019999156,41.82742552361228,-6.350519584061772,16174450.834831841,89359043.0,38.36680864140474,34.078320549258684,22.033701184244894,349.4955170097467,284.70811763380794,9.864400962795381,298.84233178535885
2020-07-30,308.5425570917815,312.3283493408203,301.01949661814865,303.3492126464844,2498353,323.63134704589845,307.7090693898612,314.0002103812132,39.9802753615514,-6.291140991351995,14705460.082493264,86860690.0,34.814057155057355,38.5516820330212,21.714119725633886,347.05518056211,283.81889475527277,9.967576088500829,298.89040468819
2020-07-31,305.7759679697117,308.8337217246202,303.59185391278515,305.9701232910156,1944926,323.59348937988284,307.44153922080807,313.40538911527267,42.75420498221144,-5.963849894464602,14525385.129778633,88805616.0,48.45072055376939,40.54386211674383,21.41736551406652,340.8399010067772,285.64653087798837,9.6473570163319,298.93048962115023
2020-08-03,301.89312261126565,310.1927448399072,299.61193071176126,302.2328796386719,2408531,323.6080511474609,306.6402069774025,312.57779582070964,39.920946786077316,-5.9375888433071395,13310077.385272507,86397085.0,48.81173965430539,44.02550578771072,21.548598333072203,333.4783783951903,288.3389067610597,9.71403252431862,298.96508931952667
2020-08-04,303.8345671174489,308.44547508488625,302.2328892219704,305.72747802734375,3182644,323.59543273925783,306.49978713893194,312.07036487305294,43.679367434347164,-5.570577734121002,13707917.37029981,89579729.0,61.97448071231004,53.07898030679494,21.67045737929177,328.93846944343306,289.8695933007076,9.463929875882602,299.0230762577986
2020-08-05,307.1349499310833,319.17183861000177,304.2227980108317,317.5216369628906,8387003,323.60416931152344,308.1954563426179,312.4741628056335,54.11282030090664,-4.278706463015624,20243263.59365095,97966732.0,94.48057473066363,68.42226503242635,20.220200151739327,326.1550806213981,291.3425115416879,9.855723498974564,299.35860744694736
2020-08-06,320.4338049355214,321.2103669702478,311.9885520941437,314.3182678222656,3281920,323.4488537597656,309.1374273394868,312.61076317723587,51.33138955911605,-3.4733358377490617,18619572.639703557,94684812.0,78.41943275932229,78.29149606743199,18.93219561537129,321.4859457134755,294.1333047748058,9.810444311626672,299.505337893122
2020-08-07,314.4153357053277,318.73503965201473,312.13414406633507,317.0848083496094,2634656,323.5041845703125,310.3601013410441,312.942173930745,53.55188998361792,-2.5820725897008856,19936894.72771064,97319468.0,87.08203505109019,86.66068084702538,17.73619140302954,319.3866615351591,295.42689132128623,9.581190831201885,299.6222860530809
2020-08-10,319.36602515577044,324.17108814371,316.16266957977354,321.5986633300781,3187734,323.54204223632814,312.0891108778186,313.5833953677327,56.999151182597004,-1.4942844899140937,21076732.260913767,100507202.0,92.62858916964183,86.04335232668477,17.309246303926763,319.127363265272,295.5988269202749,9.468849954968642,299.80125183657174
2020-08-11,323.7342619938637,326.88909363248456,321.0162650470914,325.1903381347656,3504782,323.44594116210936,314.10468430196426,314.4431689060314,59.57037535720628,-0.33848460406716185,22553950.33520529,104011984.0,95.48387397101234,91.73149939724811,17.228263227644753,322.1173621140513,294.0260766066518,9.21199128571325,300.0290396852862
2020-08-12,326.16102869636103,337.5669575272605,322.03547997029096,331.2087707519531,10674205,323.4779754638672,316.73608221734713,315.68506533906265,63.507978262927146,1.0510168782844858,24488666.27899958,114686189.0,86.83419571469406,91.64888628511608,18.199368252709224,326.57051199922665,292.1016498660077,9.663383162231558,300.85967819827397
2020-08-13,333.4899622677582,338.73186010527434,331.74268273788283,337.46990966796875,2707033,323.64202697753905,319.92590182513504,317.2987575115742,67.0980897951606,2.627144313560848,26218147.473235168,117393222.0,97.44844495302782,93.25550487957806,19.200513488101617,331.8970317364885,290.313393068199,9.510505033023675,301.10263599844563
2020-08-14,343.3912857543755,343.3912857543755,333.58703393242985,337.90673828125,3376980,323.7769567871094,322.692184356845,318.82527460562426,67.33951083855398,3.86690975122076,25816928.491373483,120770202.0,87.63678789835811,90.63980952202667,20.516263017946716,336.3414043871723,289.27624087649957,9.5314869465181,301.420844120596
2020-08-17,340.57620001623746,347.51682338531754,336.64477683765193,346.9829406738281,4507708,324.0516705322266,326.42922379022707,320.91102764771347,71.94560393024504,5.518196142513602,29881925.478485253,125277910.0,98.88553614945448,94.65692300028013,22.052897898943392,342.462377738798,287.0527009965536,9.627241203742923,301.8984081229357
2020-08-18,346.4490283383952,348.97289946095435,344.119312542165,346.9829406738281,2151389,324.27299438476564,329.59133408001185,322.8422804644627,71.94560393024504,6.749053615549144,30269186.003314324,127429299.0,95.9685580782716,94.1636273753614,23.58808501420029,347.505491155258,286.15940142286695,9.28626589767481,302.13850966017566
2020-08-19,349.4582999299974,355.47676027837065,345.0900711808724,346.2063903808594,3269069,324.4690802001953,332.14749658783455,324.5729552730847,70.95268533148254,7.574541314749865,27702809.54692018,124160230.0,83.40571345257946,92.75326922676851,25.46429339185082,351.48943700204205,286.5097115575283,9.364867554805054,302.5164984613312
2020-08-20,344.5561408726479,346.64317728452534,337.76111931140974,343.24566650390625,3533915,324.7593249511719,333.8549073441533,325.95611906796034,67.14769552797853,7.898788276192931,28533181.21346456,120626315.0,78.10591409774037,85.8267285428638,25.928113476871513,354.3549640209814,287.4979320971826,9.33038115611295,302.86310991733825
2020-08-21,347.41972853999044,348.8272805264042,342.6632195196059,343.97369384765625,1341709,324.9350244140625,335.41164372930757,327.29075423682673,67.60769881063312,8.120889492480842,27761964.685318727,121968024.0,78.39551068980424,79.96904608004137,26.538213237398143,356.57305548065426,289.643216492002,9.104215431161903,303.0016740350362
2020-08-24,347.9051337600245,352.6616434168636,337.4213969807079,338.7803955078125,3488987,325.1146081542969,335.92991323369296,328.1418387754183,61.041683938760144,7.78807445827465,24895215.41801553,118479037.0,67.42424579117355,74.64189019290605,26.268152036889767,357.4074654314347,292.686827781456,9.542503360090032,303.3391945987105
2020-08-25,341.5954506418911,341.69252830767647,331.01463679806153,335.9653015136719,3532971,325.2175042724609,335.935357584459,328.7213545338074,57.766640028428164,7.21400305065157,24638275.993205287,114946066.0,55.13390967490925,66.98455538529568,25.115525678358033,358.22721532153423,294.53655420971575,9.623602513627526,303.6181223044405
2020-08-26,336.20798621331943,356.1562174557851,336.20798621331943,343.87664794921875,11568355,325.4689208984375,337.1570945636528,329.84396886087495,63.666480579239106,7.313125702777825,21964323.735734776,126514421.0,72.1058810703151,64.8880121787993,25.329309886619424,359.53995651100047,297.01932388450734,10.37841061566222,304.74754898772534
2020-08-27,345.57542582273845,346.98297803030306,339.31428617384324,340.2850036621094,2996658,325.5999688720703,337.6383113480307,330.61737884615155,59.596143321801534,7.020932501879145,19726310.98616357,123517763.0,60.315564293320904,62.51845167951509,25.52782379429072,359.58971802783554,300.66314146923474,10.184859275719191,305.00785032617034
2020-08-28,344.60469415545765,352.37043374205956,338.2950307413437,349.5068054199219,5406394,325.8164392089844,339.464233512937,332.01659562939375,65.66567536356469,7.44763788354328,22932852.807402104,128924157.0,81.07734478826968,71.16626338396856,26.12060923490611,360.7206052721524,303.8859224378085,10.462755256076097,305.5245375365544
2020-08-31,354.31180695287793,367.2708885566274,341.69248232167956,345.3326721191406,19379155,325.9358367919922,340.36707022158373,333.0029716656713,61.18529716001294,7.364098555912449,9069585.049667599,109545002.0,51.502114995567155,64.29834135905259,27.576379869050005,359.79748919480767,309.1190177632002,11.542444611709795,307.4760335853356
2020-09-01,346.5460753325742,354.65157069441284,331.4028795613206,338.586181640625,6726316,325.80284790039065,340.09308736297464,333.4165427749271,54.69024811072953,6.676544588047534,6499817.857706398,102818686.0,20.883418652824798,51.15429281222055,27.623453268041978,357.77136146009485,314.4310158592411,12.378605077522826,307.97142508884303
2020-09-02,342.6147375182537,352.8557948167262,334.0238821185594,349.3612060546875,5694675,325.9591333007813,341.51895177708434,334.59762894379827,61.68577514983797,6.9213228332860695,10081000.980654534,108513361.0,50.60249851197432,40.996010720122094,27.66716428139166,358.32286589086243,317.06346833765315,12.839555621854535,308.42673301707606
2020-09-03,352.8557687978275,357.22399702228483,349.02142328455983,355.2825622558594,4285869,326.38624877929686,343.6364303122805,336.12984622617313,64.89354594164527,7.5065840861073525,12338059.183702677,112799230.0,66.93445759203256,46.14012491894389,28.00422492826518,358.75200829421965,320.7307553776553,12.508342630130997,308.83860798600193
2020-09-04,352.75869345234145,352.75869345234145,340.8188814099577,342.6632385253906,7628188,326.5765087890625,343.48670849891283,336.61380121130037,54.43399433888648,6.872907287612463,7066541.919509509,105171042.0,32.12853276973673,49.88849629124787,27.32704219023297,356.95469201540436,325.0859146740488,12.648009645543185,309.41959961393803
2020-09-07,344.6046250624351,347.46825281041714,337.03304233317436,341.7409973144531,3344349,326.7590026855469,343.21813754745745,336.9935935152376,53.752126296699295,6.224544032219853,6739869.384784763,101826693.0,29.584857772445787,42.88261604473836,26.279402269881206,355.23769884163613,328.8171412462545,12.489952562093155,309.6454877328554
2020-09-08,342.3720496334473,345.526881283001,333.48996144400945,335.4799499511719,2339457,326.79200744628906,342.0276471480289,336.8814717697513,49.24234000119611,5.146175378277633,5173947.90803715,99487236.0,12.31598120744892,24.676457249877146,24.924410371487657,353.73694919559205,331.3468520739392,12.457593081871611,309.7828034801733
2020-09-09,334.31504112695274,336.1593981214393,325.53006117682486,333.7811584472656,3413201,326.792978515625,340.7589565786807,336.65181893104864,48.06403342482978,4.107137647632044,7059789.285056684,96074035.0,19.767450212147168,20.556096397347293,23.411961721513553,353.390832265065,331.9502077739975,12.327003357781816,309.93654883249843
2020-09-10,335.8681962262371,338.7318241997081,326.74345924776935,331.5970458984375,3892385,326.6920233154297,339.34943185864324,336.2773912990034,46.52267405898297,3.072040559639845,6319131.472375205,92181650.0,14.534893298613234,15.539441572736441,21.75093217360303,353.9395445841962,330.8142090779132,12.302814900221597,310.1134952210051
2020-09-11,331.0146270529197,333.82970153415295,323.6857226730263,332.470703125,4656343,326.3445062255859,338.2911658996212,335.9954143972254,47.25136879122215,2.295751502395831,9727845.151355969,96837993.0,20.155895415047706,18.1527463086027,20.511246502083743,354.31285163391675,329.8972985125676,12.148612326000528,310.2994444862677
2020-09-14,334.89751812634825,343.2456940681999,333.39291793796747,341.352783203125,4221864,326.19307495117187,338.7621839463141,336.3922565309957,54.09921988425427,2.3699274153183865,12327503.97165094,101059857.0,40.53457219201708,25.07512030189267,19.652302389205087,353.8263708668508,329.82076353256326,12.05049651294334,310.5435577018665
2020-09-15,344.7017558156429,346.351957626786,340.7218085375663,342.323486328125,2042309,326.3231506347656,339.31007662043885,336.83160688633865,54.78999094418615,2.4784697341002015,11447196.515454296,103102166.0,42.76171325095527,34.48406028600669,19.12922535694575,353.3624400310987,329.81874893374504,11.591900268391651,310.67558154792914
2020-09-16,341.93519231038147,345.67246009576616,338.73183685087633,343.1971130371094,1998091,326.5745660400391,339.90808222300353,337.3031258604698,55.43994689743952,2.6049563625337555,12020064.30270603,105100257.0,44.7661262003461,42.68747054777282,18.417588770214774,353.04792352080824,329.83233770966046,11.259666195284378,310.80135258484677
2020-09-17,341.69252830767647,345.0900392425539,334.8975064379215,335.9653015136719,2433176,326.63183837890625,339.3015005754141,337.20402776070694,49.141883740574414,2.097472814707146,10096699.436216079,102667081.0,28.173757267414118,38.567198906238495,17.326335297329603,352.8893920866126,329.26283264483277,11.183442381666381,310.9345983511368
2020-09-18,338.4891875713849,349.2641275960942,336.9360337224349,347.3712463378906,4963124,327.0764276123047,340.5429999234874,337.9571550627206,57.36790347590795,2.5858448607668265,13535726.605348598,107630205.0,70.62236839680443,47.85408395485488,16.733560543742897,353.3159813237594,329.17599865670934,11.334541217434666,311.2592353322973
2020-09-21,347.5168384473927,348.4875558732234,333.87827046404925,337.6640625,3086172,327.38026306152346,340.1000864737201,337.93544450251903,49.9614368797612,2.1646419712010925,12049031.246668408,104544033.0,41.67876880428325,46.82496482283394,15.826777312936258,353.31545430468066,329.0648923750068,11.56845151684463,311.4309905292052
2020-09-22,337.66407110328527,338.149429828567,317.5702080270436,322.56939697265625,4670128,327.6112939453125,337.40305731971034,336.79721875956625,41.07992914053266,0.6058385601440932,9647876.534129445,99873905.0,12.60709019814629,41.63607579974466,15.954421603209545,354.9811782730502,326.05957795253573,12.21207796575026,311.56237797580275
2020-09-23,322.812064833028,325.53009137212575,310.77517479972244,315.0948791503906,4281260,327.7947607421875,333.97102990904574,335.1896380477755,37.52286167948809,-1.218608138729735,7873411.79218347,95592645.0,10.289047915231654,21.524968972553733,16.575566349743312,357.18844652249123,320.97413282321185,12.393709294796906,311.6077601472026
2020-09-24,312.1341443284456,313.4931722840109,302.96088337203065,304.56256103515625,6847625,327.8442663574219,329.4466500822935,332.92096567647036,33.16504926004228,-3.4743155941768578,3108465.704548843,88745020.0,3.4591046263950878,8.785080913257678,17.667191592147848,360.8138184378475,313.77651664516037,12.375158329337125,311.54856778374403
2020-09-25,309.6588336811143,320.0455211431926,306.35840062622947,316.5994567871094,6282538,328.0995648193359,327.47015880611133,331.71196501799915,41.523556883495104,-4.24180621188782,6227441.25316157,95027558.0,29.45489812567134,14.40101688909936,17.931957475799408,360.10661251121405,311.19298770851253,12.597144170672786,311.58105876073193
2020-09-28,318.2011271018912,333.15019759742233,318.2011271018912,329.6070556640625,4249775,328.5315338134766,327.798912168873,331.55604580659644,48.95309546540508,-3.7571336377234275,8462702.23848145,99277333.0,57.54709575659488,30.153699502887104,16.910173951879447,359.03404002464805,310.69299854957075,12.879543930647085,311.70164012858504
2020-09-29,333.3443029138186,336.25645470914714,327.03464069060675,331.01458740234375,3490634,329.04212951660156,328.2936314355608,331.5159377766518,49.697850050223316,-3.2223063410909845,7985041.018510745,102767967.0,60.58690811071447,49.19630066432689,15.70956606495354,358.64755521716904,310.3223239332216,12.618277508353748,311.82770027054465
2020-09-30,330.57777262604424,336.4020765662989,320.33671671400646,331.7426452636719,2757175,329.61970581054686,328.82424894757787,331.53273092383847,50.103365504433675,-2.7084819762606003,9142890.809497457,105525142.0,62.1592771175275,60.09776032827895,15.131544830507886,356.79821841069673,310.40980466059233,12.864497675777939,311.9163927704372
2020-10-01,335.38285356900195,344.50759098299363,334.41213619253597,342.9544372558594,3004005,330.3846307373047,330.9981240719289,332.37878324472894,55.98759715106071,-1.3806591728000512,11222582.51031058,108529147.0,86.37311392328805,69.70643305051,14.208581163869521,354.43394730163016,311.5412632696589,12.857386821745354,312.07257119675353
2020-10-05,345.4782896099243,347.51680191465897,338.2464633220988,340.0908203125,11896461,331.1796484375,332.3970004166321,332.95004524974905,54.22857513146278,-0.5530448331169282,4059782.7002036907,96632686.0,80.18862946361996,76.24034016814517,13.597581767221698,354.10155883144347,311.6164099185565,12.60116909108927,312.702709851615
2020-10-06,345.57540167112546,353.8264997447338,344.4590825624262,352.2733459472656,7483578,332.22511169433596,335.45489972903727,334.3814008569725,59.987973147737506,1.0734988720647607,9061748.66923703,104116264.0,96.94655465081192,87.83609934590663,13.526739498362366,355.9630933001773,310.80811031310395,12.682205544028164,313.19348448550033
2020-10-07,351.9335905811326,357.95205046565854,348.4875555719903,350.0892333984375,4024700,333.04148559570314,337.7063356781758,335.54494400819215,58.565171232276796,2.1613916699836295,6399249.784145891,100091564.0,85.70167268166209,87.612285598698,13.768840351602467,357.83386126762815,310.39827069037966,12.452369069002456,313.46606239267794
2020-10-08,349.26406966930074,352.1762215441107,345.91511278763375,349.2155456542969,3036028,333.90736572265627,339.4769833668098,336.5575811671628,57.9728317517203,2.9194021996469814,6563998.830206257,97055536.0,84.11289435540274,88.92037389595892,13.725931528195202,359.4993280571631,310.2762426215478,12.01013618953635,313.65304318119917
2020-10-09,350.42894829697053,351.83650024358474,344.7502461186164,346.740234375,1988867,334.7751861572266,340.59440659883904,337.3118517751507,56.23737201964425,3.282554823688315,5692173.896073896,95066669.0,79.61160549371625,83.14205751026037,13.561663815075258,360.7320966500162,310.557792876351,11.65843032778149,313.7699277893398
2020-10-12,348.58461503057197,352.22480518414113,344.6531918903513,347.17706298828125,3626399,335.59932495117187,341.6071229664455,338.0426081613085,56.48494061222304,3.56451480513698,4483374.22940723,98693068.0,80.40596690913686,81.37682225275195,13.443896968706227,361.91034712253673,310.85017839015853,11.366514825353514,313.98250729265783
2020-10-13,347.1770510921483,348.1477684331715,338.197915687684,339.65399169921875,2413110,336.3477471923828,341.306641233026,338.1619699048574,51.12126473088542,3.144671328168613,2776540.3269682135,96279958.0,66.72545840810118,75.5810102703181,12.61852979789853,361.76991085472525,310.82073550757946,11.265324676791659,314.0977516915811
2020-10-14,338.87744372341626,340.9159561488555,334.6062931706513,338.7318420410156,2363379,337.00783447265627,340.910518280409,338.20418265568395,50.48839786998839,2.7063356247250567,3503733.8654297683,93916579.0,65.04855335781724,70.72665955835176,11.952995000982991,361.468160825605,310.7633211079887,10.911348841178269,314.1939965135017
2020-10-15,340.33354631117305,343.4883780460725,331.2573321644424,332.7619323730469,2855273,337.31264038085936,339.65688967927633,337.80105300511826,46.476964740426595,1.8558366741580699,1350942.7942850883,91061306.0,51.17593314097971,60.98331496896605,11.671090487641825,360.77089006544026,310.4170738017472,11.005612915496258,314.2983991854224
2020-10-16,334.2665521635183,344.36200748711843,331.93683626175596,339.70257568359375,2634960,337.82032653808596,339.6639182953252,337.9419065368572,51.319569525953185,1.7220117584679997,2009685.9354051845,93696266.0,54.09043806338586,56.771641520727606,11.305284249904714,361.02139959345203,310.54029169072766,11.10700993762956,314.40640493656184
2020-10-19,342.2749431203042,342.2749431203042,334.7033300251076,337.372802734375,2181974,338.22608642578126,339.3114389782559,337.8997506996363,49.69423464798606,1.4116882786196356,1366279.73386445,91514292.0,45.29026947586318,50.18554689340959,10.965607029148826,359.9735390148601,310.5883079089681,10.854481591741491,314.49310935493526
2020-10-20,336.54772793317574,341.9837215690891,335.5284569084843,338.7318420410156,1999765,338.56875,339.2222702186805,337.961387095294,50.6755868020874,1.2608831233864635,1351256.7410051203,93514057.0,48.90326229313662,49.42798994412856,10.650192467018357,360.05191262156865,310.61671225636104,10.540251810946012,314.5741259677
2020-10-21,339.9937328394985,349.60382814272185,339.314218882891,344.94439697265625,4398526,338.9638311767578,340.10259741159985,338.4786470862097,54.997414899397235,1.6239503253901262,1766224.448514454,97912583.0,51.27255756652918,48.48869644517632,10.396503507494572,360.78073154460645,312.1253933333232,10.563947117428885,314.7932653390017
2020-10-22,340.28498415166973,353.3896694918975,339.896703103415,347.8565979003906,4506437,339.2967877197266,341.2955205637215,339.1733101094824,56.903672556298474,2.1222104542391094,2576744.950138032,102419020.0,62.18183518045217,54.119218346706,10.586552416512507,360.8040501612517,315.37824659167796,10.773162779647,315.0324898665376
2020-10-23,349.45822107189525,358.19467659869264,347.1770295373323,353.68084716796875,6357073,339.6210064697266,343.2009554259134,340.24794248418505,60.50672504839494,2.953012941728332,3724948.390085646,108776093.0,83.24322784771368,65.565873531565,11.263579711030369,358.31006791927905,322.7840574469319,10.790625942626523,315.42579801265447
2020-10-26,355.2825649062799,362.9512263660803,349.7980175750018,353.0499267578125,7541562,339.92387023925784,344.71618178466707,341.1962376155648,59.922287623570895,3.5199441691022457,-87565.41945747659,101234531.0,68.75959910361505,71.3948873772603,12.344037514806924,357.16163620162104,327.5775361616602,10.959381860373094,315.9092442633778
2020-10-27,349.6524356563379,355.4767403282995,340.721823309752,353.72943115234375,5869559,340.0588000488281,346.1028355335404,342.1246223219929,60.36630635889247,3.9782132115474838,4391821.845029324,107104090.0,70.90355904179182,74.30212866437353,12.08468633800619,357.9360194481151,329.21539046399425,11.230491514528412,316.227968435673
2020-10-28,352.37040272072,359.165424260789,341.692511729183,343.294189453125,3863941,339.9850250244141,345.6707361365534,342.211256924299,51.018294877539375,3.4594792122543936,1236267.4079599697,103240149.0,37.978473746721086,59.213877297375994,12.219976992264492,357.3491022721968,331.0302678449907,11.676378730033951,316.4227645197298
2020-10-29,340.2849636446391,340.2849636446391,331.160226252795,332.66485595703125,3346474,339.7141943359375,343.66983149354996,341.50411611190884,43.61028193946596,2.165715381641121,-1006568.4337835698,99893675.0,4.732879427745616,37.87163740541951,11.575121620285225,357.2258045966771,331.2457865898464,11.709063335055097,316.5191681420903
2020-10-30,335.091648998675,352.0792030256426,333.15021425273585,349.3126525878906,12044256,339.83553405761717,344.5379578157562,342.08252622124087,54.703875495925466,2.455431594515346,7517051.349569777,111937931.0,57.09926164766939,33.270204940712034,11.653554650942542,357.7128318793552,331.39458084037136,12.259440744594828,317.04682180601816
2020-11-02,349.45826552242994,352.0792143634258,340.91596421479267,346.44903564453125,9364431,339.8850408935547,344.8319697894139,342.4059713637068,52.780394909815,2.425998425707121,7435591.694291012,102573500.0,48.09162762182858,36.64125623241453,11.726386315066677,357.89057636523546,331.85265788769425,12.181141416311851,317.4670111830023
2020-11-03,351.399685357853,352.030645718928,337.0330802369986,343.294189453125,7971473,339.9753167724609,344.59538819921556,342.4717652962563,50.66670943491925,2.123622902959255,6119900.677912251,94602027.0,38.167919087450464,47.78626945231614,11.347772373737625,357.0015139735035,331.8438046300121,12.382314563855958,317.78699886852456
2020-11-04,356.8842181144594,358.68005108799684,339.36278227218673,350.5260314941406,17940352,340.2665313720703,345.5077948599733,343.0683776072107,55.10505018869358,2.439417252762553,8914635.23856175,112542379.0,60.91599878058813,49.058515163289066,11.616267805673019,357.0640829933504,331.82491541973553,12.87766843899554,318.6219548617193
2020-11-05,355.33107888254085,363.6792541292697,353.63232349726235,357.8549499511719,16920686,340.54609741210936,347.4073571816961,344.16367926231896,59.119048578593485,3.2436779193771486,6217146.14096163,129463065.0,82.08955015438426,60.39115600747429,12.289231409178802,358.65772346010544,331.095215382668,12.897350881576505,319.58484226475184
2020-11-06,357.85497628562604,364.89267768539685,355.0884256726512,360.2332458496094,7290106,340.9450622558594,349.38057082291357,345.35401752804415,60.35770033904275,4.026553294869416,6578064.286853665,136753171.0,86.187093917271,76.39754761741447,13.015280941828397,360.8669203916351,330.23531959859923,12.676415248088585,320.00284011875596
2020-11-09,364.01900304419195,364.9897203856431,355.28254697113135,356.3017883300781,7038841,341.0809619140625,350.44537351632346,346.16496351338003,57.26870011967374,4.280410002943427,1017362.7121831933,129714330.0,74.31846890335528,80.86503765833686,13.698012421405627,362.01759584400617,329.99711668040794,12.464326545690241,320.3863451398877
2020-11-10,359.844904151441,363.5336179310721,353.48668825304884,356.01055908203125,6850175,341.2945196533203,351.3015559110477,346.89426688883566,57.03583782918493,4.407289022212069,-2391172.421710733,122864155.0,73.45759511404226,77.98771931155619,14.070896723853425,363.1221832377776,330.5281860249177,12.291655340856888,320.74113435667664
2020-11-11,356.0106120236135,361.54371313981596,354.55453590081754,360.7185974121094,4370366,341.73716796875,352.7503315265957,347.91829137204115,59.87619915019249,4.832040154554534,947295.9459576835,127234521.0,87.37455855307478,78.38354085682413,14.417146433269238,364.84382895610975,331.00521584369494,11.912906905009853,320.9715953305664
2020-11-12,362.07755395363716,364.6014248657698,355.37961048893453,357.2724914550781,4759659,341.8953936767578,353.4460484386699,348.61119508189574,56.910461892576514,4.834853356774147,-1858416.1281390167,122474862.0,77.18786778111578,79.34000714941095,15.060730534997562,365.01672414231206,333.28337656569573,11.72068601014024,321.2203921017746
2020-11-13,356.738645498795,359.5537200418878,352.0792138153272,354.7972106933594,4156320,341.8856866455078,353.653919554776,349.0694184605227,54.81044727230797,4.584501094253312,-2991963.9364564717,118318542.0,69.87093672681641,78.144454353669,15.123058463435642,365.3320302548874,334.477533954097,11.417387454170266,321.41456018518636
2020-11-14,358.1947439078421,358.1947439078421,352.3704391288528,355.3796691894531,444529,342.14001525878905,353.9194194985725,349.5368444404435,55.22909742995605,4.382575058129021,-2977145.3987265765,118763071.0,71.59268430544245,72.88382960445823,15.180934396985288,365.27379120645895,336.3364596480332,11.017881548800196,321.43509873275804
2020-11-17,357.70937398088853,375.42496712919575,355.5252597571246,368.5328674316406,11192618,342.6758526611328,356.16764225750603,350.94395725460623,63.46132048086211,5.223685002899799,462530.54133987054,129955689.0,84.42982030144546,75.29781377790145,16.84876623342361,367.5975624995619,336.9927908939928,11.662697005296083,322.1121254704458
2020-11-18,370.8140486978139,383.62753029297056,370.8140486978139,379.6475830078125,15514329,343.5592053222656,359.7799408344763,353.0701517548438,68.6989198457851,6.709789079632515,6339164.87950208,145470018.0,92.11537459324164,82.71262640004319,18.929253627034377,373.02886051328716,335.0318114837832,11.907837423584215,323.2529515359852
2020-11-19,378.57979707528284,381.2007459815359,368.48434174473095,370.71697998046875,6894431,344.2979217529297,361.46256224155206,354.37732421600117,61.11809673052783,7.085238025550893,1865665.139253146,138575587.0,72.29165641617637,82.94561710362116,20.488660159795717,375.2677267549252,335.0789834501529,11.965592195957123,323.7041264444746
2020-11-20,369.8433045603906,371.44498223802907,362.0775658819572,364.8441162109375,5562369,344.9628631591797,361.9828013137652,355.152642141552,56.68801697708574,6.8301591722132,-411150.36298113223,133013218.0,59.68744333398219,74.69815811446674,20.974743356085465,376.24485066926974,335.2181864401053,11.780008207393893,324.0094021939737
2020-11-23,364.8441563927619,368.24166743875867,359.4566568168854,364.1646423339844,4065424,345.59674194335935,362.3184691630297,355.8201977113618,56.18063401398786,6.498271451667904,-119161.91655536857,128947794.0,56.0307268667887,62.6699422056491,21.058367862421132,377.080203952108,335.4943047148842,11.566079808428132,324.2184137712308
2020-11-24,366.9311924892448,390.22841105999044,364.9897576083493,380.763916015625,19485370,346.38496459960936,365.15623021727515,357.6678805487146,64.5323860615298,7.488349668560545,4752180.5834446205,148433164.0,75.19084088803615,63.63633702960235,22.62419181541353,380.95315927551746,334.3247978778029,12.601629016826555,325.5503718012734
2020-11-25,384.69530582313985,392.84935593776606,373.14377432601276,387.2677307128906,18238080,347.2838494873047,368.55799952429294,359.86046204235726,67.17244598390315,8.697537481935683,12658352.661419198,166671244.0,86.30952718263042,72.51036497915176,24.213443808373523,385.50148804987157,334.17382322942535,13.109054202178466,326.8682799990339
2020-11-26,389.0634964554233,400.9062598053021,384.06430809934665,398.13970947265625,12856261,348.3827014160156,373.10903182404115,362.695961852009,71.05155646821709,10.413069972032133,21290935.341102548,179527505.0,94.33397971031488,85.27811592699383,26.079237611206647,390.70668752569316,335.51610910516627,13.375689738162537,327.9169594893862
2020-11-27,398.9648660392847,403.81845321737813,396.2468690691304,399.4987487792969,10593353,349.65337036132814,377.16898827869585,365.42209421699334,71.50484296851413,11.746894061702505,19796948.86965215,190120858.0,91.65100900592283,90.76483863295606,27.94347442974589,396.6535940975495,334.58781215245045,12.961110767454334,328.8261998163441
2020-12-01,402.8477434201781,413.5256354144479,399.93559105810454,411.3900451660156,9170159,350.9337463378906,382.4337662613604,368.82712762062465,75.16862924113664,13.606638640735753,26085041.906735346,199291017.0,96.52446766979376,94.16981879534383,30.076269172859668,404.4531852032707,333.28232199887776,13.037237615146953,329.68615275668935
2020-12-02,412.45784804741953,429.0571227482144,408.04109539811935,425.368408203125,13049398,352.6878332519531,389.03909579086263,373.0153706267358,78.64461698509066,16.02372516412686,34553602.30071245,212340415.0,95.20808684436287,94.46118784002648,32.5645906479187,414.28277686251954,331.66015221462885,13.607151167643247,331.06846344785123
2020-12-03,429.0571259947449,431.4839196938102,420.3691927025126,423.0386657714844,10810399,354.6972186279297,394.26979886480444,376.72079989671715,76.71706630156815,17.54899896808729,28935965.843226418,201530016.0,89.36429040458883,93.6989483062485,34.94427488912868,421.9251134115568,331.269079093326,13.429120869332847,332.2336308491516
2020-12-04,426.8244463461572,444.8797660212037,426.1449323265829,440.41448974609375,10271034,357.20361083984375,401.36898207731053,381.43885099667096,80.54666342051672,19.93013108063957,34310985.79916091,211801050.0,95.17316099347907,93.24851274747694,37.497177281982545,432.9816201653688,328.4685263190062,14.029976539360451,333.4561455394019
2020-12-07,447.50070497870826,460.9936704187874,445.5592702499503,457.6932373046875,16140936,360.2662243652344,410.0342521122916,387.08732405652404,83.46006709997079,22.946928055767557,43548889.7299877,227941986.0,96.8706903864442,93.80271392817072,40.190778772151425,446.7257985606563,324.47034706922653,14.497776834598538,335.63733602163217
2020-12-08,458.85813516641014,460.7995700016834,444.15174259005954,449.78192138671875,9218366,362.92987365722655,416.1492781545112,391.73136830320516,77.72069490511849,24.417909851306035,40565697.54693944,218723620.0,88.95796849410328,93.6672732913422,42.51295509956092,455.8576901507106,324.6864687848363,14.65135187581463,336.8159777591035
2020-12-09,453.9559861481402,456.14010029796185,444.7341708488933,450.3157958984375,5811412,365.34404846191404,421.4056654997306,396.0709555324816,77.83148410419885,25.33470996724901,40442050.48310966,224535032.0,89.48376149586707,91.7708067921382,44.66926168929831,463.5352571957779,326.43942542140957,14.419535988189908,337.5392551328066
2020-12-10,450.31578642298365,460.21711554341096,443.6178424292562,457.2078857421875,4785102,367.86791442871095,426.91369938318553,400.59961702949687,79.2649806576578,26.31408235368866,43492200.42330952,229320134.0,96.27152252926908,91.57108417307983,46.760953919070424,471.5413311182439,328.08228033195144,14.575231497187398,338.14505164260305
2020-12-11,457.9359294458183,461.09076096823253,449.1509489022116,452.6455078125,4922448,370.2859716796875,430.87243914154163,404.4548681986082,75.77201834263904,26.417570942933423,41451168.71758859,224397686.0,91.69053220250126,92.48193874254582,48.72271988398783,477.0409703016652,332.1199427842723,14.386987252104078,338.7649582447982
2020-12-14,454.8781659252487,458.6154337279754,449.5392203853372,453.32501220703125,5943652,372.4933831787109,434.326681151617,408.0748788658988,75.94206052320295,26.251802285718156,40465846.42693737,230341338.0,91.9191803522386,93.29374502800299,50.54435970855398,481.1516706143598,337.8620226229449,14.0076462585708,339.50170352243066
2020-12-15,455.7518030869228,465.6045784216278,447.9375401444878,461.81878662109375,10973876,374.9279425048828,438.55623583922875,412.0559090699873,78.01880849641707,26.50032676924144,46736635.341352254,241315214.0,95.9055171133715,93.1717432227038,52.39889410287659,485.4053247497862,344.2522802306825,14.269031402754317,340.8915312975022
2020-12-16,465.94433793827585,466.38117260467027,459.29491802415976,461.6246337890625,5452263,377.11496826171873,442.1052201392032,415.72766645658544,77.85337231871443,26.37755368261776,44869403.87562175,235862951.0,94.22167153208302,94.01545633256438,54.13855443235461,489.509757052666,349.45702456354496,13.755975915451188,341.59301721483655
2020-12-17,464.00292355462483,464.7794856356824,451.91747990953434,454.0530700683594,6757703,379.1942449951172,443.9433508975349,418.56658524264276,71.48709761857143,25.376765654892154,40355780.738488436,229105248.0,82.42215019635327,90.84977961393595,54.530955808959995,492.26859426832243,354.13873605394315,13.692120901929538,342.41211831631443
2020-12-18,454.0530722796967,459.100814702988,445.0739361629951,449.7333679199219,5980780,381.2046014404297,444.8341227471329,420.87523581133007,68.06730774196616,23.95888693580281,38348377.45002681,223124468.0,74.94520433524771,83.86300868789469,53.8892758962565,492.70845574516824,361.6005133710427,13.716032161791205,343.0923341004258
2020-12-21,445.5592612554736,453.32500001373893,414.6904615409458,431.2411804199219,8223842,382.8946203613281,442.7429008506389,421.64308356011463,55.76810840103475,21.099817290524243,37170588.14937337,214900626.0,39.76697689251159,65.71144380803753,50.208901941178475,489.46638174856923,371.4822937885401,15.49592546971991,343.85875716010213
2020-12-22,431.2411695678824,456.7224992272114,422.2620343545951,454.9266662597656,9462053,385.0496124267578,444.6173262981968,424.10853413045913,64.59294650510262,20.50879216773768,45646452.09011769,224362679.0,77.84030029924817,64.1841605090025,47.03198908207829,486.37265640083444,383.65222152885303,16.850535427069655,344.8366734377261
2020-12-23,453.4705911585156,462.7409593602499,448.95676153489904,456.9651794433594,7943560,387.3958361816406,446.51699601283724,426.54235970919245,65.23581071865014,19.974636303644786,46933077.11313478,232306239.0,81.7839743978317,66.46375052986383,44.497755895221346,484.5128700933988,393.1321341790621,16.63151131266117,345.73671957235604
2020-12-24,460.9936612965578,468.75940005791966,452.3542828493311,464.5367736816406,7679078,389.9119348144531,449.2892695003454,429.3567607441886,67.58962407421035,19.932508756156835,50659013.310365066,239985317.0,92.19029170518407,83.93818880075465,42.538438645904975,483.0415057611131,402.3304028082228,16.615340305227413,346.6369683195058
2020-12-28,465.9443459834499,478.5151480007059,465.9443459834499,469.390380859375,8372924,392.6445037841797,452.38174817096535,432.3222140860542,69.03688404888328,20.05953408491115,46876629.84673864,248358241.0,85.7033890059392,86.55921836965167,41.300531090878124,482.6291921847872,409.86778352322057,16.426985591930116,347.6815634983403
2020-12-29,470.79793524654684,475.5059205238011,464.1970688287501,469.2447814941406,5866837,395.23534790039065,454.97606098991537,435.0572190792458,68.93743579798243,19.918841910669585,46247125.20005645,242491404.0,85.47526510387166,87.78964860499832,39.984870907249665,480.4533551539602,419.01822382553195,16.06140459929589,348.3935921252549
2020-12-30,469.8272502611818,473.3218390391533,464.1485471999713,471.1862487792969,3736356,397.91161682128904,457.4699360344356,437.73344350147175,69.56696589641976,19.736492532963837,48243794.81029745,246227760.0,88.51714026667455,86.56526479216181,38.75831188187809,479.29170965791195,426.1594896829083,15.569396545002041,348.8423783529584
2020-12-31,471.18624206909413,476.4281103494286,466.187053150108,469.5845642089844,4386328,400.52867126464844,459.3337249843662,440.0927857761023,68.3365168543597,19.24093920826391,46767829.98820212,241841432.0,86.00763389985154,86.66667975679927,37.82267718601027,479.29557961213135,430.57723532927486,15.188800877453366,349.3701241539833
2021-01-01,470.7979484992178,493.1244491496962,468.4196789716542,489.0959777832031,7815730,403.41170288085937,463.91253310726415,443.72265185070233,74.29988992286508,20.18988125656182,52034623.54505109,249657162.0,94.86387025661864,89.79621480771492,37.88796262468255,482.31448119912255,434.16406494345557,15.868512970352553,350.3973387174038
2021-01-04,492.15371023470516,495.9395020809527,480.69925703345507,484.2908935546875,9998803,406.1403887939453,467.0476654837908,446.7277067917383,70.76521037020862,20.319958692052523,46748614.32382369,239658359.0,85.66308174367985,88.84486196671669,38.08402837334624,485.58378041199194,435.28240611144554,15.82363669014863,351.7220300994298
2021-01-05,484.2908862602064,489.72690941537377,477.5929423832783,484.8247985839844,5135408,408.7632678222656,469.7826090376667,449.54971359116394,70.93068990541178,20.232895446502766,47734622.689917445,244793767.0,86.32020338566895,88.94905179532248,37.90971955711002,489.04192891159715,434.53741373977,15.560088857430548,352.37794091871206
2021-01-06,487.10599807404077,490.1637816999793,475.16618544761144,482.2524108886719,5203982,411.3473175048828,471.7010400916675,451.97213561320154,68.90690587943887,19.72890447846595,47448307.3643218,239589785.0,83.15415037357724,85.0458118343087,37.46705539334708,491.46760270966473,435.35878889189775,15.519910814211785,353.02840963017053
2021-01-07,485.45576627309,505.6467054936561,484.8733299219686,498.8031005859375,10295126,414.2487908935547,475.8705878600167,455.44109598155234,74.03920858742065,20.429491878464376,50960156.89815064,249884911.0,92.47593720858053,87.31676365594224,37.86602305382205,497.1380443405418,434.53707772977066,16.08236679926696,354.4324972604445
2021-01-08,504.7730224137149,511.90777124290855,499.4340769843391,501.8608703613281,7272250,417.42012451171877,479.8690928602185,458.87959778746165,74.86468749689543,20.989495072756824,46517581.53502643,257157161.0,89.66552261898522,88.43187006704767,38.51082706951695,502.77500631256976,433.3654142196568,15.869674217674396,355.4625288588737
2021-01-11,505.20985826034433,507.19981698458236,489.2415459525924,493.46417236328125,7156036,420.63611083984375,481.9606435529974,461.44141812641124,68.43006003488074,20.51922542658616,42726821.24064561,250001125.0,79.42612831371386,87.18919604709322,38.00016264837081,505.7362414992863,434.48604548801836,16.018859704411224,356.4102481329545
2021-01-12,492.1537174439372,505.40403353581365,487.8340132025934,496.2792663574219,6751375,423.57544311523435,484.1635085998319,464.0219994768565,69.3802640974924,20.141509122975435,42465714.31510834,256752500.0,75.17354374778488,81.42173156016132,37.38071497189011,508.7457883624702,435.7719240398735,16.1296568921833,357.29196907530576
2021-01-13,500.7931009718305,524.1873652398631,499.5311210275749,520.9354858398438,11045555,427.06517211914064,489.820735867526,468.2378132815222,76.15094774727359,21.582922586003804,50597702.06966555,267798055.0,95.47300590229446,83.35755932126442,37.7242240561489,517.0289497506183,433.4004325736005,16.97097417720172,358.89813089548744
2021-01-14,522.1974019047398,526.5656299096626,514.577235280755,521.2266845703125,6066782,430.6238220214844,494.6524202833393,472.16291485846966,76.21783297040032,22.489505424869662,51260888.5948135,273864837.0,91.4463395154463,87.36429638850855,38.143187837003985,524.013904913985,432.3756824883587,16.615075638037855,359.79933749608244
2021-01-15,521.0810591829963,525.1580838834243,508.6558890109322,512.490234375,5427713,433.86310607910156,497.396699374364,475.150123711546,69.88533154145803,22.24657566281803,48355473.54849143,268437124.0,77.44944985633376,88.12293175802485,37.90690149973913,527.8490049154693,434.38429891753844,16.60701272621316,360.57061210558874
2021-01-18,515.4509352527696,516.7128560130387,489.0474103356302,500.4048156738281,6258367,436.7141033935547,497.8594864973585,477.020841634678,62.18805558279864,20.838644862680496,47235560.60435682,262178757.0,58.0870923469601,75.6609605729134,35.96740956502099,528.7685289043168,438.5319197040817,17.396900794155687,361.37446927113757
2021-01-19,500.8900827606037,519.3337098389981,500.8900827606037,517.1981201171875,6694907,439.85340087890626,500.83466090040906,479.9969363370861,67.5383825788266,20.83772456332298,52380059.485942155,268873664.0,84.48537495380312,73.34063905236567,34.3262226920687,528.4144294361801,447.48171314194497,17.506328892085275,362.28728943672184
2021-01-20,513.5094665684452,546.0284970600196,513.5094665684452,542.24267578125,14440729,443.5722186279297,507.20512472823077,484.6077318514686,73.54940799672015,22.59739287676217,63458448.446726635,283314393.0,95.12191865303362,79.23146198459897,34.1424268093105,536.2773050236307,448.3504385066427,18.578664720620218,364.4950991431142
2021-01-21,545.3975428856113,545.3975428856113,526.7598163612953,531.6134033203125,8870257,447.0842755126953,510.96024451162793,488.08963344175334,67.810244322674,22.8706110698746,59208128.716667995,274444136.0,79.65760160555784,86.42163173746486,33.97175920389217,540.0467888300936,452.0457770878751,18.582883420884205,365.8285138757205
2021-01-22,533.4092538890548,541.1749937090956,516.1304946390425,520.1104125976562,6843849,450.27211181640627,512.3679626787092,490.4615430088573,62.15755322800894,21.906419669851914,54539444.60736534,267600287.0,63.42472624358327,79.40141550072492,32.96101604573376,541.5146223824858,456.13530742708457,19.044427395824844,366.7902936360558
2021-01-25,527.0995507071406,531.4192550072648,506.71448521017936,508.3161926269531,5816153,453.29298583984377,511.74461343997746,491.78410964723474,56.91845894327243,19.960503792742713,49477459.76790331,261784134.0,46.780871841523485,63.28773323022154,31.341845345539515,541.4159648720647,460.1265461142635,19.448737567343464,367.546136276744
2021-01-27,512.7814441058634,520.3045036265837,497.492645725045,503.65667724609375,8920054,456.2701751708984,510.50031556399534,492.6635590990021,54.947986804526764,17.836756464993243,45378012.16154109,252864080.0,30.71424411566699,46.97328073359126,29.22868743802078,540.4791117506161,464.50458881090725,19.688960448357413,368.6260803027429
2021-01-28,500.5990102192307,512.49029920513,492.20228041982654,503.8994140625,5707393,459.2405700683594,509.484792256073,493.4958446518538,55.03531777360533,15.988947604219163,46251857.022048175,258571473.0,27.606398055296957,35.03383800416248,27.347018225274784,539.2945191121687,468.96049797767506,19.73175032956785,369.2872319122866
2021-01-29,512.1019396587885,517.4894092439025,492.25078710172414,494.774658203125,6781488,461.7654058837891,507.2216947094656,493.5905715815776,51.03074431508257,13.631123127888031,40826671.39792894,251789985.0,11.926637269497695,23.415759813487224,25.513652464564363,537.1553211175167,473.61870537174116,20.125098316182886,370.0564838523921
2021-02-01,499.23989264881874,529.4777600678334,485.45572484302147,526.8568115234375,10259084,464.70959045410154,510.2424819116152,496.05473750319686,61.60818064135132,14.187744408418325,49864161.20586941,262049069.0,68.34933447011348,35.96078993163605,24.533274660609955,539.4321297333769,475.11798012990437,21.832022381084958,371.3117560544862
2021-02-02,532.6325988947646,538.6024747918668,524.1873464632797,534.6710815429688,7160471,467.9886724853516,514.0007280087466,498.9152074320689,63.66677353827786,15.085520576677709,53118926.10230264,269209540.0,81.24996578270573,53.84197917410564,24.112642591754764,542.2463361523688,477.3417925097405,21.302244234477968,372.28731012039873
2021-02-03,533.4576749080935,545.8343203564791,526.1287712176454,543.69873046875,7462289,471.5657647705078,518.5696514641318,502.232505434786,65.93904163428721,16.337146029345774,58963763.2043186,276671829.0,96.15377255159567,81.91769093480497,24.083571856446213,546.2594103268497,479.2161115237363,21.18819458478909,373.32952624971176
2021-02-04,541.563325464732,556.6094469513181,537.8260274822298,551.755859375,6850462,475.3175891113281,523.6752219119576,505.90090202295,67.87035130773224,17.774319889007586,62273941.46525209,283522291.0,93.17872989282151,90.19415607570765,24.551193764053,550.7673075016772,481.6585591975414,21.0164249336676,374.3330794739073
2021-02-05,554.279598928141,557.1432269192907,545.2034155345135,550.3482055664062,5586868,478.70927490234374,527.7787578587959,509.1932948780208,67.15393290052498,18.58546298077505,61501766.40630595,277935423.0,90.52133055821207,93.28461100087641,25.00929071680667,555.3942689867231,482.1861082105425,20.36809539446114,375.1531296998901
2021-02-08,555.3959759110542,576.6061270888197,554.3766752577893,565.0060424804688,8887710,482.2640411376953,533.5060324159763,513.3275724782021,70.63043761810599,20.178459937774164,61113657.21308854,286823133.0,87.27368796786011,90.3245828062979,26.219258026300178,562.8111993603533,481.08369504882637,20.788797260743447,376.54794474456384
2021-02-09,572.38347048687,572.5290425308118,556.4151593077628,564.908935546875,10917915,485.5994256591797,538.3372482822683,517.1484141869927,70.57714236173508,21.188834095275638,61705609.291559264,275905218.0,87.16715312961344,88.32072388522856,27.342799099401294,568.2476762522235,482.7916944753155,20.45487482947956,378.2272640971204
2021-02-10,567.6269423379899,569.8110562674649,534.3798747448712,559.958251953125,19987392,488.80861572265627,541.6635565393232,520.3195132807803,67.76956972749107,21.34404325854291,70576699.00260377,255917826.0,81.73581824597807,85.39221978115056,26.633876949303662,571.7307612767771,485.67650801033216,21.524611021844855,381.06588108281863
2021-02-11,559.9582826409329,576.3149056245787,559.4243999451567,574.51904296875,10595917,492.0711956787109,546.718246759235,524.3342932576669,71.37617844246543,22.383953501568044,78919419.79809418,266513743.0,97.71028534307331,88.87108557288828,26.282743669381357,578.6095332330664,484.15609176693357,21.193603497386082,382.66393796179153
2021-02-12,574.9558910896724,603.4464816802194,568.9374314970199,598.5443115234375,24953701,495.5347137451172,554.6914874921893,529.831331647724,76.12370885998604,24.860155844465226,96783543.5600041,291467444.0,95.8452930651628,91.76379888473808,27.016744591166674,590.4943905138457,480.0029971814668,22.144706832087042,386.7175369906742
2021-02-15,599.8547799616803,621.1620369930041,592.9141274220034,609.3677978515625,15146033,499.26129638671875,563.1032275474774,535.7229217368972,77.90190090199675,27.38030581058024,99281848.78410144,306613477.0,91.30899738222448,94.95485859682022,28.231349449199694,602.9684274608794,477.21671658208925,22.58064988486659,389.306641755237
2021-02-16,611.3578741123349,624.6567158089736,609.6591184749367,617.9102172851562,15120148,502.8112109375,571.535072122505,541.8108695552868,79.21745561580211,29.724202567218185,100798743.69096856,321733625.0,95.15341200015776,94.10256748251503,29.456678622902615,614.6074194991447,477.32826470495684,22.05981189004834,391.94239832451774
2021-02-17,638.7320266706181,650.3806350597479,627.9570876098275,636.5479125976562,34868085,506.3883044433594,581.5370475802206,548.828428299166,81.76774974459595,32.70861928105455,92647717.31558877,356601710.0,91.61271487496087,92.69170808578104,31.226290301363694,629.6808030358607,474.18986041628773,22.803426596087146,398.336574026667
2021-02-18,641.4500876789513,650.3807001878253,630.0441574890901,644.6049194335938,13189027,510.2847644042969,591.2397970961242,555.9229831980125,82.75305315740464,35.31681389811172,98345114.1558195,369790737.0,96.49793444433976,94.4213537731528,32.86950258930649,644.4509209961267,469.65596682125613,22.627220603419143,400.7023969721425
2021-02-19,645.4785568153495,656.8359624179908,610.2415265079869,634.3638305664062,17553743,513.9657250976562,597.8742637838599,561.733416336412,77.05303120912394,36.14084744744787,98966791.36381209,352236994.0,83.05890213037956,90.38985048322674,33.00361643181986,654.9200466978151,469.4618838441772,24.339164553889482,403.6802656258811
2021-02-22,639.5086354227401,658.6317807745414,629.9956163930397,654.0693969726562,16739107,517.9029553222656,606.5196688898285,568.5731186057634,79.91919550150757,37.9465502840651,110372067.36484241,368976101.0,96.5567696785588,92.03786875109272,33.184954856208634,667.6482538306225,470.1295751488697,24.646093113004646,406.61542616591777
2021-02-23,660.087842681977,662.7087915539686,639.9454563060195,642.6149291992188,11247164,521.70234375,612.0727858605039,574.0576971682416,74.1235397378549,38.01508869226234,101762829.58227324,357728937.0,84.34190605330086,87.98585928741308,33.48655982818777,675.2348691933771,475.97283344334164,24.511610408357818,408.55510200716554
2021-02-24,647.1773286002874,651.351401739502,634.266798507786,645.7212524414062,3919187,525.5502685546875,617.2494730267966,579.3661086699575,74.66021408321049,37.88336435683914,103098917.91291778,361648124.0,86.76250097409216,89.22039223531728,33.35835883385145,681.0560867035654,484.3580734526847,23.98110989574054,409.21076823850217
2021-02-25,649.7983250100489,690.5198771635584,647.6142106121561,683.6763305664062,18596690,529.9874194335938,627.468989571352,587.0927917733982,80.09297169303454,40.376197797953864,115763183.37336086,380244814.0,95.61704464509918,88.9071505574974,34.39102921835921,692.4240648288528,490.9677869777879,25.46807524048422,412.6664180133515
2021-02-26,676.6871344556683,682.8512260283366,648.4392793679867,656.1079711914062,19909990,533.8770861816406,631.874986743668,592.2050272858432,68.59013939826454,39.6699594578248,104727063.77798343,360334824.0,77.960864967917,86.78013686236947,35.34993743254498,693.7674290969794,505.75775400848937,26.165859237479598,416.10938579215014
2021-03-01,664.5531056363535,684.0160368254569,653.5840109105715,672.610107421875,11600468,538.2482269287109,638.1419283864691,598.1609591477716,71.2517006697777,39.980969238697526,107631816.321735,371935292.0,88.52967243227101,87.36919401509574,36.270452982666676,699.909132123708,514.1913805716046,26.470585428722874,418.13258294442113
2021-03-02,677.1724043022336,703.4788802162712,675.6192802307426,699.40185546875,11486477,543.2415966796875,647.5665325529737,605.6602848011775,74.96130593261105,41.906247751796286,115756389.27320887,383421769.0,97.16980357719652,87.88678032579486,37.59432031644628,710.20477603055,520.3688140573406,26.784741669128117,420.28254372572053
2021-03-03,710.5651545401678,732.8431312759436,702.2170083909009,708.4780883789062,19961472,548.7863348388672,656.9375411415788,613.2764183995278,76.08704577851967,43.66112274205102,103956601.55426864,403383241.0,85.13471896956544,90.278064993011,39.37537478390984,720.736122363769,526.3154035151372,27.260208393275654,424.23072005742705
2021-03-04,711.7784753597481,743.2782642641134,694.8879702814476,730.416259765625,30607959,554.2961267089844,668.241959391432,621.9534436859053,78.59242419345685,46.28851570552672,118293541.14328629,433991200.0,91.4460956125501,91.25020605310402,41.193530517323815,734.3685000793172,530.5490658386515,28.76950022108924,430.25131689184536
2021-03-05,730.4163096825544,738.7159314916545,709.1090511887695,727.018798828125,17665200,559.6971990966797,677.2845500740002,629.736062585329,77.24272674796575,47.548487488671185,122000351.34916493,416326000.0,87.83148527109843,88.13743328440466,42.881817984065364,743.8269672252711,538.7576580188695,28.82931308407465,433.640859974398
2021-03-08,740.3661090559706,745.3167436703778,722.4078387028588,726.48486328125,15286852,564.9361608886719,684.8538290289617,636.9026404146565,77.01886910595222,47.95118861430524,112154603.70736925,401039148.0,86.0582268274367,88.44526923702843,44.557783612321565,752.0319072862179,546.7006000380007,28.40642679003496,436.57535877819294
2021-03-09,733.4254836876006,737.162781042722,717.0203959823072,728.7660522460938,8548163,570.1236743164062,691.6095556777514,643.7073375873556,77.3212748777244,47.90221809039576,113575844.42829591,409587311.0,87.74705547621929,87.21225585825148,45.68036325202729,758.087726186685,557.0304928074555,27.816138095062097,438.17063613582525
2021-03-10,735.3184717274601,736.8715959553846,721.2430686382875,723.5242309570312,5235249,575.2092633056641,696.5195057207175,649.6197000591834,74.88286470452545,46.89980566153406,109868884.37142318,404352062.0,83.86638706110902,85.89055645492168,46.72275863175404,759.5646883280933,571.9101285664378,26.9455944680646,439.1375836627598
2021-03-12,727.0673144448328,730.0765146105366,701.8286626750523,706.827880859375,10961076,579.9220959472656,698.1054095882032,653.8573430814198,67.57306633088905,44.2480665067834,102787523.58545744,393390986.0,66.6246214204617,79.41268798593,46.175498968883424,757.8047637697075,586.9009369138862,27.038612858594576,441.04180461005944
2021-03-15,706.4881008479507,706.4881008479507,685.3749977273527,697.9943237304688,13403522,584.4902911376953,698.088319456244,657.1267490554235,64.01275303625721,40.961570400820506,105406602.5969517,379987464.0,57.38636352262687,69.29245733473253,44.59677556795752,756.3511910945947,598.2995108097023,26.639632163839412,443.1972444752359
2021-03-16,709.9827433342602,714.1568163827285,693.3349159138274,696.3441162109375,14979009,588.63525390625,697.8199804954276,660.0317392150912,63.341340474776125,37.788241280336365,94757154.04226615,365008455.0,55.90035871900889,59.97044788736583,43.40914863414957,754.5996870422485,608.7486466979859,26.224079899915242,445.606929938055
2021-03-17,694.062942964919,695.9558537498556,663.7765481495994,668.0962524414062,8151544,592.3113610839844,693.2470992563474,660.6291105651885,53.07838611145712,32.61798869115887,88794113.42633991,356856911.0,20.963675339967665,44.75013252720115,40.70108827329633,751.3894862888569,616.9774509670024,26.67718619715973,446.77138064774454
2021-03-18,674.6485963755545,684.8411291265521,655.6225589395144,659.7481079101562,10925357,595.8098272705079,688.0934082800102,660.5638511092602,50.47550202916388,27.529557170749968,80953992.63308902,345931554.0,11.67333251711709,29.512455525364558,37.81281251152897,749.972066883745,620.7148899033645,26.858713625008157,448.251776067848
2021-03-19,657.5639602599465,671.2510512721994,637.8583505466336,666.15478515625,10373422,599.4878747558594,684.7182354917394,660.9779943720001,52.40449492312142,23.740241119739267,88161110.74652918,356304976.0,26.33245648576889,19.65648811428456,35.839300833809794,748.982346628708,623.8595967306669,27.32542698933371,449.5862570432177
2021-03-22,665.9121464099678,704.9835223472874,661.0585593370089,700.7609252929688,22864950,603.52703125,687.1863416150055,663.9248781439237,61.19647549691864,23.26146347108181,106629951.38636649,379169926.0,58.536679097647955,32.18082270017799,33.93454152680328,747.7837205493997,631.6979322826314,28.51110813368691,452.8898348952407
2021-03-23,708.8663367451481,732.8915908833781,705.8085534284014,716.9232788085938,30612174,607.8282794189453,691.7612550294037,667.850685600566,64.49518559395155,23.91056942883779,101143903.49879351,409782100.0,73.5772478664487,52.81546114995519,33.04386173041001,749.6528645472606,636.1141764683643,28.769647952024226,457.7097389520627
2021-03-24,719.3015722263046,728.523387254847,677.2209978741632,686.1515502929688,21213413,611.6820269775391,690.8982235314907,669.2063052074107,54.92209733352683,21.691918324080007,87316013.82685904,388568687.0,44.94130085373871,59.0184092726118,31.089756419357318,747.0938184763164,643.0268846486837,30.37912948264276,460.68471261601417
2021-03-25,690.1800733539264,691.4905181484811,663.1456173865461,668.0962524414062,16860086,615.1183666992188,687.3902279791699,669.1240790765954,50.21259634339966,18.266148902574514,76345391.57771814,371708601.0,28.139171837375297,48.88590685252091,28.94935061433364,744.7694139785303,647.5887891464697,30.233827431163636,462.7716980470224
2021-03-26,677.560718760708,689.8888411092265,672.3188213060984,682.4628295898438,12350673,618.3489135742187,686.6321666885044,670.1121346701693,53.62049903824284,16.520032018335087,78255980.73059571,384059274.0,41.50860416444685,38.19635895185363,26.961830938240222,744.7740233314138,647.46282969593,29.63088180521054,464.32677342739987
2021-03-30,682.4627843294192,696.97501978027,676.8811598673906,689.7431640625,9109273,621.7192431640625,687.1107816691191,671.5662849955271,55.29062420216845,15.544496673591993,80808330.53959113,393168547.0,52.248236313998234,40.632004105273474,25.217612514579663,743.0109738847276,652.5893984297255,28.94966595575832,465.4925372332021
2021-03-31,684.3556893991913,698.8194007182701,678.1430750444999,681.8318481445312,7752226,625.1060754394531,686.2986380499517,672.3266970806386,53.05483924505269,13.971940969313096,75822186.21051782,385416321.0,44.41173240647176,46.056190961638954,23.668022668492796,742.6150156776243,653.9075307090943,28.35871307847345,466.4680207486643
2021-04-01,692.606853346509,720.272298785017,684.3557555841469,714.690673828125,15017049,629.3917926025391,690.6666435542861,675.4647694323043,60.24527604754344,15.20187412198186,86171774.0348421,400433370.0,80.84784124927319,59.169269989914405,23.00043351310433,743.9550124382592,654.0964157843971,29.07883719004576,468.5045563912494
2021-04-05,710.3224214301362,723.1844263279145,694.0629058046428,720.5149536132812,15622924,633.458129272461,695.2586912556699,678.8018201123766,61.37458425443729,16.456871143293256,98930495.30150878,416056294.0,86.9765176624085,70.74536377271782,22.479053052449384,745.3624564537189,653.8926582923749,29.081885999561898,470.6406964868655
2021-04-06,733.8623861192663,827.7307746060575,721.2430593738292,811.0829467773438,64555516,638.8349346923828,713.0778074897736,688.6004220875594,73.8258504933288,24.477385402214168,143301352.19002256,480611810.0,91.23209812526356,86.35215234564843,24.304919171826107,769.3988699130609,637.9229135342048,34.66288135622006,481.6709171407772
2021-04-07,831.904776166721,859.0848622025065,771.7202999446245,790.8919677734375,97717880,644.0205059814454,725.0492167641835,696.1775736198466,68.52260724515625,28.871643144336872,88470763.96780041,382893930.0,69.17508036507581,82.46123205091597,26.40952396733679,782.3092897186796,631.3998106231172,38.42728713491021,498.00711779210206
2021-04-08,794.0468644690253,813.4612132335491,782.3982552103109,798.9004516601562,34025873,649.5963067626953,736.4109452097177,703.7866756969066,69.45970297252181,32.62426951281111,90597381.03030053,416919803.0,72.7951184096915,77.73409896667697,28.363799848882422,795.671557813004,625.2791013666836,37.901263626933634,503.16306148572784
2021-04-09,800.5991367408382,812.4904243129209,793.1246012745233,799.4827880859375,21804785,655.419638671875,746.1143056522131,710.8752766146126,69.53073521305167,35.23902903760052,83110489.58306459,438724588.0,73.05834925911478,71.67618267796071,30.17848459603194,807.4239286935434,620.5984040701284,36.57730358489534,506.4125655849424
2021-04-12,786.1840361197864,786.1840361197864,713.4772800705816,722.8447265625,28112240,659.8033996582031,742.5343704076419,711.7619025366783,52.29297470516414,30.77246787096351,62242140.475122824,410612348.0,31.200990136879533,59.01815260189528,29.01731550121298,807.3765820756055,620.5778002486134,40.10788961564252,509.65679279108684
2021-04-13,728.0379883219593,733.6196128990944,680.8125671136551,709.6428833007812,52812517,663.9182690429687,737.4741416219711,711.6049381488341,49.993683885978946,25.869203473136963,67096229.932695575,357799831.0,23.730450710835694,42.66326336894334,27.103407221823186,807.482290465176,620.7535921031833,41.01497219919943,514.6834368500074
2021-04-15,714.3509281436461,732.4062473207896,703.7700852320378,728.3777465820312,26108614,668.5903308105469,736.0746962312111,712.8473684031451,53.142384584445324,23.227327828065995,85858987.2874526,383908445.0,33.292018276765155,29.407819708160137,25.326206676675522,808.891304691621,622.3829201618945,40.130771477024595,517.2424319446633
2021-04-16,728.9116770433795,771.5746568983395,721.2429863294176,733.376953125,41791181,672.7207336425781,735.6596588302555,714.3680783825417,53.975171574668266,21.291580447713727,64217854.83025962,425699626.0,35.84342473322279,30.955297906941222,24.54875823585408,810.607638038731,624.3698705061909,40.85940712644583,521.608295486672
2021-04-19,694.062964541703,709.4973954243738,686.7340597726939,699.8387451171875,22935238,676.0240869140625,730.148749028245,713.291831473997,47.83321454729292,16.856917554247957,67689913.36097626,402764388.0,14.734971989020941,27.95680499966964,22.960315983991695,809.8251564387654,628.3266013737345,41.272513285435856,523.4756167379454
2021-04-20,722.8931653647884,724.0580379424674,689.2092641275692,699.353271484375,21315167,679.137177734375,725.410983252265,712.2593455488399,47.74851461081268,13.151637703425195,58783860.78250619,381449221.0,12.333509873280654,20.970635531841474,21.805995406843483,808.1973159230199,633.914958246902,40.81367475182602,525.2296123025144
2021-04-22,669.3096721862755,723.0874418449961,669.3096721862755,716.1953125,26840536,682.425966796875,723.9931877519166,712.5508986563333,50.99075551845375,11.442289095583305,78744660.15620205,408289757.0,24.705885057848953,17.25812230671686,20.250850494103627,807.0473144834489,640.0690124208479,41.73968153088992,527.3742298815549
2021-04-23,714.8848003204912,725.0288084217093,699.0135361866569,704.1098022460938,18435449,685.5011987304688,720.9342053664054,711.9256322555748,48.6575559642446,9.008573110830639,67532041.8212289,389854308.0,18.337555112890076,18.458983348006573,18.853998449887076,807.044459472298,640.4067551273114,40.61650943833009,528.8711316129284
2021-04-26,711.5358597725742,717.9911542322857,707.5559421005597,709.3517456054688,9390549,688.3881127929687,719.1522884801075,711.7349739851966,49.7319521888368,7.417314494910897,61373546.10281961,399244857.0,21.099740917539602,21.381060362759555,17.556921551685992,806.8546655697099,639.8393957095869,38.70685533460594,529.6335715466635
2021-04-27,713.4772171000435,735.3183563990244,706.0512060392372,727.212890625,20573107,691.6341918945312,720.3923811177832,712.8814863288858,53.31664274880392,7.510894788897417,70551309.68168753,419817964.0,30.511479626906002,23.316258552445237,16.806856201640986,807.1494277939032,643.6507675185967,38.032590693547455,531.3836042763917
2021-04-28,732.8916040161746,737.7451907977387,719.3986090642724,724.3978271484375,11156977,694.9229833984375,721.0086035840377,713.7345486118155,52.67902418439258,7.2740549722221886,65474610.95840566,408660987.0,29.028112134916277,26.87977755978731,16.173896163861013,805.6406830335533,650.7896697496498,36.62644719639881,532.3405834552985
2021-04-29,731.1443790096152,743.4239189316387,721.6313600597132,724.8832397460938,13851910,697.9302673339844,721.6047014551232,714.5603775847251,52.78388083494687,7.044323870398102,55756657.41678202,422512897.0,38.55218415014602,32.69725863732278,15.740973862255412,804.9034757794493,655.7689180193788,35.56688374465072,533.5326617312215
2021-04-30,717.3601121933287,737.2112935887155,703.2847108038791,708.6721801757812,12600934,700.1328247070312,719.6150827967629,714.1242148136922,48.887801112249946,5.490867983070643,47157726.59009914,409911963.0,27.491480108086755,31.690592131049694,14.743407109118404,804.2278536078884,658.3374418022679,35.44971939037827,534.5304994582126
2021-05-03,706.3424776450271,741.6280283304441,692.8494832733697,739.1041870117188,25953577,702.7275524902344,722.6134065221406,715.9745831246571,55.52448825983416,6.63882339748352,70425585.51775089,435865540.0,59.717556935881106,41.92040706470464,13.885753492340246,803.5102382673111,664.7822910295639,36.401778366570845,536.6422158796337
2021-05-04,757.0139532920791,759.1010194359756,737.7937603017178,746.239013671875,31400296,705.2941284179688,726.2481153144074,718.2163927948214,56.936296379632324,8.03172251958597,63916661.415656954,467265836.0,75.22549551266326,54.14484418554372,13.241604979294532,804.6798327200328,666.7675305612173,35.32359842140562,539.4428055736047
2021-05-05,749.3937919611545,752.1117886834573,711.2446120697039,716.4864501953125,29426971,706.8928991699219,724.7463206807006,718.0882488985615,49.83246363946696,6.658071782139132,42038605.280358806,437838865.0,46.13189758143251,60.358316676658966,12.757269519711926,804.6781789665192,666.366333972934,35.71956829228761,541.7416489521906
2021-05-06,723.1844467127567,731.629699752134,714.0596796591054,719.107421875,11926793,708.38294921875,723.8787977875159,718.1637431931125,50.41932907866841,5.715054594403341,36964778.43606894,449765658.0,48.694819472113934,56.68407085540324,12.307529450099507,791.0063598125045,670.8406006367144,34.423171992340535,542.6325292352092
2021-05-07,725.8054378292569,755.218164253297,723.4271682644853,745.268310546875,20782117,710.6010388183594,727.1694920581865,720.1714889230208,55.95745713708907,6.998003135165732,44738242.046755925,470547775.0,84.59460815234982,59.80710840196543,11.72861537964917,782.5964276055746,674.6881671209879,34.543712734194564,544.3325798120716
2021-05-10,751.7235770974008,756.6742121305946,740.1234923357506,743.03564453125,9201326,712.3803637695313,729.6104385925039,721.865130079186,55.38882850130307,7.745308513317923,38774921.64947942,461346449.0,82.10810351241363,71.7991770456258,11.236312771699776,769.8266813508781,681.8714326627937,33.25849895281238,545.0960521168159
2021-05-11,729.0087458778362,766.5755199983486,728.3777558873094,740.317626953125,12978165,714.3344177246094,731.2576983402918,723.2319816994777,54.660615453842766,8.02571664081404,33910195.76703751,448368284.0,73.00399509604199,79.90223558693516,10.49517697225143,752.1569724745768,693.6246254258137,33.61130360697144,546.1551058179108
2021-05-12,740.6573268094902,750.1703448455398,725.8053634294665,729.5911254882812,10615003,716.0118151855469,731.0013025169055,723.7030293875372,51.7680158984828,7.29827312936834,26593851.192042038,437753281.0,49.8353686798184,68.31582242942468,9.896587761234779,752.6395490620674,693.8166887309013,32.95085202190729,546.9703165878082
2021-05-14,735.7067682941271,736.4348063709792,706.1969345465646,712.0697631835938,10876267,716.5796838378906,728.0887580040883,722.8413059650228,47.35928685021997,5.247452039065479,19942382.330778856,426877014.0,26.069867259950055,49.63641034527016,9.998696350213617,752.5549997309271,694.1439260503229,32.75706772208638,547.7237418621205
2021-05-17,718.3309126714146,737.7452616625338,715.4187603227466,732.1151123046875,12271212,718.0998266601563,728.7081971272574,723.5282545827757,52.35814683695117,5.179942544481719,26024648.26078483,439148226.0,53.258836057864926,43.05469066587781,10.040018037807537,752.915478503707,694.1571838498086,32.251241347575935,548.6162190979951
2021-05-18,742.5988436752745,757.1596053159661,734.9301521786872,753.1796875,9877934,719.7112182617187,732.4730417999871,725.7246570210887,56.981222843432626,6.748384778898412,32365530.2902522,449026160.0,81.83025550617998,53.71965294133167,9.332916674863025,756.3948058114868,692.6581299795289,31.736473609268984,549.4074416785625
2021-05-19,761.0424639996106,768.7111553844769,746.7729059500399,749.7821655273438,15666729,720.7188244628907,735.1359839118882,727.5066946882188,56.03670700342542,7.629289223669389,20996797.302118935,433359431.0,75.04801920341313,70.0457035891527,9.093417378368086,758.5881891343013,695.4590886977301,31.036600453923842,550.6911786634931
2021-05-20,753.7621182124296,756.6742706330829,738.7645213964865,743.2783813476562,6964023,721.4148303222656,736.3886604404679,728.674967774103,54.18511205662521,7.713692666364864,17543110.946530685,426395408.0,66.47480429963136,74.45102633640816,8.554359771704915,758.8296928087138,699.6100960096455,30.098968224114735,551.2321982618416
2021-05-21,749.3937779213816,752.5486092403512,744.2004639108468,746.67578125,5274817,721.7400207519531,737.9712944111652,730.0083613649102,55.02118963638483,7.962933046254989,15396377.003449684,431670225.0,70.95321850775467,70.82534733693306,8.0538062798034,760.6514958463601,700.8363398469992,28.611201057584747,551.6432804128309
2021-05-24,747.1612382776302,757.062568185629,724.7376294789433,744.1034545898438,8354397,722.0817138671875,738.9147036694235,731.0524423445349,54.21447609601991,7.86226132488855,17052194.8828715,423315828.0,60.636635209072914,66.02155267215299,8.1330732673332,760.5336800096757,704.9535209180588,28.876468032520528,552.2715767447588
2021-05-25,750.3645078649072,753.9561738918453,736.7744650316488,741.6280517578125,4730725,722.3845776367187,739.332141836868,731.8358208195925,53.40302992280192,7.496321017275477,14994194.028293693,418585103.0,56.67689165176375,62.75558178953045,8.206678327182301,760.2074030440072,708.5074284989616,28.041128091640243,552.6295316808106
2021-05-26,745.3653715519814,747.3553897261814,734.8331109007116,736.0950317382812,7375242,722.5311572265625,738.8341248986239,732.1513179246806,51.54591101235869,6.682806973943343,9105418.140673913,411209861.0,47.826073477324144,55.046533446053616,8.353236139797213,760.449679322653,709.153366331644,26.932638858342354,553.1713219130688
2021-05-27,736.0950093908832,742.5988279690793,727.5041839037301,729.3970947265625,7909776,722.6486145019531,737.3822741029221,731.9473013914867,49.310404792234465,5.434972711435421,3179458.4574760254,403300085.0,37.111812110962,47.20492574668331,8.788785754766666,760.3847093866638,709.7182630254457,26.087067801699984,553.7294818554357
2021-05-28,732.8916657662576,761.9161408646338,731.9209483281566,753.42236328125,13623565,723.5805041503907,739.8499801303572,733.5380467166543,56.583917070303656,6.311933413702832,9087418.307614084,416923650.0,75.5434973062083,53.49379429816482,8.236081223968224,762.5638129702756,710.3930717953494,26.54649482572651,554.7673435205796
2021-05-31,757.1109867726968,757.1109867726968,739.3953956548727,747.0155029296875,7820165,724.560927734375,740.9523682533311,734.5363768065085,54.34446208160865,6.415991446822545,7994716.795614384,409103485.0,65.2948526527393,59.31672068996986,7.722855588226812,761.4891734271145,715.3020436139012,25.91571598944777,555.3543399173823
2021-06-01,750.4614990186267,778.3210965647494,741.9191988776239,774.8265380859375,17847137,726.130576171875,746.163778996809,737.5208331975773,61.472593305963976,8.642945799231711,22415226.73007404,426950622.0,95.15480196784706,78.66438397559823,8.032660115602852,768.2155268428904,712.1479253055471,26.664728967853318,556.7990974460668
2021-06-02,779.4375001727956,799.8710883346811,779.4375001727956,787.7371215820312,27748928,728.5233935546875,752.559677856074,741.2405582630925,64.26208357681583,11.319119592981565,17208164.122244872,454699550.0,87.04662250795892,82.49875904284843,9.101226474021784,777.0939395992176,707.4193233402356,26.549001916488333,559.2606257335993
2021-06-03,794.8719175745664,824.1390708205283,786.9606063303813,801.133056640625,24105079,731.3510925292969,760.0325053613896,745.6770396243912,66.9369940723083,14.355465736998326,11480822.828036148,478804629.0,78.8392674059069,87.01356396057095,10.814111210481816,787.7497639834146,705.2281596005698,27.30824924317824,561.494380518296
2021-06-04,806.4720020097988,817.2955246912987,798.9004181587226,809.4326782226562,14457348,734.216650390625,767.6325319554306,750.399679520559,68.50962840486785,17.23285243487169,13578806.943252422,493261977.0,85.20505095360262,83.69698028915616,12.404647037194701,798.5793753649333,703.4310738538167,26.671596192420946,562.8389590121639
2021-06-07,812.8788035406315,872.4808184842146,811.180048029857,852.872314453125,33684310,737.2588781738282,780.7463446473837,757.9902450711195,75.16729471200723,22.756099576264205,25713667.449424073,526946287.0,86.72798105746179,83.59076647232378,15.109018912334163,821.3185593786543,691.4522902307208,29.269920768787905,566.3785525149324
2021-06-08,857.5317468922273,861.802867764199,833.9918507099406,848.6011352539062,16422574,739.8924353027344,791.1855432022332,764.702162862437,73.52139164766949,26.483380339796213,26544835.449743666,510523713.0,83.83703276537751,85.25668825881398,17.620221367820808,837.624053219319,685.7033454623217,29.165713360607224,568.0882130237139
2021-06-09,853.503247566504,874.6163503638558,806.9573378257537,827.6336059570312,31225441,742.7220764160156,796.7929374722022,769.3637512398144,65.89353866971905,27.429186232387792,14404082.9905291,479298272.0,68.65282534476579,79.73927972253504,18.585470125502727,846.4845125161517,685.5744840658797,31.915234730428285,571.1485539543049
2021-06-10,833.4094713774488,838.6513694105711,818.606029971343,821.9550170898438,11744190,745.7992517089843,800.664026644147,773.2594005620388,63.958175324712755,27.40462608210828,6584111.0010513505,467554082.0,64.86403609325627,72.45129806779987,19.481772543350225,852.7919571707416,688.503428571446,31.067385066771127,572.2388810318726
2021-06-11,827.0512618269016,831.3224422772767,796.6678176962192,815.1599731445312,17460610,748.4531945800782,802.8941722595908,776.3631466792605,61.62569475129988,26.53102558033038,7757915.20958635,450093472.0,59.58432354713503,64.36706166171903,19.31176939578204,855.4978625556106,696.1065441826707,31.32361646064872,573.7669509324053
2021-06-14,733.6681558209723,760.7511933835931,661.1555584659837,745.94775390625,89771631,749.5772863769531,794.1331848206153,774.1101546220004,44.017277054369096,20.023030198614833,70843057.24066244,360321841.0,39.722608862443536,54.723656167611615,20.188930538718928,854.8904547566921,698.0972161417454,40.08653061907006,578.4446654487349
2021-06-15,779.3890759778108,779.3890759778108,732.8916857272185,739.5410766601562,45408426,750.7314709472656,785.7343989497755,771.5494821803824,42.798233830188686,14.184916769393112,38421956.95920766,314913415.0,36.72127208807283,45.34273483255047,20.45811006843307,855.2383562901846,696.3854535242685,40.54444916417879,581.1384843482683
2021-06-16,732.8916188549315,732.8916188549315,677.3665731000533,686.0059814453125,29440056,750.1577770996093,770.3915654875503,765.2129265703771,34.25991087663141,5.178638917173203,18143340.16320697,285473359.0,11.641680309711475,29.361853753409292,21.560430138042523,860.6310412197729,684.6151501864772,42.08945304960195,582.3196627814352
2021-06-17,662.999965750872,684.0160205752189,619.6574113477988,627.9570922851562,70812142,748.3066198730469,748.478569610259,755.0458277344349,27.78665207114932,-6.567258124175851,-34404945.8540117,214661217.0,3.2553010180336486,17.206084471939327,23.26816955070859,874.6802037771316,659.0338587228683,43.822247124452794,583.7715406691382
2021-06-18,624.3654204954994,683.9674311079301,619.4147263894074,674.017578125,76266975,745.5653125,737.0230324586807,749.043735170773,37.82519057680141,-12.020702712092202,18351157.153507292,290928192.0,21.395965623267198,12.097648983670785,24.856561286445647,878.1824641141649,648.2657780733351,45.30299409545779,585.638506729595
2021-06-21,671.7363838917279,722.8446743710826,665.0384107000126,709.6428833007812,51759617,743.9403308105469,732.810701819004,746.1251535507735,44.27727601787847,-13.314451731769509,46469057.62946226,342687809.0,35.35563587181866,20.002300837706514,25.245764953630953,878.5678049262815,644.4343801323123,46.19608477943009,587.5158165250847
2021-06-22,718.3308918723916,739.3469477459221,716.3894570294932,721.14599609375,35597113,742.3852416992188,731.0161317074264,744.2748455909939,46.218001255865566,-13.258713883567452,25622603.63228569,378284922.0,39.863096527367034,32.20489934081764,25.182960233704396,878.5749965758429,642.3789829163446,45.01808332698085,589.0687129985645
2021-06-23,727.0673272028685,734.8330663452222,694.5482945442621,697.6546020507812,31168761,740.3486779785156,725.8835886833273,740.8214942176448,42.92972767316044,-14.937905534317565,-739390.3470858075,347116161.0,30.65806339430171,35.29226526449581,25.454185379421176,879.3970017380839,637.7129347853536,44.67998964655079,590.2380457674232
2021-06-24,707.7229813905973,708.7004993206948,685.9243434820147,693.9400024414062,21503302,739.7705834960938,720.9691907999548,737.3487911231086,42.41583467153565,-16.379600323153795,-7107290.5212796535,325612859.0,29.20250854652107,33.241222822729945,25.83429188461653,880.2940865267869,633.270140768135,43.11543008884574,590.9458913692208
2021-06-25,698.9253317747458,702.8354035608983,690.6164292291719,696.1882934570312,12085421,739.5014916992187,717.1567450548897,734.2998653700658,42.86166269955376,-17.143120315176134,-8170783.964941755,337698280.0,30.083494717616166,29.98135555281299,26.187247925155074,880.2315920904173,627.6092282220827,40.90854039190864,591.3409238986951
2021-06-28,702.8354523717005,713.5392865622491,696.9703442851494,700.1472778320312,14139292,738.9368823242188,714.5399039436807,731.7700440709522,43.68841983551055,-17.23014012727151,-16887932.49522341,351837572.0,31.63481101151106,30.306938091882774,26.186973373030643,880.0344734974309,623.1195243053036,39.2258584428593,591.8298821694798
2021-06-29,701.3691870237369,706.7455361925599,693.0602837628285,695.0153198242188,9303151,738.1696496582031,711.5361217714558,729.0474719045275,42.82342065037017,-17.511350133071687,-23533040.35236618,342534421.0,34.483557307303485,32.067287678810246,26.258563183142602,877.8529377782903,617.3199381982721,37.40152944192159,592.1341909141978
2021-06-30,701.466858261854,701.466858261854,686.3153300107822,687.87939453125,9100756,737.9304626464843,707.8966252729625,725.9979846916922,41.590333841881,-18.101359418729658,-30754887.593703154,333433665.0,32.30871884725075,32.809029055355104,26.453438018071473,873.9716930447673,611.215410226717,35.812243642575176,592.4123891892436
2021-07-01,690.1276725994588,695.8461287409415,684.2625649003134,687.2928466796875,8035542,737.6892541503906,704.7268131816895,723.1309374315437,41.484594407683076,-18.404124249854135,-34586204.21971405,325398123.0,42.43062745054012,36.40763453503146,26.675107671721737,867.5035279929276,606.299554282463,34.08162365672182,592.6499752075117
2021-07-02,689.1501512046281,708.0162356099783,689.1501512046281,694.4287719726562,17676086,737.2539233398437,703.1424991495305,721.0048511012558,43.37091560578618,-17.86235195172526,-42370957.95888816,343074209.0,46.89129587102673,40.54354738960588,26.429810960553425,858.5611336782035,603.7415579721871,33.12746403340531,593.2118584166429
2021-07-05,700.8804322085116,704.7905043547237,687.1951796967694,694.086669921875,11105134,737.0534606933594,701.749294652968,719.0109117546349,43.298852681661806,-17.261617101666843,-44777085.38785672,331969075.0,62.26178643893803,50.52790325350164,26.247887332349546,838.5059681681105,607.918159029155,32.01802550658738,593.5555920469153
2021-07-06,695.9927884827424,715.4942837443105,691.2029266069321,696.6770629882812,14580124,736.7999670410156,700.9689513199394,717.3565525867568,44.05682797935423,-16.387601266817455,-52785852.60596919,346549199.0,64.42166727588672,57.858249861950505,25.663127644897447,815.9065005601435,615.3252194105596,31.466120623072445,594.0287575310572
2021-07-07,700.7826348544961,706.7454704216384,690.1276654463026,703.91064453125,8719991,736.3339221191407,701.4215195062949,716.3605593974601,46.21887667169461,-14.93903989116518,-47040942.40484037,355269190.0,70.4530585576891,65.71217075750462,25.149740729692954,795.586233468224,623.273190359901,30.405526648234115,594.3074957154122
2021-07-08,707.7230446431381,711.6331167129897,693.1580023177551,695.6995849609375,7804439,735.7599572753907,700.5412218839322,714.8301168466065,44.13380833884302,-14.288894962674362,-52698100.8762508,347464751.0,41.261980762697206,58.71223553209102,24.468548610138253,772.1738464151265,634.0600342001078,29.55335434444844,594.555501493673
2021-07-09,696.4815389807288,720.4307287421715,692.424815625341,712.121826171875,14924156,735.5047290039063,702.3228533128465,714.6295027225523,49.0814147356813,-12.306649409705756,-46629457.46965269,362388907.0,50.57560751773506,54.0968822793738,23.466533995692,744.5287209170131,651.4013450009556,29.442822828190014,595.0629378822824
2021-07-12,717.8891922476719,719.1110896611768,698.9741844888379,701.90673828125,8664504,735.3694201660156,702.2588356156779,713.6870757269003,46.3327096907038,-11.428240111222408,-52770324.01423344,353724403.0,34.89024802365881,42.242612101363704,22.536091853706193,736.8898594230192,654.6361049324495,28.778114424200652,595.3511763164562
2021-07-13,703.8129563765092,704.6927464371653,686.2176324670965,688.1726684570312,12287372,734.3507897949219,700.0917329758861,711.7971196328359,42.85750952584618,-11.705386656949827,-62457197.36284378,341437031.0,10.810898705874196,32.09225141575603,22.119748793704566,729.1563631616805,657.2327603734757,28.042185820334094,595.7076284244861
2021-07-14,693.4512069099006,695.5039705896771,679.7170329858812,681.5743408203125,13812481,733.0574963378906,697.2429034134902,709.5583952763527,41.25646487108308,-12.315491862862473,-73019645.98568857,327624550.0,4.5618748186089215,16.754340516047318,21.95316439553983,729.1631100854344,656.782849387222,27.166810947724223,596.0748778723587
2021-07-15,683.9692980124374,690.5186799846675,679.8637108311171,683.3827514648438,7490612,732.3954223632812,695.1105723444678,707.6194586977224,41.897116685944646,-12.508886353254638,-75562375.43068433,335115162.0,9.003649535785886,8.12547435342301,21.798478882958285,717.0042455075684,674.4842798830566,25.987393676711804,596.2705548756328
2021-07-16,683.9693610986143,687.0974306520894,669.8442139717254,672.141357421875,6941246,731.4561010742187,691.5768469717611,704.9914511958077,39.04642004288857,-13.41460422404657,-80655266.06829855,328173916.0,4.5410194012647835,6.035514585219874,22.01011176439999,717.3059666649293,673.9949366553832,25.363523891258392,596.4342901809937
2021-07-19,670.5773536109809,677.4199796682358,646.5304344749566,658.5538940429688,13618862,729.7218127441406,686.4963926750238,701.5516321474493,35.86957522958494,-15.055239472425455,-83672104.91808626,314555054.0,16.26983990691126,9.938169614653987,22.9293707629945,719.1523597833452,667.0396446111861,25.758239698545594,596.6915758430932
2021-07-20,646.1393918335575,665.5431000831923,645.1618738428864,657.4785766601562,11533588,728.0106713867187,682.0321132881211,698.2869613706127,35.62256048692451,-16.254848082491662,-81265827.46171832,303021466.0,16.36361126225509,12.391490190143722,23.822180335371478,717.0190536479575,662.8062088032144,25.37416730867133,596.8917681473266
2021-07-22,662.7571518020591,679.3749564932612,651.7112112046166,676.2468872070312,9740403,726.7292565917969,681.1420785064149,696.6543632844215,43.00058714870992,-15.512284778006574,-73728210.4649793,312761869.0,41.29863992980728,24.644030366324557,23.838221420971273,716.3292992261376,661.3551917406593,25.537708592955134,597.0968436002436
2021-07-23,684.2625417353299,684.2625417353299,661.9751451656851,664.7610473632812,8682097,725.4326550292968,678.6219198690097,694.2918954384111,39.98077461173712,-15.669975569401345,-80239800.64634211,304079772.0,26.038888922410074,27.900380038157493,23.57852352431546,716.6716470281672,658.0949484308171,25.305543448432964,597.2817430330194
2021-07-26,664.7121805274786,675.4160136023878,659.286968045471,667.44921875,5339116,724.540244140625,676.9030427737775,692.3035490170472,41.02466499298252,-15.40050624326966,-80175099.88870719,309418888.0,29.610314833320647,32.31594789517934,23.44011616136086,716.1707707296597,655.7219172586216,24.65007931332467,597.3904141026833
2021-07-27,667.4492449653145,670.8705577935843,645.5039550342484,648.2899169921875,7133113,722.863740234375,672.5010234227636,689.0432799781688,36.19300309241081,-16.542256555405174,-85741382.54502888,302285775.0,4.155826674242147,19.935010143324302,23.818243648832702,716.9673437345841,649.7396081697127,24.701259559468333,597.5092488510719
2021-07-28,653.3730446760262,661.5352959810543,639.4922773641489,650.4404907226562,11132158,720.8089562988281,669.1070953150548,686.1838141073902,37.08865611952036,-17.076718792335328,-85815414.33801807,313417933.0,13.526591097442413,15.764244201668413,24.376973939252572,717.1729820584258,645.0764869357149,24.511385206428127,597.67958518181
2021-07-29,655.914568456988,655.914568456988,643.1579706751787,644.8197631835938,4572153,718.7097082519531,665.3705826794454,683.1198103352572,35.679019152487285,-17.74922765581175,-89196345.39425468,308845780.0,6.582144492193045,8.088187421292547,24.89579492321388,718.1561877948965,639.7873180644784,23.67175753324107,597.7458979298987
2021-07-30,646.3837632503751,672.3368536456426,644.6731067880867,659.3358764648438,13440904,717.0308581542969,664.4421663387375,681.3580374559673,41.82825017131798,-16.915871117229813,-88388935.12112336,322286684.0,24.923254351830607,15.010663313822034,24.301611752353,717.4596089073849,637.6881999305057,23.956899627834986,597.9816070989991
2021-08-02,666.6672640232681,679.3749977949727,662.7571920935129,676.4424438476562,8925708,715.62619140625,666.2883628785711,680.9939194109072,48.122505430867434,-14.705556532336118,-82613477.00347634,331212392.0,56.67162676717522,29.392341870399633,23.332162284726486,715.8035168390659,637.5456591863247,23.677058320855988,598.1731376606426
2021-08-03,682.3075458603395,698.8764874524344,679.6193714318066,689.1990356445312,18429941,714.5281030273437,669.8130817656419,681.601705798583,52.26994993179073,-11.78862403294113,-82707064.20561714,349642333.0,83.70366164083713,55.099514253281,21.92896090535964,715.1803084899838,637.6801041076725,23.58827155542186,598.6515538866925
2021-08-04,701.8579452669201,701.8579452669201,676.4424764968088,679.081787109375,14045587,713.277177734375,671.2390364339085,681.415045154938,48.928925066142,-10.176008721029461,-93835477.63985415,335596746.0,63.479653271647194,67.95164722655319,20.46059742471684,713.2053707014784,637.8955143082871,23.718785642185388,598.9990868542499
2021-08-05,679.3750547274724,684.7514040814308,668.6223560195556,677.9576416015625,5851411,712.1144299316406,672.272667998163,681.1589411880212,48.55753604686674,-8.88627318985823,-92913445.77662471,329745335.0,61.677146306492816,69.62015373965906,19.305823952836096,709.6287268843304,638.8768578324665,23.17666152930609,599.1286495509718
2021-08-06,677.3710421032986,703.7151614940047,675.9047652503423,694.7219848632812,17504802,711.420927734375,675.7264090543351,682.1636110898924,54.14711103206245,-6.43720203555722,-86729861.56097873,347250137.0,85.99692811593499,70.384575898025,18.568969891710765,709.4636879106097,638.9441367964216,23.50764258033155,599.5844786677229
2021-08-09,697.9478355673357,700.8803894982908,678.4952039601479,684.1648559570312,7521213,710.0357775878906,677.0246316547499,682.3118514504212,50.43092121244572,-5.2872197956712625,-90441174.46148887,339728924.0,69.5586615240704,72.4109119821661,17.884748263522958,703.9143632551148,641.6977644304321,23.427467077318074,599.7713309164852
2021-08-10,685.9244015546083,690.860855586945,667.8891822847969,677.4199829101562,5937282,708.6438671875,677.0854549248123,681.949490817809,48.15690375764042,-4.86403589299664,-91451775.65297823,333791642.0,59.056372288294,71.53732064276647,16.65532587583676,699.806149535453,643.3573026129845,23.394910379091648,599.9030536398499
2021-08-11,677.8109734225519,689.1501578280128,669.1599037286363,683.4317016601562,6297975,706.8159704589843,678.0618005764037,682.0592842135384,50.307682341809745,-3.9974836371346782,-88757025.88510567,340089617.0,68.41708355414835,65.67737245550427,15.513719372985289,699.0832036956599,643.60615177309,23.151720644826277,600.0455800916626
2021-08-12,685.2400787852439,694.4287713245811,684.2625608411851,688.2214965820312,5068665,704.8256579589844,679.6248307311156,682.5157443889823,52.01575517247704,-2.8909136578666903,-89878001.81066644,345158282.0,75.87516487013261,67.78287357085833,14.752978321611053,700.0499130152468,643.3041580296751,22.28353128908332,600.1718337941409
2021-08-13,688.6125183490192,693.5489719674288,683.3338976570219,688.3192749023438,3390071,702.5693823242187,680.9624375266892,682.9456355381201,52.05198765379686,-1.9831980114308863,-89959084.09264852,348548353.0,76.02741328070664,73.43988723499588,13.987179543449924,700.7815219209527,643.0662014677192,21.421498647749285,600.2555351031789
2021-08-16,688.1726812210485,700.3427924167124,686.2176451948523,691.0075073242188,6385995,700.20087890625,682.5078328801553,683.5428112259792,53.100507089959,-1.0349783458239017,-92014074.9440354,354934348.0,80.21319917042082,77.37192577375338,13.67915532241794,702.9010314595737,642.8333069193325,20.900330688757204,600.4201286373167
2021-08-17,689.932144839063,698.8275938227584,670.6261656718199,677.0778198242188,7262774,696.6849890136718,681.6724462561651,683.0639229739969,47.3254074607675,-1.3914767178317788,-95953832.40854302,347671574.0,56.01291719512032,70.75117654874929,13.00502985525992,703.1391227743651,644.4476081826662,21.421837650341587,600.5856617485761
2021-08-18,680.7924009812556,692.3759650408704,673.2166367266399,689.5411987304688,7354758,693.5037902832031,682.8830235599041,683.5437211781799,52.32183353742826,-0.6606976182757762,-90775457.61547114,355026332.0,75.99344596976692,70.73985411176938,12.379056207184616,704.5041886498576,646.2888045142048,21.260229840619363,600.7584767841472
2021-08-20,674.4874046159168,690.5187233154512,665.4942272884455,671.7503662109375,6274741,690.3861254882812,681.1703070446785,682.6701393287545,45.66340517029729,-1.499832284076092,-93912820.63540769,348751591.0,21.957080023885645,51.32114772959098,12.2624659255857,704.3190507060657,646.0242903583875,21.529105996789816,600.8894576354978
2021-08-23,676.2469415929205,676.2469415929205,650.0494710819114,653.2752685546875,6636881,687.0125305175782,676.8787626616029,680.4927414936385,39.9742904019264,-3.6139788320356274,-98915251.16829723,342114710.0,6.010912089279995,34.653812694310865,12.96796660322065,704.9694873602342,644.2252758233595,21.862560604948335,600.9979474624814
2021-08-24,657.869624820752,686.2176472870251,653.4707937483993,679.7660522460938,7640710,684.3046520996094,677.3229610592169,680.4389126604871,49.65908198360472,-3.115951601270126,-94285197.85243025,349755420.0,55.37351879010921,27.780503634424964,12.911968047644619,705.4798971803203,644.9465493528827,22.653976185476143,601.1504520143363
2021-08-25,682.7963657174059,708.7005943380376,679.7660835930096,704.546142578125,21275432,683.4766198730468,681.5111428313567,682.224633395127,56.69727210763721,-0.7134905637702786,-79119269.94559963,371030852.0,92.91667144758618,51.43370077565848,12.443402328961657,708.2176735796729,647.834395512124,23.102588035938123,601.7151819545413
2021-08-26,708.700467502057,716.5206105917349,701.5645988653173,705.4746704101562,14969643,682.7952917480469,685.1978393819412,683.9468583592031,56.940206237288095,1.250981022738074,-86261642.38692404,386000495.0,83.38235170476321,77.22418064748621,12.398171730104668,710.4381638705839,651.117323189963,22.52068972811523,602.1503344754259
2021-08-27,707.7229638604712,715.4942431448455,706.012307525173,710.655517578125,6751256,683.2882824707032,689.1144052582772,685.9252775606049,58.34443181058091,3.1891276976723475,-86400851.86253832,392751751.0,91.17648191852777,89.1585016902924,12.356171888308893,711.5711325758392,656.5679299241607,21.62775280001338,602.3507135000337
2021-08-30,714.1746216961374,718.8667557920903,710.7533087212337,713.588134765625,4757858,685.0009033203125,692.8795944132537,687.97437809431,59.15638021948422,4.905216318943644,-87833933.19089079,397509609.0,92.3295127834584,88.96278213558314,12.495603613147965,714.6895599370941,658.874728392984,20.669430329581377,602.4962671435874
2021-08-31,715.8363970598936,737.0485489284916,711.7308096558162,731.4766845703125,15419587,686.1500854492188,698.8176082835704,691.1967711666066,63.792535071182556,7.6208371169637985,-79201354.01159841,412929196.0,93.59549032461594,92.36716167553406,13.48952066022622,723.0998313312382,655.9678810711055,21.00145239694524,603.0171699233149
2021-09-01,733.1873027614777,734.9468230820015,721.0171927448366,728.0064697265625,5320381,686.5173571777344,703.308202351723,693.9234155043811,62.31481912600074,9.384786847341957,-79182667.7776175,407608815.0,89.60669535155932,91.84389948654457,14.41244363251317,728.9924967134915,653.9559590970554,20.49632224981807,603.1976788183848
2021-09-02,728.2509061152394,743.5490865988188,727.2733881204539,736.9019165039062,5788915,686.8324755859375,708.4764660674435,697.1070081710126,64.57981791313763,11.369457896430958,-78122262.92065579,413397730.0,92.89069793692302,92.03096120436611,15.647489434923216,736.2723850922775,652.4580836577225,20.194849123285703,603.4059168323706
2021-09-03,738.9546655498036,744.8686368891007,728.5440760903044,737.9282836914062,4491254,687.63794921875,713.0075149326685,700.1308063577084,64.84238269991565,12.876708574960162,-77449903.58431576,417888984.0,92.68043212718477,91.72594180522238,16.851597000636378,742.5959512060658,652.1315817529185,19.918399957250745,603.5684917445458
2021-09-06,741.3496032531758,747.8011975630463,730.450254743773,734.3114624023438,5260360,688.4453784179688,716.2850453126186,702.662706805459,63.06817313045664,13.622338507159611,-80369025.70111816,412628624.0,86.20000316484848,90.59037774298544,18.101473430223017,747.3214428300759,651.3650378828148,19.73501016168093,603.7589840834995
2021-09-07,736.9508603047217,738.1727578316476,724.9762645408481,728.7396850585938,3515903,689.09640625,718.2011437350764,704.5943348242098,60.329579241070036,13.606808910866562,-81879574.5214849,409112721.0,80.50007586502191,86.46017038568506,18.762251178009173,750.6514304671101,652.4925331559367,19.267973242332253,603.8794589683721
2021-09-08,731.9654982873327,736.0710859984032,721.6526948716084,730.059326171875,4036193,689.6946472167969,720.0254794945839,706.4806304795924,60.764136853832206,13.544849014991541,-81209169.38451791,413148914.0,81.85006850534211,82.85004917840418,19.076241131243396,753.465751857785,654.9421460914338,18.92157451979386,604.0159899375358
2021-09-09,728.3485965017676,734.1159762388684,725.3183147393346,732.84521484375,2829060,690.4512451171875,721.9977464713787,708.4335626547152,61.71753232256517,13.564183816663558,-79197385.71020152,415977974.0,84.7000321552554,82.35005884187315,19.367803230675175,756.474980464528,656.8742688030502,18.198437875489567,604.1126535918347
2021-09-13,731.183397585036,735.7288797373456,723.8520132509614,728.3485717773438,2514604,691.2606286621094,722.9747965184503,709.9087485156506,59.21637487646215,13.066048002799675,-79807941.35373682,413463370.0,79.37820151398302,81.97610072486019,19.738427611643456,758.579094883141,658.7828619039684,17.74689706198204,604.1974668938296
2021-09-14,730.9879417285227,745.6018476263919,728.6907983148855,738.4171142578125,5615411,692.2831140136718,725.3505377091213,712.0204793113662,62.84705964178316,13.330058397755124,-78963994.27023506,419078781.0,86.20699994804642,83.42841120576162,20.659817766830113,761.7689886473946,660.6027520752617,17.711638403915334,604.3989279230233
2021-09-15,741.4963228583214,752.4934011872355,736.6575964610055,748.72998046875,7039338,693.3691381835938,728.9473750567565,714.7397016193205,66.16916146384926,14.207673437436029,-75270490.71712509,426118119.0,92.61042760303475,86.06520968835474,21.87396115588953,766.2813015246226,661.8626865124869,17.577650284080665,604.6664739121977
2021-09-16,751.7112691838649,755.3769613287797,742.9136080360694,752.3466796875,4625316,694.5343383789062,732.547268076871,717.5254036984448,67.2743237859177,15.02186437842613,-72894330.27434017,430743435.0,93.86143443173856,90.89295399427324,23.146053480792528,769.6855508530512,665.9853231703864,17.212343356125636,604.8469934894094
2021-09-17,755.9146271961398,768.3291172315834,742.9136502493682,749.85400390625,9701785,695.5978771972656,735.2098428198524,719.920114824949,65.68176236769168,15.289727994903387,-77297466.30203138,421041650.0,67.91167366410089,84.79451189962475,24.912409450974792,772.783561342523,668.9185931984928,17.79828075798918,605.2332364128782
2021-09-20,742.7180805855859,758.5538823296994,729.3260735654727,732.0631713867188,5570433,696.160927734375,734.7257395224472,720.8196004961912,55.57048159391773,13.906139026255914,-81824590.16102192,415471217.0,35.92397476494147,65.89902762026033,25.14752446600146,770.8089458827897,676.9244891758042,18.61467561557757,605.4336921649896
2021-09-21,737.0485393983737,741.740613658238,717.5470442283843,732.7474365234375,7766479,696.901884765625,734.4213852149072,721.7031439056169,55.85198611151604,12.718241309290306,-79831986.0382463,423237696.0,29.932595099250193,44.58941450943087,24.35422347390317,761.8926011568368,693.788050698632,19.013168030883012,605.692925864264
2021-09-22,733.1384747925947,742.5226234047551,725.3183310614737,728.5441284179688,4343365,697.2303308105469,733.5171918615321,722.2098834991244,53.605148119329755,11.307308362407639,-82546592.92884757,418894331.0,21.65544559177744,29.170671818656384,23.665701461419125,756.2337351393185,704.3247243333378,18.883962624625756,605.8391101658767
2021-09-23,737.4395645507583,742.9136411996769,733.6760846495362,737.5372924804688,3526253,697.9429418945313,734.13566887983,723.3452471273722,57.54075224751249,10.790421752457746,-83124967.7483904,422420584.0,39.36477396427901,30.31760488510223,23.051957276982193,755.184963422219,708.6726110406717,18.561501921560218,605.9630907451042
2021-09-24,739.003571884263,747.7035055242753,726.2958385053008,728.0553588867188,4445517,698.740595703125,733.2002365731975,723.6941442947312,52.48542356113616,9.506092278466213,-86839720.60108683,417975067.0,20.692961190600652,27.237726915552383,21.835256715217458,753.0274858028002,713.0881575077466,18.764799428518383,606.114309019195
2021-09-27,732.8452505721217,736.8530504743394,719.8442732104556,733.3828735351562,3803939,699.7767663574218,733.228334567345,724.4118279421701,54.883807619255776,8.816506625174839,-84587961.53631225,421779006.0,31.18389693499589,30.413877363291864,20.368021609803943,751.3193360285259,717.0690428777241,18.639369273901625,606.2393910010825
2021-09-28,737.0485421587507,739.8833681091612,716.520664989873,722.092529296875,3748173,700.5509619140626,731.5151337565034,724.2400280425186,49.21424088341369,7.275105713984772,-86548301.06100464,418030833.0,10.754739942831463,20.877199356142686,19.265425412354833,750.0114699811578,719.2273483782172,18.976750262857813,606.3585558189786
2021-09-29,721.066119243062,731.0367543200618,719.4531908060984,725.3182983398438,2734053,701.6145007324219,730.5617744616327,724.3198999163945,50.77871839698513,6.241874545238147,-86513687.09101237,420764886.0,16.981077351868596,19.639904743231998,18.241586086152086,750.1816841796228,718.4412955567052,18.448665495079645,606.4446806507386
2021-09-30,729.0329031788315,739.4923575781609,719.4532388334784,721.310546875,4356469,702.8696337890625,729.1385086790739,724.0969848762913,48.768607902694164,5.041523802782535,-90062605.11939226,416408417.0,9.245367653100262,12.32706164926679,17.321437889274947,750.628088910381,717.3252985407909,18.562269298622702,606.583364495323
2021-10-01,719.306610301994,721.6526774124084,705.7680096061752,718.4268798828125,4008108,704.0885998535156,727.4905657873413,723.6769770989965,47.31721051403722,3.813588688344794,-87682399.57759537,412400309.0,20.234408815831355,15.486951273600086,16.80002423065785,750.9555575768032,715.1503262122593,18.371012049166307,606.6985251862707
2021-10-04,722.2390546310958,730.6946080746673,719.5020165267517,727.4688110351562,3414151,705.1130383300781,727.4872189023897,723.9578536868602,52.12812048946103,3.5293652155295376,-86236221.43555151,415814460.0,34.68736768363681,21.389048050856157,15.62369277380131,750.443436785383,714.6164997380545,17.93506320221548,606.8059907426771
2021-10-05,727.4199417747649,736.8529533569922,725.3182545036757,727.2244262695312,3270764,706.3623059082031,727.4467892665652,724.1998220263172,51.98993090045206,3.2469672402480683,-88425962.32972778,412543696.0,34.29673398979577,29.739503496421325,14.991028717695452,750.2140505508746,714.1371823592817,17.477894320151268,606.9121358495489
2021-10-06,730.8902106812708,732.16097213155,705.6213349240796,707.7230224609375,3615568,707.1677819824218,724.412363604161,722.9793183548076,42.34350392836226,1.4330452493534267,-91468892.94626549,408928128.0,3.3515577485290438,24.111886473987223,14.824345946496004,752.0578397015856,710.1917269488049,18.12516166924549,607.0153139607327
2021-10-07,713.5881548604015,722.1903015069475,710.2157057575778,719.5999145507812,3237419,708.5939819335938,723.671986826718,722.728992147102,48.59872613062887,0.9429946796160493,-89632133.8307023,412165547.0,26.40828811729839,21.352193285207747,14.669569087525089,752.1293842887186,709.0742411995626,17.863884339014387,607.1093816543496
2021-10-08,723.0700484398471,730.2059176300113,717.009425142722,723.2655639648438,2878232,710.0504833984374,723.6094602325835,722.7687382076755,50.387750331742424,0.8407220249080183,-89781365.07968958,415043779.0,41.92803933141715,23.895961732414875,13.889542127124772,751.8547463175455,708.390914082845,17.53049920674831,607.1975430137967
2021-10-11,727.1756080153607,729.2283717919506,719.9419515077367,720.87060546875,2118247,711.5715002441407,723.1880979612245,722.6281357825699,49.183292281459515,0.5599621786545868,-91475957.2360038,412925532.0,36.23689160320892,34.857739683974835,13.16523137818162,751.8443638161953,707.653499953336,16.941636426567282,607.262258751033
2021-10-12,721.0661462817095,724.2919436136391,712.4639405126155,720.3330078125,2152513,712.7914428710938,722.7488533229591,722.4581263033054,48.90072228757191,0.29072701965367287,-90764373.98641618,410773019.0,34.95939652968365,37.70810915476992,13.034503656120023,750.9273489446729,706.7621041803271,16.57637690331416,607.3255044805787
2021-10-13,723.9497427215827,747.4101726406785,722.4834658516392,741.9360961914062,9083125,714.1013159179688,725.7007368411818,723.9009388876092,59.07568869870967,1.799797953572579,-85670682.57418233,419856144.0,86.29488628886871,52.49705814058711,12.946781163290607,749.5376919476189,707.4723727496466,17.326433183661614,607.6350679868492
2021-10-14,748.8765092057248,799.3164733502708,747.0681247871598,794.526611328125,19754735,716.2078674316406,736.2893329160961,729.1324701794993,73.11199992736712,7.15686273659685,-69537974.20416318,439610879.0,94.88782224712858,72.047368355227,14.972394326824144,765.0039439072619,696.2241139540662,20.187429181890398,608.5250374624039
2021-10-18,802.4444948389777,811.2421562335009,788.8569717089189,792.3271484375,8883845,718.4727746582031,744.9105353040044,733.8135574578697,71.99976485601141,11.096977846134678,-75667451.72102112,430727034.0,82.09159182677776,87.75810012092502,17.173767728088098,775.7759606169988,689.6994116974544,20.344411706368366,608.961989375558
2021-10-19,796.6771948619685,801.5647850144959,767.351653946804,774.4386596679688,5543852,720.4023950195312,749.4533236676912,736.8228242882474,63.53417861924421,12.63049937944379,-78914565.03530684,425183182.0,65.15507443583068,80.71149616991237,17.871942104383628,781.5687661525546,688.1441549900235,21.335034517891472,609.2100702862817
2021-10-20,774.1941659637143,784.8491347897614,760.0201566121059,777.0289916992188,5467049,722.04853515625,753.6957341340801,739.8010589112822,64.19075846732073,13.8946752227979,-76891323.11887687,430650231.0,67.60755681490772,71.61807435917207,18.109454169987476,787.2427000464128,686.8983766137434,21.584601922160328,609.4438657906692
2021-10-21,781.03686543915,784.8492094234999,757.8696773977867,761.82861328125,4607499,723.6018103027344,754.9469463105678,741.4327296053539,57.632986361117204,13.514216705213926,-80146627.19520389,426042732.0,53.21609665627241,61.992909302336955,18.207864777242495,789.8642038358221,687.6053213106622,21.969954072414104,609.6334799210086
2021-10-22,762.7572386763374,769.5998642745208,736.9508007895362,744.6731567382812,3860760,724.9468737792969,753.3663632994468,741.67276124483,51.267148944745735,11.693602054616804,-82181046.11400327,422181972.0,36.973601729338434,52.599085066839535,17.200249633718464,790.282147464329,687.9009641079367,22.732747601883425,609.7742417864919
2021-10-25,747.8012649669234,748.3388879307123,721.9459021083502,735.1423950195312,2973109,725.9810876464844,750.5626758717674,741.1890304133265,48.08923383733377,9.373645458440933,-82181046.11400327,419208863.0,27.95003838208024,39.37991225589705,16.351423519359876,790.4236876670753,688.4681275184715,22.99419318906047,609.8707028647077
2021-10-26,735.093535417563,741.4962663798971,723.4121833942256,733.040771484375,3093933,726.8774731445312,747.866998273707,740.5854556778486,47.391617485467826,7.281542595858468,-81980346.31906158,416114930.0,25.960256908028413,30.29463233981571,15.563227841741186,790.4149375495073,688.4426674309615,22.643471031675542,609.9689322858662
2021-10-27,736.7064136779221,739.5411798843352,726.9312343531329,729.0817260742188,3246881,727.6927221679688,744.9769563968628,739.7333275590612,46.036759475822265,5.243628837801566,-84119785.46809188,412868049.0,18.674337490593295,24.19487759356733,14.831331855380975,790.3786635527215,689.1778611054817,21.926790638784592,610.0711790362317
2021-10-28,708.0650909937416,717.986921880142,665.8363640131195,672.6300659179688,18160551,727.3251733398438,733.846665553956,734.7627155856469,31.99221899440603,-0.9160500316909292,-97548752.57069965,394707498.0,4.672236092598393,16.435610163740048,16.28277955468945,795.389863877781,678.8978375382346,24.878117168949927,610.423376133638
2021-10-29,681.3300549615857,693.6467580584027,671.554874833012,677.4199829101562,7612968,727.3320166015625,725.1656374549098,730.5151057578328,33.83662443514838,-5.349468302923015,-101119432.31013866,402320466.0,7.966408160329889,10.437660581173873,17.630552418333032,798.483436252032,671.4152087674992,24.679100458695697,610.5610329140266
2021-11-01,689.1502076529626,691.105243703042,674.4874372773677,688.563720703125,3233662,727.3124670410157,719.5345733392505,727.4075957537804,38.04633624001388,-7.873022414529828,-98874881.16345324,405554128.0,15.630296663532683,9.422980305487002,18.88205579171636,799.8142244619479,667.0981046396147,24.10329374205131,610.6225294319261
2021-11-02,691.1052360492494,698.9253801629609,684.8980205241768,686.5597534179688,3028354,727.6086547851562,714.4615241205918,724.3818296548313,37.58323778859207,-9.92030553423956,-101185735.13701452,402525774.0,14.252107215536705,12.616270679799774,19.58118442569881,800.8321896160594,661.9892337237843,23.383584163246507,610.6842264562948
2021-11-03,686.2175961805005,703.6174036382403,686.2175961805005,693.2557373046875,3036191,728.4082641601562,711.1990953796835,722.0761931844503,40.20234395865706,-10.877097804766777,-101765675.88368417,405561965.0,18.85713964544852,16.24651450817265,19.95412924396279,801.0947561545227,658.3297982888366,22.95617154142459,610.7492801180172
2021-11-04,696.9702665492543,700.3427152554714,696.9702665492543,697.654541015625,453287,728.7660339355468,709.115317785213,720.2671819126855,41.92633871550751,-11.151864127472436,-102035017.77610347,406015252.0,21.88233117583167,18.330526012272312,20.300435146636485,801.3426093288649,657.0750969699632,21.822657713521686,610.7594430393455
2021-11-08,700.8803864704751,718.5734379122855,693.1579706204691,714.0280151367188,3227351,728.9556713867188,709.8711173777524,719.805021410762,47.94258140424593,-9.93390403300964,-99962056.3115555,409242603.0,35.50593955786944,25.415136793049886,19.558622361535708,801.2531006856309,656.6074156717909,22.079286969114168,610.8402075052607
2021-11-09,714.5656121122362,727.7621042647877,711.4375427805209,720.7728271484375,3456614,729.2616345214843,711.5483034963192,719.8767107246639,50.22990849778099,-8.328407228344645,-99465305.35639621,412699217.0,46.160112335677674,34.51612768979294,18.392365775997778,801.1756593025608,656.4355833732205,21.66823514876793,610.936636687178
2021-11-10,719.8442698936818,728.2997646881724,713.6858588417748,721.310546875,2751881,729.4747351074219,713.0501870930394,719.982920809874,50.416955021997204,-6.932733716834605,-99345642.72526875,415451098.0,46.611928880949186,42.759326924832116,17.281265564231177,801.1882623550028,656.4669744614033,21.164354484312913,611.0140628718921
2021-11-11,718.4268333974062,724.8784280391511,712.1218306512238,718.5734252929688,2325810,729.5744409179688,713.8999160468748,719.8785137345477,49.39924438798865,-5.978597687672959,-99318915.77871317,413125288.0,50.82428902937346,47.86544341533346,16.33154434821674,801.1456462467283,656.3336323177248,20.563800405999654,611.0778882302396
2021-11-12,721.115059437599,738.5148683611658,717.742610316593,733.4317626953125,4585484,729.6135424804687,716.9048155312497,720.8824581020118,54.740223894169084,-3.9776425707621,-96977626.86343284,417710772.0,81.93131006478093,59.78917599170121,15.622182225383197,800.5050072919562,656.1238379228876,20.578690237326306,611.2167969379217
2021-11-15,736.9507914404886,739.4923141938162,723.9008912745867,732.9429321289062,2434426,729.7122717285156,719.3722180847353,721.7758265484484,54.53627460365034,-2.4036084637131125,-96588426.12162094,415276346.0,88.69502340945843,73.81687416787095,15.014639166035304,790.8174683648065,659.6530089301154,20.22245685746225,611.2917857499855
2021-11-16,735.7778225608131,744.5754847046339,726.7357809129971,729.6683349609375,3378779,729.5676000976563,720.9562360656896,722.3604568012254,53.108806598372055,-1.4042207355357732,-98856373.66956612,411897567.0,81.0676705394007,83.89800133788003,14.723087595991604,780.114651678389,664.0899442688767,20.05226020990329,611.3970412689712
2021-11-17,727.6644369622163,728.2509239082316,716.5207076842064,719.0133666992188,2444025,729.1893017578125,720.6573330862326,722.1125242010767,48.6469510775232,-1.4551911148440695,-100261693.01694772,409453542.0,67.53568266838678,79.09945887241533,13.805313184641866,772.1401509050465,666.5219157453441,19.559072143248134,611.4653553660489
2021-11-18,722.8256315543965,724.6340158253959,700.0494761502,709.7268676757812,2202581,728.6976098632813,718.9757230230863,721.195068162166,45.09124595838528,-2.219345139079678,-100730237.9938684,407250961.0,52.27564232876128,66.95966517884959,13.589035839513784,761.7495951732312,670.1822590748156,19.918034109815828,611.5213641433717
2021-11-22,708.7005956689795,716.9117712632968,688.1727163461538,698.9254150390625,3557560,728.1013244628906,715.8910602563134,719.5454642271213,41.30916070942202,-3.654403970807948,-101625680.47662702,403693401.0,34.86753970005411,51.55962156573407,13.948742937514059,753.9786917303026,671.6628426935255,20.54810702462491,611.6025374506689
2021-11-23,697.9478314085533,717.1071597781131,689.3456851949338,712.85498046875,3487221,727.7572375488281,715.4239710582267,719.0498728376123,47.4326030805556,-3.625901779385572,-99206723.26347652,407180622.0,46.846762556858785,44.6633148618914,14.269573668719266,749.7127906886318,672.7469261082432,21.06334756452165,611.6864770832764
2021-11-24,719.1110649455513,754.985924042684,715.5431007555625,745.89501953125,11647665,728.0182336425781,720.111824669461,721.0384022223262,58.49427929452148,-0.926577552865183,-92928238.33080429,418828287.0,86.78039034240759,56.164897533106846,14.007400577798707,751.8393336801001,671.6956455679468,22.56817585090825,612.061193051515
2021-11-25,747.6057371315471,756.8921579162089,738.5148318749444,745.30859375,6140941,728.3574340820312,723.9882506818517,722.8361941873392,58.25994721664817,1.1520564945125216,-94528791.81750804,412687346.0,83.14368699518575,72.25694663148407,13.847694637798424,754.0790619973914,670.682699477218,22.268829435933696,612.2704290157903
2021-11-26,733.1384163081779,748.7787025227523,697.2146339090772,701.0269775390625,7219931,727.6096313476562,720.4557471214225,721.2206966578372,43.94417557394307,-0.7649495364146333,-100681124.44147594,405467415.0,18.705421492409197,62.876499610000856,13.888224666735722,752.2197025417258,669.736584079368,24.36134652005808,612.4587264613951
2021-11-29,691.1052413442745,698.9253855179014,667.3027013809839,686.8041381835938,5930351,726.3711145019531,715.2785765156027,718.6713219560414,40.50173956004372,-3.3927454404387163,-99297082.72623014,399537064.0,21.76755787657026,41.205555454721754,14.870369626091598,750.6947776739601,672.6789161736963,25.03012720848812,612.5660882841978
2021-11-30,688.1726581411717,696.6282125360743,664.4189831521301,668.4756469726562,6190734,724.6936938476563,708.0781258166878,714.953123809124,36.53034180980836,-6.874997992436192,-103928404.89796579,393346330.0,4.386854707730864,14.953278025570127,15.86396328133203,751.9755677782604,670.5036924756458,25.5429202210207,612.6656237052507
2021-12-01,679.3749446614305,695.064095119941,667.4003503130816,692.0338134765625,5582125,723.5372900390626,705.6097700720532,713.2553971178231,44.11543680519522,-7.64562704576997,-99569209.84014413,398928455.0,29.862530831113407,18.672314471804864,16.786585961198146,751.7892354428176,671.0370340884325,25.694407691437753,612.7667775383366
2021-12-02,694.0377709441597,725.61158999959,686.5108705097782,722.4835205078125,8478638,723.3456970214844,708.2057316775547,713.9389618133779,52.085915010045895,-5.733230135823192,-92447159.09509405,407407093.0,62.79068227496128,32.34668927126854,16.148984044460146,752.1746527182265,674.2439935220079,26.652001391321615,612.9766060543766
2021-12-03,722.385746319372,729.7171307542776,717.4981566961015,720.87060546875,5578503,723.1081604003906,710.154173799277,714.452416898961,51.6655691331238,-4.298243099683987,-94946317.54358038,401828590.0,61.04648451904187,51.23323254170554,15.379938248225475,752.5740241067305,676.6061089499102,25.621070867525503,613.1297540823274
2021-12-06,722.3857557640446,727.762104419934,705.2791918589421,707.1853637695312,3537411,722.6809851074219,709.6974337947007,713.9141166671513,48.1173239340734,-4.216682872450633,-97883902.9234685,398291179.0,46.24733683742169,56.6948345438083,15.129320463131638,752.4226806288657,677.7105347031656,25.3969167027731,613.218433938296
2021-12-07,712.610597594574,733.0896109258033,709.4825281691111,727.9576416015625,3993342,722.4893920898437,712.506696534218,714.954377773404,53.35386382069708,-2.447681239185954,-95626794.8204241,402284521.0,68.71036774884685,58.66806303510349,14.647315377347237,753.5328633937783,677.9933145847373,25.43315459230874,613.3284292223578
2021-12-08,734.3114708459287,747.2147192769977,731.3789170962749,744.2821655273438,4621331,722.8139282226563,717.3952302254681,717.126806495918,57.02483274692058,0.26842372955013616,-92717066.6047705,406905852.0,86.3636212111931,67.1071085991539,13.635604747983306,756.671124648351,677.2059871680553,24.992006241103486,613.4755638925161
2021-12-09,749.4631009228424,758.3584913133113,742.9137180547662,752.4445190429688,4687479,723.1951611328125,722.7874285050837,719.742933351255,58.77193198888889,3.0444951538286205,-91619361.35667399,411593331.0,93.70448878634176,82.92615924879392,13.15803073972063,761.1250046810551,675.865504352148,24.310061028063608,613.6364653858238
2021-12-10,751.5646004903487,777.0778530347955,745.8461447398978,750.4404907226562,10049545,723.7621203613281,727.0417457693255,722.0168264898774,58.146903618959456,5.024919279448113,-98712226.16080758,401543786.0,76.3557344930922,85.47461483020903,13.413643200586959,764.9354460446543,675.2417695315175,24.80446440426604,613.9965189435654
2021-12-13,757.5764709858693,761.2910275561746,733.2362482464274,741.3985595703125,4985928,724.0837255859375,729.2504863540928,723.4525104217615,55.289857453703426,5.797975932331269,-100796923.24217147,396557858.0,68.32979640072453,79.46333989338619,13.059868012297278,765.9382298525043,675.0356654111677,25.036629754657554,614.1590415658872
2021-12-14,738.9058286065533,748.7787358538021,733.6272079089797,746.5304565429688,2919015,724.5881237792969,731.9089433062276,725.1619879122213,56.593465974524875,6.74695539400625,-98744191.96700925,399476873.0,72.8850497758038,72.52352688987354,12.731362480314,767.7345040685236,674.5981436365546,24.330551053955045,614.2523170101199
2021-12-15,746.5305249832276,749.4142150793657,726.247026036258,728.7396850585938,4673906,724.7943798828124,731.421365114284,725.4270025156563,51.03781740967695,5.9943625986276174,-102412326.05926758,394802967.0,57.09333137590846,66.10272585081229,12.07063938225741,767.6559108061889,674.5838719086549,24.247453767465945,614.3919169554352
2021-12-16,735.0934960435067,739.4434628396541,722.7278701504629,728.3975219726562,3303620,724.8129541015625,730.9561584771104,725.6470409939527,50.93425515691434,5.309117483157706,-103474879.82834104,391499347.0,56.78961531139098,62.25599882103444,11.286860841031885,768.2198376385277,674.9583606036599,23.70946369044632,614.4866234978974
2021-12-17,727.7621780499894,727.7621780499894,704.9860197360215,707.6741943359375,4973404,724.4219494628907,727.3743178400069,724.3157190192849,44.981060200869145,3.058598820722068,-107274303.7283062,386525943.0,38.39485628504696,50.759267657448824,11.20491911558029,768.2300858537502,674.7428450544529,23.68818072945978,614.6083512747388
2021-12-20,700.8803905797627,700.8803905797627,670.0885742572208,685.9243774414062,4559002,723.9859765625,720.9974039325299,721.4719159394419,39.73221550292936,-0.4745120069120503,-107144042.99485351,381966941.0,16.88954130850872,37.35800430164891,12.352088501666108,769.1521253032085,672.520701845229,24.68085496869242,614.6883224761119
2021-12-21,694.0377911598279,711.633115442753,685.9244035619608,709.2870483398438,6943546,723.7797192382812,719.1958107644243,720.5693331542865,46.89993000677587,-1.3735223898621598,-101467773.62261082,388910487.0,36.63775897033069,30.640718854628812,12.87663930928123,769.1164281165313,672.1996058190155,24.754275185310586,614.8382819249634
2021-12-22,710.6555392160919,713.4903650946551,701.124739343524,706.5988159179688,3626585,723.4463842773438,717.2578115572773,719.5344800256704,46.218779704669046,-2.2766684683931544,-101883489.33167876,385283902.0,34.125140460710014,29.217480246516498,13.270167513059052,766.0738638322779,671.3125497419409,23.869371654297765,614.9206802302665
2021-12-23,716.3251636884984,730.6946899246253,712.4639557355683,714.85888671875,6641505,723.3261499023438,716.8887461975038,719.1881397807133,48.68491798716015,-2.2993935832095076,-106780034.865482,391925407.0,41.84560637576073,37.53616860226717,12.803354121493552,762.962854525079,671.3785883460147,23.885550393751966,615.0912366049123
2021-12-24,716.0319659791537,718.378033145842,697.3613952365563,706.1590576171875,3946754,723.0426708984374,715.2380248774551,718.2230225834152,46.27793837768439,-2.9849977059600405,-107422529.7026913,387978653.0,33.71411021001033,36.56161901549371,12.936939894380702,762.9112052766087,671.9434456022976,23.68062807343295,615.1806520509386
2021-12-27,700.8803559044972,710.0690483129199,696.97028418397,706.9409790039062,2663285,722.3427685546875,713.9615562815245,717.3873156515997,46.53379366272013,-3.425759370075184,-106031263.95391883,390641938.0,34.44495109019265,36.6682225586546,13.07541806266549,762.0135797554221,674.8547552055154,22.924780648827017,615.2391660165331
2021-12-28,710.7532929655703,722.2880527556331,708.8960446181427,712.85498046875,3604123,720.7093359375,713.79131384879,717.0515871195367,48.5304136699299,-3.2602732707467794,-107504490.43590459,394246061.0,39.97260912510535,36.043890141769474,12.598437157876617,757.8892004498113,683.4170678607355,22.38351587046272,615.3270879915723
2021-12-29,712.61058582265,717.6936910971871,703.9106521991371,706.5010986328125,2396416,718.9928149414062,712.6697422771011,716.2700694538535,46.52038727869657,-3.60032717675233,-109000119.99443543,391849645.0,34.033806743656555,36.150455652984874,12.365521892558053,756.8824771822584,685.8705196439136,21.769196086718953,615.3823415732886
2021-12-30,706.6477817997136,709.6780637162366,700.3427788051791,707.9674072265625,3654532,717.6633898925782,711.9463061154797,715.655057437017,47.06526548182642,-3.7087513215373065,-106684946.983922,395504177.0,41.532690842403255,38.51303557038841,12.30230196842146,756.626837603844,684.6745478942028,20.8810595741717,615.4634593520375
2021-12-31,708.7004538565269,718.47563253041,708.7004538565269,713.8812866210938,2538092,716.4004357910156,712.2439954240357,715.5236670062079,49.30851687594551,-3.2796715821722273,-106532667.6604357,398042269.0,55.20625098013401,43.59091618873129,11.773345302226996,756.3976226430618,684.2048309702195,20.140142840577116,615.5244885818457
2022-01-03,715.5431143044502,722.0436323091482,714.0768374308756,720.0396728515625,2377227,715.5646569824219,713.4433304128859,715.8581859577157,51.60830174919536,-2.414855544829834,-105351371.17007396,400419496.0,62.969675475218004,53.23620576591844,11.093770762190248,756.5375648526123,685.3503196688722,19.284585901111207,615.5845090369651
2022-01-04,726.2958191764246,730.2058908812775,716.1785325053015,722.630126953125,4068551,715.1237963867187,714.8566837267689,716.359811216635,52.58280158045167,-1.503127489866074,-105677429.77218361,404488047.0,75.75753313114296,64.64448652883168,10.566058442918479,756.1367316787278,685.2184013779129,18.909069649315832,615.6913313117901
2022-01-05,722.3857252769625,741.7405676887334,717.5469997582803,737.9282836914062,5409002,715.1795141601563,718.4061606444054,717.9574758443957,57.966210147508534,0.448684800009687,-101973066.94118811,409897049.0,94.67944461172443,77.80221773936182,10.63686607988882,755.0734246138394,685.6463202592075,19.286533812254213,615.8454309655883
2022-01-06,732.0632350107755,732.0632350107755,713.6858493587378,723.1677856445312,5440633,714.9820544433594,719.1387183367325,718.3434247184799,51.84956663009962,0.7952936182525718,-101799437.2340587,404456416.0,74.07918306982668,81.50538693756471,10.475084834499643,750.3944706376717,687.3976008955315,19.640526706569517,615.9875110380383
2022-01-07,727.9575930697177,730.890146773775,714.0768269379222,719.5509033203125,2590751,714.7914379882812,719.2021314111294,718.432867577875,50.44489901083882,0.7692638332543993,-102703196.13491212,401865665.0,60.24509258998412,76.3345734238451,10.32485939235255,745.34593039977,689.3571823931987,19.43858335866118,616.0541096598376
2022-01-10,720.5284792769877,726.2958592248465,717.5959253366451,722.2391357421875,2173107,715.7836193847656,719.6693628466767,718.714813367824,51.49666034716642,0.9545494788526412,-102556700.90243055,404038772.0,56.441124737414206,63.58846679907503,10.18536433893025,742.2613287221549,690.5258416880014,18.67153696791405,616.1101919051224
2022-01-11,722.0436249060118,751.6135415532535,712.1217942980351,747.89892578125,8959781,717.1931982421875,724.0123725289187,720.8765994725222,60.1835177285727,3.135773056396488,-95282443.89817625,412998553.0,93.20206014275495,69.96275915671778,11.296260104679671,742.6534676134027,690.2705497205818,20.15869484557865,616.373813403917
2022-01-12,752.200094076716,757.478715093317,737.0485652161714,746.3838500976562,5775798,718.3496008300781,727.4541383087245,722.7660254447544,59.50585027696416,4.688112863970105,-95779893.95925806,407222755.0,81.66393537409208,77.1023734180871,12.56729598607565,746.1850630845355,688.5033707533552,20.178084490690576,616.5568212091579
2022-01-13,745.846238912085,758.5539729957773,742.9136848927715,754.8394165039062,4049411,719.7151940917969,731.6672580310601,725.1418321898767,62.07260922469942,6.525425841183392,-93653947.00534722,411272166.0,93.96827867323397,89.61142473002701,13.792292766860625,751.5531715981447,685.7794516928709,19.85395617728452,616.6898594452476
2022-01-14,751.7112814816936,777.126747435561,746.4815844679083,762.5617065429688,9627761,721.1013134765625,736.4202501098154,727.9136747345502,64.29832392146234,8.506575375265129,-93177955.42599756,420899927.0,81.0311434113225,85.55445248621622,15.638384231946006,758.9954578103396,683.825916701379,20.62475666231082,617.0282963415435
2022-01-17,765.8853675056046,771.6527476800223,756.5012183930576,761.535400390625,3187871,722.3789306640625,740.2841193837861,730.4041729312964,63.76277488459525,9.879946452489662,-94247449.79287788,417712056.0,79.69452826801815,84.89798345085823,17.352612020953863,762.9481926461965,687.4342841604441,20.2338118497861,617.1409136119869
2022-01-18,762.4640330977819,772.2392130092919,742.9136732747619,745.79736328125,4300929,723.0143176269531,741.1323107526267,731.5444092535153,56.05276481041004,9.587901499111467,-97702525.9227729,413411127.0,59.19801396939699,73.30789521624591,17.877651339350134,765.0508360626621,688.9826722381191,20.883220984410666,617.2826317537688
2022-01-19,744.6242377269268,744.6242377269268,719.4531525658263,727.4688110351562,5843870,723.1482373046875,739.030233873016,731.2425130891924,48.671589115926366,7.787720783823602,-99824469.29471049,407567257.0,27.42857488978475,55.44037237573332,16.88762886816711,764.9234910226547,691.1970167898452,21.27329167948303,617.4421321780522
2022-01-20,727.2733719988568,734.8002723244481,718.475710240806,721.4082641601562,4741333,723.1501916503906,736.3191616094991,730.51405020556,46.49151845202916,5.805111403939122,-102862330.60574836,402825924.0,14.285788103676524,33.637458987619446,15.9134325837772,764.8906525462742,691.8847930103664,20.919810994065816,617.5647943283855
2022-01-21,715.5431154049222,717.1560438335184,698.3876878903058,707.625244140625,9244367,722.9312280273438,731.9047127681338,728.8185830896389,41.895519886134075,3.086129678494899,-103006767.87088236,393581557.0,11.73186002432498,17.81540767259544,15.581104901310056,764.7905762453421,692.1314879636424,21.069865656621865,617.7650154895591
2022-01-24,707.6252418934973,708.9448672123699,673.5098428256779,686.657470703125,5349759,721.9957421875,724.9435986042862,725.695537727675,36.05600961970942,-0.7519391233887518,-104386633.14096925,388231798.0,12.688690061672698,12.902112729891423,16.27300810475776,767.1029606643679,687.7907527145385,22.09594842305545,617.8573509832174
2022-01-25,680.3524791981778,696.823632451513,674.4873716188831,695.1129760742188,4482325,721.2391430664062,720.3542720611989,723.4301627903819,39.70570804106039,-3.0758907291830155,-100590879.44346355,392714123.0,20.849043242390326,15.089864442796026,16.915489650816344,768.224732073582,684.8947808658712,22.113113595167913,617.933569882516
2022-01-27,684.067053922889,696.2860283772953,675.4649078395793,693.157958984375,4749083,720.508935546875,716.1702238955337,721.1877773232703,39.14932081711451,-5.01755342773663,-97268757.22108631,387965040.0,18.96226897789712,17.500000760653407,17.512079657870743,769.2152940309256,682.5699049436837,22.020828376778496,618.0135721967224
2022-01-28,696.9702894638275,716.3251326944666,691.5939408073745,694.1843872070312,3543413,720.0123559570312,712.7877874819179,719.1875262035489,39.62764794273146,-6.399738721631024,-100069867.02031434,391508453.0,19.952868172614185,19.921393464300568,16.839888631677162,770.056272118699,680.3506248539574,22.214425770372323,618.083653600885
2022-01-31,703.5196295762593,707.6252166013938,698.4853886333153,700.196044921875,2152066,719.8217395019532,710.8505963188344,717.7807498123138,42.47953493687483,-6.930153493479452,-101416349.9723285,393660519.0,25.754679891925424,21.556605680812268,16.215711250211694,770.446723959345,678.5916488433893,21.58774031494306,618.1268799017982
2022-02-01,704.7905336228321,727.5666928877584,704.4484261610181,722.1414794921875,6052108,720.2860607910156,712.5876552685811,718.1037668256379,51.488476221529886,-5.5161115570567745,-98204764.3852881,399712627.0,46.934075911268884,30.88054132526952,15.533217060210442,770.5199412337469,678.7286122330501,22.000805147153084,618.2712481033147
2022-02-02,707.6253493675866,730.0593411734468,705.279282152205,728.4464721679688,6167378,720.597890625,715.0274732531022,718.869893147292,53.73065286268173,-3.8424198941897885,-92840223.28028826,405880005.0,53.018983291507176,41.90257969823384,15.01981886693368,770.8302356157315,678.9999523725498,22.199323281016557,618.4226557897545
2022-02-03,727.3221801419205,728.2508340776984,713.0015787326639,716.0318603515625,2689612,720.0006274414062,715.181994345173,718.6596684957565,48.934698258794235,-3.477674150583425,-94460893.66692312,403190393.0,41.03772225775292,46.99692715350968,14.543091973176686,769.4855708481871,678.1549748061097,21.71686400632286,618.487157439504
2022-02-04,718.4757587707967,724.4875185767185,707.7230603402134,710.6067504882812,2453595,719.3065905761719,714.478110674882,718.0631560507583,46.96200459722829,-3.585045375876234,-96070392.46899867,400736798.0,37.574338409747384,43.87701465300251,13.771896635906819,769.2202118349946,677.1642303036772,21.363120737050163,618.5431099998249
2022-02-07,712.4151063850543,713.4904119827082,697.3124413542073,699.072021484375,2610637,719.2674914550781,712.1079431071117,716.6564053421373,42.99348168126648,-4.548462235025568,-98113143.0390174,398126161.0,25.89115945048299,34.83440670599446,13.133481304462943,769.3708940080053,674.9656599470729,20.99275287215379,618.5957513509932
2022-02-08,702.8353869563498,706.7454586501265,687.1951001812433,701.662353515625,3207780,719.5646557617188,710.5009293238061,715.5457348364697,44.13518523387098,-5.044805512663629,-96573412.55476446,401333941.0,39.58764006786577,34.351045976032076,13.082183158483094,769.1805722207318,673.0983035116901,20.889724700491602,618.6567159835691
2022-02-09,705.767978533467,718.8667432744809,702.8842885722405,716.9605712890625,3186942,720.5343542480468,711.494720395384,715.6505375366618,50.4471885892061,-4.155817141277794,-94146661.6108607,404520883.0,70.89317013883294,45.45732321906059,12.286152378513604,766.0538731003905,673.1311671828125,20.626486490374763,618.7280719942962
2022-02-10,720.3330178907443,724.8784406656619,711.6819480352574,714.614501953125,4752601,720.9859680175781,711.9746867888827,715.5737941601035,49.52308378968744,-3.599107371220839,-96786995.49974963,399768282.0,72.68792885599285,61.05624635423055,11.615442641376857,762.8366911220496,673.1714143467004,20.095772643234028,618.8389681484034
2022-02-11,711.5353358356228,717.400443504015,703.2752972700451,707.4297485351562,3621116,720.684892578125,711.2754655190786,714.9705315212185,46.70163574253526,-3.6950660021399244,-98278045.06388718,396147166.0,59.982681899098814,67.85459363130822,11.06878002907265,757.3286898620098,673.9384488098652,19.669299328286588,618.9166926179978
2022-02-14,698.7298604230036,698.7298604230036,675.4649437572988,680.108154296875,6219506,719.8696435546875,706.4804945618164,712.3881332083041,37.866744631162135,-5.907638646487726,-102014973.86620241,389927660.0,10.11442049480194,47.595010416631226,11.877521521212973,750.0135955676334,673.0081878796321,20.54754971754165,619.0136549666361
2022-02-15,683.9693246136924,706.2078580758835,674.4873885235946,704.3994140625,3319096,719.8139245605469,706.1603283311523,711.7963762345408,47.395212320083004,-5.636047903388544,-99074333.7576671,393246756.0,53.82575942107901,41.30762060499328,12.168282959894679,739.6288776912618,677.6793071231914,21.34561542002359,619.0733419552784
2022-02-16,708.6027398740183,733.9692813013701,705.8656420611245,724.0963745117188,9382605,719.73669921875,708.9197200512394,712.7074872180356,53.607866259301126,-3.7877671667961295,-96284012.68340589,402629361.0,83.40182813862944,49.11400268483683,11.599961774216169,734.5226381896301,680.6154477478698,21.933061978512626,619.2997610420168
2022-02-17,724.438502361104,728.2508460917342,714.9077026974874,717.6936645507812,3407347,719.2049291992188,710.2695576665535,713.0768336871279,51.479551084846996,-2.8072760205743634,-98268495.74760672,399222014.0,72.63769528754811,69.95509428241888,11.072234958943268,732.9035735657014,681.2569977233611,21.31949636535078,619.3809136047577
2022-02-18,713.4904152200905,722.5813207276959,709.1893121358864,711.1443481445312,2151557,718.37892578125,710.4041408170116,712.9336866098986,49.3224576584034,-2.5295457928870064,-99791861.4825228,397070457.0,61.62709004215307,72.5555378227769,10.285349697195462,731.6276933175659,681.506486369934,20.753247238669257,619.4290574642654
2022-02-21,706.4522198586309,710.4111555420628,693.597835215493,695.1129760742188,2805791,717.2723754882812,708.051653933505,711.613633977626,44.416356086149385,-3.5619800441210145,-102091961.93448429,394264666.0,34.67540555187338,56.31339696052489,10.295852287172213,731.4852366236142,680.3977162572452,20.524194787981326,619.4821187531927
2022-02-22,682.3075562917511,695.1130180818981,669.5998224353144,689.6878051757812,6112926,716.2381604003906,705.2264464323167,709.9894985108227,42.862548528360335,-4.763052078506007,-98578782.78617105,388151740.0,31.20731958034208,42.503271724789535,11.252667097705727,731.2097932286897,680.9761930994352,20.880551992167206,619.5760439705717
2022-02-23,695.0152659572125,703.2264406438323,689.1501582276157,690.8119506835938,2978284,715.1237902832031,703.0088317017439,708.5689394125095,43.30512861251938,-5.560107710765578,-100853856.984518,391130024.0,32.953715351901536,32.94548016137236,11.689301085759316,731.4368650739548,680.3190187151076,20.39453273674216,619.6284257218101
2022-02-24,666.6672614996539,672.532369372085,637.2928581711546,640.1276245117188,9547717,713.3515490722656,693.3347998263554,703.4992123828214,31.469394118983743,-10.164412556466004,-108865483.05371547,381582307.0,2.9322209580984366,22.364418630114045,13.631530952036567,741.4023029537343,665.0505473880626,22.760572720720514,619.6964030078623
2022-02-25,659.3358375175097,687.1950982576863,655.181386354501,679.5216064453125,5738223,712.3740307617187,691.2096931523488,701.7230934244874,44.228233485482754,-10.513400272138597,-105878094.28007668,387320530.0,43.68050338113885,26.522146563712965,14.706331350469352,741.8795739643399,663.1069983012851,24.496779936809585,619.7693440430667
2022-02-28,674.4874289145317,693.695681733588,669.1110798434739,691.593994140625,4288186,712.0524267578126,691.2688163813144,700.9727897738309,47.456669417894034,-9.703973392516446,-102323084.87189627,391608716.0,56.16791996568911,34.26021476830883,15.392926833866122,741.7273130575544,662.3990541299455,24.50305293347419,619.8345962345514
2022-03-02,687.1462605260468,701.7601659311082,681.916503652838,694.3309936523438,4448558,712.2205590820313,691.7399205768573,700.4808048759429,48.1889315062838,-8.740884299085565,-101205474.89052548,396057274.0,58.99901303171228,52.94914545951344,15.645909312705173,739.3616589517345,661.9836596517811,24.170239315245336,619.9103330396521
2022-03-03,702.639894073096,708.309486279114,687.1951223177502,690.8119506835938,7533817,711.8510571289063,691.5971559778936,699.7645934542875,47.276647302196196,-8.167437476393843,-106158250.55974849,388523457.0,55.3589911372219,56.84197471154113,15.570789512393372,735.5039404662183,662.0779259888599,23.951962504253796,620.0431066449023
2022-03-04,684.1649222398904,694.7221054815313,673.5588153642904,684.4093017578125,7941457,711.4072668457031,690.4913322517274,698.6271644397337,45.58569543495616,-8.135832188006361,-105956486.85579541,380582000.0,48.73622964225286,54.36474460372904,15.96247158547101,733.5383256298742,660.8812849658289,23.752771619467165,620.1618279688078
2022-03-07,674.4873762671571,676.1491686920016,648.6320149109907,662.5616455078125,4890958,710.3613220214844,686.1944573680482,695.9556445188507,40.290121877782425,-9.76118715080247,-105895679.94967456,375691042.0,26.137486802364226,43.41090252727969,17.05701810471314,733.5487611252577,656.0663389723986,24.61166556427821,620.2099424206232
2022-03-08,664.3701027488183,676.4424256418372,655.5235175154745,673.3632202148438,3831397,709.7054052734375,684.2204208829398,694.2821316074428,43.76815456999661,-10.061710724502973,-103192225.03576256,379522439.0,37.31040193233587,37.39470612565101,18.058009404951424,733.3040999320864,653.7401200386167,24.34789717585567,620.252896335391
2022-03-09,681.3300590077756,701.8579373996886,677.1267434601198,698.0455932617188,5351552,709.5274975585937,686.3473704796751,694.5609065447966,50.81797994101932,-8.213536065121502,-99490569.75697169,384873991.0,66.79208333369324,43.41332402279781,17.74511000704628,733.0063142872518,653.6762296580607,24.644098605069182,620.3424572240607
2022-03-10,711.5353919571373,721.0661926700052,704.3994626673871,713.9791870117188,5850213,709.5499816894531,690.5984191769126,695.9992976904946,54.760929384353105,-5.400878513582029,-98615596.96625905,390724204.0,89.91407107347672,64.67218544650197,16.663048787976653,732.5220532884933,653.8623522290849,24.528134376727557,620.4683259765374
2022-03-11,713.0993400388192,715.2987554124825,706.0611989105047,713.0504760742188,2864685,709.6809692382812,694.0525817764981,697.2623479411408,54.48673589316948,-3.2097661646427014,-97145352.60535122,387859519.0,90.43166104854471,82.37927181857158,15.65827765598343,732.2790356685708,653.9489672611168,23.43595024281686,620.5287221788965
2022-03-14,709.6291736793934,717.0094223311228,707.7230017283339,714.125732421875,1905433,709.8041357421876,697.1407587988638,698.5114875323062,54.76911822717935,-1.3707287334424336,-96423298.68107337,389764952.0,91.71519160643483,90.68697457615211,14.652227470830914,733.2075982630171,653.6900030553423,22.42526955424343,620.5695042656079
2022-03-15,716.5207130713817,719.4532671494364,700.1472861355759,705.083740234375,4228582,709.6281848144531,698.3627559427886,698.9983210657928,51.855509420486364,-0.6355651230041985,-98489421.18926907,385536370.0,80.92179029133729,87.6895476487723,14.037091661253871,734.2703481519312,655.1248117601782,22.20246322993037,620.6552584270942
2022-03-16,709.6780171989619,713.0993299540534,704.7904275488313,707.5274658203125,2693057,709.3779406738281,699.7727113085615,699.6301095661275,52.58958743734788,0.1426017424339534,-99408236.6067352,388229427.0,83.83885883177008,85.49194690984741,13.465894123789477,734.603224207891,655.1047408799997,21.210066028165492,620.7099373982899
2022-03-17,714.076850241114,727.0778268207833,713.148196271932,723.4609985351562,4957379,709.3945581054687,703.4170631895761,701.3953606008704,57.17460805651317,2.0217025887056934,-97025224.31759563,393186806.0,95.38939275714783,86.71668062675177,12.743059191070529,734.4788266995456,655.1656007906888,21.091515669044444,620.8250170526691
2022-03-21,724.3407703538935,733.5783265237918,709.0915148432053,718.622314453125,6662688,709.0084387207031,705.7563326147375,702.671431256593,55.42174640333981,3.0849013581445206,-98501386.19735265,386524118.0,82.39357096651976,87.20727418514592,12.36491619681396,734.6342926383757,655.1029998420931,21.33403681272602,620.9780425906972
2022-03-22,718.4756256567792,727.1755584584856,706.7942753206528,722.5323486328125,5010054,708.9957299804687,708.3372581559798,704.1426103214981,56.58017814943842,4.194647834481771,-95774086.60517219,391534172.0,86.99651852886956,88.2598274175124,11.891764902685525,736.4269003524163,654.4491921768805,21.265982978805077,621.0909594426042
2022-03-23,731.1345507771539,734.1159685437075,715.3476122755106,717.2537841796875,4698808,708.9497875976563,709.7090313903965,705.1138083850676,54.52037282947068,4.595223005328876,-99518443.86215228,386835364.0,80.27444491340604,83.22151146959847,11.783546984962848,738.6205920812951,654.4695812585486,21.087581070904488,621.2003059110873
2022-03-24,716.5206762673564,725.6115815097795,714.5656403157401,716.9605712890625,2914647,708.8442163085938,710.8246529132682,705.9913463779561,54.40189752676691,4.83330653531209,-101169209.72174425,383920717.0,79.93144148625433,82.40080164284333,11.636288856663388,740.7673770595784,655.0500728915936,20.37032107969984,621.2658744209283
2022-03-25,720.4307349314403,730.108186579286,713.6369731918284,726.5402221679688,4003497,708.4170422363281,713.2424327986067,707.5134853253645,57.640593507400226,5.728947473242215,-98900173.25975081,387924214.0,91.13781469644228,83.78123369870092,11.728047285343662,744.1696104392977,655.2206666603117,20.091813387396822,621.3598250634006
2022-03-28,730.205966405985,732.8452770123347,710.2157108147542,720.4307861328125,5691095,707.8979809570312,714.3483333115615,708.4703224222125,54.959556815424115,5.878010889349071,-99453302.86000393,382233119.0,82.58715406906089,84.55213675058586,11.585673104084725,739.6244768747091,667.7961163870096,20.273081445267085,621.4901253036966
2022-03-29,724.340810950906,749.65855007065,721.457121025999,744.81982421875,11423551,707.6975891113282,719.0362549895906,711.1628781108449,62.46518183200961,7.873376878745717,-91949796.582325,393656670.0,93.32882210161644,89.0179302890399,12.291160579233521,745.2919124309054,668.6585026081572,20.91270162330783,621.7963403131238
2022-03-30,751.5158282726966,758.5051058546718,744.9664457243709,750.1473388671875,6913983,707.4493017578125,723.822575586144,714.050615944648,63.88108504469382,9.771959641495982,-93572176.60691974,400570653.0,85.67841117486186,87.19812911517975,13.330933804688723,751.8473043442688,667.9584451674499,20.396457338494542,622.0007370145473
2022-03-31,750.147323248771,763.441543938729,748.2900152177939,756.79443359375,5468951,707.354482421875,728.8951691257756,717.2168246593963,65.62350464716624,11.678344466379372,-92901780.45083512,406039604.0,89.49808311892737,89.50177213180193,14.503229289591474,758.9780360682248,667.0740574376346,20.021819580097436,622.1681580260982
2022-04-01,757.0877001984196,772.9235039234133,757.0877001984196,768.0847778320312,6816743,707.8002307128907,734.9243396959688,720.9848211907025,68.41099869059161,13.939518505266278,-90250831.9738231,412856347.0,93.35122621309036,89.50924016895989,15.971534091968554,767.4809322604071,666.298443960296,19.743766062209282,622.39156116239
2022-04-04,773.2166711915177,803.6663781257477,766.0319383774879,800.1472778320312,13743062,709.2538000488281,744.9586378707476,726.8487068678379,74.68801707169408,18.10993100290966,-79077927.19387308,426599409.0,96.60053017654896,93.14994650285558,18.304414504120608,782.6840143153742,662.6691595127508,21.021671325498602,622.9144979360557
2022-04-05,821.1150624087271,841.5452110409852,807.4298113685817,828.9840698242188,21090646,711.4053161621093,757.8856274020508,734.4142893090512,78.77339539685397,23.47133809299953,-73518248.75120942,447690055.0,90.8148432573935,93.58886654901096,21.267266860941188,800.7216068924557,661.2738093673098,22.47711860288827,623.88248091036
2022-04-06,833.7739326979901,843.255868578556,821.1150635358865,830.7435913085938,8785541,713.8676831054687,769.0945449261344,741.5497931608692,78.99615540269782,27.544751765265232,-74662529.61150505,456475596.0,90.83091661819094,92.74876335071116,24.04850163524353,815.9331762548727,661.8002771142678,22.45309620572979,624.2943198144013
2022-04-07,830.8902545510914,846.5305416955825,795.3085774321898,799.023193359375,11662093,716.1149975585937,773.6989523774022,745.8070820644622,65.6253630107679,27.89187031294,-84633153.06225644,444813503.0,66.00213418559544,82.54929802039332,24.970456185569358,822.8317647429933,664.999448635913,24.508015352705712,624.7910418847914
2022-04-08,804.4972558177384,825.8071347439882,799.0231792788161,820.4307861328125,5777924,718.6213537597656,780.88846526285,751.3347638473028,69.39081293678092,29.553701415547152,-81174836.68804361,450591427.0,81.32213187037561,79.38506089138735,25.826556839443345,833.5359758502229,664.9403974407926,24.670582503596165,625.0380794346098
2022-04-11,821.1151374260612,840.6654978409675,820.4308628789465,835.3380126953125,6030153,721.4649548339844,789.265318713998,757.5572267249331,71.7143945730579,31.708091989064883,-78319986.88415508,456621580.0,91.78920670043968,79.70449091880359,27.019324758901746,845.7809925160916,664.9241344370334,24.353734589636083,625.3182974203488
2022-04-12,834.7026301146822,839.6879479661762,816.2275163582738,825.9049682617188,5597246,724.0993664550781,794.9021878751859,762.6200223943247,68.18705102702127,32.28216548086118,-79299493.5465289,451024334.0,84.86916405163907,85.99350087415148,27.86008265251336,854.2579377978582,667.6251127392511,24.28992723379797,625.5716106166524
2022-04-13,830.7925132150756,835.6801028688577,817.6937490777556,821.6038208007812,2955807,726.5275219726562,799.0101314022006,766.9891926466548,66.57901445752489,32.020938755545785,-80970168.77344671,448068527.0,81.71385994192138,86.12407689800007,28.640786410867,859.9563051534667,673.5787534402832,23.83967198789113,625.7036148014917
2022-04-18,812.6595901314562,827.7133916541252,802.9333334662473,823.7544555664062,3969878,728.5597814941407,802.8169505043861,771.1940269370068,66.99809741870513,31.622923567379303,-78268769.8995958,452038405.0,83.29155677192014,83.2915269218269,28.40963243616445,864.756347523477,680.4014100448824,23.90684243074733,625.8745396149765
2022-04-19,829.9127899756627,831.1346874874054,788.857033581107,800.8804931640625,4472320,730.0084619140625,802.5190339904901,773.3930244353072,58.583802452128324,29.126009555182918,-80197298.85190794,447566085.0,63.50139918846754,76.16893863410304,27.38772870079041,866.5299900883915,686.3697169428585,25.219043250429547,626.055561375345
2022-04-20,807.0388260412101,817.156173002422,801.564749180286,809.0427856445312,3071216,731.8686804199219,803.5226880911118,776.0337474878423,60.49062741465113,27.488940603269498,-80322450.97736089,450637301.0,63.08955867467454,69.96083821168743,26.43881808937166,868.0129782619798,693.9287758884108,24.580231578138825,626.1812384320214
2022-04-21,814.2724639515818,839.590203082488,813.5881894442402,831.3790283203125,5539106,734.2841259765624,807.8082788956043,780.1333979198771,65.21089396964157,27.674880975727206,-78281733.06568278,456176407.0,84.57712522673046,70.38936102995753,26.433785245067394,871.7539129743568,701.0725091447839,25.006459139554387,626.4308624590559
2022-04-22,828.3976332023892,866.0809398136053,821.7993867647574,854.4973754882812,17864000,737.3926330566406,814.9912168329392,785.6418407027219,69.29923348854189,29.349376130217365,-69763782.55402485,474040407.0,89.37221761072408,79.01296717070971,27.23736358217656,877.3299133687291,709.2208678812709,26.383251561646777,627.308236710115
2022-04-25,854.3018690189375,861.1444950268377,829.5706755229766,840.2255859375,10145325,740.1638977050782,818.87342746441,789.6850810904832,64.27733549722628,29.188346373926834,-73061818.83825792,463895082.0,74.15730941341353,82.70221741695605,27.983543466635073,878.1107075132967,720.766575201547,26.75400641466209,627.7948459355349
2022-04-26,848.48561570145,892.4739252712257,845.9440927914927,889.0526123046875,21010788,743.6057385253906,829.670225132145,797.0456389582021,71.80524387307096,32.62458617394293,-55140854.18773571,484905870.0,96.69811272010544,86.74254658141437,29.451321148626082,887.9911722650952,727.1373494634204,28.5750301945952,628.9448678446574
2022-04-27,893.5002903197238,903.8620166200716,860.2158153077385,867.3516845703125,20793885,746.6604821777344,835.4673727380169,802.2534941887287,65.22630343821174,33.21387854928821,-69135410.02004153,464111985.0,68.25326078489218,79.70289430613707,31.04880382136107,888.728252766713,741.0923588055525,29.651542417290766,630.0785934732943
2022-04-28,878.7886769633594,880.0105744563564,857.0877655551421,867.1561889648438,8778304,749.8550109863281,840.3425752344519,807.0611012091816,65.1683765662828,33.28147402527031,-70202295.94104724,455333681.0,68.08327197197046,77.67821515898937,32.33131749316548,890.7610381226051,751.29320992427,29.17091859471387,630.5366676734511
2022-04-29,872.630250518469,878.6908734953448,832.9429875597366,837.1463623046875,11543840,752.9957751464843,839.8508501683343,809.2896390681079,56.8255681927299,30.561211100226387,-79624810.13447107,443789841.0,41.98890121762786,59.44181132483019,32.10212318932901,887.2988617860888,763.4552886045362,30.354987690492038,631.0896942156197
2022-05-02,830.8902382583656,843.4513197597936,819.2088870937885,837.29296875,5760499,755.6536462402344,839.457329950129,811.3639597852851,56.85462740585545,28.093370164843805,-76791012.04129149,449550340.0,42.116379559381826,50.7295175829934,31.192410553377083,882.8546863665603,775.9493175396898,29.918376617314404,631.3441391085953
2022-05-04,841.1542314417416,844.771059941835,787.6839853896099,794.526611328125,7969164,757.0622509765625,832.5449117005899,810.1167487884585,46.93136857742321,22.42816291213137,-82849760.81254143,441581176.0,5.889776118637617,29.998352298549126,29.005805247282137,879.1131000744558,782.3350871814037,31.858997898379453,631.6528232722525
2022-05-05,802.4444746119509,816.716212204805,787.879433916305,793.109130859375,6597383,758.5705603027344,826.4778684942492,808.856925238156,46.64079644206426,17.620943256093142,-87054205.64433269,434983793.0,4.6696827380412875,17.5586128053536,26.97538603447968,879.7380585163651,781.0063140422287,31.64312506910235,631.8935431990964
2022-05-06,779.9615888534819,802.4933654570225,772.4346887764984,793.1580810546875,6150326,760.2108349609375,821.3517473497012,807.6940478912323,46.653079941936554,13.65769945846887,-84724077.2523183,441134119.0,15.767947669798453,8.775802175492476,25.59686176683356,880.5495974183252,776.6121762633154,31.5299501842039,632.1041262296513
2022-05-09,789.2968779897594,789.2968779897594,765.3965522605263,774.7807006835938,4768026,761.804189453125,814.1869709395309,805.256022172148,42.68063808491247,8.930948767382802,-85747897.9075085,436366093.0,6.777248367650864,9.071626258496892,24.572164182300803,882.7685736696974,768.7969109494431,31.26077722777228,632.2536633399396
2022-05-10,777.3223380395307,785.8756206771511,747.8501460001444,751.80908203125,5344522,763.0466149902344,804.5903726459492,801.2969895691186,38.29156309490926,3.293383076830537,-89979554.3406978,431021571.0,2.5375864127354117,8.360927483394933,24.217643550079366,888.0463281799812,758.797745306347,31.7439699027176,632.4039298902661
2022-05-11,753.6663434055126,767.3027308121734,732.2098123578088,742.81591796875,8985117,764.0866943359375,795.0866103879184,796.9650583394616,36.700386657662534,-1.878447951543194,-93533541.41329725,422036454.0,6.178834496489434,5.16455642562526,24.36450889478761,893.1194023541632,745.9631843157588,31.98318051354953,632.627750604688
2022-05-12,741.9361975105562,741.9361975105562,689.443466465556,697.2636108398438,10570456,765.2294140625,780.0369181497531,789.5797659320825,29.918664504551344,-9.542847782329432,-100954514.03240046,411465998.0,3.6471398433822033,4.121186917535706,25.53424645204718,902.9899488674554,722.2851976169196,33.510985584238426,632.8034102414246
2022-05-13,710.6555738437172,719.3555077600839,686.0221087324978,690.0299682617188,7247809,765.4395812988281,766.1896950900555,782.2057068453889,29.002167272969004,-16.016011755333466,-106459434.44533597,404218189.0,1.8398187770485848,3.888597705640097,26.69080114113957,910.4872742105492,701.2003722738257,33.49830083019183,632.9060712001491
2022-05-16,698.9253623560855,711.7797477806869,688.1726644736842,696.4815673828125,5606071,765.5373327636719,755.4653677504796,775.8557705889018,31.031415965673006,-20.390402838422233,-108119206.86749662,409824260.0,4.801442835585826,3.429467152005562,27.764744781011075,914.2002803194842,684.975140823094,32.791785292821174,632.9856712285309
2022-05-17,703.8129012462236,730.4991284858845,699.2674190604915,728.0064697265625,4430294,766.2108422851562,751.2409219006462,772.3113779324323,40.04841299076708,-21.07045603178608,-104396092.29178347,414254554.0,19.27303468000575,8.638098764213412,27.79595613092689,912.9203048104656,676.6803177481282,32.87934070783909,633.0679376627618
2022-05-18,735.7289219797703,749.9517964719003,725.3183317624693,742.7181396484375,9020504,767.2489660644532,749.9297246310756,770.1192862076919,43.74471023434309,-20.189561576616256,-100673359.5213167,423275058.0,29.226495866329568,17.766991127307072,26.94137471302199,912.1154071529189,671.6689800541122,32.29034956509566,633.2738510327125
2022-05-19,727.2733471345418,730.5480083673425,713.5880959787843,716.3251342773438,4445667,767.8872827148438,744.7597876535784,766.1345342128512,39.08855570362496,-21.374746559272808,-103684118.06626467,418829391.0,15.728042675804483,21.40919107404663,26.50232985589596,911.5579722346934,662.9546498356192,32.06461342970692,633.3567443490954
2022-05-20,733.0896520028914,755.4259149242996,728.3486538018309,750.2939453125,5434279,769.6419287109375,745.6111965241818,764.9611572572696,46.919482638186985,-19.34996073308787,-100309763.4111903,424263670.0,40.486463746931435,28.480334096355183,25.07057185910882,906.7699958088189,659.6341179607124,32.567196802367555,633.4864389776961
2022-05-23,757.4297630734782,762.3662764733834,734.3603632156809,736.608642578125,4787481,770.9068371582031,744.2261882247883,762.8609709847404,44.44061638770246,-18.634782759952145,-104328578.54899544,419476189.0,31.865743653903152,29.360083358879717,23.479266060515922,897.9212295744468,656.6940109040689,32.24139083489148,633.6001964285167
2022-05-24,739.5900806253111,747.6057400028178,730.6946908626037,735.2401733398438,4653281,771.6507287597656,742.8437243963352,760.8149859740074,44.18920705099468,-17.97126157767218,-106480369.893114,414822908.0,37.65897871419637,36.67039537167701,22.13499347182927,890.3783535160877,653.7383457026623,31.14636642812881,633.7039732890858
2022-05-25,718.4757614823084,727.2245598982577,689.5412512796361,691.9850463867188,7699306,771.2108459472656,735.0193123948558,755.7164719305046,37.053764687586934,-20.69715953564878,-113181062.60672998,407123602.0,5.119664560952009,24.881462309683865,22.170180860588847,872.459596369252,651.9503462577011,32.185834687563016,633.8177893156497
2022-05-26,695.9927589595956,703.1286278421794,653.128622037731,685.7288208007812,13569693,770.6644128417969,727.4361598419213,750.5322014764511,36.1446713670513,-23.096041634529797,-109055770.10277973,393553909.0,23.94111500887194,22.2399194280068,23.044225665875608,856.9735645592161,649.274091690784,33.45827548162625,633.9531627955502
2022-05-27,698.045544128121,698.045544128121,681.3300110507405,687.2928466796875,5815428,770.1277551269532,721.26026550927,745.8478048248389,36.563687050608095,-24.58753931556896,-110722189.97776812,399369337.0,25.73634431822942,18.26570796268448,23.855838699356166,837.5508263838839,650.7104956376005,32.26236530989441,634.0211161685991
2022-05-30,697.9478603427257,720.4307746114689,694.0377882959876,718.1824951171875,5546106,770.3897302246094,720.7867623720265,743.7985226242722,44.33303218520376,-23.011760252245722,-106120971.09617633,404915443.0,56.97778049485299,35.551746607318144,23.66943481265648,821.7891695752563,654.5757657274781,32.324905497172054,634.1116812832903
2022-05-31,714.6633922293528,732.1609884486519,711.6331102678486,723.2166748046875,6346866,770.7035144042969,721.1605950539742,742.273941304303,45.504439775650305,-21.113346250328732,-105304960.22501285,411262309.0,64.16107442900339,48.958399747361966,23.04285705708466,802.7649482305532,662.19235767765,31.482260688860002,634.230483587064
2022-06-01,723.1677740956666,726.9801180007406,712.659456036997,720.3330078125,3196984,770.6409545898438,721.0332739399013,740.6486869715768,44.921311670751706,-19.61541303167553,-105075814.57939112,408065325.0,61.52126400183412,60.886706308563525,22.46103485548226,793.147772915993,664.3901726406476,30.256432208494548,634.288614258202
2022-06-02,720.4307591249983,734.995801051191,713.8325126879647,731.6233520507812,3536560,770.9009753417969,722.6625167261905,739.9801436441105,47.74480295794656,-17.31762691792005,-102666382.65440366,411601885.0,71.85684315410523,65.8463938616476,21.593767020159685,782.9705356869601,668.418831988821,29.60692193383253,634.3579424268339
2022-06-03,740.9586152122471,741.4473741932578,722.1413944433344,723.2655639648438,2960614,770.9156396484375,722.7552932244448,738.7420266308316,45.87022880653957,-15.986733406386747,-105282208.9702907,408641271.0,64.20582928977812,65.86131214857251,20.525384449378212,770.3933323839852,674.0067835828116,28.87114034926759,634.4172381595348
2022-06-06,721.8970306242095,728.2508975152825,708.9937813128228,724.585205078125,2753267,771.0622680664062,723.036818125011,737.693373182483,46.22921033216736,-14.65655505747202,-103577139.41722581,411394538.0,65.41387528829286,67.15884924405876,19.98855827472522,761.470527429781,677.910038976469,28.18442433878132,634.4674546298401
2022-06-07,722.3857946249011,725.8071075899717,697.3613579455703,718.0358276367188,2488075,771.0837731933593,722.267434972966,736.2372586976117,44.6466733142049,-13.969823724645607,-102448531.30499654,408906463.0,59.41834428276012,63.01268295361039,19.869546479041308,757.0964600089287,678.9067809578682,28.203090432039897,634.5091661719534
2022-06-08,719.0133050367402,723.3632717793566,709.0426101688112,712.2195434570312,2839931,770.7973596191406,720.721605508976,734.4581686797909,43.23131585321822,-13.736563170814861,-104028426.75978062,406066532.0,54.093912693913026,59.64204408832202,19.759035525906246,753.9228592489408,679.0207442666842,27.211488373361725,634.5574073492547
2022-06-09,709.6780566870963,720.4307545156887,706.8432306671004,718.9644775390625,2604731,770.7680334472657,720.4512781289894,733.3104878545518,45.39323888118463,-12.859209725562323,-101985866.9306524,408671263.0,60.26846314254466,57.92690670640595,19.733514209666964,753.9618474673193,681.1518427182275,26.23834805016362,634.6018982125261
2022-06-10,709.678060735692,715.6898202393409,702.0534323463311,710.069091796875,3377686,770.0730187988281,718.8540186932796,731.5889029613904,43.0639822175399,-12.734884268110818,-101392650.8238344,405293577.0,60.269058779064196,58.21047820517398,19.8828774309369,752.9241331235926,684.19346941547,25.572112131775604,634.6551394333127
2022-06-13,695.0152931583738,698.6321216657709,673.3143817769542,679.619384765625,4535069,768.6624597167969,712.8179211659481,727.7393090209633,36.213784534140686,-14.921387855015269,-103668938.13760193,400758508.0,29.994493900054774,50.17733860722123,20.929795245045547,754.9165991400981,680.5147851372457,26.370869123785976,634.7021963952043
2022-06-14,679.7660885267677,705.5725297308071,677.957644302723,688.8569946289062,6144330,767.3037109375,709.1316247756339,724.8591375845147,39.36496814165023,-15.72751280888076,-104963043.03968641,406902838.0,40.453891975577946,43.57248155156566,21.5119217807044,754.6679283729918,676.8485083945864,26.459727431235844,634.7747900011224
2022-06-15,694.9175611670975,697.2635685392796,685.8265961531318,687.9282836914062,2447673,765.7005810546875,705.8695723011374,722.1235187776177,39.15553487768459,-16.253946476480337,-106511134.6350655,404455165.0,21.44908273683146,30.63248953748808,22.05246784953048,751.6642923480276,674.3731588238475,25.38667349944384,634.8034212022517
2022-06-16,695.943942533911,700.9781243674231,661.7796769676137,666.3740234375,4301251,763.0251159667969,699.793334014424,717.9939265302016,34.55990034839637,-18.200592515777657,-109804109.10072291,400153914.0,5.766887496288081,22.556620736232514,23.26468855323019,754.1272232434515,666.9151168444391,26.373228778041383,634.8410317149244
2022-06-17,661.7795903258709,673.9496995990189,648.094340304361,653.9105834960938,6103963,759.5236462402344,692.7344493192963,713.2470122313788,32.20604785896755,-20.512562912082444,-113161861.31813489,394049951.0,6.2303740429634775,11.148781425361024,24.734989522638237,751.8882263347905,659.5157775714595,26.33623810065685,634.8715610652037
2022-06-20,655.914519583435,658.7493453961474,638.4169250766071,648.2410278320312,3507676,755.8735949707032,685.8893075520248,708.4317541277235,31.166161549066572,-22.542446575698705,-113279899.59521039,390542275.0,9.535145036882602,7.177468858711406,26.328235576941115,751.5269052617382,651.0403371699024,25.907393973434242,634.8815725126321
2022-06-21,655.4257353315004,676.0024746721799,652.1021506905877,673.6075439453125,3313116,753.3652819824218,683.9998054586844,705.8521830031004,40.433351711851905,-21.852377544416072,-110630764.82962272,393855391.0,34.1555522376329,16.640357105826343,26.774295064402224,747.2834052293929,649.1205742627947,26.0398263210567,634.9040580984091
2022-06-22,669.502103179473,672.3857335539013,650.5870940502134,653.2752685546875,2964156,750.0221716308594,679.2729536273002,701.9575967476625,36.22367766840326,-22.68464312036224,-112863850.56396362,390891235.0,14.421312927848989,19.37067006745485,27.23289300620279,749.0865051644266,643.4464965445577,25.824156576345445,634.9188747214215
2022-06-23,657.576396885208,667.9380642352702,651.2225296305745,660.117919921875,2762533,746.5177697753907,676.3260253649271,698.8583614272337,38.54270198096341,-22.532336062306626,-112686147.453215,393653768.0,24.156779730610225,24.244548298697385,27.658733952160457,749.9634886159458,640.008423005148,25.173540721227603,634.9332515767692
2022-06-24,667.6447987004776,672.4835247671369,661.8774185946875,670.9683837890625,2740927,743.4190380859375,675.501772814794,696.7924371577396,42.13576333631352,-21.29066434294566,-110728333.64255837,396394695.0,37.24841598480164,25.275502881086968,27.75846460189881,750.0570854394616,638.2823798925697,24.25868815865863,634.9524831387015
2022-06-27,682.3074608168052,682.9917352459173,669.50200081852,672.2879028320312,2711512,740.4327197265625,675.0073312789842,694.9772864669465,42.575447507157854,-19.969955187962228,-112319881.89811014,399106207.0,39.873377808639574,33.759524508017165,27.189012977852297,747.3977317966852,636.3522743068305,23.48947717785425,634.9751658557901
2022-06-28,665.6897814427377,668.4268200065317,655.1814625726798,662.8060913085938,4596840,737.2137524414062,673.1302174373857,692.5942349737352,40.21096843437048,-19.464017536349502,-111624422.53458802,394509367.0,29.73787030649813,35.61988803331314,27.20657852692802,743.7982566884056,633.9106910655006,23.033545969389763,635.001270447008
2022-06-29,659.8246072178711,669.0132996872743,652.0044637249185,662.5616455078125,3332554,734.4473754882813,671.5042832943743,690.3695987170001,40.14906316535243,-18.865315422625827,-110820023.42889912,391176813.0,31.24604090523276,33.61909634012351,27.33834161790819,740.054045973693,631.8777655497446,22.603209540315905,635.0195061114458
2022-06-30,665.2498204375565,670.479577200993,651.6134332767467,656.94091796875,3502799,731.4053381347657,669.2637655519706,687.8934001430557,38.67469934656247,-18.629634591085164,-112344558.28264913,387674014.0,27.583688640028356,29.522533283919767,27.359758685489187,733.4306293076288,631.0329388076057,22.33627628202522,635.037538016069
2022-07-01,654.937008371693,664.7121876011213,641.2517574504934,662.659423828125,3151179,728.0309460449218,668.2477129790713,686.0242167123201,41.04668574457268,-17.776503733248887,-109744829.19655904,390825193.0,36.0989955735612,31.64290837294079,27.777225388817318,727.414047517492,630.9889065840705,22.41657298692541,635.0514559169758
2022-07-04,664.5654880452649,668.9154544207499,657.9672425419988,666.6671752929688,1874921,724.2743420410156,668.0045533350554,684.5903617923682,42.71888066043353,-16.585808457312737,-108639960.10955133,392700114.0,45.15618392326569,36.2796227122851,27.855544261690202,720.013608684106,632.597542438941,21.597404336341533,635.0629770899673
2022-07-05,671.0172571361065,678.5930217953347,661.7308359409235,663.4903564453125,2472875,720.7396374511719,667.3100615058643,683.0273984333271,41.70896651641049,-15.717336927462839,-110596760.34856147,390227239.0,40.07824602618543,40.44447517433746,27.241578598684672,713.1409517579699,634.0156522459364,21.259174444775084,635.079922421042
2022-07-06,662.7571684116795,680.6457349185176,661.9263020214803,678.7395629882812,2634839,716.5333764648437,669.068446349313,682.7097809929534,48.05689436239253,-13.641334643640334,-108498524.79911652,392862078.0,90.46059368175688,58.565007877069355,26.528742564234808,707.4105387625468,636.3980671944844,21.07776433422239,635.101159858142
2022-07-07,685.2400933674838,691.1052011566492,679.3749855783185,687.7816162109375,2896584,712.9419750976563,671.9473955587938,683.0854724905818,51.43416294821316,-11.138076931787964,-107243350.18534698,395758662.0,93.69198388525255,74.7436078643983,25.161595008621145,699.644560593819,641.0457592303997,20.45546960808993,635.1319079687423
2022-07-08,693.9400874195238,701.6135802452817,690.6653661549075,699.6096801757812,3880791,709.591044921875,676.203131653715,684.3094878746706,55.50926558749427,-8.106356220955604,-104783195.88287997,399639453.0,96.68018628875225,93.61092128525392,23.477015406115356,696.5250948615068,643.1192838006026,19.98236206710809,635.1820949410222
2022-07-11,698.92532467614,715.5431295985097,697.0191527671585,712.8060913085938,3814715,707.1042395019531,681.834356216004,686.4203473882945,59.58390242452759,-4.585991172290505,-102095778.88321495,403454168.0,96.31580598018466,95.56265871806318,22.661444478921368,703.9215885764952,639.0414607399111,19.878191693125455,635.2401977794372
2022-07-12,712.6105477652827,726.1980704150164,710.0201014699516,715.4453735351562,5846548,704.6672875976562,687.0052819574121,688.5703493250991,60.36571921499081,-1.5650673676869928,-104021054.23768248,409300716.0,87.34177328643922,93.44592185179208,22.410737750545227,709.8443196090707,635.7775675979606,19.613890068263988,635.3397086082672
2022-07-13,720.4795552355587,722.3857270704334,708.0650659906606,710.4111328125,2373553,702.9849780273438,690.606182088964,690.1881851389807,58.05870235040637,0.417996949983376,-105616917.72849599,406927163.0,81.41539396876507,88.35765774512969,22.044431944775273,713.9783652055957,633.8918069135449,19.235802283371758,635.3782652025194
2022-07-14,717.5472933779489,719.3190030747364,705.2928728543856,713.0687866210938,2859869,701.3841711425781,694.0619674015994,691.883044508026,58.95060260763812,2.1789228935733718,-105305834.45887907,409787032.0,84.54402158760439,84.43372961426958,21.50831193003965,719.5885911219253,632.9510573155748,18.863682850298837,635.4240422729677
2022-07-15,726.1105778776905,726.8487952077662,714.6927804600853,719.4174194335938,4127381,699.9093579101562,697.9628061757525,693.9226278358459,61.07980022397352,4.040178339906561,-106224863.78509739,413914413.0,91.31818580539482,85.75920045392145,21.4014562627616,725.435905559593,633.654426471657,18.500563260039808,635.4966485804625
2022-07-18,725.3723575944542,730.8351537995179,721.090661051679,728.1283569335938,2403691,698.9763110351563,702.6036601384973,696.4563855467901,63.85044893435704,6.147274591707173,-105156553.38084838,416318104.0,96.97846143790055,90.94688961029993,21.503512599359617,731.6873838958019,635.3916810456043,17.99464691046012,635.542044301831
2022-07-19,725.3723526018583,739.989031546733,722.5178882596549,737.2330322265625,2864129,698.6847900390625,707.9312558443535,699.4768778934399,66.53219631273603,8.454377950913567,-103196032.97098786,419182233.0,97.20875490497717,95.16846738275753,22.040011828055498,739.9617974207797,633.4798163487515,17.95725379450426,635.5999669365099
2022-07-20,745.0582215332612,745.0582215332612,730.2446711556971,731.8687133789062,2176017,698.4658459472656,711.6139416189001,701.8762731145856,63.54127039995435,9.737668504314456,-104894926.87809674,417006216.0,87.294135995386,93.82711744608793,22.76946266940077,745.026757620239,636.274200631714,17.732703550437105,635.6450429166661
2022-07-21,735.9535481296195,745.0090269527572,729.5556639718781,742.400634765625,2639283,699.3685864257812,716.3503559491654,704.8780776813293,66.70587269831873,11.472278267836145,-103146619.54020329,419645499.0,96.94849363456713,93.81712817831011,23.384157366946543,751.6701813682897,637.8590483680383,17.56989350975439,635.7014426110314
2022-07-22,745.7472443555735,752.9325483943952,739.743040100229,742.400634765625,2854708,700.4159997558594,720.3580911516976,707.6575263542401,66.70587269831873,12.70056479745756,-104850919.71864425,422500207.0,88.45206592568833,90.8982318518805,24.32700531519124,757.7315453261064,638.940909507878,17.257008851498092,635.7659380241836
2022-07-25,745.107382970919,745.3534554223626,734.3293975824373,738.1681518554688,1592179,701.2497314453125,723.0981004907393,709.9175726876645,64.11219949467042,13.180527803074824,-105334254.03941089,420908028.0,83.77650202335934,89.7256871945383,24.68646393080829,762.1778667049665,641.0826130313616,16.811798064957177,635.7999878989945
2022-07-26,738.1189007522022,741.6623197890307,733.2958569911451,737.3314208984375,1803260,701.43623046875,725.2878420919237,711.9482281106847,63.58583465841508,13.33961398123904,-105397908.86879967,419104768.0,78.79058672054326,83.67305155653033,24.920841707581246,765.0551397589842,645.6578729363283,16.20855983159492,635.8378344999028
2022-07-27,736.9377979151851,750.2257104430988,735.3136956868159,748.7000732421875,2539587,701.555869140625,728.889723807349,714.6705870093145,67.49114617318384,14.21913679803447,-103377968.40422417,421644355.0,93.20271931379669,85.2566026858998,25.589121591701804,768.8173073976945,650.5095480710554,16.115949469072635,635.8949225122417
2022-07-28,751.6529406766882,756.5251271961619,745.7472017912341,752.4895629882812,2696358,702.2791577148438,732.5204682967233,717.471992637386,68.6962864914768,15.048475659337214,-102700797.85034578,424340713.0,93.2182201088137,88.4038420477179,26.514267038587008,771.1750560978528,657.7066638728504,15.734662035919428,635.9592742193316
2022-07-29,756.9188724744077,763.4644238156554,746.9283067590892,751.7021484375,3182798,702.3073217773438,735.471496010689,720.0075597336908,68.13110391197226,15.463936276998197,-104045900.3751158,421157915.0,79.78002101751306,88.73365348004118,27.68708523083874,772.5670144909135,665.2189779407271,15.791908823108486,636.0367471560722
2022-08-01,757.9031740566497,791.3690284955148,753.0309273510288,788.6622314453125,6459641,703.3483935546875,743.6546860775541,725.0930909715887,77.49183519040363,18.561595105965353,-98498403.51800227,427617556.0,96.85534625699644,89.95119579444109,29.739561517048948,781.2076426302696,668.7778554166053,17.497263911316082,636.2251301606092
2022-08-02,788.2684465142618,797.66846197705,782.5103753300809,789.6956787109375,4393310,704.4375036621094,750.7379157134592,729.8784678411702,77.68916768042423,20.859447872289024,-98726640.98195592,432010866.0,91.36916652783069,89.33484460078007,31.81457625826054,786.8153686538249,675.7906616196126,17.330179821005583,636.3640554143685
2022-08-03,790.1878386467203,797.1763322656084,782.854867628684,794.5187377929688,3326267,706.4881774902344,757.4734268026145,734.6666359857478,78.63076752506618,22.806790816866737,-96634866.2657873,435337133.0,96.20403939262941,94.80951739248553,33.741375660814164,793.6095413906196,680.5744063632867,17.11527159357121,636.470137299201
2022-08-04,798.308282634124,807.6098338694497,783.986877120069,794.5679931640625,4641779,708.6649609375,763.1802831659143,739.1037735545119,78.64068163412053,24.076509611402344,-97118384.91162063,439978912.0,84.92606866127076,90.83309152724365,35.808755760521386,799.4803805229477,685.3822049262711,17.580106247557605,636.6216219841116
2022-08-05,798.3574352904312,805.8380738400091,792.8454364234009,797.5208129882812,2807602,710.8695202636719,768.4634416001245,743.430961660717,79.261840952588,25.032479939407494,-97905366.12872526,442786514.0,88.1433891200072,89.75783239130249,37.72846585310667,805.627496597115,689.0262021333536,17.25242990248979,636.7150365026878
2022-08-08,800.1292298677173,810.070533157853,782.8548952247701,789.0559692382812,7519923,712.2869897460937,771.6315227752256,746.8105918516477,72.73192792536545,24.820930923577862,-101998465.24066785,435266591.0,73.89977263574526,82.32307680567443,38.407242064692284,809.8824481381901,692.3962383852474,17.96408761896073,636.957403954571
2022-08-10,790.3846684132195,795.3061171580091,766.0726995987028,778.1302490234375,5541103,713.3852612304687,772.631326813412,749.1305664569654,65.25886606460863,23.500760356446563,-102968626.5671873,429725488.0,60.32995587356771,74.12437254310674,37.495389348705395,811.7396495267695,696.807524545496,18.769039757556843,637.1194589544374
2022-08-11,782.2151535844829,787.3334728051758,775.9156745318941,780.2957763671875,2140171,714.5845166015625,773.8104728986082,751.4391005243893,66.00444544363368,22.371372374218822,-103466770.49671823,431865659.0,61.217997551675964,65.14924202032967,36.648668969574715,812.5780152866996,702.9576231410347,18.243951080108623,637.1825410643827
2022-08-12,781.03396027632,787.1365690826455,773.1596418362311,775.96484375,2281608,715.4713464355468,774.1419145680532,753.2558222448049,63.088351466271256,20.88609232324825,-104832530.39717083,429584051.0,55.57690229289122,59.041618572711656,35.61859187803602,812.2080808455929,709.6171632950321,17.939163663416174,637.2485983659724
2022-08-16,779.8527877886967,813.0233656923704,778.7208905771454,811.2024536132812,6820860,717.2300842285156,779.8435359596267,757.5481653091365,73.38959258424038,22.295370650490213,-98735827.25885823,436404911.0,97.71608054891958,71.50366013116228,35.85970507449544,817.544377840155,713.4593697184387,19.3048321119129,637.476672864217
2022-08-17,814.3522205165424,818.8799900788634,808.2496712291809,811.7930908203125,3694850,718.9742419433594,784.7588520920399,761.5663079395939,73.5229737041988,23.192544152445976,-99967457.84626581,440099761.0,91.51942860442864,81.60413714874649,36.30105788491368,822.4832520574573,716.8869688898083,18.68522402175359,637.6089972965133
2022-08-18,811.7929923279822,823.3091947163664,807.5605583086699,819.9625854492188,3836669,721.0127770996094,790.1748110700674,765.891958125492,75.36247062109528,24.28285294457544,-97761384.87985042,443936430.0,95.6852459033924,94.97358501891357,36.87258593419183,828.7227665047675,718.9204097647638,18.475467763606655,637.7492954252689
2022-08-19,824.0966208135206,870.013763220803,820.8484765448895,858.1038208007812,24506694,723.9304626464843,800.6254279517157,772.7224664718098,81.74067926587563,27.902961479905912,-85127836.92165244,468443124.0,90.32384266801957,92.50950572528022,38.62565995162156,842.7710044737962,717.4956825379224,20.73087562131934,638.8029433264661
2022-08-22,862.4347296256913,877.8880914086761,824.1950350782499,827.0494995117188,14693558,726.0921630859375,804.6906697301777,776.7466911414326,66.61867014453108,27.94397858874504,-98259098.3574934,453749566.0,59.282599215944956,81.76389592911899,40.399140889572244,847.668993183315,721.0625803030132,23.085317100541257,639.4100221268441
2022-08-23,822.6694089975533,843.7332349061161,793.4359897029472,819.4212646484375,13515300,728.2792065429687,806.9569151022176,779.90777066047,63.510508883427605,27.04914444174767,-97809467.07538578,440234266.0,47.71128928332055,65.77257705576172,39.92270649069432,850.1969495816539,726.2366868929554,25.029026250728947,639.8993122155091
2022-08-24,817.2066186946242,824.9825322616474,804.2631836001734,823.1615600585938,6558722,731.1500500488281,809.4499374031985,783.111755060331,64.38785754526756,26.338182342867526,-92403604.71829183,446792988.0,51.05635238206886,52.683413627111484,39.48030312030767,851.7332675539801,733.1997097409417,24.72119213721074,640.1339526645257
2022-08-25,827.295581181844,829.1164932907559,799.5385966629256,803.1804809570312,6287921,733.4365197753906,808.4854056422498,784.5983273489754,56.563662760753814,23.887078293274385,-97143080.20030119,440505067.0,33.18664877675511,43.98476348071487,38.769761876891174,849.4634375697481,742.0544457310332,25.068099600826425,640.349647597624
2022-08-26,808.1019594565402,831.7249156404098,804.804612519722,824.5396118164062,8513113,736.1687463378906,810.9552835151969,787.5569410132296,61.89425493741031,23.398342501967363,-93174440.79845074,449018180.0,52.288787143961436,45.510596100928495,38.202161582916695,850.0426456411628,749.0591915170403,25.316409249580147,640.6574688581081
2022-08-29,802.2945890406138,831.3311380353362,802.1961840914832,823.260009765625,6652807,739.3064660644532,812.848318322955,790.2016127726663,61.40804529331439,22.646705550288743,-90207629.57892193,442365373.0,51.1443990323892,45.53994498436861,37.494355470996645,849.6598167303682,756.5190651055693,25.5891624420282,640.8953876052507
2022-08-30,830.7405898308613,847.0797764534201,825.5238659147153,828.919677734375,9490984,742.8066479492187,815.3208351554812,793.0696175846447,62.79997458922443,22.251217570836502,-96708287.97058997,451856357.0,56.20601700567183,53.21306772734084,37.40931298638005,848.3566441470244,765.5439906186006,25.462777031011548,641.2620461248509
2022-09-01,828.575159774524,833.2505364269373,818.2893191239583,824.6380004882812,3888408,746.3345874023438,816.7542452066812,795.4080163182473,61.0072663230176,21.34622888843387,-97296661.90162836,447967949.0,49.154130384065716,52.16818214070894,36.82044105146344,849.9464521790982,767.5517594908237,24.712665621866364,641.4052896943481
2022-09-02,828.7720390140697,847.3751408799346,824.8840821602078,838.5657348632812,8840020,749.6337512207032,820.1098590000042,798.6048843586202,64.55207056983298,21.504974641384024,-95381644.97469684,456807969.0,62.45303286172114,55.937726750486256,36.77552108450493,853.3653270539384,769.0198902312178,24.57155667685115,641.7505055757811
2022-09-05,841.5185269673262,851.3122219158214,834.874571208596,837.5321655273438,5434684,753.3188891601562,822.7902138503641,801.4883866674146,64.08646441720003,21.301827182949523,-99058999.34410179,451373285.0,59.305167895289635,56.970777047025514,36.865598624713805,856.2756394578745,770.4109206007194,23.990563393306452,641.9667935813666
2022-09-06,841.2724802458946,845.0619718380432,830.7897701423087,836.9907836914062,3380947,756.8563464355469,824.9749169028321,804.118193854377,63.82677146811811,20.856723048455137,-99502025.67807777,447992338.0,51.573368937844286,57.77718989828504,36.640662561025685,858.6677661975488,772.2610729137795,23.296394700622738,642.0986673562653
2022-09-07,833.6934425124746,864.9446429844593,831.8232679025366,861.1551513671875,8930248,760.6600817871093,830.5411068204253,808.3431536701406,69.72400934321908,22.19795315028466,-92615237.51949167,456922586.0,80.18647291953242,63.688336584222135,37.09905058173526,865.327715948907,771.9645570003119,23.99817901357273,642.4728438593485
2022-09-08,866.7655284867914,874.4430365860097,853.379211937885,871.1456298828125,7943521,764.637236328125,836.7879565223311,812.9951889451534,71.77291931920271,23.792767577177756,-87158731.08877787,464866107.0,92.01623004083717,74.59202396607132,37.79966327014079,872.6295379050598,772.8717011086121,23.78858227318359,642.8261549232511
2022-09-09,874.8367909902965,910.4680949371476,873.0650813072972,892.6032104492188,18369177,769.2331787109375,845.3749186649292,818.892079426936,75.59334626246269,26.482839237993176,-86336975.72121128,483235284.0,84.73505671612222,85.64591989216395,39.2708182087817,882.6457297280289,774.3028054282212,24.898145328980124,643.7324646995098
2022-09-12,900.3298961154453,927.2009957607719,896.6880118238462,923.7559814453125,12571292,774.4570654296875,857.433543708065,826.6597758727416,79.85609887994872,30.773767835323383,-76604362.559921,495806576.0,97.42457731137084,91.39195468944344,40.92712435421169,899.5239293055484,771.770626358514,25.590976756306766,644.4081006297582
2022-09-13,931.1381655706006,938.9140791444622,918.3423979676219,933.8941650390625,9651873,779.9961303710937,869.1967162205261,834.6030639591359,81.0180071626087,34.593652261390275,-71663001.35521108,505458449.0,96.39828037469594,92.85263813406304,42.64900855555225,914.5993663328829,772.4881214600857,25.232455643487736,644.9521509932689
2022-09-14,926.2167450311258,943.7370922736309,924.2481653392424,932.9591064453125,8500355,785.4021240234375,879.006314716647,841.8886967358898,80.55648545295442,37.117617980757245,-72564570.435907,496958094.0,92.52559065705105,95.44948278103931,44.32160951985615,928.9441496601747,770.3190034159971,24.822203592837788,645.4350424337165
2022-09-15,939.9968078716857,957.418750252732,935.4690985867968,953.3339233398438,8703534,791.135458984375,890.441331427908,850.143898706553,82.84912803762765,40.297432721354994,-67100489.203680426,505661628.0,97.36840653140287,95.43075918771665,46.07519720205449,945.8973580850811,767.5198782430439,24.79630646530791,645.9536090451857
2022-09-16,955.0071691261259,961.1097778418015,911.6000134004289,923.460693359375,10712402,796.3348657226562,895.5212332635183,855.5747723845399,69.84528217581584,39.94646087897843,-72680312.88717362,494949226.0,76.30845568719569,88.73415095854989,46.081359803952054,953.9086639822253,769.8583831369153,26.561553463598244,646.5544025516162
2022-09-19,928.0868833760221,957.32024259314,920.6062447944315,944.5244750976562,7922869,801.6505639648437,903.0601935456934,862.1636392521781,73.05654600210266,40.89655429351535,-70280088.96532647,502872095.0,88.38730606732526,87.35472276197463,46.08708221999979,964.9820300149056,767.4270825339224,27.286728058963263,647.0107116908205
2022-09-20,958.8951589701732,972.3306790278057,951.8082602190559,955.0072021484375,7539047,806.9950756835938,911.0520410230387,869.0409402074566,74.51130462585766,42.01110081558204,-75468830.79120186,510411142.0,88.7540093841151,84.48325704621205,46.43589350752187,976.8320718898143,768.3728109226857,27.323833478333704,647.4714476461673
2022-09-21,958.69830707101,960.7652917107727,902.6921909744383,918.2440185546875,13178269,811.3677624511719,912.1584991048308,872.6856126776219,61.89054495745511,39.47288642720889,-81588886.44645049,497232873.0,63.31779666526574,80.15303737223539,44.178169224095605,980.5830846540177,774.5040735491073,29.520209711048036,648.1901215881352
2022-09-22,919.2282592741121,938.5203151352097,913.4701279545721,931.7779541015625,8855564,815.7471997070312,915.1768767966356,877.0628231534694,64.28863483525811,38.114053643166244,-77500345.48017211,506088437.0,71.34911366222092,74.47363990386728,42.08171096091407,985.424177628439,780.524619978983,29.200922387447285,648.6721743617022
2022-09-23,935.0753344693879,935.9119567907683,895.8514089434748,899.4440307617188,6646619,819.4271728515625,912.75643894511,878.72069038371,55.330523060725746,34.03574856139994,-82954829.58835894,499441818.0,48.50488891162173,61.05726641303615,39.39209403681612,983.6214239748541,791.9537286130366,29.97660992029344,649.010261440604
2022-09-26,894.7194051214391,895.605289949101,841.8138297360954,849.8358154296875,9880236,822.2156665039063,903.0763430196603,876.5810700167453,44.97575029135089,26.495273002914928,-89888162.4357968,489561582.0,12.81964231131684,44.22454829505319,37.97982244865292,982.1423086498071,795.9624642994117,31.951866427817006,649.4192571896191
2022-09-27,847.4735573973749,861.2536152412346,820.7008615711904,830.9375,11598728,824.5730407714843,891.978059478174,873.2000648303197,41.76887035568659,18.77799464785437,-95631209.91968845,477962854.0,6.751072183898456,22.691867802279035,37.17558928888476,981.4953985632646,797.3771234093915,32.566215516547516,649.8417516088697
2022-09-28,822.7678775042186,833.6934703818981,810.4149923082542,814.1060791015625,7040943,826.4668139648437,879.9977548048491,868.8227325541154,39.09518713835047,11.175022250733718,-100439298.03651969,470921911.0,2.279635079275226,7.283449858163536,36.6606388876662,982.9036819549023,794.4874801544728,31.902805699197256,650.0724982803093
2022-09-29,825.8191442548381,834.1856075756558,800.2768118660262,803.57421875,7476709,827.9757312011719,868.2402877194877,863.9895093093661,37.47856269048044,4.2507784101215975,-106461885.69660623,463445202.0,1.9164968148454053,3.649068026006391,36.407096492148646,985.1061492559609,790.1786346795859,32.046090699942425,650.3071340481304
2022-09-30,809.57835838379,817.4034742885917,788.4161277391073,807.7574462890625,10406215,829.3862194824219,858.9352351917299,859.8241713078621,38.56521662431137,-0.8889361161321858,-102981357.46740219,473851417.0,10.51646996631295,4.904200620144556,36.42748841119218,987.5135633317603,784.6903917463648,31.827608974909708,650.616237760389
2022-10-03,808.1019490165046,821.2914567459475,761.0037047639001,772.0769653320312,12903551,830.1903845214844,845.5724244440839,853.3243782726154,33.255939232918664,-7.751953828531441,-111144828.50821853,460947866.0,5.23987087152575,5.8909458842280635,36.97820141952229,994.0497248768881,771.6087101817056,33.86047633256239,650.9488788721069
2022-10-04,791.3689816817406,813.3186317205924,777.6873297340939,810.1196899414062,10445528,831.544765625,840.1181575975181,850.1240309888221,42.3664116633287,-10.005873391304021,-102574878.1077977,471393394.0,23.241701798167025,12.999347545335269,37.489577784400254,995.5026939158039,767.4686317677898,34.38770419370516,651.2481629584826
2022-10-06,819.814996522846,821.8819810674731,809.3814886216097,811.1531982421875,6175752,832.9198168945312,835.6620100043904,847.2373026372196,42.59565676448464,-11.575292632829246,-107000036.79636008,477569146.0,23.730758296695512,17.40411032212946,37.54370273035848,996.8055405621151,761.1655898089787,32.82433192600218,651.4408259522794
2022-10-07,808.1019092818414,813.0233581812436,793.6820399760807,804.0663452148438,6086925,834.2377807617188,830.8011384983063,844.0394539392659,41.380195610475724,-13.238315440959582,-106550852.26184186,471482221.0,20.377256902929435,22.449905665930686,37.92327119779724,997.8888513731888,753.3743505311081,31.861259517370804,651.6179898865707
2022-10-10,794.8140521725601,801.1627337067185,786.4475884654805,795.4046020507812,4642360,835.3992443847657,825.3555175063793,840.4368723178967,39.88226352761942,-15.081354811517372,-105541663.3432043,466839861.0,16.278516931738775,20.128844043787936,38.42154626632702,997.5866016347068,743.9567394297464,30.84393789108455,651.7446223973207
2022-10-11,801.2118740193307,807.7081624808674,782.7564408032835,784.8234252929688,6193388,836.1217114257812,819.1198110120084,836.3173577234576,38.06930494879593,-17.19754671144915,-110708938.82880385,460646473.0,11.924074539617852,16.193282791428715,38.536071395418375,993.4589770562153,734.1911083930034,30.423065304405934,651.9101685694316
2022-10-12,788.4161044887829,793.8296982149856,773.9962353512041,791.2705688476562,5628537,836.8973315429688,814.8353122174927,832.9805585474722,39.86307735087059,-18.1452463299795,-106532912.10708748,466275010.0,17.05015886707573,15.084250112810814,38.84051487474172,985.8156503248877,727.5720755051905,29.666665130075618,652.0544844019296
2022-10-13,794.321896575218,798.99727328988,764.793201535247,772.4214477539062,7491563,837.3117175292969,808.3101023000179,828.4946984886896,36.531588331356325,-20.184596188671662,-110682914.6322673,458783447.0,6.527846947010936,11.8340267845682,39.32634269244918,977.7863166524196,719.547643308518,29.99076560325829,652.235206225043
2022-10-14,791.3689707927873,793.9281001504114,766.0235093525955,767.8444213867188,4562526,836.895361328125,802.0846129287411,824.002085370025,35.7502772724779,-21.917472441283962,-114649986.03057857,454220921.0,5.0821961817212875,9.553400665269345,39.77746852317754,963.663028090633,715.1219816749921,29.84175311715526,652.3425821962202
2022-10-17,769.8130694076945,777.5397807935625,759.527288512797,773.8486938476562,4602870,836.5784216308593,797.740625377805,820.2870193313311,37.634623175206166,-22.546393953526035,-111933539.4200665,458823791.0,14.078366727121502,8.562803285284604,40.34821657097558,953.0111683427353,710.8126414717178,28.996805914555996,652.4457956771039
2022-10-18,779.0162234860383,802.1962377265609,778.081136101652,797.2255859375,7372253,836.63255859375,797.6613885408351,818.5787650058621,44.463915335012715,-20.91737646502702,-107600452.7593871,466196044.0,50.49443638419291,23.218333097678595,39.42350520519931,934.7847576373865,714.309163261051,28.95043005486661,652.6417949040903
2022-10-19,801.2119329740646,810.5134840146346,788.5638325098404,792.4025268554688,5222275,836.5892492675781,796.8523328969326,816.6397844021293,43.40777848717096,-19.787451505196714,-110996118.5752333,460973769.0,44.034260019961536,36.202354377092014,38.13094990799726,909.6403670018049,723.1930863673358,28.450374444147155,652.7849170190227
2022-10-20,788.4161010900884,809.3322585784334,782.5595649780959,807.1668090820312,4481441,836.7821691894532,798.4391753869477,815.9380825265665,47.51740393262283,-17.498907139618836,-107239620.257615,465455210.0,76.40085872841281,56.976518377522446,37.13157691751309,891.5512691605876,730.1744632612873,28.330540098160753,652.9096550778
2022-10-21,811.251692973583,811.251692973583,786.8413171123941,789.0559692382812,5266210,836.7821691894532,796.9956052102298,813.9468148755824,43.35804738826625,-16.95120966535262,-111550267.48888178,460189000.0,47.35598800297481,55.93036891711642,36.09580171213415,862.7008220778607,744.7527118576861,28.050528366948477,653.0520089265989
2022-10-24,795.3062447868172,797.274824600646,789.4005053453309,792.8455200195312,665021,837.076474609375,796.357130565507,812.3837559973564,44.45367408802733,-16.026625431849425,-111633395.11388178,460854021.0,53.433398741432235,59.06341515760665,35.13401044999656,837.838293490557,758.9553893707711,26.633980295192494,653.0696452619957
2022-10-25,794.0265823388771,799.9815235286015,784.5773643480153,787.7763061523438,4485050,837.2260852050781,795.0370037327127,810.5609819347628,43.24854529840883,-15.523978202050102,-114255647.70036437,456368971.0,45.30375579155717,48.69771417865477,34.42999075050696,827.0819118076556,763.505820125938,25.831850215577763,653.1864413277118
2022-10-27,792.3533127318778,811.0548194920092,782.510414437072,808.3480224609375,7110289,837.8737487792969,797.0848527678243,810.3970590107758,49.26013960054936,-13.31220624295156,-108493861.7865713,463479260.0,91.26041268212326,63.33252240503759,33.078348749205496,822.1887651312121,766.1400190484754,26.025604132674864,653.3844351862524
2022-10-28,811.0548483812439,821.6851669030225,804.4600942735665,807.4129638671875,6898541,837.797958984375,798.673792936957,810.1760149260656,49.006033436205264,-11.502221989108534,-113027188.72942844,456580719.0,77.03878670659498,71.20098506009184,31.207635299606263,821.0416502832217,766.6178223730284,25.396994739587804,653.589749470654
2022-10-31,811.0548198801412,817.9448486898026,806.6255156453589,810.6118774414062,4487537,837.7743347167968,800.510421322257,810.208301038313,49.9570988871904,-9.697879716056036,-114353948.32586399,461068256.0,82.185219720502,83.4948063697401,29.470544239264118,822.0622584095332,766.3009801158574,24.391447475648942,653.7234787024927
2022-11-01,814.6966722509238,831.6264686760551,810.6118455866334,828.5751342773438,7769108,837.9465856933593,804.8280694691935,811.5688072041672,55.029216555162414,-6.740737734973777,-108840997.51572447,468837364.0,95.76786533244618,84.99729058651441,27.638603052277947,826.410938009268,764.0340693149508,24.150245733775563,653.9718283820754
2022-11-02,836.646315268031,836.646315268031,815.9762298319973,820.30712890625,11859603,837.1906518554688,807.2094632287407,812.2160902932104,52.39681531553398,-5.00662706446974,-115730834.54038265,456977761.0,78.81302831577543,85.58870445624125,26.19917826277994,828.749304641195,766.5187190404457,23.90166285536543,654.3511096433102
2022-11-03,812.0391199606377,824.6380179278004,810.5626851970728,820.7500610351562,6632872,837.0646630859375,809.2926321220355,812.8482362740954,52.5278296939927,-3.5556041520599138,-112762290.89464295,463610633.0,79.38737701744157,84.65609022188775,24.537328530386166,830.4567569547738,765.8743038362419,23.199782132177013,654.555460259532
2022-11-04,823.8505592189538,853.3792530977693,818.9291102391512,849.3436889648438,11128361,837.6631115722656,815.4543331747752,815.5516031400767,60.15220120166484,-0.097269965301507,-104241130.37530003,474738994.0,95.7000749523237,84.63349342851359,24.346053831478372,839.0396934719371,761.1104163913441,24.003379326922804,654.942777393877
2022-11-07,853.5761710678654,855.3478807849593,832.2662717565754,839.5992431640625,7995787,837.991865234375,819.1689347115887,817.3329098085202,56.803964328789895,1.8360249030685054,-107156432.96199462,466743207.0,79.61783211464952,84.90176136147163,24.247579127400176,844.4529134229734,759.2504862352297,23.937538591312883,655.2228419424347
2022-11-09,845.9970995624694,886.8451270573414,845.5049546528926,876.8053588867188,20088415,839.4643627929687,828.0360768923779,821.7382764069052,64.84924469535969,6.297800485472635,-96825259.78199026,486831622.0,90.37734621730083,88.56508442809138,25.236448252506797,859.4371537190667,752.4063216227302,25.60242039859617,656.024928959525
2022-11-10,879.9551047134278,883.8922640186333,862.5331627726368,879.4137573242188,9906420,840.561845703125,835.9403354203533,826.0105342526322,65.33667418834476,9.929801167721166,-91073131.46090615,496738042.0,92.87737556706611,87.62418463300553,26.154683868677235,872.0158538325999,749.286654712322,25.29932617341048,656.4285028566859
2022-11-11,890.7823089889604,893.5383085374262,876.8053811862524,880.447265625,8777095,841.7055908203125,842.7875554518375,830.0428847246594,65.5405707691238,12.744670727178118,-96029596.03240348,505515137.0,88.2092306455946,90.48798414332055,27.29559656645611,882.8246643025876,747.3955139200685,24.687440543250723,656.7983722687086
2022-11-14,880.9393839503143,893.2430066311846,871.096485805618,880.9885864257812,7653024,842.7469689941406,848.6646371401365,833.816640406224,65.65452610270229,14.84799673391251,-96845926.89646597,513168161.0,88.69678452128278,89.92779691131453,27.950039092997095,891.0432453059109,750.0336467839329,24.505946277701856,657.1173099919727
2022-11-15,884.7781472247469,901.1173342800322,880.9393928788954,892.6524658203125,10675723,844.1072583007813,855.4319953986251,838.1748496961565,68.10223527645505,17.25714570246862,-95127370.4488788,523843884.0,92.86309055919546,89.9230352420243,28.811633875032104,899.5793328939461,753.978363639257,24.19680307223292,657.5800397733285
2022-11-16,900.6251833943651,901.6094732122824,860.6630408174342,873.4095458984375,11504802,844.8041345214843,858.1977723985962,840.7848271926217,60.44826489346064,17.412945205974438,-99469349.77681677,512339082.0,76.32229204508666,85.96072237518833,28.26862724940801,902.9983891151008,760.5153926231804,25.39320516670544,658.0490540757361
2022-11-17,872.0807716745893,883.5969744670385,866.6671777194988,876.8545532226562,5190475,845.5905822753906,861.0680463715285,843.456658750402,61.287115840288074,17.611387621126482,-98413167.63695058,517529557.0,74.51870484396804,81.23469581608342,27.76440681132849,907.712091212256,763.7645872545407,24.78867599390789,658.257271535076
2022-11-18,878.035718574651,880.8409805967462,865.7812983470249,874.9352416992188,5384458,846.3494714355469,863.2014610373269,845.7884056354995,60.5170339725132,17.413055401827364,-97251800.47318538,512145099.0,71.91711927325242,74.25270538743574,27.237686154714634,910.8845876851137,768.8453622660581,24.093747869323142,658.4710123294326
2022-11-21,871.0964900302472,874.0493594879769,855.3478529223557,857.906982421875,6108453,846.2845080566407,862.3869258657189,846.6860779900459,54.030453727354555,15.700847875673048,-101688482.03446463,506036646.0,51.99996425672172,66.1452627913141,26.069623315062795,912.1824145203225,772.6215527648337,23.77186507700456,658.70015303636
2022-11-22,857.906907168631,871.834630919734,856.8242124929477,868.5864868164062,5466001,846.2333251953125,863.340704473517,848.3083304957022,57.13372295552688,15.032373977814814,-98588085.83136363,511502647.0,63.72965250530355,62.548912011759256,24.98499353538609,912.5149116911563,780.2421073518125,23.146047459131825,658.9080858718265
2022-11-23,871.5394814104153,873.5572636379273,853.0348437846664,859.8756103515625,5319949,845.5787731933593,862.8076130701394,849.1651660405807,53.93542596007574,13.642447029558639,-100361422.9291605,506182698.0,54.162179940111486,56.63059890071228,23.722903316555698,911.3122477992091,788.1477802769629,22.95864548728391,659.1065540105466
2022-11-24,860.1709494143855,868.6358183445086,854.6588900454076,862.8777465820312,5111180,844.3612084960937,862.8184028411997,850.1809127473549,54.87302195088236,12.637490093844804,-99461546.09980522,511293878.0,53.15486623729762,57.01556622757092,22.550962399070333,908.2837123335431,798.6864597855975,22.317094259556562,659.2967767391146
2022-11-25,863.2222423606478,867.1594019609245,858.3991978197938,865.7813720703125,5079099,842.9989526367187,863.2742442610632,851.3365023268332,55.80986934971265,11.937741934230075,-95980389.36841404,516372977.0,48.33220793122002,51.8830847028764,21.462731547119635,907.2750446829203,805.4384623971579,21.348744965383283,659.4870554539694
2022-11-28,862.2379284670172,871.3426097893002,859.7772037853191,864.7970581054688,4168244,841.6357116699219,863.5085233140487,852.3335805326581,55.3900695337094,11.174942781390655,-96530260.15373655,512204733.0,34.386006596161,45.29102692155957,20.733551150773735,904.9959469882324,813.4559695156738,20.649935039568845,659.6441105490368
2022-11-29,864.2064503358914,877.7896376539327,860.909103513756,864.4033203125,3663099,839.857099609375,863.6461843907335,853.2276353311648,55.211167076786325,10.418549059568704,-98676859.50331394,508541634.0,23.404144636398087,35.37411972125973,20.474072798572898,901.8986758524117,821.9323849386041,20.380692118183692,659.7835396116942
2022-11-30,865.0923781267004,870.2598998686562,859.5803188895098,867.1593627929688,3797377,838.7310729980469,864.1866733756929,854.2596151431503,56.27572787905716,9.92705823254255,-97084420.73110647,512339011.0,29.077975837880935,28.95604235681337,20.11257889478853,900.816996914883,826.8724867276951,19.687755608252456,659.9264703951577
2022-12-01,870.8503963395765,882.4158014336597,868.1435994026634,876.5592651367188,4491806,837.3717687988282,866.0901490312353,855.9114410685999,59.786441084940144,10.178707962635485,-96279001.01132938,516830817.0,48.429440696212694,33.637187056830605,20.52812176091489,898.0982724640338,835.2164248015912,19.37123296771235,660.1035207435291
2022-12-02,879.9550232338339,889.4041806608673,870.3581983160152,874.2461547851562,6279538,835.7565478515625,867.3449191472232,857.269568010567,58.54081070802205,10.075351136656195,-99994788.82525237,510551279.0,43.66746849216448,40.391628342086065,21.292138580289723,892.7828581230336,845.8814485175914,19.348000780365187,660.3531817962394
2022-12-05,877.5927719693148,882.4158160765428,864.747801943524,879.1184692382812,3966501,834.9740368652343,869.1562345458475,858.8880051385459,60.411818853651674,10.268229407301646,-97508808.43530427,514517780.0,53.698043116280815,48.59831743488602,21.45607060809064,892.7370241717963,848.9047604961725,19.22800173412616,660.5087242228572
2022-12-06,879.7582460797396,888.1247097112091,872.0807973508244,882.3666381835938,4836193,833.985810546875,871.1886043362699,860.6271631418828,61.65421609157899,10.561441194387157,-96143981.34529418,519353973.0,80.64979160541503,59.33843440462014,21.935519988576058,890.0977832589601,855.8207409109618,19.000566778858918,660.7028504784398
2022-12-07,883.6953598714174,888.3215338914267,870.8995926242279,872.8189697265625,2867882,833.4533093261718,871.4394297809304,861.5302599259331,56.08277169541756,9.90916985499723,-98379953.62196602,516486091.0,54.39781871536495,62.915217812353625,22.260036638708034,889.8073893364672,855.7124959174391,18.88780781374034,660.8159735147316
2022-12-08,874.0493921981364,884.3844356869657,873.409579761171,878.8724365234375,2822061,834.0340417480469,872.5829692797776,862.8148655998223,58.635055610178284,9.768103679955288,-98392590.03878869,519308152.0,71.04224315862781,68.69661782646929,22.561373528116295,889.7396509828254,855.7261021910026,18.36478339564483,660.9279658514978
2022-12-09,881.9728886254702,897.6723234019786,868.3404985341443,876.7561645507812,6979639,834.9504150390625,873.2249993214705,863.8475544110045,57.37959373706167,9.37744491046601,-101367138.25392538,512328513.0,53.14215983851114,59.52740723750133,23.611852120343606,889.2943402434481,855.802302822958,19.14814350080122,661.2070369648983
2022-12-12,878.0357669870558,880.7917666092702,864.747853734961,867.4546508789062,3412185,836.0173864746093,872.3372534072298,864.1147467419602,52.09944545027235,8.222506665269634,-103627971.62480974,508916328.0,32.30425915142241,52.16288738285382,24.185511042203192,888.2892661938222,855.4539833178965,18.926412741766075,661.3370597131725
2022-12-13,871.0473226314796,883.8922932746118,867.4546406160518,880.7425537109375,3821073,837.5607531738282,873.6303765308771,865.3464361470697,58.03981595518982,8.283940383807476,-101271266.44590738,512737401.0,60.64073855556385,48.695719181832494,24.89732914017829,885.3292603088541,857.2229979919271,18.74864416439421,661.4868867050935
2022-12-14,883.1048746781901,894.2273380843452,877.6420779687711,886.4022216796875,4930906,839.1336486816406,875.5952757845403,866.9061239643006,60.29822256093719,8.689151820239658,-100993276.72958902,517668307.0,71.30327277184306,54.74942349294313,26.105668077506685,887.4387201286615,856.4128057502446,18.594116732335632,661.687728236326
2022-12-15,886.1069001453258,892.7016538778538,866.5195089247079,870.06298828125,3679459,841.093369140625,874.744154630188,867.1399657655561,51.65454261378376,7.604188864631851,-103676783.1800118,513988848.0,27.519343037746523,53.15445145505117,26.02383665731272,886.9493216886141,856.2230476961516,19.136118748107794,661.8309199383202
2022-12-16,869.0787735829073,876.9530927318299,840.9773091354473,846.9322509765625,7791763,841.8296203613281,870.4654002219379,865.6430980034085,42.390418676692995,4.822302218529444,-108889061.26730964,506197085.0,10.50346651844938,36.44202744267968,24.409627183139293,888.8275038869224,851.5445664255776,20.338951951555995,662.1032388887157
2022-12-19,846.9322256005069,881.9237182548477,846.0955431702303,878.8231811523438,5205837,843.1830200195312,871.7512126727695,866.6194004588851,54.50529716307378,5.131812213884359,-104584240.89625973,511402922.0,66.75343944527053,34.92541633382218,22.757148154754116,889.3397028822574,853.1239873032896,21.445325032488956,662.2979238952028
2022-12-20,880.0535070974508,881.2346669008225,857.6117111385239,870.3582763671875,4023275,844.5088586425782,871.5369147796031,866.8963542298706,51.41464077825981,4.640560549732527,-104265727.53273942,507379647.0,51.82284123541467,43.02658239971155,21.222703342682173,889.3929596214404,853.2479095191846,21.600870084618215,662.4487055723267
2022-12-21,873.065091378732,878.9708304410458,838.1720044036373,844.1762084960938,4660583,845.4842907714843,867.3275753513708,865.213380471813,43.24640013051746,2.114194879557772,-107554550.88964698,502719064.0,10.091045213764051,42.88910863148311,20.85193545704842,891.6379868644835,849.4329420905947,22.972152652674662,662.6096691359862
2022-12-22,851.1153754304895,860.5645331841642,832.2662023200635,843.4379272460938,5517570,846.6565808105469,863.6522448736359,863.6003839365745,43.03876344803648,0.05186093706140582,-108715625.4768158,497201494.0,17.080549559021723,26.331478669400173,20.825228423776515,893.5773145500641,845.5496324714202,23.35259395349081,662.7915723100207
2022-12-23,839.5992053823463,840.5342927142655,777.7858175171674,781.62451171875,9112806,846.4636596679687,851.0325936190382,857.5280971056245,30.03587173027404,-6.495503486586358,-116713463.33002122,488088688.0,3.201940179381719,10.124511650722527,22.758398365556523,910.6284935787812,820.082767407547,26.37398793745049,663.0166571205202
2022-12-26,785.4633193508897,799.2433775851158,772.9628259374416,793.3868408203125,7205540,846.8829675292968,842.164016265388,852.7768929363422,34.114952392819845,-10.612876670954165,-112719386.35302024,495294228.0,16.377273020989254,12.219920919797593,24.671914654654802,916.8712056889491,806.6990335688635,26.367313916752185,663.1792751172053
2022-12-27,797.3731477718508,808.2988006636962,785.5616701004172,804.3124389648438,4872234,847.6123278808594,836.3406966806889,849.1869333828978,37.74567424813893,-12.846236702208898,-109555590.1835013,500166462.0,25.138111903880358,14.905775034750471,25.80307393999536,919.2588241041341,798.3023270189127,26.108015105789807,663.2985010958662
2022-12-28,802.934451960996,804.1648142839518,796.0936254301042,797.6192626953125,3624974,848.0877392578125,830.383552990631,845.3671059245582,36.4215278638338,-14.983552933927285,-111810160.01629496,496541488.0,19.771097838704964,20.42882758785822,26.85343613352588,921.2077488367436,789.3993922765376,24.83021499357193,663.3870066415991
2022-12-29,794.3218578102399,809.5783495030016,786.9888868845917,806.6746826171875,5308353,848.2767211914063,826.7360344716396,842.5010004943827,39.51317970839981,-15.76496602274301,-107866486.56486909,501849841.0,27.800265785019036,24.236491842534814,28.108568327904113,920.1987777791642,783.419905082164,24.670161252488928,663.5181075150628
2022-12-30,809.5291944268954,813.7616287419565,802.7867729479437,805.2474975585938,3252956,848.5336206054687,823.4301057157863,839.7414817583983,39.189728241120335,-16.311376042611982,-109660721.09521143,498596885.0,26.623346805734467,24.73157014315285,28.9485583034314,918.8038959287269,777.9149212099451,23.691925148312063,663.6019291585033
2023-01-02,810.0704845841136,813.761571239266,803.4757310783186,809.3814697265625,2042294,848.5779138183593,821.2687771020595,837.4925919782623,40.7038662603072,-16.223814876202823,-109357799.84431341,500639179.0,30.032400365411288,28.152004318721627,29.728548994992455,915.7839489972488,773.9611681902512,22.734347649214584,663.655093056873
2023-01-03,809.3323175995869,813.4171444492409,804.9522158144083,807.5606079101562,2166531,848.9480065917969,819.1598279956129,835.2754079732174,40.22872914447223,-16.11557997760451,-110189136.51973547,498472648.0,28.894371665248105,28.516706278797983,30.452826065727717,911.6286470529681,770.6358671071882,21.715103433901586,663.7113594051318
2023-01-04,807.9050986618263,809.0862584997107,793.8297657907744,797.2747802734375,3260112,849.036591796875,815.7928975768166,832.4605466621226,37.56142642368195,-16.66764908530604,-111976939.87457417,495212536.0,22.312550694954385,27.079774241871288,31.53271225042946,908.7452279987704,765.9648672160733,21.25377409640406,663.7909372809818
2023-01-05,801.261080707694,808.6924565065258,784.4789520302085,806.723876953125,3119740,849.4155432128906,814.3976636347102,830.5541266836783,41.404975814202,-16.156463048968135,-109364475.17476323,498332276.0,30.984558126907146,27.397160162369904,32.842892066181534,903.6576955584769,763.8375436993356,21.465183409255012,663.8669468300798
2023-01-06,807.0192212572856,811.4485253035357,790.8768447026616,793.4359741210938,2892006,849.1173022460938,811.1727883249231,827.8046339012647,37.874172834177934,-16.63184557634156,-111536946.60911693,495440270.0,18.909023806639123,24.068710876166914,33.797364985651875,898.6689095234219,760.4943106914218,21.401361780084944,663.9366194595783
2023-01-09,797.7177035478538,807.3637318521967,796.3888762335674,803.8203125,2040072,849.04544921875,810.0416381980118,826.0280175011709,42.03423295804713,-15.986379303159083,-110814218.70108002,497480342.0,29.10863826467865,26.334073399408336,34.68366126801719,894.0638946797771,758.7358916971759,20.86753291944337,663.9871602616782
2023-01-10,804.1647111505954,807.7573927033827,768.8286857366005,783.8883666992188,4545808,848.5109790039063,806.0180579674281,822.9065618862114,36.923472658570745,-16.88850391878327,-111842909.20443504,492934534.0,16.416353455748435,21.478005175688764,36.35645882338542,886.7908468406316,756.3235208351497,22.157616779967576,664.0868985297366
2023-01-11,787.4318388399082,790.4831131849003,776.6538535305307,783.9376220703125,3618663,847.6182287597657,802.6210678294103,820.0199737517004,36.94387585635319,-17.398905922290055,-111649726.25255945,496553197.0,21.07078786519186,22.198593195206342,37.90977083908449,876.3715159199562,756.4963917948876,21.562734128139148,664.1641549779308
2023-01-12,784.1837015236215,786.8904984938085,773.7501935200404,780.4926147460938,2670641,846.8219384765625,799.216690431977,817.0920212327666,36.06517757585415,-17.875330800789584,-111579702.31342529,493882556.0,25.958524479696102,21.14855526687883,39.430876511018184,868.4835178708147,755.4273524905134,20.961132045684078,664.2195287537377
2023-01-13,783.1009207796986,787.67789226291,773.6517629723802,782.1658935546875,4059998,846.0502551269532,796.5934909123939,814.5049006640199,36.85082527746831,-17.911409751626024,-110710706.37362953,497942554.0,29.68247109141547,25.57059447876784,40.75661573483279,864.2714614376456,753.162773181495,20.4657747060302,664.3041787713038
2023-01-16,784.4789368025364,784.9710816813334,772.0769098873617,774.6852416992188,3601251,844.5570861816407,793.2229910334438,811.5552962962569,34.79242023460016,-18.332305262813065,-112854980.11353539,494341303.0,13.033991479080592,22.891662350064085,42.036147887461404,850.696020331949,756.3244203418791,19.924945926597452,664.3766458014846
2023-01-17,775.9648671281892,779.0162016614231,765.8758963228657,772.4214477539062,2948618,843.2135302734375,790.0227536058226,808.6564927005272,34.17038410079559,-18.63373909470465,-112866020.90018721,491392685.0,13.669105807455429,18.79518945931719,43.41360108550559,836.4307470632411,760.7960107492588,19.44032874173745,664.4333870128771
2023-01-18,771.6831964200572,783.3470064170673,764.3994279335391,774.1439208984375,5585785,841.1603015136719,787.5798562662249,806.1000059003725,35.12084964086034,-18.52014963414763,-112706412.87455562,496978470.0,19.74079924580014,15.481298844112082,44.16245771632481,828.0611910502442,762.1623380024902,19.405132294722502,664.5422289025852
2023-01-19,771.6340067731776,771.6340067731776,759.625659103802,763.8580932617188,5086667,838.8491882324219,783.9303542655316,802.9709753345463,32.13690620530669,-19.04062106901472,-114207410.3464069,491891803.0,7.818163564559362,13.742689539271673,45.02837803699136,818.5300354886549,763.7355101656419,19.056070116144856,664.6330887906157
2023-01-20,763.8089013679929,774.2423494437951,760.3146845174552,762.2832641601562,3328697,836.485908203125,780.6000327108585,799.95707080311,31.692922800065332,-19.357038092251514,-116595130.49413826,488563106.0,4.9405682689138795,10.833177026424488,45.50230141029815,820.0863820154891,760.2450388829484,18.68975545973021,664.6927978083444
2023-01-23,766.1219619791382,766.1219619791382,750.4225873166421,756.9680786132812,4283589,834.005498046875,776.9643474650774,796.7727010112708,30.17756048349034,-19.808353546193416,-117306832.69983694,484279517.0,10.725752872565318,7.828161568679548,46.31446400783648,821.5159155253638,755.1736291523706,18.476156831356345,664.7636192287291
2023-01-24,757.066571497415,761.8403532982918,746.0917155040119,749.241455078125,3011438,831.1372778320313,772.6992870978539,793.2518679791858,28.075984077723717,-20.55258088133189,-119113690.9047472,481268079.0,4.819298224277907,6.828539788585729,47.21757577253711,821.989261777124,749.1931845119384,18.281334042993745,664.8104337968767
2023-01-25,741.1702132357661,745.0089674543523,694.9085930205191,701.9462890625,17085455,827.7080126953125,761.8142104770303,786.488491763135,19.242469265762466,-24.6742812861047,-131399092.39665437,464182624.0,6.038870886667317,7.194640661170209,49.17302515318282,831.8334922879791,729.7816566378023,20.856443186894612,664.9589420837193
2023-01-27,688.0185341563239,688.8551564119825,528.5635949097939,587.57177734375,64194046,821.9223571777344,735.0076823026795,771.7539203246621,10.576274443567243,-36.74623802198255,-148329590.12196806,399988578.0,21.135205330593173,10.664458147179495,52.02580698135756,867.1035302711382,672.6013281272992,31.75117539873829,664.2483571899338
2023-01-30,610.2596989668393,646.2846829721102,558.0431351269497,587.6210327148438,58256575,816.1760729980468,712.3328131353202,758.1144471683792,10.594948502710324,-45.78163403305905,-167531840.91190216,458245153.0,21.152847331054144,16.108974516104908,54.6748186789484,882.9681142991395,634.9740976149229,35.78620200205417,663.5733229171931
2023-01-31,590.5738569694246,617.0512755873989,578.8607847756858,603.025146484375,33272489,811.0784362792969,695.5162490351748,746.6263508214159,16.4698051074768,-51.1101017862411,-158699164.87967944,491517642.0,28.42917246677685,23.572408376141414,57.134615255282746,887.5957824185489,609.7107971712949,35.957936917029805,663.2072009507627
2023-02-01,617.1497112956334,619.1182909169911,452.28116800692754,487.37109375,46557720,803.4541284179687,663.4939174528402,727.4222577050148,10.75540364191265,-63.92834025217462,-185672431.38311037,444959922.0,10.462214805738837,20.014744867856642,59.69243219410994,909.3907115849773,555.8969165888508,45.3064502022465,662.0654187544745
2023-02-02,501.98778082671254,525.6107352185578,417.38806339566065,455.184814453125,115517458,795.3603125,631.4463631451916,707.2565211678377,9.742332722104678,-75.81015802264608,-220500981.42559457,329442464.0,10.207342495225454,16.366243255913744,62.11522550658807,926.798581309999,504.28005028179786,49.80046603229298,658.2738816274017
2023-02-03,451.7890156541073,499.0349257878702,388.89290379616364,491.0129699707031,89662866,787.9230169677735,609.8412257337319,691.2384803384203,18.899762932444602,-81.39725460468844,-143898917.04310492,419105330.0,25.78280548547311,15.484120928812496,64.40001023408531,927.9055503059675,471.60199058758724,54.1105771722511,655.3356856409068
2023-02-06,490.17635416749425,540.0798624805265,469.2109919984791,536.8809204101562,38363919,781.3450079345703,598.6165633762587,679.8045870104008,28.852021384417853,-81.18802363414216,-108998407.3972716,457469249.0,37.5171700917049,24.50243935746785,65.04559737077652,921.3300955752164,452.5219399472445,55.307598122950836,654.4555076246231
2023-02-07,541.3593631555776,589.0482136160838,534.4693348972339,544.4598999023438,46650736,774.9382647705078,590.2847689956563,669.7790546320263,30.37245233604473,-79.49428563636991,-138570477.74915335,504119985.0,39.438554466168206,34.246176681115436,64.15446025496598,909.7525203473426,438.16347391535265,55.25554673694363,653.7081771437339
2023-02-08,555.1394186580882,595.4952983832329,554.1551289086945,589.8356323242188,31111885,769.4469110107422,590.2156710462044,663.8573196462628,38.80429814071216,-73.64164860005837,-115977323.16581997,535231870.0,52.145586505345534,43.03377035440624,63.1441768492328,897.1091122890859,431.4016085361093,54.954107575796876,653.3360953148978
2023-02-09,578.024162841968,579.7466699257883,537.6190801196117,573.1519165039062,22494005,763.5667620849609,587.590478039697,657.138400894977,37.028742293913425,-69.54792285528004,-100525848.58961518,512737865.0,47.816083502616856,46.466741491376894,62.36416955217629,883.0014047424961,424.4307455260587,54.75856790642617,653.0101843965356
2023-02-10,564.5886261586645,590.4754969183936,551.2023084134236,574.7760620117188,12527188,757.5310980224609,585.619029420008,651.0374869036245,37.32937440664344,-65.41845748361652,-98014133.23425616,525265053.0,49.27593836776824,49.74586945857691,61.31355696035337,867.4401051110774,419.4203898840399,53.65246937775073,652.8471367600243
2023-02-13,578.6640053745011,586.7351337839985,528.9573697938388,545.0012817382812,19528545,750.9462005615235,579.3701451612808,643.1829531876732,34.113983698217524,-63.81280802639242,-106697182.15599175,505736508.0,41.85800925854751,46.316677042977574,60.57280274948782,849.9892372437782,413.1547965696985,53.94713327863708,652.5360275615368
2023-02-14,542.3436456577983,572.1184102333852,529.8431539694864,556.2221069335938,17976429,744.4882733154296,575.8089085108675,636.7414090207043,36.33941692308182,-60.932500509836814,-102239714.02744564,523712937.0,46.98726629137346,46.04040463922977,59.8849595536841,831.0486308235942,410.24908951332,53.113427777584356,652.2489570887102
2023-02-15,558.8797451526607,569.7561355972588,553.0724712877386,560.110107421875,9259895,738.0431427001953,573.3937083433302,631.0650163096799,37.13180603633387,-57.67130796634967,-103687443.73314367,532972832.0,57.07958322509344,48.64161959167149,59.2462480147235,809.8915101151422,410.1750761885687,50.51130181557977,652.1139342065036
2023-02-16,570.8880794810531,581.518397221651,564.2933258579985,568.132080078125,9909820,731.9494049072266,572.5842270717602,626.4033173295646,38.82376635638035,-53.81909025780442,-109180287.74011911,542882652.0,69.63671367275408,57.901187729740364,58.22378818180125,785.4302530755789,414.0351491461007,48.43251524302236,651.986213095874
2023-02-17,569.9038035770302,576.7938322903967,560.1593103661845,569.559326171875,8880620,725.7631427001953,572.1188577025471,622.1926513178839,39.1376080041466,-50.073793615336854,-108024193.88147488,551763272.0,78.47371857426548,68.3966718240377,57.3327713746058,760.0198755022666,420.0156500104288,46.16123000596449,651.8685952417054
2023-02-20,558.3876163788826,572.5122116833451,551.2023125343171,570.5928344726562,9507162,719.6398760986328,571.8840848979485,618.3704426626819,39.38012527005431,-46.486357764733384,-100229647.22080737,561270434.0,78.92263010122876,75.67768744941614,56.63516825819973,731.0109657292192,429.8555168147261,44.386134944754744,651.7368958895786
2023-02-21,575.8095514784751,584.4712899811851,570.1006824705264,574.037841796875,7702230,713.7715399169922,572.2154321131679,615.0865463022518,40.23499797147167,-42.87111418908387,-103711470.16345926,568972664.0,89.61412977364354,82.33682614971262,55.50316300671655,698.2287904478624,444.3446684144424,42.24216869946217,651.644480919052
2023-02-22,574.3331178155951,574.3823202920106,531.516510060705,538.5049438476562,10994235,706.9267877197266,567.0292031492431,609.4138350093189,34.786006256491035,-42.38463186007573,-111120914.25802243,557978429.0,72.41544336914305,80.31740108133847,55.03420132556003,658.4818858443376,463.0179218949203,42.28671452316528,651.4640235672235
2023-02-23,531.0243429471404,549.3813716040926,525.266271692684,543.1802978515625,10711597,700.062349243164,563.3601407957538,604.5076470717073,36.01391545851078,-41.14750627595356,-105918181.26840587,568690026.0,58.57363275822976,73.53440196700548,54.684265717219,626.1186863262521,479.5045222919118,40.98874205089695,651.2737881102976
2023-02-24,548.2493933068604,557.0095961532267,534.6662067087684,550.1195678710938,8631548,693.663480834961,561.3231295765753,600.4789004642544,37.88338004530903,-39.15577088767907,-102610052.07972129,577321574.0,35.38892299892062,55.459333042097846,54.038681992186525,622.4910523668776,479.3869353040208,39.656931150437046,651.1318641043625
2023-02-27,550.218028872887,562.9645945087234,544.4106946986341,553.1708984375,8484384,687.7882537841797,560.0689401705638,596.9746040178281,38.73106060942308,-36.90566384726435,-103082650.611487,585805958.0,39.73375121340146,44.565435656850646,53.18411749369453,618.7845174726588,479.6484567705054,38.14957176898364,651.0011089132536
2023-02-28,554.1551698151617,604.7968931749833,543.278779296746,583.1425170898438,25360275,681.8746405029297,563.6187212350684,595.9500049861256,46.45982111316019,-32.331283751057185,-95576009.21148704,611166233.0,72.77227854938987,49.29831758723734,50.80266312192077,615.2065209061092,481.23819039760167,39.81875334821604,650.7062967956117
2023-03-01,588.6053049598745,606.3225214971283,585.258695583436,592.640869140625,18661166,676.3202923583984,568.0836670666924,595.7048838123848,48.66968811978853,-27.621216745692323,-101156933.59194669,629827399.0,83.1207927957295,65.20894085284031,48.53902599855579,616.9688090008865,490.00287984188685,38.63027128100664,650.5425519597653
2023-03-02,594.4618321601689,615.1811202758016,576.4000784231026,613.1141357421875,21080489,671.6990509033203,575.011431478307,596.9944580294072,53.15764432385251,-21.983026551100124,-82323575.80051632,650907888.0,97.70117553865046,84.53141562792331,46.6496383209484,611.9704337281312,510.79418724354855,38.64104060755609,650.3812084889025
2023-03-03,652.5841445352387,692.9400267764827,640.3297243759946,673.89404296875,42832968,668.3081732177734,590.2241409383752,602.6907235804696,63.391038278113726,-12.466582642094409,-70503393.42394827,693740856.0,88.64104653813352,89.82100495750454,43.99004095464438,631.8950248423458,509.1577034291384,41.58281563803746,650.5053676282938
2023-03-06,679.1599759941639,711.3954676083797,670.3997725631463,679.898193359375,37435406,666.2736468505859,604.0201490031444,608.4097954159441,64.22254660574595,-4.389646412799721,-90591746.83838616,731176262.0,83.07773581997803,89.80665263225403,41.92075232909104,653.3581985892805,501.99625697712565,41.54087845283717,650.7175525278309
2023-03-08,689.0027855621187,703.7671309670212,671.2855710762357,700.8634643554688,20232587,664.423179321289,618.9191205958097,615.2582153373903,67.03786863763679,3.6609052584193478,-73976516.11898133,751408849.0,94.34156301965584,88.68678179258916,39.999270033934366,676.586813701116,494.40799831060275,40.89378426983348,650.8459716530502
2023-03-09,702.6845936777345,705.3421283846646,675.2228810449534,686.296142578125,17041388,662.0628533935546,629.2848162853967,620.5202840218892,63.31004633648764,8.764532263507476,-78487461.76868711,734367461.0,86.51510586140229,87.97813490034542,38.25198195960977,691.4764837906921,489.16437924641724,40.124174489110466,650.9456241027569
2023-03-10,674.0416350942987,690.7253590232626,669.9568685181272,686.83740234375,12138642,659.8472161865234,638.1390602943742,625.4326631568418,63.391503187252056,12.706397137532349,-70893638.68390319,746506103.0,86.80590374668954,89.22085754258258,36.452514468990984,705.1259987110146,486.8834129100791,38.74162563311226,651.004302913136
2023-03-13,692.6447506854265,699.3871118473119,666.5118682688328,670.4982299804688,9693337,657.1236871337891,643.1173940922349,628.7708532919253,59.1241888001152,14.34654080030964,-78236200.85952565,736812766.0,78.02749997027081,83.7828365261209,35.00885694803922,714.0849234777666,487.4967049402021,38.3225983434956,651.0455082617151
2023-03-14,670.4982001150697,673.795546798202,628.5674200689319,644.2176513671875,18147337,653.903090209961,643.2866644422277,629.9150605567595,52.95001017945017,13.371603885468176,-83824537.8727502,718665429.0,63.907964083388975,76.24712260011647,32.5706294520647,717.5183538798628,493.98491150099653,38.81585037105093,651.0394598971407
2023-03-15,651.1568998132649,677.0437093248624,646.9244657233702,668.67724609375,15514873,651.0890057373047,647.1929077732311,632.7863335594996,57.408018336274125,14.406574213731574,-76929045.63857049,734180302.0,77.04915593468837,72.99487332944942,30.278241307772397,723.9205142476374,498.8282650492377,38.38800805580979,651.070563335298
2023-03-16,676.1087653052091,681.4730972703059,664.5433588268605,668.9234008789062,12992236,648.3162615966797,650.5360605587197,635.4631533609371,57.451710860531165,15.07290719778257,-83198609.55238304,747172538.0,75.96772231532212,72.30828077779985,28.286702923181583,729.4427562700057,504.1873523725723,36.85527451206947,651.1111586080332
2023-03-17,677.683546182627,680.8824881217606,660.7537491356475,669.6615600585938,7625895,645.7639971923828,653.4784450971617,637.9963686718747,57.592202806861835,15.482076425287005,-84074948.02774367,754798433.0,75.17563070691419,76.06416965230827,26.30971139729827,734.4369019733172,509.346154667308,35.66052197450116,651.1335075580499
2023-03-20,660.4585004877321,667.1024570872733,648.9422970332699,656.2752685546875,5250369,642.7550250244141,653.9087256290887,639.3503612557869,54.10330642920618,14.558364373301856,-85085177.48718424,749548064.0,67.21313058967871,72.78549453730504,24.784809526506887,737.042401246949,515.4122496319573,34.59328919241706,651.1385258890759
2023-03-21,660.950650164895,663.805114829033,650.8124764814204,654.3558959960938,5011027,639.9734234619141,653.9775210701664,640.4618823476615,53.60190188338819,13.515638722504946,-87362938.09658732,744537037.0,57.74702235644443,66.71192788434581,23.36882921791489,738.8083864974128,522.0225705338371,33.05038556064531,651.1424614632757
2023-03-22,659.3757444385164,661.344323988921,643.8731804790807,646.8260498046875,4457720,636.8335382080078,652.8772947216312,640.933302159293,51.58225120724332,11.943992562338167,-90313823.16700986,740079317.0,52.16916800389928,59.04310698334084,22.300756636875683,739.4788665212402,528.6309113107911,31.93758255701638,651.1421502682898
2023-03-23,644.7097859683165,656.8657403449939,641.8061191918295,644.6605834960938,4491324,634.0489825439453,651.6131853023177,641.20939707313,50.98726379791457,10.403788229187626,-93102538.06330188,735587993.0,19.429606160277128,43.11526550687365,21.384378620122483,735.2692014727788,543.4561403240962,30.732013885312675,651.139864775018
2023-03-24,647.8595958358512,650.2711180005468,623.9905668056941,627.9769287109375,6072701,630.9297686767578,647.976838134413,640.2292142314861,46.53377638531061,7.747623902926875,-97332965.37970617,729515292.0,4.560799072631505,25.38652441226934,21.15840664633277,729.05351278536,558.1514920974525,30.414052264565534,651.124210471715
2023-03-27,627.9769397508959,634.7193013587727,615.6733163231745,619.2167358398438,5621870,627.7042510986328,643.5522070121715,638.6727343506237,44.34361184500742,4.879472661547766,-100862988.32207756,723893422.0,3.951674428606633,9.314026553838454,21.21925933657269,722.0590427807389,572.0556788989487,29.602047462496436,651.1005126218815
2023-03-28,612.8187890116327,617.9371078495985,562.5708080847083,584.0775756835938,19860622,623.7424847412109,634.4022637308519,634.6286485234364,36.85118809688197,-0.22638479258444022,-105294087.90367045,704032800.0,15.063787008273527,7.858753503170587,22.621805352509245,716.7646868250273,580.4407025792697,31.533753197684934,650.9124615047142
2023-03-29,584.0283354386935,632.4554061644665,580.829393552328,626.6481323242188,17057169,620.781742553711,633.2093204375238,634.0374991753462,48.25741537870669,-0.8281787378223271,-92074350.70637737,721089969.0,46.83456757514369,21.95000967067465,23.255932258424796,712.9593502944753,588.5966006332591,32.96891458443161,650.8161687002001
2023-03-31,633.7841942895172,645.1035264186966,617.4941508599798,621.9727172851562,9466910,617.7727679443359,631.4806122602365,633.1438116279247,47.24803214623091,-1.6631993676882075,-98469971.7389033,711623059.0,43.41727379473647,35.10520945938459,23.293797670135294,710.1054679339971,594.3836678081904,32.58609036830912,650.7840556313712
2023-04-03,628.5182492994104,628.9611917313791,612.3759323805562,617.9371337890625,6072184,614.6486322021484,629.3970001877482,632.0173910472683,46.3469099982169,-2.620390859520171,-100470029.09931184,705550875.0,46.56455824658808,45.60546653882278,23.4646493267501,709.729171599419,595.242263947456,31.443173867060114,650.7558367255315
2023-04-05,617.0513507292043,629.7486541545012,615.2303784026976,626.74658203125,6622367,611.9064019775391,628.9892435482868,631.6269607497856,48.649271945478105,-2.637717201498731,-96586392.74481139,712173242.0,53.97353943822571,47.98512382651678,23.58637335359117,707.5341068016021,592.722582651523,30.23425257311322,650.7292323455333
2023-04-06,626.9926155639274,641.1171504554587,621.6282240277549,631.5203247070312,7094042,609.2911431884766,629.3786406496321,631.6190617836556,49.90379505783353,-2.2404211340235634,-96478911.56729452,719267284.0,57.98838449165424,52.84216072548937,23.16205343950163,703.9590756655617,591.459826922329,29.46672927701255,650.708758728928
2023-04-10,635.85121913044,646.6784070722896,632.8983496917538,641.7569580078125,4254629,606.9869207763672,631.2829971662752,632.3700170595191,52.579166395465116,-1.0870198932439052,-95263303.28158024,723521913.0,66.93012042285683,59.6306814509123,22.510140223618468,695.4601519042276,594.0481000488974,28.444683069030106,650.7022351086009
2023-04-11,644.7097617141625,649.8772827050012,637.2291839293637,643.67626953125,3798770,604.8756170654297,633.1896544531944,633.2075172426104,53.0850648715189,-0.017862789415971747,-95189397.11003552,727320683.0,77.58938294807878,67.50262928752998,21.75282605767256,689.6127168704793,595.6335477779583,27.31635561950207,650.698203801999
2023-04-12,645.694179672653,651.5999191208784,639.7884402244275,647.4166870117188,4271203,603.785025024414,635.3784286929674,634.2600483366184,54.112484877841574,1.1183803563490073,-93943629.56836885,731591886.0,83.81138929641263,76.11029755578278,20.96404490347751,683.1502897720784,598.1539033431559,26.208864424998414,650.6953807497916
2023-04-13,649.3359939658611,654.4543129481375,643.1349802326124,651.25537109375,3306659,605.058696899414,637.8210352161648,635.518961133443,55.196891161717886,2.302074082721788,-92505951.74228188,734898545.0,89.78577121325219,83.7288478192479,20.083391238835155,680.2697651016448,599.1101421249176,25.14532644575032,650.6948479350868
2023-04-17,652.584202482084,656.2260871205448,647.6627529912689,654.2575073242188,2731225,606.3914263916016,640.3497232327884,636.907001592019,56.07122894429299,3.4427216407693777,-91030460.61253674,737629770.0,97.23396267619601,90.27704106195365,19.169625325516296,681.2291956877207,599.1546971345449,23.960898423145004,650.6956706061162
2023-04-18,657.5055293098045,660.8521383697363,640.8218066331702,648.2039794921875,2964854,607.2950030517578,641.558070349619,637.7438147698093,53.79167942807187,3.8142555798096964,-91809922.47649007,734664916.0,87.13065966764229,91.3834645190302,18.645170539787152,678.2888704610021,600.0476957011073,23.680143659817933,650.6953453008045
2023-04-19,648.6470073955992,654.5527464614165,644.6114430644711,648.0564575195312,2683546,610.5087103271485,642.5578222219133,638.5077142327517,53.734347864132324,4.0501079891615746,-92633580.6143694,731981370.0,86.98055794208729,90.44839342864191,18.158176810181516,675.068035209672,601.1818366164998,22.69879792675561,650.6946970725779
2023-04-20,652.5841017935595,667.8405928611314,650.8123922654843,655.6353759765625,5009410,614.5177215576172,644.5697535687824,639.7764299174785,56.31060900596478,4.793323651303922,-94805309.35774992,736990780.0,88.40577387852464,87.5056638294181,16.91288443655719,672.427006788381,602.4202466295876,22.49060774210165,650.7002153114772
2023-04-21,657.5055329256819,660.0646621670377,648.3024480746731,651.2060546875,1982614,617.7215832519531,645.590722971662,640.6230687893319,54.403936294155024,4.9676541823300795,-95809071.74429049,735008166.0,80.88230215676568,85.42287799245923,15.896928015805111,671.6939814454302,602.6463505858198,21.724293909977575,650.7009500866726
2023-04-24,654.6511144392845,662.1809553534143,645.6941013925526,660.7537231445312,3357178,620.1990393066407,647.9234922290265,642.1142283711986,57.72668190912536,5.809263857827887,-93033141.39577429,738365344.0,87.22272947279264,85.5036018360277,15.104204026038335,672.7555005190957,602.224614226998,21.3501910564693,650.7037003398661
2023-04-25,664.3956451559975,671.7778189910642,658.3422385807291,660.9014282226562,4814190,622.5278698730468,649.920097766508,643.5058728046399,57.77794347931409,6.414224961868058,-96013331.70153081,743179534.0,81.69015937200221,83.26506366718688,14.274627931860573,674.7158282049301,601.6718243829606,20.784861724602568,650.7129795357802
2023-04-26,660.4585216673883,661.049071575771,651.6983175432223,654.2575073242188,3373385,623.8163073730469,650.5873915446173,644.3022901764606,54.57232568970103,6.285101368156688,-97540206.27267855,739806149.0,69.01661421887606,79.309834354557,13.417348705689301,675.7705752404671,601.5767697302359,19.96813974659872,650.7154624558311
2023-04-27,657.4071787385134,657.7024536620389,646.8752659067043,649.3851928710938,3197568,625.3409729003906,650.4024379025367,644.6788014871742,52.281493966002046,5.7236364153625345,-99255272.56955354,736608581.0,55.34834102577805,68.68503820555215,12.91251119533386,676.7800185775022,602.7081528092165,19.315214604365572,650.7157499035703
2023-04-28,655.7338669260959,672.269923302467,651.7475053112275,670.5966186523438,6162262,627.2573840332032,653.5092349409686,646.5986397957053,60.128478108760525,6.910595145263301,-94097896.21843559,742770843.0,95.74996756119522,73.37164093528314,12.44427291068881,680.4098348219856,604.2163248459832,19.570180020580406,650.7286885916028
2023-05-02,673.0573726565094,675.1244173419559,662.0333145629787,670.7935180664062,5563089,629.7732287597656,656.1683554218051,648.3908530009423,60.19391529923923,7.777502420862788,-92215654.97078982,748333932.0,88.57138778274279,79.88989878990539,12.173978789396857,675.9766535076906,617.3211003985593,19.107388789037316,650.744014333427
2023-05-03,664.3956261952509,674.0908568581054,646.4323370425644,659.1296997070312,5645727,631.8313806152344,656.6239468503014,649.1863231273194,54.488970557151475,7.437623722982039,-92677746.4254565,742688205.0,54.73531811013516,79.68555781802442,11.667244512617216,676.5698842301671,619.9760264143641,19.71818386235901,650.7516558563295
2023-05-04,659.474158446637,671.285635911353,657.2103039478227,669.0709838867188,5124811,634.0105981445313,658.5388756251349,650.659260961349,58.131265478055106,7.879614663785901,-89165639.56436068,747813016.0,82.35284915591939,75.21985168293249,11.196705541321837,677.5853316769302,623.6704056277573,19.315123012442672,650.7631094120065
2023-05-05,672.0730069839109,682.7033239159183,666.8562834972688,673.15576171875,5193692,636.1110717773438,660.787627331845,652.3256684248602,59.56327230291477,8.461958906984819,-90230163.11665764,753006708.0,77.20339945491622,71.43052224032363,10.761587746062673,677.5544411129421,629.2231589847141,19.06740282717173,650.7811364968343
2023-05-08,673.9432341905383,679.7997704820366,667.9390303993785,674.3369140625,3671007,638.2066235351563,662.872132982715,653.9561310646853,59.98941234283344,8.916001918029679,-89940763.67509921,756677715.0,80.02362283836213,79.85995714973262,10.35754979332202,678.2879292353769,633.2487040654044,18.552641202563617,650.7937460475101
2023-05-09,674.3369712737118,684.9673500153507,673.746421377526,679.6521606445312,4029312,640.3878100585938,665.4536756999175,655.8595406631924,61.93352396797139,9.594135036725106,-89728703.70572384,760707027.0,86.82921591307813,81.35207940211886,10.310522778838324,680.0943243336658,636.2554925608654,18.02894744793941,650.8108019186241
2023-05-10,681.128515836989,681.5222557726089,674.7798348518652,680.1442260742188,1794579,642.5099377441406,667.7137603728869,657.6584062491944,62.11704011906463,10.055354123692496,-88667684.11626107,762501606.0,87.71906040303443,84.85729971815827,10.266854836817751,682.640786733762,637.54775696741,17.222766981711143,650.818222203069
2023-05-11,683.0970747471429,702.7828694084437,681.374567714279,697.66455078125,5979387,645.6931298828125,672.3215742818659,660.62182436268,68.02739570469002,11.699749919185933,-85547413.01424395,768480993.0,91.03445597955626,88.52757743188964,11.436685483085435,689.3943062067563,636.1930656194156,17.60961529260499,650.856259073127
2023-05-12,700.8142843191964,700.8142843191964,684.1305614623534,689.0028076171875,4025355,648.609580078125,674.8879178719153,662.7241194185693,62.81008254888571,12.163798453345976,-87221671.60861792,764455638.0,75.86204384823922,84.87185341027667,12.522956797476857,692.8084915593578,636.9374923273609,17.543480118621993,650.8802702259019
2023-05-15,688.8059674339106,690.6761420230871,676.6992153062332,683.1463012695312,2616737,651.2701147460938,676.1584383946254,664.2368736297517,59.48799994400721,11.921564764873665,-87424383.16166472,761838901.0,65.15282586610915,77.34977523130158,12.892143653557644,694.7503366119122,638.1847402923847,17.288726304209984,650.8928524088939
2023-05-16,683.1463850181674,687.8217619879949,674.533848494801,676.2071533203125,1403759,653.73083984375,676.1659329985772,665.1235610142377,55.72703559641229,11.042371984339525,-88474600.31933434,760435142.0,52.83857139879829,64.61781370438227,13.052522062903781,695.5695534150673,639.5604880888391,17.002953960565982,650.8987736701641
2023-05-17,676.4531796544836,681.0793538296181,671.827005479349,673.8447875976562,2295396,655.5448852539063,675.8088337061278,665.7695777981946,54.46459828321198,10.039255907933125,-89768821.51962002,758139746.0,48.64630271299847,55.54589999263535,12.967993546615606,695.504076179003,642.1900461354501,16.4493392741162,650.9071195569743
2023-05-18,678.8647135387079,678.8647135387079,650.9108580985002,654.5035400390625,4405410,656.782138671875,672.5310962188869,664.9350564827033,45.39698611271492,7.59603973618357,-93041848.40476657,753734336.0,14.323206290390347,38.60269346739574,12.720771649468741,694.9546490581871,643.3841815082191,17.27109042883702,650.9139409361958
2023-05-19,653.5684345071728,683.2447963394799,649.1391303576513,677.289794921875,6340270,658.0656518554688,673.2632037116543,665.8502222930123,54.91929892250538,7.412981418642062,-88915657.25360736,760074606.0,54.75983381834918,39.2431142739127,12.168067290335044,695.4859074772816,645.0183649836559,18.47356011119356,650.9316354275542
2023-05-22,687.9201537709937,741.5639469758245,682.2604875154382,718.2362670898438,30204070,658.9524963378906,680.1821365390681,669.7306700557406,66.29441664100506,10.451466483327522,-82473805.6005626,790278676.0,75.4785187569659,48.18718628856851,13.732580263889849,704.9047240848776,642.3025696162944,21.74503096424755,651.2106246814791
2023-05-23,732.6068532987233,773.3072707508229,718.5315218046551,722.5178833007812,39497528,659.8048901367188,686.6953283485624,673.6408339998177,67.22568488249924,13.054494348744697,-116222387.11089966,829776204.0,59.096280825967234,63.11154446709414,16.02839159900797,713.9357230635118,639.447986653285,24.125457585442664,651.7103115241031
2023-05-24,727.3902009618104,727.3902009618104,697.6154329251463,706.9661865234375,12809164,659.9269445800782,689.8139219139277,676.1093786311969,60.66886107081032,13.70454328273081,-120986125.78858557,816967040.0,46.571573015976554,60.3821241996366,16.985774091374658,717.7162189992068,640.2739665476681,24.52897976052991,651.8200199755731
2023-05-25,705.7358072411199,715.5787055290017,694.5148791624214,713.1179809570312,7458008,660.4633813476562,693.399161766713,678.8507565812588,62.23786328671112,14.548405185454158,-115270641.03428318,824425048.0,51.52597952807735,52.39794445667375,17.711356680915895,721.626461538436,642.2497713717202,24.281468803819227,651.8805478648853
2023-05-26,717.6456211401245,718.8759833078152,709.2791583998277,715.4309692382812,4507617,661.0352526855469,696.7886706084927,681.5604019632605,62.83812542165137,15.22826864523222,-113999261.880437,828932665.0,53.38876677279733,50.49543977228379,18.48836792312783,724.5336611888586,645.9471493580165,23.23256566840268,651.9215077541004
2023-05-29,719.5158733613613,728.3744819253178,716.6122063168075,725.9137573242188,4302323,662.1435632324219,701.2694531801428,684.8458356937018,65.51371135812445,16.423617486441003,-111497072.18802834,833234988.0,61.83118046502492,55.58197558863324,19.505647717888614,730.4484148175535,645.564109596509,22.49763331259081,651.9662303738564
2023-05-30,728.374419363623,730.6874762594688,716.2184649088092,722.5178833007812,4785799,663.7095678710938,704.5384424294717,687.6363577386708,63.90847425830574,16.90208469080096,-112115654.85095537,828449189.0,59.096280825967234,58.10540935459653,20.52223620412438,734.7913142153485,646.3936467221514,21.924160315310008,652.0155720127774
2023-05-31,724.4372907841,737.233058148493,709.9682187491069,727.2424926757812,13649365,664.8808728027344,708.0313732365963,690.5701455117901,65.18654000050057,17.461227724806236,-108469273.74504063,842098554.0,62.90129019474716,61.27625049524647,21.672834418360292,738.4706593206389,649.525580913736,22.305637392744018,652.1592239578858
2023-06-01,719.023740179076,733.2467406208732,717.547305394314,720.5493774414062,3771760,665.9133923339843,709.9572200373362,692.7908293584284,61.84534336522958,17.166390678907874,-110798549.33704293,838326794.0,57.510925795971744,59.83616560556209,22.74124704586507,740.9345005262849,652.209579063559,21.833765809445104,652.1982564957256
2023-06-02,726.405861761581,732.3116004750899,722.4687026192419,725.02783203125,5554473,667.0207177734375,712.2757757287076,695.1787554823411,63.20436075441933,17.09702024636647,-113464723.49849313,843881267.0,61.11769205313157,60.5099693479502,23.73334448569094,743.8131831299811,654.5181034911127,21.114369896890715,652.2579229442778
2023-06-05,726.4059394775447,732.3116788228906,723.4530698048717,727.193359375,5166097,668.4390795898438,714.5707885973679,697.550207622538,63.87441889254014,17.020580974829954,-114268352.60131702,849047364.0,62.861720220818526,60.49677935664065,24.654580776774974,746.5217990256093,657.0951321267345,20.23895840554273,652.3141141593263
2023-06-06,731.2289117462993,735.2644758698247,728.3744473141502,733.6896362304688,5492469,670.0257543945313,717.512149771691,700.2272023342366,65.88161644116522,17.284947437454434,-111286688.2603223,854539833.0,68.09355894764383,64.02432374053134,25.62681976309363,750.0645174217722,658.9561612891654,19.369826840491438,652.3775561093759
2023-06-07,738.2173631171219,739.2016529346114,730.293842101588,732.0655517578125,2129238,671.7305444335938,719.7511346926328,702.5855985878349,64.91061522482852,17.16553610479798,-112568941.16023126,852410595.0,66.78558697712573,65.9136220485294,26.68717182085704,752.7281257903592,661.4846854889377,18.622539982815148,652.4025562183757
2023-06-08,733.2467207169435,737.2330825123342,721.4844452357023,724.8310546875,2141709,673.3339538574219,720.5326608456893,704.233410150773,60.624276290422095,16.29925069491628,-113800417.29925409,850268886.0,46.75680530305332,60.545317075941,26.876388254611197,754.496937737361,662.4325239325609,18.417261218087777,652.4258347496243
2023-06-09,726.4058805019773,730.3430397458905,721.4844314470859,723.40380859375,1335172,675.2424914550782,720.9743758838525,705.6534396650676,59.785508180553975,15.320936218784937,-114557011.1440349,848933714.0,36.664618053783194,50.06900344465412,27.05208799436075,755.7480522919441,664.621509475634,17.734500295281837,652.4398064779731
2023-06-12,723.6499034251484,734.8215690947194,722.0258011562964,730.4414672851562,4571836,677.4669860839844,722.430851484053,707.4895898591482,62.53784819135353,14.941261624904882,-113115132.99150334,853505550.0,80.39646877594265,54.60596404425976,27.440615834256818,757.1532852935159,667.9457930756248,17.381733698363345,652.4902520856441
2023-06-13,729.3587154996462,730.7367452004678,723.502179385574,726.2581787109375,3636359,680.3105981445312,723.0196710574198,708.8798557000214,59.91293815421573,14.139815357398447,-113980958.63616426,849869191.0,71.03511144111947,62.69873275694848,27.80139168558888,756.739914491777,673.3642664164261,16.656935992401234,652.5291439079652
2023-06-14,724.7818106111382,731.0812897128908,724.2404632062106,727.7346801757812,3900945,682.3323291015626,723.7450570756293,710.2765093648925,60.542447773533254,13.468547710736857,-113896786.28139696,853770136.0,61.677751346899775,71.036443854654,28.15553271020972,755.181792073814,680.3113780922017,15.95578531484973,652.5712988382373
2023-06-15,725.7168745925653,736.9378026069783,725.4215996608773,727.88232421875,6448934,684.4505212402344,724.3815597130325,711.5806437985116,60.609061113162355,12.800915914520942,-117589768.45592603,860219070.0,61.27951083669084,64.66412454157008,28.809632577587937,745.2516388043675,697.5794097796168,15.638672288510534,652.6431034041415
2023-06-16,729.3587245237029,737.9220575961198,729.1618545531097,735.658203125,6800269,686.8049426269531,726.1164279302583,713.3641667115849,64.05123847018088,12.752261218673425,-114304216.93561985,867019339.0,87.87877678987022,70.27867965782032,29.471227616744834,737.9444709911821,710.7234184131147,15.238748080571908,652.7227423257773
2023-06-19,738.1189644920955,738.1189644920955,719.515862751589,724.0928344726562,5256363,688.7518676757812,725.8051058598579,714.1588828420346,56.18682913394848,11.646223017823331,-116974105.36355644,861762976.0,48.31664878618026,65.82497880424714,28.968048225669918,737.948887183742,711.3046589588362,15.479059056281525,652.7789138249383
2023-06-20,726.4059153970657,730.3430748301121,718.7284665178821,726.2090454101562,6753358,690.6456420898437,725.8672504060577,715.0514874767103,57.22183983056036,10.81576292934733,-115028241.49594079,868516334.0,40.000004616732525,58.73181006426103,28.414561717314253,738.1137261335346,711.508936219981,15.203026860277841,652.8488793952096
2023-06-21,728.2760695257899,741.4163147307975,721.7797205995375,737.676025390625,9312613,692.5640234375,727.683985019068,716.7273791740373,62.40447973955092,10.956605845030708,-109263277.02401236,877828947.0,83.51412921546584,57.276927539459585,28.63191902391311,738.0486607303931,714.6449855098413,15.519710236776561,652.9565033065105
2023-06-22,743.1387612547899,746.0916305048089,729.3587047547011,733.8864135742188,10061086,694.3682263183593,728.6382047967835,717.998418759236,59.82494377736733,10.639786037547537,-113879568.91012797,867767861.0,55.39544719162813,59.63652700794221,29.106917339189096,737.8249936642152,716.9454958377379,15.606368487728796,653.0765110637966
2023-06-23,729.3587354827883,729.3587354827883,691.9557234067479,703.0781860351562,15398550,695.4814562988281,724.7058942180715,716.89321633523,43.92772361435265,7.812677882841513,-120120043.80331649,852369311.0,20.545444280191493,53.15167356242853,27.644755435181086,740.8049887130057,712.7302224686348,17.486677179138944,653.1973625605586
2023-06-26,698.8457943964605,714.8897069567843,694.0227500947598,713.0195922851562,5696079,696.7167407226563,722.9080016130076,716.6062812204098,48.667892111670575,6.301720392597872,-115444939.82895985,858065390.0,38.909237893166846,38.283376454995526,26.287033667173652,741.3885873853911,710.8572072923433,17.728125727916485,653.2412669647787
2023-06-27,712.9703177095845,718.9745217468156,704.7515216206396,708.9347534179688,6935089,697.8102856445313,720.7582711214632,716.0380199017104,46.91299934490617,4.720251219752754,-118300568.15754837,851130301.0,31.363712037678216,30.27279807034556,24.71981939090103,742.4049763972607,708.4825052921924,17.477759613506457,653.2981545893368
2023-06-28,711.5923235703208,747.0759588772307,710.460366268782,744.615234375,17910387,699.7385107421875,724.4285731604689,718.1548506034355,60.35899940548132,6.273722557033352,-102797490.44824468,869040688.0,95.5357148219215,55.26955491758889,24.33088378305705,745.2207760938205,707.4039797655545,18.95372003106042,653.5034380146113
2023-06-30,740.973345166854,747.9618387524647,726.4058682258201,727.63623046875,6629272,701.3301062011719,724.9220589002045,718.8571750379032,53.4245499917724,6.064883862301372,-108669997.08183905,862411416.0,63.708234077211095,63.53588697893698,24.013704254773394,745.3945973549586,707.9388438071509,19.13959506645929,653.5791100585734
2023-07-03,732.8037410228909,735.7074078884056,721.1891336371126,725.8153076171875,2808490,702.7337048339843,725.0594817797403,719.3725922659983,52.72494943602011,5.686889513742017,-109688665.07732038,859602926.0,60.45694117763712,73.23363002558995,23.324108400198636,745.4233312545039,707.9888574661993,18.809500722518838,653.6085656020058
2023-07-04,728.423688251522,739.2016740765501,723.4530365462907,730.0477905273438,3263045,704.3105395507813,725.8269138947562,720.1633476927645,54.22540164056697,5.663566201991671,-110218904.91080885,862865971.0,68.01412111063159,64.05976545515998,22.88078309925046,745.6221848323479,708.0754470035896,18.590867637357455,653.6442986924017
2023-07-05,729.3587306692559,735.1660644311429,722.5179046483975,731.0812377929688,2212779,705.71708984375,726.6352714175582,720.9720802927798,54.60426534678611,5.66319112477845,-109435396.05901223,865078750.0,69.8593611513766,66.11014114654847,22.39218825618639,745.3354488629495,708.1013431292379,18.16638850488517,653.6681003624778
2023-07-06,730.7367620652751,734.1817763205576,726.60273294368,728.4236450195312,1949877,707.0675341796875,726.9104058178617,721.5240480503169,53.380699024918904,5.386357767544837,-110448333.02603744,863128873.0,65.11417795659045,67.66255340619959,21.938493044769753,745.0112886834999,708.0613126348595,17.410149567170336,653.6891025407344
2023-07-07,728.3252148720102,728.3744173444128,704.9483332342672,707.4090576171875,4248724,708.1305651855469,723.9101984023733,720.4784932034185,44.82693759095023,3.4317051989548872,-113804467.49259761,858880149.0,27.59222651856613,54.18858854217777,20.867416578973835,745.9353422751333,705.3950593361949,17.84337543989131,653.7251101053191
2023-07-10,710.6572841532861,718.5316030912727,696.8772260118097,708.787109375,5135483,709.318603515625,721.583569321239,719.6124647716838,45.444303054100104,1.971104549555207,-113290930.5905979,864015632.0,30.05276453179202,40.91972300231624,20.362376992367807,746.4911135436012,703.377618145852,18.115589842717856,653.7645723020029
2023-07-11,712.576630036373,720.9430935396254,707.7535858686908,718.4331665039062,2716491,710.2753344726563,721.0988919647262,719.525109344441,49.68810312065036,1.5737826202852148,-111608321.12329721,866732123.0,47.2759857271252,34.97365892582782,19.705250779364118,745.9126176735497,702.7552839377784,17.763726830447617,653.7883587216213
2023-07-12,720.3524738766184,720.9430838087638,710.6572432724586,712.8226928710938,1349350,711.11591796875,719.8256305657059,719.028634050119,47.37954875467504,0.7969965155868977,-112389521.26610179,865382773.0,37.258376760354444,38.195709006423925,19.095062153003546,745.7889707287997,701.535382298544,17.229592095151734,653.7999951853418
2023-07-13,713.5609244065761,717.7933586611072,703.7672285809964,705.9326782226562,1378288,712.0519775390625,717.6882532821598,718.0585632480847,44.636799893069806,-0.3703099659248892,-113342230.25911164,864004485.0,24.95612261202343,36.49682836650106,18.980524129038024,745.9042797852138,699.2398730468175,17.000773379791664,653.8107775812583
2023-07-14,707.3598990038454,716.0216373535304,703.4719422225071,714.6928100585938,2043145,712.9644140625,717.2274158631496,717.8092481970114,48.702770316539386,-0.581832333861712,-111731762.99592803,866047630.0,38.32111457241197,33.511871314929984,18.893482030391276,745.3525005061035,698.4727009099122,16.682839219165352,653.8273973631673
2023-07-17,718.7284411570749,731.1304689030434,718.6299761289521,719.5650634765625,2683898,713.8926000976562,717.5870539575209,717.9393085880893,50.864218401290344,-0.3522546305683818,-114014128.1751934,868731528.0,44.41227259553437,35.89650325998996,17.56190709914965,743.694507876796,698.5213795743759,16.665326335257085,653.8536537719278
2023-07-18,719.5158341862245,735.7566156692241,714.2006453067305,716.7106323242188,4464508,714.7400744628907,717.4522198600897,717.8482955315063,49.54704473361922,-0.39607567141661093,-117438937.48095414,864267020.0,38.82461909440076,40.519335420782404,16.66755889649814,743.3594716734633,698.1181955628649,17.01465805148826,653.8967276027629
2023-07-19,720.4018129263233,723.896030109836,717.5473481418826,719.90966796875,1039827,715.545224609375,717.8302887998835,718.000989786117,51.07614350109527,-0.17070098623344165,-117704933.32953992,865306847.0,45.08684850733971,42.77458006575832,15.837092708321734,742.9060644648122,697.9416650273753,16.312568032497477,653.9064921973492
2023-07-20,721.9273439694201,724.3880683949234,716.661357653075,720.9430541992188,1423489,716.361201171875,718.3091757843966,718.2189204833838,51.58658144767487,0.0902553010128031,-117550791.65630585,866730336.0,56.86034735904267,46.92393832026108,14.986769245063138,740.6389591808725,698.5354731921743,15.699292511736827,653.9198977628527
2023-07-21,717.3504588758458,723.7975456316321,714.8897341540733,717.0059814453125,1491198,716.7480297851563,718.1086843476145,718.1290731472304,49.468949826726416,-0.020388799615943753,-118333455.6384606,865239138.0,47.55822309298251,49.835139653121665,14.032231673362629,738.7623238963829,698.7240652637734,15.21418672358126,653.9334935877738
2023-07-24,718.5315669965232,728.6205376290087,717.0059297941845,723.748291015625,1919024,717.442939453125,718.9763161426931,718.5453115078521,53.02524743577527,0.4310046348409742,-118024465.88463944,867158162.0,69.11390646969926,57.84415897390818,13.575628758949327,738.5496779015126,701.0037217566904,14.957073945812903,653.9522156496372
2023-07-25,726.0614485205971,740.1859841612446,721.6321440941002,737.4791870117188,3210148,718.5295971679687,721.8229116610047,719.9478208044349,59.30641773077433,1.875090856569841,-115750967.0553244,870368310.0,93.7500005421855,70.1407100349558,14.051463439727195,740.9993270119074,701.0000321189519,15.213985811622296,653.9880239216926
2023-07-26,741.1210195546975,753.3754396234316,733.2959036016782,740.8257446289062,5868377,719.8219689941407,724.7464244252973,721.4943336803217,60.68618355915724,3.2520907449755896,-117218052.52647933,876236687.0,77.78744814695551,80.21711838628012,15.310756338209176,743.5541343588429,701.6343238931101,15.561525112345944,654.0611682563986
2023-07-27,742.0561160931304,746.9283026198613,730.2446383046288,736.9869995117188,2243079,721.0848132324219,726.6295898232083,722.6419385567215,58.246546096062495,3.987651266486864,-117648142.65925188,873993608.0,70.99299417788727,80.84348095567613,16.155484363484018,741.7878310772978,702.6378036883273,15.641677912552124,654.0876905756052
2023-07-28,743.1801876186913,753.8819702243687,736.3429057005359,748.828369140625,3257195,722.9713098144531,730.0447866412725,724.5816741555292,63.16564826100004,5.463112485743295,-116267965.00639686,877250803.0,89.97500837818004,79.58515023434099,17.3462804707339,745.9546845851453,700.5901640476673,15.777205527643604,654.1299771333421
2023-07-31,751.7515521974592,772.9073905545494,747.5401978258479,770.7769165039062,5854918,724.8410522460938,736.3112681586008,728.0035439591127,70.17871951104732,8.30772419948812,-111396502.36947532,883105721.0,96.93171988973829,85.96657414860191,19.349490002773454,756.2501577471355,694.7908517743488,16.462204613433446,654.220206632884
2023-08-01,771.8669339550793,773.8982809832677,754.6746631278562,758.3905639648438,2590545,725.6441381835938,739.7080828980228,730.2544343299076,62.90040227610419,9.453648568115227,-112985549.27414733,880515176.0,77.98023113042423,88.2956531327809,21.25011070982072,760.823737036581,693.0515498286534,16.65944841643188,654.2595647275936
2023-08-02,760.0255831444379,766.8628648641363,744.7160596278309,754.5260620117188,3017482,726.2843017578125,741.9877719924375,732.0523326767084,60.78234466904343,9.935439315729127,-113329823.53176716,877497694.0,72.49293472807571,82.46829524941278,21.961791963858126,764.048179469612,692.1715898174973,17.051402474994276,654.302425768412
2023-08-03,754.5260544961892,772.4119115515439,746.5492662227657,766.3178100585938,4135776,727.4713342285156,745.7308547718462,734.5905161864777,64.68947471399991,11.140338585368568,-111143100.95423838,881633470.0,87.30189087261746,79.25835224370584,22.903455000220585,769.6171007857446,690.392085005271,17.68077696455027,654.3648236208865
2023-08-04,769.3896618798082,772.8083027243152,761.7596667799323,768.2005615234375,2758619,728.5729858398438,749.1877327336294,737.0801491744006,65.28418182668122,12.107583559228829,-110685399.91149743,884392089.0,90.45570332014078,83.41684297361137,23.79813544710883,774.5395831732679,691.5487530083727,17.207052605966886,654.4086607029394
2023-08-07,769.9841852207355,787.4241827375473,764.1874041180256,784.2037353515625,4175164,729.9484411621094,754.5748100594653,740.5707851875237,69.92137090760265,14.004024871941624,-107667530.23443441,888567253.0,95.56011323050363,91.10590247442066,25.31191502633623,782.3207362046967,691.3092625746001,17.637747321220804,654.481394637978
2023-08-08,786.5323627975707,797.6800655773789,757.3501420912859,777.0692138671875,11993737,730.9715502929688,758.0354875683457,743.2743724971284,65.70745871983246,14.761115071217318,-107932737.13465174,876573516.0,75.10475999327939,87.04019218130797,27.1130113759912,787.6309559548891,691.8626475607358,19.258617047283103,654.6877795956428
2023-08-09,785.4919204511746,799.5132169538268,776.8710182293833,783.9064331054688,7007648,732.1993212890625,762.0156330355954,746.284154764413,67.71548395519567,15.731478271182482,-110585533.24190275,883581164.0,81.55738415388934,84.07408579255748,28.852615469038067,793.1747927371025,693.42718480196,19.500301452794563,654.8172569622246
2023-08-10,785.789185342591,812.3454786276204,784.7982784253873,795.5000610351562,8064730,733.56447265625,767.1670834970663,749.9297774511347,70.83414869200331,17.237306045931632,-112384146.42183581,891645894.0,82.33113351323473,79.6644258868012,30.902375640975123,799.4789097845173,696.0798060357952,20.138783172034355,654.9781050430555
2023-08-11,799.5628330908763,803.0805406275011,787.0278361232888,793.7659912109375,9040236,735.0288049316406,771.2592231453542,753.1769043963052,69.74886455107811,18.082318749049023,-113835067.83861895,882605658.0,79.51846053038932,81.13565939917116,32.80572437205954,804.7832586538918,698.682775281655,19.846920410047066,655.1542908136993
2023-08-14,773.8982691340537,786.9782519760126,764.0882668825457,779.9923706054688,17841454,736.128095703125,772.6027842930641,755.1632352266137,61.66686425643155,17.439549066450468,-106883815.87353323,864764204.0,60.5934508162501,74.14768161995808,32.25233758243045,807.0092989898167,702.4994656586209,20.549120689928834,655.4569757805222
2023-08-16,778.8528495106256,778.8528495106256,765.4260726615315,769.0428466796875,11481440,736.9650854492188,772.0551015833139,756.191354593508,56.10156525317711,15.863746989805918,-112179739.52069108,853282764.0,47.25677377043072,62.45622837235675,31.73847842063201,806.9144726235688,707.8275134604155,20.121776208072294,655.6415324945526
2023-08-17,770.9255537716206,806.2018145593391,769.7859866658853,802.2877807617188,14011644,738.3370483398437,776.7062829953762,759.6059046800422,66.10389834764112,17.10037831533407,-101180085.16083783,867294408.0,86.76663502490784,64.87228653719626,32.44904106092444,811.5850902966046,711.3947070666767,21.33871847032796,655.9080478375432
2023-08-18,799.6618396881986,841.8744479257738,796.9863790578947,828.299072265625,22502392,740.26171875,784.643635190799,764.6942874641594,71.56337963174263,19.949347726639644,-92288366.65855742,889796800.0,86.02758248879248,73.35033042804372,34.0985726603354,821.2466588716384,712.4687402982836,23.0208149272959,656.4261022015742
2023-08-21,832.4608833800224,856.2426495765825,830.8754564923154,850.3468017578125,17432300,742.7720336914062,794.7518146626473,771.0389181525782,75.20834778350508,23.712896510069186,-82959303.59058422,907229100.0,94.71350480501624,89.16924077290555,35.92699490873595,834.166379964166,712.8831012370058,23.372440811843155,656.8815797824361
2023-08-22,856.0445298994404,861.0981311028014,845.5904132953648,846.72998046875,8037324,745.2385571289062,802.7484555558939,776.6456635093317,73.5429999317265,26.102792046562172,-89815400.19065449,899191776.0,87.65432643365395,89.46513790915425,37.719489065964744,843.7240078010791,715.6236423454052,22.810674882956977,657.0967348254728
2023-08-23,850.7431007331118,854.607661807166,812.6427186082171,818.1918334960938,4748732,746.993564453125,805.1243598543862,779.7231575824253,61.89665843991651,25.40120227196087,-93308262.05567972,894443044.0,62.543236328319445,81.63702252232993,37.15544125611479,846.780294499787,720.6386202951348,24.178836905527824,657.2088140551597
2023-08-24,826.4163428306271,836.7217986359254,812.7418399014034,814.8722534179688,4692796,748.7658459472656,806.624035787245,782.326794310984,60.69265867008819,24.29724147626098,-97167228.76184604,889750248.0,55.44407354276351,68.547212101579,36.63168257553985,848.6451319626121,726.178433711216,24.164631321884553,657.3148853643718
2023-08-25,815.5163384444162,822.8490733345201,796.1936548482241,799.2654418945312,4442243,750.1964611816406,805.4919444191353,783.5815089468024,55.25118517740808,21.910435472332892,-100585618.05563137,885308005.0,40.401072061833396,52.79612731097216,35.204891137363795,847.3614955569217,733.6899143551877,24.34254469077108,657.405793119048
2023-08-28,808.5800299805106,816.507285176398,791.2391592395071,800.1077880859375,5067265,751.6409704589844,804.6636126755664,784.8056777719236,55.483173256661345,19.857934903642786,-102095856.89043435,890375270.0,41.21298774273662,45.686044449111215,33.61616709007274,846.7053546340102,739.4739971726304,24.4086576369225,657.5069290747031
2023-08-29,802.1391709045914,823.2454767088284,792.7750881908344,816.0614013671875,5935085,753.2490344238281,806.4171186281235,787.120916556758,59.74022210495659,19.296202071365542,-98959429.85791405,896310355.0,53.575102802576446,45.0630542023822,32.41646506858018,848.8338248642086,741.8739754287602,24.841638414141894,657.6317891238256
2023-08-30,820.4708535326994,825.4253876723897,809.1744915021445,811.2554321289062,8592012,754.9922863769531,807.1614745513209,788.9086584509911,57.94263764486888,18.252816100329824,-105351013.44472155,887718343.0,48.62099913805677,47.80302989445665,31.3928053014553,849.0801104271744,746.9141766822005,24.22801396814927,657.8175953696909
2023-08-31,796.5900828118534,803.5264311267415,780.5373789013667,784.9964599609375,9998925,756.1680346679688,803.7514723066465,788.6188659702464,49.226861974550374,15.132606336400158,-111471047.16669345,877719418.0,21.552646472033906,41.249582804222406,29.351982850743006,847.018469945308,752.022856958989,24.691588200962865,657.9982144508025
2023-09-01,772.9074171112806,800.6528115716854,772.5606238725895,792.2301025390625,11900199,757.2591162109375,801.9789538808643,788.8863649753438,51.39579256842306,13.092588905520529,-106706776.1108554,889619617.0,29.009251670141804,33.06096576007753,27.806989531826392,845.9767886317047,755.6557675206391,24.934488165115226,658.2105720150658
2023-09-04,800.2068863129851,804.3687075518787,788.3160030476663,793.7659912109375,12522148,758.4567077636718,800.715421162414,789.247818770573,51.8659587089493,11.46760239184107,-110726237.43138383,902141765.0,29.621938746936213,26.72794562970401,26.1824889958371,844.8744527559969,759.3146463650968,24.300075046479314,658.4452544203602
2023-09-05,797.6800264112868,803.5264011074813,790.2482249229828,797.6304931640625,10483413,760.34775390625,800.2408168549753,789.8687576145352,53.09540993966448,10.37205924044008,-109552723.1888651,912625178.0,30.493760353436745,29.708316923504956,24.67402421241847,844.8168880629129,760.714886839431,23.51279655633783,658.6434722034686
2023-09-06,798.6709856007548,801.1482529258192,793.1714642351437,799.71142578125,6729598,762.0815905761718,800.1593720744022,790.597844145403,53.78001165231566,9.561527928999226,-105247476.50451207,919354776.0,30.6658756927321,30.260524931035054,23.273306913529744,844.3079237509302,763.4880723428199,22.403081708790516,658.7712178091509
2023-09-07,802.3373289849162,805.5577764097511,797.7295877080893,802.5355224609375,9787939,763.9536059570313,800.5249336723307,791.4821166132203,54.74537723602909,9.042817059110348,-103017259.58323942,929142715.0,33.85559355133906,31.67174319916934,21.70786753217673,844.1986079524817,765.4602970768152,21.362017922567038,658.9618345666063
2023-09-08,803.5264662419576,821.263664277074,802.7832860328845,817.4982299804688,11683222,765.4112658691406,803.1362100274289,793.4092361219055,59.56422356123903,9.726973905523437,-96095022.90857871,940825937.0,50.75544536287221,38.425638202314495,20.923358350252105,845.4234526838284,766.4352692399998,21.173883914964854,659.2075912271055
2023-09-11,832.3617724396099,879.1325888917715,827.4072380798503,874.42578125,20638175,768.3470568847656,814.1038363693629,799.4104616869495,71.84710358552852,14.693374682413378,-79212836.7333014,961464112.0,95.5834466963949,60.06482853686877,22.242521375039896,858.987707875763,760.9369930519714,24.06391784327471,659.7697093294312
2023-09-12,881.411670774768,881.411670774768,845.2931028611536,850.9412841796875,8036897,770.8495764160157,819.7711360324897,803.2275596493746,63.30411529578515,16.543576383115123,-84736131.77638268,953427215.0,72.00726363021253,72.78205189649326,23.525625719204754,863.6033371348562,763.4162551503,24.924964276870405,659.9865565645603
2023-09-13,851.1889934874044,859.3144418425702,835.4831439346757,841.9735717773438,7180448,773.0880920410157,823.1868953778519,806.0976346218168,60.353010864436804,17.08926075603506,-88005405.50445251,946246767.0,63.768746263996675,77.11981886353475,24.12990893113544,864.3023749491166,770.0102898458052,24.84684525051498,660.1666748245326
2023-09-14,846.2839859624506,850.0494199089492,833.3526636229531,842.0726318359375,6234825,775.307919921875,826.0923932944804,808.7624492302702,60.37498560010315,17.329944064210167,-87727890.6364843,952481592.0,63.85975141407371,66.54525376942769,24.56350133466006,866.9668109716383,771.3243389307054,24.264696038763635,660.3196189552235
2023-09-15,838.3072424437735,846.8290176429828,833.848161366945,837.96044921875,4013431,777.4986560058594,827.9182480520603,810.9252640442317,58.9151664626244,16.99298400782868,-89198441.07538845,948468161.0,60.081944278343535,62.57014731880468,24.966122852218636,868.0019813785597,771.2553062190965,23.45870748428322,660.4167002582451
2023-09-18,840.3385687273651,840.3385687273651,820.6195580743757,823.6913452148438,2801202,779.8243017578125,827.2679553078731,811.8708996864992,54.033025730547195,15.397055621373852,-91126912.04107067,945666959.0,46.97310939802354,56.97160169681363,24.514468890282323,864.6365088378988,771.9552331054607,23.191586282047947,660.4801149438103
2023-09-20,824.4345527108958,829.9836072390019,807.5891351675241,810.6113891601562,3016411,781.8607873535157,824.7054066697627,811.7776026104739,49.947123836062495,12.92780405928886,-93329161.38911726,942650548.0,34.956728823896306,47.33726083342117,23.365779323834243,861.0378900350133,771.9419927774866,23.13464955272151,660.5434034880988
2023-09-21,813.683249048641,834.7400212926917,812.5436818880758,823.542724609375,6437320,783.962978515625,824.5265325066262,812.6490931289111,53.67662396397087,11.877439377715064,-93386658.44624501,949087868.0,46.83657363681739,42.92213728624578,22.513161270735317,861.4072616558506,772.1077102679776,23.205648308422504,660.6848419013651
2023-09-22,826.317289580867,831.0736306133476,814.6245397558154,819.529541015625,3156509,786.0971154785157,823.7577645849337,813.1587559353344,52.37239348815488,10.599008649599341,-94660670.62551516,945931359.0,33.52845382607628,38.440585428930035,21.721444507143456,861.6469467608745,772.3337539227193,22.723037061930345,660.7533125389573
2023-09-25,821.1645267754421,824.1372473547087,811.5031848928257,818.1422729492188,2395763,788.3413073730469,822.8938427948237,813.5279053437703,51.90291366275236,9.365937451053469,-94538529.10078517,943535596.0,30.59784299025564,36.98762348438314,20.792874156789377,861.8440901576292,774.0242936314334,22.002396019069817,660.8040117177646
2023-09-26,818.5881553707194,823.4436233103401,811.5527406632593,813.88134765625,1569635,790.325078125,821.507305081197,813.5540862558058,50.40824709165602,7.953218825391218,-95493396.77931298,941965961.0,23.469894544961758,29.198730453764597,19.930630260032018,861.8190621910948,775.426677554999,21.280145063927737,660.8368651689879
2023-09-27,818.290955046305,825.425497250626,814.0300672165537,823.1464233398438,2463842,792.3967053222656,821.7594771209888,814.2646297435123,53.541175934032395,7.494847377476503,-94015086.34867015,944429803.0,30.373091467503336,28.146943000906948,19.244589041391745,862.1996768704964,775.754565072863,20.58471681610261,660.8899237204944
2023-09-28,825.6731463657349,833.6994677909094,811.7013837426073,815.6154174804688,5057959,794.3748010253906,820.8142371762934,814.3646880943979,50.73547424678373,6.449549081895498,-97273159.3106633,939371844.0,16.319973365482227,23.387653125982478,19.076711596526224,862.3035249657066,776.086715512809,20.685671618402573,660.9983765839825
2023-09-29,818.9845507053716,824.9299920898026,814.8227296402384,817.6468505859375,1468496,796.3295446777344,820.3269469316233,814.6078112419193,51.47416192731504,5.7191356897039896,-97921015.63043928,940840340.0,13.624180388388721,20.1057484071248,18.920825397722528,861.0052931713368,780.6499863696789,19.93007096348554,661.0295984517687
2023-10-03,818.489105364413,829.1413546170371,816.7550182767766,823.8400268554688,2453090,798.3874841308593,820.8674207660611,815.2916790651451,53.75096177760219,5.575741700915955,-97567761.08805647,943293430.0,22.013456398197757,17.319203384022938,19.022099948871396,860.3884338747516,784.4278380979047,19.391232776112325,661.0830822477162
2023-10-04,823.3940402469614,837.7621892429161,811.8994847621059,817.1017456054688,4096647,800.3893994140625,820.28808612597,815.425758068132,50.94994380606005,4.862328057837999,-100016334.02117047,939196783.0,18.390631297182498,18.0094226945897,19.592503953884574,859.3326433994257,787.8172040126838,19.853480755019316,661.1717759619589
2023-10-05,823.2949990019611,824.4345661640833,812.7914097308766,817.6964111328125,2083505,802.2683618164062,819.8893668962535,815.5939545914417,51.191674543057566,4.295412304811748,-100344370.90484527,941280288.0,23.8040701489398,21.402719281440056,20.12216481568252,858.4437890492173,790.7126501597671,19.26702901774699,661.2157426939302
2023-10-06,822.4527426624097,828.8936376350672,818.8855019465399,823.1959228515625,1877058,803.9826965332031,820.3980678124549,816.1570633514507,53.475235466016485,4.241004461004195,-100604562.3285028,943157346.0,39.77276867176953,27.32249003929731,20.86330946722656,857.6596887708929,793.8452001451228,18.69061455235468,661.256680353034
2023-10-09,807.5891054967642,811.3545395367914,777.86189915946,782.865966796875,5994282,804.8235009765625,814.6238984254426,813.69105619926,39.04745008314584,0.932842226182629,-104807657.23618618,937163064.0,8.009498060673907,23.862112293794453,20.191174099004343,860.4655803135532,789.0723530360561,20.59371520519381,661.3607665426204
2023-10-10,793.2705196166289,816.2100389172402,793.2705196166289,812.0482177734375,7591327,806.3247253417969,814.2276398635956,813.5693644640138,49.636129287558894,0.6582753995818393,-99970855.71722175,944754391.0,57.07204183209701,34.95143618818019,19.253681208572374,860.4928820950828,788.5000500338234,21.504454984848913,661.5091123535218
2023-10-11,819.8764211245536,819.8764211245536,804.9632233884391,807.4404907226562,3281387,807.4969677734375,813.1834630726819,813.1153738165058,48.2119736202461,0.06808925617610839,-102162084.46010438,941473004.0,49.379713390345664,38.15375109437223,18.14595043541192,849.6158796172018,792.6785234589701,21.0336508956536,661.5747174358812
2023-10-12,811.1068525596065,815.7641272100108,805.1614110008334,807.5396118164062,2563606,808.2322216796875,812.3151782640241,812.702354409091,48.24637408911093,-0.38717614506686004,-103575651.2136082,944036610.0,49.54519020792351,51.998981810122096,17.117343288905783,844.4942574039794,793.4599784358643,20.288584132333874,661.6254951846114
2023-10-13,804.6163768481183,817.2999726629935,798.5222754176128,806.3504638671875,3801000,809.1914196777344,811.39752989528,812.2318439985796,47.835845932832,-0.8343141032996755,-104207471.95717375,940235610.0,47.559977869949904,48.82829382273973,16.58266691523617,840.9562960613671,793.4356289874611,20.180663640408643,661.6996509992156
2023-10-16,811.0572870209102,811.0572870209102,795.9459569939476,798.3241577148438,2664794,810.0673815917969,809.3862418675205,811.2016450145992,45.049513757235395,-1.815403147078655,-106033502.59213147,937570816.0,34.160533324420825,43.755233800764785,16.247035222368176,837.2092916897185,792.8077859470003,19.818568382305354,661.7495929881414
2023-10-17,804.616395509644,806.9945962401589,796.6891403814701,797.7791137695312,2162192,810.6966076660157,807.6005298524452,810.2073834408905,44.85842990764438,-2.606853588445233,-107738319.04810996,935408624.0,33.250614616926896,38.32370860376591,15.935377221847892,833.7537634134077,792.2451806783891,19.139060344904173,661.789716795679
2023-10-18,801.5941799367554,801.6932464385342,788.1674030170981,791.3382568359375,2271927,811.1593615722657,805.0986416960594,808.8096703590421,42.56099877681484,-3.7110286629826987,-108945033.59819244,933136697.0,22.497983995906484,29.969710645751437,16.19516506110158,833.5460186139779,789.2176166399282,18.73811627894217,661.8297999582519
2023-10-19,789.5050639897263,790.0500506827685,780.2896420159686,785.6405029296875,2862500,811.1880969238281,802.1050818858483,807.0934357346455,40.58099576621869,-4.988353848797146,-108668968.42363769,930274197.0,12.98592003375938,22.911506215530952,16.8955428938914,834.9812249063785,785.2853217244809,18.18886617472979,661.877051489697
2023-10-20,784.6000745136715,795.6982439348214,781.4787540540767,786.4332885742188,2434862,811.3753784179687,799.6940367609823,805.5630544635028,40.99233416069241,-5.869017702520523,-109407059.59262244,932709059.0,14.309428890605819,16.597777640090595,17.02277166527968,834.3550861572743,782.2005168700695,17.905339296588,661.9180429911487
2023-10-23,786.433327107376,788.5637407673272,762.8992869835952,764.4351806640625,2002377,810.9859533691406,794.2695973614561,802.5165452931739,33.965950156052685,-8.246947931717727,-111169771.39607246,930706682.0,2.0516085191929583,9.782319147852755,18.13275101574426,837.2844695046822,773.7616974875052,18.459561759955427,661.9474794001576
2023-10-25,765.47555284394,776.2268681319513,754.1296571491217,762.1064453125,2581498,810.3180810546875,789.3214201231551,799.5232045538647,33.31494000633681,-10.201784430709608,-111887499.10341556,928125184.0,10.66929303593967,9.010110148579518,19.54813835061703,839.088002264332,766.3545819641837,18.719393847303575,661.9827131408198
2023-10-26,757.0528582613643,764.7819198491533,747.6392428772244,763.3450927734375,3855358,809.7096630859374,785.3250620693524,796.8433444219812,34.03911368945295,-11.51828235262883,-108678420.8845779,931980542.0,19.329231290221532,10.68337761511809,21.1276686919677,839.9711826463974,760.4177760938369,18.606771213348235,662.0324241332748
2023-10-27,767.8537817389616,779.2492110998976,766.0205676841077,775.2855834960938,2995404,809.61552734375,783.7805269042357,795.2464732422859,40.722038771254894,-11.46594633805023,-107478010.6123207,934975946.0,38.27162313042242,22.75671581886124,21.323376906853117,837.5256339835058,758.0772407723535,18.41372457857051,662.0769780315195
2023-10-30,778.7537789038222,787.176487791785,772.7092103549534,777.8619384765625,3522068,809.7919091796875,782.8699748384398,793.9587299263064,42.085478031739555,-11.088755087866616,-108491208.65955174,938498014.0,41.838145304984245,33.1463332418761,20.894559294815043,835.660558142004,756.1669687134647,18.131835497017732,662.1320116757818
2023-10-31,782.6182645713734,783.9064314569417,775.3846562322669,777.6141967773438,2825760,809.2984375,782.0613935982713,792.748023767124,41.98547349871905,-10.68663016885273,-109838369.11320037,935672254.0,41.49518935732732,40.53498593091137,20.49637151220826,833.107678555672,754.7165829189373,17.44540262042181,662.1760221150611
2023-11-01,777.6141619343455,783.3118764053522,760.2237585579996,762.1064453125,2693768,807.9745849609375,778.9914015543065,790.4782772149296,36.188602481838515,-11.486875660623014,-112092818.38078333,932978486.0,20.76808910812052,34.70047459014406,20.92952497737316,829.8301327861072,751.8207705342052,17.848453708059722,662.2142052068131
2023-11-02,769.8356105895238,776.3755720715795,765.0296757378712,767.2592163085938,1741799,806.3128332519532,777.186449978043,788.7583467774232,39.19278548155176,-11.57189679938017,-113150068.28526473,934720285.0,28.165041468424974,30.142773311290977,21.33173890931199,826.667476255418,749.9991741352069,17.59278749741828,662.2391137088358
2023-11-03,772.9073682184718,791.5364055102702,770.2319075401457,788.1673583984375,4310765,805.1415808105469,778.8758205042576,788.7145698604613,49.567931032990856,-9.83874935620372,-110202693.34434104,939031050.0,63.906284194745666,37.61313825709709,20.499190224602454,822.7505326364687,750.9632124807188,18.07024476200815,662.3086060584817
2023-11-06,794.2119128836277,798.9187208514347,792.0319055182957,795.2028198242188,2270316,804.6818005371093,781.3876665534824,789.1951809688878,52.50458389487667,-7.8075144154054215,-110382354.3361474,941301366.0,80.1335924262162,57.40163936312897,19.21388535659678,817.5561947667654,753.3582400476878,17.547467454221657,662.348821285621
2023-11-07,795.6982452593196,801.0491667420432,788.7618969195746,790.2977905273438,2394891,804.1903112792969,782.7584548571534,789.2768557509957,50.305241878369024,-6.518400893842227,-112178528.48019007,938906475.0,78.91838687163045,74.31942116419746,18.231024164152675,817.9712313582163,753.6863858292836,17.171739051953583,662.390574743523
2023-11-08,794.7072760063103,816.3090327593289,792.7749955958005,811.2554321289062,5123208,804.4301110839843,787.1426052066539,790.9048984456556,58.335774491590996,-3.7622932390016786,-109255592.96201569,944029683.0,92.64072215875576,83.89756715220084,17.533151657546263,817.8038567129684,753.7744819100785,17.803132136241555,662.4889412680898
2023-11-09,817.498177916645,820.1736385949489,790.8427585900881,798.869140625,4982049,804.4053381347657,788.9466875787072,791.4948423107923,52.89532673720114,-2.548154732085095,-111510971.05517459,939047634.0,70.62842013207406,80.72917638748679,17.11225658074433,816.4196860676086,754.3015175456726,18.626542698285785,662.5821620544962
2023-11-10,800.6527944908637,811.35457717268,798.8691741239207,801.247314453125,3903183,804.1090563964843,790.839091713233,792.2172476546688,53.78648665482989,-1.378155941435807,-113927247.0056682,942950817.0,73.90710440950282,79.05874890011091,16.721425437999677,815.3175348970559,754.7744389798971,18.1878922589568,662.6553836159449
2023-11-13,802.6345611008019,820.4708846808197,800.1572939369105,802.4859008789062,1050882,803.9336657714844,792.630908507952,792.9778886342419,54.271712572385226,-0.34698012628996366,-114737197.58677052,944001699.0,75.30608488764611,73.2805364764077,16.906250971576394,814.6230668080668,755.0824507700581,18.33972786502483,662.67562623377
2023-11-15,810.5618214049973,810.5618214049973,801.6931928033736,803.3777465820312,1694698,804.3012915039062,794.2842682116565,793.7482484822264,54.64101859333395,0.5360197294301088,-115788095.95374474,945696397.0,76.53061543651117,75.24793491122007,17.077874681326204,815.4098136373766,754.8010628274671,17.663220774781898,662.7076973488556
2023-11-16,806.9946171792317,810.9582448461628,800.7518552196884,806.2018432617188,1689762,804.5807263183593,796.1177412962815,794.670736984411,55.85675718911722,1.4470043118705007,-115673266.31440744,947386159.0,76.3158139858621,76.05083810333984,17.149579750481898,816.7440857492569,754.3090636648056,17.130589978474216,662.7398310932571
2023-11-17,804.3191636858731,814.4759596742874,801.6932361407073,802.6841430664062,3218979,804.7590893554687,797.1279569532237,795.2643226201143,53.91821023427088,1.8636343331094167,-118393179.74729256,944167180.0,70.47702893221273,74.44115278486203,17.448753636511878,818.1152213462713,754.072516690838,16.820028089553208,662.8011396968641
2023-11-20,802.6840859211467,808.5799938053416,793.815457471491,796.292724609375,3227659,804.732333984375,796.9994596695547,795.3405005452447,50.48954431886908,1.6589591243099449,-120537733.47501066,940939521.0,59.868359492940776,68.88706747033858,16.968367171983086,818.9528552401725,754.3001049649056,16.673207249860166,662.8596836708163
2023-11-21,797.6800668549577,807.490069508964,792.0318853414437,794.063232421875,3643664,804.6193701171875,796.5477324006808,795.2458880916618,49.311580343079484,1.3018443090190885,-123223775.78435645,937295857.0,56.16778100732978,62.17105647749446,16.357125798823706,819.495912925342,754.5200416645016,16.586419886835888,662.9248914299203
2023-11-22,796.6891063926212,797.6304799949618,781.3795834834485,784.6991577148438,3212329,804.2626428222657,794.724874756706,794.46464880449,44.604488031892984,0.2602259522159329,-125123738.47107536,934083528.0,35.4780899478821,50.50474348271758,15.504957350804402,818.8516736116637,757.190678683258,16.5624539314557,662.9780887714696
2023-11-23,787.7709919463758,797.3828010510614,784.2532845186217,785.8882446289062,3776615,803.6304431152344,793.3653931985829,793.8293596062987,45.31829252086955,-0.4639664077158159,-127959783.44145602,937860143.0,31.163725815757125,40.9365322569897,14.713658077643618,817.6963865691423,760.7241456574202,16.317244117240268,663.0412090782331
2023-11-24,788.6628327099949,795.6487143192671,777.8619232146957,788.3159790039062,4421350,801.9082470703125,792.5885602455556,793.4209610431584,46.82484987690047,-0.8324007976027588,-127183901.48523805,942281493.0,24.534875832451288,30.392230532030208,14.49858282435427,816.3737119013922,764.5439089482172,16.422211759192493,663.1139134816136
2023-11-28,798.6709425519806,846.6308595722265,798.6709425519806,830.0827026367188,15929818,801.4910754394531,798.3568898441961,796.1366456056444,64.79527862388929,2.220244238551686,-122246976.90941958,958211311.0,75.93658152647055,43.87839439155969,15.781815616975097,823.3569169875716,763.0404157761002,19.414545245558763,663.4548028765805
2023-11-29,842.2708876946534,842.2708876946534,825.7227299227384,827.9522705078125,8057644,801.2106494140625,802.9100253309064,798.4933585613605,63.61434162639316,4.416666769545827,-128133401.05936857,950153667.0,72.83862445202911,57.77002727031702,16.97338892440872,828.5505454551293,762.8558205116675,19.20980328315564,663.6339729450382
2023-11-30,831.3708955983117,831.3708955983117,815.5163850743868,817.99365234375,5998210,800.7290698242188,805.2305833328822,799.9378247674636,58.268306316073485,5.292758565418694,-132257170.43436861,944155457.0,58.357350360064856,69.04418544618821,17.284283864408746,830.8367286488823,764.6075828745553,18.970139514639158,663.7589135004814
2023-12-01,831.5691296041933,831.5691296041933,817.9936922104231,820.2727661132812,2932775,800.3753161621094,807.5447652990974,801.4441167190056,59.115126215516085,6.100648580091843,-134205224.16586317,947088232.0,61.67151208808999,64.28916230006136,17.582837997985415,830.8091392347202,770.4518043687955,18.584806496482315,663.8205685794641
2023-12-04,857.1344965705974,875.3176145890197,850.6936015096622,870.660400390625,11064795,801.314697265625,817.2548630054863,806.5712488428293,72.43346114163238,10.683614162657022,-127325865.56977136,958153027.0,95.22119833873371,71.75002026229622,19.511637415528707,845.3219677247848,766.279094286934,21.18909520928633,664.1143141565973
2023-12-05,875.9616997306404,1014.9859862055004,871.9980721300493,1003.8877563476562,46564412,805.180224609375,845.9676158273585,821.1872864357794,85.69872911220443,24.78032939157913,-87989792.4250212,1004717439.0,95.31965262493226,84.0707876839187,23.293757792364325,910.8315246308144,722.3415771758263,29.98455882397126,665.9384408056935
2023-12-06,1035.497683398216,1072.6566911756638,998.9331955531447,1008.6936645507812,41008947,808.8832434082032,871.0023925540389,835.0766477776314,85.96116996957082,35.925744776407555,-118140150.79084483,1045726386.0,78.30252311894779,89.61445802753796,27.165299241655426,952.6241957531944,701.8979905261025,33.108768595296105,667.8634791367732
2023-12-07,1019.6432281652773,1049.1227092516883,1012.3600864418747,1030.1964111328125,14840081,813.0965808105469,895.4937800276964,849.5299635817188,87.10166552829543,45.96381644597761,-118580143.71632594,1060566467.0,85.59666430427517,86.40628001605178,30.760302015997162,991.2549897091843,687.2570586306593,33.6316454599826,668.5623686805723
2023-12-08,1038.4703983224833,1045.4067464028817,983.2768736438546,1013.648193359375,12202462,817.00669921875,913.6713820787238,861.6868694911748,81.60710895528717,51.984512587549034,-118852599.80255584,1048364005.0,79.9831936555598,81.29412702626097,32.87397704984826,1018.5494673284876,680.201857134403,35.66723312420006,669.10900410438
2023-12-11,1017.4632447476866,1038.4704224668992,1006.4146087135381,1022.516845703125,7889666,821.1794091796875,930.4168380209394,873.6002010624303,82.25323389088638,56.81663695850909,-118816011.13448548,1056253671.0,82.99160944431092,82.857155801382,34.83667529556713,1043.8746738698212,677.241421100882,35.409274597711565,669.4700575962798
2023-12-12,1027.6201165066186,1038.9163591401214,1013.9455520045681,1032.4754638671875,4902289,825.3659899902344,946.1181650742083,885.3687390479679,82.97640954963963,60.74942602624037,-116442685.64577697,1061155960.0,86.36976239897295,83.11485516628126,36.66403666269241,1067.7668110298996,676.4720988822099,34.66366977898598,669.6978220838489
2023-12-13,1035.4976904778957,1065.2248969030986,1019.4450473924114,1053.8294677734375,8151639,830.1302709960937,962.6891347202436,897.8473115461508,84.4405530712936,64.84182317409284,-112349226.19454968,1069307599.0,93.61344723569887,87.65827302632762,38.638601298534915,1092.7253110350641,676.6479555664985,35.45768261696464,670.0945911520598
2023-12-14,1070.1794673340646,1079.9894699766903,1053.3340497926952,1064.9276123046875,8004131,835.0758862304688,978.4181312716964,910.2236301208571,85.15515454918626,68.1945011508393,-113390691.25553034,1077311730.0,95.01473538794262,91.66598167420484,40.61500668959108,1116.330233752234,679.1980194215938,34.82894958603825,670.5039576493815
2023-12-15,1069.18853549812,1076.6203371813783,1057.347246533587,1068.74267578125,11672787,839.9739392089843,992.3142150423969,921.9657816512566,85.40333044949391,70.34843339114025,-111260147.92181614,1088984517.0,96.0021139388161,94.87676552081923,42.450240267000375,1137.2799241734663,684.502412252315,33.7178168047349,671.1016779472924
2023-12-18,1069.1885630953898,1092.3758091377147,1062.9953948661532,1084.3494873046875,5448342,845.3188940429687,1006.4734876981339,933.9942042922514,86.4046472577879,72.47928340588248,-108788628.91309215,1094432859.0,97.10093963382975,96.03926298686287,44.310478290055485,1157.6422690377653,692.3066018118441,33.408002338079655,671.3887139375073
2023-12-19,1085.0430536536533,1089.0066812469086,1058.883087346105,1064.2340087890625,5993252,850.2496459960937,1015.3597217121229,943.6415972179411,78.89265442881043,71.71812449418178,-112652691.36516157,1088439607.0,89.8353467851558,94.31280011926725,45.82234847099789,1170.7144459341052,706.0285533334729,33.17340173541708,671.6968929115626
2023-12-20,1068.1976042307256,1073.9943852193217,995.8614028310567,1002.9464111328125,8467564,853.8446557617187,1013.4499816229983,948.0345463968205,61.38251340342555,65.4154352261778,-119584597.58270223,1079972043.0,67.40698737716932,84.781091265385,44.530120526822095,1172.904773686309,724.7265434523628,36.384800353477644,672.0809107861195
2023-12-21,987.0919653741686,1018.652326994131,980.2546833452765,1009.6846313476562,5352057,858.3810290527343,1012.8706969652534,952.6012193561417,62.37135991023495,60.26947760911173,-116732465.77069052,1085324100.0,65.78516118268844,74.34249844833789,42.80700772656159,1172.3475459510234,747.7823185509296,36.528574874575995,672.3084791881478
2023-12-22,1024.597693910622,1041.3935168144912,1009.7340910008934,1018.1567993164062,5252106,862.5032006835937,1013.6839434808153,957.4571882420872,63.632300850166935,56.22675523872806,-119190019.70644209,1090576206.0,66.32191126514432,66.50468660833405,41.676330798166305,1169.4960805413912,773.860639429312,36.18431134545164,672.545142599568
2023-12-26,1024.6967743619607,1031.5340559856281,1016.7695193687954,1019.3954467773438,2176775,866.7422998046875,1014.5626362956658,962.045207392847,63.82317386260944,52.51742890281878,-120592499.74777389,1092752981.0,34.90935642630432,55.67214295804573,40.62641650751355,1163.0347384866047,803.4299282614422,34.65432743626457,672.6429882338765
2023-12-27,1027.570424344471,1027.6200180721028,1008.7431938116407,1015.0850219726562,2803997,870.8932080078125,1014.6430033228951,965.974082546907,62.59204119153938,48.66892077598811,-121512443.91212304,1089948984.0,31.064920532334543,44.09872940792777,39.35501868183504,1158.3094772279226,826.655421453718,33.52736292370725,672.7669969114046
2023-12-28,1020.1882217041606,1021.8231212799235,1005.4236850722278,1007.7027587890625,4865603,874.92025390625,1013.5752733946131,969.0650956018815,60.441652713164046,44.51017779273161,-125025675.06550454,1085083381.0,24.480734785519974,30.151670581386316,38.048535947100255,1149.1446039798204,853.7953435299453,32.30393958684928,672.9785368124132
2023-12-29,1012.5086609203333,1025.4895776317146,1008.3468398336297,1015.0354614257812,2429250,879.2544799804688,1013.7999177071005,972.4703078851333,61.8438888273818,41.32960982196721,-125559272.90140863,1087512631.0,31.020717848384734,28.85545772207979,36.92999922779115,1132.6630467921432,889.9810816258255,31.2670023908352,673.0854994252502
2024-01-01,1017.2155328204377,1048.3299129030938,1013.6977649197279,1038.32177734375,3989711,884.0653332519531,1017.5725114973542,977.3481945116974,65.96936816953212,40.22431698565674,-123875486.93671302,1091502342.0,51.7896101988567,35.763687610920506,36.45235962553108,1106.4504631626771,937.9985663783384,31.507369933158824,673.2698021458493
2024-01-02,1038.3217408400235,1073.053075061219,1021.7240507467017,1068.593994140625,6344621,889.6104479980469,1025.4219703655497,984.1071426323588,70.44334487633955,41.314827733190896,-118633212.175603,1097846963.0,78.78917569815054,53.86650124846403,36.534595621145336,1082.4989958895112,981.7433930265044,32.92320238897015,673.5795722416988
2024-01-03,1094.9520531685514,1133.5974197509709,1053.0862393709303,1084.2998046875,33060778,895.5836340332031,1034.4800987227727,991.5288213031099,72.46587847048717,42.9512774196628,-126059171.54175676,1130907741.0,67.85135297635122,66.14337962445286,37.58121358570354,1089.605410384376,982.6781833656239,36.3223436740466,675.3368772336892
2024-01-04,1106.8429979218051,1120.7156944042629,1093.5153486138552,1112.986572265625,9771995,902.1146997070313,1046.5580177293655,1000.5256917447776,75.7323185053577,46.03232598458783,-121840704.68254931,1140679736.0,86.55896720740893,77.73316529397027,38.553073124221875,1102.8375919802563,979.8752925412281,36.32902553424062,675.8767951090734
2024-01-05,1118.8329401013266,1149.4519870519277,1115.1666330095104,1143.7542724609375,10622789,909.7010815429687,1061.511287688069,1011.135216242271,78.65687240189882,50.37607144579795,-114748613.93973687,1151302525.0,96.6325027254165,83.6809409697256,39.82862097212047,1122.6857183886991,971.382952265598,36.33876762367363,676.4987545298492
2024-01-08,1149.4519342064134,1171.251884682742,1141.5246794877485,1158.221435546875,8760094,917.6233813476563,1076.3897719740391,1022.0304917463156,79.88441623564668,54.3592802277235,-113668216.60436903,1160062619.0,93.17767535617237,92.12304842966597,41.26337414658248,1142.3748859165419,966.1511089565048,35.86651316448219,677.0336279642381
2024-01-09,1171.2519299417752,1218.716393595945,1167.7837558683434,1186.214599609375,14701104,926.080771484375,1093.2858993025523,1034.1922775139496,82.03722597865325,59.093621788602604,-117729630.11381277,1174763723.0,86.3702252439587,92.06013444184923,43.04978012214447,1166.2574067490566,958.6383635146152,37.62568779909561,677.9917969391018
2024-01-10,1208.9063872926647,1208.9063872926647,1186.1155291715734,1203.3077392578125,7036728,934.6412145996094,1110.2123362187463,1046.7193487542359,83.21826539732008,63.492987464510406,-114150092.11338818,1181800451.0,93.53831090033908,91.02873716682342,44.7085856708806,1190.4600417511842,951.5189560515502,36.56605710780959,678.45677770244
2024-01-11,1209.8973935534045,1212.473727447531,1189.0883474726336,1192.011474609375,3721202,942.9242053222656,1122.7968190480738,1057.4817284472092,79.4982375714693,65.31509060086455,-116941008.04925984,1178079249.0,87.47968499654525,89.12940704694772,46.281757254354304,1208.1008969413595,947.6963015449686,35.62458016974444,678.7015891420212
2024-01-12,1199.3936982779733,1207.6677464410147,1190.1287432460574,1196.1236572265625,3912779,951.29439453125,1134.0778710755335,1067.7515009493836,79.85133617340877,66.32637012614987,-118178974.4308927,1181992028.0,89.40763773606903,90.14187787765115,47.74255943900845,1224.2521705580614,944.6646324204542,34.332753242973936,678.9588125504602
2024-01-15,1202.9609432826069,1204.2986433684946,1178.287337963908,1192.1600341796875,2825654,959.8954663085938,1143.0135884761726,1076.966947855332,78.44885815382158,66.04664062084066,-117990597.49755937,1179166374.0,87.54933555860184,88.14555276373875,48.50497941104379,1237.804372456035,943.4541663623243,33.73836411166056,679.1421251600035
2024-01-16,1192.6555754889073,1200.9792180237098,1176.0084113796224,1182.498779296875,3173587,968.2002575683593,1149.0882332178192,1084.7841205547054,74.99144350804387,64.30411266311376,-119514438.25259478,1175992787.0,83.01975977062396,86.658911021765,49.097159376692055,1247.9975235856896,943.0759444318888,33.1121100068339,679.3458113819215
2024-01-17,1169.2701966296102,1193.7455498190002,1148.9070104990935,1156.23974609375,5268593,975.5617053222657,1150.1884659679624,1090.077129853894,66.42280313083094,60.111336114068536,-123059817.24915797,1170724194.0,70.30147833427273,80.29019122116621,48.34944515574917,1254.0871453151653,946.1868964328813,33.949712100624815,679.6701448964845
2024-01-18,1160.4015695850424,1173.531085964285,1133.052442472104,1143.55615234375,5918594,982.5287719726563,1149.1681100257758,1094.0385389272167,62.69638991305763,55.129571098559154,-125906806.62702814,1164805600.0,63.33979905265368,72.2203457191835,46.98152550043091,1255.4603637751416,958.8746520939991,34.41606434287882,680.02182728469
2024-01-19,1151.6815168252501,1156.1901914959356,1139.542907592203,1141.9705810546875,2732559,989.5622277832031,1148.0607978763776,1097.5890605662885,62.22641279791365,50.47173731008911,-127842387.45241,1162073041.0,61.04122047018323,64.89416595236992,45.7113143919211,1255.7587186933215,971.8048921465223,33.14686574008266,680.1825879147116
2024-01-23,1188.2460777331712,1196.2228060000816,1119.9725655796494,1126.76025390625,7201014,995.87232421875,1144.7837911117426,1099.7498897025819,57.75388694044124,45.03390140916076,-133761353.33300787,1154872027.0,44.48103962713868,56.2873530499919,45.371933845440644,1254.2836497379337,984.1403065608944,36.22567821725048,680.6072941504023
2024-01-24,1127.65208304398,1136.3225186561372,1108.180737734329,1110.4102783203125,18373913,1002.1031469726563,1139.4955583745996,1100.53954811871,53.317672663088814,38.95601025588962,-149223909.38153064,1136498114.0,13.49424017097795,39.67216675609999,44.55278991142348,1250.980428663074,996.5450107900508,35.648256981861735,681.6195999880413
2024-01-25,1111.946281448076,1145.2407314740765,1101.4921645222623,1135.876708984375,4305042,1008.7957348632813,1138.938812314565,1103.1571155902407,58.6459301937427,35.78169672432432,-146761785.3519186,1140803156.0,29.332284574462733,29.102521457526493,43.977100538526564,1246.873310307869,1012.7312978464279,36.22685055114405,681.8611084663426
2024-01-29,1144.4975011111444,1193.943780978919,1140.5338734016684,1185.768798828125,6768033,1016.4613928222657,1146.1434256243435,1109.2764995337877,66.67181126152073,36.86692609055581,-142065598.2502085,1147571189.0,71.89352830197726,38.24001768247268,44.29192241386521,1243.7452903358253,1033.6659218223776,37.78686636852975,682.279290557791
2024-01-30,1189.0883418556887,1206.1318930381585,1170.261109776307,1176.5533447265625,4683729,1023.9249047851563,1150.8218747169926,1114.2599695480674,64.19361320281226,36.56190516892525,-145106144.65805876,1142887460.0,64.03213806347117,55.08598364663709,44.76136979820354,1236.2246907670824,1057.338309721199,37.65000328948131,682.574685150925
2024-01-31,1184.9264789993358,1203.2086622968059,1180.8141913124978,1196.668701171875,5510242,1031.7342419433594,1157.8752326331285,1120.3643200387198,67.07081556979935,37.51091259440864,-142814265.66330343,1148397702.0,85.75887214140371,73.89484616895075,45.19728522651771,1231.4737844884025,1077.923908382691,36.86466859525002,682.9281592738021
2024-02-01,1202.5645845003933,1228.2290972925998,1189.3855953629943,1207.766845703125,7433628,1039.8358959960938,1165.550865413128,1126.8385811990463,68.57134010297173,38.71228421408159,-143212514.74968073,1155831330.0,83.85454725612236,77.88185248699911,45.96228210177069,1230.8032313150322,1092.5117467123116,37.006013833418265,683.4181303525831
2024-02-02,1221.8378322850706,1275.7926659685045,1220.5000111680336,1249.9794921875,10450227,1048.9096313476562,1178.5398849168776,1135.960130161154,73.51490796361877,42.57975475572357,-142519588.30163932,1166281557.0,85.19041909413795,84.93461283055471,47.21949106765344,1239.7264938011583,1100.1564529761856,39.22171429284406,684.1581379641075
2024-02-05,1257.956339460111,1279.5085650475528,1237.4940872965221,1247.10595703125,5611298,1057.9704858398438,1189.0885113960117,1144.1931543737537,72.67685898015952,44.89535702225794,-145563434.8750931,1160670259.0,81.79796472645822,83.61431035890621,48.424372567455954,1248.9811715163858,1104.3137137375204,39.42119739700024,684.5588655239569
2024-02-06,1254.4881447201064,1272.9189890049738,1237.4940670667875,1261.5235595703125,4408002,1067.5069738769532,1200.2323649612888,1152.8842954994248,74.26221350673714,47.34806946186404,-143991350.24572247,1165078261.0,89.89699520708757,85.6284596758946,49.54319011359656,1262.0209445803869,1103.050869384457,39.13574914994211,684.8747047293714
2024-02-07,1268.360859143996,1274.6530939015922,1240.7641255804656,1244.2322998046875,3359763,1076.6738549804688,1207.001585706427,1159.6508143368517,69.08498081951939,47.35077136957534,-146663441.474444,1161718498.0,80.18369928906992,83.95955307420526,50.601927097816564,1269.8240564233752,1103.8488439672496,38.760979090741,685.1134816625856
2024-02-08,1252.555888701798,1253.0017484131938,1225.50408252275,1233.877197265625,3354609,1085.5850793457032,1211.136295177073,1165.1490649241682,66.11245568604319,45.98723025290474,-147975075.17709392,1158363889.0,74.36676191222897,81.48248546946219,50.78344906066807,1274.6989026811204,1103.7402574751297,37.956456719291204,685.345085797013
2024-02-09,1241.209945942713,1263.9017379106708,1220.8963547022827,1259.9381103515625,3538164,1094.1821875,1218.644266742379,1172.1704756965678,69.65159510318432,46.47379104581114,-145089106.93924257,1161902053.0,89.00637545852976,81.18561221994293,51.119013851550285,1282.7989441298673,1101.3032531357576,38.31709432565527,685.5939196197561
2024-02-12,1266.37900861532,1268.1130956771954,1232.5891077731242,1237.989501953125,2204823,1102.3829321289063,1221.6204567748014,1177.0459591229796,63.624804797103764,44.57449765182173,-146623570.89457196,1159697230.0,76.6768325997417,80.01665665683352,51.49528895109417,1287.2806124927863,1101.4193875072135,38.11758672411355,685.7483154462886
2024-02-13,1238.5840083052178,1259.4426465475858,1215.4959505395022,1253.299072265625,2245009,1111.0890405273437,1226.4940899272358,1182.6943378742867,65.84480242935088,43.79975205294909,-145006248.6518487,1161942239.0,85.27692240457122,83.6533768209476,50.93264029934631,1293.6337566717843,1100.783784832122,38.533951672968556,685.9044611241236
2024-02-14,1250.4749141600203,1269.8967861696567,1237.2959249652697,1256.3212890625,3382943,1119.810010986328,1231.0828897941994,1188.1481861104508,66.28227690076163,42.934703683748694,-144440724.03980196,1165325182.0,86.97464058556862,82.97613186329389,50.615702603871284,1300.1683811500823,1100.665285842105,38.1101594966413,686.1445526601677
2024-02-15,1263.406348311132,1265.9332093918822,1250.6236245949788,1255.5286865234375,3382824,1127.5073767089843,1234.8437815986977,1193.1393342891904,66.04336398573217,41.70444730950726,-145655891.44647193,1161942358.0,82.74514716304071,84.99890338439356,50.3214033152159,1306.24606381683,1101.8905938980138,36.4815470180886,686.3856389798963
2024-02-16,1258.253646261522,1299.0789626848837,1254.0422918821087,1294.9666748046875,5476230,1133.328955078125,1244.0934574765422,1200.6821002533013,71.54025568299835,43.411357223240884,-141179728.00808728,1167418588.0,96.80767239373668,88.8424867141154,50.651974585241916,1317.9758167624923,1104.0335338234454,37.09262728842334,686.7927840811556
2024-02-19,1301.4571849841627,1314.9334950290204,1290.309482030827,1295.1153564453125,2700240,1139.0573889160157,1251.9429803948144,1207.6771562675244,71.55894809953773,44.26582412728999,-142825955.05496526,1170118828.0,85.22350024602281,88.25877326760012,51.2011292537443,1326.8331961016288,1110.3320748944648,36.202011981978345,686.9992000147115
2024-02-20,1299.0789610478841,1300.9617083719008,1281.9362230938657,1288.6744384765625,1856718,1144.2269494628906,1257.5939739458527,1213.6769549496753,69.43146607864674,43.917018996177376,-143367493.37822145,1168262110.0,79.08443182059563,87.03853482011841,51.24678027547499,1332.274090267134,1119.5615664711472,34.975117217410975,687.138833530864
2024-02-21,1292.9354284643712,1303.0426309055179,1269.797654561785,1279.2608642578125,2770510,1149.5392028808594,1260.9273416861543,1218.5350223058335,66.3277042839993,42.392319380320714,-144560747.50510162,1165491600.0,64.12559164213052,76.14450790291636,50.635957874014125,1331.9386975397322,1135.1470202337052,34.851535726433966,687.3448282985979
2024-02-22,1284.215287734715,1305.0243317489349,1269.351684867415,1299.029296875,2556009,1155.0694519042968,1266.7891809459768,1224.4975611628088,69.41929445143904,42.29161978316802,-142863848.4637198,1168047609.0,84.005841821952,75.73862176155943,50.111653956607675,1327.5393935664415,1158.4082260624646,34.91018652322581,687.5370085916472
2024-02-23,1300.1195473172274,1319.8880931206024,1286.1972559088151,1308.6907958984375,2924829,1160.593758544922,1273.2355832463554,1230.7340970691516,70.82896612557977,42.50148617720379,-141883178.90571484,1170972438.0,89.27381223786458,79.13508190064907,49.94085046169932,1325.2519877704458,1177.9770405498666,34.82309014383735,687.761790387014
2024-02-26,1307.9970717356352,1330.7879298037562,1304.7766243999224,1325.9820556640625,2802425,1166.0368103027345,1281.3504251567717,1237.7895014095154,73.20921674651022,43.56092374725631,-140116311.4547755,1173774863.0,95.83156246396076,89.70373884125915,49.999006545300674,1332.5498315235018,1184.7005224804043,34.193676948122814,687.9824482747225
2024-02-27,1324.6939417310855,1327.0225488887756,1302.2994686872123,1317.3612060546875,2197456,1171.0854821777343,1286.8905452949127,1243.6837017536022,70.13649630686521,43.20684354131049,-139636309.39706233,1171577407.0,88.35415626069344,91.1531769875063,49.902171250759146,1333.5582287228935,1197.772911413825,33.51720575193999,688.1540099684865
2024-02-28,1322.3652119711758,1322.7615989094263,1283.3730510069504,1287.6834716796875,2121625,1175.464298095703,1287.0125339694935,1246.9429439703492,60.692464900702035,40.06958999914423,-141293581.34284776,1169455782.0,62.61278677047296,82.26616849837576,48.714997718192926,1330.8085542151553,1209.6240629723447,33.93658733412113,688.3149125463857
2024-02-29,1288.1789623810819,1317.8071027079097,1281.2922078509396,1308.4925537109375,2672239,1179.9471594238282,1290.317152391254,1251.5021743215038,64.32025354944167,38.81497806975017,-139984660.035237,1172128021.0,80.66181512790511,77.20958605302387,47.4975405007515,1330.777279062105,1219.7279089261763,34.12075215718177,688.5189779049124
2024-03-01,1322.8607262745156,1336.7334230294546,1300.4662542764636,1310.0780029296875,3301090,1184.8640393066407,1293.3572832433206,1255.8411245887767,64.58841456115975,37.516158654543915,-141535999.5886128,1175429111.0,78.01387677231875,73.76282622356565,46.88376470897621,1334.4864109348885,1222.0286281276115,34.274067628310995,688.7763053719044
2024-03-04,1333.0175290826207,1344.2148256203498,1324.2480270658891,1330.3916015625,2170214,1191.4129431152344,1299.0548706770405,1261.363382142386,67.91566945239046,37.69148853465458,-142370709.41690278,1177599325.0,87.07129986077634,81.91566392033343,46.50202688969608,1341.0889286283375,1223.7546748872876,34.26426441847894,688.9499991619108
2024-03-05,1331.8285745085257,1342.6293638194713,1321.8699109779725,1326.130859375,1815438,1197.7418676757814,1303.2204073998037,1266.1609730485056,66.50419566050448,37.05943435129802,-143440897.75208125,1175783887.0,80.67770682796612,81.92096115368712,46.000476592498885,1346.4373605176877,1224.8669729784062,33.29963502012321,689.0946081873244
2024-03-06,1330.4906771933802,1332.3734245392363,1292.1426276555221,1312.7535400390625,2758443,1203.6338024902343,1304.6870431904588,1269.6122743070655,62.137761105899365,35.07476888339329,-143372947.47171322,1173025444.0,65.10990178825939,77.61963615900065,43.90312769866477,1347.8290924922323,1230.3273650272988,33.79471801037971,689.3081151653009
2024-03-07,1317.7080025852608,1323.20746313121,1303.0425325421074,1313.3974609375,1640786,1209.5138427734375,1306.0271074592345,1272.8556214648754,62.26618821248319,33.171485994359045,-143328607.75634435,1174666230.0,58.83506305919752,68.20755722514104,41.95558944010452,1346.8806620463713,1239.2278218403474,32.821161766002774,689.4352061741741
2024-03-11,1318.8971326101569,1330.143902148465,1310.0285639117444,1314.8839111328125,2217673,1215.5098205566405,1307.389692639785,1275.9688281069448,62.58171541424425,31.42086453284014,-144475697.47197965,1176883903.0,60.82061987709556,61.58852824151753,40.39985510031305,1348.1758037953468,1243.427260169497,31.91360294248262,689.6083128317126
2024-03-12,1322.8606763443634,1334.7019651005496,1281.6884473594084,1289.4671630859375,3139768,1221.1451086425782,1304.6323804007313,1276.9687047720554,54.23126057991083,27.663675628675946,-146694064.1479434,1173744135.0,26.86966912717174,48.84178402115498,37.60460453686894,1343.7201339666155,1253.0306961115095,33.42073971381537,689.8468449976826
2024-03-13,1295.1153446580022,1296.1062515781691,1177.2964876581068,1198.551513671875,8670336,1224.8154296875,1288.3122470578303,1271.1600239498198,35.81977404154128,17.152223108010503,-152262159.87496206,1165073799.0,12.73378723587345,33.47469208004696,37.60787434359133,1355.7442556243218,1235.5318185944284,39.5199557285473,690.4207978057073
2024-03-14,1198.9973490854763,1264.3972044901386,1184.8273320303401,1256.3212890625,7195603,1229.175419921875,1283.3905612123947,1270.0608584026108,47.91917180282026,13.32970280978384,-146527187.12313098,1172269402.0,47.34339100732519,28.982282456790163,37.61091059269068,1355.7442556243218,1235.5318185944284,42.380664066493814,690.9061679465503
2024-03-15,1262.217322598768,1277.1303996354898,1245.2232441966387,1271.3336181640625,4024586,1233.2302124023438,1281.5356468972666,1270.1551369034592,50.52919045223407,11.380509993807436,-143964946.80917472,1176293988.0,56.337207555485584,38.80479526622811,37.106774583778254,1354.7947852200537,1238.0617821627588,41.632556307376476,691.191898256337
2024-03-18,1238.6336114337846,1258.501342945308,1216.0904797056896,1255.0826416015625,4858444,1236.645869140625,1277.4659537748505,1269.0386557699853,47.74008467960664,8.427298004865179,-139889772.36619687,1171435544.0,46.601323073951875,50.09397387892093,37.19780613931251,1355.5258679235028,1233.3422961389972,42.604740746733356,691.523628060946
2024-03-19,1259.4922414306805,1261.2758012430563,1225.9995404168606,1229.91357421875,2311324,1238.9844091796874,1270.1502030739118,1266.1405015810049,43.71542050909664,4.00970149290697,-141688196.1862322,1169124220.0,31.52265185658943,44.820394162009,37.16936956093683,1358.421148533827,1223.9268373060168,42.08127789526639,691.6801136445168
2024-03-20,1236.651773121733,1241.556713741577,1219.013582460712,1234.075439453125,2772098,1240.7908325195312,1264.6002394399447,1263.7653117937546,44.54789337200319,0.8349276461901809,-140756022.30627427,1171896318.0,34.016005963264284,37.37999363126857,37.2786601683613,1360.159932688771,1216.7281532487289,40.68569599423771,691.8651026315196
2024-03-21,1248.542663452585,1257.1635048875376,1239.9218220176324,1250.9703369140625,3155563,1242.645810546875,1262.5033313590397,1262.8175358767405,47.91564591400474,-0.31420451770077307,-139867399.4718418,1175051881.0,44.13766046042274,36.55877276009219,36.711998590428436,1360.5084583046626,1213.5505748984626,39.428722382821626,692.082468525349
2024-03-22,1250.970277037659,1277.3779682046422,1243.637663276282,1269.9461669921875,3076926,1244.3204418945313,1263.6483829949086,1263.3455826260329,51.479938685173494,0.3028003688757508,-138145950.39630866,1178128807.0,55.50599201091861,44.55321947820192,35.39142046794603,1359.1978146360698,1211.9529055787739,39.0224068503601,692.299689859799
2024-03-26,1269.946227054895,1302.0516340032007,1269.3517071218419,1292.3406982421875,3610644,1246.1011010742188,1268.0625853406439,1265.4933689679701,55.362282090852155,2.5692163726737363,-136679820.79030725,1181739451.0,69.5833842942391,56.409012255193524,33.3076553045054,1357.6953753328703,1211.8203351163484,38.57080113828858,692.5651941482486
2024-03-27,1303.0424847675117,1330.7878760781507,1300.1688307611341,1310.7716064453125,4938400,1248.4763037109376,1274.6332039721312,1268.8473124848101,58.31830261868597,5.785891487321123,-138198078.3987581,1186677851.0,84.79699750983092,69.96212460499625,31.34148798715659,1355.5027477476344,1212.4919177797094,38.5619709024082,692.9437893370397
2024-03-28,1321.8698423051853,1346.3451950491976,1302.0517037398902,1329.6484375,4188741,1251.1467993164063,1283.0970860533419,1273.3510995229722,61.15557600557678,9.745986530369692,-137167290.89693663,1190866592.0,90.12310841835068,81.5011634074736,29.931649102530212,1357.4518596020628,1211.7715290698122,38.971365217186715,693.2708048097301
2024-04-01,1344.4624968187563,1369.185574973874,1337.9720084012833,1363.3887939453125,3251462,1254.5713745117187,1295.4496564982603,1280.0205583690715,65.65561972581875,15.429098129188787,-135123509.74256223,1194118054.0,96.97909812921121,90.63306801913097,29.184518274704452,1368.942946315469,1207.8509745829685,39.01177752123581,693.53677239055
2024-04-02,1385.0897233388353,1411.9927491024328,1375.576920260978,1391.3819580078125,5769001,1258.7490380859374,1310.2084721151143,1288.2695509349041,68.87709754470049,21.938921180210173,-135884837.8998818,1199887055.0,91.21809995277259,92.77343550011153,29.366742356630386,1384.516235238141,1200.566626089984,39.69693306665613,694.0338277976415
2024-04-03,1387.1209224478682,1389.2513963561678,1376.5677403590923,1384.4949951171875,2727582,1263.3141430664064,1321.637167961587,1295.3973616150734,67.20687778275155,26.23980634651366,-135202955.40595666,1197159473.0,88.28368470122896,92.16029426107094,29.535950432704464,1396.4299952266053,1196.0945653202696,37.919596251089274,694.265383333783
2024-04-04,1395.791382007772,1395.791382007772,1349.862873133412,1354.4210205078125,4197697,1267.5314404296876,1326.680837584083,1299.769484496017,60.32731915931972,26.911353088066107,-138567456.5531838,1192961776.0,74.65647309495643,84.71941924965269,28.759169252476855,1399.7932322512943,1195.1342701901121,38.491661438465755,694.6127873315437
2024-04-05,1354.5696900724906,1369.3342266142822,1345.007414593523,1363.0419921875,1853120,1271.9528686523438,1332.2748613692243,1304.4563369176083,61.542600534922,27.818524451615986,-137672971.4496107,1194814896.0,75.01266469976557,79.31760749865036,27.876298216611218,1404.919150633718,1193.6994650889383,37.47988648005815,694.7643137417426
2024-04-08,1369.3837234241817,1369.3837234241817,1324.8425072598186,1336.3865966796875,14038860,1276.1453955078125,1332.9074360323725,1306.8215413444289,55.84629523673572,26.085894687943664,-144434712.89968267,1180776036.0,61.40618857782246,70.35844212418152,26.403313342815398,1407.199204377722,1193.7827170089965,37.98426717179421,695.8831207193604
2024-04-09,1343.818489961263,1352.4889258094217,1333.8598266886777,1344.165283203125,1935801,1280.8204956054688,1334.6394125201805,1309.587744445073,57.09436139335537,25.0516680751075,-144228777.15795162,1182711837.0,64.85244128697363,67.0904315215206,25.03554167429071,1410.3130367317422,1193.745666881539,36.60175516814776,696.0370811462889
2024-04-10,1346.642445659621,1347.534286040862,1335.9406030053535,1340.00341796875,3984001,1284.9030297851561,1335.4646441276527,1311.8407572986787,56.17937675911924,23.623886828974037,-145420523.302025,1178727836.0,62.6958016316155,62.9848104988039,23.76546798208921,1412.7129494647645,1193.8577048321106,34.815464301530675,696.3525643159006
2024-04-12,1337.7243593760302,1346.0480018042115,1328.80619698019,1331.97705078125,2183230,1287.8271948242189,1334.9280913051293,1313.332334593684,54.36973144350179,21.595756711445347,-146800739.555524,1176544606.0,53.498420868186955,60.3488879289254,22.329079407569967,1415.332558645017,1195.4890844213892,33.56020291028002,696.5238313817501
2024-04-15,1307.9971338925372,1322.8607376867706,1296.7007708168564,1303.587646484375,3372368,1290.367880859375,1330.1064844096286,1312.6105058448463,48.42773189225903,17.495978564782263,-148397487.6369966,1173172238.0,35.60924988627872,50.601157462027096,21.508492648673215,1409.0970980299105,1212.2281583177457,33.6827798427167,696.7766631361739
2024-04-16,1290.1607728795857,1309.9789107118374,1282.629904695393,1292.4893798828125,2696593,1292.2842944335937,1324.3192375593492,1311.1200520698808,46.29754857230112,13.199185489468391,-149149805.8243703,1170475645.0,16.220908400345937,35.10952638493725,21.140871288692928,1408.1356589427187,1216.8064064869686,33.230367426554395,696.9744864575753
2024-04-18,1303.9838120141037,1324.3469960273796,1279.260734658696,1283.7694091796875,6219274,1293.804345703125,1318.0808024240166,1309.094078522459,44.6362226502137,8.986723901557525,-154125211.6759972,1164256371.0,3.3968252044442737,18.408994497023013,20.269623220883553,1407.8370753148913,1218.3485692163588,34.07721699384934,697.4308157559552
2024-04-19,1268.3608062977098,1304.033453974833,1258.4517374985091,1298.0880126953125,3899281,1294.7665161132813,1315.0049886196007,1308.2788143871148,47.93971787928959,6.726174232485846,-151243134.41512764,1168155652.0,25.81478054804641,15.144171384278911,20.048841796041593,1406.5117684504125,1223.9744131902125,34.898966956883235,697.7122979614037
2024-04-22,1309.087158203125,1318.8971612807486,1303.0426499505518,1309.087158203125,8903130,1296.0061401367188,1314.0945531709121,1308.3386917068192,50.38862439555534,5.755861464092959,-153357654.96032408,1177058782.0,32.978433693817024,20.730013148769274,19.299404479266194,1401.7768314662176,1236.626708572845,33.892551358922724,698.3795718779087
2024-04-23,1309.0870960186205,1326.3784941929302,1306.9071491983993,1310.0780029296875,3847872,1296.9772290039064,1313.4766223645697,1308.4675295751797,50.61399688782049,5.009092789390024,-155952296.70918876,1180906654.0,33.62376272754679,30.805658989803447,18.336986085261287,1395.996603963132,1250.007192423587,32.86246519003759,698.669448338073
2024-04-24,1318.8970760994,1320.7798233903275,1306.0648802044218,1308.4925537109375,2553035,1298.2624340820312,1312.7098425717031,1308.4693832148655,50.220867719367114,4.2404593568376185,-157662931.5242334,1178353619.0,36.435813119534735,34.346003180299554,17.470973526154086,1391.44884147842,1260.3071765879863,31.566213618313878,698.8607937769915
2024-04-25,1308.492509540943,1324.7928790151668,1304.8262025405147,1318.451171875,6097087,1299.9539135742189,1313.5931240029795,1309.2087749674681,52.70574230893173,4.384349035511377,-155438891.71976492,1184450706.0,43.68690088785268,37.91549224497811,16.510049038755803,1388.8124660461203,1267.7940525085673,30.737675250909465,699.3204378263381
2024-04-26,1327.8152887954548,1329.40071569449,1309.0871235897835,1312.5552978515625,2565490,1301.0062573242187,1313.433458441223,1309.4566655514752,51.08003580229571,3.976792889747685,-157128360.7441552,1181885216.0,48.77183068669142,42.964848231359646,15.432646166822598,1388.035504071252,1270.5924744443728,29.993097883323536,699.5139495241172
2024-04-29,1322.167105505896,1323.6038721055272,1295.1152991517306,1305.2720947265625,2191564,1302.3519091796875,1312.177864023583,1309.1466973422223,49.0666387514257,3.0311666813606735,-157757244.3267639,1179693652.0,42.20636350946091,44.88836502800171,14.961945219454156,1388.1554445701527,1269.9225827735972,29.885631816928758,699.6767478939807
2024-04-30,1311.5148389772019,1322.5138810656601,1304.2811704266085,1312.8525390625,2321071,1303.542978515625,1312.2816601834163,1309.421204136317,51.2217104639373,2.8604560470992055,-157896000.7422867,1182014723.0,57.8503063959409,49.60950019736445,14.524865768326318,1387.7328856342358,1268.6655518657642,29.05328030422325,699.8505499795108
2024-05-02,1321.820225416985,1336.436102352827,1294.6694728264536,1326.626220703125,7991511,1304.9490771484375,1314.4885156479868,1310.6956498079326,54.95146397785875,3.792865840054219,-153658480.81129497,1190006234.0,76.52956086253342,58.86207692264511,13.497104417581102,1383.6635878419595,1269.058592333822,29.961376677233975,700.4540765415547
2024-05-03,1340.696915873282,1341.6878226847184,1298.5337826625469,1308.2943115234375,3528822,1306.0043896484376,1313.535561167287,1310.5177728979702,49.52383477751734,3.017788269316725,-155591013.38123235,1186477412.0,56.90034206365545,63.760069774043295,12.748410511244606,1371.545128121435,1272.8682874059086,30.903709773300942,700.7188812091854
2024-05-06,1310.474280490609,1310.474280490609,1245.5698832337964,1278.22021484375,4000668,1305.6694604492188,1308.102430963666,1308.1253611902503,42.165814577844166,-0.022930226584321645,-155566587.7856634,1182476744.0,33.96902991935746,55.799644281848806,13.496905830086229,1360.8512739694881,1272.9346635305117,33.332330307837495,701.0002581891188
2024-05-07,1279.3598645743118,1289.3185272269698,1253.4972188749623,1275.9412841796875,3474340,1305.2859790039063,1303.1545622276692,1305.7413554857642,41.660692445669575,-2.5867932580949855,-154687188.77174774,1179002404.0,31.59805663686619,40.822476206626405,14.191937197582023,1356.8378668944658,1269.1000969727218,33.51011445384963,701.2422080022324
2024-05-08,1281.589441486419,1281.936234716544,1257.5104758935238,1265.6358642578125,1627418,1304.8252075195312,1297.3824548476914,1302.7705783577678,39.36424208952294,-5.3881235100764115,-155231864.29673636,1177374986.0,20.87641613900994,28.81450089841123,14.837323467399544,1350.2439370113486,1265.95341406287,32.861231908790394,701.3545664243421
2024-05-09,1267.3699719499687,1274.1081875031814,1228.7246014213924,1233.2332763671875,2591646,1303.9046557617187,1287.5133504660753,1297.6196670992063,33.17256476007114,-10.106316633130973,-157308571.2891616,1174783340.0,3.9912768911617666,18.821916555679337,16.24508905095757,1354.2317620201334,1251.6502570228354,33.75568577829029,701.5261480564914
2024-05-10,1238.6335121096063,1267.0724891635214,1234.4221581684337,1255.231201171875,2022402,1303.0286938476563,1282.5468659592752,1294.4797807342186,40.06501332596035,-11.932914774943356,-156753097.42048648,1176805742.0,23.464805141041115,16.110832723737644,17.55229994997574,1350.1373649424345,1246.8512458974092,33.76165199386484,701.661661920855
2024-05-13,1255.4791156891838,1301.0608357536687,1250.177787656357,1294.5208740234375,2495810,1302.7452954101564,1284.3890210460695,1294.482824681568,49.98670240983011,-10.093803635498489,-154898856.76415914,1179301552.0,58.245747479765015,28.567276503989337,17.15182156333524,1344.2292953287088,1248.2110611166036,34.98460885839676,701.8378147527394
2024-05-14,1294.5207637753958,1327.7161440387467,1273.5630592081134,1319.144775390625,2989543,1302.6085498046875,1289.736060176001,1296.309635845202,55.013074628214305,-6.573575669200864,-152855685.52571452,1182291095.0,80.04390540391564,53.9181526749073,16.066887353272932,1341.9749575932613,1249.1821713129887,36.35378571355652,702.0577210779297
2024-05-15,1325.6846923828125,1341.6382683229447,1320.8788183984057,1325.6846923828125,2189768,1302.77501953125,1295.2666189770491,1298.4855659590992,56.270110278218205,-3.2189469820500562,-154031578.00383502,1184480863.0,85.83332688025833,74.70765992131304,15.516854081358275,1344.810220203365,1248.556613292729,35.36376480061103,702.2247095170388
2024-05-16,1339.9042233007008,1354.3219666656078,1298.583455141964,1332.8193359375,4822618,1303.6777368164062,1301.0439600478878,1301.0288081797214,57.66005119209455,0.015151868166412896,-152929869.34145653,1189303481.0,82.8797119379874,82.91898140738715,14.594588333967469,1349.2723091881821,1248.1275199133802,36.81910385225623,702.5916781142154
2024-05-17,1317.906200243574,1331.0853106301365,1309.1366982159714,1323.5543212890625,1945123,1303.9789721679688,1304.50709254653,1302.6973647063392,55.20611289263136,1.809727840190817,-152319564.26102796,1187358358.0,75.50295317364363,81.40533066396316,13.738198711390293,1351.8819625388178,1249.4963577736821,35.880784842918544,702.7378387039813
2024-05-21,1331.7788535276075,1386.0805992133048,1320.8788777918903,1372.9014892578125,4200578,1305.2354418945313,1315.0293074251888,1307.8976702286704,63.99529851192881,7.131637196518341,-149817097.23514834,1191558936.0,91.62465356235077,83.3357728913273,14.216808585022525,1364.4823389634241,1244.3773290053257,37.97513745566825,703.072975211491
2024-05-22,1381.671017371011,1381.671017371011,1351.795150023982,1365.6678466796875,1878562,1305.940966796875,1322.8198519258808,1312.1769425583755,62.072608039686166,10.642909367505354,-149951059.12213928,1189680374.0,87.02766159532658,84.71842277710702,14.661232039109596,1372.9853495035154,1241.532387312891,37.39661816219403,703.2242074822395
2024-05-23,1371.4151629708686,1435.6259791010298,1357.4433997367112,1430.2254638671875,7821034,1308.0228588867187,1339.3437922245434,1320.9212774701393,70.57062317876267,18.42251475440412,-143210511.68589354,1197501408.0,97.38981185412678,92.01404233726807,16.23056674539361,1398.1083501590692,1228.4241327510872,40.309901105202925,703.8923419651552
2024-05-24,1421.951431600066,1431.8109070796468,1369.5820250185661,1403.2232666015625,19100263,1309.8322534179688,1349.171403667162,1327.017721109504,64.1011808280017,22.15368255765793,-141659381.29428264,1178401145.0,84.33905425722244,89.58550923555863,17.68780611551448,1411.3962457438217,1224.609308455397,41.87554260205133,705.5043368170565
2024-05-27,1431.860418378904,1443.800894473385,1410.654987298739,1418.6318359375,5517078,1311.9369409179687,1359.8576240164448,1333.8039518375037,66.01573922243892,26.053672178941042,-144520994.41879407,1183918223.0,88.29761375429669,90.00882662188201,19.26655025075372,1426.196981794681,1219.8266388107877,41.782834407034976,705.9837959201942
2024-05-28,1424.9241460917976,1424.9241460917976,1385.2878694272135,1387.76513671875,4070886,1313.3945654296874,1364.1510875091071,1337.801076643522,59.20408374194633,26.35001086558509,-148083019.66879407,1179847337.0,73.94610212056759,82.19425671069561,19.714272409713704,1433.5774769477798,1219.9671275444075,41.62950885400277,706.3248489496019
2024-05-29,1393.215083388741,1414.8663746817738,1370.3251584867214,1397.1787109375,3214475,1315.5487963867188,1369.2322603442444,1342.1994199245573,60.541286159570646,27.03284041968709,-147421530.7689217,1183061812.0,78.32295560133423,80.18889049206621,19.584498101849398,1441.9200539903857,1220.8152121228957,41.83748794979203,706.5918962400737
2024-05-30,1397.1787102316364,1400.7955445601142,1361.15926909255,1370.919677734375,3477661,1318.9961596679686,1369.4918630196491,1344.3268464289881,55.114357925857675,25.165016590661025,-149186447.97161335,1179584151.0,65.19168181774603,72.48691317988265,19.13904991512448,1445.7718014441966,1222.770178536272,41.680258486775756,706.8736472944556
2024-05-31,1378.3514858922338,1437.8058993742857,1378.3514858922338,1424.32958984375,8238969,1322.3563256835937,1377.928436377203,1350.2529755708224,62.48116922417889,27.67546080638067,-144682471.54672322,1187823120.0,89.9437081917939,77.81944853695809,19.614722315972678,1457.255240803998,1221.0570760905332,43.48068442628539,707.5758503359882
2024-06-03,1534.9147285722456,1606.6564095419903,1521.0420325102627,1569.546875,23398347,1328.3205908203124,1407.4081961653258,1366.4969681211319,74.65913354101403,40.91122804419388,-141568142.1691418,1211221467.0,88.85911877112122,81.33150292688708,22.249660941114627,1506.1354847727175,1198.3020884694702,53.398265517139315,709.9909694325381
2024-06-04,1543.8328169816089,1543.8328169816089,1177.1972956188392,1237.593017578125,52109624,1327.9707983398437,1381.2827840749871,1356.9485273401685,41.49938825208951,24.33425673481861,-176509771.36706197,1159111843.0,14.063206484911898,64.28867781594238,21.94278556048312,1508.952976985318,1191.4218765303071,77.60907365028369,713.7875498490296
2024-06-05,1269.351746612089,1355.560647435861,1150.046530935174,1342.282470703125,20879925,1330.2181762695313,1375.2827358639315,1355.8621527744615,49.16736455241034,19.42058308947003,-158327931.91988915,1179991768.0,42.100696628485366,48.34100729483953,21.885704007637084,1508.657598000079,1198.3513741678898,86.74514813959821,715.2036813901597
2024-06-06,1371.4150441300956,1391.233180605964,1332.5715450215157,1340.6473388671875,12153840,1332.3496142578124,1369.9542132490478,1354.7351295220708,49.059202389312354,15.219083726977033,-167135397.23069447,1167837928.0,41.742594030940495,32.63549904811262,21.381454976584514,1507.272069618682,1207.238050010224,84.7391829570875,716.1291999429096
2024-06-07,1345.3541855218457,1372.4059909845823,1342.7283791304474,1366.3118896484375,5884018,1334.6564453125,1369.3938557720307,1355.5926673092092,50.88550886394841,13.801188462821528,-163667867.60125077,1173721946.0,47.36326760452946,43.73551942131848,20.91322373346427,1502.718675792307,1225.099305164724,80.95485932568087,716.5802736524314
2024-06-10,1391.2332656385024,1402.4800345839021,1368.6901340193601,1371.4647216796875,4843234,1336.68681640625,1369.712450527055,1356.7683750403557,51.263308006895635,12.944075486699148,-167715717.3551912,1178565180.0,48.49176531618039,45.86587565055015,20.080530090090168,1499.2670746405217,1240.1742583672906,77.75580829780827,716.9628322629497
2024-06-11,1378.3514899719598,1405.8987500176386,1371.464735440697,1390.688232421875,4122878,1338.6537670898438,1372.9394938954888,1359.2809570686163,52.724341946178555,13.658536826872478,-167235232.44438857,1182688058.0,52.7018167502057,49.518949890305215,19.261239228196256,1499.6158692993217,1249.4421995483344,74.66139544353275,717.292295519604
2024-06-12,1398.9127262037975,1401.5881262777941,1377.955022423133,1381.2745361328125,3258265,1340.0638256835937,1374.2218080858463,1360.9101110733716,51.90377249913868,13.311697012474724,-169578183.45061237,1179429793.0,50.64016702905094,50.61124969847905,18.50046914215191,1500.1252457702828,1255.145799151592,71.01651747289907,717.5515049890713
2024-06-13,1390.8369525144044,1398.1696880399163,1375.4284222209853,1391.67919921875,2839159,1341.3044409179688,1376.9075605678315,1363.189302787844,52.77854685765189,13.718257779987425,-168359649.25643772,1182268952.0,52.918843766769285,52.08694251534201,17.82690770805278,1501.1843508733568,1260.686144732112,67.56828521190134,717.7777103863458
2024-06-14,1402.1781826462716,1435.0184097770925,1388.693737762958,1423.7730712890625,5651491,1342.5121264648437,1384.1176391403285,1367.67698934349,55.469004820561985,16.440649796838443,-165451963.07982272,1187920443.0,59.94757301113772,54.50219460231935,16.630505306756238,1504.9865269800375,1265.9793421605873,66.0508842692037,718.2459096551675
2024-06-18,1439.9942230752595,1451.538036365905,1427.1069702234236,1438.00390625,5651898,1343.4445654296876,1392.4078340802778,1372.8863905958242,56.648467665904086,19.521443484453584,-166062053.19673213,1193572341.0,63.064201806896115,58.643539528267745,15.612385775030562,1509.2510888280792,1273.1597388086395,63.316175755463625,718.728968924845
2024-06-19,1438.999046715492,1444.969997116801,1413.5727009981988,1441.387451171875,4484742,1344.5824145507813,1399.9431597866774,1377.9605432310873,56.94049075294187,21.982616555590084,-162600762.01908627,1198057083.0,63.80521620023309,62.272330339422346,14.541471422453325,1514.3147935342615,1274.9446302938634,61.0362557814021,719.1088499057463
2024-06-20,1452.2346911306545,1469.6499630037658,1437.1082106732888,1462.2857666015625,4905603,1346.7397094726562,1409.5343300658903,1384.2068560733446,58.78707932850235,25.32747399254572,-159915434.28861466,1202962686.0,68.38205879799978,65.08382560170969,13.84918040431614,1521.8488383799945,1277.0723774403182,59.000934106336025,719.5373065484813
2024-06-21,1472.7845617849914,1491.6428855368783,1462.882784724998,1478.3077392578125,25891893,1349.0450244140625,1420.1148545569554,1391.1772918647866,60.19640936887387,28.93756269216874,-158034039.9204062,1228854579.0,71.89095630699265,68.02607710174188,13.543275429401673,1528.394712817798,1275.334730541577,56.88351873697744,721.8555086603785
2024-06-24,1467.7093420561873,1472.4861509682707,1443.1786631984553,1453.1800537109375,3009931,1351.3808935546874,1425.2018082729526,1395.7700890385756,56.90951758414572,29.431719234376942,-158989649.8142737,1225844648.0,76.97919747769437,72.41740419422896,12.9019631794511,1532.858340666481,1275.8667814038315,55.329629974290285,722.1165001090876
2024-06-25,1459.0514370009787,1461.788122459451,1430.0425468453147,1449.099853515625,3343186,1353.4795849609375,1428.8784306179791,1399.7204419628015,56.37126482417884,29.157988655177633,-158318914.5275847,1222501462.0,87.54581790813963,78.80532389760891,12.069442207126716,1535.7375888139957,1276.0343350141295,53.64505466285071,722.402499506284
2024-06-26,1451.8365477936857,1467.3609938292868,1444.0245790060853,1460.6934814453125,3217949,1355.8933862304686,1433.7730538221845,1404.2369634059505,57.59843781540173,29.536090416233947,-156939783.95544073,1225719411.0,80.54369568314738,81.68957035632717,11.397193907168331,1541.2265686660853,1277.838189634696,51.48015181716148,722.6815138512975
2024-06-27,1468.455647228092,1486.7665852919367,1451.9360427984843,1478.3077392578125,7803408,1358.82,1440.6245438892042,1409.7236875431256,59.463975362215976,30.900856346078626,-152926602.69829792,1233522819.0,91.04509923118549,86.37820427415754,11.12663398209007,1548.470362911468,1278.7072982213442,50.29089400832511,723.3710096511227
2024-06-28,1472.8344287673342,1486.766646336755,1438.0038848437825,1470.943603515625,11534763,1362.167119140625,1445.2890146009613,1414.258496133681,58.30892924862324,31.030518467280217,-148877676.97627446,1221988056.0,83.16484847571377,84.91788113001557,10.584547706096597,1554.18782398284,1282.9922297280975,50.18174168579992,724.3782437394333
2024-07-01,1475.8198077440181,1484.179162036538,1464.4749784526905,1467.3609619140625,3372730,1365.66455078125,1448.684698802977,1418.192012117413,57.72150845159866,30.492686685563967,-151262429.6811733,1218615326.0,79.79505958164403,84.66833576284779,10.081181878388369,1557.9909229641194,1283.4922679538495,48.004773249946176,724.6749247308863
2024-07-02,1472.3368614690432,1482.3879370723641,1448.005287037499,1467.7093505859375,5368562,1369.343349609375,1451.6115683080477,1421.8599631150814,57.76606598412692,29.75160519296628,-150477743.65029347,1223983888.0,79.40571743993263,80.78854183243017,9.473170033010309,1537.0839024294285,1294.215536047134,47.031764448868955,725.1429138391006
2024-07-03,1472.6354472605935,1506.6698159107152,1463.6790216706354,1503.3360595703125,4435563,1373.448310546875,1459.5691823483962,1427.8952295191727,62.15814759282052,31.67395282922348,-146730099.37968135,1228419451.0,97.45982860538336,85.55353520898672,9.211300000480017,1525.0462270665328,1332.8275156092484,46.743123719669725,725.542259098405
2024-07-04,1507.3166148659561,1512.6406877275601,1487.1148518262994,1496.369873046875,2980840,1377.19396484375,1465.2308270712392,1432.9674253360395,60.8261505147612,32.26340173519975,-147549385.29292348,1225438611.0,86.87275912369613,87.91276838967075,9.095080726518873,1528.3321564738899,1344.9503264362666,45.227603161211945,725.8130175499728
2024-07-05,1500.6987968940957,1502.191534424163,1486.6670884073235,1493.185302734375,2111633,1380.8561108398437,1469.5315156347986,1437.4280088470273,60.19114392427269,32.103506787771266,-147887805.0704813,1223326978.0,80.36158234815623,88.23139002574527,8.975471001606632,1527.7608093815354,1360.7754699153395,43.105949079471046,726.0035445045028
2024-07-08,1488.7569567167961,1493.7825551958272,1461.8876800915598,1468.1572265625,2177821,1384.049404296875,1469.3200865467527,1439.7042471963216,55.30451048747284,29.615839350431088,-149209441.5003738,1221149157.0,55.0980466711389,74.11079604766378,8.442227146096767,1525.2946114649824,1373.4262015232987,42.30515808124221,726.1949819753357
2024-07-09,1472.8344330123055,1496.6684281169682,1467.8586410088856,1470.8441162109375,2256634,1387.0972631835937,1469.554552648935,1442.0109041603673,55.72012489851014,27.54364848856767,-150998378.54573599,1223405791.0,49.397684899216806,61.61910463950401,7.872248233639008,1521.753431705941,1386.9053207354652,41.34120301173082,726.3942634476925
2024-07-10,1484.7762962729585,1487.2143857012602,1452.93122825638,1480.5966796875,2082079,1390.4580908203125,1471.2533414240988,1444.8691097549697,57.27316014268703,26.38423166912912,-149720110.38151312,1225487870.0,61.20492822502734,55.23355326512772,7.729470000327353,1520.4131349688716,1397.236462199097,40.837056899812914,726.5768449222272
2024-07-11,1487.7618119698423,1491.2448663791363,1470.744627580294,1476.665771484375,1765496,1393.8859643554688,1472.0860229718337,1447.2244180312218,56.41429906692115,24.86160494061187,-150465739.6394077,1223722374.0,56.44585234131098,55.682821821851746,7.479215821750954,1514.2202403182005,1412.9684803849245,39.38442703545787,726.7328316883028
2024-07-12,1482.7860244554458,1489.7521332951694,1473.9788968610833,1479.501953125,2018935,1397.2189526367188,1473.22693530309,1449.6153465566867,56.916306930326954,23.611588746403186,-151070799.7324046,1225741309.0,59.879563572981866,59.17678137977342,7.246836941644298,1506.742479131282,1429.228516962468,37.697913421074176,726.9114927433133
2024-07-15,1486.7665585897473,1497.7133003196584,1478.1087296314424,1487.8115234375,1913095,1400.4426586914062,1475.4707180929993,1452.4446929923026,58.427103460945524,23.026025100696643,-151090217.3230281,1227654404.0,66.73334959333208,61.01958850254167,6.774815413167526,1505.0807956682484,1437.2940456403453,36.40553179729859,727.0822354560739
2024-07-16,1488.7569546403818,1503.2862428697563,1486.0202690619988,1491.792236328125,2170314,1404.1126171875,1477.9817208984032,1455.3593258319931,59.1658300970148,22.622395066410036,-151809471.39386415,1229824718.0,72.06679467246235,66.22656927959213,6.427094952767298,1505.2537647556733,1442.4999095607332,35.03842051233137,727.2773235944394
2024-07-18,1482.7859723162937,1496.9669790985133,1465.0721047264356,1486.6671142578125,3263419,1408.2815551757812,1479.3179352613893,1457.6784212709426,57.74316684184187,21.63951399044663,-150653775.0471317,1226561299.0,65.20004546524724,68.0000632436806,6.5078397892756366,1504.169650182267,1448.1119904427328,34.81388150231326,727.566353317497
2024-07-19,1485.3237119953674,1494.9268933297992,1458.4046288017469,1462.186279296875,2568243,1412.006455078125,1476.6822958822333,1458.0123366802711,51.38705439283665,18.66995920196223,-152690167.26854157,1223993056.0,21.939977331271507,53.06893915632707,6.786529565502576,1504.1745432282712,1448.09714866626,34.93590886129462,727.790329126065
2024-07-22,1462.882799437063,1467.8585912718831,1435.5657508556187,1460.24560546875,1721261,1415.8986499023438,1474.153574280159,1458.1777639979362,50.90865174448103,15.975810282222938,-151780475.35862923,1222271795.0,32.02059659696693,39.720206464495256,7.699189335937912,1504.0851683206881,1446.3803101949368,34.747118258078174,727.9368794303639
2024-07-23,1460.8925428954851,1509.6553048858657,1412.1297809051043,1500.052001953125,5987213,1421.2350244140625,1478.1379477683076,1461.2795594020242,59.28219404376628,16.858388366283407,-146972379.73867399,1228259008.0,87.47530375318172,47.14529256047342,7.183381542721278,1506.497398885719,1448.6552744541248,39.23129009541269,728.4597682567612
2024-07-24,1500.6988317983287,1506.222009379755,1472.8343972556543,1477.6112060546875,2201442,1425.6826245117188,1478.0569105815969,1462.4893110059252,53.71925484474865,15.567599575671693,-148543895.43684238,1226057566.0,65.14857662686367,61.54815899233747,6.704417163305833,1504.811148610906,1453.192659982844,38.81388452603327,728.6548367094553
2024-07-25,1463.878002749086,1492.1902105667564,1459.7480711035266,1479.800537109375,2211808,1429.3882177734374,1478.3251608166397,1463.7716240506252,54.17108734131021,14.553536766014531,-148021469.1683699,1228269374.0,69.38773917033241,74.0038731834593,6.603171370973351,1504.3612360530112,1455.553278107145,38.35875987869016,728.8485719605509
2024-07-26,1488.657492356205,1540.4057297645463,1482.7860334313218,1535.2806396484375,4500728,1433.7109350585938,1487.0875421753778,1469.0685881689817,63.81259695535978,18.018954006396143,-144321392.2670739,1232770102.0,96.0046367525025,76.84698418323289,7.148454027155184,1517.0795979299976,1448.532206269221,39.94779079129596,729.2647225326228
2024-07-29,1540.405728385495,1551.4519624496038,1532.5439526442526,1541.2017822265625,1928637,1438.0212768554688,1495.4128098755602,1474.4117877288027,64.6669542046231,21.001022146757578,-144483813.71672955,1234698739.0,92.64282247851007,86.01173280044837,7.922798009266001,1528.4993402724401,1444.1382817978722,38.4449492922999,729.4479313849484
2024-07-30,1547.073220196865,1549.3621331024478,1528.5632983023443,1538.763671875,2800881,1442.1401635742188,1502.0821732600893,1479.1785939618544,63.99695555315362,22.903579298234945,-144537422.3039104,1231897858.0,90.8928424505389,93.18010056051719,8.501127384232918,1536.8615582753896,1442.9163347910167,37.184512542857306,729.712922568903
2024-07-31,1549.4616266974976,1570.2604615251346,1539.5100427110012,1562.2991943359375,2622023,1446.9150610351562,1511.3463303486812,1485.3356754710458,67.4977027425455,26.01065487763549,-143273080.0435058,1234519881.0,94.96538738846822,92.8336841058391,9.555531224605662,1550.000888743879,1439.2359886975273,36.77824662194854,729.9664905330877
2024-08-01,1573.2956416043264,1597.1794434732692,1560.9059679765317,1582.451171875,7160588,1451.1060546875,1522.2855367373456,1492.529415945413,70.17208187409524,29.756120791932744,-141927379.2812502,1241680469.0,92.04090869776977,92.63304617892565,11.120342316429072,1565.8968664504266,1431.2515222214486,36.742191541576325,730.6772577561935
2024-08-02,1572.300449805686,1591.9548280096474,1542.6944877009848,1580.3115234375,4313297,1455.3989282226562,1531.2126116142924,1499.03179427816,69.51802460968958,32.18081733613235,-139653086.8990197,1237367172.0,90.88465236754715,92.63031615126174,11.895115890820941,1578.910009187931,1426.6325445230066,37.63634502493962,731.100535849197
2024-08-05,1532.54389272946,1555.8803079588502,1464.4253507644685,1486.6173095703125,7147230,1456.5267651367187,1524.3517959152186,1498.1122028183195,48.29155948009962,26.23959309689917,-143331701.55871013,1230219942.0,40.252723313002505,74.39276145943984,11.659167997859324,1578.8005037167707,1426.0852506777608,43.22561842837475,731.7431930491765
2024-08-06,1517.5170151012455,1532.2950925258015,1480.8951386771212,1486.8660888671875,3159971,1458.1996215820313,1518.5847640616755,1497.279157340458,48.336666986797255,21.3056067212176,-145757507.3297451,1233379913.0,40.38716251890128,57.17484606648369,11.440073525823538,1578.4810034300226,1428.2756371949772,43.809499529825146,732.0261437265863
2024-08-07,1512.6407433969514,1540.3558800903063,1506.8687761791136,1536.3255615234375,2258441,1460.55349609375,1521.3141175173314,1500.171483576234,56.46727722093748,21.1426339410973,-144042692.7190929,1235638354.0,67.11483765747718,49.25157449646036,11.011248453256199,1581.5052086108356,1431.7995765454145,44.500948936488975,732.2355656068197
2024-08-08,1530.5536397365145,1548.4664911768639,1506.4708547250975,1511.6456298828125,2468123,1463.0311059570313,1519.8266578812515,1501.0214203396843,52.064174076940866,18.805237541567294,-145902562.92591265,1233170231.0,53.77791431586671,53.75997149741509,10.38317046229484,1582.11363620752,1434.2960439682615,44.32199804472307,732.4626789510477
2024-08-09,1534.0366946308325,1536.0270114581187,1511.6456303238629,1526.3740234375,1503033,1465.6150122070312,1520.8339448899053,1502.8993909395226,54.35178380343501,17.93455395038268,-145589680.67772627,1234673264.0,61.737071522793336,60.87660783204578,9.79995518497358,1583.5248757419854,1437.8556296291085,42.897668296907575,732.6013575582126
2024-08-12,1492.7376133067207,1516.870204721846,1450.2940828725068,1494.130859375,9230512,1468.0792358398437,1516.7257778876121,1502.2498700828912,48.85512471423683,14.475907804720919,-142664606.5514191,1225442752.0,29.84421069819375,48.45306551228463,10.733664229197743,1583.2760156293468,1439.567380366747,45.26783060177083,733.4115946054834
2024-08-13,1498.559272957807,1510.1030862607404,1472.33687305296,1476.2677001953125,2485446,1469.117998046875,1510.501458242643,1500.3252649060337,46.075052135717,10.17619333660923,-144632666.36054528,1222957306.0,17.682917628123985,36.42139994970372,11.600679770263037,1583.6276299308988,1438.061383740976,44.732000787914366,733.6292157898005
2024-08-14,1480.7956277626452,1480.7956277626452,1444.9699270909682,1454.8717041015625,2648057,1466.8244946289062,1501.9430345286305,1496.9583344760729,42.92434112659032,4.984700052557628,-145816943.47997072,1220309249.0,6.505360010292807,18.01082944553688,12.948461928268186,1585.4036166837839,1432.593343765435,44.09583649389741,733.8529241223462
2024-08-16,1464.0769642627536,1489.9510822169516,1449.9955703288085,1486.21923828125,1985315,1471.7970190429687,1499.5239889521104,1496.162845869049,48.48275549131871,3.361143083061279,-144202485.23505116,1222294564.0,27.10034968291791,17.0962091071116,13.880565961534813,1585.407648381104,1432.5445244704583,43.80009902205781,734.0240559272966
2024-08-19,1493.6829246323464,1499.7036814342016,1482.7859889429067,1489.2047119140625,1343387,1474.7354638671875,1497.9364078693338,1495.64742853905,48.99223975924043,2.288979330283837,-144526486.28741214,1223637951.0,29.061773451793144,20.889161048334653,14.405623004476839,1584.3189531973378,1436.3350629159434,41.87992712700332,734.1421790406607
2024-08-20,1497.6635975446497,1502.6891960968253,1479.1039904186803,1485.32373046875,990643,1477.6289916992187,1495.995995961552,1494.8827101634722,48.32320771815617,1.113285798079687,-144994637.17718807,1222647308.0,26.512010771012573,27.55804463524124,14.978404549261025,1582.9386204298207,1440.2232081834604,40.57316130922773,734.2290863250619
2024-08-21,1491.8418600134746,1509.6552187961163,1485.3236457005783,1496.2205810546875,1551436,1480.2271655273437,1496.030547514342,1494.9818117109696,50.37241947420005,1.0487358033724377,-145156446.8072319,1224198744.0,33.671123318593466,29.74830251379976,15.24846371519533,1582.8902539469145,1439.888432576523,39.41304786539275,734.3665978091287
2024-08-22,1499.7037312794307,1502.1916273167224,1483.1841258876736,1485.074951171875,1442064,1482.4993701171875,1494.3450711539624,1494.2479701895552,48.26425169046727,0.09710096440721827,-146311603.9686014,1222756680.0,27.28513189466671,29.15608866142428,15.556134898385752,1582.6294486774416,1440.8956123577148,37.95550883422532,734.4932120010949
2024-08-23,1485.7714325355475,1495.7230161426176,1478.9048155508108,1484.0797119140625,1181075,1484.3671997070312,1492.7657851170547,1493.494765872852,48.07078724606483,-0.7289807557972381,-146765854.39674976,1221575605.0,35.26251061177261,32.07292194167763,15.9606831753559,1582.4810342230028,1441.4719442926223,36.44570110262399,734.5963425768671
2024-08-26,1488.2593224400064,1489.7520599750515,1472.8343679112065,1475.3720703125,1087057,1486.249150390625,1490.0898289932773,1492.1523439794926,46.32128729831053,-2.0625149862153194,-147526788.0521668,1220488548.0,29.37502659151072,30.640889699316713,16.508702712683277,1580.3558498003622,1437.606271781669,35.050843314139776,734.6903653647507
2024-08-27,1477.7107188642647,1489.6526195544263,1468.4556972376713,1471.1923828125,910064,1487.8394140625,1487.1825295808499,1490.599754263419,45.46593161788819,-3.4172246825692127,-148201859.53922048,1219578484.0,25.336547114519465,29.99136143926763,17.144354290530295,1577.0578861364459,1433.9032955041791,34.061277528612294,734.7687562479954
2024-08-28,1472.2373340582778,1479.2034427295885,1459.8973458303828,1462.683837890625,1225101,1488.6176293945311,1483.413500090046,1488.531908606175,43.69698877326543,-5.118408516128966,-149073317.41525635,1218353383.0,17.11545784742704,23.942343851152444,17.98309578321982,1573.858227730792,1429.4949705113954,33.00733605508325,734.8729528394196
2024-08-29,1464.9229309627651,1475.8198665509078,1445.5670277283143,1468.903564453125,3359850,1489.2356225585938,1481.1812022997506,1487.0779571874305,45.37022701495006,-5.89675488767989,-147249702.59235856,1221713233.0,26.284212292207997,22.912072418051537,19.15597892568415,1564.8504217624156,1429.1632134914905,32.810586252762555,735.1570666960663
2024-08-30,1473.779746383045,1479.8005031415455,1458.9021772733731,1474.7252197265625,1996592,1489.9023779296874,1480.1879742115677,1486.1629395977366,46.959127490723105,-5.974965386168833,-146222879.2071279,1223709825.0,41.38411368639249,28.261261275342537,20.027348251600817,1547.529841253582,1435.7111987854807,31.95971051100611,735.3275833748521
2024-09-02,1482.785947562939,1492.2399519265955,1471.640222589082,1487.26416015625,2054244,1490.4019458007813,1481.2766182030573,1486.2445114909597,50.311282724021844,-4.9678932879023705,-145161025.95382258,1225764069.0,64.93502480823966,44.20111692894674,20.171117086376636,1525.306785627563,1448.6295180833745,31.14828328432807,735.5059374774285
2024-09-03,1487.2641655351101,1490.8467113268573,1469.4508066369913,1472.3865966796875,882478,1490.2835229492186,1479.9089225840773,1485.2179992827173,46.5519801857666,-5.309076698639956,-145801329.55990452,1224881591.0,42.38470425965056,49.56794758476093,20.378474081651483,1525.1195219157876,1447.3937105060872,30.451684813295067,735.5819001971305
2024-09-04,1464.8731647058657,1468.0079379615238,1453.9762288182849,1464.97265625,1122071,1490.519375,1477.6110354557577,1483.718344243257,44.75721790161802,-6.107308787499278,-145164702.1435142,1223759520.0,30.27956975904584,45.86643294231205,21.074869466316763,1525.1126556481736,1445.2112335119828,29.59159074530275,735.6764806476039
2024-09-05,1469.6000704576943,1469.6498769661343,1455.9166433584608,1458.454345703125,959956,1490.70646484375,1474.6638524168911,1481.8469369439879,43.18094448611237,-7.183084527096753,-145769886.25779992,1222799564.0,20.10872480575489,30.924332941483794,21.625140480259464,1515.2468487355868,1447.289918842538,28.45885094975781,735.7572677781229
2024-09-06,1458.5041302500283,1461.638903513423,1420.6384259265865,1435.41650390625,3340767,1490.2009252929688,1468.6257987998695,1478.4076456078592,38.07682716547827,-9.781846807989723,-146702383.00615108,1219458797.0,16.601449572917623,22.329914712572815,23.120505635816762,1513.9583089073835,1440.9555460730853,29.354681423834858,736.0297143868772
2024-09-09,1424.0715758444799,1434.6202298882108,1404.1684091660104,1428.9478759765625,1621371,1489.2137280273437,1462.5215029808992,1474.7439589685039,36.76283560306119,-12.22245598760469,-145685047.49013633,1217837426.0,23.490583227838986,20.066919202170528,24.872827375006327,1507.6495825834834,1437.5216576508917,29.48992523214948,736.1587351355213
2024-09-10,1432.0328547528766,1456.911813313559,1428.0522213831673,1446.3631591796875,1542798,1488.722119140625,1460.035603934559,1472.6416775026657,42.51449581563088,-12.606073568106694,-145270085.43041447,1219380224.0,43.04566898507874,27.712567261945143,25.292995447173436,1505.5716320154509,1434.822838199393,29.444901424881063,736.2852481514105
2024-09-11,1447.9056667496254,1450.791650407999,1418.200212779607,1423.673583984375,1637596,1487.8483715820312,1454.4414470191462,1469.0144113161257,37.703028132623714,-14.572964296979535,-146357649.18613967,1217742628.0,21.304416525263775,29.280222912727197,25.938646395427877,1508.1779523369494,1426.9571062568004,29.66965401084613,736.4170401507333
2024-09-12,1437.0087093016402,1467.858619265872,1433.227058843339,1465.47021484375,4003674,1487.8035888671875,1456.1381805306237,1468.751878244098,49.1250745330137,-12.613697713474266,-142906210.9254287,1221746302.0,69.60455529248905,44.65154693427721,25.694778381740313,1508.3059878251213,1427.8889218428474,30.70646695874976,736.7504612050956
2024-09-13,1465.818485916369,1468.505486427539,1442.979649707543,1445.0694580078125,1683544,1486.6382568359375,1454.4353001424988,1466.9976248932621,44.806796826448554,-12.56232475076331,-144314090.36926448,1220062758.0,46.44070895066307,45.78322692280533,25.437042416626525,1506.538990520139,1425.5409411204862,30.336421941695907,736.8899224985377
2024-09-16,1448.0549141419633,1454.0756708482766,1431.833905662941,1433.724609375,1673805,1485.3853515625,1451.2490400244221,1464.5329570770946,42.565976395833445,-13.28391705267245,-145703325.39018303,1218388953.0,33.55930790191286,49.86819071502169,25.543926292519444,1504.6293012738738,1421.902620112845,29.758232173384446,737.0261384899136
2024-09-17,1435.8145091750096,1438.0038089429297,1413.2243418493701,1419.69287109375,1321316,1483.9155029296876,1446.3942448043188,1461.2114692264763,39.907601438586084,-14.817224422157551,-146334798.37178427,1217067637.0,17.62710342197764,32.54237342485122,26.168234755685237,1504.1462296543173,1415.8226057949014,29.402606096254097,737.131147916705
2024-09-18,1423.076465668153,1432.281680568454,1408.1988966642487,1421.88232421875,1421406,1482.9900048828124,1442.6231800988467,1458.298199225904,40.53169266005772,-15.67501912705734,-146140967.02182513,1218489043.0,20.113097258774435,23.76650286088834,26.881381092054774,1500.1166310764993,1412.4183786891258,29.022618796822048,737.2436067176524
2024-09-19,1426.0619339988111,1431.0377258131823,1387.6985305182914,1401.3819580078125,2072872,1481.60076171875,1436.278376700226,1454.0821813578973,36.689485256724275,-17.803804657671208,-146904908.68686792,1216416171.0,13.08900080483716,16.94306716186311,28.049878920155347,1499.9285609432668,1404.237149505952,30.045231403826968,737.4041647042529
2024-09-20,1412.0798757453908,1446.0148722698104,1402.377081945548,1431.7342529296875,4407151,1480.6235131835938,1435.5792807355278,1452.426779252104,45.00225156160708,-16.847498516576252,-145382268.81072515,1220823322.0,42.691710184518534,25.297936082710077,28.313039349000356,1495.7242510891797,1403.2069134616017,31.08720875083918,737.7554669223824
2024-09-23,1440.9892886792038,1451.8862240039496,1436.8593572369239,1449.099853515625,1139915,1480.0721948242187,1437.6593688555427,1452.1803403086612,49.118596558727866,-14.520971453118591,-144665093.36973533,1221963237.0,74.92411736811648,43.56827611915742,28.248765849935175,1492.8594615651812,1403.4444813059124,30.306120345369386,737.8488092577804
2024-09-24,1449.0998329421716,1458.7528201942011,1439.9941098864927,1449.597412109375,1537307,1479.4741040039062,1439.495990894594,1451.9890122938993,49.23583316178736,-12.493021399305462,-144628387.71234214,1223500544.0,75.53125637841532,64.38236131035013,27.828029900102518,1490.5272800808746,1403.6171657199068,29.481305342679324,737.9752751718216
2024-09-25,1451.9360568571738,1456.9118486901318,1431.236714240351,1445.517333984375,1227806,1478.6282202148439,1440.4223513699449,1451.509628715416,48.25398072672815,-11.087277345471193,-144490371.80089498,1222272738.0,71.5517653344331,74.00237969365499,27.72391439749325,1489.0757004831119,1403.3520949270444,29.20943599318658,738.0755534420962
2024-09-26,1449.7964702651482,1468.6049880553294,1440.989342845412,1465.47021484375,2066994,1478.1017797851562,1444.2758688274532,1452.5437462064037,53.17202179916412,-8.267877378950516,-142892644.9406226,1224339732.0,96.12543509256437,81.06948560180429,27.002936024867125,1488.5653205757255,1403.519139873493,29.09559379438164,738.2476024310204
2024-09-27,1477.8101241351292,1477.8101241351292,1445.417671812371,1449.6470947265625,2694100,1477.3613793945312,1445.10221127347,1452.3291794301192,49.18015282133519,-7.226968156649264,-144883217.57816243,1221645632.0,68.74649722840518,78.80789921846758,25.868080095496726,1485.2849944764628,1404.2916534727558,29.331083689265675,738.4714989115403
2024-09-30,1449.6472009403392,1461.6389083203203,1437.008737780114,1441.1883544921875,2042408,1476.9414208984374,1444.500079460965,1451.5039331384205,47.14261796405364,-7.003853677455481,-146232452.7399364,1219603224.0,59.35953613398453,74.74382281831804,25.142355802159976,1477.9880989665828,1406.9809684162299,28.99530417861858,738.638544982815
2024-10-01,1441.1882924664976,1465.7189704062484,1440.9893093856474,1460.3948974609375,1687795,1476.9444067382813,1446.9454360763455,1452.1625230882366,52.00490127290699,-5.217087011891181,-145271391.81762922,1221291019.0,80.6737113669938,69.59324824312786,24.251178152207803,1475.7138519143964,1408.056045546541,28.690615381617327,738.778299673298
2024-10-03,1445.7163447331866,1461.887668499777,1407.3529403751877,1418.2996826171875,3967953,1475.3093603515624,1442.5383970826288,1449.6541645348257,42.7277814488638,-7.115767452196906,-147646372.40488935,1217323066.0,33.95917314370762,57.997473548228676,24.60419178954555,1473.1259263874133,1405.976673710243,30.536623434686753,739.0944977044007
2024-10-04,1417.9017018298148,1439.3970984421135,1397.4013421135996,1406.8553466796875,2611371,1473.8942431640626,1437.0486970206377,1446.4838817307414,40.6069237486229,-9.435184710103613,-149082009.68719524,1214711695.0,21.258991648569168,45.29729205309022,25.219604270505425,1472.2271441337452,1401.7155560615674,31.35513292710297,739.2980265547566
2024-10-07,1403.1732760765417,1417.0060014628,1330.5267163931464,1348.6385498046875,4531821,1471.2710034179688,1423.4471359104914,1439.2360793658486,31.925651946240464,-15.788943455357185,-151715582.17746684,1210179874.0,12.297266670574412,22.505143820950433,27.181783890929886,1484.8600321959568,1380.4048725891996,35.292572365856586,739.6252496763897
2024-10-08,1335.5025821886725,1417.453852708936,1335.5025821886725,1411.6820068359375,3031170,1468.7990307617188,1421.6371160528677,1437.1950369562255,45.510943131842815,-15.557920903357854,-149111384.10709742,1213211044.0,55.10144807686845,29.552568798670706,28.980922846912,1484.7767810561222,1378.7615368149714,38.625336519742795,739.8519018691924
2024-10-09,1417.8518799469293,1426.012129944835,1397.550625013473,1401.332275390625,1507508,1466.001640625,1418.5132944125226,1434.5385360995144,43.95992750832119,-16.025241686991876,-150218290.0861918,1211703536.0,48.074362267281806,38.491025671574924,30.201030582045373,1483.6675363091922,1375.3676931829955,37.89934854914414,739.9680552306337
2024-10-10,1410.1393958260082,1423.1262610130175,1400.0385141782556,1410.33837890625,1628495,1463.433134765625,1417.2556151038652,1432.7459318629762,45.69428418468431,-15.49031675911101,-150393782.47573692,1213332031.0,54.18917428426221,52.45499487613751,31.333987764669217,1483.5973046667534,1374.1044043176214,36.84137699811684,740.0940237967704
2024-10-11,1408.3480647165782,1419.9416839248458,1398.396481100776,1401.4317626953125,1158809,1460.2157861328126,1414.8211762717801,1430.4263637764827,44.23621485538269,-15.605187504702599,-151226086.15963438,1212173222.0,48.14191047669164,50.13514900941192,32.42118283838103,1478.9249150447424,1372.372948724789,35.748793128542054,740.1830208049935
2024-10-14,1411.1345948275011,1419.0958619351316,1400.3371506086364,1403.471923828125,762384,1456.636201171875,1413.0751374342947,1428.429738595123,44.67172655690255,-15.354601160828224,-151733665.77519983,1212935606.0,49.52710461640529,50.61939645911974,33.43072112111342,1476.8978410559555,1370.2402692956068,34.53521585696728,740.241651044122
2024-10-15,1409.094425881124,1417.8020614979448,1400.1878071847782,1413.4234619140625,1018477,1453.2984399414063,1413.1287258157975,1427.3181625446741,46.852163813581754,-14.189436728876672,-151221540.37988403,1213954083.0,56.283831825875495,51.317615639657504,34.371821204413365,1475.843749105203,1369.2642465002657,33.3265757466958,740.3202925205699
2024-10-16,1411.1346187324618,1411.5327063904463,1385.260500194349,1397.00341796875,1450465,1451.506162109375,1410.647909223944,1425.0726259094204,43.785965795187884,-14.424716685476369,-151375373.41053107,1212503618.0,45.13522778618773,50.315388076156204,35.60350192128204,1475.8582861335735,1366.9807641593952,32.95774617333991,740.43016306625
2024-10-17,1397.0034264218873,1401.1830431577691,1380.8321022377156,1387.9473876953125,1418861,1449.5277880859376,1407.1555212964622,1422.322608263931,42.1476698768825,-15.167086967468776,-151802083.62209228,1211084757.0,38.9865173426446,46.80185898490263,36.84777881909749,1476.0796488788762,1363.3659077617488,32.05726008381946,740.5363059133065
2024-10-18,1382.27495131213,1403.7206623954062,1369.3378927325348,1398.7945556640625,1290065,1446.77716796875,1405.8692188914777,1420.5797895528297,44.81128154186142,-14.710570661351994,-150881680.39993522,1212374822.0,50.4968570642368,44.87286739768973,38.255591294327,1476.1296874882764,1363.0571289179734,32.223367910894595,740.6328772387456
2024-10-21,1403.073804107461,1406.059279204585,1364.6607154869937,1368.84033203125,1644382,1443.9210620117187,1400.1724670668273,1416.747237143824,39.414525997083786,-16.57477007699663,-152194027.39219138,1210730440.0,28.340096788674323,39.2744903985186,39.66187221884461,1476.8017514238074,1356.0956728925987,32.87873903994436,740.7538924843016
2024-10-22,1368.0441895344725,1380.3841778608582,1347.3449679192313,1356.2515869140625,2467299,1440.51861328125,1393.4154085817866,1412.2660778675454,37.37719699468807,-18.85066928575884,-153331071.08777258,1208263141.0,19.58334657930481,32.80676681073867,41.30677810509847,1475.5856114116712,1348.0269862445787,32.8902012472074,740.9301217200172
2024-10-23,1356.2018472312895,1364.163114026943,1328.7353796028524,1333.9599609375,1916219,1437.3151953125,1384.2684166365116,1406.465624761616,34.0234717718655,-22.197208125104453,-154682114.68588805,1206346922.0,4.721218312392604,17.54822056012394,43.14210975022176,1475.7414064715124,1336.30744606755,33.071453616984776,741.062721964405
2024-10-24,1338.4880162628226,1352.4202335324728,1329.7305739587534,1347.842529296875,1115993,1434.7466918945313,1378.6644339688753,1402.1231732457093,37.7684079084388,-23.458739276833967,-154016431.29643106,1207462915.0,19.64205180256354,14.648872231420347,44.84634627783625,1472.7656979296667,1329.5156741406458,32.32989689960868,741.1400546842729
2024-10-25,1353.4153973186556,1361.3766643617064,1297.8358260702153,1312.3153076171875,2078274,1431.8955639648439,1368.4568760686157,1395.4707387547078,32.659372607332855,-27.013862686092125,-155147524.52760002,1205384641.0,11.296535404185063,11.886601839713764,46.86907939369094,1468.6222112830437,1318.3436700646125,34.55924985617171,741.2793567728021
2024-10-28,1320.4258362222392,1357.4954848669988,1296.8406318507127,1345.653076171875,2126411,1429.0842407226562,1364.948599161425,1391.7805415263497,40.75781107942185,-26.83194236492477,-153851445.37620068,1207511052.0,37.788865997044155,22.90915106793095,48.75928648365055,1461.5254350729447,1315.041044419243,36.423221510465595,741.4241364365688
2024-10-29,1358.0925661229896,1370.780835220676,1315.5993527169649,1366.0538330078125,3790528,1426.6212231445313,1365.1186351377921,1389.8748594138654,45.108180994828544,-24.756224276073226,-150710332.12299424,1211301580.0,54.80687043823935,34.63075727982289,49.495712594886456,1454.1469581162867,1314.9060692274631,37.76309729569742,741.6896614619669
2024-10-30,1373.2687400120806,1408.0495978278802,1351.4748689572286,1389.4400634765625,2526884,1424.7035498046876,1368.8603933437569,1389.8426523073986,49.670795583503704,-20.982258963641698,-149845820.54751995,1213828464.0,75.22229100859767,55.93934248129375,47.91739680793181,1441.3963742303067,1320.5611697150057,39.106785265337,741.8758838233019
2024-10-31,1401.1331532037052,1401.182959713025,1365.456750577893,1369.2880859375,1891761,1422.1648999023437,1368.9261922043327,1388.3200918355542,46.113831355316094,-19.39389963122153,-151331830.64437708,1211936703.0,59.25918591520491,63.096115787347344,46.45181786290249,1436.623197519512,1320.4331867578317,38.865315541750924,742.0142845936011
2024-11-01,1379.7870285850604,1391.1815429052085,1371.7262703843157,1387.6488037109375,243881,1420.216376953125,1371.8065939745795,1388.2703667892863,49.651533742994914,-16.463772814706772,-151176518.7421898,1212180584.0,75.07200611389493,69.85116101256587,45.09092312823241,1434.378887789371,1320.7568421910976,37.65303992931932,742.0322591197585
2024-11-04,1387.4497265835835,1388.2459018573686,1329.531559054799,1342.7174072265625,1700308,1417.389130859375,1367.3313344748844,1384.896073488344,42.328057566898956,-17.56473901345953,-152113129.08117285,1210480276.0,39.999952533735346,58.11038152094509,44.966465681959086,1434.7406823764627,1319.8029333461936,39.15741870598007,742.1516840015008
2024-11-05,1343.4638639820716,1346.499145747973,1289.6258178768721,1322.913818359375,4852958,1414.3399658203125,1360.4978704571138,1380.3047953306425,39.558543557244235,-19.806924873528715,-151285207.3334044,1205627318.0,28.10921969918044,47.727059448936934,45.590761831874126,1432.6499469088603,1313.0168499661395,40.422840789202986,742.4734442354437
2024-11-06,1323.5606092466924,1375.3088435931797,1308.8322170332835,1363.366943359375,3645515,1412.18345703125,1360.9392662882308,1379.0501396290672,47.16358259788211,-18.110873340836406,-148949457.24428216,1209272833.0,62.26884964574645,43.45934062622078,44.8040060896267,1429.4081287105253,1312.4621349613496,42.283825487109645,742.7272497657306
2024-11-07,1366.3026983827979,1366.3026983827979,1343.4638613318755,1346.548828125,1292794,1409.8607568359375,1358.725352724657,1376.6426350732104,44.64832961101501,-17.9172823485535,-149893001.7136289,1207980039.0,48.06721274365411,46.14842736286037,44.07344718611123,1424.1975407259963,1311.2937678677538,40.8948977416677,742.817640252785
2024-11-08,1346.5488233132298,1360.6801456546918,1332.1190263356734,1355.5052490234375,1400491,1407.5927905273438,1358.2299521552384,1375.0769027732272,46.29104910063294,-16.846950617988796,-149000011.56309146,1209380530.0,55.63023843168971,55.3221002736968,43.646409708637066,1419.9354530787928,1310.9632041477698,40.01391356862132,742.9151014969456
2024-11-11,1348.539115281882,1351.375292408646,1332.566895947319,1341.3740234375,1269498,1404.9257666015626,1355.6367323525094,1372.5803931928028,44.06879424182794,-16.943660840293433,-149080611.74742502,1208111032.0,43.69747831224108,49.13164316252833,43.249874908125335,1414.8511644139885,1309.8377027735114,38.7942306762997,743.0023039731223
2024-11-12,1341.5232459970864,1348.2405647779076,1313.6090060272907,1319.5799560546875,1038042,1401.5720825195312,1350.0895359989984,1368.6544348862758,40.8145163287101,-18.564898887277423,-149760708.7324188,1207072990.0,25.294023033386868,41.54057992577258,43.29906111432059,1407.7804681882042,1307.5240484133585,38.49689696732236,743.0718471460569
2024-11-13,1315.599428537686,1322.814327067866,1278.629269014765,1281.66455078125,1437072,1397.7576416015625,1339.5626151962679,1362.2107397673851,35.85403714763932,-22.64812457111725,-151000342.11262637,1205635918.0,2.3452897966810164,23.77893038076969,43.97720435977418,1408.6737862102168,1295.0968436725957,38.90319418773512,743.1626950657497
2024-11-14,1283.7045386618838,1290.3721728771102,1254.5464702210927,1258.4276123046875,2963013,1393.6267407226562,1327.0803070591016,1354.5231006960742,33.19156770800936,-27.44279363697251,-153321364.94378278,1202672905.0,2.528379808349378,10.05589754613912,44.960386394469275,1412.8181576781485,1278.0004946656013,38.683373364041,743.3408840158044
2024-11-18,1257.8802289230962,1282.6596976020135,1255.1933498106282,1273.106201171875,1445637,1389.9197778320313,1318.7765984610667,1348.492219249837,36.40422861501191,-29.715620788770366,-152881386.79756805,1204118542.0,12.090783582159162,5.654817729063218,45.873341140971874,1408.8495581190857,1269.4002587754455,37.88215725170845,743.4281979111441
2024-11-19,1278.7784951801798,1315.0519688836516,1275.793020094156,1283.406005859375,2631778,1386.8795678710937,1313.3349688300373,1343.671018257951,38.63415087091709,-30.336049427913622,-154492470.71028382,1206750320.0,18.800617347816306,11.139926912774982,45.13754015925874,1407.1916637311672,1262.5147205461765,38.17241514171332,743.5934400725886
2024-11-21,1155.0802657213978,1155.0802657213978,990.8294504575306,1109.2532958984375,46926687,1380.4856762695313,1281.9377883790219,1326.3067425276167,23.579260572619845,-44.36895414859487,-133751442.09603655,1159823633.0,28.85898201669182,19.916794315555794,47.08246277726754,1443.7891270989528,1201.2174280768284,56.3441394460084,745.4195712294594
2024-11-22,1067.406900728538,1150.3036459961224,1048.8969783476743,1131.246337890625,27086168,1374.18333984375,1258.7544883038838,1311.8578236656174,27.425447104484604,-53.10333536173357,-116845856.12172282,1186909801.0,35.07334920484911,27.57764952311911,48.888462351132844,1459.2992861411042,1165.4359067299895,59.56289146046838,746.5419796271692
2024-11-25,1179.2627133379492,1185.6317514442414,1134.1819888692603,1161.15087890625,10532688,1368.9328857421874,1243.7385483965554,1300.6943462760346,32.40692099329658,-56.95579787947918,-116336514.3727245,1197442489.0,42.85716604050701,35.59649908734934,49.63121882136953,1462.914184402844,1143.151843429187,59.19307160997896,747.0365423833208
2024-11-26,1166.3754367138986,1168.7637196605704,1113.930516802697,1123.384521484375,5802555,1362.091171875,1225.2225442562199,1287.560285180356,29.639955880644877,-62.33774092413614,-120138187.4516781,1191639934.0,34.476508596672,37.46900794734274,50.451051599365705,1471.4699314795178,1115.7030177392323,58.88165241339999,747.2920710976746
2024-11-27,1096.6645433006545,1225.7365376001294,1096.6645433006545,1194.1402587890625,24434211,1357.072587890625,1220.4406541843496,1280.6402832254453,39.97960919308152,-60.199629041095704,-107666759.66386215,1216074145.0,52.879507188516946,43.40439394189869,49.83845176175538,1467.2529002101949,1104.7687672702739,63.89524826240534,748.4661538685908
2024-11-28,1190.8562989254217,1220.9598399002632,1157.5184932177458,1161.9468994140625,15602469,1351.6370336914063,1211.441614988921,1271.8481807208984,37.29419989389406,-60.40656573197748,-121091025.51999731,1200471676.0,45.57380583092579,44.30994053870494,49.26960905540293,1460.8165296191978,1090.7944445018961,63.86282672098478,749.2264989367424
2024-11-29,1169.3111472177857,1209.7145549023871,1163.2407051323448,1184.288330078125,9412850,1346.9289428710938,1207.264186541106,1265.3622658584707,40.29154759153476,-58.098079317364636,-121977870.57522957,1209884526.0,52.30729105902172,50.25353469282152,48.7413979709328,1446.933479046853,1084.162321734397,62.71317163293763,749.6898661566156
2024-12-02,1196.0808488156242,1214.9888575234,1183.6413694026141,1209.91357421875,6941125,1342.6895678710937,1207.671784645359,1261.2549553666395,43.62038969380101,-53.58317072128057,-117284337.19674958,1216825651.0,60.76456812693571,52.8818883389611,48.11293205469927,1433.9689597267698,1081.1893898826052,60.472765667783925,750.0443026502157
2024-12-03,1221.009542876991,1303.159916890073,1214.0932406306904,1282.410888671875,16753958,1340.310146484375,1219.170108341746,1262.8220615373975,51.80661031934657,-43.65195319565146,-108336404.11893553,1233579609.0,81.58152517690762,64.88446145428838,45.561443227998566,1418.8774998955132,1085.7570582099556,62.813735453751,751.0175790641995
2024-12-04,1294.7010015428618,1294.7010015428618,1255.8898262468038,1263.4033203125,4874025,1336.9435278320314,1225.9752178757083,1262.8651177429608,49.766345906365764,-36.88989986725255,-111323294.41434571,1228705584.0,82.10430325562713,74.81679885315685,43.192203603205066,1409.8122304432163,1086.890918970846,61.09926687105865,751.3026512297098
2024-12-05,1267.8317837606774,1278.5795429211673,1248.127599126211,1270.8670654296875,4369917,1333.3788720703126,1232.8816559609359,1263.4578546086443,50.58922842271462,-30.576198647708452,-109166890.39920267,1233075501.0,86.37204359880626,83.35262401044703,41.115501626814606,1403.9640863467491,1087.5343877743446,58.91017236562278,751.555286380799
2024-12-06,1272.8075849867434,1276.290639363173,1250.0184334851012,1252.9542236328125,2232531,1329.4460083007812,1235.9697432950707,1262.6798078696938,48.53435670128114,-26.710064574623175,-110900472.62081094,1230842970.0,80.84718311600278,83.10784332347875,39.18713550588061,1389.0695438526873,1091.38765829575,56.57888904508343,751.6827279000805
2024-12-09,1251.710198576756,1271.3645756336844,1242.9527566634724,1260.71630859375,2849557,1325.7499877929688,1239.7769071871753,1262.5343634788833,49.49174390574995,-22.757456291707967,-110186846.72140868,1233692527.0,83.24124414501986,83.486823619943,37.52151766100541,1377.0153403027712,1094.8586098925412,54.566955468306894,751.8448476973326
2024-12-10,1266.7370777457922,1266.7370777457922,1238.3750650006252,1242.7039794921875,2406907,1321.2946630859376,1240.227226003331,1261.0654461465354,47.29315193739222,-20.838220143204353,-111859017.81350538,1231285620.0,80.64359904161228,81.57734210087834,36.059117063697556,1360.3957506191655,1100.1980726230222,52.695173845225476,751.9792516364201
2024-12-11,1248.028057553975,1252.2574805249199,1224.7911344682898,1227.826416015625,2595435,1316.8582495117187,1238.3194090821453,1258.603295766468,45.49541503502035,-20.283886684322624,-113880814.37273388,1228690185.0,70.37181222465655,78.08555180376293,34.95523640045201,1344.3290673486176,1104.9099951513822,50.89311471746866,752.1199325347385
2024-12-12,1227.8264836832834,1261.8608524040394,1217.5264970500177,1237.97705078125,5457302,1312.7940234375,1238.2667385743152,1257.075425767563,46.9763751458146,-18.808687193247806,-114303427.2749736,1234147487.0,68.43374019680064,73.14971715435654,33.657865327822655,1332.3247647316891,1108.7540072409672,50.42463190579388,752.4180168039704
2024-12-13,1235.9368809030952,1255.8898546821154,1224.044787051507,1253.8497314453125,2818291,1308.6631201171874,1240.6641220929303,1256.8364854473964,49.29639102552828,-16.172363354466142,-111846238.41009018,1236965778.0,76.12044057567822,71.64199766571184,32.45316361752397,1328.5236555483305,1109.7736344907319,49.09752017185206,752.573541884028
2024-12-16,1251.9091804355608,1255.740515714168,1234.9416822997864,1237.131103515625,1337624,1305.0397485351561,1240.1205807733447,1255.3768275265245,46.96543065714646,-15.256246753179767,-112902248.31125425,1235628154.0,68.02407132581322,70.85941736609739,31.334512029389476,1326.3171962428435,1109.8504429173129,47.07618540346131,752.647024712744
2024-12-17,1229.120127263958,1253.4020167513484,1223.0994917741286,1225.9356689453125,2684726,1301.4213549804688,1237.9382866459553,1253.196000964953,45.41675362249378,-15.257714318997841,-115084418.26367682,1232943428.0,46.97645354078369,63.70698848075841,30.571711084252307,1321.077326860853,1110.373259076647,45.87806680158691,752.7918994801287
2024-12-18,1230.015716760166,1232.9017002620146,1201.4049142869824,1204.19140625,1931870,1298.532412109375,1232.7464588927314,1249.5660309860677,42.486394547004906,-16.81957209333632,-116674466.70557486,1231011558.0,29.26738980531267,48.08930489063656,30.33897114510554,1312.4957490548697,1111.033376921693,44.85083245683301,752.8914807977952
2024-12-19,1181.7506212416527,1203.1465272262383,1179.2627251969334,1199.1658935546875,1541271,1294.28208984375,1227.5802180714938,1245.832687472632,41.814879157063515,-18.252469401138114,-115646952.70557486,1229470287.0,16.064261090799356,30.76936814563194,30.56128010590666,1305.6803383218535,1126.840047420334,43.42782164227827,752.9676209340741
2024-12-20,1199.1658456036826,1210.0130962207697,1170.5052357228478,1176.7249755859375,3045185,1289.7899438476563,1219.7563346121774,1240.7135977032472,38.861175295921164,-20.957263091069763,-117733328.07648958,1226425102.0,4.6886697162605495,16.673440204124226,30.93274538320598,1301.2530157119022,1135.8152337998167,43.147824417681385,753.1152124964331
2024-12-23,1184.1886450019783,1193.1948767753609,1168.56470730064,1186.02978515625,1540796,1285.3037719726562,1214.567634695881,1236.6629449219881,40.73064261624825,-22.09531022610713,-117088989.12423262,1227965898.0,13.846195467001301,11.533042091353769,31.315380176237596,1299.709067553376,1139.8470725833427,41.82513477889848,753.1893085245748
2024-12-24,1192.1997473922984,1197.2750308691445,1174.2868964298098,1176.4761962890625,1380778,1280.8046606445312,1208.7074134025243,1232.204667245475,39.398578627078145,-23.49725384295084,-118206767.35023732,1226585120.0,7.191292832278939,8.575386005180297,31.4928651725801,1292.271355918893,1152.5939516982946,40.47963475464393,753.2557004748189
2024-12-26,1181.2530236678738,1242.95284461767,1176.8246173688412,1237.92724609375,3827047,1277.4937670898437,1213.2027722780974,1232.628561974977,50.59169928868828,-19.42578969687952,-114961414.50882414,1230412167.0,64.38796811973386,28.475152139671398,29.932840798630227,1293.5146433083687,1155.7293630392874,42.33656429564133,753.4552647223833
2024-12-27,1242.4053937239835,1244.8932895995006,1219.815347766005,1224.7413330078125,2595142,1273.7201245117187,1214.9779354672844,1232.044322792224,48.52078657987843,-17.06638732493957,-116537044.51878354,1227817025.0,54.646593053188624,42.075284668400506,28.42010829767082,1290.3806802701156,1165.1427694369158,41.1038055483452,753.5935652974772
2024-12-30,1227.7766288848113,1252.7053944399036,1206.1319345154134,1212.6004638671875,8312636,1270.0320654296875,1214.612170605731,1230.604036945925,46.62820136728323,-15.991866340193837,-122540617.37235668,1219504389.0,44.85554985264385,54.630037008522145,27.39700957744398,1289.0196523915865,1169.3350106943508,41.49449514664127,754.0304447119337
2024-12-31,1216.083487726683,1230.8118797049412,1202.3005690560806,1225.139404296875,1717204,1266.7759057617188,1216.2317450197534,1230.1992493422915,48.84737497956004,-13.967504322538161,-121506706.93122521,1221221593.0,60.639908469458916,53.38068379176383,26.553435380443478,1289.1655392891792,1170.7117068045707,40.56712482537123,754.1197496055257
2025-01-01,1217.0786679941784,1225.836110108666,1200.5092570898958,1212.7994384765625,1937930,1263.0560034179687,1215.7036978592625,1228.9103744633485,46.78565374375308,-13.206676604085942,-121563825.98349227,1219283663.0,47.41324641752073,50.9695682465412,25.822326597529102,1280.9323808695963,1171.9837202046224,39.478533982042585,754.2191134439533
2025-01-02,1217.874909077101,1222.4526134609544,1202.25084917398,1220.064208984375,3772207,1260.0804809570313,1216.3745457246646,1228.2551029463875,48.172541309644394,-11.880557221722938,-118683576.33507796,1223055870.0,58.974422864426536,55.67585925046876,25.14343987053718,1276.0970360360946,1172.4851539053118,38.10162186096628,754.4131927408193
2025-01-03,1228.5230471244,1231.6080138743773,1191.2046070537922,1193.7423095703125,3040564,1256.8302954101562,1212.8926632393798,1225.698599733345,43.725907516394,-12.805936493965191,-121342190.02337752,1220015306.0,28.88140956518551,45.08969294904429,24.861619347965352,1269.1909306768964,1171.6787836785722,38.26603507236763,754.5663179496266
2025-01-06,1193.7422243893313,1195.0856638401508,1152.4431536581394,1157.4189453125,2298522,1253.2994750976563,1204.3582450967829,1220.6408475540231,38.45123369080059,-16.282602457240273,-123104300.51588663,1217716784.0,4.9285337630701695,30.92812206422744,25.616358821103102,1269.2172568075748,1162.0989297158626,38.57864043734219,754.6724605244078
2025-01-07,1157.4189824874195,1176.426482921717,1156.423824124584,1168.31591796875,2010913,1249.7089428710938,1198.8132716924702,1216.7649268440027,40.7599812175538,-17.951655151532577,-122724134.77470638,1219727697.0,15.831248321249921,16.547063883168565,26.317188331873872,1264.1926919340428,1157.8834555268947,37.251784605898685,754.7649942147489
2025-01-08,1177.8197692389635,1177.8197692389635,1135.575222403115,1146.7210693359375,2900996,1246.3970581054687,1190.799086714542,1211.5764929545164,37.73881682420963,-20.777406239974425,-124094326.92944928,1216826701.0,9.515777821381274,10.091853301900487,27.434912240774416,1264.2050885169374,1148.2727679283753,37.60841047946652,754.8939846238137
2025-01-09,1151.099635675922,1151.099635675922,1124.4791493318746,1126.8675537109375,1884725,1242.02134765625,1180.963466252449,1205.3017567142513,35.15866811187453,-24.338290461802217,-125640854.8443058,1214941976.0,1.8626486153834398,9.06989158600491,28.700149790430384,1267.7109664139234,1134.6710038009205,36.82355875550801,754.973702022046
2025-01-10,1129.4052308111336,1131.8931266753402,1100.9437264204669,1106.8150634765625,1902237,1236.836572265625,1169.5560196715435,1198.0064461040522,32.72505040292128,-28.45042643250872,-126821354.13723552,1213039739.0,3.8687879045607634,5.082404780441859,30.311205084778116,1270.5512184100162,1118.7145530743587,36.403976005462674,755.0496865183758
2025-01-13,1095.5698925276747,1101.0929486878645,1053.8229253060756,1061.4857177734375,2273302,1230.2774853515625,1152.929819379527,1187.8937995610438,28.005886260824624,-34.96398018151672,-128357620.68874663,1210766437.0,3.852925047006333,3.194787188983545,32.48117905711711,1275.7773469968477,1094.25202312034,37.588844731535836,755.1300397883102
2025-01-14,1073.6265980695514,1125.9222197300949,1069.8450690986786,1111.69140625,6277854,1225.1255517578124,1146.5854481288306,1182.2491778342999,38.57187572571691,-35.66372970546922,-125266054.44849657,1217044291.0,29.096823463602874,12.272845471723357,33.36012646074594,1271.546504288182,1085.9388961024429,39.50653453333023,755.372954762194
2025-01-15,1119.5531841708903,1136.4210702206803,1113.0846546623472,1123.434326171875,3135942,1219.8412622070311,1143.0237370585298,1177.892522155602,40.761769828464644,-34.86878509707208,-125620423.63224271,1220180233.0,35.00127546131676,22.650341323975354,33.73028353121921,1266.7511328778098,1080.4841332354715,38.451043778855244,755.5017917538415
2025-01-16,1174.2370419118447,1184.2384318820607,1139.8543939409944,1145.178466796875,3997547,1215.8904833984375,1143.355233941352,1175.4692587956963,44.69349291982254,-32.11402485434428,-128658921.72817197,1224177780.0,45.934436498435815,36.67751180778518,32.34620662889755,1263.4777054690048,1077.8562666989637,40.04769105966456,755.6801842148277
2025-01-17,1157.369242079226,1167.967703544599,1139.9539697349558,1157.8668212890625,2464355,1212.5895434570311,1145.5877858409997,1174.1653745359456,46.907905039493585,-28.577588694945916,-127971706.45970424,1226642135.0,58.52228486699838,46.48599894225035,31.06099236245601,1260.618904822548,1076.585160118858,39.18812268466304,755.7897598101355
2025-01-20,1166.32566749733,1166.32566749733,1140.9491278034889,1143.138427734375,1312101,1208.1849731445313,1145.2109615169036,1171.8670821802739,44.67200480275388,-26.656120663370302,-129057410.74342437,1225330034.0,50.237904172703466,51.56487517937925,29.867579115046006,1259.5094580599248,1074.3359520963254,38.20158104246148,755.8473286440159
2025-01-21,1144.4321004547567,1148.6615234346982,1098.6548164365663,1100.8441162109375,3134022,1203.27087890625,1138.3852930082933,1166.606121738101,38.933012334108746,-28.220828729807636,-131917017.007242,1222196012.0,26.448332244015635,45.06950709457252,29.748587006008893,1259.09993300124,1066.2269102604787,39.04480432500936,755.9728860422031
2025-01-22,1110.099178681922,1112.63688115588,1075.2188286892165,1096.913330078125,1906032,1198.0990405273437,1132.0049910190367,1161.443692726251,38.43875663964481,-29.43870170721425,-131612863.754648,1220289980.0,24.237355966720948,33.64119746114672,30.089387801368957,1259.000554263608,1058.3700023770173,38.92860776369894,756.0447255035041
2025-01-23,1096.913258096446,1108.855157935101,1084.3742875617158,1098.65478515625,1968815,1193.2446557617188,1126.8741901170695,1156.7926625358805,38.80938278455904,-29.918472418811007,-131284729.54959448,1222258795.0,31.736507670322503,27.474065293686394,30.40584568277473,1248.3345971311744,1055.1087134157008,37.896626521533676,756.1194184516812
2025-01-24,1098.8041226183802,1109.601566480652,1082.9810804686724,1088.8525390625,2400140,1188.630107421875,1121.0247053394435,1151.7600607971117,37.4429243096871,-30.73535545766822,-132626111.82270342,1219858655.0,26.860006663406086,27.611290100149876,30.72790466374266,1239.1266496432077,1050.727781509136,37.09118791370839,756.2095016686153
2025-01-27,1079.846319179314,1088.3051652944546,1062.3813627350407,1076.7613525390625,2371555,1184.5320434570312,1114.2149587547694,1146.204600926145,35.76988829809984,-31.989642171375635,-132366653.36381617,1217487100.0,17.588726858659317,25.395080397462667,31.434258265722242,1231.4218828811772,1044.8486371383542,36.33261565754774,756.2937226757601
2025-01-28,1081.7371979784696,1091.3405009868336,1056.1118687715277,1075.4676513671875,2404643,1180.8728442382812,1108.2538345412954,1140.964826884741,35.58666841783413,-32.71099234344547,-132128914.6304741,1215082457.0,16.596742695241417,20.348492072435644,32.208558650179796,1218.6850710280603,1042.6182736985022,36.25375969738761,756.3786702681194
2025-01-29,1079.7468221878535,1097.5103746441177,1069.2976593924873,1091.638916015625,4603700,1177.2434985351563,1105.6976932296539,1137.3110557092507,39.741630668053524,-31.613362479596844,-129441402.69297758,1219686157.0,28.99654473796515,21.060671430621994,32.63555064479677,1205.5740666795584,1043.6132258009104,35.67939937983353,756.5472293618927
2025-01-30,1098.55530399389,1113.0845913055975,1005.8562813251075,1071.8353271484375,14097862,1173.0120849609375,1100.4880984479282,1132.461001741783,36.62587145869855,-31.97290329385487,-126190050.0484826,1205588295.0,36.9874707852367,27.526919406147794,34.0977781320697,1188.3992847688885,1045.9651195279864,40.790035851308986,757.027083691378
2025-01-31,1079.7468452537926,1103.8794360348106,1068.8001030438463,1094.02734375,4659891,1172.7075659179689,1099.4941361867086,1129.6140641127622,42.103678455297036,-30.119927926053606,-124147636.19270217,1210248186.0,49.42818670455572,38.470734075919225,35.455560798823136,1174.7055059753607,1049.687401739483,40.38212850414151,757.1984323264362
2025-02-01,1100.5456979835865,1112.0895111185778,1057.8533783615644,1078.8511962890625,4919797,1171.6596630859376,1096.3182992793784,1125.853851681377,39.583897812456364,-29.53555240199853,-125257980.10691251,1205328389.0,40.92052637332089,42.4453946210378,36.87069599226051,1168.7578934732553,1047.7782393392447,41.3717002364895,757.3758930531599
2025-02-03,1078.7516738604343,1088.7032575676337,1049.8920811095554,1079.5975341796875,3961203,1170.0285961914062,1093.745873879426,1122.427457792363,39.77478627550928,-28.681583912936958,-123155500.39712058,1209289592.0,41.33891907028903,43.89587738272191,38.29604380068019,1158.8190606649184,1048.8452337686751,41.188805680888706,757.5141636552331
2025-02-04,1094.6742580059347,1122.4392021184904,1086.46420107089,1119.6527099609375,4071098,1169.9539599609375,1097.7315409688892,1122.2219209159612,49.07450968561029,-24.490379947071915,-119715067.15427342,1213360690.0,70.19642852911052,50.818624657573515,38.083225557728426,1154.4248532878498,1050.532605208244,41.306867270739716,757.6727139696644
2025-02-05,1120.5483165795777,1149.3084175620702,1118.1102271822895,1138.8094482421875,2979646,1168.84734375,1104.051219010935,1123.4506266438298,52.82630538162018,-19.399407632894736,-118740871.57029405,1216340336.0,82.85266747041028,64.79600502326998,36.868256449887554,1156.3861887369944,1049.7654592122244,40.5848189213855,757.7971992301296
2025-02-06,1150.0050231994053,1163.7382577165608,1134.5800679932988,1158.4141845703125,6263278,1168.776689453125,1112.4147521739162,1126.0405198235692,56.368921038494285,-13.625767649652971,-114764851.49156925,1222603614.0,96.62781448019894,83.22563682657328,35.24382497423795,1164.17962770181,1047.1319323567839,39.76863112151953,758.0702564757605
2025-02-07,1154.3837515367961,1169.9580048943376,1127.3154914717904,1140.551025390625,4079540,1167.901943359375,1116.7434095918713,1127.1153720877955,52.500203028180636,-10.371962495924208,-116311947.42532936,1218524074.0,82.08003007883913,87.18683734314948,33.92049432937208,1166.317636183845,1052.9004546364677,39.97390842873579,758.2450665273459
2025-02-10,1144.43212337701,1153.2392506393135,1121.7922705015083,1138.66015625,2415627,1166.476875,1120.115216770045,1127.970541284996,52.092642952080546,-7.855324514951008,-116136131.93588111,1216108447.0,80.92777579442432,86.5452067844875,32.835103790197245,1169.0652904375822,1052.84967538273,39.36484212224075,758.3463567392953
2025-02-11,1138.660203307191,1154.3837547655444,1108.656274450818,1134.580078125,4901591,1163.5202587890626,1122.3405800554228,1128.4601366064778,51.16957400440711,-6.119556551054984,-115480107.16958158,1211206856.0,78.44146545212087,80.4830904417948,32.164865807093484,1170.3003647904236,1052.7291762252014,39.81931627884686,758.5488218521593
2025-02-12,1134.4805575216703,1138.6601741418744,1093.6292572753343,1123.4840087890625,2862155,1160.7218725585938,1122.5164921682904,1128.0915345459284,48.64503748313477,-5.575042377638056,-114547139.51764789,1208344701.0,71.67976356709687,77.01633493788073,31.908058920138206,1167.4655036283518,1053.3945915864917,40.1915734636821,758.662539062877
2025-02-13,1128.3106086973553,1146.0741613091398,1100.6949639249692,1106.1683349609375,3763868,1157.4278979492187,1120.0013910594669,1126.4675938359292,44.920523704585456,-6.466202776462296,-117403056.41749935,1204580833.0,61.12797078180051,70.41639993367278,31.354558058546342,1160.5698693605875,1055.1203772214437,40.56211802943127,758.8115807479727
2025-02-14,1114.5774359099241,1114.5774359099241,1037.104376825795,1057.5548095703125,4565339,1153.5199096679687,1110.39422467652,1121.3629431495872,36.476544794566806,-10.968718473067156,-119558185.74515279,1200015494.0,31.503952012664143,54.77056212052054,32.144093610428214,1158.0026299587414,1049.1292548068834,43.19861381905254,758.9680833945712
2025-02-17,1053.8228674739842,1084.0260200449159,1034.9646656672435,1077.656982421875,2518527,1149.8587231445313,1105.357725868113,1118.125464577164,41.383298663616074,-12.767738709050946,-117693558.06860662,1202534021.0,43.75377633768528,45.46189971071667,32.91279246514407,1158.0010970790643,1046.8120743076545,43.617381001811104,759.053187785548
2025-02-18,1077.6570118550699,1082.6328036528314,1056.8083713348735,1079.8961181640625,1715308,1146.6025659179688,1101.4405554521052,1115.2936611391565,41.92144214970801,-13.853105687051311,-116341801.79780415,1204249329.0,33.28419961612518,36.18064265549157,33.6265842588088,1157.975250967949,1045.1361992273635,42.34645609582159,759.1125529282209
2025-02-19,1056.4600631357303,1086.4143046948939,1049.4442697682239,1077.607177734375,1792268,1143.5981811523438,1097.7738819570698,1112.5020697758393,41.50198812496911,-14.728187818769584,-115403454.10675621,1202457061.0,31.588604527661666,36.20886016049074,34.42540320330277,1157.8771747826108,1043.1295146705143,41.96242601231076,759.1741711314455
2025-02-20,1068.9990662255354,1120.5483180825045,1068.8000831444137,1106.3175048828125,3714173,1140.964990234375,1099.088285484107,1112.0439538578376,48.467000710431016,-12.955668373730532,-113732083.23199096,1206171234.0,52.85656286754629,39.243122337111075,33.69091442926553,1158.545804680233,1044.2073813549234,42.661412364152184,759.3129950158112
2025-02-21,1106.3174546063979,1113.6816504626277,1074.7709844867875,1078.0052490234375,2360177,1137.4481005859375,1095.8447414132347,1109.5225683145486,43.026511519950624,-13.677826901313892,-115699903.19672167,1203811057.0,31.883486698398134,38.776218031202056,33.008889139088105,1158.5033584666623,1044.3742172169316,42.39350190784419,759.3986218316905
2025-02-24,1078.0052898844838,1078.0052898844838,1060.5402121328568,1065.217529296875,1669749,1134.0098291015624,1091.1328626261025,1106.2407135724986,40.79887994370918,-15.107850946396184,-116475302.25240783,1202141308.0,22.410634334141694,35.716894633362074,32.72535487618409,1159.0882151546898,1042.7643483218726,40.612900182400104,759.4553318177028
2025-02-25,1069.3972237973244,1086.115934000775,1062.5804128526872,1075.119384765625,1665355,1130.9935034179687,1088.6692506475674,1103.9354299571746,43.24900832658399,-15.266179309607196,-116366161.6345985,1203806663.0,29.745703994202838,28.013275008914253,32.11079647110573,1159.2275383553044,1040.9730719962579,39.39308739423494,759.5130969892814
2025-02-27,1077.7565142070866,1082.6824995445706,1063.9237885746827,1073.72607421875,1819078,1128.3841967773437,1086.3703004277493,1101.6976999024764,42.97946045791466,-15.327399474727144,-116284136.49446678,1201987585.0,28.713571183167556,26.956636503837398,31.54013509496153,1159.1467904984574,1041.2428945601364,37.91920336392444,759.5759376390616
2025-02-28,1068.8001164313782,1077.6570504444062,1054.0717235908846,1064.222412109375,2849138,1125.6853271484374,1082.9629329941533,1098.921752658543,41.097945786239734,-15.958819664389694,-116680841.88127394,1199138447.0,24.500058293065475,27.65311115681199,31.28640343632657,1159.6770845932301,1037.7321073013013,36.8953550417528,759.6717642906204
2025-03-03,1069.7454085392976,1075.7661650854695,1035.5617438705985,1047.9515380859375,2274285,1123.1098583984376,1077.5765645467354,1095.1461812087205,38.028497010960905,-17.569616661985037,-117553394.32124348,1196864162.0,10.875038921125716,21.36288946578628,31.531535473114698,1161.5369348497552,1032.7822912244637,37.13171691126125,759.7451559957203
2025-03-04,1042.8761749960593,1057.8533571962469,1031.4816601447883,1052.8277587890625,1788886,1120.4458178710938,1073.7690559686318,1092.0114832517088,39.48712721078444,-18.24242728307695,-116446316.7475038,1198653048.0,18.62783203733296,18.00097641717475,31.860365967835794,1162.6690912709169,1028.9731572642395,36.36314406413249,759.8017356796546
2025-03-05,1051.6833687639366,1113.2338870046535,1049.8920351832833,1107.3126220703125,3785743,1119.0625463867189,1078.9296045996596,1093.1449009419757,52.84310212833926,-14.215296342316151,-113368364.46191308,1202438791.0,66.17445396079236,31.892441639750377,29.82368002627899,1161.385309978741,1029.022929767353,38.2901946182209,759.9391912310531
2025-03-06,1112.7860024947447,1143.188138245011,1096.515188000347,1130.6988525390625,4020627,1116.917978515625,1086.8941042826445,1095.9266751343525,57.2087786136713,-9.032570851707987,-111499508.84370147,1206459418.0,88.81955109645192,57.87394569819244,28.36257699313929,1159.9981482393819,1029.5990319363996,38.88896287725255,760.0997685348457
2025-03-07,1130.6988772748598,1151.348413194356,1128.6090690198293,1138.958740234375,2211623,1115.2023266601564,1094.9040482752184,1099.114235512132,58.664337644451166,-4.210187236913498,-111697918.90977976,1208671041.0,89.66379530205712,81.55260011976718,27.231367879521514,1155.6952953210302,1031.9563404211572,37.735418684200695,760.1919649921525
2025-03-10,1140.4515439400245,1162.9919063425523,1131.445311689791,1137.3665771484375,2430740,1113.6976489257813,1101.4367450249445,1101.9477423000064,58.25300651627077,-0.5109972750619818,-113216163.79204187,1206240301.0,80.51457590948493,86.33264076933136,26.498441283122933,1155.0688867270064,1032.2643041909623,37.293359824812164,760.2943907965664
2025-03-11,1131.793673606775,1140.3520113746895,1118.9561062152559,1129.5047607421875,2399428,1111.7849560546874,1105.7549012891357,1103.9890029253531,56.15909866904378,1.7658983637825258,-113249649.63202189,1203840873.0,74.53647410103157,81.57161510419125,25.354654990913833,1153.386843895697,1033.0308074714903,36.157827348713695,760.3916688985488
2025-03-12,1133.485426646705,1149.5572592308388,1099.6500407766541,1122.8372802734375,2842848,1109.985712890625,1108.3829595944128,1105.3851716178037,54.37403257661724,2.997787976609061,-113450883.8747068,1200998025.0,69.46654178661441,74.83919726571034,23.625741844465807,1151.3861980538156,1033.8571735282155,37.139926713390196,760.5051140952606
2025-03-13,1129.5048015561129,1133.9332079132257,1109.651439759247,1113.78125,1358839,1107.8600537109376,1109.213465810657,1106.0071033498184,51.95829444140929,3.2063624608385908,-114347503.8812506,1199639186.0,62.58036330602734,68.86112639789114,22.02032249419264,1150.0276119421392,1034.2454837609857,36.22148681628937,760.5585846680706
2025-03-17,1109.4026430326385,1142.9892393390442,1105.8199755765168,1131.6444091796875,1489537,1106.618095703125,1112.6643801751234,1107.9061630409199,56.101296003629386,4.758217134203505,-113767242.04952091,1201128723.0,76.16345640800894,69.40345383355027,20.839874735216387,1153.5575128372532,1033.2631902877467,36.28918516959209,760.6184375556762
2025-03-18,1131.6444091796875,1131.6444091796875,1131.6444091796875,1131.6444091796875,0,1106.1026049804686,1115.584384637364,1109.6645516437916,56.101296003629386,5.919832993572527,-113767242.04952091,1201128723.0,76.16345640800894,71.63575870734843,19.743744673309862,1157.098437434684,1037.1312256512533,33.697100514621226,760.6184375556762
2025-03-19,1154.3837212398807,1178.7651015591712,1153.1895797751433,1167.818359375,2416781,1106.0926538085937,1123.6203807508466,1113.9722411053626,63.49491516534896,9.64813964548398,-113419304.74670994,1203545504.0,92.56756762399893,81.63149348000563,20.140874928266218,1168.262366384336,1034.9834343969142,34.65592850496854,760.7260503783275
2025-03-20,1179.2626396092755,1181.2031497916,1155.5778223908076,1171.7491455078125,1919013,1106.5932153320311,1131.024806098072,1118.2520118018404,64.20050201285005,12.772794296231723,-112916262.5039915,1205464517.0,93.68560631737687,87.47221011646161,20.571235630225083,1178.6419011015976,1033.7892024140276,34.01088556895596,760.812072553778
2025-03-21,1176.2771860576158,1196.7277390262227,1166.3754089291353,1183.0443115234375,3127446,1107.7167504882811,1139.0278069327437,1123.0514414108477,66.22092698887202,15.976365521896014,-112608644.86464722,1208591963.0,91.71936326997314,92.65751240378302,21.357747843909344,1189.9173137131993,1033.0575031813319,33.749560178108204,760.9564854993921
2025-03-24,1190.2093973398676,1204.9874746748596,1180.3076202597351,1194.9862060546875,2135192,1109.4801733398438,1147.6367914130428,1128.3799424955766,68.26046431203389,19.256848917466186,-112203984.04108365,1210727155.0,94.23577322335859,93.21358093690291,22.28520911536005,1202.3019346899387,1029.5397523217803,33.1017240521808,761.0576857553435
2025-03-25,1199.1658456036826,1203.2459706580105,1168.8633215824275,1176.7249755859375,2090037,1111.7849584960939,1152.1118966704112,1131.9610560578255,62.08703680426107,20.150840612585625,-113338239.66935667,1208637118.0,81.77735001005162,89.2441621677945,22.601646468702775,1209.2658062144276,1032.4478534535413,33.19321869670953,761.1542994737274
2025-03-26,1177.2723964574402,1196.3793892959686,1167.3706188912965,1175.879150390625,1676081,1113.0687133789063,1155.7683972427517,1135.2142482306253,61.80820742847987,20.554149012126345,-114031101.60939755,1206961037.0,73.16519714240141,83.05944012527057,22.823874318931043,1214.0257024343791,1038.7541193429647,32.894329532992565,761.2311823690882
2025-03-27,1176.2772242042251,1206.131976087581,1169.311115431442,1190.955810546875,2004036,1114.4191430664061,1161.181845443386,1139.3432528466437,64.83933287989775,21.838592596742274,-113679041.23101917,1208965073.0,85.74766180160822,80.23006965135379,23.31002638366719,1220.8037886558639,1043.559675699605,33.174796041788746,761.3250302984392
2025-03-28,1191.90111999978,1199.1658246244915,1169.5100568843848,1177.2225341796875,1670913,1115.0600244140626,1163.6496437105093,1142.1491255379804,60.15588505076453,21.500518172528928,-114480856.61143552,1207294160.0,72.85037896477175,77.25441263626048,23.76145330092218,1223.7803696118533,1050.9327407397093,32.92343687738289,761.4019964199829
