Date,Open,High,Low,Close,Volume,SMA_50,EMA_12,EMA_26,RSI,MACD,ADI,OBV,SO_K,SO_D,ADX,BB_High,BB_Low,ATR,VWAP
2020-04-01,556.5842767935467,559.348136063445,521.1808514849981,528.9020385742188,13083824,,,,,,-7790146.230558555,13083824.0,,,0.0,,,0.0,536.477008707554
2020-04-03,529.5163062445414,531.7098286399206,510.7836464091201,513.8984375,10221655,,,,,,-14968884.029810254,2862169.0,,,0.0,,,0.0,528.7227874726336
2020-04-07,539.6064923067048,565.27070352617,537.7639549736033,560.664306640625,15145605,,,,,,-4895973.650068063,18007774.0,,,0.0,,,0.0,538.9023694426926
2020-04-08,552.7676757954623,575.2732383025387,549.565111490767,554.1715087890625,11806896,,,,,,-12471736.496426374,6200878.0,,,0.0,,,0.0,543.7812105260149
2020-04-09,567.508118894058,572.7725727864942,554.6101961470306,558.25146484375,11931114,,,,,,-19618851.927561343,18131992.0,,,0.0,,,0.0,547.2531342042925
2020-04-13,551.8901810581891,571.8073731837242,549.3018141725573,559.2604370117188,8330276,,,,,,-20576898.089683864,26462268.0,,,0.0,,,0.0,548.773443700541
2020-04-15,571.5442238165838,573.2112687259752,557.681119264419,560.7081909179688,11963447,,,,,,-27876615.177477796,38425715.0,,,0.0,,,0.0,550.9626182239361
2020-04-16,543.9496584168159,557.0669321860213,529.5162712972444,547.3715209960938,17783287,,,,,,-22609636.259490386,20642428.0,,,0.0,,,0.0,549.843285852082
2020-04-17,565.051322921844,566.8061406948931,549.257962964401,551.6708374023438,8878320,,,,,,-29046418.259490322,29520748.0,,,0.0,,,0.0,550.336914847084
2020-04-20,561.5417146292014,579.967302140472,560.6643057000932,573.2112426757812,13322913,,,,,,-25049559.144328065,42843661.0,,,0.0,,,0.0,552.6153636754792
2020-04-21,550.8372879768106,567.2448448572532,550.8372879768106,555.5753173828125,11660575,,,,,,-29975658.360581674,31183086.0,,,0.0,,,0.0,553.073556994933
2020-04-22,555.5753616543997,565.9287766247277,551.0566841098449,563.1649169921875,8266728,,553.0177091271341,,,,-24781541.12998418,39449814.0,,,0.0,,,0.0,553.478582054761
2020-04-23,567.7274853987079,599.8406870808052,559.8746641013657,596.02392578125,14451289,,559.6340501508442,,,,-13090452.74400391,53901103.0,,,0.0,,,0.0,556.4055709265361
2020-04-24,586.5917366220755,592.2510350004155,574.5273636868818,577.3350830078125,7319940,,562.3572859749933,,61.32062288878221,,-18091196.38761925,46581163.0,74.72900075810833,,0.0,,,26.460162033046924,557.5187537052199
2020-04-27,580.0111854481387,597.515505005783,580.0111854481387,583.1259765625,7183306,,565.552469142302,,63.08000444322178,,-22718047.95054664,53764469.0,81.23145526480593,,0.0,,,26.011609173398604,558.7498138899476
2020-04-28,590.496096549172,594.0057315955265,572.9917810449218,579.7039794921875,7296571,,567.729624580746,,61.305414044447666,,-25353331.448358774,46467898.0,71.3659795616462,75.77547852818681,0.0,,,25.654633557484754,559.7089903603413
2020-04-29,584.3542489373766,598.3927894523887,577.3349786798706,593.6109008789062,8639056,,571.7113593958476,,65.54735858218186,,-20637855.50312767,55106954.0,91.14136088798446,81.24626523814554,0.0,,,25.32628907284428,561.0960826425252
2020-04-30,614.1862934573725,631.7344732704403,612.5191949540131,627.7861328125,16253821,,580.3382476137941,,73.29504157320461,,-11063679.522430392,71360775.0,96.13734111760681,86.21489385574581,0.0,,,26.240380738464975,566.12040990532
2020-05-04,605.2366750868591,615.2391584072083,588.1710605219085,591.1104125976562,9122740,,581.9955037651575,,58.175425852098385,,-18205124.429651123,62238035.0,60.25750806746076,82.51207002435068,0.0,,,27.19571584933115,567.4954241672752
2020-05-05,598.1735438422577,601.5515468344784,587.86398881454,591.1104125976562,6393053,,583.3977974316958,,58.175425852098385,,-21565560.614337534,68631088.0,60.25750806746076,72.21745241750945,0.0,618.0457600630889,518.6199442826141,26.23084743294595,568.2546141929774
2020-05-06,593.9181614006926,597.9103615586624,582.6434238491054,584.2666625976562,7934250,,583.5314689956897,,55.68930186644912,,-27812611.48040415,60696838.0,53.56227192762472,58.02576268751542,0.0,617.7973385310631,524.4048282169838,25.447711024132456,568.9543614975487
2020-05-07,583.9594683395464,591.6806557593186,581.2395222374773,583.4330444335938,4779548,,583.5163267553672,,55.378856691804636,,-30583939.854925208,55917290.0,41.436139019924425,51.7519730050033,0.0,613.4130624490739,535.7425649923324,24.375812631111653,569.29455840623
2020-05-08,589.8381142545152,597.4277224191059,586.5478309842222,591.549072265625,8400321,,584.7521337569453,,57.842881632930236,,-31261383.76305757,64317611.0,50.32534091395675,48.44125062050197,0.0,615.0774809404663,537.1666230634398,23.63430301356883,570.0831791922227
2020-05-11,598.8315711730315,612.9139732351142,594.8832311433192,599.1825561523438,7370186,,586.9721987408528,,60.07595450833937,,-35116814.26052263,71687797.0,59.76137241370765,50.50761744919627,0.0,617.1960199952524,539.549188744982,23.47220286756314,571.043190259196
2020-05-12,595.3220277393303,606.2896406306223,592.6898006454202,603.350341796875,7356039,,589.4919130571639,,61.28186122975594,,-30940459.268161852,79043836.0,64.81791113900695,58.30154148889045,0.0,619.7520154473955,541.5030809881514,22.767034090251645,571.9012701983478
2020-05-13,609.6236894116796,614.0985069069445,599.9283318344557,609.0534057617188,8287101,,592.5013734732493,577.7921025626779,62.9318014382793,14.709270910571377,-28554381.0193731,87330937.0,68.4370613128729,64.3387816218625,0.0,622.8189060113672,543.4154872991797,22.152972731840016,573.0282974048517
2020-05-14,578.2125120442765,589.3994764275308,572.5970732072511,577.4667358398438,16888262,,590.1883522988792,577.7680013239494,50.177819397162594,12.420350974929761,-35653550.67196719,70442675.0,8.234488880791712,47.16315377755719,0.0,622.4177040459075,545.4925437568269,23.174641290599133,573.4379039239009
2020-05-15,583.3014744657952,583.3014744657952,567.4203934776287,572.3338623046875,9255353,,587.4415076843882,577.3654725077079,48.45914812342782,10.076035176680307,-39181851.65544384,61187322.0,7.639802735089332,28.10378430958465,24.719138799893873,620.3099017372641,550.0965801963297,22.653672697568226,573.4671424471061
2020-05-18,578.9582309610392,588.3465167348522,572.9480015239023,582.5117797851562,10435442,,586.6830880075833,577.7466804541856,51.97199052592752,8.936407553397657,-36654712.26640101,71622764.0,23.465136026426183,13.113142547435743,23.582096027489452,618.3606382829328,555.1299378889423,22.17931424989655,573.7387368590394
2020-05-19,582.5995602474343,592.0755664806591,574.702879460948,586.6356201171875,5902208,,586.6757852552147,578.4051204292227,53.359071644245724,8.270664825991958,-34448846.10570581,77524972.0,29.87716951165406,20.327369424389857,22.699097145122668,618.41806429569,556.4149496203257,21.83598373345473,573.9459785619055
2020-05-20,586.547908519188,590.4962489654653,578.7828603959606,587.4691772460938,5794636,,586.7978455615038,579.0765320452873,53.65045914619235,7.721313516216469,-31649206.584405206,83319608.0,31.173242053765467,28.171849197281905,21.87916961149637,616.3635793451286,561.6588205572151,21.112941221744013,574.1624795891236
2020-05-21,584.7930092410784,596.1554647673478,583.8278809095074,589.7942504882812,7213225,,587.2588309348541,579.8704371151388,54.504267398829455,7.388393819715361,-31880241.610904504,90532833.0,46.78886425360723,35.94642527300892,21.40071288161902,614.9917641663744,565.6935690855787,20.4854156957509,574.519289129905
2020-05-22,592.2510958294743,610.5450527017547,590.9349822831866,607.47412109375,11867731,,590.3688755746842,581.9151544468878,60.467673829267106,8.453721127796484,-23729477.400446333,102400564.0,85.808368576794,54.59015829472222,21.61597220343075,616.5766055245923,565.2537472586108,20.504371875588223,575.541317843809
2020-05-26,608.0444810917468,613.7037802626844,595.7607542010045,597.1207275390625,7099606,,591.4076220307425,583.0414931944562,55.850864190824744,8.366128836286293,-29752868.626246452,95300958.0,63.62796582687235,65.40839955242451,21.951312387405437,616.9127015312238,566.8962157051044,20.3214186031662,576.1017733618768
2020-05-27,601.9463850054133,622.2584231320537,592.2510270509158,618.9681396484375,8774636,,595.647701664234,585.7027262651214,62.37851099846048,9.944975399112536,-22902494.220120117,104075594.0,93.99999689202777,81.14544376523138,22.62159569340522,620.9663636876043,566.4267698573177,21.01327413730704,576.9897774599461
2020-05-28,620.3280921673968,622.9603188668341,605.4121408705853,620.6790771484375,9440091,,599.4986825079576,588.2935670712931,62.84185895027876,11.205115436664528,-15916803.833022907,113515685.0,95.89260932129382,84.50685734673131,23.27337437856363,624.6123428211729,566.8783004893739,20.765767270088592,578.0339413855562
2020-05-29,615.8765090081178,623.2581227362674,600.268385953867,614.54248046875,28290128,,601.813112963464,590.2379310266602,59.98811752284394,11.575181936803801,-9076824.452300226,85225557.0,84.39112337977281,91.42790986436479,23.45389351893789,626.7698773215423,566.813923947989,20.924622235253725,580.5861533093902
2020-06-01,621.4350742494805,628.460980880358,614.9872684701478,622.1465454101562,12276438,,604.9413333398782,592.6015320921044,62.27427484242196,12.339801247773721,-8307055.615906493,97501995.0,89.6553494340728,89.97969404504647,23.86986122799306,625.4028988448846,567.6169436844124,20.42418496213617,581.8644865212389
2020-06-02,622.9913705629698,632.9076717642937,620.3677700661306,629.7504272460938,7059304,,608.7581170177575,595.353302103511,64.46101117313285,13.404814914246458,-4802476.268903051,104561299.0,95.17884297408212,89.74177192930922,24.464975106606374,630.6137878886101,566.2700561055304,19.861021871852383,582.6659965115657
2020-06-03,632.0628289745429,633.1300628247643,618.989336443309,623.9252319335938,11378568,,611.0915193125015,597.4697413501838,61.51910609643359,13.621777962317765,-8237545.333692261,93182731.0,85.99166457140022,90.2752856598517,24.88901963352791,633.8967198383708,566.2686060893635,19.452429336824025,583.8366695402656
2020-06-04,624.3254928346322,630.9511802175081,620.3234063421025,629.4392700195312,10782424,,613.9142501905061,599.8378545849502,63.229796912750025,14.076395605555945,-522942.87292085215,103965155.0,94.38318158970625,91.85122971172954,25.282775265669336,637.6303525424064,567.0522341275155,18.82209680386556,584.9276783394633
2020-06-05,628.772195330201,632.9521627891738,623.0803178181826,625.7039184570312,7718679,,615.7280453084331,601.7538593162154,61.24355045110897,13.974185992217713,-4138897.161385141,96246476.0,87.66053503782746,89.3451270663113,25.759798479204314,640.0231868299481,568.8864872423176,18.182793101517394,585.681413070262
2020-06-08,629.3502523017298,645.4919659139633,626.1040943046327,641.0896606445312,10719105,,619.6298322832175,604.6676223775721,65.98348954281126,14.962209905645409,1712342.6726019452,106965581.0,93.78109608413438,91.94160423722269,26.841141992730066,645.3463834426346,568.5173494675215,18.29745412690416,586.933699472287
2020-06-09,640.3337473222696,648.8715089071941,635.9314419530762,638.1992797851562,10078029,,622.4866703604389,607.151448852208,64.39028896441248,15.335221508230916,-4833195.263783116,96887552.0,84.77324167503767,88.73829093233319,28.000282148771905,649.4286263947743,568.3367788786632,17.914783614562285,588.1334844952421
2020-06-10,635.8869554859851,639.8445844569006,630.728722507626,636.6428833007812,7263049,,624.6645492743377,609.3359995521023,63.501156106373,15.32854972223538,-2672047.2161340048,89624503.0,81.19934883268236,86.58456219728481,28.490127225621308,652.7479472785325,568.3467121452956,17.286289209898882,588.8828238159067
2020-06-11,633.2189690274008,634.4640842185325,622.7690773334795,626.0596923828125,8825715,,624.8791866756414,610.5747916136364,57.66972390030568,14.304395062005028,-6531192.998078768,80798788.0,60.626192397718,75.53292763514601,28.112821112286728,654.1256243665284,568.6696637194091,17.042540406856233,589.6125648322464
2020-06-12,601.0244610446746,618.2334659891233,600.7576661277675,615.4764404296875,9795316,,623.43261033011,610.9378767111217,52.47966984526931,12.494733618988334,173456.27547647804,71003472.0,41.01945553505807,60.94833225515281,26.24791063218308,653.1013821017903,573.4948764431317,17.63250368172686,590.0589621146555
2020-06-15,616.3212246907829,626.4598639525142,609.4287434622784,611.4742431640625,7857344,,621.5928615353334,610.9776075594878,50.62423164999354,10.61525397584569,-5796496.367269042,63146128.0,33.95099349726773,45.19888047668127,24.78432283205424,650.3839160154674,580.1263806153919,17.5895477394775,590.4733094642729
2020-06-16,624.325423744747,633.2189482995155,621.7907909593445,623.6139526367188,10131760,,621.9037986278543,611.9136331207642,55.73630998326714,9.990165507090069,-12695567.840760328,73277888.0,48.033058915309184,41.00116931587833,23.849920742317348,649.1957508288338,585.4247630871819,17.886344696332895,591.2002838634811
2020-06-17,622.4578358431633,631.707069264896,620.7680443821375,625.7929077148438,7291916,592.8360510253906,622.5021231027756,612.9417275351404,56.60477091327147,9.560395567635169,-13288370.944267068,80569804.0,52.51621749797356,44.83342330351682,22.901078544384603,648.0353977361816,590.5008449395997,17.390107566791862,591.7037423731786
2020-06-18,629.8394324869248,637.3099606940532,627.8828461891886,634.9087524414062,6670195,594.9561853027344,624.4108353087188,614.5689145652342,60.12921616646405,9.841920743484593,-10016146.186911205,87239999.0,70.97975206470457,57.17634282599577,22.381766435481484,647.1693452416309,596.1108549536816,16.970603667678834,592.2465317677364
2020-06-19,630.5509430972053,633.1300871441616,623.4361228647967,627.482666015625,22438862,597.2278698730469,624.8834246482428,615.5254887467446,56.1298563577053,9.357935901498195,-13721738.55195658,64801137.0,55.5453448405187,59.68043813439894,21.518243785801012,644.5372236702872,602.5118180777597,16.577891232602454,593.7483802596344
2020-06-22,628.8611684546032,630.2841651083329,622.5467870416043,625.83740234375,7804096,598.5313317871094,625.0301904475516,616.2893341983747,55.253014834589536,8.740856249176886,-14887855.253144322,56997041.0,52.1258223562774,59.55030642050023,20.638837796454418,644.1329971569713,604.7523727160755,15.94642600646861,594.2157677355851
2020-06-23,618.7225107356634,644.3358504564615,615.5208093444601,640.911865234375,12157390,600.2661389160156,627.4735250301399,618.1132253862265,61.229187077482685,9.360299643913322,-5619701.01979428,69154431.0,83.45664529580536,63.709270830867155,20.752810629430865,643.1694927011396,610.0949909414386,16.86561279972095,595.0792045549789
2020-06-24,637.5766390566843,646.3811936151337,630.906497293426,635.1309204101562,10220838,601.8037280273437,628.6515858578347,619.373795387999,58.02850618277112,9.277790469835622,-10260184.68883575,58933593.0,71.44150684444334,69.00799149884203,20.980834117351197,643.9802154102945,610.9005463084554,16.766261622720005,595.8466318012561
2020-06-25,626.8599940910882,627.5270083662572,616.7658664395689,622.9913330078125,14945284,603.0783459472656,627.780777727062,619.6417611376148,51.89385841492482,8.139016589447124,-7913369.6664898,43988309.0,46.210540658689794,67.03623093297949,19.94662557591605,643.9367268924339,611.1752604122537,16.880461076139103,596.5320981066459
2020-06-26,631.6182359928705,668.4374015660915,631.440354614089,665.4136352539062,26030458,605.1724548339844,633.5704481158072,623.0322703314142,65.5857069177079,10.538177784392929,13862152.954842532,70018767.0,95.53224271253136,71.06143007188815,21.02201162576509,652.3530809552864,607.8460218279168,18.920861610577667,599.0494444605971
2020-06-29,654.0297270624109,662.3006928986786,649.3161162745436,650.7835693359375,8954428,607.2406958007813,636.2186206112119,625.0879221095271,59.315700882715795,11.130698501684833,6931695.880041177,61064339.0,73.91563055644363,71.88613797588827,22.020584386339202,655.1943365878129,607.8684685879683,18.719194279776598,599.8520674612378
2020-06-30,651.717499851441,657.1870394283036,644.1135468478716,654.5189819335938,10411290,609.2976586914062,639.0340608146553,627.2680006150134,60.35776365476975,11.766060199641856,13093483.286422888,71475629.0,79.43487878261364,82.96091735052954,22.532961181592878,658.4379237199644,607.1017369245669,18.315929872680556,600.7198135059436
2020-07-01,655.6750669226824,660.1662857549828,649.0049238207223,650.9170532226562,5477468,610.8517749023438,640.8622134928092,629.0197822896537,58.79396439013166,11.84243120315557,9492780.446918739,65998161.0,74.11285929242236,75.82112287715988,23.13945980989097,660.6106348390294,607.628207934408,17.804889305650555,601.1771989481138
2020-07-02,655.7639392811026,680.7547731031945,654.02974560888,672.8839721679688,17263756,613.1979479980469,645.7886379043722,632.2689815398992,64.78608909851181,13.519656364473008,16587821.978863217,83261917.0,88.9650370631164,80.83759171271747,24.49745451678433,667.5817073860566,605.0016056022247,18.664377203856816,602.9908973309996
2020-07-03,671.4610577383606,679.4652292875596,669.237676752472,678.30908203125,7796572,615.5008312988281,650.7917831546611,635.6793593540733,66.09731691286238,15.112423800587749,22621707.295906335,91058489.0,96.2508930455464,86.44292980036171,25.758449601756734,674.7278781828146,603.1159511628886,18.0617468703733,603.8553678169682
2020-07-06,680.5324436601603,689.2480860205845,677.2418290382905,679.4652099609375,8810958,617.1696569824219,655.2030795863959,638.9227556953226,66.38458304927144,16.280323891073294,17074067.073684096,99869447.0,86.7309949577792,90.64897502214734,27.26672624041424,680.7800477802854,600.9013364970584,17.629211878367645,604.8916387278363
2020-07-07,684.267763763225,708.7694117234722,680.8437244266933,706.2792358398438,19362533,619.7485400390625,663.0609497792341,643.9121245949167,72.25619338814555,19.14882518431739,32983427.21457801,119231980.0,97.32953007326903,93.43713935886488,29.2336654366082,693.2737477888193,595.2156320939932,18.463139727236722,607.5464880251767
2020-07-08,698.0527286852647,698.0527286852647,686.7579422160295,688.9813232421875,8476642,621.8656469726562,667.0486995427655,647.2505837539737,64.4368644870031,19.798115788791733,27844042.63678232,110755338.0,78.77921172388692,87.6132455849784,31.06010897593116,699.4465068173997,594.2767170595534,18.538722148420828,608.5717744198893
2020-07-09,693.6948771617724,702.5884012279489,689.248115128684,695.206787109375,6854166,624.175703125,671.3807130145516,650.8028951136331,65.86843677865662,20.57781790091849,27112942.752651487,117609504.0,85.45541244792982,87.1880514150286,32.88091501707048,705.9810290095498,594.6569043400594,18.186461851088012,609.425945243307
2020-07-10,687.9140781337458,702.4994791371985,687.9140781337458,695.3401489257812,5206452,626.2102880859375,675.0667800778176,654.10195095157,65.90010405862031,20.96482912624765,27208159.33456873,122815956.0,85.59842994417518,83.27768470533063,34.43637094588741,710.854738768742,597.7695654304769,17.929243219114063,610.060486351951
2020-07-13,700.8097088361494,716.2399516517524,699.0754607561538,708.8583374023438,10804688,627.8317321777344,680.2654812046678,658.1579795775532,69.03614212861933,22.10750162711463,28719703.787658595,133620644.0,92.57935950487675,87.87773396566058,36.26394612723159,716.8898264407926,601.4728871822542,18.141426041032428,611.5413554956015
2020-07-14,705.211995234937,717.1737958509112,694.895474843455,696.5852661132812,8961822,629.9412292480469,682.7762173444545,661.0044452468663,63.34066233072203,21.771772097588155,21117374.59434441,124658822.0,79.49511571612565,85.89096838839254,37.53443393031954,720.3088036445337,605.3510413261694,18.43691853863413,612.6720729866477
2020-07-15,710.5925653091588,754.5710522037314,706.8572743848482,739.0073852539062,30060599,632.8991687011719,691.4271662536008,666.7824408029434,71.95365168989142,24.64472545065746,31567153.720715,154719421.0,87.3600432268368,86.4781728159464,39.58216709063838,732.2236807653182,604.7576119592911,21.26183764947813,617.4882194825515
2020-07-16,800.5061099286693,849.7762568418333,795.3034198647927,810.2000732421875,90432109,637.4178369140625,709.6999211749219,677.4059691317763,80.31305581544834,32.29395204314562,-9404128.316019498,245151530.0,80.756752840217,82.53730392772648,42.49829903379414,764.119432977889,590.3909918267985,27.655197216510196,639.0064076814562
2020-07-17,810.2001455679821,818.1154047072049,793.4358722818355,803.21875,31682878,641.8135510253907,724.0874333018569,686.7254343812743,77.86222765313109,37.36199892058255,-15969048.98268601,213468652.0,77.36220297631971,81.82633301445783,45.09272534333843,785.6134100341894,586.4706231689356,27.44264973142871,645.0062480486141
2020-07-20,807.9767736827744,840.4381410349166,806.4204067549318,830.9220581054688,18421053,646.6010107421876,740.5235294254895,697.4066657682516,80.41612745431821,43.1168636572379,-7854165.497267376,231889705.0,90.60911811828134,82.90935797827268,47.655782264429874,810.1689476077652,582.4235511715317,28.140988395963557,648.7317984425827
2020-07-21,840.4381718265238,844.6181397279414,826.3864121909639,833.1010131835938,12877784,651.2793798828125,754.7662192344287,707.4580989101289,80.60564378245458,47.30812032429981,-11246377.594780782,244767489.0,91.4812051805129,86.48417542503798,50.06308833210874,831.3140294426312,580.4973841315875,27.43318404889312,651.3709524514829
2020-07-22,835.057528925858,835.1019856938758,809.3107635584952,816.336669921875,14354201,655.5391064453125,764.2385962632667,715.5231782443323,74.62235503931632,48.71541801893443,-17779989.74344564,230413288.0,81.47787198536363,87.85606509471931,51.24563111907842,844.7199059615115,585.2120825638791,27.3159010550708,654.0007289629505
2020-07-23,814.3355733882971,814.4689436835986,800.9952869522857,807.487548828125,13051307,659.5077893066406,770.8922812732449,722.3353538431318,71.60106599686384,48.55692743011309,-18253790.197794147,217361981.0,75.48969875052386,82.81625863880014,51.8571810578781,852.7048860482646,595.6767240591573,26.460578334679266,656.1458158038513
2020-07-24,803.3076649305084,823.3180966614095,803.3076649305084,820.7389526367188,18209580,664.3732336425782,778.5609999445485,729.6245093093235,73.34168023308325,48.93649063522503,-4738274.78177838,235571561.0,82.81130118042783,79.92629063877177,52.55353123451268,864.0478249296367,599.8663169160665,25.999853577266542,659.1960191943738
2020-07-27,819.5827448797899,847.3750091267157,817.0036553267348,843.50634765625,16827870,669.7966833496093,788.5525919001948,738.0602010387255,76.05696751391326,50.49239086146929,7802573.12972676,252399431.0,96.15386209827074,84.81828734307415,53.51783723376749,876.6760265004202,606.5103931773142,26.312103593174704,662.2629663222083
2020-07-28,841.3275410840747,860.4930783359248,837.0586595543791,856.3131103515625,15818463,675.2727099609375,798.977287046559,746.8196758026394,77.44842696720319,52.15761124391963,17977997.186180294,268217894.0,97.5779393903862,92.18103422302825,54.5677082087941,889.3633634418101,614.0024690777212,26.106554678058348,665.2964208389104
2020-07-29,847.7751227003951,853.7782510279352,839.1928508601709,848.5755615234375,11152710,680.5115087890625,806.6077908122327,754.3571488189948,74.6265787094517,52.25064199323788,21174245.711513653,257065184.0,93.09445714801585,95.60875287889093,55.54258839989024,897.2570417864054,625.874641563204,25.464676450439296,667.3313355941243
2020-07-30,855.5570651247554,865.0286905210155,852.666669634469,855.0679321289062,12492320,685.8634838867188,814.0631971686439,761.8172068419512,75.43533285924029,52.24599032669266,13535070.639808334,269557504.0,94.14531821288381,94.93923825042862,56.58309729467494,905.7891589316022,635.5609204141009,24.820994489520633,669.6860640168601
2020-07-31,862.0048975342302,877.3017711582792,847.8197145182986,859.114501953125,12704346,691.2498889160156,820.9941671354873,769.0244138872234,75.94987766765776,51.96975324826383,10564976.854350008,282261850.0,90.02925360988425,92.42300965692796,57.68894924921421,913.0829712760483,646.3476500618424,25.15392750026777,672.069257770788
2020-08-03,853.7783331260346,858.5808579625743,842.6169709816252,851.0213623046875,8479792,696.1208337402344,825.6137356230565,775.0982619181467,72.67126786349561,50.51547370490982,11013773.535943897,273782058.0,84.58125116909713,89.58527433062171,58.35941474546077,916.743543833595,659.8426927386705,24.535613462498628,673.539455583483
2020-08-04,854.178634073862,863.2944973545945,836.4804973088053,844.75146484375,11133170,701.0734484863282,828.5580016570093,780.2577584311543,70.14495472192677,48.300243225854956,6748813.237873901,262648888.0,61.18767371409892,78.59939283102676,58.558038166900396,920.116769118597,670.3166903540593,24.698355361305094,675.4059376701716
2020-08-05,846.6635266328617,854.6232418624963,834.4793872945021,840.1712646484375,9614176,705.4975109863282,830.3446575018444,784.6957959287308,68.27766456613337,45.64886157311355,2567828.8315121913,253034712.0,55.72633572491176,67.16508686936928,58.60064699562429,919.0449912152546,686.5074623980265,24.373033876068604,676.9394538665667
2020-08-06,847.9975522754795,866.5850400003067,838.2146754269946,863.4277954101562,10976491,710.3524853515624,835.4343710262,790.527795890318,72.30859669769826,44.90657513588201,11101244.647262707,264011203.0,81.81809070030094,66.24403337977054,58.85462897975868,919.1545323698269,703.2200220735324,24.658557497300276,678.7905010575873
2020-08-07,862.1826560823425,862.1826560823425,843.9953894677033,845.6851806640625,8010948,714.9753393554688,837.0114186627943,794.6135280957806,65.47323488864077,42.39789056701375,4578901.800716124,256000255.0,58.56631212510593,65.37024618343953,59.09046939359776,913.4927218499425,723.916335767245,24.285260957668328,680.0766509993035
2020-08-10,843.9065182183004,850.9323696437565,840.7048169935148,846.0853881835938,5716319,719.4541162109375,838.4074139736865,798.4262584726556,65.55233619455058,39.98115550103091,4877132.395623199,261716574.0,59.0907859279493,66.49172958445206,59.04410861316635,906.3940574010215,744.737705294291,23.281138935709286,680.9576505638471
2020-08-11,844.7959195736606,855.5570625773638,841.4163368158215,843.50634765625,6802442,723.7292346191406,839.1918653094656,801.7655243381071,64.52639429551886,37.42634097135851,85503.38515894115,254914132.0,55.71094140466935,57.7893464859082,59.10054183368253,888.1795411909551,777.6443296586543,22.62825228041164,681.9996962239992
2020-08-12,843.1060991629693,852.7110944996123,837.9478659527133,849.287109375,6908726,728.2364721679687,840.7449797810863,805.2856417482473,65.81775268851388,35.459338032839014,3789594.9816644727,261822858.0,62.13933350712604,58.980353613248234,58.852061989905245,873.3960292575231,803.4558140041958,22.06646487087502,683.043578899007
2020-08-13,849.153673342286,861.3378122605587,843.3284258916622,845.9520263671875,5097703,732.5667272949219,841.5460638712557,808.2979665348354,64.36203393196404,33.2480973364203,177154.80416522315,256725155.0,48.00874893226537,55.28634128135359,58.83033970112162,872.8036274941451,807.6234110800738,21.776673549305134,683.8219399879065
2020-08-14,850.0875910368809,856.4464833162675,846.708062291364,848.0865478515625,4663873,737.0143798828125,842.5522921759183,811.245268854593,64.89715895792165,31.307023321325346,-3166364.1941626063,261389028.0,31.77581285606694,47.307965098486115,58.81016900439398,870.3971719726509,814.5166463867241,20.970800935003343,684.5286182742553
2020-08-17,848.5311117372377,864.8507610118887,848.5311117372377,851.554931640625,9008210,741.2236853027343,843.937313632027,814.2311698017064,65.79589444537348,29.70614383032057,-8836364.624401465,270397238.0,39.87527737933082,39.88661305588771,58.99672533315297,871.171496610962,815.8056091019286,20.670330379669263,685.9138231710692
2020-08-18,857.2468161699777,861.9603731221357,852.6221727467841,860.492919921875,6141761,745.6695581054687,846.4843299843112,817.657966106904,68.06499590857081,28.826363877407175,-4624899.928275131,276538999.0,60.747511652141895,44.13286729584655,59.16995620985775,873.0555188710717,816.660777515647,19.937124029800795,686.8640355718551
2020-08-19,863.472405858685,864.0504524426707,851.5106032969404,853.1558837890625,6622744,749.9998181152343,847.5107228773498,820.2874414907676,64.29436396371477,27.223281386582244,-9509780.676350975,269916255.0,43.613864547972135,48.07888452648161,59.38483745190397,871.850862437583,821.5473553358544,19.40874725236719,687.8644784754422
2020-08-20,852.7999760425731,858.6696797429232,846.040865725153,849.4649047851562,5656501,754.4679223632812,847.8113662477816,822.4487350681297,62.42098123767753,25.362631179651885,-12098997.552965488,264259754.0,46.67563568313576,50.34567062774993,58.977814304701646,866.3766671789332,831.2192861902075,18.92446630703883,688.685317403082
2020-08-21,856.4908379131564,856.846600594148,841.8165229713601,843.8175659179688,6513773,759.0347448730469,847.1969354278103,824.0316114273771,59.561381011062146,23.165324000433202,-16878336.460928876,257745981.0,29.085777227567018,39.791759152891636,58.14174553868191,862.2475678743622,837.6562468229035,18.64629568673519,689.5980051924116
2020-08-24,842.2167470826626,846.663509210871,835.2798090190104,842.572509765625,5798574,763.6567102050781,846.4854853259358,825.4050113042844,58.92050945220059,21.080474021651412,-15247469.378259514,251947407.0,25.20778052788102,33.656397812861265,56.68140305886039,862.305078397696,837.5053525105072,18.127538865672722,690.3712199136716
2020-08-25,842.6614484350185,843.6842254677251,830.2994276370913,834.301513671875,6233918,767.8704614257813,844.611028148388,826.0640114796614,54.70917290564723,18.547016668726542,-17753475.08769258,245713489.0,11.029401942354504,21.774319899267514,54.82721195263788,862.5666985321368,835.0425727080976,17.78877164888423,691.1643089819233
2020-08-26,837.1030687081391,848.6646515960072,834.5684357108147,845.5963745117188,5153601,772.2665307617187,844.7626198965927,827.5108531857397,59.01706005366235,17.251766710852962,-14843408.945366895,250867090.0,44.27310144211515,26.83676130411689,53.36141444400039,862.4887421958346,834.8226103432279,17.54408352568765,691.8441426965549
2020-08-27,853.7782937314274,854.6231893576182,840.615889226087,842.2611694335938,6154280,776.4135791015625,844.3777813638236,828.6034692040994,57.28438677954824,15.774312159724218,-19551940.659776654,244712810.0,34.62020312428126,29.974235502916972,52.29349449857024,861.7873430617133,834.2433332078181,17.29145614039076,692.6634212984047
2020-08-28,846.174427767487,847.1082370149295,829.8103204263551,831.7669067382812,7593610,780.4992639160156,842.4376468060478,828.8377979103351,52.10115610640538,13.59984889571274,-25427707.553293068,237119200.0,5.583794835998413,28.159033134131608,50.22670893861382,861.1515174938885,832.1443992541584,17.291917600975303,693.5997304725958
2020-08-31,831.7668766220885,845.3295014480568,813.4017268663498,825.8526611328125,12808355,784.4995690917968,839.886110548627,828.6166766675557,49.38892939687102,11.269433881071336,-28246266.004310265,224310845.0,24.200520910152598,21.468172956810758,46.9771316061912,862.3212136338398,828.4578329970195,18.33733595674185,695.064241906056
2020-09-01,823.7627301512396,831.5445643092135,811.1783709144948,813.0015869140625,6907773,787.9413635253907,835.7500299894632,827.4600033524821,44.02588400716988,8.29002663698111,-33917248.013388276,217403072.0,3.396934618076901,11.060416788075969,43.798394947465695,865.8545995797722,821.7494592581183,18.482254345168762,695.7848049623327
2020-09-02,813.7574857241148,823.8961252917443,812.4234570589932,821.7616577148438,5678118,791.6739782714844,833.5979727164449,827.03790367562,48.158387505087305,6.560069040824942,-30351935.600185774,223081190.0,19.71830727333826,15.771920933855919,40.84671090722059,866.9116514613721,818.8514466831592,17.98156962285321,696.3745838137793
2020-09-03,823.9850019744846,844.3511937305957,821.761620965379,832.0336303710938,8827948,795.85482421875,833.357304663314,827.4079575049143,52.579420583802154,5.949347158399746,-31151332.92048543,231909138.0,38.856587937960214,20.65727660979179,39.40855638785343,863.8217432003747,818.8019384402502,18.310712704450598,697.3788002238207
2020-09-04,813.757468945879,826.6530791095023,813.2683359684394,817.4483032226562,8650342,798.895517578125,830.909765980136,826.6702053358581,46.51381424972556,4.239560644277844,-34398785.09037017,223258796.0,11.858682554081245,23.477859255126575,37.407761267054745,864.5736865333183,815.2263073631661,18.34318282575087,698.2511700456527
2020-09-07,817.226071086228,824.9189379916248,812.0233261558255,822.695556640625,6700385,802.3337573242187,829.646041466365,826.3757869139889,48.80210435745605,3.270254552376059,-30008877.676577017,229959181.0,21.783113872663733,24.166128121568395,35.45411516373694,864.3208718369615,813.140138905226,17.9540706121829,698.9225186748096
2020-09-08,827.0532295755415,846.6634380565283,823.140057518879,835.36865234375,12891964,805.9507507324219,830.5264431398089,827.0419250939711,53.928766035842855,3.484518045837717,-29497104.57335729,242851145.0,50.936228177343494,28.19267486802949,34.825891881079265,863.8560179127404,812.791223298197,18.383628526734356,700.353107658409
2020-09-09,831.544484513945,841.3273608023443,823.5403130052546,825.0966796875,5528947,809.4343432617187,829.6910949163766,826.8978328416399,49.59398304956504,2.793262074736731,-34058485.848357245,237322198.0,30.47700528493723,34.398782444981485,34.24254169004001,862.7461556008474,811.4820426413402,18.341015617474024,700.9347262493397
2020-09-10,831.8113424295236,837.7700147495948,822.4731416281746,836.0357666015625,5171884,812.6973791503906,830.6671982525592,827.5747168238564,53.848449243954626,3.0924814287027402,-30059302.98507232,242494082.0,57.216019258108275,46.20975090679633,33.6067957143738,861.9289511953306,811.3076210702944,18.12357686775589,701.482875821543
2020-09-11,831.4556728149255,848.5757084162922,827.9871763570061,841.0606689453125,6671903,815.9524108886719,832.266193743752,828.5736762402605,55.698208548977775,3.6925175034914446,-28258035.176271696,249165985.0,68.78219106828271,52.15840520377608,33.559489565597126,861.1221502800073,811.4118340949927,18.299645095722333,702.2214292911752
2020-09-14,851.1103516720351,881.3927937670217,843.3729739822991,870.1425170898438,21871587,819.76595703125,838.0933204123814,831.652849636526,64.55314894785319,6.440470775855488,-19330297.279830143,271037572.0,83.97725677983973,69.99182236874357,34.712214656857704,865.4291523965351,808.9635905233868,19.873393647578535,705.032988516688
2020-09-15,871.1206622996198,884.0162718997673,864.1392677805205,873.7442626953125,11608203,823.1152575683594,843.5780807636015,834.7707320853249,65.47358073781143,8.80734867827664,-19719834.71876488,282645775.0,85.89743929258513,79.5522957135692,35.85825797026518,868.7448217050319,806.9730554922337,19.87365153841198,706.5678475538385
2020-09-16,876.9015725166505,894.3773710041576,873.344162486157,890.9088745117188,10059251,827.15380859375,850.859741340235,838.9291130057985,69.53370418789856,11.930628334436506,-12978239.870007971,292705026.0,95.83108392083938,88.56859333108808,37.21155101289525,877.9008110441868,801.5923652253445,19.956477036954027,707.9711644211983
2020-09-17,884.9056759314532,908.0288393226269,884.9056759314532,899.1353149414062,15628241,831.2323791503907,858.2867526634922,843.3888316676954,71.27703430407564,14.897920995796767,-9371722.716161828,308333267.0,90.81726239697367,90.84859520346606,38.805361333787864,888.2473691869673,796.2128480981889,20.182668919398292,710.2420704161945
2020-09-18,899.1353965162548,906.0723353066138,888.5520798297156,891.2646484375,12897633,835.150869140625,863.3602750902626,846.9351884654586,67.30863816106998,16.425086624803953,-18275610.940390073,295435634.0,82.69064552741045,89.77966394840784,40.285328060331004,895.3513467570106,793.8535787800988,19.992496530648285,712.0553928484836
2020-09-21,890.2417850936426,916.9223580734721,889.7971088773121,898.1570434570312,14140637,838.9368432617188,868.7136240697655,850.7293999463159,68.93950000697053,17.98422412344962,-23700029.38101984,309576271.0,82.11106978454006,85.20632590297473,41.913478729986814,903.2148991308941,791.5484797753559,20.501978863899122,714.0703409838401
2020-09-22,897.3566116673775,909.3628696034623,881.5261490968927,896.0225830078125,12625762,842.9255895996093,872.9150023679266,854.0844505434638,67.81129292841823,18.83055182446276,-23175641.42964126,296950509.0,80.07629366678289,81.62600299291114,42.64200524309792,909.782340654274,791.1531451855698,21.025888981232725,715.7772762040319
2020-09-23,907.272876932227,922.2584432315289,896.556137035322,906.9171142578125,13486204,846.2837841796875,878.146096504832,857.9979811889712,70.46785968970795,20.148115315860878,-25788871.51086647,310436713.0,86.0830837026455,82.75681571798948,43.66552789404095,917.667853783855,789.399706030598,21.39802978426727,717.6940910105438
2020-09-24,892.0205328793263,897.356647732044,862.6719011893783,867.4744262695312,14427432,847.4292712402344,876.5043010840164,858.6999400838274,53.312826919330824,17.804361000189033,-36220996.58613692,296009281.0,50.302572886664585,72.15398341869765,42.114992703888824,918.9838213379443,790.6050641601026,23.029971447422046,719.358347318718
2020-09-25,867.8299689820432,902.6036767014162,867.1184979938868,899.535400390625,13311078,849.3556042480469,880.047547131187,861.724788995442,61.5143449936969,18.322758135744948,-25211841.066793807,309320359.0,77.2280661823043,71.2045742572048,40.87512795518323,924.2786147343606,792.0871201289206,23.91962910885829,720.9968995352724
2020-09-28,902.5148025520996,903.7154608583481,888.0183693223684,898.6016845703125,8554526,850.7091967773438,882.9020298141295,864.4564108898769,61.177283188884445,18.445618924252585,-22231077.838567544,300765833.0,76.29234137583529,67.94099348160138,39.76745067233911,928.4041853829902,795.236451824041,23.332304996509826,722.0765570311975
2020-09-29,905.3608005247693,914.2543250878809,892.9987796693375,897.3566284179688,8708463,851.9943090820312,885.1258142147201,866.893464040106,60.69966775036045,18.232350174614112,-27368692.493839256,292057370.0,75.04460635641045,76.18833797151667,39.14682464521028,930.3666470295673,801.7094943278546,23.18396502665508,723.1916699617051
2020-09-30,897.3566505891822,910.6524809958908,893.7992406760437,896.6896362304688,8048817,853.6013684082031,886.9048637556044,869.1005879060588,60.42749836219855,17.80427584954566,-32656703.330316663,284008553.0,72.87741233488164,74.73812002237578,38.57052904859065,932.0568331444199,807.5121060645645,22.73177040474022,724.2034610971656
2020-10-01,907.6731069014063,912.9203081740026,899.8023592742787,905.049560546875,5563358,855.5526086425781,889.696355569646,871.7634747683414,62.68585604718764,17.932880801304577,-33769356.51348006,289571911.0,78.18497772982204,75.36899880703804,38.12765104536057,934.9838985556377,811.8866336709249,22.267406228939763,724.9178801708895
2020-10-05,905.4052591225199,938.1779297729327,905.4052591225199,932.6638793945312,14212509,857.7911071777344,896.3067438503977,876.274615851763,68.98266329558851,20.032127998634678,-24339398.893893503,303784420.0,92.69720513468722,81.25319839979697,38.60291550822886,940.2712902271443,818.1207996166057,23.04318930016247,726.9115450887871
2020-10-06,938.2667015774849,942.7134631963355,917.2334974076182,938.9337158203125,9090819,859.6996545410157,902.864739538077,880.9160306642482,70.21179333779946,21.948708873828764,-17945679.21860024,312875239.0,95.27776909739158,88.71998398730028,39.17941045060838,945.591195797313,824.4247099644058,23.217244763630674,728.2137854531353
2020-10-07,929.2843177405523,953.3857453745362,920.9243837083324,948.538818359375,9284008,861.5441687011719,909.8915208951997,885.9251260490724,72.0397459016442,23.966394846127287,-11434130.959931549,322159247.0,94.65690484324746,94.21062635844208,40.01909938950519,952.7686076794963,828.564314683785,23.87753882810019,729.578055774366
2020-10-08,969.3940710456617,999.6320512434162,967.9711289843538,972.6846313476562,21482613,864.0263500976563,919.5519994263469,892.3517560711897,76.02301498586732,27.200243355157227,-26520319.603314497,343641860.0,80.32462735684227,90.0864337658271,41.75073011036347,962.2671275416441,833.8245899876528,25.821516974953116,733.2411897541768
2020-10-09,973.9297780392724,990.1160566332227,968.0155629484736,984.3352661132812,10567867,866.6116967773437,929.5186558397214,899.1653494076409,77.67562464297106,30.353306432080558,-21480892.487149213,354209727.0,88.83121468244627,87.93758229417865,43.35867292258901,973.4649954207787,837.4566720596902,25.5557295970814,735.0093396336677
2020-10-12,998.7427304221416,1013.8617209984341,989.0487676928728,1006.8358154296875,14633537,869.566123046875,941.4136034689469,907.140939483348,80.47462703243386,34.27266398559891,-15134466.483784642,368843264.0,95.35292417332073,88.16958873753642,45.20716927902334,988.4198873765689,839.0792947523374,25.839352831943643,737.6360513599258
2020-10-13,1009.9042894014077,1037.029541043579,1009.9042894014077,1029.6923828125,17523825,873.1395434570312,954.9949541371859,916.2188241743963,82.82970018931643,38.77612996278958,-7090743.532964817,386367089.0,95.79189174778094,93.32534353451598,47.20404836664407,1009.0730766247524,834.3810920764196,26.150379459225633,740.97305748564
2020-10-14,1033.4273494831175,1036.006492808127,1005.9463423151415,1011.1935424804688,16649573,876.4683850097656,963.6408908053833,923.2539884933647,74.95024319710659,40.386902312018606,-17927728.055164948,369717516.0,85.18218152946179,92.10899915018781,48.774545090340084,1021.2320400071037,835.9670566725838,26.429648818779906,743.9874492246374
2020-10-15,1049.4357228897613,1054.7718367349635,971.617395980563,985.6246948242188,44288251,879.3774536132812,967.0230145005887,927.8740408141687,65.65371406762796,39.14897368642005,-47295338.34393489,325429265.0,63.15165913133384,81.37524413619218,48.10025747706076,1027.4486951233912,839.2219835875463,30.481419671324236,751.3090670023362
2020-10-16,990.6051905651315,1010.2598577165816,975.530710178442,1002.744873046875,18365685,882.1637951660156,972.5186850461712,933.4200283869617,68.47343573532845,39.098656659209496,-36877895.728640035,343794950.0,68.80007084988578,72.37797050356046,47.47413326472996,1035.878965669463,841.1526688520214,30.78482880466819,754.1353545248486
2020-10-19,1009.4149230980901,1012.9723325187,991.8947251269936,1001.3218383789062,12902123,885.2765283203125,976.9499394050536,938.4497920900687,67.97390688589398,38.500147314984815,-38238881.971441925,330892827.0,66.95988854659875,66.30387284260611,46.96168992103365,1042.5115266718399,845.525826843785,30.09145584659949,756.1294846915285
2020-10-20,995.0965536548869,1018.0417834708323,987.1812945355425,1011.6384887695312,10448776,888.5875903320313,982.2866393072809,943.8711770292882,69.69971717611358,38.415462277992674,-32126174.1482084,341341603.0,73.20453976548629,69.65483305399027,46.61819355516588,1050.0216631677756,849.3638348790995,30.146386781505946,757.7440963155713
2020-10-21,1014.8846690279854,1026.6240790877034,1009.4151292142482,1021.2879638671875,19811433,892.14322265625,988.286843085728,949.6057538320956,71.25973486228538,38.68108925363242,-24600916.64978251,361153036.0,78.39324658220472,72.85255829809658,46.52050924405051,1057.7305456783736,854.1814904544391,29.22228414521661,760.9123092668708
2020-10-22,1015.640421992095,1029.8700601285866,999.4542520372449,1004.1233520507812,11271335,895.2399475097657,990.7232290803516,953.6440944408871,64.86251061822361,37.07913463946454,-32411749.121424343,349881701.0,66.09115272387233,72.5629796905211,45.77890710604759,1062.041917330311,859.5907425817984,29.307535855654113,762.6262390449426
2020-10-23,1018.461039995563,1020.2588529523072,1006.9101136944408,1009.0225219726562,9069862,898.501357421875,993.5385049099369,957.746200183981,65.80607074714581,35.79230472595589,-38611040.17072112,358951563.0,66.73704584041653,70.40714838216452,45.090276549330596,1061.5339296271402,874.2535398552817,28.36667621607353,763.9934698965477
2020-10-26,1008.7978532764048,1015.4047943258392,991.6287604996389,999.988525390625,6309368,901.5393969726563,994.5308157531198,960.8752613103991,62.47453856112904,33.6555544427207,-40483601.47064079,352642195.0,59.07033708483161,63.96617854970682,43.47438677241355,1062.0175724501612,883.8152095322607,28.03877318822544,764.8988322137201
2020-10-27,993.9207595374468,997.5163851264107,968.2570477340875,980.572021484375,10172479,904.1197387695313,992.3833089425436,962.3342805825455,55.92163590084697,30.049028359998147,-42093083.28580233,342469716.0,14.517038888928568,46.774807271392234,40.732456834100056,1059.3496865978207,894.6801290760076,28.30253779310488,766.2210228945528
2020-10-28,984.7519445015805,993.0668285605852,961.8748209014216,967.7177124023438,7608392,906.2642346191407,988.5886017825129,962.7330533099379,52.03071134210987,25.855548472575038,-46851065.05006207,334861324.0,6.289643912127167,26.62567329529578,37.88565337881738,1054.5445033307526,906.521420741513,28.508928497823366,767.1636843631385
2020-10-29,961.8298401019129,972.6167168133362,952.9306448690318,966.1895141601562,6935616,908.5249072265625,985.1425883021503,962.9890874469911,51.5713052950626,22.153500855159223,-44444195.02668482,327925708.0,13.0191615476958,11.275281449583844,35.52771463336485,1047.762266825654,920.2536450395802,27.878724458286303,767.9731684600589
2020-10-30,963.6276203942367,974.054912251054,945.9640884289273,953.3800659179688,8800386,910.6032104492188,980.2560463968916,962.277308074471,47.764362585107456,17.978738322420668,-48597977.21868483,319125322.0,6.815670395258086,8.70815861836035,33.64833216707949,1041.032005123461,931.8169572788826,27.893874412846333,768.9590140068634
2020-11-02,957.3351572729564,970.7737618329095,944.8403384386518,963.897216796875,7183119,913.0048034667968,977.7393033815044,962.3973013131675,50.96493278270358,15.34200206833691,-45224231.20826339,326308441.0,17.335230260263454,12.39002073440578,31.954202289742188,1037.9429446284773,938.029351514101,27.753842197232863,769.7647306474142
2020-11-03,963.6276168057341,970.2795458079983,950.5934746008057,955.1329956054688,7204782,915.2560131835937,974.2614098774989,961.8592045940787,48.30858645276991,12.40220528342013,-49106231.44253774,319103659.0,9.362791671477025,11.171230775666189,30.38108168935755,1035.9945766440676,941.5976474770262,27.17757284080141,770.5611470597887
2020-11-04,960.0320646738911,1003.1795731985604,958.9534208526899,983.358642578125,15702690,918.2371557617188,975.6609841391337,963.4517555558599,56.222317206082806,12.209228583273784,-47478558.71332079,334806349.0,45.299812082100146,23.999278004613544,29.156911057689037,1034.095731958595,946.9784745843738,28.66821603739357,772.4847552896343
2020-11-05,997.6963314474965,1009.471984476283,987.8982287973597,992.3927612304688,9568890,921.1730834960938,978.2351036916468,965.5955337539791,58.41668076438937,12.639569937667716,-53060411.21332076,344375239.0,55.92447187492779,36.86235854283499,28.27804651628702,1034.305877699914,948.7391418313363,28.485725027448172,773.7213063092025
2020-11-06,995.988312185815,1007.763964327975,981.3360936651736,1000.2581176757812,8807127,924.3330224609375,981.623259689206,968.1631325630015,60.28326114078466,13.460127126204497,-49255953.2177095,353182366.0,65.17459793554683,55.466293964191586,27.089306662151653,1035.130006849655,949.5072978378449,28.338735429973404,774.8467369792767
2020-11-09,1015.1349070019618,1030.1465980024097,1007.8087988660254,1021.6519775390625,10160320,928.1307238769531,987.7815239737993,972.1252692278949,64.89863578842986,15.656254745904334,-46823168.20530599,363342686.0,90.042207328293,70.38042571292254,26.87475651619042,1037.337627491496,948.7812934069414,28.449431494020196,776.2667486380086
2020-11-10,1001.2468925999046,1001.2468925999046,969.0211194329931,980.7518920898438,15622869,931.2287084960938,986.7000421454984,972.76427832878,52.36925690599437,13.93576381671835,-51072015.3292423,347719817.0,42.097208147254015,65.77133780369796,25.080032639333105,1031.8253635925337,949.3995082336384,30.176676252023707,778.098679366296
2020-11-11,985.2015002957962,1012.4832899684297,977.1113419904475,1009.0225219726562,12514800,935.1491271972657,990.134269811215,975.4500741542524,58.35421338894036,14.684195656962515,-41006094.83909941,360234617.0,75.23736694378759,69.1255941397782,23.606964228893112,1031.5103250995387,949.4974446758519,30.547767089592174,779.6544462415541
2020-11-12,1014.0561605672646,1026.5509799043489,1001.1568772928796,1004.7525024414062,9180976,938.8089440917969,992.3832286773983,977.6206243977452,57.18541929152896,14.762604279653033,-47587148.43201973,351053641.0,70.2318497014584,62.5221415975,22.757667126979136,1032.8572888070742,950.0632617300353,30.179648198297684,780.8397873719421
2020-11-13,1006.7751132912881,1018.4608958562762,1004.0783942378293,1010.5504760742188,6363212,942.3792810058594,995.1781898153706,980.0598726700766,58.40371140010181,15.118317145293986,-48223508.469983615,357416853.0,77.02850643270224,74.16590769264941,21.969034103773303,1033.809132367652,949.8919784721919,29.0512805854512,781.6549674274057
2020-11-14,1022.0563954205942,1024.4385189038073,1016.7528266558359,1018.865234375,1136144,946.4076196289062,998.8223505168521,982.9343439074784,60.15474478163902,15.888006609373747,-48735115.53088994,358552997.0,86.77545623838067,78.01193745751377,21.464337034720824,1036.149632221598,949.3058182178552,27.968192174318155,781.8055899011871
2020-11-17,1029.0231599423162,1029.247886555101,1000.168284806686,1010.1011352539062,12813968,950.1557312011719,1000.5575481687066,984.9466988220286,57.41140046953519,15.610849346678037,-52795234.088202626,345739029.0,76.50176804022043,80.10191023710111,20.196743298828046,1035.9438367987468,949.3578782891437,28.047578572467938,783.4428455607593
2020-11-18,1014.4157810784924,1018.1911437267061,990.1003212555471,998.2804565429688,9839468,953.4139672851562,1000.2072263801315,985.9343845791352,53.84464940623097,14.272841800996275,-56904134.42832767,335899561.0,62.64501383321793,75.30741270393968,18.931814547286017,1032.8684686417644,950.1324957137044,28.05066742237444,784.6250526566661
2020-11-19,988.7971786314679,1002.0110606721682,983.2240020620108,985.875732421875,10092343,956.6295483398437,998.0023811557843,985.9300399748937,50.31218938745357,12.07234118089059,-64147476.64639643,325807218.0,48.10361419322733,62.41679868888855,18.050845383860633,1031.6056674461752,949.570534946403,27.388981078644658,785.759277651337
2020-11-20,994.1902899583488,996.8870086472051,980.7965651910764,991.8081665039062,8063554,959.7449963378906,997.0494250554952,986.3654567548206,51.93617987776865,10.683968300674678,-61174337.71067078,333870772.0,51.807760827992226,54.18546295147916,17.33803147790312,1029.8747312645296,949.5800355811734,26.581942677036377,786.6541832522588
2020-11-23,993.2917796991985,1029.0683057920521,990.5500707139879,1024.61865234375,10546363,963.4161560058594,1001.2908446383036,989.199026798445,59.76810510068378,12.091817839858663,-53064621.16629827,344417135.0,92.23528731266703,64.04888744462886,16.94189050933129,1033.7159363203918,948.2018432206238,27.43453499139551,787.9549421742242
2020-11-24,1029.2480054693665,1038.1472023097785,1018.775722157713,1024.7984619140625,8515426,966.5092749023438,1004.9074011422665,991.8360219921944,59.80675853656304,13.071379150072062,-56285026.41312326,352932561.0,80.6892856644146,74.91077793502461,16.90727218402862,1038.07067026795,948.2697533160344,26.858602502871943,789.0517048131088
2020-11-25,1022.056620753758,1027.8995126050327,998.9097799583233,1002.864990234375,8958701,969.091689453125,1004.593184079514,992.6529826027263,53.10440377567713,11.940201476787706,-62799169.080206245,343973860.0,48.95962477970473,73.96139925226211,15.953298238296483,1038.4353871745725,951.419764192615,27.01082608457462,790.1115023683558
2020-11-26,1006.7301546757675,1006.7301546757675,987.268919365714,1000.6625366210938,10962256,971.2867626953125,1003.988469085911,993.2462829003831,52.4685456164217,10.742186185527885,-58672530.7957163,333011604.0,45.7734850165027,58.47413182020733,15.043531533355536,1038.1536181512915,955.1488354619895,26.47156960068025,791.3264253521835
2020-11-27,1004.9772495339133,1007.6739684503729,980.7067792857777,988.7969360351562,25306145,973.0799951171875,1001.6513101550257,992.916701651107,49.06032447736447,8.734608503918707,-68794988.79571624,307705459.0,28.608328114602905,41.11381263693678,14.462584795416472,1035.1339790644229,961.7101615605769,26.506970998102748,794.0001028747688
2020-12-01,993.3365538132581,1024.9780149656694,993.3365538132581,1022.8206176757812,8933802,975.7111145019531,1004.9081266966805,995.1318065418236,57.57106148689523,9.776320154856876,-61079446.60554989,316639261.0,74.88921340043252,49.75700884384603,13.682661356501322,1035.918338664999,966.8181420478916,27.19797870756064,795.0266986649323
2020-12-02,1019.3596588921785,1031.449903723465,1007.6738779701341,1025.5621337890625,6741637,978.2592163085938,1008.0856662493546,997.385904856434,58.17740144542819,10.699761392920664,-57676736.64483396,323380898.0,78.0902231248236,60.52925487995301,13.219515402767513,1033.7624522870478,976.0169422442023,26.953553496544234,795.8226430288387
2020-12-03,1031.0458157335847,1031.0458157335847,1009.2023426155724,1012.5732421875,16212632,980.5902294921875,1008.7760625475308,998.5108928068832,54.22365525633183,10.265169740647593,-68885479.93415512,307168266.0,55.47741681569314,69.48561778031642,12.789451302871834,1033.630294612813,979.0705598793745,26.588547755220524,797.6809267470891
2020-12-04,1011.269623745018,1022.0564997316314,1002.2805604228399,1019.944091796875,10564055,982.8507690429688,1010.4942208935838,1000.0985371765123,56.04903417881909,10.395683717071506,-60578267.783109754,317732321.0,68.30958138087254,67.29240710712975,12.046372258460407,1034.831400579631,980.624586969197,26.10193286618988,798.8596506631335
2020-12-07,1031.3151796178677,1036.4389013266218,1021.1574951492129,1027.8992919921875,7792141,986.0592663574218,1013.1719241395228,1002.1578523480438,57.995839291820246,11.014071791479068,-61494990.253697895,325524462.0,82.15906189738703,68.64868669798422,11.992829592403108,1037.344265067274,980.8758399131948,25.41570977072966,799.7757214939155
2020-12-08,1029.247815704994,1049.023756268758,1029.247815704994,1036.753662109375,12308330,988.8036315917968,1016.7998838271924,1004.7205049229572,60.11356874815182,12.079378904235227,-64460206.162455864,337832792.0,82.03946558929294,77.50270295585084,12.444949833721774,1040.134989788196,979.5952836493041,25.109192235432577,801.2695697585507
2020-12-09,1049.967682304926,1060.2601168684103,1040.0347225237394,1056.394775390625,10039346,991.9594934082031,1022.8914056061819,1008.5482286613029,64.40110491670805,14.34317694487902,-58258164.873784006,347872138.0,95.14119508339887,86.44657419002628,13.27764549260172,1047.1514716564045,980.1430901111736,24.99471098711848,802.5448238395336
2020-12-10,1040.394217326194,1053.2036326399734,1033.7422884804512,1049.6978759765625,9488782,995.006318359375,1027.0154779708557,1011.5963506846555,61.95567041178924,15.41912728620025,-52187991.624698795,338383356.0,86.72307006494017,87.9679102458773,13.688019822434594,1052.5814192786777,978.7806778892913,24.82740926733672,803.7063465955591
2020-12-11,1042.461494261261,1053.4730954015354,1038.461405494046,1045.607666015625,10574009,997.9846789550782,1029.8758145931279,1014.1157073758384,60.445984229238995,15.760107217289487,-52694563.37583557,327809347.0,81.58160135322336,87.81528883385413,14.079979671433424,1056.4559610472284,978.9916524781623,24.126286455919058,804.9892866386064
2020-12-14,1051.1812074687161,1054.0576641699872,1032.1243252009788,1046.821533203125,6728187,1000.8201184082031,1032.4828482254352,1016.5383611408226,60.7516433434049,15.944487084612547,-50405831.979957916,334537534.0,83.10745460386687,83.80404200734345,14.056237988280193,1060.1091242077746,978.9655950305066,23.969647349711156,805.7934780302387
2020-12-15,1039.1358102562535,1046.0573457233122,1035.5401846152286,1037.8773193359375,6905926,1002.9243872070313,1033.3127668578202,1018.1190247108311,57.24158675314448,15.193742146989052,-54242473.54713866,327631608.0,71.86441422495494,78.85115672734838,14.034192139637907,1061.8356840232482,979.1402437111269,23.06334029529582,806.5978142121888
2020-12-16,1042.7311372195195,1050.731423925172,1036.9781158958056,1047.8548583984375,7788404,1005.1028100585937,1035.5500117102229,1020.3216790580612,60.01681925639684,15.228332652161612,-49712028.20069956,335420012.0,84.40636326906169,79.79274403262781,14.244747838742331,1065.079193993501,979.6721060553273,22.398337990586583,807.519032633579
2020-12-17,1048.0348226960666,1050.7315414560378,1039.3153662009663,1042.0120849609375,6658153,1006.972275390625,1036.5441768257174,1021.9283757916077,57.65683615524677,14.615801034109722,-53224615.247009054,328761859.0,77.0618902211131,77.77755590504323,14.440269866541987,1066.5797320837423,982.5447308068827,21.61389779519265,808.2970983083027
2020-12-18,1063.2716980480618,1074.1934356789616,1056.7546249027291,1069.5191650390625,15995676,1008.9089660644531,1041.6172519354627,1025.4536194395673,64.69530930128877,16.1636324958954,-45803849.50339426,344757535.0,94.21908125561576,85.22911158193017,15.684364620742182,1071.1755738824677,986.3132322698762,22.368715861109177,810.3243925631064
2020-12-21,1067.9008477628877,1087.4520627787485,1035.5852052262885,1058.2825927734375,10858352,1010.3879125976563,1044.1811505259204,1027.8853952420761,60.28680317202955,16.2957552838443,-47158783.131919354,333899183.0,65.75207763340873,79.01101637004585,15.442910238179905,1072.7849461984322,991.3513025808645,24.475725981919954,811.6487646985074
2020-12-22,1062.5074570408517,1100.1266712007807,1057.2038868744687,1097.1153564453125,10901851,1012.1935034179687,1052.3248745135193,1033.0135405163899,68.32095257209077,19.311333997129395,-37786604.789156154,344801034.0,96.9223970870929,85.63118532537244,15.765372255206756,1085.0936823629258,986.2922368265271,25.793373006519385,813.0933076058064
2020-12-23,1112.8461700775822,1131.5883473611214,1106.1493610073994,1126.374755859375,15878346,1014.1271508789063,1063.7171639513433,1039.9291860973517,72.78797124107714,23.787977853991606,-28416632.088021994,360679380.0,95.96807614978765,86.21418362342975,17.146313818167304,1103.6856328123347,977.8579157716497,26.413345714325775,815.4495374730453
2020-12-24,1123.543092988199,1123.543092988199,1102.059208814937,1111.09326171875,7313885,1016.1251452636719,1071.0057943770983,1045.2005991063443,67.43932398761854,25.805195270753984,-29579485.59953189,353365495.0,81.44079735702589,91.44375686463547,18.17964433161986,1113.5824272513619,978.7839484810603,26.26350295219094,816.4907284532921
2020-12-28,1113.250509710664,1121.835109125127,1111.0482330758468,1114.91357421875,4607051,1018.7109228515625,1077.7608374296601,1050.3645231887447,68.07099005532105,27.396314240915444,-30884779.223921463,357972546.0,83.70657952178715,87.03848434286688,19.13916552268294,1122.19845475379,981.5930247383975,25.158029601983028,817.1509971277391
2020-12-29,1110.1495187971482,1127.6332061931685,1110.1495187971482,1123.90283203125,6878105,1021.13408203125,1084.8596058299047,1055.8118053252265,69.56704613226782,29.047800504678207,-26941742.163971975,364850651.0,92.27307003783011,85.80681563888102,20.228918236940764,1129.3662957562383,987.9357733355588,24.60986230155712,818.1465358492421
2020-12-30,1126.329645148234,1126.5993609424154,1112.9809079318184,1120.7564697265625,5194690,1023.5227746582032,1090.3822002755444,1060.6225212068068,68.35969904149283,29.75967906873757,-26204534.749763593,359655961.0,89.10975305511079,88.36313420490933,21.240831471608743,1137.164313875638,989.9313404212371,23.82476163791711,818.892985663298
2020-12-31,1117.3406340929403,1131.1838143373934,1113.7450085608632,1128.8466796875,7430470,1025.8669384765626,1096.2998124927683,1065.676162575747,69.81053955299356,30.62364991702134,-20765715.91263913,367086431.0,97.24355841028918,92.87546050107669,22.349030267333408,1145.3730979558682,992.0510109308507,23.36862193353233,819.9700968214275
2021-01-01,1130.734343854036,1137.5660103145522,1128.8466624245198,1133.0264892578125,4253550,1028.101708984375,1101.9500704566212,1070.6650756633073,70.56159960417837,31.2849947933139,-20941185.154541,371339981.0,95.69475672562511,94.01602273034167,23.609232056126014,1151.7332999132525,997.7361336804976,22.322245216139482,820.6004961951742
2021-01-04,1140.7122861720418,1159.5893216406098,1133.655892478559,1158.0162353515625,7208454,1031.1795666503906,1110.5756342866123,1077.1355319365114,74.62601446055375,33.440102350100915,-14607241.04536729,378548435.0,98.73188453642734,97.22339989078053,25.464266062836888,1162.4151918431312,1000.8614561060876,22.625144299472186,821.7217798137303
2021-01-05,1152.3978667416436,1167.6792737109167,1146.1505119019969,1163.0050048828125,8145280,1034.2592163085938,1118.6416913014123,1083.4962336362373,75.35746585165097,35.145457665174945,-9998925.10657087,386693715.0,96.46140899305544,96.96268341836928,27.40089880182973,1172.5892002804908,1004.1980189577903,22.546831264432736,823.0122697533212
2021-01-06,1168.5781145758583,1170.3759270598212,1139.858104036458,1152.4876708984375,7161715,1037.30919921875,1123.84876508557,1088.6067104704744,70.72845837716692,35.24205461509564,-11232998.52022982,379532000.0,86.72886685518625,93.97405346155632,28.682244554106628,1179.2874588852483,1009.0731612319391,23.116187818642057,824.1230211459618
2021-01-07,1164.9827712721649,1166.465988875993,1128.5770596699097,1134.5548095703125,10954918,1040.3888549804688,1125.4958488524535,1092.0102733667586,63.55928315440621,33.48557548569488,-18731193.865058705,368577082.0,73.42464154636107,85.53830579820091,29.00108313157721,1183.0742375912585,1013.1023859438976,24.171383632030714,825.7513944645546
2021-01-08,1149.0271181050996,1183.6800040881164,1149.0271181050996,1179.455078125,13186251,1044.623602294922,1133.7972687405374,1098.4876663118134,71.38116124020407,35.30960242872402,-8760313.396296637,381763333.0,97.14714764084437,85.76688534746388,29.87574608050013,1193.5144738112183,1015.6378699387816,25.953798695300232,827.8575601156144
2021-01-11,1206.4221456492633,1243.5020312116676,1204.534464330223,1237.0748291015625,20528626,1050.04130859375,1149.6861241806953,1108.753382074017,77.92848011895067,40.93274210667823,4996443.641693015,402291959.0,96.5500450189821,89.0406114020625,31.997248719585116,1215.9294234395727,1012.3696366190209,28.674738294683614,831.6285780891027
2021-01-12,1238.6931166137006,1238.6931166137006,1222.512800141243,1233.074951171875,8309868,1055.635206298828,1162.5151744870307,1117.9623871923768,76.61808335203031,44.552787294653854,7535569.975026358,393982091.0,92.62805997285189,95.44175087755944,33.96721545587832,1232.7063434389902,1014.2180584164785,27.782279593096046,833.1465554396028
2021-01-13,1234.9624703704742,1251.9968115873107,1222.5126393349674,1246.91796875,14442997,1061.2956213378907,1175.5002197582567,1127.5146524929417,77.99705738798885,47.98556726531501,17002764.280960873,408425088.0,96.61269571915118,95.26360023699505,36.011505435330754,1248.2847438993776,1019.5437228974974,27.903843354470855,835.8169565668985
2021-01-14,1222.5125339178219,1244.0862845163717,1185.1629343021746,1231.9510498046875,27521697,1066.831982421875,1184.1849628423229,1135.2506819234413,72.98521729301068,48.93428091888154,33188301.624567635,380903391.0,85.86806883069858,91.70294150756719,35.775407378977135,1257.9349820385462,1028.3031038989536,30.32178557542475,840.562076756863
2021-01-15,1222.5127162063673,1226.5128058343928,1204.534588026862,1208.984130859375,15018441,1071.3444921875,1188.0002194603308,1140.7124188816586,65.97905645833964,47.287800578672204,24250899.323180668,365884950.0,69.67677008008519,84.05251154331164,35.55617346950592,1259.7590197697389,1043.1762707576047,30.11426244702481,843.0552186498614
2021-01-18,1202.7367328494497,1204.5345456040827,1173.9717287753224,1179.41015625,8861765,1075.0848400878906,1186.6786712741261,1143.5789179459803,58.22787695569355,43.09975332814588,18542905.555731766,357023185.0,47.785358776507934,67.77673256243055,33.94484197287767,1259.03720447271,1054.8871851757276,30.464129563955368,844.403144986851
2021-01-19,1186.5563582114848,1196.444327863247,1179.3651075556575,1183.5450439453125,5585744,1078.7505786132813,1186.196574762001,1146.5393717237084,58.95393596444497,39.657203038292664,15691250.605279535,362608929.0,50.487613077347405,55.9832473113135,32.44860558315143,1255.182903145503,1071.2677316201223,29.508064617072097,845.2485227897891
2021-01-20,1187.050917567979,1212.0854394347348,1187.050917567979,1204.0401611328125,8225838,1082.3983422851563,1188.941741895972,1150.7986894577161,62.43887607872209,38.143052438255836,18630056.85538145,370834767.0,61.14345580066202,53.13880921817244,31.562655413235266,1256.8944501635922,1080.2486650707826,29.43894539366854,846.5388598858427
2021-01-21,1213.5236726390642,1223.456632518136,1200.040076276408,1204.264892578125,6142421,1086.8686022949219,1191.2991496932264,1154.7591489481167,62.476496642777015,36.54000074510964,14704067.691465478,376977188.0,61.3255428992189,57.65220392574276,31.08059426733192,1259.8671710261667,1085.0649578800833,29.00877473995851,847.5184291084812
2021-01-22,1192.8487527087666,1218.9170374326206,1192.4442887342746,1205.298583984375,9646591,1090.7941235351564,1193.4529088149416,1158.5028108026545,62.66174420206174,34.95009801228707,14425610.713657798,386623779.0,62.16308420860494,61.544027636161935,30.26620812879863,1260.9168684642484,1093.435792668564,28.827630022700482,849.0305660555879
2021-01-25,1209.0290048501095,1211.6358551336596,1180.264002504233,1191.1407470703125,6542611,1094.5218884277344,1193.0971916234603,1160.92043571137,58.408540778098384,32.17675591209036,12419697.592664914,380081168.0,50.69179481277334,58.060140640199045,28.942972307156886,1259.8422559040587,1102.1331225139102,29.0093602088952,850.0168861199278
2021-01-27,1186.1968091800409,1193.3431805706914,1155.1845398000416,1169.4771728515625,8133665,1097.7004223632812,1189.4633425816298,1161.554268092125,52.53280624801844,27.909074489504746,10379094.969164174,371947503.0,33.139033701044326,48.66463757414085,27.060377104510827,1257.912469085345,1108.620343414655,29.662880249020525,851.1585286557043
2021-01-28,1161.207230506836,1165.3870571197945,1143.9032838104918,1147.1842041015625,4660690,1100.2668017578126,1182.9588597385425,1160.489818907639,47.26371037223251,22.469040830903623,7141930.731723694,367286813.0,3.0352606289664896,28.9553630475947,25.71916755596337,1255.6084735830582,1113.5671123544416,29.370809448452682,851.7675701231365
2021-01-29,1156.2185047424223,1160.6231686112105,1106.5539197962464,1113.7901611328125,12183519,1102.3405822753907,1172.317521491507,1157.0305849983924,40.68128504809744,15.286936493114581,-1780478.2752616275,355103294.0,4.975314535798208,13.716536288602994,25.604057535212878,1257.4740645379193,1110.1958695441122,31.13498368891778,853.2156572289733
2021-02-01,1124.1274926340516,1148.7574413106047,1115.5428922386072,1133.43115234375,8880279,1105.0435961914063,1166.335003161083,1155.2824788758264,45.48984086316809,11.052524285256595,-1095506.805420822,363983573.0,18.479577940539038,8.83005103510123,25.497169658801706,1257.4386471580253,1110.2717532325998,31.40871915240881,854.2829176362206
2021-02-02,1150.6002949852507,1163.5445702497937,1135.8582067597931,1142.73486328125,6892490,1108.1807788085937,1162.7042124103396,1154.3530258688206,47.65445334099204,8.351186541518928,-4564124.520807151,370876063.0,24.876391715986536,16.11042806410791,24.74718277342069,1258.0366749171792,1108.1455882664147,31.3161976348113,855.1494361343664
2021-02-03,1148.4879278488643,1172.1740925115544,1144.307990619025,1154.7802734375,8182968,1111.4402209472655,1161.4851448760564,1154.384673836871,50.40063277892052,7.10047103918555,-6596655.296323723,379059031.0,35.06545803919894,26.140475898574824,23.688529169594897,1258.150209997779,1107.2095800412833,31.182128463060803,856.2055198021258
2021-02-04,1155.0945895852606,1162.6454244125505,1143.4537969517771,1150.0157470703125,5032240,1113.9481628417968,1159.7206221367112,1154.0610496319407,49.29891748112862,5.659572504770495,-8187675.115076226,374026791.0,36.23060259182919,32.05748411567154,22.73559752500655,1258.2318072282396,1106.8807904280102,30.325664105754555,856.8404766427416
2021-02-05,1156.3531843693338,1158.465592407593,1134.4198468425857,1143.498779296875,5477481,1116.3221691894532,1157.2249540075056,1153.2786592367506,47.761053893274614,3.946294770755003,-9528900.087230502,368549310.0,31.603081434491617,34.299714021839904,22.17473066457297,1257.6376181832914,1108.369376445615,29.87709849570118,857.5131927099346
2021-02-08,1155.5442261507553,1177.5674338836945,1146.5551617699637,1171.76953125,6921922,1119.7002600097655,1159.4625812755817,1154.6483534599545,54.40564122152164,4.814227815627191,-5195155.415666831,375471232.0,55.78622594404703,41.206636656789264,20.806184623189417,1257.40146027223,1107.8369796691763,30.17649535935249,858.4170893902536
2021-02-09,1174.7808845979516,1197.3434149915486,1166.6457371732465,1173.5673828125,7965949,1123.1583569335937,1161.6325507427998,1156.0497630416246,54.79938985473054,5.582787701175221,-9568814.700156655,383437181.0,57.32413000173736,48.23781246009199,19.864656617654628,1249.9800510216062,1108.9076442908938,30.21372267784889,859.4975516323967
2021-02-10,1164.8029383282565,1172.4885220871072,1153.8362145862936,1165.43212890625,5951207,1126.6910607910156,1162.2171012294843,1156.744753105671,52.586380792029466,5.47234812381339,-8120434.655034802,377485974.0,50.365135024774176,54.49183032351951,18.473743107689526,1242.3459963163639,1109.7774167695736,29.46496878844585,860.2616850710269
2021-02-11,1158.6904050838061,1164.9827501851146,1153.34195563961,1161.971435546875,4673317,1129.4740771484376,1162.1793065090828,1157.1319147679824,51.631176680563065,5.047391741100455,-5864964.278170759,372812657.0,49.3200232570699,52.33642942786046,17.16221105787215,1229.7542893087816,1113.8744704568435,28.223911965459724,860.8515387123346
2021-02-12,1173.0726572761937,1189.927149478438,1169.9714746028876,1177.387451171875,5797875,1132.5105834960937,1164.5190210725893,1158.6323248719743,55.508184971888646,5.886696200615006,-7353598.381226957,378610532.0,67.40790522004134,55.697687833961794,16.88229827657308,1220.1762112272713,1117.9961886750725,28.20475496303853,861.6263642425488
2021-02-15,1186.5563440256665,1194.1071790699668,1174.9604305358241,1177.252685546875,4363513,1135.8041723632812,1166.4780463763257,1160.0116108478928,55.46632949389435,6.466435528432839,-10672308.967678832,374247019.0,77.87108585475079,64.86633811062067,16.765985370526597,1215.4067224129626,1119.592532958131,27.557754503831685,862.2125264153864
2021-02-16,1181.1630218531775,1186.3317337067967,1155.9936423920747,1159.9488525390625,6896421,1138.604267578125,1165.4735550167468,1160.0069620842758,50.22913342084453,5.4665929324710305,-15770542.07021783,367350598.0,58.81179604309439,68.03026237262883,15.82057316665629,1214.2165300479646,1118.8365949520353,27.756349990323855,863.0922619028617
2021-02-17,1159.94882501291,1163.6343192577272,1146.1056446918517,1151.768798828125,4575741,1141.0816577148437,1163.3651309877282,1159.3967277690053,47.92539264447193,3.9684032187228695,-17389627.50869436,362774857.0,49.80188394550981,62.16158861445165,14.837883870642019,1212.3705267047967,1117.5049737834847,27.0258017457204,863.6472310601555
2021-02-18,1147.0045378857642,1173.9717292153668,1146.1056315081107,1161.79150390625,6437551,1143.5824145507813,1163.1230345136546,1159.5741185939864,50.89705164906262,3.5489159196681612,-16579762.3398908,369212408.0,56.538283755625244,55.050654581409795,14.048680216586442,1206.7365785595825,1118.9140562060425,27.085822885830094,864.4426090747967
2021-02-19,1165.0726196619328,1168.1289235162828,1147.7237911374643,1160.7579345703125,5389696,1145.669677734375,1162.7591729839096,1159.661808666307,50.57652708238012,3.097364317602569,-15083928.815331485,363822712.0,41.85726986329672,49.39914585481058,13.315848252106266,1200.23124586468,1121.068693100164,26.60863070675784,865.1013308436219
2021-02-22,1164.0838425867946,1176.26406876987,1132.622117111476,1137.29638671875,7371303,1147.4216479492188,1158.8418212508082,1158.0051107442657,43.829170316832936,0.8367105065424312,-20876225.548672885,356451409.0,7.222150606335746,35.20590140841922,12.750481610710953,1192.332799374958,1122.166919863323,27.825296489017564,865.9665436889729
2021-02-23,1142.6449951957534,1160.488266896499,1130.4198890008972,1138.3302001953125,6612942,1149.2760986328126,1155.6861872422703,1156.5477099628617,44.18253649414473,-0.861522720591438,-24009736.146537248,363064351.0,11.819925918906717,20.299782129513048,12.318167741467931,1186.9326269000896,1122.2860376506917,27.985516589487865,866.7228485973817
2021-02-24,1132.6671452590322,1147.5439815501393,1125.4309042590592,1145.4765625,4537258,1151.24919921875,1154.1154757434595,1155.7276249656127,46.67963007215182,-1.6121492221532208,-20320882.32847177,367601609.0,27.875063791764394,15.639046772335604,12.1324982341697,1185.2134845408523,1121.6051189747727,27.566056639601594,867.2326589593431
2021-02-25,1158.1958827879412,1168.3535687858594,1143.4089167113777,1145.701171875,8788221,1153.4056762695313,1152.8209674560042,1154.9849247366783,46.760247378314936,-2.16395728067414,-27493939.893347193,376389830.0,28.187400786693598,22.627463499121557,11.566726903733391,1185.2038924144692,1121.4664078784997,27.378813456378737,868.2616181315555
2021-02-26,1140.7122745478393,1145.4765225808928,1118.9137933360307,1126.5994873046875,15132388,1154.9805688476563,1148.7868935865708,1152.882299741716,41.07279401402436,-4.095406155145156,-33869478.99345713,361257442.0,9.799478572540147,21.9539810503327,11.471654186460855,1183.0302864355344,1124.9209464746218,27.336568105135203,869.8793123357835
2021-03-01,1135.5885188647067,1154.6452909859504,1131.7231773852172,1138.9144287109375,5756286,1156.9186157226563,1147.2680528364733,1151.8476426283248,45.66153728030811,-4.579589791851504,-36013977.69933946,367013728.0,26.598929120809807,21.52860282668117,10.96663018318607,1182.6192367117364,1125.8803238351384,27.387227789144326,870.5162224370263
2021-03-02,1152.622865430511,1177.5675209311519,1149.8811566997827,1172.62353515625,10461434,1158.980703125,1151.1688962702851,1153.3865976303935,55.80622313806696,-2.2177013601083218,-29288764.204773225,377475162.0,71.42881158492524,35.942406426091715,10.799013666304031,1184.673317596328,1126.815110138047,28.191932391363615,871.771817862493
2021-03-03,1185.8371300625734,1210.8267687361183,1175.7694235388587,1207.7255859375,9056399,1161.9695629882813,1159.8699254498567,1157.4117078753643,63.45699782425227,2.458217574492437,-21834628.50441518,386531561.0,96.62595755918119,64.88456608830539,11.707964784192066,1195.1214094355753,1121.6615495487997,28.907025333399666,872.9650904548527
2021-03-04,1200.0400441282789,1225.973471825094,1191.8600178333616,1195.860107421875,12041941,1163.9444580078125,1165.406876522475,1160.259737471402,59.694990541678216,5.147139051072827,-31052531.64350159,374489620.0,71.87235677501563,79.97570863970735,12.956590956970375,1200.6188917242903,1120.7485032952409,29.278913094709157,874.5695313784606
2021-03-05,1194.1971048095168,1204.5345279975554,1173.117794461472,1183.5899658203125,6486176,1165.0887622070313,1168.2042748759884,1161.9879025342843,55.99789388982436,6.216372341704073,-33214620.51601044,368003444.0,60.41132702531771,76.30321378650483,13.287065295813278,1202.9948548984064,1122.3816587734684,29.43161455480732,875.3818706186108
2021-03-08,1190.8713732012957,1210.0180157830202,1184.039596028304,1200.71435546875,5119392,1166.8811840820313,1173.2058257364133,1164.8565286775781,59.74497605126622,8.349297058835191,-31762047.716970176,373122836.0,76.40650830188659,69.56339736740662,13.755975488234688,1207.597513017751,1120.673483075999,29.217074226800207,876.0429389944838
2021-03-09,1195.0961884633828,1213.9282356946742,1185.4329436149576,1209.523681640625,6518173,1168.7733862304688,1178.793188183215,1168.1652066748409,61.5585361085351,10.627981508374205,-27258919.53432651,379641009.0,84.6349340698333,73.81758979901252,14.309900182987105,1213.5803857526814,1118.286240223881,29.165518359151378,876.8929565908658
2021-03-10,1219.7260486762443,1235.097325320522,1218.018104664707,1229.8387451171875,7925984,1170.8921044921874,1186.6463507884416,1172.7336169298296,65.42676406496184,13.912733858612,-24213652.68111919,387566993.0,95.47390227038676,85.5051148807022,15.428018405874926,1224.3396205947336,1113.9676670029228,28.908955882061782,877.9984411564523
2021-03-12,1234.1984952903686,1251.0080011886434,1231.5467652849002,1235.8614501953125,9462061,1173.1942041015625,1194.217904543345,1177.409752727273,66.50292476234999,16.80815181607204,-29480110.480990637,397029054.0,88.5335237331291,89.54745335778303,16.86737191888364,1235.0620027626921,1110.6342862998079,28.356120181304224,879.3533895820566
2021-03-15,1231.5017519169687,1240.400947106705,1221.1643284519723,1234.73779296875,6658635,1175.3120263671874,1200.4517335318687,1181.6562742266415,66.08959457921702,18.79545930522727,-26742006.113759045,390370419.0,87.682875362675,90.56343378873026,17.687365441303363,1243.5361466885695,1107.8951765536178,27.70472721512054,880.281427313233
2021-03-16,1245.9292277460324,1263.8623660754606,1240.9402534617163,1244.08642578125,9352771,1177.5332250976562,1207.1647631086967,1186.2807298973532,67.87835855969934,20.88403321134342,-33527349.7804256,399723190.0,86.35658156513118,87.52432688697841,19.03680323955412,1253.1477697161724,1104.9669275494527,27.806144778805542,881.6412765182137
2021-03-17,1251.5022167599107,1258.4687401428441,1242.2884277695791,1246.782958984375,7626744,1179.3085595703126,1213.2598701664933,1190.7623764963919,68.39620576629329,22.49749367010145,-36917013.78042556,407349934.0,88.21691944370588,87.41879212383735,20.289852623644112,1262.5085578771314,1104.289550033025,26.97572817840979,882.7414338420227
2021-03-18,1252.850804257224,1252.850804257224,1180.7135651242072,1201.927734375,10961755,1180.0870141601563,1211.5164646601097,1191.5894400429554,53.06971822465412,19.927024617154302,-41431487.77409467,396388179.0,57.27130627784875,77.28160242889525,18.92572524407581,1264.0205220612088,1107.793479403635,30.20155038945314,884.151183052798
2021-03-19,1195.545514355077,1218.1979117877854,1184.7586375338283,1208.53466796875,12767112,1181.2079541015626,1211.0577267075928,1192.8446421115327,54.68060966751302,18.21308459606007,-36043227.07236011,409155291.0,58.12922823644082,67.87248465266512,17.659035534476676,1266.1284565056867,1110.3598613654071,30.432816379774856,885.7382442940298
2021-03-22,1213.613398565953,1236.8950941592368,1201.0287101079375,1232.2208251953125,4862758,1183.1612744140625,1214.3135880133957,1195.761396414035,59.98370396230909,18.55219159936064,-32447942.189581208,414018049.0,72.23968665233342,62.54674038887432,17.072953182,1270.8779465815767,1112.756660352017,30.820928356312315,886.3754900696813
2021-03-23,1233.7040695939993,1243.4123028011156,1222.1531440677036,1232.8951416015625,7165335,1184.2300756835937,1217.1722885654212,1198.512044205704,60.12675160675209,18.660244359717353,-32372161.784736637,421183384.0,65.87429537314122,65.41440342063846,16.72555590013697,1273.422795259879,1119.771687161996,30.137944811819438,887.3362845539198
2021-03-24,1220.5797806405405,1231.9059769901212,1210.152490504891,1216.894287109375,6134303,1183.82646484375,1217.1295191106449,1199.873691828198,55.093928167379914,17.255827282446944,-34704203.18732735,415049081.0,48.241445046564884,62.11847569067982,15.946817310508024,1272.9397189983988,1128.1111721148823,29.609709546451736,888.1234116507212
2021-03-25,1210.6022200175903,1215.7709319278194,1193.3881401445217,1198.96142578125,8749994,1183.1441943359375,1214.3344278291995,1199.806116565461,50.03869675301784,14.528311263738487,-39096723.25344134,406299087.0,28.479534213586124,47.53175821109739,14.987961477545293,1271.0939743308368,1135.3054031105694,29.173740790623278,889.1826871354078
2021-03-26,1208.7594793651183,1219.5463569430794,1197.3434111536933,1201.1187744140625,4922071,1182.2282104492188,1212.3012503807167,1199.903350480172,50.625637460698755,12.397899900544644,-42344907.71652858,411221158.0,24.54059355806946,33.753857606073474,13.960150695068448,1268.5690757370207,1143.3720619582919,28.675826861963483,889.7816559068676
2021-03-30,1210.7369792538634,1258.4688842757969,1201.073736035317,1245.2550048828125,10546381,1182.4942895507813,1217.3710587656547,1203.262732287775,60.777678345240616,14.1083264778797,-36654637.75861749,421767539.0,77.62161212215578,43.54724663127044,14.159365866835739,1265.068007916696,1158.7386815364289,30.727206960428934,891.1741720362138
2021-03-31,1242.2887246314067,1247.6821633779973,1225.4792177631157,1229.7490234375,8220987,1182.9095874023437,1219.2753610228617,1205.224679780347,56.39086348604626,14.050681242514656,-41713700.43105328,413546552.0,58.9731394227082,53.7117817009778,14.344351383476793,1258.1846175082155,1174.705531417566,30.1183311500327,892.2499084287564
2021-04-01,1240.4907699083803,1250.9180616804947,1232.4006127133255,1245.1650390625,5675155,1184.2246850585936,1223.2583884135752,1208.1832249123586,59.51918921848521,15.075163501216593,-39564872.96499295,419221707.0,77.51341354408459,71.36938836298283,14.613379083304471,1258.4188387932845,1181.725460523122,29.479095942387126,893.0069985649154
2021-04-05,1250.3789314730923,1280.941752228006,1246.783305501926,1267.3682861328125,9479572,1185.9011499023438,1230.044526524227,1212.5673035212812,63.57235702239103,17.47722300294572,-37619053.900000095,428701279.0,86.45743628871942,74.31466308517072,15.684807316633018,1266.0867541381228,1180.0218151978145,29.928925744038473,894.3441520097921
2021-04-06,1279.1439887218298,1281.8407083045183,1264.2670417987456,1268.402099609375,5793571,1187.188388671875,1235.9456916142499,1216.7032143426215,63.754332081866465,19.24247727162833,-40686187.47647023,434494850.0,86.7111753852454,83.56067507268313,16.70237378549206,1272.0966926123976,1181.26607594229,29.046407227019493,895.1708358020044
2021-04-07,1267.682706561463,1289.885649978232,1264.401676369487,1285.6158447265625,5879234,1188.8154077148438,1243.5872536315287,1221.8078536303208,66.73419759692294,21.779400001207932,-36777068.8591341,440374084.0,96.08892212933482,89.75251126776654,17.855687749494933,1279.550214146779,1184.0151422985334,28.79194768285704,896.0248318095887
2021-04-08,1285.436077621409,1304.942301480815,1277.345920489526,1294.290283203125,5654434,1190.5952416992188,1251.3877197194665,1227.1769224875657,68.15499628504116,24.21079723190087,-35487782.18312593,446028518.0,91.4254796514128,91.40852572199766,19.298050079959374,1289.2114977949575,1183.7114514237926,28.70655006203076,896.8686445397333
2021-04-09,1307.9088412939445,1307.9088412939445,1285.4811700035339,1295.369140625,6052712,1192.6798095703125,1258.1540921664716,1232.2281979051534,68.33613274087989,25.925894261318263,-36203423.05690651,452081230.0,89.81755589022771,92.44398589032511,20.70891835321439,1297.8305747555683,1183.676920361619,28.258058721200758,897.777154312371
2021-04-12,1324.9879538455637,1328.1791152653936,1271.9524794379056,1281.61572265625,20384532,1194.9225805664062,1261.7635737802837,1235.886533071901,63.38629248215439,25.877040708382538,-49581286.8574257,431696698.0,65.45511109524317,82.23271554562788,22.481821919240215,1302.8494733067087,1183.8357195643853,30.25581422879271,900.788925249275
2021-04-13,1288.1328771347014,1290.1554165440198,1235.996305694497,1255.9071044921875,14855206,1197.0970385742187,1260.8625785051918,1237.3695383622928,55.31997134364608,23.493040142898963,-53513897.81756085,416841492.0,46.382158962499375,67.21827531599007,22.373446749655677,1303.989073965353,1184.7006843354282,31.96319255884485,902.7719665107439
2021-04-15,1197.613046338075,1228.265732778678,1186.5564536732961,1223.1868896484375,25342491,1199.2849731445312,1255.0663186810757,1236.318971790896,47.103981853760935,18.747346890179642,-34343200.676348746,391499001.0,25.86481256837595,45.90069420870615,21.005665287769784,1303.9933136312243,1183.5413543375257,34.63372529170532,905.6578503795721
2021-04-16,1227.0069820161011,1232.2655614216462,1210.4670857338144,1216.894287109375,10879878,1200.9542358398437,1249.1936984392755,1234.8801062589316,45.69833211540957,14.313592180343903,-38807293.6600996,380619123.0,21.421595311813938,31.222855614229744,19.60932318115922,1303.7606916582185,1181.0547624433439,33.716921748571494,906.9090688442502
2021-04-19,1204.5346689350752,1240.2212118765328,1197.6580124985544,1224.8050537109375,12508028,1202.5956396484376,1245.4415992503004,1234.1338060701914,47.80698378402611,11.307793180109002,-35359944.40632469,393127151.0,27.007400939692292,24.764602939960714,18.705227989714494,1303.0947385439636,1179.522925030255,34.34879872210056,908.3399165800453
2021-04-20,1239.5918427924767,1239.5918427924767,1206.6918926962244,1214.737060546875,8560766,1203.794775390625,1240.717824065158,1232.6970101055012,45.3911244673299,8.020813959656834,-39733907.739533514,384566385.0,19.898374000867772,22.775790084124655,17.865711026230105,1302.338826360868,1181.5597698305382,34.24530953453997,909.3100020370836
2021-04-22,1218.5126506085744,1226.8275350555732,1209.16400182491,1214.512451171875,6622446,1205.0847094726562,1236.686228235422,1231.3500057400474,45.33608250145196,5.336222495374614,-42345851.817695625,377943939.0,19.739776942688678,22.215183961082904,17.086159560137457,1302.0293414575726,1182.4670330541462,33.060896941405915,910.0479017275018
2021-04-23,1207.2313209457018,1212.0854375551787,1196.4444439156582,1198.96142578125,7316262,1206.1939624023437,1230.8824124732419,1228.9508516690255,41.57691965373856,1.9315608042163603,-47307417.02510965,370627677.0,8.759171709173748,16.13244088424339,16.79221751592054,1303.1740634720645,1177.996371098248,31.98997624960669,910.8210964984413
2021-04-26,1197.5679010012573,1214.6921096625963,1187.4552052712786,1207.7255859375,7088606,1206.9130834960938,1227.3198237754355,1227.3786097629866,44.37618384768706,-0.058785987551118524,-43844989.76902019,377716283.0,14.9475599640793,14.482169538647232,16.810957484395715,1303.47619174702,1175.1772872568863,31.650471116871763,911.5683709384529
2021-04-27,1209.9280269454487,1216.2203718106923,1204.6694463968806,1212.17529296875,3636115,1207.6852416992188,1224.9898959590223,1226.2524381485987,45.79620536412871,-1.2625421895763793,-42755574.93830394,381352398.0,18.08950559709252,13.93207909011518,16.757141723456137,1303.6022365310257,1174.579343058818,30.214789280938902,911.9603258376508
2021-04-28,1220.7149271107003,1222.063286750366,1208.6695590503955,1218.9171142578125,4879234,1208.75494140625,1224.055621851144,1225.7090808233552,47.963762397563656,-1.6534589722111832,-40168594.76627527,386231632.0,22.84991697001272,18.628994177061504,16.426292993210485,1302.6750482420273,1177.5021001954726,29.0132848822983,912.494366122105
2021-04-29,1229.7039710944407,1230.6028775060595,1214.7821466075268,1219.231689453125,5412357,1209.900146484375,1223.313478405295,1225.22927405519,48.068115855344715,-1.915795649895017,-42536526.76194036,391643989.0,23.07203904551681,21.337153870874005,15.713591703965283,1301.7976641397308,1180.1907758016755,28.070959597743613,913.0942551111191
2021-04-30,1210.1977073452229,1235.0075015704847,1209.8381228460603,1217.433837890625,8354677,1210.70107421875,1222.4089183261149,1224.651834339296,47.482052615898986,-2.2429160131812296,-45848588.56859851,383289312.0,21.802573027657196,22.574843014395565,15.256278531856188,1301.220578904086,1177.9857443381013,27.863703821077955,914.0133758910457
2021-05-03,1205.2537579694051,1223.4116235527033,1202.7367761304313,1215.366455078125,4560337,1211.463349609375,1221.3254624418087,1223.9640284680981,46.77579953631609,-2.6385660262894817,-44837364.04488504,378728975.0,20.342790539982666,21.73913420438555,15.124392811198566,1301.2755415263096,1176.4925248799404,27.350214078306102,914.5014896734408
2021-05-04,1217.1193017365222,1217.9732189499612,1190.241977632572,1195.0062255859375,4887060,1212.1644970703126,1217.2763490793668,1221.8190060323825,40.40223090296261,-4.542656953015694,-48045222.93473676,373841915.0,8.15623214605484,16.767198571231557,15.489813388227574,1301.5274811444701,1171.2247039141234,27.377430309669187,915.0005824743448
2021-05-05,1205.5233500646625,1208.0403318744275,1193.5679607927423,1205.8829345703125,3939788,1213.2467797851561,1215.5235160779737,1220.6385562944513,44.73449675523709,-5.11504021647761,-45280043.84463969,377781703.0,36.013356892104156,21.504126526047212,15.829132495468796,1298.115112767086,1168.488537135258,26.455640364813185,915.4036663949795
2021-05-06,1209.029224078011,1226.7376379662687,1202.1975567280647,1223.9510498046875,4810090,1214.489970703125,1216.8200597282375,1220.8839261840983,51.094311949604055,-4.063866455860762,-41562349.56411867,382591793.0,69.16544738061489,37.77834547292462,15.110031184272987,1293.9448819956656,1168.2136629262095,26.318814712912534,915.92011963026
2021-05-07,1227.2768515622454,1234.2433755931872,1212.1751813839057,1215.8157958984375,4991435,1215.5911279296874,1216.665557600576,1220.5085091259014,48.39393585234634,-3.842951525325361,-44906899.41012641,377600358.0,53.74784345407496,52.97554924226466,14.0684970783327,1285.5125951525629,1169.6659448864998,26.015198962653177,916.4596965758109
2021-05-10,1213.3887971501383,1216.1305055960722,1200.0850481029324,1204.130126953125,7195348,1216.927802734375,1214.7370298086605,1219.2952956316217,44.73646780310918,-4.558265822961175,-48474335.89348446,370405010.0,31.983116815054675,51.63213588324817,13.663007319806843,1273.022070204651,1173.1404542094112,25.30307457197365,917.1986262844692
2021-05-11,1201.7480480929387,1205.4335425709485,1191.140908151554,1196.1298828125,6420988,1218.0837963867189,1211.8743918092512,1217.5793391265017,42.375249145206396,-5.704947317250571,-50412714.81103712,363984022.0,18.24239461884037,34.657784962656656,13.674157843652248,1256.794457978819,1179.4441406539936,24.516614561075137,917.8339841252534
2021-05-12,1195.5454739970917,1195.5454739970917,1181.6124252399827,1192.8487548828125,5241898,1219.031240234375,1208.9473707436453,1215.7474439973396,41.40990241725779,-6.800073253694336,-47199938.61748876,358742124.0,21.043756119533864,23.756422517809625,14.07630376244484,1240.853236066998,1186.5086657884706,23.802389061892434,918.3365686194381
2021-05-14,1192.713839738665,1192.713839738665,1178.735912171703,1183.3203125,4824609,1219.783623046875,1205.004746398469,1213.345434256796,38.6558646708597,-8.340687858326874,-48859852.568448365,353917515.0,8.146918146933178,15.811022961769128,14.566574781328601,1232.7096942159267,1187.3935284403235,23.110278608265087,918.788889178965
2021-05-17,1186.8261990490278,1199.9950904161867,1186.8261990490278,1195.0062255859375,5017129,1221.1517578125,1203.4665124273104,1211.9869743552508,43.609217094922485,-8.52046192794046,-47644072.9332618,358934644.0,28.91390413540872,19.368192800625245,14.569438249046224,1231.3628959263929,1185.9222603236071,22.650599987402348,919.273519383483
2021-05-18,1202.7367331433652,1208.6694932891473,1195.096028934308,1204.5345458984375,5620150,1222.46416015625,1203.6308252690224,1211.434942617709,47.34277207834756,-7.804117348686759,-45448107.64696201,364554794.0,45.846641266708374,27.63582118301675,14.056716129618865,1230.4843830156403,1185.5647991132657,22.0086476813886,919.831751054873
2021-05-19,1206.332300224675,1220.2203591930258,1198.4668698021967,1201.8377685546875,4435878,1223.0484448242187,1203.3549703898939,1210.724040835263,46.406278940519826,-7.369070445369061,-48509227.29461186,360118916.0,41.054209823838235,38.60491840865176,13.15990954334589,1228.1013501712666,1185.6511034420148,21.990422089205783,920.2771262311243
2021-05-20,1212.0854218704528,1212.7146124638152,1200.040054063484,1203.9053955078125,4490092,1222.972041015625,1203.439651177266,1210.2189559961923,47.26755153822854,-6.779304818926448,-50260645.78059112,364609008.0,44.728580807874735,43.87647729947378,12.327160570378126,1227.2807467357404,1185.3885403736347,21.325003254286177,920.7245187397612
2021-05-21,1211.276380750868,1220.265444800967,1210.2426164391495,1217.5687255859375,4969733,1223.4062133789062,1205.613354932446,1210.7633833732104,52.67940438622289,-5.150028440764345,-47965202.70971374,369578741.0,69.95962528383927,51.91413863851741,11.96949359257056,1227.7127121070903,1185.262202443691,20.97036368563392,921.2362156274654
2021-05-24,1219.5015703340853,1225.2096048745177,1209.119155982663,1211.77099609375,4225371,1223.969833984375,1206.5606843418775,1210.8380213525097,50.31952063877537,-4.277337010632209,-50797820.98077078,365353370.0,59.5146704348604,58.06762550885813,11.902097020293672,1228.1784825353059,1186.0773890467256,20.621798343221123,921.6689088039915
2021-05-25,1220.7150083999545,1229.7040732629882,1217.5238464816593,1223.9510498046875,4099340,1224.4345678710938,1209.23612518231,1211.8093567934118,54.891307074900126,-2.5732316111018463,-50570921.060409024,369452710.0,81.45776233666612,70.31068601845526,12.078934897941307,1230.2332632890627,1185.6451546796873,20.42974683079377,922.0993951499644
2021-05-26,1229.6139482444034,1258.4688184939166,1224.3553683416512,1255.996826171875,6850024,1225.3640307617188,1216.4300791807045,1215.082502673298,64.22044254088189,1.3475765074065293,-44713655.43918452,376302734.0,96.8996585775365,79.29069711635434,13.503807691947681,1240.726684485917,1179.5338868031456,21.436034106396296,922.8695774723825
2021-05-27,1262.2441563645154,1273.0760209465604,1251.0078278477763,1260.4913330078125,15365391,1225.9770825195312,1223.2087336156444,1218.446119735114,65.30425298030767,4.762613880530353,-46872911.78355635,391668125.0,86.66029952458368,88.3392401462621,15.318775028786279,1249.7677613687479,1174.6502317953145,21.481188320138283,924.6647918209172
2021-05-28,1267.2333613230735,1271.0537137157835,1254.9632663981758,1263.008544921875,4261312,1226.5200244140624,1229.3317815089106,1221.7470401193186,65.92677402192079,7.584741389591954,-46872882.723278254,395929437.0,89.32853040406022,90.96282950206012,17.004101841564978,1257.9610332332213,1170.834645477716,21.096135391386095,925.1614733710502
2021-05-31,1273.4120619920125,1273.4120619920125,1256.6028410524104,1266.370361328125,4429904,1227.15267578125,1235.0300245580206,1225.052471319971,66.78393977146942,9.977553238049722,-46154519.91246751,400359341.0,92.56232886819728,89.51705293228038,18.65027720888927,1265.958708103655,1167.7306229510325,20.78992721625866,925.6799998623258
2021-06-01,1272.0490301692846,1272.9576366194055,1252.6503046419778,1260.4188232421875,4791325,1227.4793237304686,1238.935993586354,1227.672201091987,63.727483188493366,11.263792494366953,-47280026.337824345,395568016.0,86.27612257734872,89.38899394986873,19.853669192824146,1271.7394385485657,1166.455129322528,20.755456127770742,926.2333742090308
2021-06-02,1254.5583198621982,1264.7346674448352,1240.2477686850627,1252.6502685546875,9272276,1227.596669921875,1241.0458820430208,1229.5224283114464,59.87544450822669,11.523453731574364,-47159573.35165741,386295740.0,78.07072480584627,85.63639208379742,20.013136899317978,1275.3372673561917,1168.621704811777,21.02198774434229,927.2690800362137
2021-06-03,1261.2367570531562,1271.140590844371,1251.1967210076145,1262.6451416015625,5115645,1228.8110180664062,1244.3688450520272,1231.9759626292328,62.976193940674065,12.3928824227944,-46402129.924115635,391411385.0,87.56503657237926,83.97062798519141,20.451625380628034,1280.4391089503151,1169.1960839207786,20.94497932237187,927.8536205754119
2021-06-04,1266.551987526104,1269.2324432520065,1251.741768110205,1259.0106201171875,4194328,1229.820537109375,1246.6214258312827,1233.9785298505628,61.12633159097459,12.642895980719913,-47110263.22281689,387217057.0,81.61111931676398,82.41562689832982,20.85879325613023,1284.1478561722533,1168.9932937300905,20.698243309473998,928.3289798744973
2021-06-07,1263.8717382877198,1264.780344857301,1251.4238726500098,1262.6451416015625,5154576,1230.4290234375,1249.0866128728642,1236.1019825728592,62.31833572788499,12.984630300004937,-43603737.28968167,392371633.0,85.63360760596852,84.9365878317039,21.209896410017,1288.3288349293853,1169.4952495432708,20.173831087889518,928.9106429097925
2021-06-08,1268.414594839206,1291.8112107540412,1268.0057663052726,1283.8154296875,7360630,1231.4474291992187,1254.4295077674235,1239.6363119887585,68.39707748982843,14.793195778664995,-41187689.28381113,399732263.0,91.28726131947738,86.17732941406996,22.67682301316342,1295.7207095183355,1170.0719052277584,20.816133806788745,929.7917198427955
2021-06-09,1284.2244311556549,1294.764244224107,1276.2286497029654,1285.9508056640625,5394317,1232.8285595703126,1259.2789382130602,1243.067015223966,68.94132790587616,16.21192298909409,-40923230.017662264,405126580.0,89.70934732976362,88.87673875173648,24.141711120132346,1301.8763408381349,1172.898366193115,20.65323814352823,930.4427509215731
2021-06-10,1293.8555475354276,1298.3985796545828,1289.3125154162724,1294.128173828125,3496575,1234.73189453125,1264.6403590769162,1246.8493232687185,71.00091295701762,17.79103580819765,-40713401.37142199,408623155.0,95.21680847520867,92.0711390414832,25.630565774762893,1308.051789881788,1176.8508590439933,20.06713356117052,930.873304980113
2021-06-11,1299.39796605734,1318.933003290514,1298.807349725657,1314.66259765625,6140828,1237.0027709960937,1272.3360880891214,1251.8725287789061,75.4105196237395,20.46355931021526,-37178583.298576675,414763983.0,95.78893487664696,93.57169689387307,27.648298239406472,1315.9102273390781,1182.1266501023283,20.40554041125756,931.6619860693949
2021-06-14,1336.5601853885398,1342.0118244859777,1320.6140966629812,1328.2010498046875,7132294,1238.6616918945313,1280.9306975838238,1257.5264932993346,77.80664562016703,23.404204284489197,-39253108.47204571,421896277.0,88.26177913743308,93.08917416309623,30.06099674357069,1326.1594974466468,1185.1968624166345,20.90151801257686,932.620744397119
2021-06-15,1330.1999635751934,1341.103241965154,1329.2913570426965,1339.1951904296875,5403104,1240.850615234375,1289.8944657139566,1263.5760264201015,79.5494263570117,26.318439293855135,-35595602.39331978,427299381.0,97.23219162785678,93.76096854731226,32.30135964029461,1337.63198837646,1187.1904359399464,20.330137594568978,933.3553668094979
2021-06-16,1338.1048229800595,1353.3239827057598,1333.3801132815156,1345.2828369140625,7661710,1242.8529711914061,1298.415753590896,1269.6283827529876,80.46422048532135,28.787370837908384,-34112124.491932705,434961091.0,92.88873804156064,92.79423626895016,34.63330199825521,1347.6354554447737,1191.53147570757,20.302547010974354,934.4117117060505
2021-06-17,1340.2854856315025,1365.3176401863882,1340.2854856315025,1358.639404296875,7677951,1244.6783935546875,1307.680930622585,1276.2217917562386,82.33164909517274,31.459138866346393,-30530917.766477466,442639042.0,94.6603959775857,94.92710854900103,37.019049068024984,1358.4136753390796,1196.2266566921705,20.640376121253734,935.4925035970343
2021-06-18,1371.0870933040055,1377.2656613504464,1351.4612167357084,1365.9080810546875,13533974,1246.6285131835937,1316.6389537659854,1282.8652205931608,83.26895532126454,33.77373317282468,-28910643.0319072,456173016.0,91.71087799204761,93.08667067039796,39.43139337344523,1369.6584410216612,1199.8158265564637,21.00923815650261,937.4298597094391
2021-06-21,1356.5495012472277,1368.1797087848922,1348.5537197008484,1363.182373046875,5454052,1248.17984375,1323.799479809199,1288.814639293436,81.52244427859104,34.98484051576315,-26234104.955907457,450718964.0,89.72156991352604,92.03094796105309,41.40168058231962,1376.8552870717208,1207.7601182017165,20.910434651326984,938.1967561401884
2021-06-22,1371.7232315936153,1382.3993583025776,1364.8178441603823,1373.6767578125,6427862,1249.7675732421876,1331.4729071943223,1295.1007221466998,83.00080029215557,36.37218504762245,-26184268.395342145,457146826.0,93.3518100932164,91.59475266626335,43.47699333767373,1385.3145960106817,1214.273380063537,20.78947398021096,939.126169595468
2021-06-23,1385.6248799619614,1385.6248799619614,1361.6831214319513,1365.7718505859375,5529809,1251.1756274414063,1336.7496677161093,1300.3356205496063,77.94218595021222,36.414047166502996,-29825336.32847904,451617017.0,85.20649749679203,89.42662583451147,45.4565063831766,1392.9197532423775,1217.6457252732473,21.014637162339465,939.917789232763
2021-06-24,1378.3559498240268,1425.3763324234951,1373.08598818163,1416.6990966796875,10785137,1253.877294921875,1349.0495798643522,1308.9551372999827,84.49745360781354,40.0944425643695,-22619643.206124622,462402154.0,95.01172000953203,91.19000919984681,47.804971651070545,1410.6518507380877,1215.534404144725,23.77105463914076,941.5746219936132
2021-06-25,1428.3293572209222,1433.780995988941,1401.9797698421646,1430.3282470703125,9780240,1257.3657177734376,1361.5539902037306,1317.9457380237109,85.72050337907294,43.60825218001969,-14963139.751883559,472182394.0,97.91721059580675,92.71180936737693,50.0684032016355,1428.6265854016374,1214.291639696019,24.344638318257587,943.1215665079187
2021-06-28,1429.1471500201644,1435.7345469791708,1417.9712459862305,1428.147705078125,5019178,1261.4649340820313,1371.7991771074835,1326.1088466944082,84.57091471354477,45.690330413075344,-14231420.482030772,467163216.0,95.24353517292958,96.0574885927561,52.18950027286132,1443.093940479609,1216.0020189930474,23.874542795020634,943.9202589569213
2021-06-29,1418.3347000657425,1429.8285940972246,1416.6991640537358,1420.1973876953125,5913567,1265.53099609375,1379.2450556594572,1333.0783682500307,80.34037005947252,46.16668740942646,-16993749.413519636,461249649.0,89.3887831509946,94.18317630657697,54.04129958170775,1452.971254154873,1222.1025617630958,23.10703474133979,944.8481170416565
2021-06-30,1428.3746456717768,1445.5926915035884,1428.3746456717768,1436.324951171875,6058722,1269.7613940429687,1388.026578045983,1340.7262632812785,82.27714001295351,47.30031476470435,-17457331.13910233,467308371.0,93.68619494327001,92.77283775573137,55.93133472083879,1462.903220722883,1230.5380634568046,23.270482531835228,945.8238295030937
2021-07-01,1432.7360827714067,1432.7360827714067,1416.562954235745,1417.78955078125,4814317,1273.8224438476564,1392.6054969283318,1346.434654947943,73.3351756983642,46.170841980388786,-21541396.773308195,462494054.0,77.7536779335714,86.942885342612,56.643413140704965,1467.853846341127,1241.1018787565292,23.019876417856274,946.5737221658762
2021-07-02,1416.4720494610297,1426.0124176480651,1401.6163554668499,1424.5133056640625,5166064,1278.0224609375,1397.5143905799828,1352.2182587046927,74.42117349892301,45.29613187529003,-17010231.011802424,467660118.0,81.87519864906265,84.43835717530135,56.128024117584175,1471.0968757239132,1254.4091179284308,23.118175400953344,947.3673846994266
2021-07-05,1425.7398880349235,1440.1412786385333,1418.380197689641,1434.6441650390625,4058338,1282.7361157226562,1403.2266635736873,1358.3238813961277,76.00678834051303,44.90278217755963,-15002264.044697708,471718456.0,90.24304882928688,83.29064180397363,55.98105620624722,1473.6853032521033,1269.0205927439904,23.021240082948992,948.0070780515393
2021-07-06,1429.8740237172092,1441.7313830655917,1414.7911777992203,1419.425048828125,4089574,1286.9701049804687,1405.7187228436007,1362.8498937984978,69.07905295816826,42.868829045102984,-17684977.3105802,467628882.0,75.15113760852357,82.42312836229102,55.5749888991186,1474.1419348129307,1282.1249230972257,23.30116616747916,948.6423469066317
2021-07-07,1422.9233810521948,1427.012110668165,1403.4791780290261,1421.6058349609375,4797120,1291.1587158203124,1408.1628939385757,1367.2021857364562,69.50793131001942,40.96070820211958,-15091964.526484255,472426002.0,75.28121321049115,80.22513321610052,54.373783717231845,1472.734476558864,1297.0978842809798,23.317720915454853,949.3729806832655
2021-07-08,1424.6948181963799,1431.9636693096268,1407.4312968024187,1418.107421875,3326813,1295.1425219726561,1409.6928213134101,1370.972943968941,67.88135465759515,38.71987734446907,-15523218.063521292,469099189.0,71.67605023220955,74.03613368374141,53.411153687682074,1469.4106335670565,1312.8196520774748,23.404481743437223,949.8802862649228
2021-07-09,1413.791506971223,1426.4211576545742,1409.2484751364827,1420.0609130859375,3436594,1299.1591064453125,1411.2879123553373,1374.6090898294594,68.32706583484742,36.67882252587788,-14632245.960401125,472535783.0,69.5722688176648,72.17651075345515,52.517282945957284,1467.220565317233,1325.5495518702671,22.9593532273411,950.4025250934666
2021-07-12,1427.011783758496,1433.7808568731182,1393.5750248600411,1406.3863525390625,4588982,1302.9381567382814,1410.5338262297564,1376.962961141282,61.856149461445796,33.57086508847442,-16296729.241110407,467946801.0,53.27548582235156,64.84126829074197,50.543574332811104,1463.9082605866531,1336.6803868742843,24.191244569179382,951.0871845255926
2021-07-13,1414.155075053969,1414.155075053969,1395.8921079263403,1403.75146484375,4456160,1306.7058569335939,1409.4903860165248,1378.947294748872,60.663981784132005,30.5430912676527,-16917526.490213122,463490641.0,42.293298767085254,55.0470178023672,48.71084490631823,1460.6257921817974,1346.4184827205463,23.767796180497196,951.7405065343127
2021-07-14,1411.9745051174857,1438.1424167593461,1397.527639542581,1432.7816162109375,5657716,1311.4613647460938,1413.0736522002805,1382.9350222645808,67.98511461841902,30.138629935699782,-12753349.990561318,469148357.0,75.37168404642365,56.98015621195348,47.909596050406606,1459.6380390458153,1356.1561137862159,24.971151968802047,952.6005423870357
2021-07-15,1415.5178437374173,1450.9080164265963,1413.7914695031952,1436.324951171875,10021355,1316.070205078125,1416.6507751189872,1386.8898318132692,68.74963759300982,29.760943305718,-10606761.69271855,479169712.0,74.56426944372419,64.07641741907769,47.55738836012345,1459.6681153127588,1363.8945922067724,25.838680179844832,954.1512153078304
2021-07-16,1429.919412656921,1430.737180651541,1407.9765445229693,1413.2918701171875,6265593,1319.857021484375,1416.1340205033257,1388.8455383543,58.902756012399095,27.28848214902564,-13945927.975316938,472904119.0,34.390051379506346,61.44200162321806,46.80883357229175,1457.1653615848466,1371.1357248409347,26.01794635620632,955.0828013628723
2021-07-19,1403.524403459662,1410.9750432404396,1397.0279557746642,1400.798583984375,5669162,1323.5566772460938,1413.7747225773333,1389.7309491417132,54.35519345664556,24.043773435620096,-16549747.162335284,467234957.0,12.599306135889266,40.51787565303992,45.35762369354925,1452.804018816204,1379.2586887033272,25.32122978380039,955.8963249015633
2021-07-20,1397.7094932083255,1415.3363714586578,1397.436866879141,1408.3856201171875,5069939,1327.641787109375,1412.9456298911568,1391.1127766213779,56.549118602483986,21.83285326977898,-15417334.494293012,472304896.0,25.83258757735228,24.273981697582624,44.17843686174444,1449.2801421931913,1386.2534515568086,24.791106554922994,956.6280412962922
2021-07-22,1418.6980471031727,1447.2736738556912,1418.6980471031727,1444.8658447265625,7854575,1332.6165063476562,1417.8564321735269,1395.09448536991,65.20828853748665,22.761946803616866,-8886438.211524235,480159471.0,89.46126560826721,42.63105310716958,44.10925659617824,1444.888480093575,1398.5545130704875,25.798031353750186,957.8318964182813
2021-07-23,1443.3669979825954,1452.4075889061344,1440.1868750165827,1445.09326171875,4179719,1337.661396484375,1422.0467136420227,1398.7980984327871,65.25477461439797,23.248615209235595,-9710000.131710896,484339190.0,87.56755326581745,67.62046881714564,44.18196867073242,1448.2977113463533,1397.9846983216155,24.828222963450294,958.4819780016153
2021-07-26,1448.4095769168314,1464.3556651091174,1448.4095769168314,1457.31396484375,4586710,1343.14126953125,1427.4724445961347,1403.1326070558214,67.74853390632249,24.339837540313283,-9174219.31693735,488925900.0,90.05137529049229,89.02673138819232,44.555265626666696,1453.62453130039,1395.3564501449225,24.4306644225158,959.2091285557852
2021-07-27,1458.3133216636998,1462.2203736823035,1451.8622381867779,1456.0872802734375,5892859,1348.362890625,1431.8747270080273,1407.0551754423116,67.22694998126804,24.819551565715756,-10259731.03006203,483033041.0,88.31829606713995,88.64574154114989,44.90189851431995,1458.1052052870837,1393.6697336777602,23.425483784873645,960.1402955313298
2021-07-28,1458.4042172745383,1460.6757334409099,1440.5955527129588,1458.8585205078125,4686788,1353.4493701171875,1436.026079854148,1410.8924602619784,67.82952037433006,25.13361959216968,-6421231.387988043,487719829.0,92.23354778656922,90.20107304806714,44.38482488841037,1462.9485534441264,1392.6924988019673,23.186533566522034,960.873424546345
2021-07-29,1453.8613239394786,1471.9426165352504,1453.8613239394786,1469.216796875,4660873,1358.7969506835936,1441.1323440112023,1415.2127814925725,70.04638024748763,25.919562518629846,-3165645.0056385067,492380702.0,96.52175140005905,92.35786508458939,44.25222575717795,1468.8532481643174,1390.0769886520889,22.821873497182736,961.6175075788357
2021-07-30,1462.856365726143,1475.0317141826629,1459.3582531213112,1463.3106689453125,6234257,1363.9850561523438,1444.5443940010655,1418.7755879705533,67.20278350992469,25.768806030512224,-6255685.687208362,486146445.0,85.6107026509175,91.45533394584858,44.22157400603079,1473.3650079462525,1390.1173406865598,22.31127260890909,962.6111058257145
2021-08-02,1478.7116362565312,1485.3445082165053,1471.215632468315,1482.43701171875,5553389,1369.282421875,1450.374027496094,1423.4912489889382,71.27028233642127,26.882778507155763,-2987893.83675386,491699834.0,96.74967190558999,92.96070865218883,44.493747958845866,1481.5687684808815,1387.7059507573997,22.29145594192936,963.5170156651016
2021-08-03,1496.4748862007,1507.0601739719627,1486.116750051508,1503.9254150390625,5513668,1375.1255102539062,1458.6127025027047,1429.4493353630214,75.01880810447656,29.16336713968326,875230.2902201554,497213502.0,97.1510535875235,93.17047604801034,45.285559835031655,1493.9111447241164,1382.2916995141647,22.458006392735317,964.4469442711816
2021-08-04,1516.5549806164975,1526.3679744938981,1489.2514237545286,1498.5191650390625,6740391,1380.6168725585937,1464.752158277529,1434.565619042728,72.45734434038883,30.186539234800875,-2499104.397960929,490473111.0,78.46852835603131,90.78975128304826,46.40816323374542,1502.9861344379667,1381.1261214214085,23.505045274637762,965.5914219894311
2021-08-05,1498.7463689702893,1513.7383756923323,1496.520327489233,1502.42626953125,5420536,1385.5454614257812,1470.548175393486,1439.5923338937296,73.17032388703193,30.95584149975639,-4201057.307119779,495893647.0,81.48932928901161,85.70297041085547,47.4505806754082,1511.6136679536269,1380.5806313627793,23.055974055242153,966.5074606586691
2021-08-06,1505.5608924640553,1508.8773281999343,1493.7490085762868,1499.38232421875,3754855,1390.32328125,1474.9841982896805,1444.0212220659532,71.61492668547882,30.96297622372731,-5159529.90208154,492138792.0,79.13588497792976,79.69791420765755,48.18948835469197,1518.2603445922487,1382.0614449585328,22.489713024413962,967.1359969817065
2021-08-09,1509.1954389459843,1515.0559066702576,1495.9298058556653,1511.2852783203125,5018477,1395.2888159179688,1480.5689798328547,1449.0037447514615,73.9471206187152,31.56523508139321,-2119795.1280255103,497157269.0,88.3017400124628,82.97565142646805,49.013199129486246,1526.2787513765597,1383.1654746976592,22.2494550094267,967.9843540329741
2021-08-10,1515.5555952125876,1526.4588728759875,1509.2408245980855,1523.960205078125,6846517,1400.4406127929688,1487.2445529475117,1454.5560751460291,76.19048855303268,32.68847780148258,2739600.9998168983,504003786.0,97.68128373187278,88.37296957408843,50.017339396270415,1534.5847898210761,1386.616821507049,21.890068814317793,969.164088394484
2021-08-11,1521.7341203590554,1530.0932552979846,1515.5555521597614,1524.2327880859375,4899639,1405.7168920898437,1492.9350506611156,1459.717313141578,76.23787651508464,33.21773751953765,3688935.9610900986,508903425.0,93.481589188994,93.15487097777651,51.022961368360654,1540.7322853978926,1392.517458254451,21.36489983745389,970.0104658224546
2021-08-12,1525.6868676361696,1541.4511707183256,1521.0075212393028,1535.1817626953125,5659579,1411.3675219726563,1499.4345448202228,1465.3072723677806,78.1215013863542,34.127272452442185,5877294.225684261,514563004.0,93.7837790824112,94.98221733442598,52.17582965976692,1549.8344886595366,1393.6552696412448,21.299096240423093,971.0012011971928
2021-08-13,1541.9052894903034,1565.0747561267221,1536.726276607716,1555.716064453125,5612790,1417.2289404296876,1508.0932401483617,1472.004219929658,81.14090512008158,36.08902021870381,7784180.280928992,520175794.0,92.48172271597105,93.2490303291254,53.62306294249688,1562.0634861820536,1393.3653834468528,21.91294603977928,972.0151054182028
2021-08-16,1551.6272410848128,1562.757670461616,1535.6357892241808,1548.62890625,4564109,1423.0213061523436,1514.3294964716908,1477.6801226200537,77.18181376411516,36.649373851637165,7593071.946807759,515611685.0,86.78827512893308,91.01792564243844,54.869359490791034,1568.7862118418889,1400.1763614002984,22.285012839611845,972.8320184170683
2021-08-17,1548.1747123425846,1589.0620068183116,1532.4104109886089,1582.474609375,9510390,1429.4178955078125,1524.8133599952769,1485.442677194494,81.75918394277409,39.37068280078279,14891742.4761252,525122075.0,95.12768922238712,91.46589568909708,56.379259527070694,1578.988960146685,1408.1412156345648,24.73976876747548,974.5826525251795
2021-08-18,1570.9807928947464,1595.0588675111205,1569.163579716152,1575.0240478515625,6686090,1435.2420678710937,1532.5380812039364,1492.0783342802029,78.04755652404337,40.45974692373352,11231965.039687425,518435985.0,85.23601403748502,89.05065946293507,57.850223300618225,1584.9365081967867,1418.857510357901,24.822305840867834,975.8315306949811
2021-08-20,1559.2595828305214,1585.5183327010102,1559.2595828305214,1574.569580078125,6206972,1441.014443359375,1539.0044656461193,1498.1887969319007,77.81550057183793,40.815668714218646,12262864.202986928,512229013.0,83.45546494654022,87.93972273547077,58.37236530960918,1592.8397448757157,1423.9246472141278,24.924908985840762,976.9736273586694
2021-08-23,1577.11365816732,1592.923432706201,1573.706383952642,1579.8394775390625,6189051,1446.7286694335937,1545.2867751681106,1504.2369954953942,78.60970786930872,41.04977967271634,10024266.727969466,518418064.0,86.02983829674486,84.90710576025668,58.98413839292529,1599.8050599238466,1430.4339537480284,24.51720468353493,978.1252902346196
2021-08-24,1590.0613405368426,1596.42158589899,1556.1702744558495,1563.575439453125,7602939,1451.7069262695313,1548.1004158273436,1508.6324357885594,70.25085373071053,39.46798003878416,5218802.679251598,510815125.0,69.3514073426616,79.61223686198223,58.17971715716573,1603.2578619489746,1437.6072991838378,25.641069452078195,979.5105070691553
2021-08-25,1560.986039722806,1587.2447909789175,1560.986039722806,1576.93212890625,6153253,1456.6815478515625,1552.5360639933292,1513.6916723157958,72.80806068193527,38.844391677533395,6538892.196516769,516968378.0,81.01785549662003,78.79970037867548,57.43275458110328,1607.2483874870154,1445.7012585090783,25.68518958093772,980.632525885708
2021-08-26,1575.5238264271318,1586.427105502752,1562.8033341722414,1569.799560546875,5302248,1461.2936352539064,1555.1919865400287,1517.8478121847645,69.37842790284579,37.34417435526416,4377186.558145386,511666130.0,74.0709485957081,74.81340381166324,56.739146474759586,1608.5875545231966,1455.4561954768033,25.53794542019293,981.5926684777521
2021-08-27,1567.3460887567157,1569.7992817474824,1549.3556371115253,1552.626708984375,6698514,1465.4405126953125,1554.7973284545435,1520.4240267625134,61.82702466292748,34.373301692030054,-177744.8150316663,504967616.0,56.41944356470358,70.50274921901057,55.04734004387095,1607.5278275361927,1464.8569136747449,25.17408670698984,982.7690257791053
2021-08-30,1547.402162826908,1561.576400382837,1535.9082697662764,1542.859130859375,6559667,1469.1249072265625,1552.9606826706713,1522.085886325244,57.96263852920919,30.874796345427285,-3184731.270031958,498407949.0,38.56161125418008,56.35066780486391,52.558279734787526,1603.1936660724157,1477.145921329928,25.209375557673464,983.8954212883575
2021-08-31,1544.7673009071232,1558.2600847056185,1531.7741841151649,1550.491455078125,12255438,1472.8165747070314,1552.5808015025873,1524.1900025291611,60.06317535520356,28.390798973426172,1881375.3028897578,510663387.0,43.20219664911788,46.06108382266717,49.980923530667965,1600.847178082788,1486.2978536554933,25.300555917157762,985.9880833950659
2021-09-01,1553.2625583085373,1553.2625583085373,1520.234739605369,1524.414306640625,7801974,1476.0412133789061,1548.247494600747,1524.2066176485287,50.735112748560034,24.04087695221824,-3945967.939118565,502861413.0,5.485943097248214,29.08325033351538,46.87864913888159,1599.6897717790052,1489.5041491194324,25.852503259015663,987.2786777587446
2021-09-02,1524.0511680045938,1539.4521155101943,1510.6946961417193,1534.727294921875,6830050,1479.2622241210938,1546.1674638809204,1524.985927076184,53.79153804718568,21.181536804736425,639738.7527592434,509691463.0,28.03390960316207,25.574016449842713,43.59911723503274,1597.5635687870813,1495.2511650996375,26.059997266834184,988.3945417719983
2021-09-03,1541.0419901942237,1550.0371051798234,1530.4567030317,1545.2215576171875,5339139,1482.8512182617187,1546.0219398403462,1526.484862671814,56.7331390882758,19.537077168532278,3352692.8967461293,515030602.0,40.27541600217668,24.598422900862307,40.97644395046517,1595.5796356727392,1501.5146270225732,25.597169044069123,989.2855412146379
2021-09-06,1549.3102514864631,1573.7063115585079,1544.0402899113085,1572.2525634765625,4876026,1485.9622875976563,1550.0574203997642,1529.8750627314248,63.22678771101366,20.182357668339364,7750831.19550224,519906628.0,71.80695288157503,46.70542616230458,39.589688423665095,1594.4743233286479,1509.9069632924459,25.887801372864143,990.1282085210318
2021-09-07,1571.8891561666696,1576.3413499478354,1548.265388501737,1550.6732177734375,3520341,1488.3691870117189,1550.1521584572522,1531.415666808611,56.00093028644706,18.736491648641277,4834307.815243629,516386287.0,46.634751062256385,52.905706648669344,38.405919353830015,1592.0837299399968,1516.2363506264096,26.044098520952296,990.7298578920661
2021-09-08,1545.4031892631212,1545.4031892631212,1529.1391123518993,1538.497802734375,4584896,1490.5761889648438,1548.3591806537327,1531.9402694697787,52.36465540680567,16.418911183953924,5525902.12380152,511801391.0,32.43218862993641,50.29129752458926,36.19392330833061,1590.9805199789057,1518.7933203531256,25.721956156708437,991.4829725762634
2021-09-09,1531.8196447981695,1539.9971028938683,1528.4123705916284,1536.9986572265625,3331674,1492.9122143554687,1546.6114078187834,1532.3149648591702,51.91764141674525,14.29644295961316,7132919.358406307,508469717.0,30.683442685627433,36.58346079260673,34.100363668682334,1589.835286499471,1521.2151407466229,24.712154452817828,992.0263904027693
2021-09-13,1529.1846208291531,1545.9938397746905,1522.0974463135944,1537.271240234375,4662374,1494.9311401367188,1545.1744589596437,1532.6820963684447,51.99787994593157,12.492362591199026,8391598.037153117,513132091.0,31.001409438631416,31.372346918065073,31.804978948107653,1589.7032513198694,1521.5561236801307,24.653885810551987,992.7850115449866
2021-09-14,1540.9511521681914,1540.9511521681914,1525.1868515467215,1532.046875,4945167,1497.2162866210938,1543.15483065816,1532.6350429337451,50.266488843184874,10.519787724414982,7750327.849952637,508186924.0,27.893079562724413,29.85931056232774,29.673550279002594,1590.0360266075472,1518.8564294471403,24.01891543990326,993.5837941677305
2021-09-15,1538.4979520082384,1558.350981797339,1535.7266578251022,1555.0345458984375,4062344,1499.8267114257812,1544.9824791566643,1534.2942653755742,57.044124824941505,10.688213781090099,10621696.730269954,512249268.0,58.54805113269347,39.14751337801642,28.592174804686927,1590.256289071316,1519.2767309482153,24.182143394005816,994.2588154342993
2021-09-16,1558.4418248516606,1562.1217255431975,1536.8624204708835,1546.6754150390625,3246568,1502.0673364257811,1545.2429308308795,1535.2113875728696,54.154038567927444,10.031543258009833,9897648.970475845,509002700.0,54.80967697700227,47.08360255747337,27.765400741263058,1586.2369472263322,1519.7161533596054,24.25908351388497,994.7959905951035
2021-09-17,1541.905086419254,1560.9858211362866,1530.5020315442418,1536.72607421875,7454864,1504.4133569335938,1543.932645198244,1535.3235865836755,50.85168835937555,8.60905861456854,5486985.98941761,501547836.0,39.65377756178249,51.003835223826066,26.57867596508238,1583.4218713437344,1518.701431878922,24.703705376610674,996.0126244221595
2021-09-20,1531.001802505224,1551.6271236689756,1524.5960829422513,1533.59130859375,5660743,1506.65306640625,1542.3416703360142,1535.1952696955327,49.82083072071969,7.146400640481488,3593738.377769399,495887093.0,34.87856748899133,43.114007342592025,25.097723158055796,1580.3322155337328,1517.6932605404859,24.869943615904507,996.922531832217
2021-09-21,1544.631030047717,1568.936253608762,1530.68394263565,1561.394775390625,4672222,1509.5188134765624,1545.2729172674929,1537.1359738210951,57.96085578260148,8.136943446397709,6423694.666394849,500559315.0,77.23178000610007,50.58804168562461,24.603156859639245,1576.6931775673604,1519.4878282920147,25.825826998562178,997.6949172571686
2021-09-22,1560.0772886583536,1579.9757922748022,1556.4883375141767,1559.9864501953125,4553892,1512.31732421875,1547.5365377179266,1538.8286017006667,57.45246273173464,8.707936017259954,3226273.8137435266,496005423.0,71.14748005561009,61.08594251690048,24.626187783186634,1576.16579197969,1519.6563149539036,25.65880041013813,998.461631643474
2021-09-23,1573.706272447508,1585.5181555547929,1563.8024405824724,1583.2921142578125,3826090,1515.855439453125,1553.0373956471399,1542.1221952234182,63.20428295513189,10.915200423721672,6267951.754843348,499831513.0,96.4900403612416,81.62310014098391,24.87658883129657,1577.891235440681,1518.5668700280692,25.649722192234005,999.117871292718
2021-09-24,1597.3300604541666,1624.5882526120874,1592.287250539404,1602.6453857421875,8280446,1519.8333178710936,1560.6693941233011,1546.6053945211047,67.17291460185386,14.063999602196418,3298175.6228770576,508111959.0,78.59040467884134,82.07597503189767,26.365956938930026,1586.8608925007156,1512.8817954875658,26.767323346665503,1000.6039049259008
2021-09-27,1607.0976675432125,1607.3248191569996,1561.0767284071862,1563.8480224609375,5045337,1522.4546459960939,1561.1584138675528,1547.8826262203515,54.48588303728314,13.275787647201241,-1142504.527485202,503066622.0,40.73592320636953,71.93878941548415,25.937933960935734,1587.9093175034059,1512.9555018325318,28.15880673260464,1001.4624951149992
2021-09-28,1553.7171456225553,1553.7171456225553,1521.9159174957779,1532.9100341796875,6557197,1524.38634765625,1556.8125093001888,1546.7735453284506,46.88183318178582,10.038963971738212,-3165877.3210747596,496509425.0,10.707964001651698,43.34476396228751,24.26657308576424,1588.0592855668162,1511.8106241011526,29.14261374921571,1002.4949357982532
2021-09-29,1507.6052211649328,1545.9030044277745,1503.7436438318298,1537.5892333984375,7792548,1526.872294921875,1553.8550822383809,1546.0932259262274,48.06244363158149,7.761856312153441,1553310.0353414044,504301973.0,28.007529593771217,26.483805600597464,23.319273331943613,1587.789471665502,1510.790215834498,30.072381381124924,1003.7004522773042
2021-09-30,1547.3568387431596,1547.3568387431596,1517.463663304571,1522.0975341796875,6914031,1529.2982739257814,1548.9693056139663,1544.3157672783357,44.5333655612525,4.653538335630628,-3217173.053773565,497387942.0,15.1880092402237,17.967834278548857,22.380741905373203,1587.9850028717071,1510.363007382199,30.059580956658056,1004.7652344400497
2021-10-01,1512.9207118313568,1525.5048900966588,1509.4225988715268,1512.9661865234375,5733906,1531.3898852539062,1543.4303642154234,1541.9935761113063,42.55011903397729,1.436788104117113,-6424250.231389783,491654036.0,7.631736975852909,16.94242526994926,21.78108029105198,1589.5831523357765,1506.588747078286,29.061203118691907,1005.6231733475403
2021-10-04,1519.6444512634957,1533.7278527550259,1513.1933669566042,1525.3232421875,2947154,1532.999033203125,1540.6446531342044,1540.7587365613947,46.051469721707,-0.11408342719028042,-5889592.15611657,494601190.0,17.857311611567454,13.55901927588134,20.861282729336107,1589.7530266076762,1504.4290412634175,28.468379055327368,1006.0700191968531
2021-10-05,1518.2813249734015,1547.3112556724261,1511.01247362703,1538.0889892578125,4373310,1534.8589477539062,1540.2514740762979,1540.56097750187,49.47717516984028,-0.3095034255720748,-3738496.1071661618,498974500.0,28.421082059552912,17.970043548991075,19.435596794902953,1586.5891771744039,1504.1765332748148,29.027693554617993,1006.7419704243636
2021-10-06,1546.5391607634565,1552.8085680366094,1517.3729131779623,1520.5985107421875,4271698,1536.124638671875,1537.2279412556654,1539.082276260412,45.23860172526758,-1.8543350047466447,-7232515.313371094,494702802.0,13.947553871440302,20.07531584752021,18.206586969153996,1586.37819336536,1501.3800463807338,29.485405076334352,1007.394314394101
2021-10-07,1532.8191872297273,1548.447174885723,1523.4151320041883,1536.45361328125,5476108,1537.7319653320312,1537.1088138749863,1538.8875604841778,49.46489864078958,-1.7787466091915576,-7003924.58246268,500178910.0,27.06779373906503,23.145476556686067,17.065363559529963,1586.3370487389743,1501.2167720618068,29.368495009705857,1008.237535797151
2021-10-08,1549.4012110655462,1573.2521313355774,1543.177278815952,1566.30126953125,4738376,1539.8808203125,1541.5999608990267,1540.9182055987758,56.30201198886839,0.6817553002508703,-4455803.496028697,504917286.0,51.766997577173036,30.92744839589277,16.98129517636703,1588.7743204431267,1501.7097615881235,29.899210941464535,1008.9991760465467
2021-10-11,1528.2759760102717,1571.8890835301845,1511.6484344027579,1536.407958984375,8840633,1541.2246435546874,1540.8011913736957,1540.5841132569685,49.132393838824186,0.2170781167271798,-6029254.8420747565,496076653.0,27.030014398028793,35.28826857142227,15.962317459402376,1588.7643835800084,1501.6333703262414,32.06645652617611,1010.3609368495464
2021-10-12,1523.7332617927352,1534.6365409468872,1510.1041628500452,1531.138427734375,7439300,1542.5811987304687,1539.3146123522617,1539.8844328478874,47.97268545857333,-0.5698204956256632,-711519.536627695,488637353.0,22.669429922487936,33.822147299229904,15.07447107387054,1588.7755743258708,1501.5313348538166,31.654837926758518,1011.4698127507588
2021-10-13,1540.9511978706048,1557.0335999757492,1526.5044427964367,1552.990234375,7104171,1543.9922631835936,1541.4185542019138,1540.8552329610068,52.93391161798583,0.5633212409070438,4510859.5439605955,495741524.0,40.751996336650485,30.150480219055726,14.602810156000604,1588.5897664182442,1501.5127116090996,31.574432159083806,1012.5657750124943
2021-10-14,1593.6958500860594,1620.590581131645,1542.9955614589314,1558.941650390625,19655776,1545.092587890625,1544.1144151540232,1542.1949675854228,54.21448182231249,1.9194475686003898,-7066234.256087147,515397300.0,47.239583539244826,36.887003266127735,15.875262363883277,1589.6208913859182,1501.7082101765818,34.86161698148593,1015.736619175782
2021-10-18,1580.975399101428,1634.5831856226832,1580.975399101428,1628.3592529296875,13438109,1547.6893896484376,1557.0751594272022,1548.5775072405536,65.87668265791851,8.497652186648565,3251511.4025173634,528835409.0,95.2430797236017,61.07821986649899,17.338771220031997,1606.8138414948642,1493.6785779387294,37.77446828509824,1018.0394975469248
2021-10-19,1648.2122661452331,1666.8387002444488,1619.4094831476095,1655.617431640625,10324260,1550.753212890625,1572.2355089984978,1556.5063905294478,69.19477642729098,15.729118469050036,8690542.352281401,539159669.0,93.11979844721058,78.53415390335236,19.273338640304882,1628.5703305026134,1484.1247012356678,38.46409320022259,1019.8929310369348
2021-10-20,1662.2048040664542,1679.104863300009,1630.0855854929237,1637.626953125,5876115,1553.51810546875,1582.2957311718058,1562.5153210920814,64.72158852343398,19.780410079724334,4622448.418513966,533283554.0,75.5555418153374,87.97280666204989,21.265447291613675,1640.6215130049673,1479.6967365067517,39.21803495785564,1020.9457189432103
2021-10-21,1648.2121875961695,1648.2121875961695,1587.1992390643957,1593.3778076171875,8779629,1555.1599560546874,1584.0006660095569,1564.8014312050523,55.25930221273581,19.199234804504613,-2379015.7509065187,524503925.0,49.47789271226176,72.71774432493658,21.469418858490176,1643.5828136860957,1480.0745715678106,40.7748144988498,1022.4140271897493
2021-10-22,1589.9703684669541,1602.0547670912604,1550.9911315544296,1562.621337890625,7369809,1555.9331787109375,1580.7115386066441,1564.639942811391,49.808429450504775,16.071595795253188,-6391743.006637521,517134116.0,31.07512270703791,52.03618574487901,20.553969234201897,1641.9582825301918,1479.6320250869958,41.509730287277016,1023.5621259315768
2021-10-25,1564.6660063550826,1571.6622326595534,1533.0009782927468,1551.4912109375,5905209,1556.4783471679686,1576.216103580622,1563.6659626725843,47.96456302416685,12.550140908037747,-6648470.599907146,511228907.0,24.48927606646714,35.01409716192226,19.218754355151024,1637.157089364883,1479.317800771836,41.30626772152913,1024.4454499681206
2021-10-26,1567.5325432558725,1582.703180395499,1554.5617978837658,1561.711669921875,5871709,1557.0089453125,1573.9846522485072,1563.521200246606,49.8022266827246,10.46345200190126,-9536533.151300004,517100616.0,30.536859867695817,28.700419547066943,18.257045365265828,1637.0253861253582,1479.2358687574542,40.58524641699126,1025.3445232554516
2021-10-27,1566.6617643835339,1589.6241154780093,1559.3743706045814,1584.857421875,5090259,1557.5917724609376,1575.6573860371984,1565.1016611079685,53.7828877854949,10.555724929229882,-6050499.582918404,522190875.0,44.23251431853509,33.08621675089933,17.53963382349651,1639.5508759930729,1481.905117659271,39.84699630673674,1026.138229430366
2021-10-28,1576.0573538475787,1581.0073339619178,1551.0326346588704,1561.89501953125,5329972,1557.8570947265625,1573.5400988824372,1564.8641321022858,49.58213890034297,8.675966780151384,-7517466.544057455,516860903.0,30.64535031115956,35.13824149913014,16.620320236637458,1640.047898554682,1483.838673710943,39.41683851455052,1026.9468905820095
2021-10-29,1557.4035262089408,1569.8700653107035,1522.6163644817277,1528.7579345703125,5875091,1556.7827612304689,1566.6505351421101,1562.1895989517693,44.21509851896884,4.460936190340817,-11865384.750379115,510985812.0,11.037688998093909,28.638517875929505,15.901553994432291,1639.7527773817444,1484.799834922943,39.97661439415232,1027.7954067220192
2021-11-01,1537.6952643857423,1564.9199882423623,1536.3202760718355,1558.365966796875,3636806,1556.449599609375,1565.3759861659203,1561.9063669402958,49.4773944999618,3.469619225624456,-9895428.0092077,514622618.0,28.557162081774173,23.413400463675867,15.234128198098919,1638.6998707027556,1490.3927196292757,39.704145771145,1028.332319695631
2021-11-02,1553.7369303202765,1564.2326306070647,1545.8078079720165,1556.395263671875,3471772,1556.08611328125,1563.9943365514519,1561.498137068561,49.14509086844387,2.4961994828909155,-9377231.36982568,511150846.0,21.58554746529474,20.393466181720928,14.614375672932217,1638.1741381410989,1494.0256543393698,38.184194118566666,1028.8460640203662
2021-11-03,1566.5700994057452,1574.3158225463526,1557.4035101757524,1560.61181640625,3530713,1555.7015600585937,1563.4739488368054,1561.4324836861674,49.92011039234672,2.0414651506380324,-11568374.916781483,514681559.0,24.28002838000489,24.80757930902459,13.69350043820468,1638.2100160027444,1496.242059192568,36.736791601131735,1029.3760510077266
2021-11-04,1572.0700398709214,1573.9033577016746,1562.9034507171552,1566.2950439453125,483407,1555.7559521484375,1563.9079634688835,1561.792673334993,51.00394512487974,2.1152901338905394,-11753684.867424397,515164966.0,27.911750571718173,24.59244213900592,12.83840200595768,1637.2101371966767,1501.8115913189483,35.0621308650098,1029.4490190608706
2021-11-08,1585.8198825314748,1595.9031303394784,1561.0700924572843,1592.69482421875,5245903,1556.0712060546875,1568.3367112765552,1564.0817215486047,55.79032312322784,4.254989727950488,-7474132.420055966,520410869.0,44.78185953997766,32.32454616390023,12.546747308099873,1638.960028957271,1505.685820652104,35.04576708052296,1030.262392197998
2021-11-09,1590.1739699507375,1604.1530176762014,1582.1532048623565,1597.278076171875,4016134,1556.6207763671875,1572.7892289527583,1566.540710779958,56.58330048715047,6.248518172800232,-5968082.170055924,524427003.0,47.71067027542168,40.13476012903916,12.536199542312234,1641.3121675217224,1506.4313627517151,34.11391320433167,1030.896175874872
2021-11-10,1582.1531564135157,1605.023749692163,1578.4406433561305,1595.1239013671875,4780368,1557.4707202148438,1576.2253324011322,1568.65798415679,56.07420590547528,7.567348244342156,-4748239.982151782,519646635.0,57.730850507179326,50.074460107526214,12.37397471377444,1642.5597908077482,1511.0553337039707,33.57599842802458,1031.6464859669973
2021-11-11,1588.5240505596312,1594.7573760524717,1566.5701139092826,1588.844970703125,4731349,1558.3904370117189,1578.1668152168234,1570.1533164935554,54.53404070880062,8.013498723267958,-2001734.561150142,514915286.0,80.3673190846623,61.93627995575442,11.740028072465469,1642.1580875498462,1517.2276912587477,33.217269073016034,1032.3746316921774
2021-11-12,1597.7363947003298,1634.2652279312947,1593.1989780971776,1631.8360595703125,5069009,1560.0173291015626,1586.423622040437,1574.7224085733153,62.191300085459595,11.701213467121761,2467586.065352251,519984295.0,97.82427846918523,78.64081602034227,12.394097482500458,1648.757450431978,1518.512910896147,34.088911084098434,1033.203972439507
2021-11-15,1633.5777371633978,1649.9859531883599,1627.5278110477404,1638.2069091796875,4354074,1562.2931811523438,1594.3902816003217,1579.4249641737872,63.18090912141569,14.965317426534511,2254333.975608161,524338369.0,90.7520750217677,89.6478908585384,13.406668683506409,1655.8021152816573,1519.3947719253738,33.25814187384994,1033.9372558284085
2021-11-16,1640.8192523055643,1658.1898918100687,1628.9026879033452,1642.9276123046875,6034233,1564.4571875,1601.8575632471473,1584.1288640353355,63.934197942451114,17.728699211811772,1999393.6601963562,530372602.0,88.74243386142928,92.43959578412739,14.550123669556632,1658.5379228509462,1518.1158002935852,32.974503447626624,1034.958556280113
2021-11-17,1643.1569835798214,1651.819365571725,1632.2944859147217,1638.48193359375,4732492,1566.3223950195313,1607.492081762009,1588.1550173359587,62.63457120623641,19.337064426050347,266361.54479717393,525640110.0,85.46326955955885,88.31925948091857,15.61190329946041,1654.7319552048991,1520.2082181349444,32.013816034010674,1035.7538951294546
2021-11-18,1633.1195101395,1640.315260284982,1612.4030409186626,1631.1029052734375,4326924,1567.4994018554687,1611.1245161483826,1591.3363423683645,60.43850750044325,19.78817378001804,1737105.6421649088,521313186.0,80.02044567961254,84.74204970020021,15.689686239914039,1653.4865978799075,1520.8011706747798,31.720844843461304,1036.4637562951996
2021-11-22,1635.3195631306587,1636.6029080371482,1605.2073390700937,1612.769775390625,6621839,1568.7413330078125,1611.3776329548814,1592.9240040737172,55.2549912784737,18.45362888116415,-1694650.335937298,514691347.0,62.73056565879168,76.07142696598768,15.454636786682467,1655.353054816938,1520.8739105150933,31.697610852289387,1037.5289765953466
2021-11-23,1590.494622761771,1601.6320492898676,1567.4865098215332,1592.1446533203125,8436160,1569.8142700195312,1608.4187130111015,1592.8662743882799,50.05391331555979,15.552438622821683,2053506.9774016077,506255187.0,41.23152353632235,61.327511624908844,14.848042908936725,1655.8144472655706,1523.3648496094295,32.66801476063241,1038.8080240304412
2021-11-24,1594.98643263331,1595.4447620679748,1547.3201714281765,1554.6534423828125,7333061,1570.1673657226563,1600.1471329144417,1590.0356942397268,42.26585595562792,10.111438674714918,-3044716.384503143,498922126.0,6.614313564944889,36.858800920019625,14.884384415391121,1655.6221366174584,1523.873383402073,33.772055894858546,1039.8720306524972
2021-11-25,1558.3200902685285,1582.3365080774622,1555.5242359360773,1578.853271484375,4476260,1570.9990063476562,1596.871154232893,1589.2073666282192,47.900800766895216,7.663787604673871,268503.60531387804,503398386.0,28.441579853888232,25.42913898505181,14.918130099955919,1655.4356094414434,1525.7740707343378,33.337128023415055,1040.5273314033095
2021-11-26,1560.657742646102,1575.1408869417976,1543.6536743369188,1550.6661376953125,4494181,1571.3713916015624,1589.7626901501885,1586.3524607813372,42.67606207319184,3.4102293688513328,-2223894.6402732413,498904205.0,6.122485544834394,13.72612632122249,15.300261223998502,1656.0052724693755,1521.7852792884369,33.470161532275135,1041.1641927776611
2021-11-29,1550.0701406159924,1569.319976779763,1530.0411667963886,1554.9742431640625,3942776,1571.370185546875,1584.4106213830921,1584.0281483652427,43.687059614208536,0.38247301784940646,-1161145.5161545728,502846981.0,19.456359292698608,18.006808230473734,16.035893100228055,1656.2810404799009,1520.8174336411928,33.88506499306794,1041.71616864777
2021-11-30,1562.490978815251,1585.7282596410298,1558.3660137492486,1569.9158935546875,14808963,1571.8349951171874,1582.1806632556454,1582.9827961570534,47.167334377299106,-0.8021329014079583,-3468083.3995271805,517655944.0,31.115976186296216,18.898273674609726,16.002493757440902,1653.2577355328747,1527.9565344866567,33.661418670489326,1043.859242883218
2021-12-01,1572.0699149892648,1596.7280602334772,1570.236597304146,1571.978271484375,5193264,1572.5400390625,1580.6110645216038,1582.1676461812995,47.64827415288456,-1.5565816596956665,-7978487.880289521,522849208.0,32.72533900240487,27.765891493799884,15.52147101976765,1652.8080974734944,1529.7674030147869,33.17218638536792,1044.6184593313224
2021-12-02,1572.070041232639,1604.6114327566963,1568.7242138092479,1602.5489501953125,5559574,1573.9191918945312,1583.9861238560206,1583.6773724045597,54.29053361615737,0.3087514514609211,-3057944.976040573,528408782.0,56.58096355713533,40.14075958194545,14.75967742809776,1653.1380016669045,1534.0528674737207,33.36611728265939,1045.447497899651
2021-12-03,1623.4946289358368,1637.7487202351147,1588.1574938785834,1590.907470703125,6754012,1574.5094458007814,1585.050946447883,1584.2129352414904,51.605389069632466,0.8380112063925935,-9062898.005845146,521654770.0,47.496612939565985,45.60097183303537,14.515918127261802,1652.7296605857568,1537.4907739845557,34.525053645078806,1046.4763355259772
2021-12-06,1585.81985913203,1589.4406169418342,1550.5284923247566,1554.0118408203125,3991449,1574.3899536132812,1580.2756994282568,1581.975817136218,44.1521235868378,-1.7001177079612262,-12339731.29128012,517663321.0,18.70535506409839,40.92764385359988,13.932660246437141,1653.5743436830132,1535.417770574799,34.94319112602806,1047.0381832383168
2021-12-07,1559.3283498660105,1581.144875289866,1552.8200943998993,1568.9991455078125,4202122,1574.1040942382813,1578.5408449789577,1581.0145822007805,47.470948805543955,-2.47373722182283,-11741368.029714055,521865443.0,31.990930316924707,32.730966106863015,13.391063642814242,1653.427815864382,1533.1947305223366,34.47044753773796,1047.6317850144794
2021-12-08,1588.569769866459,1613.1362715394564,1588.203083951059,1607.2237548828125,3029169,1574.1956616210937,1582.9536003487815,1582.9560023994495,54.841813124252155,-0.002402050668024458,-10148839.419539196,524894612.0,69.99158700353092,40.22929079485133,13.010152025622942,1654.2119830387376,1533.4051312190747,35.160924573016956,1048.0877614560318
2021-12-09,1612.4029684106154,1621.9362431330585,1596.819767465203,1616.4820556640625,2082171,1575.2483422851562,1588.1118242434402,1585.4394137523839,56.43628435763775,2.6724104910563256,-8970979.289160226,526976783.0,80.25517812624852,60.74589848223471,12.909851009051655,1656.0849906809774,1533.6679390065226,34.44346393693399,1048.4057701217178
2021-12-10,1613.3196963372175,1616.757167281118,1600.4864714799896,1612.6322021484375,1823469,1576.8427856445312,1591.8841900749783,1587.4536943743137,55.55782229876842,4.430495700664551,-8072086.120146152,525153314.0,76.68082016089454,75.64252843022466,12.816714350806889,1657.682405098227,1534.4492477338042,33.14540907009073,1048.6830901099688
2021-12-13,1619.7820821962873,1623.7236481534487,1593.88646941928,1599.2489013671875,4040584,1578.0759790039062,1593.017222581472,1588.3274134108228,52.49856672881187,4.689809170649141,-10660297.097693406,521112730.0,64.25522849720157,73.73040892811487,12.946255281570968,1653.868009096273,1535.004927915446,32.909106903239156,1049.2918794721388
2021-12-14,1586.644779305723,1616.0695051482858,1567.8073957320184,1606.123779296875,4768144,1579.75650390625,1595.0336159223032,1589.6456627357156,53.902775741898196,5.387953186587538,-7857365.709310617,525880874.0,70.63814010385927,70.52472958731845,12.074052582865091,1649.0992036627433,1536.5654203606944,34.005749939884026,1049.9970459400479
2021-12-15,1599.5697605600114,1602.2738595225671,1577.7532342532375,1589.6697998046875,3053149,1581.290576171875,1594.20841344267,1589.6474506667505,50.086527564840075,4.560962775919506,-7942968.017721806,522827725.0,55.361607523859654,63.41832537497348,11.26415007692392,1641.5278834406845,1538.810959332753,33.60323530443785,1050.4420480656029
2021-12-16,1615.7488284833244,1629.4528342458236,1611.486342229459,1623.952880859375,4481031,1583.2631689453126,1598.7844853529323,1592.188593643982,56.92887703885211,6.595891708950376,-6205428.802404453,527308756.0,87.19139100714233,71.06371287828706,11.418151698156407,1638.4023943027194,1540.4835431972808,34.04464952848773,1051.1321792874735
2021-12-17,1668.3190069348489,1688.4855004252702,1656.173277900845,1669.09814453125,18887243,1585.8833520507812,1609.6019713803657,1597.8855974134092,63.93922473916316,11.716373966956553,-9982903.564919677,546195999.0,85.94681331455463,76.16660394851885,12.984279344634862,1648.8272356851933,1533.858225740588,36.22236167401683,1054.2742248037287
2021-12-20,1651.5444833474583,1677.1651696566676,1638.3446832025486,1648.9779052734375,5773891,1588.4509399414062,1615.6598073639152,1601.6702128104482,59.30625469251817,13.989594553466986,-12593770.56270022,540422108.0,71.36238622756447,81.50019684975379,13.775311856504516,1655.3133901490457,1530.9928842650168,36.4079420154527,1055.2030142785843
2021-12-21,1650.9025792508633,1684.818956503657,1650.9025792508633,1660.619140625,5353584,1590.9342504882814,1622.5766278656206,1606.0368000559706,61.06414764367005,16.539827809649978,-14879902.687172357,545775692.0,79.80069285065451,79.03663079759119,14.679022809420923,1665.3310498605988,1527.8226732839325,36.367449816507474,1056.076833572469
2021-12-22,1672.902361743175,1676.7065182602037,1661.306605185151,1672.6273193359375,4156428,1593.060771484375,1630.2767342456696,1610.969431113746,62.84702360841668,19.307303131923618,-12925421.742815962,549932120.0,88.50498332221106,79.88935413347666,15.518182979986161,1675.913827871417,1529.0372829684268,34.91887323212863,1056.7588209064004
2021-12-23,1678.6315832196426,1706.452158001076,1674.7357829582454,1702.7855224609375,4112933,1596.3883227539063,1641.4319324326339,1617.7706230653898,66.94124179045257,23.66130936724403,-9763456.581457242,554045053.0,97.64844193199639,88.65137270162063,16.94511426714539,1693.1730748883003,1524.1712610491998,34.84072790591505,1057.4590136771242
2021-12-24,1716.8563521284982,1719.4230419718806,1699.4857096179485,1708.1939697265625,3780347,1599.92943359375,1651.7030150932383,1624.4686487439951,67.63016323144869,27.234366349243146,-10241431.489503223,557825400.0,93.2599798449145,93.13780169970728,18.52220930694739,1707.1036863549934,1525.9934327856317,33.77619965220198,1058.115721756443
2021-12-27,1704.9855722004531,1718.2771263923382,1691.2815662579003,1710.623046875,2647733,1603.08208984375,1660.7676353673553,1630.8504560129584,67.95317737148699,29.91717935439692,-9095127.52611191,560473133.0,94.19585292473137,95.03475823388074,19.629868680758488,1719.039436709342,1529.622562802377,33.29186825807598,1058.5732611726924
2021-12-28,1723.9604445078678,1737.8937277021519,1721.8521960585267,1730.652099609375,3340933,1606.516298828125,1671.519091404589,1638.2431703534337,70.5617161551269,33.275921051155365,-8770589.070768725,563814066.0,95.74238093743566,94.39940456902717,21.057447266327205,1734.2499048988482,1530.4857152183392,32.8617834415814,1059.1704827350115
2021-12-29,1726.5269325409,1735.9685633921047,1720.018677128368,1728.4061279296875,3236635,1608.517236328125,1680.2709431776811,1644.9219079516747,69.87486622232939,35.349035226006436,-8603172.609154234,560577431.0,94.4218917166546,94.78670852627386,22.2987692586944,1746.2578454307588,1534.1205603309597,31.65379078602107,1059.7463250318717
2021-12-30,1727.4435773447663,1750.6350906664184,1718.1394677751377,1735.09765625,4584738,1610.1068408203125,1688.7058221118841,1651.60159301081,70.7872364330324,37.104229101074225,-8402721.454788156,565162169.0,91.50159694241438,93.88862319883486,23.749864470127136,1759.0353109495325,1534.5979654176551,31.713921650682465,1060.568226339267
2021-12-31,1732.485334103099,1740.1394135966204,1715.6646655402487,1730.4228515625,4619420,1611.9627587890625,1695.123826642748,1657.4402047553795,69.21022370114324,37.683621887368645,-7451153.796987969,560542749.0,88.94465134991135,91.62271333632675,24.97321176680847,1768.5583337196883,1539.0264807334368,31.19683782251741,1061.3871143964257
2022-01-03,1730.4228734321573,1754.531047747914,1730.4228734321573,1740.2310791015625,3329616,1614.89982421875,1702.0634039441043,1663.572862114356,70.68582705175467,38.49054182974828,-8071517.897577423,563872365.0,91.91076732783428,90.78567187338665,26.40853134286787,1774.1328172586695,1552.0739210225806,30.690506277010027,1061.9875755569954
2022-01-04,1740.230952329744,1747.747622052123,1721.4853235703652,1740.8726806640625,3921999,1618.4648510742188,1708.0340619010208,1669.2987745995194,70.78446329703868,38.73528730150133,-6202919.765575412,567794364.0,90.45167940026315,90.43569935933624,27.27232582910721,1778.7980515444422,1564.5960402524327,30.3742057202063,1062.6882884645297
2022-01-05,1741.651966369965,1744.3102996453717,1686.6524305898608,1690.9149169921875,6995719,1621.2533251953125,1705.400347299662,1670.8999703323097,55.20759985872056,34.50037696735217,-12164290.545619886,560798645.0,45.24647448549149,75.86964040452962,26.49507039225736,1779.0469449243506,1572.7162630834619,32.3230388155852,1063.8801738391635
2022-01-06,1675.652488433271,1675.652488433271,1649.9860389386693,1666.3026123046875,6449205,1623.3451440429687,1699.385311146589,1670.5594252932265,49.43572443919596,28.82588585336248,-10413769.552577956,554349440.0,24.06300361624846,53.253719167334346,24.705784993327097,1778.0268180821308,1578.718445589744,32.9377416182947,1064.9013467006378
2022-01-07,1664.148428615564,1682.9858145998055,1656.2194182984588,1663.0943603515625,4834389,1624.9098828125,1693.8020879473543,1670.00645751977,48.720681204731214,23.79563042758423,-12764735.392958235,549515051.0,12.538447853413059,27.282641985050983,23.069388478700688,1776.2257813861584,1585.5656981060292,32.49693123851271,1065.6689507919198
2022-01-10,1663.735674423059,1714.0602634833194,1661.9023568754853,1696.5062255859375,7857560,1627.6021069335939,1694.218109122521,1671.9694033024489,55.878186680130106,22.24870582007202,-10196187.73994668,557372611.0,44.49775955555185,27.033070341737773,22.44249494047537,1773.5579406819113,1597.9592712321512,33.90128662203566,1066.9607412187345
2022-01-11,1700.4022975348785,1714.152181342438,1695.9565241498024,1700.9522705078125,5142287,1631.0459936523437,1695.2541339510271,1674.1162823546981,56.743412567163155,21.13785159632903,-12514772.217952572,562514898.0,48.750516308375275,35.26224123911337,21.862860126763984,1770.4789472127663,1610.52111382239,32.7794559485071,1067.8206245086217
2022-01-12,1713.1438347417302,1731.5686561894713,1704.98554818021,1720.981201171875,5362535,1634.2982983398438,1699.212144292696,1677.587757822637,60.5011719049583,21.62438647005888,-11423791.77605808,567877433.0,67.90870558224844,53.71899381539183,21.79196146799114,1763.2220329429963,1630.9091682288788,32.624950929446506,1068.7366531131893
2022-01-13,1746.2351860716283,1753.1101277490757,1710.8062975811488,1738.7186279296875,14277630,1637.944765625,1705.2900648522332,1682.1159704231593,63.52328018635632,23.174094429073875,-6860483.56444666,582155063.0,84.8750122092598,67.17807803329448,22.24798658391959,1762.1575967993458,1643.4501790795603,33.31629944648082,1071.2191232169469
2022-01-14,1725.1521296583062,1771.901735722373,1724.2354707158736,1768.555908203125,7688506,1642.1036474609375,1715.0232715216011,1688.5189287772307,67.96367694391841,26.504342744370433,-251332.74166455586,589843569.0,97.25562203431122,83.34644660860647,23.080915613850998,1771.5058471494613,1644.0477050966324,34.34129698648214,1072.5897478480833
2022-01-17,1776.989082120872,1791.0597732766262,1769.6099335212443,1777.85986328125,5262464,1646.3349438476562,1724.690439484624,1695.1367757775283,69.22185329926202,29.553663707095666,-1465751.7343664938,595106033.0,90.6432547083822,90.92462965065106,24.234709147274177,1778.9213785143422,1649.5203695325329,33.49576613555493,1073.558446171806
2022-01-18,1761.9099524191436,1782.9014624541396,1752.1475132916348,1760.6724853515625,3690315,1649.6944970703125,1730.2261388487682,1699.9912727830122,64.2053963303987,30.234866065756023,-3110161.533632936,591415718.0,78.45999606683144,88.78629093650825,24.57717216170869,1782.016612834584,1656.4304696849472,33.29992206605135,1074.22246728108
2022-01-19,1756.3185305089796,1756.3185305089796,1707.5980854278614,1711.4481201171875,5747770,1651.9778979492187,1727.3372128900633,1700.8399281410993,52.47612997055811,26.49728474896392,-7949519.722147082,585667948.0,43.567345450202225,70.89019874180526,23.35038842151057,1780.3739483562565,1661.9552142413997,34.71238477016919,1075.1942655420578
2022-01-20,1690.319159557556,1693.9857954785052,1664.1943786207935,1671.7109375,5533463,1653.509638671875,1718.779324368515,1698.6822251306476,45.284168580459465,20.097099237867496,-10690728.78913925,580134485.0,15.399676391415623,45.809005969483074,22.30115021094124,1782.2021251268202,1657.0195789747422,35.60819596489953,1076.0574940657673
2022-01-21,1645.4027804305226,1657.3193465283482,1627.9862607490854,1636.8778076171875,8252758,1654.4702954101563,1706.1790910221569,1694.1041201296505,40.09650105217998,12.074970892506371,-13940277.437058017,571881727.0,5.452477677268659,21.473166506295485,22.099644085505158,1788.2232248821326,1643.8668630084924,36.18794459247203,1077.2636533864606
2022-01-24,1617.9029588836443,1621.2487862488053,1583.9865795756018,1592.05322265625,7116712,1653.674638671875,1688.6212651197097,1686.54479439088,34.60301377224543,2.0764707288296904,-17975691.750356607,564765015.0,3.8955515856364014,8.249235218106875,22.684410653124456,1800.3275083332674,1619.9055971354828,37.38103626740872,1078.22310246039
2022-01-25,1582.703110464448,1594.9863611422659,1558.7783374266799,1578.6240234375,9137653,1652.4829809570313,1671.698612553216,1678.550663209148,33.13817845553967,-6.852050655932089,-17096615.102901794,555627362.0,8.54381063135861,5.963946631421204,23.608203427554294,1808.7253483687107,1596.3049494828517,37.29724965656424,1079.3988963559882
2022-01-27,1560.153577777938,1567.2118071372306,1526.2371956523305,1538.7037353515625,11231734,1650.3985034179686,1651.2378622145,1668.1916315159935,29.183264963841793,-16.953769301493594,-21493831.203747854,544395628.0,4.707506365608429,5.715622860867794,24.907926717565285,1820.126464230703,1565.933594363047,38.375076665750335,1080.7401365065205
2022-01-28,1540.9035845757908,1583.5741004005592,1539.5285962492806,1545.670166015625,10998502,1648.5422680664062,1634.996678183904,1659.1159674048552,30.736769183277687,-24.11928922095126,-29425138.553130243,555394130.0,7.338109362738752,6.863142119901911,25.61382496575368,1824.21328444975,1542.9040251205624,38.83902583598222,1082.080449075262
2022-01-31,1574.8197846438327,1603.6945362249041,1572.3906164965365,1591.5029296875,8788872,1647.7502685546874,1628.30533226138,1654.1075942406067,40.05400560824217,-25.802261979226614,-27482084.601565138,564183002.0,24.64507921517257,12.230231647839899,25.677438980154268,1820.9952688488638,1532.2300485339488,40.209407576931994,1083.2200926932421
2022-02-01,1618.9114124821829,1631.6529947644888,1590.1282979479788,1624.3656005859375,5119935,1647.9821850585938,1627.6992196959275,1651.90448359952,45.69476485812342,-24.205263903592595,-24159199.90531239,569302937.0,37.054395366856525,23.012527981589262,24.975291941871117,1813.8179174776858,1527.8208520535643,40.30335680833042,1083.915868391244
2022-02-02,1639.9029293391777,1643.3862782519077,1624.3197265450099,1638.1612548828125,4253717,1648.9025170898437,1629.308763570833,1650.8864666575419,47.910665743530934,-21.57770308670888,-22236871.514242314,573556654.0,42.263790434541015,34.65442167219002,24.019802904347525,1805.5941484207112,1525.773478532414,38.78644215822809,1084.514147096964
2022-02-03,1630.736280667835,1630.736280667835,1589.486627699846,1593.657470703125,3832922,1649.68259765625,1623.8239492834934,1646.6472817720294,41.96218514540076,-22.823332488535925,-25294683.191824794,569723732.0,25.45865826683547,34.925614689410985,23.795280818571207,1803.6164201148313,1518.0254622093876,39.492741088566554,1085.0221804957876
2022-02-04,1587.6532989938855,1607.7739181571546,1567.6243233461087,1595.994873046875,4700077,1650.0254296875,1619.5425529393983,1642.895251496092,42.366916561872735,-23.352698556693667,-23352413.30122837,574423809.0,26.341287823846308,31.354578841740913,23.96116338416675,1802.8239073547395,1511.787201043698,39.5396592116008,1085.6268547315717
2022-02-07,1578.6698453281606,1587.6531469228316,1554.103454996554,1572.0699462890625,4310209,1650.453505859375,1612.2390749931928,1637.6489325918676,39.34264203972898,-25.409857598674762,-23046226.261732247,570113600.0,17.857082798410403,23.21900962969737,24.338182921208784,1802.8844649866428,1502.6242020055447,39.70764198579509,1086.1590724459422
2022-02-08,1567.4868116725174,1581.2366959854342,1554.6535863137951,1574.178466796875,6053401,1650.8375903320311,1606.383596809144,1632.9474166070534,39.750827317630815,-26.563819797909446,-20207369.54613077,576167001.0,20.83666246738966,21.67834436321544,24.688272491319246,1799.0892601750602,1494.1866309382212,38.7701753919268,1086.9026452627238
2022-02-09,1590.4031144827397,1597.7363853276167,1581.2365259266433,1592.511474609375,3867244,1651.289501953125,1604.2494241630257,1629.9521616442623,43.32213994231803,-25.70273748123668,-18789359.098322604,580034245.0,39.50809665518495,26.067280640328317,24.49246356597385,1793.2676570150147,1489.1641545084226,37.683585616127864,1087.3965637184722
2022-02-10,1609.3321604144307,1626.0611847183295,1603.0071918598912,1622.1195068359375,4334630,1652.2923266601563,1606.998667651166,1629.3719649917937,48.61923594575875,-22.373297340627687,-15936963.89420085,584368875.0,73.14673320725109,44.49716410994188,23.487819716864582,1783.9969989344502,1488.5486431553934,37.38830879418691,1087.9782003355324
2022-02-11,1594.9864576306056,1600.4405332298606,1570.2366677708203,1577.8907470703125,7551371,1651.7991625976563,1602.5205260233424,1625.5585414420543,42.26472226733921,-23.038015418711893,-19661090.164067417,576817504.0,44.09215187329896,52.24899391191165,23.228667597881756,1770.1695871393208,1486.2932668645853,38.423632384967654,1088.9231121856803
2022-02-14,1549.153524139982,1575.3241802088924,1538.382782182204,1542.0035400390625,7459637,1650.821083984375,1593.2102204872995,1619.36928207887,37.932549171740355,-26.159061591570435,-25658436.037047837,569357867.0,13.458359243513991,43.565748108021324,23.556372957693032,1747.9840864432988,1485.8235307442012,38.501084706620574,1089.794736689264
2022-02-15,1557.4034625903387,1601.1739248261767,1549.5659842794273,1593.38232421875,4669915,1651.6084936523437,1593.2366979844458,1617.4443222373795,46.402841406236824,-24.207624252933783,-22398618.4819428,574027782.0,57.31596618295827,38.288825766590385,23.131733330813724,1716.174177360188,1499.185685921062,39.97746328379869,1090.37341897997
2022-02-16,1593.382387655243,1609.1488765180625,1582.9324534569362,1588.844970703125,5350642,1652.00541015625,1592.5610476334732,1615.3258517533607,45.80829995656812,-22.764804119887458,-25335829.55512107,568677140.0,48.0576270407445,39.61065082240557,22.520335609070525,1681.9460314843927,1516.2310803320133,38.994531839322086,1091.0513070888876
2022-02-17,1598.6530277442428,1603.236321975161,1576.9282578484235,1581.05322265625,3937950,1651.4819995117186,1590.7906130215927,1612.7871384869081,44.74800139395751,-21.99652546531547,-28038880.241608206,564739190.0,40.637161686236055,48.67025163664625,22.077835233323356,1657.6491712160555,1527.4884508542568,38.08835557413747,1091.5425456099367
2022-02-18,1567.4866501794208,1578.9448859263464,1561.5283675910196,1564.6907958984375,5602215,1650.4461743164063,1586.7752565411072,1609.2244464433177,42.52214734282022,-22.44918990221049,-31606635.43062453,559136975.0,25.054416948907736,37.91640189196274,21.987562448774383,1642.2056360955485,1532.2299718146078,36.76239125207269,1092.213430301089
2022-02-21,1559.2368226903093,1592.511586240144,1550.5285629515922,1586.4615478515625,5120890,1649.9227612304687,1586.7269936657926,1607.5383058068915,46.34628269634511,-20.811312141098824,-27961655.38931258,564257865.0,45.78777609218148,37.159784909108396,21.485814138896654,1634.7483134561744,1534.6456684774193,37.135293540392624,1092.8354450239055
2022-02-22,1558.2283984151973,1605.0696431782694,1550.1159899880945,1589.8072509765625,8878515,1649.7339282226562,1587.200879405911,1606.2248943379782,46.93063567493057,-19.024014932067075,-24014837.200434323,573136380.0,55.68220981077343,42.174800950620856,20.64172826500871,1634.5795377329835,1534.5898470326417,38.40803351537708,1093.9215790255173
2022-02-23,1604.1530102027486,1611.715445822276,1588.9364954567636,1597.598876953125,5478811,1649.5634301757811,1588.8005713362518,1605.5859300872482,48.34168140858468,-16.785358750996465,-25326682.6232745,578615191.0,67.53783492636356,56.335940276439466,19.657590095674788,1635.7594442179827,1535.3074258992049,37.29167043324389,1094.6137201951096
2022-02-24,1549.2451666654013,1572.0241176886507,1531.278674811719,1538.2911376953125,13592379,1648.5358569335938,1581.0298892376456,1600.6011306508087,39.69088742343446,-19.57124141316308,-34240449.905879214,565022812.0,7.3984777260097525,43.539507487715554,20.026823731784223,1635.8160165127601,1535.2095938388024,39.3651369838269,1096.1459127216683
2022-02-25,1572.0699807371516,1584.1240674003052,1537.2369432630924,1553.3701171875,9737281,1647.1242016601564,1576.7745396914695,1597.102537060934,42.50789300368311,-20.327997369464583,-37276818.84037892,574760093.0,23.30750936807626,32.747940673483164,19.99727236364191,1635.0807619530453,1536.7148435157048,39.90242178049732,1097.2639029963393
2022-02-28,1542.0034456154942,1584.0323426669368,1526.2369584312726,1572.619873046875,15076542,1645.1946362304689,1576.1353602076858,1595.2890063932261,45.977028002838765,-19.15364618554031,-28154405.52473882,589836635.0,46.46458714563197,25.723524746572636,20.195405027645513,1634.3942705795719,1535.5130292251158,41.18049052729496,1098.994439012168
2022-03-02,1567.4866176445078,1571.519938923076,1550.0700996706798,1560.88671875,6771489,1643.4328125,1573.7894153680418,1592.7406887900243,44.2253336386262,-18.951273421982478,-28096508.41597121,583065146.0,34.71077273275101,34.82762308215305,20.379385358506006,1628.7824967089525,1534.7769149121411,39.84972501650212,1099.7672666337623
2022-03-03,1576.8364003857432,1589.3946929037236,1563.4074386758068,1577.4322509765625,7344147,1641.7690747070312,1574.3498516155064,1591.6067304334715,47.27587861564293,-17.256878817965116,-27513670.727184035,590409293.0,59.89260468672986,47.02265485503759,19.945723653892607,1617.9910133936585,1539.4954978368103,39.03959995487508,1100.6313726416552
2022-03-04,1553.9661376197698,1591.3199910974313,1540.9037471398515,1579.678466796875,9074499,1639.91009765625,1575.1696385664864,1590.7231553492793,47.69413852027273,-15.55351678279294,-22629924.243883215,599483792.0,62.52041887585754,52.37459876511278,20.066198972690632,1616.6981606841125,1539.390450155731,39.852217383639704,1101.6811076589272
2022-03-07,1555.5701866945778,1605.069768357222,1554.6535277748992,1594.8489990234375,9742588,1637.7513671875,1578.1972324829403,1591.028773399217,50.54751465689831,-12.831540916276708,-16837521.482288778,609226380.0,80.26819693043176,67.56040683100636,19.715465590215263,1616.5375287880174,1539.4364946494825,40.60679046925993,1102.8369444478308
2022-03-08,1575.2324384632896,1649.9860163517383,1575.2324384632896,1630.0028076171875,10984500,1636.1875439453124,1586.1673209651321,1593.9157388968445,56.472996666694826,-7.748417931712311,-11725798.747137047,620210880.0,83.8518296055279,75.54681513727236,18.522342264343273,1625.4561404015205,1536.311169168792,43.0458467134877,1104.2237476149917
2022-03-09,1641.7360847011198,1678.9524135438992,1641.7360847011198,1662.223388671875,10193515,1635.21955078125,1597.8682544584774,1598.975564806106,61.0765440945793,-1.1073103476285269,-10696409.885894388,630404395.0,89.04562419063176,84.38855024219711,18.098551119964085,1642.061123854268,1528.5106779035443,43.46754380014655,1105.6100112098054
2022-03-10,1691.0065372699532,1691.0065372699532,1659.3359269263535,1673.7275390625,6547182,1634.0810595703124,1609.538913628327,1604.5127480843573,62.5975798503613,5.026165543969682,-11293311.616174135,636951577.0,89.5132351922982,87.47022966281925,17.969631071660675,1657.9864035649355,1520.7070046381893,42.62490569610749,1106.5186636425624
2022-03-11,1662.8191948397623,1678.769081601826,1660.069218222056,1670.1524658203125,4758657,1632.915986328125,1618.8640755040171,1609.3749493981318,61.78949355340132,9.489126105885362,-10920089.757841341,632192920.0,87.34349411060998,88.63411783117995,17.84991959823608,1667.770977607325,1515.7257264942375,40.91597410208339,1107.1714497819225
2022-03-14,1678.906668217749,1737.0686311893369,1678.906668217749,1733.126953125,10289724,1632.876572265625,1636.442979753399,1618.5417644890108,69.30602828184144,17.901215264388156,-2025049.7508384064,642482644.0,98.13041465128435,91.66238131806415,18.887078902217013,1696.965957075993,1502.0543676310383,42.7731306211506,1108.6945900165701
2022-03-15,1730.972793631946,1730.972793631946,1677.4857697464472,1686.0107421875,7140443,1631.988330078125,1644.0687893586453,1623.5394665407507,59.82400987045042,20.52932281789458,-6889348.917439898,635342201.0,75.78262870378714,87.08551248856047,19.802731917217898,1707.3351661751046,1506.0858787467703,43.69227724667933,1109.7155462944563
2022-03-16,1709.5688037800835,1736.1060334821716,1694.9022617637397,1731.935302734375,5233979,1631.8224145507813,1657.586714493373,1631.5687877402784,64.86919614227142,26.01792675309457,-2714958.2142489776,640576180.0,97.56520052807599,90.49274796104915,20.74635054152609,1727.805025548849,1499.4713172245886,44.1496353929645,1110.4906097099258
2022-03-17,1763.0099275439795,1763.0099275439795,1680.2814702459145,1700.035400390625,17731459,1631.0056689453124,1664.1172815544885,1636.640388677341,59.29880624005657,27.47689287714752,-11978569.175264928,622844721.0,73.40299131723188,82.25027351636498,22.089083944367093,1738.6982918177916,1499.6970939243959,46.905265529043106,1113.0738236454304
2022-03-21,1705.9022618695185,1729.6437504404078,1687.6607268565106,1698.6148681640625,8362085,1631.15966796875,1669.424602571346,1641.2310908615425,59.05561122534069,28.193511709803488,-15977011.307441855,614482636.0,72.80303591189745,81.25707591906841,23.335907818433736,1748.0091032897633,1502.1424470032055,46.55367681867555,1114.2660137069045
2022-03-22,1695.81886548342,1732.4852193317101,1685.7356181751402,1730.1019287109375,5709382,1632.435654296875,1678.759575823591,1647.8141158874237,62.70656869101195,30.945459936167254,-10849756.907865066,620192018.0,85.1836636093759,77.12989694616839,24.544635825099267,1761.079742383364,1505.6129211908549,46.567671414239435,1115.0920770937034
2022-03-23,1738.9019597552622,1741.6519364970998,1702.2356031974286,1716.3521728515625,6192824,1633.500810546875,1684.5430522894326,1652.8910089958783,60.18289607766046,31.652043293554243,-12606783.661725925,613999194.0,78.99304080259179,78.9932467746217,25.835101066828265,1770.5522465320037,1509.129479542215,46.056861548913126,1115.9914325462546
2022-03-24,1701.4563443885272,1736.7018323621985,1701.4563443885272,1729.460205078125,3784303,1634.1598901367188,1691.453383487693,1658.562801298267,61.76280901426911,32.89058218942591,-10377545.632111505,617783497.0,84.8947371006021,83.02381383752324,26.996791420560616,1780.9730136322996,1512.6740078520752,45.284620579252994,1116.5419267580903
2022-03-25,1734.3187078806857,1736.1520257537095,1703.1523040392779,1720.1563720703125,3438588,1634.5439721679688,1695.869227885019,1663.1252880221223,59.94468599351498,32.743939862896696,-10272468.33767789,614344909.0,79.43257057562846,81.10678282627408,28.07550389188351,1788.7336174923355,1517.1691535037583,44.40712780319433,1117.039024177755
2022-03-28,1710.4855450029963,1724.1437852926242,1698.2481707983397,1717.7271728515625,4008555,1634.4788916015625,1699.2319886491027,1667.1698720835623,59.45258653276622,32.062116565540464,-8250453.868651366,610336354.0,75.88488646103978,80.07073137909009,28.81780033489546,1789.6910535542427,1534.155320957476,43.084876852557905,1117.6112983104515
2022-03-29,1717.727175017485,1731.9353882977512,1705.4898007973982,1728.8187255859375,3917785,1634.2808935546875,1703.7837943316927,1671.736453824479,61.025819681630125,32.047340507213676,-5256105.674299181,614254139.0,71.80661455385298,75.70802386350705,29.691190627062458,1791.3399475135031,1550.0512878380594,41.896356184543265,1118.1777135054485
2022-03-30,1750.8184138418037,1759.0683435405347,1737.0685310105855,1745.2725830078125,7795839,1633.8152270507812,1710.1666848972495,1677.183574504726,63.300646854255874,32.983110392523486,-7237579.808149306,622049978.0,82.89123171624628,76.86091091037967,31.073923989801354,1795.2831545542729,1563.3733517933836,41.06444631097569,1119.3482785604617
2022-03-31,1741.6518174511546,1753.5683825179256,1736.335151354939,1747.930908203125,5399145,1633.2166479492187,1715.9765654058458,1682.4241177416443,63.66959616521987,33.55244766420151,-5370858.991578975,627449123.0,85.35174330915251,80.01652985975056,32.31598193099417,1794.6581457035622,1582.7027795894064,39.3622166575479,1120.1548894342454
2022-04-01,1729.597614863882,1751.0933306191719,1721.760249350505,1744.9058837890625,6171518,1632.9013159179688,1720.4272297724945,1687.0523967081197,62.89472768516502,33.3748330643748,-1802950.1478289613,621277605.0,78.83166087671266,82.35821196737047,32.64532696701546,1792.4890530252292,1601.6192355489898,38.64584984405639,1121.0645180403992
2022-04-04,1732.256029902122,1735.2351711097854,1716.9019944472413,1726.022705078125,7364074,1633.1928076171876,1721.2880721272068,1689.939086217009,58.13821665243414,31.348985910197825,-1839806.4752214698,613913531.0,56.752310202905335,73.64523812959014,32.68574376337877,1783.7821930855312,1624.9605193168127,37.885709808182455,1122.1233261143539
2022-04-05,1726.801997582043,1732.1185518084062,1702.3730166918253,1705.9937744140625,5472024,1633.8784643554689,1718.9351032482614,1691.1283223797536,53.51526559497172,27.806780868507758,-5979672.685716926,608441507.0,31.08036219690195,55.554777758839954,31.958538418307917,1771.4431989889854,1648.413990952421,37.30426875878235,1122.8913875543158
2022-04-06,1700.402417537543,1702.6940650005315,1670.2901922532426,1676.4317626953125,5407453,1634.6695434570313,1712.396127778577,1690.0396883290541,47.510352243891,22.356439449522895,-9337355.044369077,603034054.0,6.623800664240543,31.48549102134925,29.87920815716136,1764.3007034938144,1660.1993819554043,37.18993400178503,1123.6095171767602
2022-04-07,1669.2815575233353,1675.7898126435603,1656.9066636860864,1660.069091796875,5797544,1636.0298608398436,1704.345814550623,1687.8196441414852,44.53180654505529,16.52617040913765,-13193028.420944573,597236510.0,3.095513029243616,13.599891963462014,28.03550742223802,1764.6138628437582,1659.6707929179604,35.92816007374511,1124.3514945812467
2022-04-08,1671.0692200436147,1684.819103916711,1657.3193361705187,1663.3692626953125,5131446,1637.724765625,1698.0417296498058,1686.0085047751022,45.276972579829625,12.033224874703592,-16066646.532907534,602367956.0,6.325854291387423,5.348389328290504,26.088666156388125,1765.7798590334041,1657.4689690915957,35.32613205034848,1125.0116799962998
2022-04-11,1662.8192733370197,1662.8192733370197,1615.6572168756952,1619.3238525390625,8248407,1639.33716796875,1685.9312870173837,1681.068900905766,37.94936144507215,4.862386111617752,-23032501.178687356,594119549.0,2.5567302542266743,3.9926991916192143,25.522418809903165,1774.4042737563561,1643.761693040519,36.21084017672482,1125.9996467743633
2022-04-12,1611.0279382660265,1611.0279382660265,1583.7573373195603,1597.232177734375,6456184,1640.368408203125,1672.2852702046132,1674.8587732634408,34.8986164342587,-2.573503058827555,-23108477.477400646,587663365.0,7.6862489727713195,5.522944506128449,25.780984696292737,1782.7164431897122,1621.8600460681005,36.16481696549464,1126.7166302490518
2022-04-13,1608.6905020894412,1611.0280270581331,1587.65322495857,1602.823974609375,6257693,1640.5948291015625,1661.598917036115,1669.5228622520285,36.294615120817134,-7.923945215913591,-21243415.59885825,593921058.0,10.875892906450934,7.039624044482952,26.021077880586784,1789.3710649579848,1606.8867475420152,35.251244475070955,1127.4141479268535
2022-04-18,1471.6959740437594,1512.4872981452525,1457.4877600308796,1486.2708740234375,30523965,1637.8329345703125,1634.6253719572414,1655.9486409017625,24.501205710808165,-21.323268944521033,-19818939.05839184,563397093.0,9.544087241159016,9.368743040127066,28.20968481848461,1814.1804505074826,1557.5109191214235,43.114456625315555,1129.9667158358545
2022-04-19,1500.2496466888317,1500.2496466888317,1420.8211393270847,1431.821044921875,17044923,1633.7061303710936,1603.4247062594927,1639.3465967551042,21.058622049215145,-35.92189049561148,-32142822.97310324,546352170.0,3.2520314899185014,7.890670545842792,30.568237853306677,1841.597186846662,1503.2727472353693,45.70831739220352,1131.239698633738
2022-04-20,1443.7376282422597,1463.2625056876957,1432.737722503271,1455.379150390625,10678747,1630.9405639648437,1580.6484668950516,1625.7193785058835,25.909161913088113,-45.0709116108319,-26979879.719842575,557030917.0,10.216791338719416,7.67097002326562,32.75832281421288,1853.4306001901775,1467.11576211451,44.689256204604746,1132.030849017884
2022-04-21,1462.070924900518,1491.5872963059192,1456.8001362997795,1483.887451171875,7766514,1628.6984155273437,1565.7621567837937,1615.2133098144755,31.40218368138673,-49.45115303068178,-22651470.757496208,564797431.0,18.953218436920256,10.80734708851937,33.79832434014661,1852.7812727950763,1443.1436417557047,44.083462612511134,1132.6523008518386
2022-04-22,1470.6416476237112,1476.4624091160176,1450.5210300228807,1453.3167724609375,8134245,1626.3233520507813,1548.4628668879698,1603.2209737142132,28.925628292102033,-54.75810682624342,-29032435.49692073,556663186.0,9.839046093079705,13.003018622906437,34.839986752337964,1853.6732671007476,1415.9481074109713,43.31795965083136,1133.268197819542
2022-04-25,1441.7213152940346,1441.7213152940346,1424.5797249113862,1430.996337890625,7000570,1623.4597094726562,1530.3910931960704,1590.4635932828364,27.236649755410497,-60.07250008676601,-30791957.57530663,549662616.0,3.236241876944177,10.67616880231469,36.111044603999225,1851.2451685321707,1388.529819260798,42.276465929311364,1133.7516899882821
2022-04-26,1445.754444216792,1459.321041370177,1435.9921159637947,1449.23779296875,5345435,1620.5942358398438,1517.905970084175,1580.0024228892003,30.793220760298183,-62.096452805025365,-30067339.692235325,555008051.0,9.128458028339825,7.401248666121213,36.67223252751288,1844.261508088477,1368.4216217943354,41.279911468614266,1134.1392334907332
2022-04-27,1441.6752391683433,1441.6752391683433,1421.1420580813808,1423.387939453125,8819356,1616.6196044921876,1503.364734602475,1568.4013500420835,28.655687319108424,-65.03661543960857,-36957405.99598296,546188695.0,0.9106231540002544,4.4251076864280625,37.389712008804096,1836.4768007088114,1346.7724058341573,40.3381845699539,1134.7370831241906
2022-04-28,1439.1547081955646,1468.3045107381408,1427.6505923617553,1450.70458984375,9245177,1614.0758813476561,1495.2631738703635,1559.6830715088738,33.87905832249247,-64.41989763851029,-35717085.12562762,555433872.0,11.31957610473168,7.119552429023898,37.1488944836271,1821.4120815804283,1334.0257113883215,40.66521219245833,1135.4039776119885
2022-04-29,1457.48751496141,1464.1791690655614,1430.7211223384597,1436.9085693359375,9831395,1611.9739819335937,1486.2855424035288,1550.588663940508,32.58165292973935,-64.30312153697923,-41912210.742065944,545602477.0,6.093770470488312,6.10798990974006,36.925278210248464,1800.599136596755,1324.0022550048077,40.15041465921856,1136.0989091904141
2022-05-02,1421.646356919199,1423.3421535603338,1403.4048218327941,1412.5714111328125,7072627,1608.357763671875,1474.9449068234187,1540.3651637325306,30.37202650093745,-65.42025690911191,-42481272.6845946,538529850.0,3.533569254475033,6.982305276564986,37.15762396263411,1776.3000140136098,1314.7654278809216,39.6756527194989,1136.5470298413436
2022-05-04,1418.3004254594043,1439.1544145879882,1402.6255812849784,1407.5755615234375,6220959,1604.7323754882811,1464.580392161883,1530.5288969022274,29.92340414142423,-65.94850474034433,-47016241.66904558,532308891.0,2.3752025654474234,4.000847430136901,36.822706838566276,1747.691614412233,1309.6407952557358,39.450879904035396,1136.9447460663146
2022-05-05,1430.0337542268524,1456.9376704218184,1427.650351581843,1453.0418701171875,6144870,1602.1721484375,1462.8052349242375,1524.7891171403726,38.78532229551698,-61.983882216135044,-42506153.367481016,538453761.0,24.19179326095197,10.033521693624786,35.920806147009934,1716.464017220988,1313.570308950887,40.15882483220293,1137.3777301262494
2022-05-06,1420.8213456621304,1431.683731635082,1407.117339377223,1414.2672119140625,6171472,1599.1636767578125,1455.337846768826,1516.6023093458311,34.74938152942828,-61.26446257700513,-45085299.90906475,532282289.0,10.596621791274547,12.387872539224626,35.47348774267784,1686.0796660522747,1314.7820038696004,40.57066096847161,1137.7717476777802
2022-05-09,1411.6545259686357,1454.5542017762823,1395.2921890697276,1439.47509765625,6832202,1596.2239477539063,1452.8974238284297,1510.8891825540104,39.18030970360074,-57.99175872558067,-41729978.98758059,539114491.0,42.09601641349243,25.628143821906292,34.32130962591082,1657.2597901059503,1319.9062133120183,41.90575752119183,1138.2254353049427
2022-05-10,1428.154706081727,1438.3754761971759,1417.2006759125613,1423.5714111328125,6212545,1592.8992309570312,1448.3857295675655,1504.4211994857735,37.452343880279315,-56.03546991820804,-44204261.64678744,532901946.0,29.367247074892365,27.353295093219756,33.25142994605573,1627.9412945753365,1325.574940776226,40.50351925137017,1138.631968490769
2022-05-11,1420.7753518748366,1420.7753518748366,1385.6215070579083,1399.5089111328125,7846080,1588.937431640625,1440.866219039142,1496.6499188670357,34.94140969333077,-55.78369982789377,-45851208.440649256,525055866.0,13.105554324142318,28.18960593750901,32.909019168651824,1591.5841386012276,1335.5460615940851,40.321118167336884,1139.1003373615113
2022-05-12,1387.8215129501484,1400.1964075504304,1378.9299667738644,1383.054931640625,7034979,1585.8327075195311,1431.9721748239856,1488.235475368783,33.297482372079344,-56.2633005447974,-50157095.01580162,518020887.0,4.229325922434935,15.567375773823182,32.719532015590424,1562.5436386099616,1340.9596694955073,38.96006978228182,1139.4956676020572
2022-05-13,1392.6799690693026,1401.8006807424024,1373.2467324482875,1379.021728515625,6723761,1582.3457397460938,1423.825952315007,1480.1455681944751,32.88901545222549,-56.319615879468074,-54161113.51765329,511297126.0,6.075248308169151,7.803376184915444,32.655552078043726,1533.705105770356,1347.9771574132378,38.216775390269895,1139.86822552419
2022-05-16,1384.1547731247254,1385.8505695071358,1355.4175424329248,1364.99658203125,6145331,1578.1932739257813,1414.7752799636598,1471.6160136638657,31.444468235843118,-56.840733700205874,-56437859.979528345,505151795.0,8.485514087353296,6.263362772652438,32.93983616951383,1491.8853629120185,1366.0141610137625,37.66079336769425,1140.1856458269397
2022-05-17,1370.3133852302776,1397.9047952021128,1357.4801608808812,1391.900634765625,6516378,1574.8135522460936,1411.2561037793466,1465.7111707825145,37.14741112806546,-54.45506700316787,-51857201.603651226,511668173.0,32.31824973282982,15.6263373761174,32.72679885619704,1483.3008532989588,1365.1616467010413,37.85821057866121,1140.541349244846
2022-05-18,1395.1547869730623,1420.546192673694,1379.8466287472686,1383.4215087890625,6594126,1570.9333374023438,1406.973858396226,1459.615640264481,36.12738542203873,-52.641781868255066,-57292926.52234781,505074047.0,24.807085154791704,21.870282991658247,31.69381119656519,1483.3527947951782,1360.2697515915404,38.06116438921578,1140.9183005901632
2022-05-19,1357.5716474415442,1360.9632401544786,1299.5013363533724,1308.2095947265625,16561140,1565.5039599609374,1391.7793562932009,1448.4003776320426,28.62022296909575,-56.62102133884173,-69161120.90383027,488512907.0,5.2880574329695795,20.804464106863676,32.22836143060992,1491.4364163571609,1337.4691744631518,41.33680782110681,1141.5938669316554
2022-05-20,1331.905381688774,1344.5094415636677,1326.1303858600872,1333.876220703125,10488908,1560.2845043945313,1382.8711815870354,1439.9171067484192,33.684540077947716,-57.04592516138382,-70808949.10493833,499001815.0,21.834149374189572,17.309763987316927,32.72472950508003,1484.6421740051046,1329.2622937683327,40.97702489367812,1142.0471701398963
2022-05-23,1333.8303643326253,1363.9884650040865,1329.2013039517303,1346.02197265625,5887569,1554.6048876953125,1377.2020725207606,1432.961911630481,35.99860456143236,-55.75983910972036,-71002874.55207975,504889384.0,29.54885641751071,18.890354408223264,32.51845965518844,1480.5379233711215,1322.6370644218473,40.53489176215512,1142.3158927377967
2022-05-24,1346.205406064554,1347.0762992662783,1315.6348503160443,1320.9056396484375,5693167,1547.7785327148438,1368.5410828480954,1424.6614470392185,33.40286621240699,-56.120364191123144,-74787256.49967143,499196217.0,13.59552953370949,21.659511775136565,32.567104856719176,1481.176478101881,1310.989439866869,39.885360132732174,1142.5515371368817
2022-05-25,1315.4053856165344,1322.2803266563421,1282.6348333267845,1292.9013671875,9630092,1540.1620092773437,1356.904203515696,1414.9014411242763,30.741226977251756,-57.997237608580235,-79429761.9017216,489566125.0,5.971714503902085,16.37203348504074,33.14448336102293,1480.79017304563,1295.742102344995,39.86822678964828,1142.887469653878
2022-05-26,1299.8222916111945,1310.8221981692582,1289.7849216356956,1305.2763671875,13040065,1532.8644873046876,1348.9614594652044,1406.7810652771077,33.27158436723349,-57.81960581190333,-73264921.11297016,502606190.0,13.169856348888688,10.912366795500063,33.6806205435907,1480.0946160556423,1284.62650210842,38.52315891421359,1143.347847918706
2022-05-27,1323.6095611563396,1344.7385933567052,1317.6055125572325,1339.5594482421875,8284860,1524.9931372070312,1347.5149962001246,1401.801686237484,39.830101704455195,-54.28669003735945,-68142878.67213927,510891050.0,36.55090531684535,18.56415872321202,32.99951052739186,1470.9341639823783,1282.672440021528,38.59023514671299,1143.6977064878904
2022-05-30,1363.0718606191815,1402.4881955261249,1361.238542716533,1399.554931640625,10904213,1519.2640209960937,1355.5211401140477,1401.6352599710501,49.233694440990206,-46.11411985700238,-58789463.41292707,521795263.0,84.63852571479231,44.78642912684209,30.796807720370275,1465.6420969127958,1284.2291433215792,40.328700299371874,1144.285855046598
2022-05-31,1399.4621910132507,1406.2247134582847,1378.572688843613,1392.885009765625,16033857,1512.4830151367187,1361.2694277527519,1400.9870932891668,48.329393969547894,-39.71766553641487,-58225497.2734315,505761406.0,79.94278133501062,67.04407078888273,28.662499745285768,1463.4216021236523,1284.4809979740041,39.423223464750436,1145.1625040615047
2022-06-01,1401.5927289341514,1403.213870557175,1363.7043106711114,1369.679443359375,8738508,1505.8758959960937,1362.563276307617,1398.6680081091822,45.21757912600488,-36.10473180156532,-64320911.04772891,497022898.0,63.11634548799855,75.89921751260047,27.0319487956689,1460.1933499707127,1283.9196383105375,39.42939035198708,1145.6113756934537
2022-06-02,1374.7283776887848,1402.3804049875084,1366.9468736892632,1396.961181640625,7205840,1499.842822265625,1367.8552617434643,1398.5415765189186,49.34685028718095,-30.68631477545432,-59319201.14321506,504228738.0,82.8984275517567,75.3191847915886,25.517865771024663,1450.1782120265227,1288.3267074070711,39.14397184814838,1145.9958736759063
2022-06-03,1412.6164184399415,1440.500029841728,1406.2244664307032,1409.6519775390625,9395707,1493.4338232421876,1374.2855257120177,1399.3645691870774,51.189925907590336,-25.079043475059734,-66835791.54185054,513624445.0,80.45924435298475,75.49133913091332,24.25064412993368,1449.4575296154908,1288.585866380603,39.45789158764514,1146.5571878046617
2022-06-06,1404.371953468,1423.4550853644485,1383.0655188177598,1417.387451171875,6624883,1487.4545288085938,1380.9165911673804,1400.6995974822476,52.328543407744064,-19.78300631486718,-62201391.23574784,520249328.0,85.35929439794843,82.90565543422994,22.56047961299669,1444.9897314790448,1290.8448998686115,39.52443979900539,1146.9359027401108
2022-06-07,1407.9384590442346,1407.9384590442346,1391.9586328714904,1395.7567138671875,4904592,1480.780458984375,1383.1996869673508,1400.333457955206,48.893822339620456,-17.133770987855314,-64774538.89267723,515344736.0,71.65726394271765,79.1586008978836,20.991041132983774,1440.4721787477774,1292.5809828733163,38.517609691961056,1147.2054797962949
2022-06-08,1408.2626109195949,1408.2626109195949,1382.1391152343751,1389.550048828125,4697608,1474.1683325195313,1384.1766657151622,1399.5346869087557,47.921840862124185,-15.358021193593459,-66806832.774156325,510647128.0,67.72564052217798,74.91406628761467,19.794758590292947,1439.2092967393824,1292.8479786512426,37.63231583433667,1147.457773621907
2022-06-09,1375.654675172107,1405.2520487082083,1372.41239142591,1403.4456787109375,4361061,1467.8827026367187,1387.1411292529738,1399.8243900052134,50.30378684707005,-12.683260752239676,-62925538.6413285,515008189.0,76.52785290943912,71.97025245811157,18.942041706734425,1441.7025726891154,1292.393777408541,37.28998308061965,1147.6918971055252
2022-06-10,1376.6734918297975,1383.9454476054582,1365.093908402991,1368.058349609375,6516436,1460.6674951171874,1384.2053170001125,1397.471349975892,44.69705914599274,-13.26603297577958,-67392530.17001066,508491753.0,54.11168399901514,66.12172581021073,18.345517834055766,1440.9554157408807,1292.0445964661508,37.36582502542871,1148.0106328324157
2022-06-13,1337.3029564991043,1337.3029564991043,1307.7518359097567,1319.609375,6987685,1452.1542309570314,1374.267479769326,1391.7037962739741,38.388484572952386,-17.436316504648175,-68772526.09525695,501504068.0,23.421591642408337,51.35370951695418,19.070360174433326,1441.4465912484357,1287.0147002554704,39.00444564501369,1148.2742360836858
2022-06-14,1306.176992329285,1342.2126780673673,1299.8314033162574,1334.4775390625,6090247,1443.8851635742187,1368.1459504298143,1387.4648142583094,41.13430423929454,-19.31886382849507,-64905379.150440745,507594315.0,29.65370755379623,35.72899439840655,19.891157114368347,1438.5168103399185,1284.202171593675,39.245647724020564,1148.508557764554
2022-06-15,1334.1531142014585,1339.8966548935762,1314.3752101729754,1317.478515625,4651958,1435.3366162109376,1360.350960459843,1382.2806439891754,38.99454323210162,-21.92968352933235,-68426018.2316229,502942357.0,12.54516571649848,21.87348830423433,20.653325701450864,1436.7867252228739,1279.3379573943134,38.26534750949059,1148.6855199418192
2022-06-16,1332.115388775437,1337.4419975970354,1289.5025182026482,1294.319580078125,6641772,1426.7025537109375,1350.1922865549634,1375.765009625394,36.22949507607029,-25.572723070430584,-73733031.19414553,496300585.0,3.1901597736198237,15.129677681304827,21.83373353424363,1438.0596490273158,1276.6760321250279,38.956356929840354,1148.9133524092688
2022-06-17,1288.6224346721403,1294.0879077001855,1266.4822480734495,1285.1485595703125,9692047,1418.2856494140624,1340.1855593265557,1369.0526799916843,35.16607105759044,-28.867120665128596,-70318000.09563696,486608538.0,10.726669026110809,8.820664838743019,23.319081841008803,1441.0719112591655,1268.791003779897,38.16214086375715,1149.1919022642974
2022-06-20,1287.696069641459,1317.6176460413926,1280.2387725138215,1310.021484375,4595194,1410.9574438476564,1335.5449324109318,1364.6799988348928,40.28546026538103,-29.135066423961007,-67590483.38059796,491203732.0,25.019992703692328,12.978940501140968,23.81031885100329,1441.4191602954234,1264.843705915514,38.10619319688673,1149.344115915649
2022-06-21,1319.1461190624589,1348.7898520750985,1317.9881607416526,1343.1390380859375,6270787,1404.6188427734376,1336.7132563609327,1363.0843721127478,46.35883508401164,-26.37111575181507,-63620547.36433415,497474519.0,44.051124680214535,26.599262136672536,23.237876332440344,1441.432831614863,1267.0533744398244,38.153491375687565,1149.5973303274448
2022-06-22,1330.3089374254466,1352.124805240916,1329.3362071630663,1331.4205322265625,6253366,1397.9798681640625,1335.8989911094911,1360.738902491549,44.629149057111995,-24.839911382057835,-68730003.81443658,491221153.0,37.31703938140334,35.46271892177004,22.6022478135694,1439.4686636002834,1272.8694589583101,37.05599899727057,1149.8504908279074
2022-06-23,1333.7827728271357,1350.6426009394486,1327.4834342566735,1345.501220703125,6254281,1392.5034155273438,1337.3762572008193,1359.6101853220362,47.17935243090469,-22.233928121216877,-65252648.009221785,497475434.0,50.339265055895495,43.90247637250443,22.05774004470887,1438.3513128083944,1278.009295101762,36.06336811766375,1150.1078242751385
2022-06-24,1350.642804267946,1359.4432889322434,1323.6855528073704,1334.9871826171875,6114340,1387.258515625,1337.008707264876,1357.786259195751,45.49442149517378,-20.777551930875006,-67501977.8212144,491361094.0,48.3176465122162,45.32465031650499,21.24976940032031,1438.3595169497064,1277.5438643979498,36.041537261035835,1150.3563196517744
2022-06-27,1359.9528729122032,1374.7283786494334,1357.266386483101,1366.0205078125,4511097,1382.5224462890626,1341.4720611952796,1358.3962035377324,51.05111430141775,-16.924142342452797,-67490029.5591935,495872191.0,70.20595641094927,56.28762265968697,19.98989382200111,1434.5119695579115,1278.0379694069325,36.30579860183655,1150.56501316713
2022-06-28,1360.8326103187287,1378.6651683504751,1346.0107439027315,1371.16162109375,4412178,1380.2202612304689,1346.0396857950443,1359.3417900233633,51.92550140268513,-13.302104228318967,-65105569.80491323,500284369.0,75.43382821152558,64.652477044897,19.154657091321777,1431.9518940067328,1278.4257060909235,36.04498616225848,1150.7680536532366
2022-06-29,1356.8492900273463,1368.2436459200944,1349.7163115135934,1355.506103515625,5060038,1378.6939624023437,1347.4960577520567,1359.0576650968642,49.051992631242165,-11.561607344807499,-67003084.05491321,495224331.0,75.78872003900808,73.80950155382762,18.37908012711954,1430.9561956249643,1278.004070488317,35.00215212067978,1150.9923568832899
2022-06-30,1357.1735708678061,1372.8754411051875,1347.8635403563076,1354.2554931640625,9165177,1376.6714892578125,1348.5359708923654,1358.7019486573975,48.81957711752726,-10.16597776503204,-71483820.68015726,486059154.0,78.2411840179101,76.4879107561479,17.48352701412242,1426.300460877786,1278.389236387839,34.28856273697979,1151.3983970553813
2022-07-01,1346.9373021174174,1375.6546723826443,1336.1451064820121,1370.467041015625,4651635,1374.4030810546874,1351.9099816805592,1359.5734369802292,51.99486634121538,-7.663455299669977,-68053711.00365056,490710789.0,92.69217870723494,82.24069425471768,17.04322053785039,1420.1203804804259,1280.6508231328553,34.661491534383536,1151.6062752684911
2022-07-04,1371.2544949849446,1382.3708969034174,1354.3483004006007,1378.433837890625,4800224,1372.9054223632813,1355.9905749436464,1360.9705037143326,53.520957707791965,-4.979928770686229,-64602310.27637781,495511013.0,96.60272248184651,89.17869506899717,16.35874180700095,1412.525803480953,1284.350038804203,34.18728474641448,1151.8315822748223
2022-07-05,1388.4384434042122,1398.7673415560166,1363.6117708222541,1367.2708740234375,7379669,1371.6309130859374,1357.7260055713066,1361.4371978113033,51.071058757538225,-3.7111922399967625,-70445780.6086861,488131344.0,76.19046356365936,88.49512158424693,15.298464447923987,1408.0239940547328,1286.0032642460485,34.25644803122505,1152.1846542961225
2022-07-06,1373.0605867504528,1389.5499581532845,1361.7589589902186,1381.8148193359375,5209162,1370.2824536132812,1361.4319769197114,1362.9466512575725,54.02392378841752,-1.5146743378611518,-68136376.976899,493340506.0,87.18485826801555,86.6593481045071,14.240962043313576,1406.6437107773147,1286.610024574248,33.79463025492796,1152.4344963661563
2022-07-07,1392.3754886631302,1402.4727950463023,1385.5666030749078,1388.345703125,3323472,1369.5816088867186,1365.5725501820634,1364.8280625070115,55.32766337950138,0.7444876750519143,-70367200.64813189,496663978.0,88.44258609132467,83.93930264099983,13.758422048325299,1403.336276593816,1288.4074611991527,32.85629778745916,1152.6037930572136
2022-07-08,1403.4454599708183,1405.2518296865494,1389.5035968023885,1402.9359130859375,3652582,1368.6262353515624,1371.3207598595825,1367.6508662535987,58.18071618647451,3.669893605983816,-67788907.4716613,500316560.0,97.3460701015513,90.99117148696382,13.41616255268543,1409.6061233414,1285.6253707992248,31.716999842751324,1152.7950875700355
2022-07-11,1384.918337642924,1389.4575574863575,1358.4242703217838,1364.67724609375,4702638,1367.1816088867188,1370.2986808186852,1367.4305980936101,49.29093323320947,2.8680827250750554,-70596452.54628819,495613922.0,50.25568758900081,78.68144792729224,13.075728152586018,1410.892441049174,1288.845840200826,32.63090290856578,1153.012629257821
2022-07-12,1354.1627943213975,1360.4620195997948,1330.262489869547,1332.6710205078125,4710356,1365.5836010742187,1364.5098100016278,1364.8558145687362,43.32667103579216,-0.34600456710836625,-74555469.90992692,490903566.0,11.016155259546684,52.872637650032914,13.648745884689129,1410.8982497973009,1288.6593795972306,32.75832100253987,1153.2004234565936
2022-07-13,1343.2317124391973,1352.4953794215367,1332.6711094629559,1338.09033203125,5264025,1364.193896484375,1360.4452749292618,1362.873186232626,44.55011663121829,-2.427911303364226,-76941515.22748047,496167591.0,17.660214214775102,26.31068568777418,14.180833778784875,1410.3912747276572,1291.2275363074991,31.834466567624467,1153.4097968670699
2022-07-14,1344.158207091774,1345.964577092535,1309.882635994327,1323.63916015625,6157606,1361.6058422851563,1354.7827957334139,1359.9669620788204,41.949499862571116,-5.184166345406538,-78403849.67942016,490009985.0,14.4244945661576,14.366954680159772,15.313926456352842,1407.509677598977,1297.0410914439915,32.13785760552328,1153.6351264892376
2022-07-15,1339.5262256807744,1339.5262256807744,1306.7791860026705,1325.028564453125,5620018,1359.8210693359374,1350.2052216902925,1357.378932625065,42.29825987009449,-7.173710934772544,-77759983.28629476,495630003.0,18.53243476334346,16.872381181425364,16.447816700910604,1402.0417481050947,1306.4970214261555,32.18137061070761,1153.8370472788963
2022-07-18,1343.23167280077,1383.621237035509,1341.4253030252682,1380.1937255859375,5835171,1358.6354418945311,1354.818837674238,1359.0689172888335,54.09153480075163,-4.250079614595506,-72872776.39145492,501465174.0,74.55323309785965,35.83672080912021,15.624904759731844,1402.227926142994,1313.3280675093497,34.06789218011307,1154.1011240898804
2022-07-19,1363.194747398539,1377.368087821749,1361.8514480464935,1374.866943359375,3418540,1357.6613525390626,1357.9031616257976,1360.2391414422068,52.96582616490573,-2.3359798164092354,-70556312.93821335,498046634.0,69.14383001159463,54.07649929093255,14.860772242922996,1403.875921075752,1314.8528631039353,32.94463399149385,1154.2576565005195
2022-07-20,1390.708013328083,1413.45036112683,1389.5500549489589,1403.7235107421875,5079392,1357.74564453125,1364.9524461052422,1363.460205834798,58.05807338123983,1.4922402704441993,-69611301.95084614,503126026.0,90.88146317566947,78.19284209504123,14.643868407245881,1409.5238578153362,1316.4352242159139,33.34740426120537,1154.5228432831004
2022-07-21,1405.298334216868,1422.389755211079,1392.421814009448,1420.027587890625,5008061,1358.48509765625,1373.425544841455,1367.650382283378,60.65030367190378,5.775162558077,-65392743.16946346,508134087.0,97.95678947294527,85.9940275534031,14.699771297643922,1418.6734379846623,1314.7382807653378,33.10601404266434,1154.7936220335246
2022-07-22,1421.046543286214,1426.6047435858995,1382.278118812284,1395.38623046875,7020642,1358.8123876953125,1376.8041118610388,1369.7048895563685,55.106809880332875,7.09922230467032,-68261146.65791082,501113445.0,73.94669906253878,87.59498390371782,14.359638576766425,1420.9844366311013,1318.4671869040549,33.907486237732286,1155.1572358316218
2022-07-25,1371.1153913425223,1405.4373243444627,1371.1153913425223,1392.885009765625,7859626,1359.37015625,1379.278096154052,1371.421935497795,54.56166707219067,7.856160656257089,-66150410.0353497,493253819.0,71.85931407258145,81.25426753602181,13.624886917901794,1423.2682077700504,1318.8698659604186,33.93708957803286,1155.5439007456048
2022-07-26,1386.446679968465,1386.446679968465,1338.5998195127602,1344.2969970703125,7268273,1358.4180834960937,1373.8963886027075,1369.412680799463,45.20621162156314,4.483707803244442,-71687800.74032019,485985546.0,31.310358010712946,59.038790381944374,13.426414075506003,1423.2130291057338,1316.2385822223914,35.39052534052086,1155.8495763844398
2022-07-27,1344.1581135160513,1364.538181398445,1338.5999131844894,1362.7318115234375,4517285,1358.0042895507813,1372.1787613597428,1368.9178015938317,48.79373485507784,3.2609597659111387,-67799693.25313756,490502831.0,46.69506793815931,49.95491334048455,13.242117864709911,1423.2820548101581,1316.892127318748,34.71536411719477,1156.0379939064023
2022-07-28,1386.2152433376623,1412.1997631263532,1380.1474958222825,1405.6689453125,6636841,1359.9534765625,1377.3310973524747,1371.6401085359553,56.0169092670391,5.690988816519393,-63867434.6790433,497139672.0,82.52810277235068,53.51117624040762,13.072960752268367,1427.4880154423952,1317.827511901355,35.76912036617484,1156.3752292892477
2022-07-29,1419.9348263324769,1441.1485318528826,1415.488221242425,1435.59033203125,7009465,1361.9877587890626,1386.2940565338247,1376.3771621281994,60.22730898073865,9.916894405625271,-59894566.36753872,504149137.0,95.86349119550782,75.02888730200591,13.639140123037425,1437.1926998960648,1314.6351565492478,35.74843937861825,1156.7762898386513
2022-08-01,1448.837467561117,1448.837467561117,1424.6593201625642,1436.841064453125,2983249,1363.804140625,1394.07051929064,1380.8559697078235,60.39796533234454,13.214549582816517,-59871697.82891816,507132386.0,91.55529478719177,89.98229625168341,14.342480256058165,1445.6334438385177,1312.0351352630448,34.921989951470714,1156.9503803349705
2022-08-02,1432.6724247324003,1433.0892445029015,1415.8124834185385,1429.9395751953125,4374635,1365.9848193359376,1399.5888355836667,1384.4917923365265,58.89624797368359,15.097043247140164,-57092113.37388117,502757751.0,86.69708505657987,91.37195701309314,14.664506372970177,1452.099464078187,1311.8359851405628,33.9296036002647,1157.1957120801324
2022-08-03,1434.9421100182385,1454.3958119616748,1426.512195125792,1450.782958984375,6011955,1369.142451171875,1407.464854568391,1389.402249125256,61.971529262969256,18.062605443135,-52638084.63925654,508769706.0,97.55254331696815,91.93497438691323,15.477760755720949,1461.6919302337542,1309.1403329498394,33.49774740280885,1157.5541625342642
2022-08-04,1470.6071464350075,1485.7532194685305,1458.9811990367405,1482.0941162109375,7402209,1372.6788061523437,1418.9462794364752,1396.268313353825,66.07742373912257,22.677966082650073,-47259290.13158389,516171915.0,97.51340896051822,93.92101244468871,16.88408278988463,1477.268452710887,1302.9386517813007,33.602926908619324,1158.0430172454924
2022-08-05,1489.9681926535625,1505.9942683891477,1484.317378514635,1497.6107177734375,5361971,1375.8398315429688,1431.0485007190848,1403.7751581256484,67.9255849052486,27.273342593436382,-46044810.35737311,521533886.0,94.99173916937889,96.68589714895506,18.555479832136427,1493.7650990750308,1295.9094858859066,32.90987157073296,1158.418841776309
2022-08-08,1497.9349005078725,1502.5667338427763,1478.4812005012768,1500.158203125,3763409,1377.8518969726563,1441.6807626276873,1410.9146429404152,68.23160228664177,30.766119687272067,-43034076.08967294,525297295.0,96.5135849466207,96.33957769217257,19.867779584369696,1509.4989354698364,1293.723745194226,32.27956169721629,1158.6803768993427
2022-08-10,1501.8256747532032,1501.8256747532032,1471.16295906984,1484.456298828125,4423829,1379.6833227539062,1448.2616143508315,1416.3621730061716,64.16782426596933,31.899441344659863,-43622141.64739823,520873466.0,87.13340274686921,92.87957562095625,20.780268299024296,1517.9730702843653,1300.4281382117283,32.164072696226775,1158.9800311530134
2022-08-11,1509.9777553891563,1511.2283278462633,1497.0086212937895,1500.667724609375,3462090,1382.3030883789063,1456.324092852146,1422.607028680483,66.39330472325796,33.71706417166297,-45302458.59165938,524335556.0,93.88246858016863,92.50981875788615,21.827262299083632,1527.9144997183232,1306.7444480355832,31.778926719220454,1159.2264456803664
2022-08-12,1494.5076241291474,1495.1560356652687,1473.0622097992318,1476.7213134765625,3562286,1383.898291015625,1459.462126794364,1426.6154942209332,60.42349669943533,32.846632573430725,-47684797.40810337,520773270.0,80.01082515117592,87.00889882607123,21.81079785836306,1529.6000698651883,1320.3670932207492,31.48082586857208,1159.4639192521124
2022-08-16,1490.5241416234355,1490.5241416234355,1473.9421537273454,1478.898193359375,3004430,1385.2832153320312,1462.4522908812887,1430.4882867497067,60.76883598646979,31.964004131581987,-48893293.863227285,523777700.0,81.27184507414657,85.05504626849701,21.79550944912253,1529.0669327208016,1336.287193255761,30.41662315625194,1159.663606626233
2022-08-17,1478.8980019728403,1493.3030486989298,1468.2911489998783,1487.9764404296875,4067324,1386.6949951171875,1466.379083119504,1434.7466685037793,62.248276694624316,31.632414615724656,-46558348.60396799,527845024.0,86.53067198576055,82.60444740369432,21.54498912294614,1534.1679153590762,1341.9644821018614,30.030571480737628,1159.9352809901002
2022-08-18,1476.721223865027,1480.519304950159,1458.1012746764495,1466.3922119140625,4635706,1388.107705078125,1466.3811029340513,1437.090782830467,56.7670022612484,29.290320103584236,-47765176.41718997,523209318.0,65.79506306154803,77.86586004048503,20.88833585405855,1534.9106290404407,1350.3742952759658,30.01947107163051,1160.2301627773752
2022-08-19,1468.5691848544834,1486.7259496831261,1468.3838436640838,1479.500244140625,4739884,1389.906708984375,1468.3994323504471,1440.2322244089974,59.12117471951037,28.16720794144976,-46759760.64608974,527949202.0,66.86019597103075,73.06197700611308,20.478113225322264,1538.2177670531926,1354.6448306030572,29.32763297859002,1160.5407247398787
2022-08-22,1469.2176337813207,1481.2604012713316,1458.101233021311,1459.6297607421875,3950555,1391.030390625,1467.0502521030226,1441.6690789521965,54.294639356256006,25.381173150826044,-50188834.670162015,523998647.0,45.92243309950431,59.52589737736101,19.654687828678572,1539.5403332704234,1357.2824816709829,28.887028355120783,1160.7894487356791
2022-08-23,1434.0157562823194,1440.037140271877,1420.1202547679559,1428.828125,5551574,1392.2457861328126,1461.1699248564037,1440.71789717796,47.78266294485476,20.452027678443756,-50885996.471420124,518447073.0,13.640964621259062,42.14119789726468,18.983384402048767,1538.4444926034416,1361.7225117910898,29.645776756485844,1161.0964236478771
2022-08-24,1421.9729015815549,1432.1629354039635,1418.2674347370428,1424.288818359375,2888426,1394.339375,1455.4959084722454,1439.5009283765833,46.8901028315119,15.994980095662186,-51271119.93808683,515558647.0,6.477329789912466,22.01357583689192,18.41885405668006,1536.9563436360938,1366.3510416178126,28.52075703580262,1161.2530392742815
2022-08-25,1434.0156712178525,1434.6640826839741,1402.2876113088012,1406.3636474609375,4331088,1395.7770971679688,1447.9370990858904,1437.0463149754244,43.43938637889785,10.89078411046603,-54511683.213417724,511227559.0,3.741517663631934,7.95327069160113,18.393467267237494,1527.8539826778335,1381.6600676151354,28.796165202900504,1161.4782203489344
2022-08-26,1422.111870239608,1431.1901961023086,1405.7151117068822,1409.5133056640625,3079136,1397.61779296875,1442.0257462517632,1435.0068328042125,44.216207335358035,7.018913447550631,-56672654.97364501,514306695.0,6.632684807774875,5.6171774204397344,18.369893819897964,1520.6331045078657,1393.5590951991655,28.55894514522378,1161.6387203835957
2022-08-29,1360.4159161897119,1360.4159161897119,1343.2317679940033,1354.1165771484375,8079050,1398.8137329101562,1428.5012586974053,1429.014962014896,35.08824496436134,-0.513703317490581,-54516816.82002764,506227645.0,6.479185742854798,5.6177960714205115,19.885010281506766,1529.3675326636794,1379.6694302269457,31.253416039854876,1161.9547885429965
2022-08-30,1364.6309285026764,1385.9373651843262,1358.0537467521094,1383.019287109375,6725875,1400.7711474609375,1421.5040322992468,1425.6078749848575,41.83497597004292,-4.1038426856107435,-49198695.15161717,512953520.0,23.683532061824195,12.265134204151266,20.259440525124194,1532.6705909366503,1371.1092674617873,31.293942611000148,1162.2488842448836
2022-09-01,1352.5417769696817,1359.9989612286915,1344.204476476115,1356.3861083984375,8140604,1401.6984399414061,1411.4858901606608,1420.4803367191967,37.92344357558552,-8.994446558535856,-44782277.747394465,504812916.0,7.83012486446293,12.664280889713952,20.912308694867516,1538.6399063896229,1357.0944564033457,31.831147469733,1162.566944805352
2022-09-02,1369.1700326036112,1369.1700326036112,1341.3790305886528,1346.0108642578125,5175653,1401.7558764648438,1401.4128092525302,1414.964079499835,36.492029035951425,-13.551270247304728,-48232713.0807278,499637263.0,3.0120457001045273,11.508567542130528,21.15711481161141,1544.5662827819906,1342.7752089172282,31.54256565153481,1162.7671941746585
2022-09-05,1344.1582059766251,1358.9800745470081,1339.850577806981,1353.6998291015625,3669352,1402.2014624023439,1394.072350767766,1410.4259868777408,38.34919470089548,-16.353636109974786,-46589036.868130594,503306615.0,9.02510804425775,6.622426202941713,21.422099739405095,1546.9576753901345,1330.675503320803,30.65591787214141,1162.9079028793128
2022-09-06,1353.699718207459,1361.7590633496359,1339.0167153922378,1347.9561767578125,3428442,1402.2505615234375,1386.9775547662346,1405.7985935355239,37.46777002002796,-18.821038769289316,-47322205.28771351,499878173.0,5.79407208271959,5.9437419423605995,21.548083108700556,1545.2074318389473,1319.0119529266776,30.090662878231175,1163.0382988029128
2022-09-07,1333.9680861068637,1357.8220293132883,1332.161716223011,1350.3184814453125,3600574,1402.5571875,1381.3376973322465,1401.6889556029157,38.097952640889176,-20.351258270669177,-45827379.51191783,503478747.0,11.74706775030647,8.85541595909458,21.854514719841507,1538.9993243087818,1310.4908368240306,29.774209321948767,1163.1729856748316
2022-09-08,1366.3908567443411,1372.0416708914522,1355.8302539470278,1367.224609375,4061475,1402.58126953125,1379.1664530311316,1399.1360410675145,42.55938687246415,-19.969588036382902,-44179558.41886537,507540222.0,22.684997924204087,13.40871258574336,21.49539983425378,1529.4609256351184,1306.735876122694,29.199136473676692,1163.3397675661827
2022-09-09,1378.4334491304796,1408.0771792193073,1371.0225166082728,1400.342041015625,4816910,1403.1648779296875,1382.4242357979767,1399.2253743970043,50.14022127217438,-16.80113859902758,-41373702.463848285,512357132.0,45.72832065589167,26.72012877680072,20.12232223151468,1521.192470725599,1306.5929052509637,30.031524571578874,1163.5647372031256
2022-09-12,1413.4503494867745,1432.070297453377,1409.1427217355324,1423.08447265625,5494819,1404.5164453125,1388.6796568530958,1400.9927150088004,54.57393820951038,-12.313058155704539,-40185966.02971201,517851951.0,84.2849585388905,50.899425706328735,19.579746534770013,1509.8332035638057,1310.1938472174445,30.15271970487695,1163.8523822783143
2022-09-13,1437.6287471891776,1438.6477281149284,1427.8092811268577,1431.1904296875,4947158,1406.0551440429688,1395.2197757506965,1403.2295827627781,56.073272750591855,-8.009807012081637,-42046505.40817325,522799109.0,92.99692204174428,74.3367337455088,19.263654145668745,1503.355724100602,1312.1182383017417,29.11061511586277,1164.1219629672316
2022-09-14,1386.7710969044165,1388.5774669281514,1363.611926949433,1366.7615966796875,14332197,1405.98103515625,1390.8415943551568,1400.528250460327,43.7210593437025,-9.686656105170186,-52762382.70530074,508466912.0,32.492418339223,69.92476630661925,18.779387739142415,1493.4549050470632,1310.8053976873116,31.858321374591647,1164.7272782748435
2022-09-15,1366.3907205777587,1366.5759486630593,1323.8242209897917,1327.298095703125,12784100,1404.9583203125,1381.0656714856134,1395.103794552386,38.17406950267914,-14.038123066772641,-63468888.92653544,495682812.0,3.0254037699331238,42.838248050300116,19.192843688623036,1482.0057647397223,1306.1867035219964,32.649682397113374,1165.1772322008148
2022-09-16,1320.0724324014782,1320.0724324014782,1267.5937408057766,1275.6531982421875,20464045,1403.125966796875,1364.8483679097017,1386.255602233112,32.38366182029239,-21.40723432341042,-77647369.4568677,475218767.0,4.711645465384405,13.409822524846824,20.51242136843944,1480.0824781587307,1289.0360887358006,34.58215900427302,1165.6811589243132
2022-09-19,1289.5023903935416,1302.4715236302584,1278.9417878558418,1287.9276123046875,6595241,1401.24822265625,1353.0144055089304,1378.9720474235992,34.91068046865364,-25.957641914668784,-79205267.20813765,481814008.0,11.887399889814176,6.541483041710549,21.73774349969753,1468.9085963942734,1281.052707316664,34.02759946025858,1165.8453405372702
2022-09-20,1304.2778181821368,1309.465561643203,1283.11036384334,1286.306396484375,7219797,1399.2074365234375,1342.751634889768,1372.107925131805,34.726078093802485,-29.35629024203695,-84674008.72004218,474594211.0,10.9396196914009,9.179555015533142,22.635234463738794,1459.3820895286685,1273.2468777564877,33.47957077023032,1166.029171978725
2022-09-21,1278.2933952775163,1286.5380812873855,1267.6401785331122,1275.8385009765625,7917054,1396.66548828125,1332.4573065954287,1364.976856675861,33.49451711567498,-32.51955008043228,-85721881.2729601,466677157.0,4.81997543610885,9.215665005774623,23.72676535727353,1455.0139029618772,1262.3161019209351,32.43802305480481,1166.2043566959044
2022-09-22,1265.7412244435222,1282.0452571191677,1259.8588180198792,1267.223388671875,9168498,1394.7164111328125,1322.421319222574,1357.735859045936,32.473767768982626,-35.31453982336188,-88803593.46731474,457508659.0,4.119142875293875,6.626246000934522,24.868647180664425,1450.0459581274106,1251.5775037866517,31.70576705798221,1166.3937965827377
2022-09-23,1266.8064455755646,1292.096301385434,1261.711428792628,1264.9073486328125,10426200,1393.3611376953124,1313.5730160549185,1350.8596730894083,32.189758242437165,-37.286657034489735,-97036511.31113943,447082459.0,2.8237381223753473,3.920952144592672,25.542821505160695,1446.2379037782882,1241.2399282529616,31.611417453326748,1166.6150200695479
2022-09-26,1259.8586292677958,1296.4037479502074,1255.2267960719582,1278.6175537109375,9414587,1392.1716821289062,1308.195252617383,1345.5084049872994,35.77084628449251,-37.31315236991645,-95755099.08131745,456497046.0,12.752501788345231,6.565127595338133,26.29168865432479,1438.769764337886,1235.6184924980516,32.29466991224977,1166.8211875139045
2022-09-27,1290.8457494186305,1302.9348811777754,1276.5334278442763,1290.9384765625,8561254,1391.5176684570313,1305.5403639935548,1341.466188066944,38.89396012746982,-35.925824073389094,-94974043.06517845,465058300.0,19.469795564104732,11.682011824941751,26.718776663260428,1437.226009315066,1230.844437462278,31.873725870910445,1167.0307476031428
2022-09-28,1277.4596286583678,1302.3325509509698,1275.6068953318147,1292.0035400390625,7022098,1390.85716796875,1303.4577756928636,1337.8022882130267,39.16931657398503,-34.34451252016311,-93379787.7269313,472080398.0,20.05046182978099,17.424253060743634,27.13568106730921,1431.655588613958,1227.3132834563546,31.506006567213632,1167.2018865025532
2022-09-29,1301.4525112090196,1306.0379808303796,1290.4287256100483,1295.6627197265625,6119965,1389.1665478515624,1302.2585363134326,1334.6808386955108,40.166891677967875,-32.422302382078215,-95395538.86776516,478200363.0,22.045424807421274,20.521894067102313,27.354547390309477,1428.8499893584883,1224.0465438446365,30.370524328150605,1167.359611694331
2022-09-30,1286.6770613384476,1314.7923828665785,1274.6806570733074,1309.373046875,8120130,1387.856669921875,1303.3530763998276,1332.806187449547,43.880414728493705,-29.453111049719382,-89469565.90763395,486320493.0,29.520213532857237,23.872033390019812,27.932797091709055,1426.8634446747174,1222.3693067901263,31.066324432802066,1167.5718901057644
2022-10-03,1308.02985040639,1308.02985040639,1283.9443149173205,1291.1236572265625,4943169,1385.6046728515626,1301.4716272962482,1329.7185926182149,40.29544324109539,-28.246965321966627,-91465845.69609545,481377324.0,26.919145531195603,26.161594623824687,28.46974324300866,1423.8129712230573,1219.1621630542866,30.663639256007595,1167.6956581364254
2022-10-04,1315.1627348942327,1326.7886820010342,1309.8824900327893,1324.1485595703125,6631341,1383.6870922851563,1304.9603861076428,1329.3059975776296,48.49584499904962,-24.345611469986807,-86905645.5127559,488008665.0,61.89698070846606,39.445446590839616,28.05761343974451,1421.9146995916262,1218.6796729669677,31.020881078755032,1167.8951971902231
2022-10-06,1338.599797375784,1352.310068906912,1337.7660447818066,1348.00244140625,6180672,1382.7394165039063,1311.5822407689668,1330.6909193427127,53.46734753639385,-19.10867857374592,-84386138.05026709,494189337.0,95.56295603261631,61.45969409075931,26.6126785943911,1421.6669791714355,1218.695789383252,30.816640240029635,1168.1120584311493
2022-10-07,1339.8504060008383,1350.5036226697623,1334.1069778990357,1344.34326171875,3994466,1381.7685815429688,1316.6223978381643,1331.70220396316,52.628133530644384,-15.079806124995685,-83393182.75085609,490194871.0,91.79384155939415,83.0845927668255,25.391894700275028,1418.8783739256091,1219.1962598634532,29.78664056365085,1168.2495403542816
2022-10-10,1321.3231599222415,1357.1272565773293,1321.3231599222415,1354.9503173828125,5274677,1381.9816479492188,1322.5190008450331,1333.4242864386897,54.84084936362581,-10.905285593656572,-78759921.24083938,495469548.0,97.86366108286427,95.07348622495823,24.67611356751376,1411.0199968462425,1222.5154645795387,30.21645885589634,1168.43229109839
2022-10-11,1354.9502607640743,1370.6984944826747,1315.5333129003584,1318.9609375,12824774,1381.10623046875,1321.971606484259,1332.352927258046,46.84550347020393,-10.381320773787138,-89990990.31369615,482644774.0,55.194599460508876,81.61736736758908,23.444306290701125,1392.2794867411067,1230.8436211690496,31.998510479212054,1168.851401918939
2022-10-12,1331.1890112791366,1334.9870923135923,1309.4657563626213,1323.5001220703125,5481467,1379.4628540039062,1322.206762728267,1331.6971639108065,47.87765903719696,-9.490401182539472,-89443861.26837711,488126241.0,59.12559262401745,70.72795105579684,22.51256132041942,1365.8905625836985,1246.4635145647392,31.535855155766264,1169.0165624264334
2022-10-13,1325.6307926334148,1332.0689961838943,1310.8089249310146,1315.34814453125,4821514,1377.0580102539063,1321.1515906979566,1330.4861254382467,46.14466732688769,-9.33453474029011,-92206500.62103605,483304727.0,52.06587353158056,55.46202187203561,21.64736956230069,1356.7288246800426,1250.483907253551,30.801870591274366,1169.1584854097605
2022-10-14,1375.6544864907473,1383.9917864088732,1359.2114783188883,1365.696044921875,14990688,1375.6351098632813,1328.0045836554825,1333.0942676222194,56.594540297272765,-5.089683966736857,-99351594.90140991,498295415.0,85.79136965791155,65.66094527116984,21.262363322122805,1364.3991572725895,1246.6533695828793,33.50485425458499,1169.7449648461582
2022-10-17,1368.1510939053753,1384.918309687219,1366.8541578217337,1380.2401123046875,4286396,1374.6411206054688,1336.040818832283,1336.5865524135131,59.065474901651584,-0.5457335812300244,-97285353.68055654,502581811.0,95.75626179295001,77.87116832748069,20.932484721272548,1376.2886942239793,1245.2225240377393,32.48466929106779,1169.9184701578956
2022-10-18,1398.8136944110029,1399.693697529043,1387.0025191767377,1392.9775390625,4692004,1373.4850122070313,1344.8003142523164,1340.7636625356602,61.15128175929194,4.036651716656252,-97559357.01492348,507273815.0,94.62763369160592,92.05842171415581,21.06373440807141,1389.7108600659938,1242.3053508715063,31.553877572016912,1170.1225830973644
2022-10-19,1393.2555591731843,1394.1355623321988,1372.2270796763926,1376.0714111328125,3553171,1371.3645581054689,1349.611252233931,1343.3790513206345,56.99978514626692,6.232200913296538,-99865561.9643815,503720644.0,81.10414216779678,90.49601255078422,20.542469376207432,1397.2856802691285,1243.7070321332153,30.864920792287574,1170.26831966194
2022-10-20,1366.3908691505333,1393.2555031880693,1365.649730565025,1390.3837890625,4583939,1369.22001953125,1355.883950207557,1346.8608837459578,59.50612950756473,9.023066461599228,-96235319.32034288,508304583.0,92.5528501405904,89.42820866666436,19.782434529406032,1405.868958876605,1246.5782823343327,30.63212449448448,1170.4580738148181
2022-10-21,1389.828199601221,1395.10844529688,1381.5371486276476,1390.013427734375,3594485,1367.0171240234374,1361.1346390578367,1350.0573684858407,59.409629914258595,11.077270571995996,-95339760.53933576,504710098.0,91.63687133680865,88.43128788173192,19.142326572931264,1411.8000686004646,1252.9261765167228,29.413493935537904,1170.6106777186988
2022-10-24,1406.6877322168882,1409.7447873385477,1399.7399824693566,1406.0855712890625,982837,1365.4497094726562,1368.05016709341,1354.207605730524,62.269150434203844,13.842561362886045,-95075860.6843275,505692935.0,96.35096588601496,93.51356245447131,19.056484777588594,1418.7180556163019,1260.1260117665108,28.72191291186896,1170.6554808748187
2022-10-25,1415.5810886849038,1420.0276945709174,1409.0502705745596,1413.9136962890625,3914341,1363.71462890625,1375.1060946619718,1358.6302791052306,63.613699754803314,16.47581555674128,-95521791.12078376,509607276.0,94.47006955473563,94.15263559251973,19.310655201224456,1426.6553019297553,1265.7183797108696,27.666213652582247,1170.8406961093426
2022-10-27,1433.5798469445867,1437.4194355162388,1416.4420233482358,1427.164794921875,6760137,1362.7234985351563,1383.1151254711879,1363.7069099064636,65.8332387737241,19.408215564724287,-95370932.20985131,516367413.0,91.9856617940213,94.26889907825728,20.06625952177138,1436.6080042124076,1269.388309264155,27.36903690791039,1171.1765247196643
2022-10-28,1429.0846644032401,1430.910775357409,1411.2913428936322,1417.1444091796875,3053981,1361.4884228515625,1388.35039988788,1367.6652431859616,62.71770625082256,20.68515670191846,-96602724.59533799,513313432.0,84.15440144381495,90.20337759752393,20.4978369761192,1442.3989546844646,1276.1114457061603,26.81549373332942,1171.3236737542802
2022-10-31,1433.0646978798516,1448.189043482002,1433.0646978798516,1439.9947509765625,4542336,1360.5287890625,1396.2956846707543,1373.0229845037838,66.59950419003337,23.27270016697048,-96982417.06798752,517855768.0,94.09306636571566,90.07770986785061,21.400782426111913,1451.3219099235826,1281.6216935920424,27.11757520254264,1171.5603631264325
2022-11-01,1454.4167894786017,1474.9727126677476,1448.8446017512358,1473.0997314453125,4542692,1360.662939453125,1408.1116918668404,1380.436076869823,71.26711701139693,27.67561499701742,-93091006.5052482,522398460.0,98.86833685770759,92.37193488907938,22.893838486507377,1467.1423297677202,1282.1739422049359,27.679031380302813,1171.8188228375109
2022-11-02,1472.163207208946,1472.8655751513168,1446.8779612836015,1454.65087890625,2938906,1360.1659521484376,1415.2715667959803,1385.9334696132619,65.7525054928719,29.338097182718457,-94271853.88894048,519459554.0,87.62100092738636,93.52746805026986,24.171258956217237,1473.22299486029,1292.4459992803347,27.57494129326054,1171.9815257873865
2022-11-03,1441.0247609351713,1445.847709887298,1425.0107962035886,1433.5328369140625,3174027,1359.644013671875,1418.080992967993,1389.4593486725805,60.02666890343211,28.62164429541258,-94849605.09486346,516285527.0,64.20228586298461,83.56387454935951,24.2132638761297,1477.048782980743,1299.558638894257,27.72245139393203,1172.1427255786498
2022-11-04,1423.8869979524864,1423.8869979524864,1405.8127990939815,1417.8466796875,4509682,1359.424384765625,1418.0449447709943,1391.562113932945,56.11759995996452,26.482830838049267,-93354155.12441342,511775845.0,47.74563236248845,66.52297305095313,23.386696923650387,1479.4122716176241,1304.1795740855007,27.722278995799808,1172.3549213617582
2022-11-07,1424.776758364222,1430.8639469936122,1396.4010487186013,1411.712646484375,4898592,1359.172861328125,1417.0707450345915,1393.0547459737916,54.619667000651454,24.015999060799913,-93899934.44312924,506877253.0,42.134704920570236,51.36087438201441,22.226699077660893,1480.371330759152,1309.9574534205353,28.203751801457745,1172.5822994840903
2022-11-09,1431.8940649851572,1431.8940649851572,1405.7659555205155,1415.2244873046875,3334755,1359.350078125,1416.786705383837,1394.6969490353395,55.35442628026967,22.08975634849753,-94820286.96195386,510212008.0,45.34705858378506,45.07579862228123,21.187473899866458,1481.7301189032394,1314.6260822686356,28.055491634542314,1172.7398231908758
2022-11-10,1390.6886624597873,1415.9739108681472,1390.6886624597873,1406.5621337890625,3435763,1359.2910546875,1415.2136943692562,1395.5758516096894,53.07183945612504,19.637842759566865,-93942271.06653647,506776245.0,37.423424093568144,41.63506253264113,19.761453345366622,1477.812307701755,1327.3040130990262,27.857617118386425,1172.893156703461
2022-11-11,1448.4231314014712,1473.5678797946769,1448.4231314014712,1470.3837890625,7214098,1361.6163989257811,1423.7014012451398,1401.1171803098975,64.640797720841,22.58422093524223,-88555221.97739552,513990343.0,95.08867565322541,59.28638611019286,20.097275049323393,1481.4388174227136,1338.3658700772864,30.653912038902707,1173.2973273133746
2022-11-14,1475.1132495160641,1490.3312223650648,1468.8386936584686,1484.61865234375,4908813,1363.6483862304688,1433.0732860295414,1407.3024745346274,66.61753539742904,25.770811494913914,-86255868.14033099,518899156.0,94.26693771542467,75.59301248740606,20.806648982221663,1482.858876927294,1353.8728613539558,29.99952751516653,1173.5878717791738
2022-11-15,1477.641645412607,1496.3714570965585,1472.865566296739,1492.7659912109375,3497614,1366.3759838867188,1442.2567791343715,1413.6331053995393,67.72952098035887,28.62367373483221,-83831221.59903859,522396770.0,96.588407887951,95.31467375220035,21.60427715329499,1492.1740467748382,1357.2646861353182,29.535696321213177,1173.7986340620307
2022-11-16,1495.7157640347261,1506.8131531443157,1492.2975509853743,1501.0069580078125,4497697,1369.4759057617186,1451.295268191824,1420.1052426297817,68.85945738945415,31.190025562042365,-82931653.86173388,526894467.0,95.00002531569613,95.2851236396906,22.584001647442147,1502.6782628388964,1358.8371546415724,28.462832452479482,1174.080209882255
2022-11-17,1495.7627443908077,1501.007183218284,1482.4177533069233,1486.585205078125,3469515,1372.13361328125,1456.7244892512551,1425.0296842926218,64.5967655863085,31.694804958633313,-84845549.72753714,523424952.0,82.58080793556002,91.38974704640236,23.032294067063173,1509.0778623814058,1361.7983217006254,27.757589413828136,1174.2904077813
2022-11-18,1490.6119989981225,1496.5119353338391,1475.440897445847,1492.2041015625,3126064,1375.0185717773438,1462.1828911452928,1430.0055670533536,65.49304744881617,32.17732409193923,-82997691.77909967,526551016.0,87.41949136164251,88.33344153763288,23.1260954877943,1513.5464773359665,1368.9429757890337,27.279978590554133,1174.47838963367
2022-11-21,1481.6217342048546,1487.0065550778356,1464.7181477072463,1468.6044921875,3071764,1377.3842919921874,1463.1708297671707,1432.8647466929199,58.764029287649166,30.306083074250864,-84998232.26208924,523479252.0,67.09681073166905,79.03237000962385,22.72639527236992,1514.4284312448333,1375.8830921926667,27.294691109461244,1174.6542913068697
2022-11-22,1469.3538011186988,1487.1471231207734,1462.7983666968817,1484.384521484375,3399329,1379.727490234375,1466.4344746467405,1436.6810263071018,61.60470820415771,29.75344833963868,-82370276.69033067,526878581.0,80.68570072709997,78.40066760680382,22.267456814595842,1516.2767819404094,1383.4718508720907,27.084267203349132,1174.8517462825914
2022-11-23,1487.9900459529233,1490.8931441615555,1478.9997583994104,1482.605224609375,3245067,1381.37275390625,1468.9222823332998,1440.0828187739369,61.0936535853782,28.839463559362912,-83647867.03539689,523633514.0,79.15346849554277,75.64532665143724,21.969848680104036,1518.3648680891954,1389.0357300553358,25.999204243263126,1175.0437605695925
2022-11-24,1488.0834978738435,1532.098554135688,1484.1034129991024,1526.2923583984375,5282215,1383.4369116210937,1477.7484478817826,1446.468710597974,68.09262618388422,31.279737283808572,-79643680.33117625,528915729.0,95.89406676687251,85.24441199650506,22.88105380171732,1528.547431001679,1390.09103335379,27.677356049195254,1175.3860882659217
2022-11-25,1527.7907889701378,1539.5905476763803,1511.3085772600134,1531.7708740234375,4563255,1385.4485205078124,1486.0595903651142,1452.7873893702306,68.84941394671773,33.27220099488363,-77603811.38736911,533478984.0,94.74843878466126,89.9319913490255,23.90541466281622,1538.8878553816157,1390.2112168840094,27.720542789707515,1175.692934292245
2022-11-28,1524.6066619229134,1548.48717167662,1517.1147372942996,1520.298828125,3825766,1388.5192651367188,1491.3271654050966,1457.7882366853987,65.35385289709976,33.53892871969788,-80652998.41408612,529653218.0,82.1364956541598,90.92633373523118,25.065615292583463,1544.4864310959442,1394.928083064212,27.98139218917986,1175.9505638234634
2022-11-29,1518.2384235986972,1534.6738783664032,1512.4790982095546,1525.5899658203125,3131710,1392.4851025390626,1496.598365468976,1462.8105869916888,66.20606611297575,33.78777847728725,-80084790.24277529,532784928.0,85.48959304498615,87.4581758279357,25.887791430030067,1551.231229785963,1396.7428058585683,27.568062758299053,1176.1585562480411
2022-11-30,1517.067875616915,1541.2293784079006,1510.699808237202,1531.115234375,11868134,1397.5943432617187,1501.9086529929798,1467.8701905015637,67.11570876772777,34.03846249141611,-76080246.59184428,544653062.0,82.63918061488236,83.42175643800942,26.820521627003703,1558.0393762309825,1395.7362097065177,27.779599002041884,1176.952282045508
2022-12-01,1551.015656120506,1566.3741245282433,1547.3634343050076,1551.8585205078125,5407928,1402.8729614257813,1509.5932479952617,1474.0915482798043,70.34320089723342,35.501699715457335,-78930760.60496537,550060990.0,85.98551985102092,84.70476450362979,28.269747319328868,1568.4448424487482,1395.0515076489082,28.313834084270557,1177.3410527394296
2022-12-02,1550.8283861655038,1556.2600772064472,1530.1787233400257,1533.8779296875,4283343,1407.8243920898437,1513.3293528709905,1478.520169124819,64.43930567016622,34.809183746171584,-81999061.64854231,545777647.0,68.62567504101446,79.0834585023059,28.67400394142997,1573.3343574806922,1400.1965018943079,28.154371211567053,1177.6361342892376
2022-12-05,1533.9714931296692,1540.3864304174972,1520.2051280209669,1535.6103515625,3824966,1413.0198291015624,1516.7571988235304,1482.7490715276103,64.7463176949087,34.008127295920076,-79984517.87746882,549602613.0,70.2982883158511,74.96982773596214,28.542086311182807,1575.6156702314643,1409.6915563310358,27.584866296207288,1177.8933980018653
2022-12-06,1521.7972115384105,1522.7337021301264,1505.455496440047,1510.4656982421875,4822398,1417.8846752929687,1515.7892756571698,1484.8021549879493,57.04789966240882,30.98712066922053,-82010191.77502209,544780215.0,46.021706761649845,61.64855670617178,27.714082390888333,1572.0113390619586,1423.1711926763228,27.76843692665341,1178.1996780583954
2022-12-07,1505.8768710098102,1520.673468081389,1495.294481599639,1503.53564453125,4898087,1422.6572412109374,1513.9041016377976,1486.1898208800455,55.103259127027584,27.71428075775202,-83727227.15586208,539882128.0,39.33090009410823,51.883631723869705,26.488935872212384,1566.1205396923126,1437.893107768625,27.597761894874594,1178.5042697580452
2022-12-08,1503.535639045592,1520.7670887284646,1496.9802049295415,1517.2552490234375,4206837,1427.4299951171874,1514.4196627740498,1488.490963705482,58.14509455845256,25.928699068567767,-80762565.24143139,544088965.0,52.576861098347536,45.976489318035185,25.35476034739683,1554.5798047601425,1460.5031542242327,27.325556316592344,1178.7695381567426
2022-12-09,1524.6067189153207,1524.6067189153207,1461.9554740029873,1469.634765625,8880658,1431.0039208984374,1507.529678597273,1487.0942082921129,46.39526753950487,20.435470305160152,-87466182.30081522,535208307.0,7.354329502807796,33.087363565087834,24.201189253741884,1554.661672804329,1460.346383836296,29.848819787716703,1179.2840583240218
2022-12-12,1451.5604518684602,1466.4974314364129,1432.8775098440726,1448.938232421875,8037679,1434.1426147460938,1498.515609954904,1484.2678397091322,42.3863012822321,14.24777024577179,-87824430.3875772,527170628.0,12.030808882906282,23.98733316135385,24.025362266273593,1558.5627448834014,1452.8772697650363,30.342279501517464,1179.6937204865612
2022-12-13,1448.9380818821512,1477.3137902685858,1443.2723828460616,1472.3035888671875,6135067,1437.6754321289063,1494.4829913260244,1483.3815989060251,47.86351805666158,11.101392419999229,-83495277.04440996,533305695.0,29.533392375821652,16.30617692051189,23.40638917333065,1559.2673729246635,1450.126401489399,30.60650292444651,1180.0227542955747
2022-12-14,1481.5279921196093,1487.615180456384,1473.0995774994599,1479.0931396484375,4976020,1441.069833984375,1492.1153218371649,1483.0639352573148,49.36976921169149,9.051386579850032,-84362051.94958885,538281715.0,34.61932717447769,25.394509477735188,22.41132000723565,1559.292515356016,1447.909877222109,29.514009257642936,1180.3037195473094
2022-12-15,1469.6346699311841,1470.2901675909304,1437.7471208878828,1442.6636962890625,6443866,1444.100634765625,1484.5073794451491,1480.0713249633702,42.30715241131031,4.4360544817789105,-88858850.52512848,531837849.0,7.330662630016694,23.82779406010533,22.512940015809868,1562.7810038978066,1440.0292378014121,30.359152793565205,1180.6307934598594
2022-12-16,1428.1482204855195,1451.092241076926,1416.020712471429,1425.5260009765625,9630453,1446.12818359375,1475.4333212192125,1476.030930593977,39.44814244489209,-0.5976093747644882,-93269101.39309025,522207396.0,6.321963948208668,16.090651250901,23.1241668886336,1567.7643700345236,1428.3780616061015,30.695751065846046,1181.0831505593499
2022-12-19,1412.181012144378,1420.5626719468778,1400.1003743657811,1411.619140625,6222740,1447.400517578125,1465.6157549739492,1471.2596868925712,37.24840467947413,-5.643931918622002,-92485952.9030207,515984656.0,6.927591545847824,6.860072708024379,24.035115623031494,1573.6170829265761,1416.8268135577987,30.31931360477,1181.3511018694846
2022-12-20,1405.6723293748962,1419.719687763053,1388.300383774464,1411.572265625,7396259,1448.74509765625,1457.3013719971877,1466.8383964283066,37.24086659496304,-9.53702443111888,-88925580.55011249,508588397.0,13.06867691554462,8.772744136533687,25.12252367633456,1578.0032355255025,1405.1594353729351,30.39788434647134,1181.662915526748
2022-12-21,1418.783271447071,1424.4022150963663,1406.9366423896,1413.679443359375,6236361,1449.9196801757812,1450.590306052909,1462.9006962009782,37.8497592172784,-12.310390148069246,-90346692.52224903,514824758.0,15.11020832815964,11.702158929850677,25.913038423533354,1580.972883633499,1395.2972091399388,29.474147800778127,1181.935043647279
2022-12-22,1424.8703825134335,1432.783681993216,1415.7395995824402,1425.385498046875,6302640,1452.0481713867186,1446.71264328275,1460.1217926340078,41.25930790456952,-13.409149351257838,-89515522.20231666,521127398.0,24.38429763346718,17.521060959057127,26.250663866057288,1578.0283527769473,1388.151053961334,28.73344000313977,1182.220756611271
2022-12-23,1412.8834103737136,1414.007267754237,1398.1805527662816,1402.0201416015625,6283822,1453.6185717773437,1439.8368737933365,1455.8179666316046,36.90709180277764,-15.981092838268069,-92750411.70906661,514843576.0,10.065385305034178,16.51996375555365,26.981323285039974,1575.0169934741107,1378.187340021983,28.62426180867217,1182.4816179235738
2022-12-26,1405.2042873946561,1414.0073227883615,1401.3178281481162,1406.983642578125,4115459,1455.4512817382813,1434.7825305294577,1452.2006092943097,38.39375849346408,-17.418078764851998,-93190794.96344042,518959035.0,13.706816183087867,16.05216637386306,27.659789974971762,1571.6565293192548,1370.2162856221516,27.486064153784543,1182.654204090962
2022-12-27,1414.0537519180007,1424.8233924179633,1402.3944911907677,1418.642578125,4860076,1456.5102124023438,1432.2994609287719,1449.7148292076943,41.859282600106816,-17.415368278922415,-91009336.77903493,523819111.0,22.260296499924834,15.34416599601561,27.736673572953443,1565.4874471689213,1365.6906290029538,27.124838230456763,1182.8647821427103
2022-12-28,1409.511887986456,1428.101202329995,1403.3310732899588,1414.2412109375,5029860,1457.190234375,1429.5212686224222,1447.0871537802725,40.923383294860436,-17.56588515785029,-91608338.55789572,518789251.0,19.03127036335407,18.33279434878891,27.6408860594076,1557.2731798837349,1362.2174939443903,26.956644716855294,1183.0822572240938
2022-12-29,1408.4818930852164,1424.683226545259,1405.6724212240092,1421.17138671875,4624745,1457.754111328125,1428.2366714064729,1445.167467331271,43.081295077176264,-16.930795924798076,-88692239.07858749,523413996.0,33.09779010026411,24.796452321180993,27.55194051111503,1542.3261365860046,1364.095823863214,26.38908476002633,1183.283535172619
2022-12-30,1430.9575981689939,1433.2051984118561,1408.5286946315782,1412.4150390625,5060544,1458.4809838867188,1425.8025741227846,1442.741361533584,41.04141862786213,-16.938787410799478,-92158795.76442404,518353452.0,24.281029709267834,25.47003005762866,27.000144006701905,1529.7538702826378,1364.521801104081,26.266757547187158,1183.504205223171
2023-01-02,1417.846763951259,1429.552896414529,1408.5287282375762,1427.211669921875,3801140,1459.2175415039062,1426.0193580918753,1441.5910140067908,45.71866414383362,-15.571655914915482,-89204236.67030191,522154592.0,39.179747074379954,32.18618896130395,26.48776153831829,1513.9801990635267,1369.4556041591297,25.892286877884704,1183.672305986294
2023-01-03,1423.3250447880514,1435.3121687570185,1418.8767149717241,1425.8536376953125,4551130,1459.934345703125,1425.9938626462504,1440.425282428163,45.362970139739716,-14.43141978191261,-89891417.09765117,517603462.0,45.80235752897112,36.42104477087295,25.676980802945042,1502.7201943557488,1372.2544028122197,25.21679879984254,1183.8774119676445
2023-01-04,1424.4020950067627,1424.4020950067627,1396.4010053183051,1399.8660888671875,7059590,1459.8099560546875,1421.974205141779,1437.4208977199426,39.09478560410479,-15.446692578163493,-95203784.44003166,510543872.0,18.419116091777,34.467073565042675,25.78036206805508,1491.9565760321295,1372.651065569433,25.5193583410686,1184.1690053529135
2023-01-05,1410.2611937869729,1410.2611937869729,1375.938791008204,1381.5108642578125,9868404,1459.1618994140624,1415.749075775015,1433.2794137597848,35.376566022933616,-17.530337984769858,-101868014.75212514,500675468.0,9.384800833097016,24.535424817948364,26.50958159924996,1474.9819599681405,1376.0512431568595,26.148147229475768,1184.5431340139376
2023-01-06,1376.6412629511672,1381.3237162265114,1354.6337325570498,1356.5067138671875,6443714,1457.7487377929688,1406.6348662507337,1427.5925471010737,31.044999946689032,-20.95768085034001,-107407347.83984444,494231754.0,2.3215389369909496,10.041818620621639,27.73550726004002,1473.544764364934,1366.1756335842847,26.200217548853402,1184.7568464675296
2023-01-09,1356.2256767734436,1394.7622888379901,1356.2256767734436,1390.1734619140625,11498717,1457.2093188476563,1404.1023425066305,1424.8207630131471,41.44161797456781,-20.718420506516622,-98647097.94078445,505730471.0,44.051088532410674,18.585809434166197,28.100214762566086,1470.3509193034583,1363.493001594979,27.08138858568862,1185.1713455445192
2023-01-10,1387.8789916306982,1389.6583465347892,1361.7041265507055,1376.406982421875,7158624,1455.9375634765624,1399.8415178782066,1421.2345570434231,38.86142909489688,-21.393039165216578,-98275394.35748416,498571847.0,26.98769447000464,24.45344064646874,28.438871729197434,1461.9022221774633,1362.3520380764428,27.180527641236363,1185.42262894145
2023-01-11,1376.6411543516356,1399.1169283002337,1371.022210864486,1377.811767578125,6173092,1454.0318041992186,1396.452325524348,1418.0180541200677,39.27689982493868,-21.565728595719747,-101464825.22415082,504744939.0,28.728909622921233,33.25589754177883,28.203276261605424,1448.4587154073597,1365.6674076395152,27.24582691227289,1185.64642019905
2023-01-12,1387.8321104596064,1390.6884523345761,1362.5937361257968,1386.56787109375,6591385,1452.6701440429688,1394.931640227333,1415.688410932933,41.92596598978373,-20.756770705600047,-96806923.88564982,511336324.0,39.58199990087632,31.766201331267382,28.266296096859566,1443.1512294136362,1365.3653111137075,27.30646186202335,1185.8815481077795
2023-01-13,1389.2837450958568,1422.903779047324,1374.768141422796,1408.154052734375,11610426,1452.162568359375,1396.9658575361086,1415.1303103256325,47.954001945609406,-18.16445278952392,-92311833.3970458,522946750.0,66.33782544405086,44.882911655949464,26.68124532603781,1441.1019596538779,1365.677386049247,28.794260130773687,1186.3411114071375
2023-01-16,1414.1007294931478,1430.9575593811455,1406.8897979903595,1428.6163330078125,6073063,1452.3779614257812,1401.8351614548324,1416.129274968757,52.940586992454605,-14.294113513924685,-87420302.40840739,529019813.0,91.70058808203744,65.87347114232152,24.86244390049357,1443.3938372012444,1365.0852277401618,28.456653077917423,1186.6031802354737
2023-01-17,1430.0211622901613,1444.2557738432447,1427.21169045855,1441.727294921875,5922644,1452.9782543945312,1407.9724127574543,1418.0254245949138,55.858851973179995,-10.053011837459508,-83254899.34354906,534942457.0,97.17873094042193,85.07238148883674,23.54394637333893,1448.1062144299517,1363.388353441142,27.641469528401508,1186.8750619715365
2023-01-18,1446.6439437557135,1453.2930045630997,1441.8209940041047,1447.252685546875,5843098,1453.618818359375,1414.0155316481344,1420.1904068876515,57.06716890123747,-6.174875239517178,-83564894.69742343,540785555.0,93.87759620215496,94.25230507487144,22.668803380938794,1453.4146751932528,1361.4372168965908,26.493200965031736,1187.1530909253593
2023-01-19,1442.1017737225477,1451.1389300985147,1429.2250290804857,1441.165283203125,6165284,1454.3108813476563,1418.1924165027483,1421.7441014295384,55.27203681853807,-3.5516849267901307,-83011606.98920247,534620271.0,87.70746923894697,92.92126546050794,21.278272739495158,1455.9185270462874,1360.5113435591813,26.1661081116744,1187.4379969933855
2023-01-20,1440.3224696586608,1446.8779035257678,1427.2116019244468,1428.6632080078125,6496429,1453.4764697265625,1419.8033075035273,1422.256627842744,51.67669958142113,-2.4533203392165888,-88549009.1169694,528123842.0,75.03549736939388,85.54018760349861,19.89595680320215,1457.966975166538,1361.1272020795557,25.701836218077734,1187.7301057362097
2023-01-23,1437.5130007248517,1454.6508235941217,1431.0511930372077,1449.6873779296875,4855020,1452.7778442382812,1424.4008567998596,1424.2885352565916,56.76938670163118,0.11232154326808086,-85736192.9482223,532978862.0,95.03740249494514,85.92678970109533,18.9547519900068,1463.1330638855927,1360.231486895657,25.722249030094268,1187.9575720442217
2023-01-24,1460.9253950530808,1469.1665583932827,1451.326366015072,1453.33984375,5200802,1451.9893212890624,1428.8530086383428,1426.440484033881,57.605286267788294,2.4125246044618507,-89763050.31704678,538179664.0,86.18150340068196,85.41813442167364,18.67707140076749,1467.9380160660235,1358.8962612777264,25.27631556105862,1188.212912581143
2023-01-25,1448.7509673063582,1457.1793827593365,1441.024919807795,1445.0050048828125,4158617,1450.8692822265625,1431.337931137492,1427.8156337263943,54.9921667953078,3.5222974110977248,-91872493.72284384,534021047.0,78.90425444927196,86.70772011496634,17.893048907050016,1471.1913026292254,1358.719354109056,24.62475466037883,1188.4090247087693
2023-01-27,1447.814426771755,1452.450009383952,1411.6659134946801,1422.669677734375,6209955,1449.5909716796875,1430.0043536908586,1427.4344518010596,48.62642444581076,2.5699018897989845,-94731491.47987163,527811092.0,58.830779437850516,74.63884576260146,17.328253205343497,1471.3031201625674,1358.7573656772763,25.778993319585474,1188.680123620012
2023-01-30,1431.7067500905264,1445.9413602414752,1423.4655878024885,1441.0716552734375,6964719,1448.5683227539062,1431.7070154727937,1428.4446150212357,53.41145018776211,3.262400451558051,-90784789.04035747,534775811.0,73.85606984866888,70.53036791193044,16.803800053758874,1473.8450209775713,1359.0811264833662,25.59989969012224,1188.9934171070092
2023-01-31,1450.5302621810438,1450.5302621810438,1416.9102279600907,1436.3424072265625,9448126,1447.9230810546876,1432.4201526656811,1429.0296366660748,52.06918735379653,3.3905159996063503,-89310994.08349007,525327685.0,69.20026094050955,67.29570340900965,16.5790771332909,1474.7796596992475,1359.0595614921585,26.172766442324445,1189.4133431054238
2023-02-01,1444.2556654298946,1456.2896603261233,1431.0044157396635,1452.5904541015625,6194199,1447.2871997070313,1435.5232759635091,1430.7748824020368,56.1467336065517,4.748393561472312,-84929205.43361488,531521884.0,84.44621814545175,75.83418297821005,16.068720112152032,1478.0824922008592,1358.430410631172,26.109372024048405,1189.7013426388212
2023-02-02,1453.4334155485399,1486.1637163893859,1453.4334155485399,1483.1669921875,6916834,1447.2984350585937,1442.8530784595077,1434.6557794231821,62.59553983379088,8.197299036325603,-79278955.81052104,538438718.0,97.30983550936863,83.65210486510996,15.590767097449755,1487.8798751501247,1356.963118013938,26.64250704288947,1190.0566784963253
2023-02-03,1496.0437650760916,1502.7396958709587,1473.099744891826,1497.8231201171875,7040194,1446.7290502929689,1451.3100079453045,1439.3348416968122,65.23454881616858,11.975166248492314,-74574369.39277476,545478912.0,94.87054669594346,92.20886678358794,15.749907766746443,1498.6065552662878,1357.8676634837122,26.856610181192558,1190.4389784496466
2023-02-06,1496.5118898904536,1496.5118898904536,1462.4236112121387,1470.149658203125,4570612,1445.4966259765624,1454.208415677277,1441.6174206972798,57.04987950570553,12.590994979997049,-77073139.43074398,540908300.0,64.21578546811048,85.46538922447418,15.38695136273384,1498.3008855630032,1369.5376276205907,27.466817232896577,1190.6744191819973
2023-02-07,1469.3537888869607,1475.9560935124825,1456.3365463513178,1463.1729736328125,4336238,1444.3541088867187,1455.587578439667,1443.2141283221342,55.17055780648224,12.373450117532684,-78387454.90432271,536572062.0,56.55531020478193,71.88054745627862,14.765938608169149,1499.8598570230527,1375.2786073324162,26.90629794205859,1190.8886808385348
2023-02-08,1466.0760165337158,1501.194413608142,1466.0760165337158,1489.48828125,7983338,1443.6320751953126,1460.803071179718,1446.641843353828,60.46125948593248,14.16122782588991,-75726342.23765601,544555400.0,85.44980314289634,68.7402996052629,15.110597362873069,1502.7480945942073,1383.698499644074,27.700236658720797,1191.3115994038913
2023-02-09,1494.8262476746913,1516.8806469975686,1485.3209595535925,1514.3052978515625,6904911,1443.2958764648438,1469.0341829753866,1451.653951094401,64.69315253920706,17.380231880985548,-69948347.12861124,551460311.0,97.55229228809912,79.85246854525913,15.91705280550651,1509.3075146589497,1390.7884326066753,27.97591171481046,1191.7011002323354
2023-02-10,1510.5125572743648,1513.6498924248972,1495.0604614564386,1506.39208984375,4786762,1442.3865478515625,1474.781553262827,1455.7086280387973,62.39973926515749,19.072925224029632,-68899340.59384137,546673549.0,90.0312847786373,91.01112673654426,16.665904287951847,1512.5821060661315,1399.4962630744935,27.352263477689995,1191.970149574274
2023-02-13,1495.5754417061576,1495.5754417061576,1466.544234008668,1467.902099609375,4001199,1441.06703125,1473.7231757776806,1456.6118481551364,52.627071909660565,17.111327622544195,-72526246.4855217,542672350.0,53.44896502841115,80.34418069838252,15.993391636195524,1511.2851006767442,1406.768073151381,28.24480578893229,1192.1743495428534
2023-02-14,1484.0565585430722,1494.6389476968263,1477.9226139084933,1492.0635986328125,5043736,1440.1960961914062,1476.5447792938548,1459.2379037460755,57.16247101785821,17.306875547779327,-69036604.93604036,547716086.0,76.4129532637415,73.29773435692998,15.368915602421795,1514.3911797478422,1410.006720642783,28.137094524540792,1192.441757183219
2023-02-15,1483.4009456827828,1497.4483031229606,1475.909021714688,1495.6221923828125,3465747,1439.8992260742189,1479.4797659229253,1461.9330362376857,57.80324309026507,17.546729685239598,-66158513.36422055,551181833.0,79.79517325473002,69.88569718229421,14.901774325726835,1518.1345357424009,1411.652854394318,27.66582215909307,1192.626123856996
2023-02-16,1498.3849499152032,1511.917193267045,1496.3714722752147,1500.0706787109375,4290289,1439.8299267578125,1482.6475986595426,1464.7580467912599,58.63619170893272,17.88955186828275,-68406997.4600606,555472122.0,83.18505769158651,79.79772807001933,15.029603442947307,1522.2331569006317,1412.8360325524934,26.853620639460168,1192.8641089566129
2023-02-17,1492.7659027830766,1493.7023933117987,1475.4408280017171,1483.2137451171875,2857734,1439.1490966796875,1482.734698114565,1466.1251355561435,54.26490600453486,16.60956255842143,-68831979.4869536,552614388.0,66.32313617915342,76.43445570848998,14.161120667906403,1523.343172085697,1415.930863558834,26.694779930157324,1193.0128908500826
2023-02-20,1484.2907734230373,1501.1944749661757,1481.9964171141442,1491.314453125,2417716,1439.5826904296875,1484.0546604238625,1467.9910109316143,55.9638605528621,16.06364949224826,-68902753.42378668,555032104.0,70.22902204943325,73.24573864005771,13.65758947588934,1523.7922303693322,1421.746929786918,26.159299781719767,1193.1418347718425
2023-02-21,1497.1674632827064,1499.9301791189498,1475.9091725773583,1479.1868896484375,2723288,1440.1876635742187,1483.3057726122588,1468.8203352810085,52.801484045071774,14.485437331250296,-70882844.62629947,552308816.0,40.59038276648374,59.04751366502345,12.908490446663876,1524.2074157907841,1424.281695537341,26.006564550282036,1193.2837845059244
2023-02-22,1463.7347048279285,1474.9725912373558,1456.5237734422892,1462.6109619140625,3656244,1439.9938110351563,1480.121955581767,1468.3603816982718,48.746938127580776,11.761573883495203,-72126332.79836324,548652572.0,10.36338057014849,40.394261795355156,12.58580643836467,1524.0547888706233,1425.361434273908,25.767746811415343,1193.4608963189519
2023-02-23,1470.149760417762,1470.149760417762,1449.827959919277,1452.2159423828125,4766854,1439.4562670898438,1475.828722781928,1467.164497304534,46.34358351631451,8.664225477393984,-75772895.93052574,543885718.0,3.5613523746591893,18.171705237097132,12.548009938661963,1523.6412763483047,1426.4960405462264,25.37875064620604,1193.6852511629443
2023-02-24,1460.9253538063083,1469.353769309037,1446.877994635094,1452.169189453125,2790986,1439.646376953125,1472.1887945774968,1466.0537337599853,46.33251919877554,6.13506081751143,-77249787.01058352,541094732.0,7.558563339333437,7.161098761380362,12.629951603173422,1520.2053277467624,1432.8819403196437,25.171395219615828,1193.8158047577642
2023-02-27,1442.1954037249197,1442.1954037249197,1406.6087638927463,1413.4451904296875,4920268,1439.4047607421876,1463.1513170162953,1462.1568046244076,38.19800296300679,0.9945123918876106,-80279623.60808557,536174464.0,6.199609859244549,5.773175191079049,14.031497335810938,1524.5924811725708,1425.7321404094605,26.627754529670316,1194.0146406808171
2023-02-28,1419.3450289458724,1427.211572286581,1387.2234722547096,1393.0765380859375,9679811,1439.0339086914062,1452.37058179624,1457.03974784378,34.74277216032033,-4.669166047540102,-87125763.04221034,526494653.0,4.5142629729792745,6.090812057185744,15.818240465248076,1531.912854615152,1414.0851800528167,27.582064922684683,1194.3734048581066
2023-03-01,1397.6185297683587,1405.5318292458812,1387.4107598361636,1401.0367431640625,5125043,1438.8231982421876,1444.4730681605204,1452.8913771267642,37.13600538399236,-8.418308966243785,-84543341.44463909,531619696.0,10.925936913153384,7.213269915125726,17.477359085439705,1536.7287541633161,1404.1139094109028,26.90627952890132,1194.558749660765
2023-03-02,1390.6885444623579,1394.0598877672114,1374.1127065281696,1378.6546630859375,4644499,1438.1227026367187,1434.3471596875074,1447.3923612718881,33.424253090089024,-13.04520158438072,-87072743.33514796,526975197.0,3.2959424364566656,6.245380774196431,19.33968189926756,1542.2617903451526,1388.12964031891,26.90754789368643,1194.713470023752
2023-03-03,1392.3273951584142,1395.183737206485,1379.4506494490292,1385.3505859375,4615015,1437.3220043945312,1426.8092252644294,1442.7966742100816,35.5012218599351,-15.987448945652204,-88226480.3186395,531590212.0,8.154944498015483,7.4589412825418355,21.000486172418373,1542.486614717592,1376.657562528502,26.166228338462215,1194.8705448493542
2023-03-06,1399.6320097355872,1423.8402678058542,1398.3209000903332,1411.712646484375,6561742,1437.5158544921876,1424.4866746828825,1440.494153637807,43.03596204350383,-16.00747895492441,-87901438.46515964,538151954.0,27.284989658902205,12.911958864458109,20.96393834012675,1541.9520436382659,1371.3484324359529,27.046475019168785,1195.1220590116704
2023-03-08,1395.8860508113924,1400.989878639518,1387.0361464232192,1397.8994140625,4137080,1437.334169921875,1420.3963268951313,1437.3389877433399,40.374475142277795,-16.94266084820856,-85596914.65788287,534014874.0,17.261199614932455,17.567044590616707,21.280306033908857,1542.3562982319552,1364.4168218852321,26.87719109359643,1195.2686323153844
2023-03-09,1400.0534774989967,1403.1906982137984,1380.9490459792826,1386.3807373046875,5104656,1436.6889331054688,1415.1631592658323,1433.5643025256618,38.25016424592169,-18.401143259829496,-88208328.2115013,528910218.0,9.65365128869966,18.066613520844765,21.758412669809932,1540.1365246888915,1356.3258410337646,26.546081175090677,1195.4445555978136
2023-03-10,1367.2761402837575,1380.6680002615576,1365.0754104557427,1378.0926513671875,3699580,1435.9659619140625,1409.4600042045024,1429.4552913287378,36.7517710333706,-19.995287124235347,-85730829.9030341,525210638.0,9.563128396645034,12.15932643342571,22.657892025347998,1532.9179712193388,1349.92312985488,26.171741580365968,1195.561683868833
2023-03-13,1371.209495287346,1384.414104244787,1337.308581183309,1343.9576416015625,8798403,1434.4216870117189,1399.3827176502039,1423.1221320896877,31.311432778451064,-23.73941443948388,-92045400.46347949,516412235.0,4.088669956917434,7.768483214087368,24.163450846885485,1529.0248540082687,1337.5728022417313,27.667011686159697,1195.8095340843986
2023-03-14,1349.4829529668243,1356.3661360049541,1321.3882350008253,1329.816650390625,7402784,1432.7697192382811,1388.6802457641147,1416.210614926794,29.371702874071346,-27.530369162679335,-95880575.38450141,509009451.0,5.487808521864945,6.379868958475797,25.887432708589557,1530.6779726621176,1322.1111386660073,28.189218066014636,1195.9922090254624
2023-03-15,1346.673471098705,1351.2154276056997,1326.866672217267,1329.4888916015625,7556182,1430.815263671875,1379.5738835852603,1409.7867835693696,29.326355140403322,-30.2128999841093,-101809243.64956303,501453269.0,5.445397644339402,5.007292041040586,27.488273008743338,1526.0915250944292,1310.4401155305707,27.91489930333021,1196.178178465977
2023-03-16,1327.7563810512163,1327.7563810512163,1309.869319640301,1314.9263916015625,7323117,1428.59671875,1369.6281155877682,1402.7600878680507,27.30893003398893,-33.131972280282525,-104991543.01619388,494130152.0,3.1708871753738412,4.701364447192721,29.311797623553087,1519.8604962072673,1298.6015643396076,27.32237592175387,1196.3343380159754
2023-03-17,1339.1815763954655,1351.262328164951,1321.7628738597364,1330.47216796875,9090018,1427.2088403320313,1363.604123646381,1397.405427134769,32.63645423583492,-33.80130348838816,-108714164.087483,503220170.0,15.569755933587567,8.062013584433595,29.697254858647636,1508.1823176914127,1293.3198917812438,27.966201681870626,1196.554701883246
2023-03-20,1329.5357333317868,1329.5357333317868,1296.8990569629539,1314.505126953125,8221829,1425.8687255859375,1356.0504318474186,1391.264664158351,30.189129141189696,-35.2142323109324,-108065353.49260963,494998341.0,13.51065164113132,10.750431583364234,30.614607197534294,1499.0138268749888,1285.6175207812612,28.366695205008163,1196.7233756889725
2023-03-21,1310.1501135735837,1315.7690561621766,1301.7216996906943,1302.377197265625,8536755,1424.7861352539062,1347.7930111425273,1384.6804073514825,28.4443834596251,-36.887396208955124,-115805400.27044165,486461586.0,4.315493972600248,11.131967182439704,31.46643436935762,1486.2378453245296,1279.499776745783,27.343885295470603,1196.8875067471292
2023-03-22,1313.8962766555696,1317.8763615991093,1294.370471031391,1301.01953125,8356487,1423.003056640625,1340.5970911590616,1378.4833054180392,28.24757053784151,-37.88621425897759,-119434324.6095884,478105099.0,5.135607210530922,7.6539176080874896,32.41956245580797,1473.2184283892148,1274.7024578412538,27.06974281491687,1197.0444854379234
2023-03-23,1296.0560938352812,1296.0560938352812,1282.9920959575372,1287.253173828125,7607718,1421.21998046875,1332.39033464661,1371.7255178928604,26.263230876131118,-39.33518324625038,-122079231.20700873,470497381.0,3.025298670668324,4.15879995126649,33.548170899810955,1462.5398254498566,1267.8452819720185,26.42386370617015,1197.1662225005923
2023-03-24,1299.848758187791,1310.1032829954124,1290.0156083600016,1292.965576171875,7559127,1419.523056640625,1326.3249871889584,1365.8914481357504,28.50752450784408,-39.56646094679195,-127418172.77085537,478056508.0,7.0810150273575925,5.080640302852271,33.79251757953496,1450.78011688259,1263.6799539181911,26.16859552482138,1197.298620314089
2023-03-27,1298.2102902565748,1307.1069522998118,1286.8319048851017,1300.73876953125,4170193,1417.806474609375,1322.3886460108492,1361.0653237946763,31.56012618487118,-38.67667778382702,-125867608.7819234,482226701.0,14.764459187201851,8.290257628409249,34.10130781281141,1435.4365422086173,1263.8804865999766,25.747627802670575,1197.3718974902213
2023-03-28,1303.6886115005107,1309.213929201167,1288.4706384321853,1290.1094970703125,6633366,1415.4455834960938,1317.4226230969207,1355.8093366299086,29.69308508660086,-38.38671353298787,-131452814.26679285,475593335.0,5.921367619234957,9.255613944598124,34.26177930073483,1427.7604796193623,1259.222979853294,25.39017515740709,1197.4855908502107
2023-03-29,1291.4204409159593,1301.6282105568607,1277.8881984840543,1295.6815185546875,8813966,1412.7868872070312,1314.077837782731,1351.3554241798922,31.965250087260273,-37.27758639716126,-127054510.81649017,484407301.0,16.703279773653044,12.463035526696608,34.705152661367585,1422.1192656820815,1255.1246918374497,25.2723063656499,1197.6298278968763
2023-03-31,1314.8328144023399,1339.1346999670975,1305.3742821195383,1337.26171875,8711975,1410.6975756835936,1317.6445887007721,1350.3114459999001,45.992034424446935,-32.66685729912797,-119309192.42675501,493119276.0,55.73622664077997,26.12029134455598,33.12870157793254,1413.8702971192517,1256.9961579588733,26.57094029756134,1197.825619267836
2023-04-03,1343.863950499421,1343.863950499421,1315.9097302114565,1321.2476806640625,5242764,1408.1774755859376,1318.1989105412783,1348.1585744935417,42.36898428565484,-29.959663952263327,-122549710.31304348,487876512.0,55.250537348106185,42.56334792084639,31.454048689494293,1408.628939955961,1256.4968168799764,26.669746011161568,1197.9429325744109
2023-04-05,1311.0869561116274,1336.8404498923917,1311.0869561116274,1333.141357421875,7506334,1406.0169970703125,1320.4977485229085,1347.0461880437886,45.7849355018512,-26.548439520880038,-117199714.69702792,495382846.0,75.30332445252311,62.09669614713641,30.079458709927497,1402.074162652132,1257.830671332243,26.60429942327605,1198.1105461283742
2023-04-06,1326.070630109961,1337.6831358925422,1320.779435593794,1331.595947265625,6948465,1404.0756518554688,1322.2051637140958,1345.9017257639246,45.4083157491559,-23.6965620498288,-115255670.7853105,488434381.0,73.19711867812964,67.91699349291963,28.76108922148503,1387.5984478191524,1264.2947162433477,25.91139948580977,1198.2689127988015
2023-04-10,1333.5157464016077,1342.9275226746292,1325.1342012444914,1336.9339599609375,4993788,1401.8205834960938,1324.471132367456,1345.2374468155551,47.02914763620552,-20.766314448099138,-113626131.74516863,493428169.0,80.47217968195682,76.32420760420318,27.266594317103404,1375.362460672419,1270.4341579799245,25.331536767547494,1198.386787023249
2023-04-11,1338.1513511220319,1342.3186882844154,1300.7853558338913,1316.84619140625,6942255,1399.0907104492187,1323.2980645272703,1343.1343908593103,41.9782082842617,-19.836326332040016,-115199281.5239969,486485914.0,59.04895621822063,70.9060848594357,26.832971011984682,1363.0731403035813,1275.7700237589186,26.48880788776011,1198.5323423003028
2023-04-12,1323.3079968731429,1340.58620152549,1311.086749658181,1337.5894775390625,5831169,1396.9423999023438,1325.4967434521614,1342.723656539292,48.16873242770913,-17.226913087130697,-110552839.89383507,492317083.0,90.4897287735393,76.67028822457225,26.430320800088726,1352.9858751301329,1281.8069715495546,26.70385388629932,1198.6641470470968
2023-04-13,1320.2175832221326,1321.4350666922073,1295.1664604335588,1300.97265625,11267238,1394.5084594726563,1321.7238069595212,1339.6309898511963,40.046294694549786,-17.90718289167512,-116839243.39547572,481049845.0,34.98930601134942,61.50933033436977,26.613818996481463,1349.3203358136057,1281.1740123309255,27.826651259099634,1198.8717889275933
2023-04-17,1170.8943052697248,1181.0552059573615,1110.0224130276456,1178.38623046875,53171705,1389.2547509765625,1299.671872114787,1327.6869336006448,24.905192271768314,-28.015061485857814,-67663269.70434037,427878140.0,29.235104327585898,51.5713797041582,29.591803974394526,1375.7594123660715,1239.591893786272,39.47833639933212,1198.4878552092791
2023-04-18,1189.296038916163,1189.296038916163,1173.5161971974424,1179.3692626953125,12430884,1384.1152880859374,1281.1637783579447,1316.700439459509,25.149591252779018,-35.53666110156428,-70872416.30730332,440309024.0,29.65548824961735,31.293299529517544,32.046303800889426,1387.3899773901,1212.9493658716185,37.78558677928845,1198.4503217634401
2023-04-19,1174.6870162100558,1174.6870162100558,1151.3216203738693,1153.9437255859375,11307230,1378.142353515625,1261.5914625468668,1304.6443865799852,23.059230001634802,-43.052924033118416,-79641812.4161149,429001794.0,18.78251102569542,25.891034534299546,34.50505959709051,1399.7359686904506,1184.5051079697055,37.09001931801379,1198.3765214660248
2023-04-20,1152.5389495905642,1159.2348803248456,1143.829655496165,1145.70263671875,8621249,1371.39306640625,1243.7624124194642,1292.8709236273012,22.409079972363287,-49.108511207836955,-86166702.85312049,420380545.0,15.258291609295888,21.23209696153621,36.847415850710604,1406.3047255620743,1159.4593979730819,35.54110542591855,1198.3052581236673
2023-04-21,1150.1041013596518,1154.9270508901977,1142.518550242077,1149.4017333984375,8691352,1364.424638671875,1229.2453848777677,1282.2435762029409,23.45234925434282,-52.99819132517314,-85215605.79519013,429071897.0,16.840173391155957,16.960325342049078,39.03329632967439,1409.9929092228647,1139.2608749568228,33.88877651321871,1198.23268475489
2023-04-24,1150.0104453082618,1151.8834264895454,1140.6455394018426,1148.41845703125,8313774,1357.9900146484374,1216.8104729013805,1272.3306044124454,23.36242681596049,-55.52013151106485,-82028591.4375241,420758123.0,16.419685064822495,16.17271668842477,41.079517442845024,1412.251436429187,1121.606473727063,32.270855839967574,1198.160701389066
2023-04-25,1148.090668468442,1157.0341999172645,1137.8361415616966,1147.107421875,6808576,1351.6687036132812,1206.0869265896297,1263.0548131133753,23.234506772171088,-56.96788652374562,-82261063.18142651,413949547.0,15.85903396304455,16.372964139674323,42.73340179841234,1412.5980805581512,1105.8686186605987,31.33708459108188,1198.1022955510632
2023-04-26,1150.0103642668273,1154.6928168900636,1143.0335555852816,1149.5889892578125,5680192,1344.8707177734375,1197.3949362308886,1254.6499372722224,24.08185640037611,-57.2550010413338,-81553865.63249028,419629739.0,16.988281747076446,16.422333591647817,44.26915155715342,1412.2831934480323,1092.4170873136864,29.931525784917596,1198.0553756600814
2023-04-27,1151.8833473075476,1168.5529244021643,1147.5755137502608,1167.101318359375,8020704,1337.9266381835937,1192.7343796352711,1248.164854389789,29.95756632815035,-55.430474754517945,-74643203.53299223,427650443.0,24.507365002959535,19.118226904360167,44.98808525312055,1408.9793414048077,1083.134513575661,29.291946132559445,1198.0054410944579
2023-04-28,1175.9512001745147,1179.0416648802322,1165.8839262289528,1173.1885986328125,10118277,1331.262568359375,1189.7273364041237,1242.61105766705,31.92970068552333,-52.88372126292643,-73526921.04897003,437768720.0,27.120996057539678,22.872214269191876,45.13948000429317,1403.5237365003754,1075.8351013902497,28.13950274103945,1197.9624145775474
2023-05-02,1174.8741618938295,1198.473675951063,1174.8741618938295,1196.3197021484375,8886401,1325.8309204101563,1190.7415465186334,1239.1820683693752,38.96252209380359,-48.44052185074179,-66262678.4465712,446655121.0,37.149665454343925,29.592675504947703,44.38227933187614,1398.1596861732723,1071.8201722251652,27.935615210840233,1197.9503746959942
2023-05-03,1185.597028992456,1191.684217529937,1181.9446930064287,1188.5469970703125,5549783,1319.7605883789063,1190.403923526584,1235.4313223472222,37.558291976697376,-45.027398820638155,-64288201.96837354,441105338.0,34.05763956008255,32.776100357322036,43.679164421774615,1391.5105854836304,1067.7558207663694,26.967000491637986,1197.9405500078906
2023-05-04,1188.3596544940103,1194.7747063063484,1182.3193360882024,1192.6676025390625,4505401,1313.7014965820313,1190.752181836196,1232.2636393984699,38.81720027605022,-41.51145756227379,-61307179.16893526,445610739.0,39.09188408492618,36.76639636645087,42.87717444322918,1377.166942562553,1067.640052066353,25.930455472102846,1197.9344962590178
2023-05-05,1197.7714391140978,1197.7714391140978,1174.5932975049705,1179.13525390625,5373791,1307.2827880859375,1188.964962154666,1228.3282034360832,36.23358715835784,-39.36324128141723,-64574888.944375224,440236948.0,78.13663546946023,50.428719704822974,42.32592575505961,1364.1943441273809,1066.401407825744,25.73386162474745,1197.9218121063416
2023-05-08,1182.2725657925323,1189.6241087896717,1175.4830086350073,1185.2225341796875,5260842,1301.3229638671876,1188.3892040046694,1225.1351908985725,38.225397734645455,-36.74598689390314,-62589038.04422973,445497790.0,78.14696473922068,65.12516143120234,41.814051973187865,1347.0236313901619,1068.7802382387445,24.905807234027233,1197.9090734076892
2023-05-09,1185.597075154084,1191.2160186382266,1180.6336293493457,1189.99853515625,4969897,1295.2966455078124,1188.636793412605,1222.5324756584005,39.813865089410065,-33.89568224579557,-58762695.17731814,450467687.0,86.02327604484667,80.76895875117584,41.24711797473954,1327.9378098408804,1073.7063185770883,23.882705952231067,1197.9002484243729
2023-05-10,1195.3366025408352,1195.3366025408352,1179.1821399903547,1183.021728515625,6515734,1289.3733422851562,1187.772937274608,1219.6057536478247,38.26591346468547,-31.8328163732167,-62181113.19767022,443951953.0,74.51752022729401,79.5625870037871,40.47421923587778,1303.9398263548276,1082.31307891861,23.33068856639174,1197.8871389955052
2023-05-11,1189.5770469129602,1194.868241053851,1173.469456185083,1176.32568359375,6888461,1283.64763671875,1186.0118213237067,1216.3998225327082,36.78758585627637,-30.38800120900146,-67230683.6968876,437063492.0,63.474780793203074,74.67185902178124,39.940669275502664,1281.3751987203784,1090.825655771809,23.192695445132916,1197.8683808236112
2023-05-12,1173.7503403280073,1176.232063006008,1160.3585948254781,1166.117919921875,8292212,1277.9256762695313,1182.9512211080403,1212.675237154128,34.59351700600898,-29.724016046087627,-69505616.53229749,428771280.0,46.64071295936138,61.54433799328615,39.84671865986785,1242.8975674033577,1112.1561313271109,22.676580682499985,1197.8265489342014
2023-05-15,1170.5195619036792,1188.312882362726,1166.5394770641556,1178.432861328125,5534710,1272.4509497070312,1182.2560888342073,1210.1387648707203,39.297261001690636,-27.882676036512976,-68993827.88709418,434305990.0,66.94981940681882,59.02177105312776,38.998469534346306,1204.195613726556,1138.6041055117253,22.642179379525057,1197.8080757936648
2023-05-16,1184.660624654707,1193.042169908385,1182.5535207768626,1184.005126953125,5236469,1267.8621484375,1182.525171621733,1208.2029398397874,41.35247346307749,-25.677768218054325,-72780865.09718676,439542459.0,73.90238530782814,62.497639224669435,37.92393300042232,1204.8057564415076,1138.5558524452113,22.068402893863265,1197.7982635714116
2023-05-17,1180.5400811541865,1180.8678300155434,1163.5427531280866,1167.710205078125,10465667,1263.3548217773437,1180.2459459996394,1205.2034780055903,37.368145017834,-24.957532005950952,-78211614.83466314,429076792.0,39.55877866165252,60.13699445876649,37.575854660072615,1204.0710795276211,1138.1246235973788,21.953686531804347,1197.7512227109396
2023-05-18,1178.6670684889439,1179.650429364539,1163.5427221506357,1166.8673095703125,6948732,1258.6714331054689,1178.1876942412814,1202.3637618251996,37.1686479376848,-24.17606758391821,-82291947.66610041,422128060.0,17.07648141529312,43.51254846159125,37.25264006205986,1203.8421656252185,1139.645895898219,21.536116580525697,1197.719288975327
2023-05-19,1176.2791064985481,1192.433569934166,1173.2355119382144,1188.31298828125,11094136,1254.864599609375,1179.745431785892,1201.322963784907,45.18674543327435,-21.577531999015036,-75960198.91028877,433222196.0,73.34208043179916,43.3257801695816,36.14166359885967,1204.3935435891833,1143.3555530905044,21.823983993620534,1197.6953243916018
2023-05-22,1192.1055186838032,1213.3170510598163,1189.577040098132,1210.6949462890625,7625947,1251.3714868164063,1184.5068955556105,1202.0171847111405,52.062401795747,-17.510289155530018,-70018836.81149112,440848143.0,95.04875149843652,61.82243778184293,33.97549976567046,1209.268840877751,1144.609577090999,22.051132478259518,1197.7039347974387
2023-05-23,1216.6883887063207,1230.688990005352,1214.6750256238067,1217.4844970703125,7436031,1247.486923828125,1189.5803727117186,1203.1629115525607,53.9494835955926,-13.582538840842062,-74845730.40215516,448284174.0,81.22505511128112,83.2052956805056,31.924502330822843,1214.5041122136884,1146.2809097589677,21.904197566690236,1197.7324568319057
2023-05-24,1213.9727320099048,1222.1201539760011,1209.2902793126789,1216.1734619140625,4824077,1243.8524047851563,1193.6716172043868,1204.1266560237832,53.5114382610185,-10.45503881939635,-74493606.73839332,443460097.0,79.36094621085911,85.21158427352557,29.76614359083114,1217.763006531623,1149.9286194449396,21.256031645021093,1197.7468759215906
2023-05-25,1212.2869440400702,1223.9930752107932,1207.3703689483666,1221.5113525390625,4334121,1240.5550170898437,1197.9546534097217,1205.4144113212112,55.109616095813465,-7.4597579114895325,-71453629.56526667,447794218.0,86.95068121995162,82.51222751403061,27.668974184404515,1221.3193621937783,1153.5645001109094,20.92507983197863,1197.7610703620226
2023-05-26,1223.0566479654947,1239.3983621978339,1223.0566479654947,1233.7794189453125,5521606,1237.6687524414062,1203.4661557998127,1207.5155229970705,58.62974316430195,-4.0493671972578795,-69729127.14151008,453315824.0,92.89099216847315,86.40087319976129,26.430012740122955,1228.853455490412,1152.6982168728694,20.708074819606683,1197.7922609864204
2023-05-29,1248.0609264704428,1248.0609264704428,1226.6621399885078,1230.9232177734375,4419365,1235.4080639648437,1207.6903191803704,1209.2494263138385,57.499258631700684,-1.55910713346816,-72388461.67988616,448896459.0,80.45923252487522,86.76696863776665,25.64384965143291,1234.614642721801,1152.7104915555428,20.757411366915854,1197.8194650019916
2023-05-30,1231.485030999138,1242.1610457663946,1226.006584333136,1239.77294921875,6274719,1233.6071899414062,1212.6261084170442,1211.5104280104988,60.0684073642856,1.1156804065453798,-67968912.51556884,455171178.0,90.54987809760395,87.96670093031743,24.87580317582115,1241.4642996293153,1150.2061593550595,20.42862922879748,1197.8588105436763
2023-05-31,1236.027053313222,1246.5625722032387,1230.689102802692,1234.5755615234375,17800782,1231.7089233398438,1216.0029473564891,1213.2189564188645,57.8564133175285,2.783990937624594,-77053011.01125497,437370396.0,84.62370988995299,85.21094017081072,24.3588729854595,1246.6172182822925,1149.656097147395,20.103260669636704,1197.9737682463874
2023-06-01,1238.5556828638016,1245.0642467757525,1234.3882311230109,1235.6993408203125,4277841,1230.1243823242187,1219.033161735539,1214.884170078231,58.21470923638807,4.148991657307988,-80280138.14925832,441648237.0,85.37405550719521,86.84921449825072,23.878866380123675,1251.3573778450893,1149.2191114127234,19.429886025572767,1198.0020709025011
2023-06-02,1242.3428286933458,1246.0442552499076,1230.0523176388706,1232.85205078125,10909311,1228.1719799804687,1221.1591446656485,1216.2151242043803,56.89487651334703,4.94402046126811,-87369629.39881799,430738926.0,82.0052072667751,84.00099088797442,23.134253045405053,1254.952848556752,1150.9953203885602,19.184318281677353,1198.070382308965
2023-06-05,1237.59760459587,1242.770032905285,1231.2388288894117,1238.0721435546875,5002553,1226.6433203125,1223.7611444947313,1217.8341626747736,58.74171341425521,5.926981819957746,-86443223.24907728,435741479.0,88.181501256275,85.18692134341511,22.442826377452047,1259.0694633315181,1152.1636665512945,18.637667262691348,1198.1024786213625
2023-06-06,1222.9816069364476,1222.9816069364476,1208.1760167054033,1213.8704833984375,10008100,1224.8731860351563,1222.2395043260708,1217.5405568024526,48.390105010815454,4.698947523618244,-88752772.73927628,425733379.0,59.54665228968587,76.57778693757865,21.336992275264887,1259.8794991713044,1153.7408255357268,19.44184294744798,1198.1300645821768
2023-06-07,1224.7848375587337,1228.1066096869442,1217.1922155513955,1223.313720703125,5397578,1223.3190698242188,1222.404768384079,1217.9681985728726,51.948305081932105,4.436569811206482,-88095722.1225133,431130957.0,66.92673749684496,71.55163034760194,19.99472457609508,1261.1832916852138,1156.4662322405673,19.070006043237893,1198.151816779092
2023-06-08,1220.703822624761,1226.208520218204,1215.8635490052707,1217.47705078125,5034942,1221.9235473632812,1221.6466579836438,1217.9318172549747,49.668953534715065,3.71484072866906,-91560067.60914719,426096015.0,47.70546626382749,58.059618683452776,18.82765591535865,1261.1636955171368,1160.6009651273946,18.446789269644714,1198.1695973900353
2023-06-09,1217.1923928289245,1217.1923928289245,1199.6344518797355,1201.485107421875,5339073,1220.0939379882811,1218.544880974141,1216.713542452523,43.97554958611907,1.831338521618136,-95773634.48449038,420756942.0,3.821578088805676,39.484593949826035,18.641017814737772,1258.8307544253753,1166.4706249691558,18.403632814778273,1198.1764860810326
2023-06-12,1208.6504514414398,1229.719930048322,1208.175912591247,1226.160888671875,4785588,1218.6023803710937,1219.7165744661002,1217.4133458761787,52.93947281148088,2.3032285899214457,-92569191.29525411,425542530.0,54.77672495538159,35.43458976933824,17.656124638749215,1258.7652498635368,1171.3089322653693,19.105860658468906,1198.1945074963485
2023-06-13,1233.706285920123,1239.9701763842845,1231.0014372940336,1238.4041748046875,4846587,1217.5682739257813,1222.591589902806,1218.9682220931054,56.645955008001444,3.6233678097005395,-89415097.03504281,430389117.0,80.05894142125227,46.21908148847984,16.642405133649245,1260.173630649657,1175.3404562644052,18.727534019464663,1198.22461710828
2023-06-14,1239.8278752926387,1240.160029382451,1227.3474778998798,1234.180908203125,3457981,1216.33826171875,1224.374561949009,1220.0950877308846,55.035735488087205,4.279474218124278,-89184527.44688095,426931136.0,71.33795432223906,68.72454023295764,15.482713595023702,1257.2467891643616,1184.9143680622008,18.305035266829425,1198.244633152219
2023-06-15,1228.059128772096,1228.059128772096,1217.3346195305912,1221.2733154296875,6161155,1214.0184936523438,1223.8974470998826,1220.1823638567218,50.327055792031494,3.715083243160734,-90820176.35877366,420769981.0,44.683953834839635,65.36028319277698,14.923002559183102,1250.0798890154688,1197.5218687970314,18.20083908152259,1198.268581198121
2023-06-16,1221.4633511690595,1235.2249817766365,1215.8163835717862,1225.8765869140625,8536287,1212.1110717773438,1224.2019301482178,1220.6041581572656,51.90735405509674,3.5977719909521966,-90507108.85087636,429306268.0,55.91985115411508,57.313919770397916,13.955621231587724,1246.305734998686,1205.0523826770952,18.28710759033171,1198.3064041107066
2023-06-19,1228.1068115234375,1233.3267400113657,1221.510766412205,1228.1068115234375,4451787,1210.010380859375,1224.8026811290208,1221.1599102584635,52.69261642807562,3.6427708705573423,-89988643.0602499,433758055.0,60.67227804443318,53.75869434446262,13.05733857024916,1246.0099221331463,1207.0893820660724,17.8248837338195,1198.3275344412193
2023-06-20,1228.1067213313888,1238.5465775405428,1225.3543724326753,1237.028076171875,4009180,1208.1190234375,1226.6835111356138,1222.3353299557532,55.801511313708794,4.348181179860603,-86902424.04629533,437767235.0,80.57268416735562,65.72160445530129,12.365589053120715,1247.0308476154837,1208.0228144938915,17.493978117680072,1198.35042337917
2023-06-21,1233.7537497317826,1237.4077922708432,1229.055860544753,1233.184326171875,4041529,1206.0440307617187,1227.6836365258077,1223.1389593050956,54.15034163888072,4.544677220712174,-86948395.10719138,433725706.0,72.29049005991321,71.17848409056732,11.723250215787159,1247.3018192794505,1209.4529292557056,16.840974803995085,1198.3731881797955
2023-06-22,1223.740886657653,1223.740886657653,1208.6505271059807,1216.2906494140625,6676607,1204.032919921875,1225.930869277847,1222.631677090945,47.497996625459834,3.299192186902019,-86864382.00290203,427049099.0,38.61359262661011,63.825588951292964,11.939191518864193,1247.5495939662878,1208.6830842563686,17.3904622512736,1198.3924256773694
2023-06-23,1211.4503912779653,1214.2027402501333,1199.017494449738,1200.58349609375,7239467,1201.2928002929686,1222.0312734033705,1220.9984784985602,42.2953516556957,1.0327949048103164,-92610686.84105209,419809632.0,3.806283804760959,38.23678883042808,12.637961721196556,1249.0801831622075,1203.8329027752925,17.382083159348664,1198.3996710647682
2023-06-26,1205.5661261290436,1209.1251680286568,1197.9735034098683,1205.6610107421875,3403244,1199.3865673828125,1219.5127714554962,1219.862369775866,44.41491103915955,-0.3495983203697506,-91321812.83033065,423212876.0,18.22266032836023,20.214178919910424,13.339709114765535,1249.4410696137516,1200.9457956206234,16.937053263594372,1198.4028804422762
2023-06-27,1214.8197545958758,1216.717910462432,1209.3150562411674,1214.0130615234375,3240024,1200.0991040039062,1218.6666622351795,1219.4290876830937,47.810716108136,-0.762425447914211,-90449463.5722006,426452900.0,38.02057112736282,20.016505086827994,13.387969265192504,1247.6499083353347,1200.160968129509,16.517042296212235,1198.4106778195296
2023-06-28,1224.3104803974434,1230.6692559306819,1216.148433698974,1227.4898681640625,5662358,1201.0615161132812,1220.0240785319309,1220.0261825335358,52.81942958830459,-0.00210400160494828,-87266694.05116539,432115258.0,69.96633184106472,42.06985443226258,12.45470162682531,1246.8555975900497,1200.2467095388567,16.52698173271453,1198.4346884541817
2023-06-30,1241.5836573675615,1270.7204182911057,1238.024615257097,1267.4935302734375,12821692,1203.3325122070312,1227.3270711075472,1223.5422823661213,63.89584963071464,3.7847887414259276,-76975856.80570357,444936950.0,95.56422698758256,67.85037665200336,13.482325494024765,1254.9680186165228,1195.3137074576957,18.434379475166576,1198.5588354087736
2023-07-03,1262.2734926096066,1277.4587376334816,1260.8023756562286,1265.7850341796875,7732412,1205.73416015625,1233.2436808109535,1226.6713750930523,63.21328541591793,6.572305717901145,-80082052.27518964,437204538.0,85.31336849187251,83.61464244017326,14.680918722886076,1261.3896890502838,1192.185335363779,18.307378225315606,1198.6449506432407
2023-07-04,1275.8454066036068,1277.4587926151432,1263.60227910532,1276.652099609375,5797775,1208.2791674804687,1239.9218990876338,1230.3736509831504,65.721558992652,9.548248104483491,-74959342.4044088,443002313.0,98.98510401882679,93.28756649942727,15.793900196606232,1269.3890234141597,1188.0439966053716,17.98945931706616,1198.713611221255
2023-07-05,1288.7053287056738,1288.800213319331,1272.7133901877326,1278.692626953125,5414936,1210.8846508789063,1245.8866264515555,1233.9528343883335,66.1877594239599,11.933792063221972,-76348973.45158063,448417249.0,88.87157051457501,91.05668100842475,17.244057577009556,1277.429320425875,1186.4859139491252,17.8535567323899,1198.7841211027917
2023-07-06,1274.1844663632921,1278.8348549715627,1269.0594229934848,1275.4656982421875,5963897,1213.45181640625,1250.4372528808833,1237.0278613404707,64.68939877230065,13.409391540412571,-74496056.66317864,442453352.0,85.31872937989762,91.0584679710998,18.316453326822057,1283.5970908186603,1185.533341310246,17.276547821367615,1198.8562827838678
2023-07-07,1266.0697988565291,1277.268963359019,1257.8602526271318,1262.4632568359375,6295647,1215.7093017578125,1252.287407335507,1238.9119647105053,58.903146162980605,13.375442625001597,-77805530.07973243,436157705.0,71.00307111240011,81.73112366895757,18.507691322209002,1286.6256316730187,1187.0034210613562,17.428845172119008,1198.9236714052524
2023-07-10,1268.489873104064,1273.5674157356068,1252.11828243282,1261.4666748046875,3940315,1217.5966088867187,1253.6996023307654,1240.582683976741,58.47144725638923,13.116918354024392,-78311150.52412826,432217390.0,69.90583657396597,75.40921235542123,18.297116658147075,1287.9496665138136,1191.6775429588429,17.71600861002385,1198.963590546808
2023-07-11,1265.5478387081876,1282.1093170430452,1259.4263327917743,1279.9263916015625,6126128,1219.7313647460937,1257.7344929878109,1243.4970326896907,63.76840570403836,14.23746029812014,-73364133.74872209,438343518.0,90.22994257238413,77.04628341958339,18.50643147006065,1293.2236794686407,1191.7800802969844,18.07079258439864,1199.036728291466
2023-07-12,1282.2042725248696,1283.0584658254527,1259.426402398595,1265.4056396484375,8102770,1221.1130834960939,1258.9146693971381,1245.1198924644127,57.55006718390279,13.794776932725426,-77366679.12289909,430240748.0,74.24262786330851,78.1261356698862,18.745629166429925,1295.494652193568,1192.2092540564317,18.46802621600286,1199.1274067257384
2023-07-13,1266.9240762093295,1306.6904622705142,1263.0802644808616,1295.586181640625,9977644,1223.2538671875,1264.5564405115206,1248.858136107095,65.15552466381675,15.698304404425471,-72470165.89582205,440218392.0,89.78606397174634,84.75287813581298,19.950367624118076,1303.010027853045,1190.8344057407053,20.263895614120695,1199.2691402426024
2023-07-14,1310.344366986501,1357.1813360782141,1310.344366986501,1353.3375244140625,12833381,1226.467265625,1278.2150688042193,1256.5973500557593,74.55131657299653,21.617718748459993,-61743202.135661334,453051773.0,97.58566422284078,87.20478535263187,22.39491261423311,1324.972633677902,1182.0782208142857,23.216128387225584,1199.5563532485644
2023-07-17,1353.3373455004703,1384.656910654081,1342.2806826068859,1350.4901123046875,11569884,1229.8943627929686,1289.3343062658296,1263.5523694816059,73.49898231075375,25.781936784223717,-68830282.74863328,441481889.0,80.51417987804902,89.2953026908787,25.137921909411023,1341.4687485295267,1178.0434585017233,24.584706934366267,1199.8488454399906
2023-07-18,1360.977628992627,1402.689553916086,1356.232239770198,1400.07958984375,16743977,1234.19150390625,1306.3720422008942,1273.6654969158387,79.04629964635214,32.70654528505543,-53967653.35563384,458225866.0,98.60086394393993,92.23356934827656,27.94453503401108,1368.9480355314818,1167.7614493317997,26.55718798272571,1200.3421803840952
2023-07-19,1410.3296414156002,1422.4778838610052,1386.3179262126616,1399.84228515625,13687062,1238.38837890625,1320.752079578641,1283.0119256743878,78.96112011886156,37.74015390425325,-57416388.13349851,444538804.0,87.72827455101242,88.94777279100045,30.80148681736514,1391.0181524856084,1161.9727532761103,27.243100101698417,1200.779215509076
2023-07-20,1396.0935284291188,1396.0935284291188,1367.3364230042164,1375.6883544921875,8347221,1242.2417114257812,1329.2038141807252,1289.8768463275583,70.61960144817431,39.326967853166934,-60915039.2321215,436191583.0,72.5348445426237,86.28799434585868,32.3442723568643,1404.0575686983123,1163.1837398954378,27.61901167672236,1201.01436698948
2023-07-21,1252.9724819521573,1281.2550471115694,1238.5465455411838,1263.7919921875,45548305,1243.9910375976563,1319.1404569509982,1287.9446349097761,46.24603192459261,31.195822041222073,-52615175.29964005,390643278.0,13.725473253730785,57.99619744912229,30.6824689772,1402.8480035338953,1169.1434393371983,35.44206862488531,1201.4428922705843
2023-07-24,1272.713318970938,1281.1601344899118,1266.3070438754467,1268.537353515625,8859789,1246.0394262695313,1311.3553641147869,1286.5070585102094,47.08019339238135,24.84830560457749,-58814228.789496176,399503067.0,16.305436718071878,34.18858483814211,29.13936583894029,1399.8931330335442,1178.893695579737,34.15107388756577,1201.5404808938627
2023-07-25,1268.9170922496144,1274.4691745310197,1256.8163495972713,1266.6392822265625,6801982,1247.8035546875,1304.4759669012137,1285.0353713780873,46.76757654577121,19.440595523126376,-58046270.99998239,392701085.0,15.273491152731555,15.101467041511398,27.92292801340231,1396.7223900538372,1188.1622657078817,32.97262753372168,1201.6088277386252
2023-07-26,1274.611613770737,1281.2551590398325,1271.1949565174777,1280.1636962890625,5528885,1249.7267260742187,1300.7356175762675,1284.6745065566781,49.34839792830832,16.06111101958936,-53717077.95794876,398229970.0,22.626460030163216,18.068462633655543,26.593015832860825,1393.8849465986807,1197.6147726396005,31.661431053689416,1201.6742365739685
2023-07-27,1289.4171790586518,1294.352453525993,1278.4553991042765,1284.2447509765625,9191861,1252.0574169921874,1298.1985611763128,1284.642672810003,50.134039646275,13.555888366309773,-56213998.33832713,407421831.0,24.845252501734223,20.91506789487632,24.972132905251218,1391.8231782339833,1205.352029285548,30.53540415140564,1201.7943808998975
2023-07-28,1284.9090580635998,1294.3998368148239,1267.9680411635118,1272.2388916015625,6122735,1254.1648486328124,1294.2047658571205,1283.7238742019704,47.78583444602708,10.480891655150117,-60358109.88029351,401299096.0,18.31789317043631,21.929868567444572,23.74768075660101,1391.7664115609996,1205.883332091344,30.242289258541813,1201.8670984246505
2023-07-31,1280.0687502059716,1288.3731813935915,1265.3580435307595,1286.664794921875,7902180,1256.131884765625,1293.044770328621,1283.9417201812225,50.76964186222521,9.103050147398562,-53629068.83688175,409201276.0,26.160984756726304,23.108043476298935,22.68205130467353,1391.7656361066106,1207.9720836199517,29.726064158848256,1201.9631128270955
2023-08-01,1292.644149289172,1299.2876948435216,1287.8987596074937,1295.68115234375,6064652,1257.8316088867186,1293.450367561718,1284.8113077488172,52.59310401278361,8.639059812900769,-51405412.45781277,415265928.0,31.063008253231985,25.18062872679819,21.33073732020403,1392.1280351906532,1209.5125898093468,28.504409570476714,1202.0499576648601
2023-08-02,1299.5723140372081,1302.0872775937983,1279.7839486732953,1287.7562255859375,7419145,1259.2370434570312,1292.5743457192902,1285.0294498108262,50.811645001861535,7.544895908464014,-53520642.6381132,407846783.0,26.75437502617822,27.992789345378828,20.322909539364876,1392.2266997120814,1210.3202851511996,28.06147523833573,1202.150903984207
2023-08-03,1281.2550452536098,1296.9623293722977,1280.3059674423107,1294.826904296875,6503741,1260.8101123046874,1292.9208931927649,1285.7551871801631,52.36206889518751,7.165706012601731,-48684522.89584434,414350524.0,30.598569699868325,29.471984326426167,19.38706945715709,1392.4847829687299,1211.9983225000203,27.246824287739397,1202.240032439657
2023-08-04,1299.1927592188438,1315.3270835031713,1292.6440985443578,1308.1614990234375,5712345,1262.543115234375,1295.265601782099,1287.4149139833687,55.228200355449175,7.850687798730405,-46581252.34078246,420062869.0,37.848337384033265,31.733760703359923,18.146439152012267,1392.9204912122602,1216.13243847524,26.920835764244686,1202.3311336656873
2023-08-07,1317.2251558795901,1323.9635853654431,1306.8801842639537,1322.0654296875,3729093,1264.3088354492188,1299.3886522290838,1289.9816188503412,58.061537009437174,9.407033378742653,-43680846.67411573,423791962.0,45.407642280671496,37.95151645485768,17.287087241561277,1393.9709601613683,1221.141845014413,26.21816185976217,1202.3975836797686
2023-08-08,1321.9231607192773,1322.5875847773373,1313.9034986186628,1319.4080810546875,4161877,1266.0785327148437,1302.4685643560997,1292.1613567914037,57.314989465488715,10.307207564696,-42566545.01432406,419630085.0,51.32534691002076,44.86044219157517,16.489117610428217,1395.1301171863502,1223.9308569347436,24.96572788111305,1202.4722958586754
2023-08-09,1313.5238534788593,1324.9127886246297,1312.100236585638,1323.394287109375,4090828,1267.7509594726562,1305.687906318142,1294.4749071853275,58.18357332194846,11.212999132814502,-39445379.966363885,423720913.0,98.24178815583359,64.99159244884193,15.834577608713316,1395.7528478738573,1229.1069909933303,24.0976438923901,1202.5465878627026
2023-08-10,1320.73670828861,1324.7229047572628,1315.0422412084458,1318.364013671875,3873025,1269.426728515625,1307.638076680255,1296.2444706287756,56.617880712535026,11.39360605147931,-40660465.71864671,419847888.0,90.38308750605351,79.98340752396928,15.226790464263763,1396.5617173697276,1230.5759047005847,23.067859582134872,1202.6163843519846
2023-08-11,1321.116497444652,1325.7195023001016,1297.4370490943627,1301.9925537109375,5783517,1270.7525927734375,1306.7695346849753,1296.6702545607877,51.73813304123765,10.099280124187544,-44580860.15273063,414064371.0,65.564785269703,84.7298869771967,14.395321876393952,1392.0691347817606,1229.9339902182396,23.440330555249442,1202.7106564450098
2023-08-14,1301.9923447610038,1323.9635187993792,1296.0606085656661,1322.58740234375,4304135,1272.5472998046876,1309.2030527863253,1298.5900432854514,56.78408744569963,10.613009500873886,-40701268.03740747,418368506.0,94.81109300502463,83.58632192692703,13.681696422237865,1388.8474699485748,1230.3653840553313,23.759086246568273,1202.7845639617815
2023-08-16,1338.9589930586214,1347.642962157537,1333.833949819538,1346.266845703125,7735313,1274.7111938476562,1314.9051747735252,1302.1216582793531,61.737556691812664,12.78351649417209,-34507657.11410651,426103819.0,98.32762008229746,86.2344994523417,13.403160510642874,1376.786408755242,1237.0451708346018,23.85169150136962,1202.950909858499
2023-08-17,1347.6905600057007,1347.6905600057007,1334.4034699774754,1339.6708984375,5618346,1277.2272021484375,1318.7152861064444,1304.9030834762527,59.68533721974764,13.812202630191678,-35671418.16649206,420485473.0,90.25942372277473,94.4660456033656,13.146414984238884,1361.641180625521,1246.1732602924476,23.09707711043074,1203.0697620172505
2023-08-18,1332.220389403959,1336.9657781470864,1315.5641444281114,1318.0792236328125,5134103,1279.1225122070311,1318.6174303412702,1305.8790938582201,53.42480634313426,12.738336483050034,-39598821.16782373,415351370.0,64.03445729500964,84.20716703336059,12.380383526744088,1349.085945464402,1252.9675823676293,23.16919688892773,1203.1647461090315
2023-08-21,1318.9808933993697,1335.3524857081586,1316.513314251209,1333.833984375,3032722,1281.4496508789061,1320.9584386541517,1307.9498264890926,56.97139590857721,13.008612165059048,-37054994.59622652,418384092.0,79.59465896056533,77.96284665944988,11.669068601927492,1351.418129057267,1257.6395979935141,22.859909358072144,1203.2231247374455
2023-08-22,1333.1696440453838,1334.450991859419,1325.5296366677576,1332.26806640625,2890714,1284.0653100585937,1322.6983813852437,1309.7511775940673,56.5107899838729,12.947203791176435,-35578911.677013434,415493378.0,77.2886714609318,73.6392625721689,11.008561886026369,1353.0232583248178,1262.4075400150261,21.864298346185667,1203.2796874255646
2023-08-23,1343.8943964093405,1344.4638200166314,1334.071462657282,1336.2542724609375,2559125,1286.267177734375,1324.7839030891964,1311.7143698064278,57.45378417679241,13.069533282768589,-37062999.90804502,418052503.0,83.02833465379364,79.97055502509691,10.552908094519386,1353.9721187309783,1268.4201786323029,21.173688007913935,1203.3326691827983
2023-08-24,1349.1141374590973,1352.4834101025679,1342.4230924054214,1351.107177734375,5171963,1288.5212377929688,1328.8336376499933,1314.6323555788686,60.85936878912685,14.201282071124751,-33306066.353827782,423224466.0,97.70011998407753,86.00570869960097,10.51165273225742,1358.3945457124466,1271.092099795366,20.820505838893677,1203.4478674826325
2023-08-25,1341.047092442583,1350.063332625318,1339.528590951075,1347.7855224609375,4307172,1290.793330078125,1331.7493122362926,1317.088145718281,59.7083208158457,14.661166518011441,-30861478.262329794,418917294.0,91.67377812929435,90.80074425572182,10.305841748677867,1361.4792844733574,1274.3614381828925,20.16036876349412,1203.5417655150861
2023-08-28,1347.7854840441626,1352.2462196252268,1339.5285527696528,1343.5621337890625,3133464,1293.2391064453125,1333.566669398257,1319.0491818716723,58.20106121241596,14.517487526584773,-32007300.809076287,415783830.0,84.18852649904196,91.18747487080459,10.227047345148062,1360.9915927390832,1281.9814541359167,19.62874719864268,1203.6096721887322
2023-08-29,1351.4868261107933,1351.8664804125688,1343.2298953547568,1345.460205078125,3074444,1295.6307788085937,1335.3964441182368,1321.0055539610391,58.70558388122311,14.390890157197646,-33493857.397269037,418858274.0,87.55254111256859,87.80494858030163,10.153881113298954,1361.8230641920404,1287.0295236985844,18.843592760011916,1203.6770549911457
2023-08-30,1354.333962815741,1363.4925863658223,1351.4867295372214,1362.0689697265625,3070887,1298.3100219726562,1339.4999095964408,1324.0472884621888,62.92285226846027,15.452621134252013,-31151242.588566855,421929161.0,97.88881079021759,89.8766261339427,10.703011939861229,1366.1199284783193,1289.371441150587,18.78564908341801,1203.7500093031256
2023-08-31,1362.0691059218414,1371.3226150023013,1355.9000998682013,1362.353759765625,9792735,1300.8165356445313,1343.0158865455462,1326.884804855036,62.99264338129389,16.1310816905102,-32748299.956730906,431721896.0,88.08315687912548,91.17483626063722,11.591750659918064,1368.0357455520264,1294.9153774948488,18.545425229895297,1203.9884408514965
2023-09-01,1358.082922196826,1372.366590381703,1355.4729580726562,1370.3260498046875,3582133,1303.5593701171874,1347.2174501238758,1330.1026748513063,64.97990092766011,17.11477527256943,-30031521.145226154,435304029.0,97.32584454265339,94.43260407066548,12.467424172424066,1371.4843858173585,1299.0166517802977,18.427440021263262,1204.0770451375165
2023-09-04,1369.5194199781222,1395.1445234704363,1361.6420270073086,1390.4940185546875,4609014,1307.0434375,1353.875383728616,1334.5761077182233,69.44931681963297,19.29927601039276,-26702068.045253124,439913043.0,94.15621668090394,93.18840603422758,14.245959745673748,1380.7037210241538,1298.0305685266276,19.504229767110726,1204.2024153512327
2023-09-05,1390.3991028092184,1404.6827713333548,1382.3319407792674,1403.59130859375,5496840,1311.10359375,1361.5239875540215,1339.6883448201143,71.95270580554057,21.835642733907207,-21742084.69861558,445409883.0,98.77526979767616,96.75244367374448,16.22900851942257,1392.507953609699,1294.3789238317074,19.70755839475192,1204.3638023347905
2023-09-06,1406.4384315927011,1407.3875094039042,1388.7856074751687,1402.2149658203125,5075786,1315.0346728515624,1367.7841380565278,1344.3199463756846,71.29159299156339,23.464191680843214,-19489098.69041937,440334097.0,94.36685468349438,95.76611372069146,18.162082067909704,1401.5655911497447,1293.601974768224,19.628582932893607,1204.5145921678782
2023-09-07,1395.7138073410727,1398.3712715567144,1387.599261559934,1391.537841796875,4411743,1318.5851684570312,1371.4385540165813,1347.8175682587357,66.2092988428517,23.620985757845574,-20674702.131422207,435922354.0,82.55867072011239,91.90026506709428,19.851191186085774,1406.9995822695319,1294.9823391171867,19.270520170571107,1204.6407932553745
2023-09-08,1388.9754188545974,1399.6525445547095,1385.843415640873,1394.7647705078125,3125838,1321.9306665039062,1375.02720270754,1351.2951387957044,66.97555982073226,23.732063911835667,-19761659.731569834,439048192.0,84.57968858196604,87.1684046618576,21.25533128968422,1411.8103027866798,1297.8116942836325,18.880420795090064,1204.7305437733623
2023-09-11,1394.7648308962373,1402.784608504087,1389.9245568734652,1401.2659912109375,4182226,1324.6061157226563,1379.0639394003704,1354.996683419055,68.52418634529667,24.067255981315384,-16567174.824667154,443230418.0,91.65050699729831,86.26295543312557,22.68975419221196,1414.7657985800597,1304.7835422402527,18.450394426199466,1204.85339845986
2023-09-12,1407.0079414013696,1427.4131155936998,1401.8828977357055,1424.6607666015625,6793161,1327.7836303710938,1386.0788358928617,1360.1569858770185,73.36456820319584,25.92185001584312,-11238721.249866163,450023579.0,96.86822246854918,91.03280601593782,24.87555547873733,1423.9147424348755,1305.8419348112182,19.000160851668237,1205.0732413271496
2023-09-13,1428.3621721582897,1428.3621721582897,1412.8447723957217,1422.05078125,4804686,1330.6916040039061,1391.6129813324214,1364.7417114602024,72.03367831808886,26.871269872219045,-10342454.444006776,445218893.0,92.89526763434226,93.80466570006324,26.93320471243351,1432.0104515916144,1305.3246192091667,18.75139220244679,1205.230718975132
2023-09-14,1428.3621131550806,1435.5276970079474,1422.8100311020337,1430.2127685546875,6444213,1333.7220068359375,1397.551410135847,1369.5914193931274,73.64387820858687,27.959990742719583,-9284533.439087538,451663106.0,94.46356684173469,94.74235231487536,29.055049766675324,1440.423706565676,1305.9655512468241,18.374643884982543,1205.4498089577692
2023-09-15,1440.7002202288666,1441.0798745512886,1432.1585193184187,1434.6260986328125,8657816,1336.90521484375,1403.2552083661494,1374.4088030405114,74.49886448077154,28.84640532563799,-13152976.723445771,460320922.0,93.40441768974347,93.58775072194014,31.18195638241829,1446.3357205616862,1311.7082247508138,17.838391178669585,1205.7519219541164
2023-09-18,1428.267370107953,1428.267370107953,1412.2279302561053,1415.83447265625,3991916,1339.9726391601562,1405.1904797953957,1377.4773711601958,64.85204900898879,27.713108635199887,-15349691.08987282,456329006.0,71.82217245407023,86.56338566184945,31.301758446103808,1448.8984444550854,1317.3455496855397,18.164089549957986,1205.8805778187025
2023-09-20,1401.0288118911137,1418.9664081689937,1401.0288118911137,1414.3634033203125,4169337,1343.0305737304689,1406.6016987992289,1380.209669838723,64.151729613438,26.392028960505968,-13320159.014622085,452159669.0,68.79169075357996,78.00609363246454,30.558506284807,1449.973279574098,1324.4802482579335,18.14791145909527,1206.0101691702798
2023-09-21,1410.8517724894755,1427.9351743734753,1400.838954487993,1425.2777099609375,6779195,1345.9376000976563,1409.4749312856457,1383.548043181109,66.99911185487004,25.9268881045366,-7870704.438511008,458938864.0,81.54101883310402,74.05162734691805,30.27550732769716,1451.9092351705076,1331.4466364115237,18.787076346694338,1206.227253293801
2023-09-22,1415.929309642692,1430.2128621969134,1409.5704183462783,1419.962890625,5455613,1349.0287451171876,1411.0884634917002,1386.245439288064,64.31994199956023,24.843024203636105,-7833042.7781863995,453483251.0,73.41697367291151,74.58322775319849,30.11405743853811,1453.5262758383542,1336.7151670327394,18.919602596975825,1206.4031937660877
2023-09-25,1413.9837290940338,1413.9837290940338,1396.615672509019,1399.083251953125,4217863,1351.0986865234374,1409.241507870381,1387.196388374365,55.012840909340035,22.045119496016014,-10852393.787405008,449265388.0,28.51387291145114,61.15728847248888,28.996235037069702,1451.9065478855584,1343.464667934754,19.235860848333328,1206.5284031080762
2023-09-26,1403.8285706791507,1404.540379089813,1384.7046282085087,1386.2706298828125,3996528,1351.7573486328124,1405.7075266415243,1387.127813671287,50.21140757025012,18.579712970237324,-14217882.450719148,445268860.0,2.7778178826608237,34.90288815567448,27.18261774442096,1448.4200083204664,1351.2220571092212,19.27871013640269,1206.6400343542969
2023-09-27,1381.8573845965407,1394.7648205125847,1376.210417587719,1392.2972412109375,3863586,1352.5934912109376,1403.6444058060495,1387.5107342297797,52.319396962845296,16.133671576269762,-11381945.239240099,449132446.0,24.798764127550594,18.696818307220838,25.48601975347164,1444.1179190445057,1360.207849998463,19.2269739070072,1206.7454492003237
2023-09-28,1393.1513579600842,1397.6119773813948,1361.9266744482306,1366.1500244140625,5814602,1351.9148999023437,1397.8760394380513,1385.9284594286155,43.67875863326495,11.947580009435796,-15820232.782612428,443317844.0,5.33566546940999,10.970749159873789,24.66600777208041,1443.572994937481,1361.1608795742375,20.40256883744698,1206.8929008287016
2023-09-29,1359.1743721242103,1373.125886096519,1343.8942418391173,1362.353759765625,6068968,1351.1651293945313,1392.4110733346013,1384.182185379505,42.57925454702545,8.228887955096297,-14224204.410536334,437248876.0,18.994081132525135,16.37617024316189,24.70058829149911,1443.572994937481,1361.1608795742375,21.033217081729465,1207.0324386318362
2023-10-03,1362.9233171016476,1363.8248947335087,1347.9753406979924,1360.9776611328125,4181867,1350.8709155273436,1387.5751637650953,1382.4633317316018,42.16491578515344,5.111832033493556,-11544808.989151286,433067009.0,17.578132504719207,13.96929303555143,24.732698773816473,1444.7289003513165,1359.0701352932147,20.662955435571384,1207.1270583105718
2023-10-04,1352.4359043163458,1376.115349773036,1345.9821287470402,1370.800537109375,4510406,1353.0110864257813,1384.9944519719077,1381.5994210188444,46.19016652833021,3.3950309530632694,-8625468.405382253,437577415.0,27.68546596794242,21.41922653506224,23.93187175053933,1445.6126055874008,1356.2170819125993,21.339402977744562,1207.2335212378189
2023-10-05,1378.0610831205893,1400.506798175597,1376.3526965932092,1388.927978515625,7384621,1355.4188989257811,1385.5996099017104,1382.142277129717,52.728717113222935,3.4573327719933786,-8320820.512607141,444962036.0,46.33785408372175,30.533817518794446,22.60017288224228,1445.1599395024398,1355.203414989748,21.93703569835009,1207.4344308321845
2023-10-06,1394.6698973295106,1408.906065046382,1388.7856610148956,1403.4013671875,3598672,1358.154140625,1388.338341791832,1383.7170245414047,57.200464798541084,4.621317250427182,-6691254.304142817,448560708.0,61.230372934465805,45.08456432870997,21.75521245025038,1445.2329569105536,1355.2490377183526,21.80727629357412,1207.5385265670186
2023-10-09,1390.3041925325829,1415.0751017259533,1387.7416127754695,1400.31689453125,3567552,1360.5572045898436,1390.1811960594348,1384.9466445406526,55.98498744837872,5.234551518782155,-6976168.536262548,444993156.0,65.36556360407205,57.64459687408652,21.249656090030467,1445.4946560141698,1355.865243888174,22.202005769067664,1207.6419749220822
2023-10-10,1408.3367891089576,1420.7696870472064,1394.290389147823,1419.013916015625,5688951,1363.252587890625,1394.6169991296179,1387.4701461313912,61.346771000838196,7.146852998226677,-2041655.6187102348,450682107.0,87.0260366362807,71.20732439160616,21.034404797191378,1447.309437751415,1356.4753767017098,22.507526635518794,1207.8154935582195
2023-10-11,1420.769458978731,1440.9373621205468,1406.0112529262074,1418.3018798828125,7220129,1366.17384765625,1398.2608269378018,1389.7539782611261,61.04180592251558,8.506848676675645,-4180204.439034868,443461978.0,76.67482025300673,76.35547349778648,21.63607497051504,1448.7178911557069,1356.7705121646056,23.394568246863127,1208.0465114670467
2023-10-12,1415.9292125939835,1427.79268525823,1378.0609846788639,1390.87353515625,11081662,1368.2580224609376,1397.1243205098708,1389.8369084015055,50.6056679180717,7.287412108365288,-9551852.42003944,432380316.0,48.41074069021131,70.70386585983289,20.62266323896555,1446.1578304170152,1355.951849758766,25.275791984899055,1208.362321523356
2023-10-13,1333.454417488394,1364.77398743652,1328.7090281023143,1358.2728271484375,17973439,1369.5098559570313,1391.147167685035,1387.4988283086857,41.51957016796586,3.648339376349213,1941711.9302060846,414406877.0,26.34254469225241,50.47603521182347,20.492601166940684,1445.526174017888,1350.2057107477372,27.910700204115958,1208.7429815404207
2023-10-16,1359.1743392210635,1370.0887342825165,1357.1812989459045,1361.1199951171875,4850745,1370.9771313476563,1386.527602674597,1385.5448406648711,42.49072148428064,0.982762009725775,51370.79993179161,419257622.0,28.879486894644412,34.544257425702696,20.138023332571766,1442.2082603243775,1346.6143470974976,26.839038427865678,1208.8541811685977
2023-10-17,1366.9093895003193,1379.3422863103474,1364.8214645475139,1368.997314453125,3923764,1372.4605395507813,1383.8306352559089,1384.3190979825197,45.202100939442936,-0.4884627266108055,-1615627.0477587879,423181386.0,35.89849809609177,30.373509894329516,19.40339832860863,1436.3759241343182,1345.883804869588,26.22355648252955,1208.9488313995444
2023-10-18,1368.570330479165,1379.9592652681733,1365.1061729766614,1367.1942138671875,4264837,1373.6411938476563,1381.27118581149,1383.0505880480505,44.68280018939842,-1.7794022365603723,-4681366.395545607,418916549.0,34.29186230156544,33.02328243076719,18.69366634880426,1433.5984830274951,1343.797220097505,25.411380468885437,1209.0513934335208
2023-10-19,1353.4798021442552,1366.339852435891,1353.4798021442552,1360.6453857421875,6795691,1374.41279296875,1378.0979858008282,1381.3909434328014,42.761303731699805,-3.292957631973195,-3903977.841123172,412120858.0,28.45659068117759,32.88231702627825,18.46518167595438,1430.8767978375004,1341.1471035296872,24.57588270131735,1209.203856260409
2023-10-20,1357.1812530105972,1365.248414304716,1352.6731334638837,1354.5712890625,3928622,1375.1160571289063,1374.4784939949316,1379.4043023683346,41.000188197953,-4.925808373403015,-6646600.7467834875,408192236.0,23.044324043858797,28.597592342200596,18.28289750965476,1425.513864690309,1339.439394587035,23.718696854139857,1209.2903063271808
2023-10-23,1353.005279289947,1359.4115543962955,1333.691569362393,1336.91845703125,2636516,1375.3865405273436,1368.70002676975,1376.2572027137358,36.31869385000506,-7.55717594398584,-8621550.19004329,405555720.0,7.314934326301256,19.605283017112534,18.78309500818548,1422.1114526994013,1334.5373632185676,23.861646009837187,1209.3427303436958
2023-10-25,1344.9458943551224,1348.3587775546557,1308.7025815988666,1317.114501953125,6940777,1375.3615502929688,1360.7637921825767,1371.8762619166537,31.915903343366807,-11.112469734076967,-12617755.129437186,398614943.0,6.361352377243346,12.240203582467785,19.975821505352013,1424.3584063182982,1324.0935345996706,24.989828148833755,1209.4613983663965
2023-10-26,1302.6940498987915,1320.9118187987838,1300.819322975117,1306.9239501953125,6357656,1375.4601782226562,1352.4807395691514,1367.0649795669249,29.906817686370943,-14.584239997773466,-15112165.844745014,392257287.0,4.35677465758665,6.011020453710404,21.28753980073186,1427.9405209063873,1312.5767520428315,24.64001869703611,1209.5556015383004
2023-10-27,1310.9616547992175,1331.4867153521186,1310.9616547992175,1327.016357421875,4634358,1375.5487573242187,1348.5631423157245,1364.0984149635879,38.17104365923199,-15.535272647863394,-12496534.072956763,396891645.0,18.696403836744956,9.804843623858304,21.91113571704481,1426.6722495239271,1307.3169350463852,24.63450058701968,1209.6334847631558
2023-10-30,1327.0162969362996,1327.0162969362996,1310.4327988908606,1323.8438720703125,2667696,1375.1002978515626,1344.7601776625843,1361.1165969714934,37.42081782059945,-16.356419308909153,-10849499.106244834,394223949.0,16.432251861088382,13.161810118473317,22.50633191915284,1427.455469756875,1302.3030995790625,24.05943329730502,1209.6771940395251
2023-10-31,1326.6317393233992,1327.7854443916494,1310.3366967492134,1315.528076171875,3451595,1374.61744140625,1340.2629312793983,1357.7396695048549,35.453794170093644,-17.47673822545653,-12247245.930369666,390772354.0,10.497401538349806,15.208685745394368,23.012195734669863,1428.717190530464,1296.3588104460987,23.58724146481438,1209.7323964075583
2023-11-01,1319.9985056410244,1324.228405726366,1299.4253296877127,1301.8287353515625,3090672,1374.292431640625,1334.3499780597313,1353.5981188268331,32.42954420656079,-19.24814076710186,-14738948.788128937,387681682.0,1.8722872751939397,9.600646891544029,23.84100373826102,1430.864039547059,1288.2970688513785,23.67408679151715,1209.7774914789447
2023-11-02,1317.0663434741273,1323.1229728710377,1309.0389917857558,1317.2105712890625,3758060,1373.9599633789062,1331.7131462488592,1350.9027449351463,38.747439192947596,-19.189598686287127,-14136127.318288194,391439742.0,22.084158029978195,11.4846156145073,24.610611170167093,1430.2937117126503,1283.5084001037558,23.50409755779987,1209.836687577414
2023-11-03,1326.7281102555007,1338.2163429825457,1324.516929988651,1335.38037109375,3349045,1374.0222094726562,1332.2773346865347,1349.7529394654134,45.25859576835181,-17.475604778878733,-12173681.507398661,394788787.0,44.64582681435574,22.867424039842614,24.337101643216148,1426.6480615135206,1281.799289560698,23.32564571034868,1209.8974158400456
2023-11-06,1340.0430044149878,1352.877168328979,1337.0628045979033,1349.079833984375,2736381,1374.278720703125,1334.8623345785102,1349.7030798001513,49.60803496836155,-14.8407452216411,-10751416.424791317,397525168.0,61.6566220671694,42.79553563716777,23.245717105650595,1420.3362712768806,1282.6789264770257,22.909299390697274,1209.9524943935019
2023-11-07,1345.9072328244042,1351.5792939192095,1340.9561934614692,1350.0411376953125,2272209,1374.2573999023436,1337.197535058018,1349.7281211257186,49.908795309679505,-12.530586067700597,-9137209.752689509,399797377.0,62.85028496717392,56.38424461623301,22.23228860648258,1414.078911175726,1283.9087108945866,22.031713752628917,1209.9985934789743
2023-11-08,1350.7140775415899,1350.7140775415899,1332.8807593271897,1337.2550048828125,3550635,1374.0467895507813,1337.206376569525,1348.804186589207,45.978065057082254,-11.597810019681901,-10946009.701953141,396246742.0,56.5343271407097,60.347078058350995,21.670522379709777,1401.6176099279062,1288.194121029125,21.731828357041145,1210.0667775197214
2023-11-09,1341.9656288206845,1343.5037849964333,1317.1144373775558,1321.680908203125,5498051,1373.6091650390624,1334.8178429746943,1346.7950548569047,41.67282443803483,-11.97721188221044,-14541270.996683445,390748691.0,33.81120566577521,51.0652725912196,21.81766882127894,1386.47902552706,1293.6706082620026,22.064508304315176,1210.1618125197003
2023-11-10,1317.0182905327597,1320.0947204325528,1308.4141445326438,1315.9608154296875,2943649,1373.0191772460937,1331.9167618139238,1344.5110371215553,40.1845245054832,-12.594275307631506,-13681211.95527003,387805042.0,27.565471610032617,39.30366813883916,22.286694277712733,1377.5290168419237,1295.1293449744826,21.436097973327033,1210.2071665526819
2023-11-13,1326.535760188536,1329.0352787241643,1317.8834993971936,1320.479248046875,3462092,1372.1873828125,1330.157144311301,1342.7309045975048,41.94821559269445,-12.573760286203878,-15531593.326753883,391267134.0,39.38857650989776,33.58841792856851,22.142192931065928,1374.9003754858459,1293.9786284204042,20.83883835340916,1210.2643514262397
2023-11-15,1344.945798877282,1359.3662327465881,1339.1776253295595,1356.00146484375,8551860,1372.0603369140624,1334.1331936239853,1343.7139090601897,53.54501657285982,-9.5807154362044,-9830353.326753914,399818994.0,94.38652450809228,53.78019087600754,20.72566109462905,1374.0261933147012,1294.340957564205,22.127991663859444,1210.441863230823
2023-11-16,1361.3851069731406,1397.2439671097416,1356.097614410863,1389.0723876953125,6673907,1372.435263671875,1342.5853773272665,1347.0737963664951,61.29678231655133,-4.4884190392285745,-5807294.21376482,406492901.0,91.64619378291522,75.14043160030174,20.81676327085782,1379.2731677671209,1291.101490436004,23.493313849726025,1210.6087819540198
2023-11-17,1385.3712378944508,1394.9367461730697,1379.6030638923567,1382.0064697265625,4901251,1372.2655126953125,1348.6501607733119,1349.6614018005741,59.0303103213826,-1.0112410272622583,-9172098.190452756,401591650.0,84.42270534045737,90.15180787715495,20.90135814878453,1382.5636084267244,1289.292275362338,22.910483023367952,1210.73454441364
2023-11-20,1386.2843973217946,1395.8980200494077,1378.2570458149964,1381.093017578125,3584210,1371.815546875,1353.6413695125138,1351.9896696359483,58.727995284118236,1.6516998765655444,-11603909.43763385,398007440.0,83.48888314408337,86.51926075581865,20.908116940742843,1386.5133212029061,1287.3873257697503,22.534089538442476,1210.8261707376626
2023-11-21,1386.2843552855172,1393.9752532343966,1381.237203506565,1383.4002685546875,3793135,1371.4392529296874,1358.2196616728481,1354.316380666966,59.29505085335582,3.903281005882036,-14108809.909331894,401800575.0,85.84758598167055,84.58639148873709,20.914392961846993,1391.4728372192044,1285.3107077026707,21.8446714040017,1210.923656588568
2023-11-22,1380.7083593300426,1402.5793496118126,1380.7083593300426,1401.473876953125,3108786,1371.6379736328124,1364.8741563313522,1357.809528540015,63.52294876304556,7.064627791337216,-11314292.06824333,404909361.0,98.82602851259314,89.38749921278236,21.24504478719745,1401.380414126894,1281.8586727871686,21.846551323842295,1211.0074425885573
2023-11-23,1411.1837023014712,1411.1837023014712,1391.7641139980717,1393.2542724609375,3186928,1371.607763671875,1369.240328043596,1360.43506512675,60.447918716397865,8.805262916846004,-14012123.424632959,401722433.0,82.55375402036407,89.07578950487591,21.862519266686952,1408.0884714092383,1282.7645925556055,21.673196822382092,1211.0950348097335
2023-11-24,1389.6973087712938,1396.522957576825,1378.4492995375242,1381.8621826171875,2973195,1371.2196875,1371.1821518241486,1362.0222590149306,56.37467908873713,9.159892809218036,-15862450.33827494,398749238.0,71.4686719288602,84.28281815393913,21.613387389450747,1411.1361971940883,1287.210690012943,21.416086909304862,1211.1709691539152
2023-11-28,1388.2070932609774,1389.1684555139282,1371.9120500149772,1386.957275390625,3755373,1370.4656176757812,1373.609093911299,1363.869297264982,57.74606335651335,9.739796646317018,-13069480.097493157,402504611.0,76.42645600816756,76.81629398579726,21.003459304055244,1415.3431892333078,1288.9977897705985,21.118966808565293,1211.2651750488842
2023-11-29,1395.032766408813,1404.2618207292774,1393.7830658701937,1403.204345703125,3875778,1370.0886889648436,1378.1622095715798,1366.7830045566961,61.86300443793493,11.37920501488361,-9975958.863116004,406380389.0,92.23568070975341,80.04360288226037,21.059099729303416,1421.6230196589759,1290.6540067082115,20.84650813214294,1211.3723422353762
2023-11-30,1397.0997797382327,1404.2138843168973,1393.5427861257995,1398.9263916015625,10120867,1369.4629614257813,1381.356699114654,1369.1639961896492,60.19979019013055,12.192702925004824,-9884801.941131294,396259522.0,88.0730140656238,85.5783835945149,21.095851659697892,1425.538688706247,1295.0781692039093,20.119693136354005,1211.6493689590238
2023-12-01,1403.492730780569,1403.492730780569,1390.274000233607,1396.1864013671875,3489187,1368.6941674804686,1383.63819176889,1371.1656558324298,59.103741764807914,12.47253593646019,-10252740.1796433,392770335.0,85.40686438680703,88.5718530540614,20.917196911464096,1426.1771418817484,1303.8754826299705,19.626767237111718,1211.7435428403444
2023-12-04,1404.0214158015515,1415.0290836998097,1393.3023208663506,1407.770751953125,5511948,1368.5328930664064,1387.3508933356954,1373.8771444339627,62.2344190054913,13.473748901732733,-8423581.692387803,398282283.0,92.52839766337252,88.66942537193444,21.246687571490668,1429.2666391881473,1309.8420033899777,19.776766922565105,1211.8991198478184
2023-12-05,1409.1648194438199,1410.2222944378952,1386.2843511722765,1397.7725830078125,5123039,1368.2010766601563,1388.9542302083287,1375.6471769209147,58.10044588134267,13.307053287413964,-8629351.144086761,393159244.0,77.24961251534039,85.06162485517329,21.078644214786568,1431.4303384486575,1313.9175253208737,20.073993804211796,1212.038067270478
2023-12-06,1400.464591806758,1419.9321792336239,1394.9848733984943,1417.3365478515625,5269178,1368.0422534179688,1393.32074061498,1378.7352784713332,63.24527830995401,14.585462143646737,-4456631.7248132005,398428422.0,95.93381518419022,88.57060845430102,21.345605315487145,1436.8596158269509,1315.3139193292993,20.422087520705922,1212.1904702591453
2023-12-07,1415.9424072165132,1415.9424072165132,1405.3194244603783,1409.260986328125,4424453,1367.8282153320313,1395.77308610931,1380.9964420162808,59.971800080205306,14.77664409302929,-5597778.024467445,394003969.0,77.7776672426047,83.65369831404509,21.59349776613768,1440.2253700504496,1317.8701499690817,19.8217329400258,1212.3178891135658
2023-12-08,1413.5871328983626,1436.9481661035304,1409.597455929151,1433.535400390625,6323433,1368.5172583007814,1401.58267292182,1384.8882167106767,65.7160452882064,16.694456211143233,-852395.1147696627,400327402.0,94.75250688669878,89.48799643783123,22.655163642973775,1446.2673447560235,1321.4562148142888,20.383550571124346,1212.514892555599
2023-12-11,1432.4298364282415,1440.1207348788628,1424.73893797762,1430.98779296875,3862018,1369.4116015625,1406.1065375444246,1388.3030001372008,64.66718106136135,17.803537407223757,-1576523.4897696092,396465384.0,86.61029467385553,86.38015626771967,23.752490308515743,1448.028526513816,1330.6257215330593,20.02628245184709,1212.6379818316343
2023-12-12,1420.412727151834,1432.4297553003266,1410.9433324415797,1419.018798828125,6103494,1369.9460327148438,1408.0930392803784,1390.5782444846766,59.83531108870985,17.514794795701846,-3092137.8821209287,390361890.0,69.06268447654732,83.4751620123672,23.754382279880414,1443.8707231086546,1345.089323278064,20.130578195197078,1212.8223521563839
2023-12-13,1418.9706970593943,1419.018812113955,1377.7763476514297,1393.013916015625,8549258,1370.483310546875,1405.773174162724,1390.7586645980803,50.931085201984864,15.014509564643731,-5324125.324416362,381812632.0,30.937212823788908,62.20339732473058,22.222912266323437,1434.0516506262027,1362.1618625573913,21.638570071434806,1213.0500749192643
2023-12-14,1406.857612838719,1452.618434833256,1404.8867731828336,1443.4373779296875,12489858,1372.1049829101562,1411.5676670499493,1394.6607915115326,62.56403982707745,16.90687553841667,2360951.4025027696,394302490.0,88.62412568195077,62.874674327429,21.83674485881948,1438.1434782338372,1366.8136262583505,24.35042355330597,1213.4486872356292
2023-12-15,1464.202925794702,1527.1721576419056,1462.2320861007129,1517.414306640625,18395389,1375.2337158203125,1427.851765448515,1403.753644484058,72.76531150305229,24.09812096445694,15228183.111861756,412697879.0,93.71515893527035,71.09216581367001,23.313052505062917,1469.8330828471182,1347.9582135396006,28.592163278942554,1214.2153086444152
2023-12-18,1507.367985333549,1531.4501581135773,1500.0136575533297,1503.9071044921875,6467243,1377.8958471679687,1439.552586839849,1411.1724192994748,69.06468577846395,28.38016754037426,10362891.156822536,406230636.0,82.07693715763355,88.13874059161822,24.760813740560177,1487.279012852656,1342.7023470106253,28.795330227607202,1214.4927358095279
2023-12-19,1509.4349472873578,1513.1361687292908,1483.6223926007674,1498.0909423828125,4221721,1380.0791064453124,1448.5584876926125,1417.610828416759,67.47343232161151,30.94765927585354,10280401.964261279,402008915.0,78.29219199391054,84.69476269560481,25.369547135776877,1499.8344895684004,1341.8466627753496,28.84664779195836,1214.665342019878
2023-12-20,1504.580039292656,1522.3171258988723,1470.8842454217079,1477.0369873046875,6592367,1381.5518188476562,1452.9397953252396,1422.012766112161,61.91254789166575,30.92702921307864,5265280.188428002,395416548.0,64.59177354602483,74.98696756585629,25.395676246808684,1506.1673871584308,1344.8774370603192,30.45995012661594,1214.926669106739
2023-12-21,1462.4723721543946,1486.890997599005,1462.4723721543946,1476.6524658203125,5319038,1383.0785302734375,1456.5878984783278,1426.0601512757278,61.81235015209433,30.52774720260004,6123859.124619959,390097510.0,64.3415542775505,69.07517327249528,25.07224723792626,1512.0719440888115,1346.4907390166572,30.028426935044113,1215.1258824820725
2023-12-22,1475.6429166255464,1505.4932609831062,1464.154684851386,1502.5130615234375,6741060,1384.7485131835938,1463.6533081775756,1431.723329812595,65.81887794854893,31.92997836498057,11892959.988650639,396838570.0,81.16979301605363,70.03437361320964,25.249061811536954,1521.622909326737,1347.8656526849818,30.83629473480669,1215.3928155140113
2023-12-26,1475.691142373228,1488.1888523737832,1464.1547946804083,1484.2952880859375,6878067,1386.0683813476562,1466.8289973942467,1435.6175489439538,60.96625857770569,31.21144845029289,16542506.413201395,389960503.0,69.31496011855914,71.60876913738775,25.413246772746884,1525.7421718889793,1353.9897006696144,31.37357845682259,1215.6529512307668
2023-12-27,1484.3433364104721,1509.3387552878505,1484.3433364104721,1506.55078125,4225849,1388.3819262695313,1472.9400410643625,1440.8718624481055,64.41759765170082,32.068178616257,19825658.084728997,394186352.0,83.7972542044108,78.09400244634118,26.084053570851697,1532.8008311188764,1358.8903920256548,30.92142765290048,1215.8253731832594
2023-12-28,1508.3292166862195,1508.3292166862195,1494.9182605826363,1502.272705078125,5702253,1391.261923828125,1477.4527586049412,1445.4200730132923,63.25969901465632,32.03268559164894,20377530.870217014,388484099.0,81.01338611458507,78.04186681251834,26.70694559766331,1538.7547722382726,1362.8432868437587,29.670679685092104,1216.0591443925364
2023-12-29,1481.5075138445175,1499.1964874096525,1480.498036423616,1483.2860107421875,4388990,1393.705244140625,1478.3501820106715,1448.2249572895066,58.25492794229459,30.12522472116484,17297354.248780295,384095109.0,68.65819411483035,77.8229448112754,26.578693927627597,1540.6789851201868,1369.3550358759069,29.106678897193312,1216.2299016164918
2024-01-01,1479.5366225500268,1496.8411444511967,1475.9315138206164,1491.409423828125,2808451,1396.153486328125,1480.3592961364336,1451.4238066627377,59.7231327504032,28.935489473695952,18646695.66572757,386903560.0,73.94433432408769,74.53863818450104,26.241749165228384,1542.3612899921727,1377.1950332500146,28.521175449578095,1216.339215140811
2024-01-02,1486.2661594193387,1489.2944742239738,1464.1548258704092,1475.1143798828125,5396313,1398.3118896484375,1479.5523859435689,1453.1786639382988,55.50594795331836,26.37372200527011,17955395.477328673,381507247.0,63.34067720365322,68.6477352141904,25.376086388295143,1542.396256169205,1383.8944298659515,28.430705628730784,1216.5398427013517
2024-01-03,1461.2226876874497,1461.2226876874497,1430.5072069001678,1432.429931640625,7550363,1399.7475805664062,1472.30277758927,1451.6417208051378,46.285999067909145,20.661056784132143,11350306.285026547,373956884.0,21.76234340829551,53.0157849786788,23.88724625073068,1539.7291534371088,1390.0272674613288,29.586167582581776,1216.7824805321686
2024-01-04,1446.8021278177912,1461.0303366161402,1435.2177826642023,1454.252685546875,7056038,1401.7412084960938,1469.5258403519783,1451.835125600822,50.78685085893334,17.690714751156293,14700909.82205002,381012922.0,23.523661990529124,36.208894200825945,22.50475183727797,1538.5541925623183,1394.8938421056505,29.515755967791304,1217.017605700127
2024-01-05,1448.532621558546,1480.2094618779236,1448.051940416499,1473.3358154296875,8895403,1404.4695556640625,1470.1119903639337,1453.427769291849,54.386232435882846,16.68422107208471,19793541.18680908,389908325.0,42.428528207951,29.238177868925202,21.30168504442074,1536.762341337507,1403.0931762406178,29.704453503050818,1217.3349537297836
2024-01-08,1469.8748085428847,1476.6524595467752,1454.781467714295,1463.9625244140625,4440136,1407.4065161132812,1469.1659186793381,1454.208121523124,52.36051969514889,14.957797156214156,19081186.77832695,385468189.0,36.4397636756076,34.13065129136257,20.18455159391045,1536.2552827517304,1406.6429472287384,29.144920526581476,1217.491748948647
2024-01-09,1482.3245674013037,1492.9956655581655,1466.89465540363,1470.21142578125,4412074,1410.672265625,1469.3267659257863,1455.3935514681705,53.60128903344416,13.933214457615804,15790436.149370868,389880263.0,43.246110348537,40.704800744031864,19.739561528015177,1535.5177607973465,1411.3028324643724,29.136936284975867,1217.6546259477316
2024-01-10,1466.029369674196,1476.1236736674186,1446.8502390285905,1461.174560546875,4096845,1413.3554296875,1468.0725804828767,1455.8217743628893,51.51184860974453,12.250806119987374,15702995.970815178,385783418.0,38.9023865114121,39.52942017851889,18.479603478106185,1532.7703481095139,1418.26582132408,29.146686167393884,1217.7967505173692
2024-01-11,1465.9814228857829,1466.077535646869,1429.1611991473617,1436.467529296875,11296088,1415.6079028320312,1463.2102649157996,1454.3881265802215,46.2083477814598,8.822138335578074,8878258.930954859,374487330.0,9.112687516580085,30.42039479217638,17.665768850514738,1524.6220034172002,1430.7595273445186,29.701661191116266,1218.1597073854728
2024-01-12,1501.6479944061484,1555.484286139019,1495.3030263512492,1550.4371337890625,26754401,1420.306083984375,1476.6297832039938,1461.5028678549504,64.41071656906968,15.12691534904343,31145098.90763866,401241731.0,96.00456854708598,48.00654752502604,18.41229123926448,1537.0018460002757,1429.0796603473805,36.08131088047539,1219.355002734482
2024-01-15,1581.3928377800241,1600.6200834072047,1572.7886923033784,1588.2666015625,13228305,1426.0348413085937,1493.8046783360717,1470.8927740555096,68.25104473507747,22.911904280562112,32630144.288018018,414470036.0,92.79507626680738,65.97077744349114,19.884008058772565,1556.1519431554675,1417.014792684376,37.08857079030874,1220.0426318391433
2024-01-16,1581.2487929441481,1584.8057865912774,1562.2137720417506,1568.5107421875,6500917,1431.0608447265624,1505.297918928599,1478.1237346578794,64.34604227364217,27.174184270719707,29753169.737174414,407969119.0,81.27286237845597,90.02416906411644,20.884717547286336,1567.7907703333783,1411.8363292759966,36.30030355676878,1220.36550222749
2024-01-17,1557.6472848471606,1583.844407829469,1557.6472848471606,1576.826416015625,9209876,1435.889765625,1516.3023030958338,1485.4350443880826,65.2473763876161,30.86725870775126,34028547.058203615,417178995.0,86.1228145194735,86.73025105491227,21.65282743985469,1580.462484715122,1407.0381622575344,35.57864780145018,1220.8231075036156
2024-01-18,1579.1817820479896,1585.2864090913179,1565.338141663395,1579.1336669921875,6375464,1440.4908422851563,1525.968666772196,1492.3756830994978,65.50791946021528,33.59298367269821,36471179.70871188,423554459.0,87.46847297661468,84.95471662484805,22.393888019042873,1592.753813123061,1404.956501818345,34.46219206048395,1221.1426103965084
2024-01-19,1587.7858336178035,1601.148792068902,1580.6237319547474,1595.0921630859375,4522736,1445.3918627929688,1536.603050820464,1499.9843112466415,67.33220796853738,36.618739573822495,38324736.29705148,428077195.0,96.47845005556452,90.0232458505509,23.38894285058827,1606.9064635942832,1402.6478210736855,33.573115847357556,1221.3789144865796
2024-01-23,1586.343832786963,1609.993320778504,1574.4229173595988,1578.7010498046875,9401255,1450.2207836914063,1543.0796660488058,1505.8151807694596,63.61080907754872,37.26448527934622,31184901.476428792,418675940.0,82.69540240331531,88.88077514516483,24.4792578441977,1615.6579000670204,1401.5151834290732,33.715779245325244,1221.8630933787392
2024-01-24,1595.765266547254,1615.0886248379493,1581.4409451538254,1610.6663818359375,8999681,1456.0004931640624,1553.477622323749,1513.5819364040135,67.39539025897965,39.89568591973557,37818964.59750166,427675621.0,97.62152195374819,92.26512480420934,25.58890989252915,1630.103295156243,1399.706897714851,33.90662180160643,1222.3439598352618
2024-01-25,1608.3109624792746,1615.6174096135105,1593.9386434858618,1604.6097412109375,8865304,1461.7734716796874,1561.3441021525473,1520.324736760082,65.99485902039218,41.01936539246526,37681327.54952898,418810317.0,94.09637878242116,91.47110104649488,26.62989886604086,1641.339501820637,1398.2765870465505,33.033203539180874,1222.8193479863505
2024-01-29,1600.8124680993892,1614.4637659098305,1583.9405126792153,1592.5927734375,4253785,1467.2157421875,1566.1515900425402,1525.677924662113,63.189086488882865,40.47366538042729,35839137.19519829,414556532.0,87.65145118070998,93.12311730562642,27.11648270949454,1649.5691823562868,1399.0789133468381,32.853921374283324,1223.0424269314358
2024-01-30,1598.2167089344066,1624.7022872449177,1584.5654112138673,1587.6417236328125,4995943,1471.8485473632813,1569.4577644410438,1530.2678356969795,62.019168615907816,39.18992874406422,31609027.663819656,409560589.0,81.04717327050182,87.59833441121098,27.807079124138877,1656.200603758114,1402.8830632340732,33.374132421195256,1223.30546603002
2024-01-31,1584.5653067342696,1602.8311892326474,1574.8074565604313,1596.7265625,6763779,1476.001630859375,1573.6529641424218,1535.1907043490553,63.35969985381244,38.46225979336646,35425993.933333114,416324368.0,85.69317322661081,84.79726589260753,27.96939472712125,1663.4291058944364,1406.1862749649385,32.99196101055389,1223.653884690878
2024-02-01,1595.4287962912194,1612.2045208999132,1586.584193027257,1593.025390625,5760011,1480.2220092773437,1576.6333374474339,1539.4747551843104,62.39351848973203,37.158582263123435,32562227.602845747,410564357.0,83.80038848709178,83.51357832806812,28.361159967212842,1668.6471361318663,1412.7593458017272,32.46541578641833,1223.9547612016604
2024-02-02,1601.6777307925615,1652.1011372395883,1600.668253420957,1627.9228515625,7858483,1485.1586059570313,1584.5240319266748,1546.0264660271393,67.43578119771061,38.4975658995354,33032260.535275806,418422840.0,84.57998917199556,84.69118362856604,29.586017595021595,1673.6212817700002,1427.334492155781,34.36615370271619,1224.3969857480715
2024-02-05,1629.2688306775033,1635.0370047350723,1616.8672329829697,1622.010498046875,3634135,1489.930810546875,1590.2911805605518,1551.654912843416,65.82547662361098,38.63626771713575,31455533.832752373,414788705.0,68.14249664725625,78.84095810211453,30.723385392272583,1677.417006431205,1440.314548744576,33.20926927767236,1224.6000172545
2024-02-06,1621.5778077302,1666.0408126850077,1609.2723237417308,1662.6279296875,7694265,1495.1538916015625,1601.419911195467,1559.875136313348,70.95649337045514,41.54477488211887,38224650.86120579,422482970.0,96.85139595916348,83.19129392613843,32.325789365656206,1688.2733729724162,1448.3873936291463,34.8920706823584,1225.0520977243036
2024-02-07,1662.1953936519833,1662.1953936519833,1621.6739497980948,1628.307373046875,4613877,1499.8549536132812,1605.5564437879914,1564.944190886202,62.42740185129732,40.61225290178936,35121371.51262069,417869093.0,65.18847537227444,76.72745599289804,33.813735912369566,1689.0516094162435,1464.0436420486003,35.32506419714746,1225.3172019542142
2024-02-08,1632.393130184841,1640.4204816475594,1617.7804706606282,1626.7210693359375,5919715,1504.7521313476564,1608.812540026137,1569.5202559565528,62.05611300787166,39.292284069584184,33877077.92630812,411949378.0,60.954617240856074,74.33149619076465,34.97625617364253,1687.5922488873484,1481.153966932964,34.418988967846296,1225.6493503424754
2024-02-09,1619.606985174379,1627.4902262777873,1595.6691583001955,1604.85009765625,4600004,1509.1099877929687,1608.202933507693,1572.1372812676416,57.02069459275714,36.06565224005135,31931438.499574356,407349374.0,33.21095751935771,53.11801671082939,34.88566827327766,1678.136613754348,1504.977155776902,34.23342318282812,1225.8949310960475
2024-02-12,1605.811531809379,1627.5382968256615,1605.811531809379,1615.184814453125,3555808,1513.3495971679688,1609.2770690377595,1575.3259874295293,58.7250220086814,33.9510816082302,31443698.238689255,410905182.0,44.491195686986536,46.21892348240009,34.80276059500714,1650.269902095361,1550.715595951514,33.40876432472693,1226.0879333157118
2024-02-13,1617.9726101777746,1623.8368962269726,1599.2260469582461,1619.4627685546875,2696481,1517.7603247070313,1610.8440997326713,1578.5953786239854,59.44197821036333,32.24872110868591,33181679.023511484,413601663.0,48.94625594314507,42.2161363831631,34.37884645729867,1648.6763344169367,1559.2117271065008,32.780341820726896,1226.2334148984567
2024-02-14,1596.0537253184355,1604.9463270491935,1572.3081222329592,1601.8218994140625,3768579,1521.8730346679688,1609.456068914424,1580.3158616454725,55.18505518121012,29.14020726895137,36228732.28770154,409833084.0,31.487175966854203,41.64154253232859,32.71639822791486,1648.7906292401663,1560.4529620684275,33.807077856512706,1226.4254812401155
2024-02-15,1612.2044987791512,1622.5391430020945,1597.3994966076186,1611.57958984375,4834391,1525.9492114257812,1609.7827644420124,1582.6316933638636,57.01861340754998,27.15107107814879,36848046.88437037,414667475.0,41.89730116717512,40.77691102572478,31.73425661121582,1647.7778860912542,1565.7725899829645,33.18797560922436,1226.6833069678569
2024-02-16,1623.7409648134922,1642.968211288489,1622.731487432035,1635.9022216796875,4880654,1530.7118041992187,1613.8011424785777,1586.577658424295,61.27209059067389,27.223484054282835,38320377.413359806,419548129.0,67.84623287780431,47.07690333727786,31.39866728652274,1650.1840340233355,1569.2740226172893,33.059450311761125,1226.9590703614338
2024-02-19,1639.1225911266822,1645.3714455796578,1622.490977718017,1634.075439453125,3690993,1535.04658203125,1616.9202650900465,1590.0960125745785,60.785543494856356,26.82425251546806,38366910.01219041,415857136.0,65.89730532888578,58.54694645795505,31.151979987342752,1651.6903467951627,1573.261887091556,32.33238013675254,1227.1674257415432
2024-02-20,1619.895523675665,1628.7881252151305,1604.2733858360627,1620.1358642578125,3706389,1539.2640795898437,1617.4149726543183,1592.3211867733364,57.06199847887842,25.09378588098184,39457024.42395511,412150747.0,51.02567929523035,61.58973916730681,30.07922387858154,1652.2351576075084,1575.2214463963978,32.15164252820323,1227.3680884571359
2024-02-21,1609.320584627967,1609.320584627967,1581.729531940562,1591.58349609375,4300508,1542.4250415039062,1613.4408993373079,1592.2665430192928,50.26938150970495,21.174356318015043,38228313.07866141,407850239.0,20.56419565877243,45.829060094296175,28.174337929170058,1650.893858582429,1577.8509900503836,32.59840608456374,1227.5866449145628
2024-02-22,1600.6682245239977,1619.510902074662,1580.8641846763217,1616.386474609375,5841277,1546.1330151367188,1613.8940647637799,1594.0532046185583,55.25254228876737,19.84086014522154,43125103.84439547,413691516.0,47.02559178002603,39.538488911342924,26.75481524466618,1651.14887011132,1578.167987798836,33.03042832126207,1227.892286491722
2024-02-23,1631.4317759907635,1632.8257043439937,1607.3016064283056,1612.060302734375,5373072,1549.9938452148438,1613.6119475284868,1595.3870637382486,54.23179177205999,18.22488379023821,39755535.9810043,408318444.0,42.41015627493598,36.666647904578134,25.872278249323767,1651.2545959153117,1578.8073181471882,32.49426186372107,1228.1817697382849
2024-02-26,1610.2338297480162,1610.2338297480162,1581.441074154028,1596.0057373046875,2782438,1554.053681640625,1610.9032998017485,1595.4328914098367,50.503033129910264,15.47040839191186,39788061.07651685,405536006.0,26.363705002522533,38.599817685828164,24.054934407187492,1651.0308239058863,1579.3723865433326,32.36033091490864,1228.3232367684047
2024-02-27,1596.8227471676216,1606.5324827253958,1588.9396234127066,1599.322265625,5159088,1557.1713793945312,1609.121602236095,1595.7209932035523,51.24873637946202,13.400609032542661,40718371.49592007,410695094.0,36.97360338217002,35.24915488654283,22.367400839489527,1650.1497099526323,1581.4215546958053,31.3055115147501,1228.5869418898874
2024-02-28,1605.4750549270755,1622.5873509570388,1597.8322715172949,1606.6767578125,3188916,1558.9566284179687,1608.745472324773,1596.5325313227336,52.9418118401689,12.212941002039315,39808125.126305394,413884010.0,47.03951860560109,36.792275663431205,21.375197537041082,1649.806931521309,1582.7593526583785,30.837623509392518,1228.7544964958122
2024-02-29,1600.6680959372443,1617.2515942284858,1589.4202049073078,1609.2242431640625,7814722,1561.0629711914062,1608.8191293769712,1597.472658125795,53.543649302358695,11.346471251176126,43114878.354718596,421698732.0,50.526200068849384,44.84644068554015,20.115933448293248,1649.077478407755,1585.1086910258389,30.622892495948626,1229.1604555233707
2024-03-01,1604.5136407879365,1607.3496125644087,1587.2091197968145,1590.76611328125,6387291,1562.916474609375,1606.0417422853218,1596.9758770261992,48.68515947138525,9.065865259122575,38983694.26653643,415311441.0,25.263005024702036,40.94290789971749,18.856247278028206,1648.766730364475,1581.7037652409938,30.008051843898578,1229.4826410844855
2024-03-04,1593.7944150788564,1600.139382587033,1570.5294950976115,1573.9422607421875,4445156,1564.854580078125,1601.103360509455,1595.2696832273834,44.70355739690209,5.833677282071449,35563214.61405721,410866285.0,4.5599635265981835,26.783056206716523,17.992037640280582,1650.6880919768237,1574.9755798981764,29.9796115328645,1229.6982173637655
2024-03-05,1570.8659288802326,1574.086468972356,1540.1023366377801,1544.428466796875,4596579,1566.2101000976563,1592.3841460921349,1591.503667195494,38.72093772671175,0.8804788966408523,32136911.132336695,406269706.0,4.1095913156094666,11.310853288969883,18.191538181058046,1648.554289847422,1565.2894357385155,30.26564873298674,1229.9027208403575
2024-03-06,1540.8714208560284,1557.5510319856057,1515.1068662897885,1555.051513671875,6420684,1567.260869140625,1586.6406641813255,1588.803507675226,41.743018242108484,-2.162843493900482,37801372.599435806,412690390.0,30.66424318862633,13.111266010277982,19.04140445787653,1649.3701681297403,1557.1479715186974,31.135542801760348,1230.1788479353029
2024-03-07,1554.1383684498298,1565.5304889505271,1542.2174517093579,1553.994140625,6348359,1568.6548461914062,1581.6181220957371,1586.225036041876,41.523509513852474,-4.606913946138775,37866819.59943577,406342031.0,29.852531322945563,21.542121942393777,19.469895911353312,1649.1066085527063,1550.1388382246373,30.57679240457527,1230.4612825253976
2024-03-11,1546.0148020133513,1551.446522464346,1526.643328250248,1538.7564697265625,6752895,1569.2989599609375,1575.0240217312487,1582.7088459444453,38.390466399028135,-7.6848242131966344,37709750.26637371,399589136.0,20.089905598528087,26.868893370033316,20.27165823999318,1652.3577269754528,1540.2783570089223,30.346365259587888,1230.7472991122643
2024-03-12,1538.179677636585,1562.2137350996566,1535.9204997058155,1550.6292724609375,4614222,1570.2660913085938,1571.27098338197,1580.3325812419632,42.058882032401186,-9.061597859993299,38258038.077211395,404203358.0,30.17563438299673,26.70602376815678,20.519749916634787,1651.7850161454955,1534.3955136396605,30.056855983463116,1230.9491639296311
2024-03-13,1550.5812035377992,1561.7329822176875,1536.785678658404,1549.13916015625,5688997,1571.583154296875,1567.8660875010899,1578.0219574578364,41.72309987574352,-10.155869956746528,38203230.68121359,398514361.0,28.90981123241368,26.391783737979484,20.750120759230562,1649.9301766033366,1529.217992341976,29.69188795316457,1231.197409381309
2024-03-14,1552.0232723085692,1593.6983032463334,1545.8705303092167,1589.4202880859375,8803799,1573.5433715820313,1571.1821183602972,1578.866278245103,52.713312345301716,-7.684159884805922,45432095.98565572,407318160.0,63.12789271835182,40.737779444587396,19.596203370816653,1649.048286447518,1528.8597213649819,30.987308309161143,1231.613493912702
2024-03-15,1577.6916155196645,1582.2100886516137,1555.8206236318867,1570.865966796875,11809997,1575.4584033203125,1571.1334796582323,1578.2736625822713,48.20389993961905,-7.140182924038982,47088492.29902199,395508163.0,51.878348594827756,47.97201751519774,18.524708653003735,1646.5656093026225,1527.27103620519,31.173905176653257,1232.1592701365428
2024-03-18,1567.0205300379491,1569.5681635728802,1537.074071284563,1540.727294921875,4958904,1577.6243505859375,1566.455605083408,1575.4924501629825,41.92936358311349,-9.036845079574505,43244620.849998936,390549259.0,23.83728423946448,46.281175184214675,18.178719107808753,1640.5894819904104,1523.7296708416209,31.360904486343173,1232.3740162087806
2024-03-19,1530.8252596452844,1537.2183425142427,1497.8024875779802,1501.119140625,6870411,1578.5616796875,1556.403841320576,1569.983316123132,35.40663514609531,-13.579474802555978,37530433.38564346,383678848.0,2.6578969253224565,26.124509919871553,18.94783532076127,1638.8500529823045,1512.1734699669141,32.186897547596864,1232.6362900345498
2024-03-20,1502.6092525994748,1514.097484972457,1492.3707207856676,1494.8702392578125,4759059,1578.9923681640626,1546.9371333109202,1564.4193845034786,34.49489801830157,-17.48225119255835,33866370.01207551,378919789.0,2.0015222533572627,9.498901139381388,19.792276514907794,1638.2207450438432,1500.2762154053758,31.439745164682055,1232.8101453104127
2024-03-21,1503.5705989163719,1516.020193442864,1483.7665595113776,1494.6298828125,11062497,1579.6057153320312,1538.8898640034708,1559.2497917856283,34.45814325391996,-20.359927782157456,30255776.365599953,367857292.0,8.790301770956225,4.483240316545303,20.78382818225699,1639.7466004534076,1489.054998667686,31.497880076596648,1233.2099269204448
2024-03-22,1462.2319662822674,1469.8267514450895,1440.3128602801103,1450.5513916015625,14673890,1579.2125146484375,1525.2993297877924,1551.1980584386606,28.46761076254745,-25.89872865086818,25762792.809465703,353183402.0,6.406027719098258,5.732617247803904,22.584612041012985,1642.4445098560616,1469.773580964251,33.12781882343901,1233.6494522677967
2024-03-26,1434.3525080454037,1449.2055081878689,1430.41094620585,1434.9774169921875,8351081,1578.6885717773437,1511.4036508961608,1542.5891220352182,26.701314220333757,-31.185471139057427,21469797.06384116,344832321.0,2.7965856445366755,5.997638378197041,24.424950669024234,1644.4592970023884,1450.0505052437054,32.20014929288711,1233.8813863254072
2024-03-27,1438.1980317215819,1441.0821186835904,1424.306393129427,1426.5174560546875,6857402,1578.4895703125,1498.344236305165,1533.9912208514752,25.766092177158896,-35.64698454631025,16420024.45988166,337974919.0,1.3052942869198714,3.502635883518257,26.237624487321366,1646.491253124585,1431.0697209965087,31.098404740121122,1234.0644087847586
2024-03-28,1429.6899508266822,1453.387554709184,1429.6899508266822,1440.1688232421875,12499530,1576.2842041015624,1489.3941727570145,1527.0414136211575,30.02517783220941,-37.64724086414299,14974859.346155768,350474449.0,9.364337471496084,4.488739134317531,27.304973339889703,1642.89467403964,1418.7509558431725,30.796382876862225,1234.4148270695866
2024-04-01,1466.0774920604706,1470.8361884538372,1435.1216732679904,1437.669189453125,6580002,1573.272255859375,1481.4364830179545,1520.42124886797,29.68928654849327,-38.98476585001549,9333560.364017852,343894447.0,7.888686250999562,6.186106003138494,27.481389118487062,1635.770943914896,1408.973929131979,31.147678041789693,1234.6048662088756
2024-04-02,1427.4787548291838,1435.4581086770484,1423.6333057176912,1425.5560302734375,7279400,1570.4131616210936,1472.8394902880286,1513.3941956387455,28.05157961103275,-40.55470535071686,4421435.519334352,336615047.0,1.1305821795707705,6.127868634022128,27.916974614150458,1626.7139896306335,1399.664062127179,29.92540701990713,1234.795366985337
2024-04-03,1421.854768854572,1437.332677620838,1418.0093198515847,1423.4410400390625,8736248,1567.3454541015626,1465.2397287112647,1506.7309989276578,27.763609128334878,-41.491270216393104,596637.7125215945,327878799.0,3.091668061664119,4.036978830744805,28.45319696713285,1618.9071264813995,1390.7384179521944,29.168117787717573,1235.0211932917725
2024-04-04,1432.9585406732908,1437.8614646501408,1411.2797751153907,1429.2572021484375,11186915,1564.3479248046874,1459.7039553939067,1500.992199166234,29.89494934452813,-41.288243772327405,4541337.869976826,339065714.0,9.855044450387354,4.692431563874069,29.1104766485569,1611.572871561083,1383.6041670131358,28.983372912505605,1235.309397768024
2024-04-05,1422.8644144632087,1429.2573803038363,1419.0189650053617,1421.9510498046875,5072482,1560.8851025390625,1453.8958160724883,1495.1372992135268,28.747499478950772,-41.24148314103854,2374178.0186632033,333993232.0,6.243055704121981,6.396589405391139,29.72080778130781,1607.859814178968,1375.069482696032,27.644447368646247,1235.4379309083763
2024-04-08,1425.7001836634586,1433.3429664320747,1417.144036366265,1419.6435546875,6610887,1557.7039526367187,1448.6262373978745,1489.5451699893767,28.377040817775566,-40.9189325915022,-2196570.1438970827,327382345.0,5.283886994879263,7.127329049796187,30.054037850000153,1601.2595861153143,1368.1289148612484,26.82691041844364,1235.6051540164428
2024-04-09,1432.42982355354,1455.3102931800076,1429.8341922913037,1437.0924072265625,9423230,1554.2324731445312,1446.8518019869034,1485.6597801550943,35.17945570661058,-38.80797816819086,-6250389.100725599,336805575.0,20.496209099649523,10.674383932883577,29.203056345247813,1592.6187092113048,1365.0796184254139,27.45832670944821,1235.865002696619
2024-04-10,1442.3799530857132,1451.5128952507325,1427.190498634067,1448.580810546875,6744595,1551.11189453125,1447.117803303822,1482.9131898137448,39.26921048144822,-35.795386509922764,-1131926.931703587,343550170.0,35.61283793507655,20.464311343201768,28.50305668737688,1585.3703342303018,1363.3104274884483,27.234331702820885,1236.0521072461672
2024-04-12,1445.888914905708,1448.5807763164664,1422.3355382998636,1427.3826904296875,12275616,1547.8076928710936,1444.0816320924166,1478.7998194889997,34.894369171047174,-34.71818739658306,-8686160.607023895,331274554.0,15.374117815675163,23.8277216168004,28.023488793433156,1575.1956170798906,1361.1604864357344,27.163684598834493,1236.3758793846707
2024-04-15,1422.8161919534118,1434.3044243996258,1404.5984234641753,1411.424072265625,8531224,1544.28333984375,1439.0573921190642,1473.8090233983794,32.00373325215625,-34.751631279315234,-13296887.937207451,322743330.0,10.304769194001352,20.43057498158434,28.160991526983214,1564.2309560691197,1358.3536386574428,27.34527862287849,1236.58199515517
2024-04-16,1394.9366663519509,1398.9263432791952,1358.4530148178953,1359.798828125,16173541,1539.54478515625,1426.8637668892081,1465.3638237484995,24.836136042432173,-38.50005685929136,-28394828.41072168,306569789.0,1.1975220698646045,8.958803026513692,29.42042043001274,1543.8640593341513,1355.7583893963176,29.175691396082147,1236.875532554002
2024-04-18,1366.192071172371,1388.8802001423792,1353.1175661179432,1364.41357421875,22107945,1534.972548828125,1417.256044939907,1457.8860274870367,26.422448221305117,-40.62998254712966,-36536714.55490281,328677734.0,9.595769876218238,7.032687046694718,30.695950392692264,1522.8397382544024,1356.137471218254,29.646187298107424,1237.2641561840076
2024-04-19,1331.4867740222267,1371.719762459648,1325.4782596990215,1356.7225341796875,20603621,1529.5485424804688,1407.9431971306424,1450.3924353901962,25.458113671495155,-42.449238259553795,-29297590.341711078,308074113.0,21.494716351777207,10.762669432620001,32.37956780429577,1507.288522205361,1353.2882111930767,30.831566974001653,1237.5763781373137
2024-04-22,1365.0383635258054,1381.333407692064,1358.453055191947,1377.391845703125,5859087,1524.6561694335937,1403.2429892187165,1444.984984302265,32.5796144339365,-41.741995083548545,-25457174.567075126,313933200.0,35.71431324648924,22.26826649149488,33.42167211640189,1497.1235617323853,1351.0804421738646,30.38723172674271,1237.6812567824747
2024-04-23,1387.2458613180056,1390.9470828687797,1377.6322378854484,1386.6690673828125,4856174,1519.1369921875,1400.6931550901159,1440.6652867526761,35.5556138681395,-39.97213166256029,-23721545.73309982,318789374.0,47.130747353466035,34.779925650577475,33.88046621078181,1485.726930437104,1351.656956281646,29.184946400950707,1237.7762364727953
2024-04-24,1388.4956223694112,1388.4956223694112,1371.9121226282693,1375.4691162109375,4268213,1514.0802270507813,1396.8125337240883,1435.8359407866214,33.62587692978704,-39.023407062533124,-26158781.377602786,314521161.0,38.50425443674281,40.449771678899346,34.43593081719361,1472.5003256783862,1352.9674843802077,28.284843068107218,1237.8559605748587
2024-04-25,1365.1344941717352,1389.0724394064925,1365.1344941717352,1382.87158203125,9089398,1509.2032373046875,1394.66777192519,1431.9126549528903,36.09460041466343,-37.244883027700325,-21778397.46148318,323610559.0,44.205825629800174,43.28027580666966,35.105983696195736,1467.8181852607,1350.8816438408626,27.974350365725083,1238.025919357344
2024-04-26,1384.0733528171797,1389.553188721318,1371.8640976979002,1374.988525390625,8062444,1504.606005859375,1391.640195535257,1427.696052763093,34.61794926144333,-36.055857227835986,-26992699.262283213,315548115.0,38.13409092052331,40.28139032902209,35.699209888991504,1465.4041679529523,1347.296771988454,27.23968898413171,1238.1760942313745
2024-04-29,1374.6999891627063,1384.1695018055798,1373.065720176132,1379.3145751953125,5055957,1499.8886010742187,1389.7439462521886,1424.112239609924,36.16142707794963,-34.36829335773541,-26357992.78734197,320604072.0,41.46612669682581,41.26868108238309,36.25006278230186,1463.4033260327894,1344.5773258226793,26.087124173082866,1238.2701375975118
2024-04-30,1379.2665134161475,1381.0451276425792,1362.7792430347897,1365.663330078125,6936588,1494.8126123046875,1386.0392360715634,1419.7826907557167,33.47584268101588,-33.74345468415322,-31104079.313657686,313667484.0,30.951583597424445,36.850600404924506,37.02590229515315,1459.4799892915526,1341.0501132475101,25.528464204133343,1238.3906911718839
2024-05-02,1358.4048997624443,1368.9798848278278,1357.2993096712137,1359.798828125,10076354,1489.9721508789062,1382.0022502336308,1415.33944167196,32.36386225677654,-33.33719143832923,-36867968.82758793,303591130.0,27.231060950620247,33.21625708162349,37.882933021514496,1455.4770328261136,1337.2660335801363,24.539329272167688,1238.5550456565097
2024-05-03,1367.1533457490432,1369.7490944518047,1348.983574244914,1361.5775146484375,8842345,1484.972109375,1378.859983220524,1411.3570767072545,33.08981907822388,-32.497093486730364,-34984845.37335283,312433475.0,29.32454667973894,29.16906374259453,38.88191570735751,1452.5384675828684,1333.8067472608816,24.26977148179076,1238.6966725685957
2024-05-06,1365.134335983826,1389.8412977992023,1362.346362108595,1370.806396484375,6445422,1479.6701928710938,1377.620969876501,1408.3533226166708,36.875666857597274,-30.732352740169745,-37463828.44074341,318878897.0,41.651873802644296,32.73582714433448,38.4342467799939,1448.9653150904342,1332.116435397847,24.555058029574617,1238.8117745139225
2024-05-07,1369.8931061755525,1387.582195239738,1360.9043925105204,1385.27490234375,6080661,1474.6941821289063,1378.7984979483856,1406.643810003862,42.3799857588613,-27.84531205547637,-32434968.15091552,324959558.0,81.41348246269261,50.796634315025265,38.06526017244143,1444.017841695738,1332.6656788120742,24.706682650977683,1238.9230547812915
2024-05-08,1379.795249208848,1384.1213795843503,1370.5180794884,1372.1524658203125,6234983,1469.7345141601563,1377.7760314671436,1404.0888956198953,39.053806620936605,-26.312864152751672,-37171730.73042495,318724575.0,71.29226380053683,64.78587335529123,37.72262975114271,1439.7176721516091,1331.9859899577657,23.99597837986142,1239.035070483494
2024-05-09,1372.3927301216006,1393.9271506886637,1369.796981628288,1383.9290771484375,6088406,1465.58142578125,1378.7226538796504,1402.5955757331205,43.35084111054076,-23.87292185347019,-36128654.5644967,324812981.0,85.39337395292627,79.36637340538523,36.7277629347934,1435.6523153861444,1332.4798989693245,24.005563428469582,1239.1498365278776
2024-05-10,1379.6029430765502,1380.4680752180618,1358.4048585337118,1369.8450927734375,8777481,1460.6505981445312,1377.3568752479252,1400.1696140324034,39.742045038643155,-22.812738784478142,-35803524.63415403,316035500.0,46.41713049835554,67.7009227506062,36.248552618196236,1426.4640366363108,1334.9434462738457,24.114038798916447,1239.3000236309604
2024-05-13,1369.9413304391032,1369.9413304391032,1356.6744832449094,1368.451171875,3735954,1455.7784155273437,1375.986767036706,1397.8200997985216,39.392521944060725,-21.833332761815655,-32906830.14573297,312299546.0,43.31563967645332,58.375381375911694,35.869476158659644,1410.4368922358606,1342.957626807108,23.339239398579114,1239.3616136217586
2024-05-14,1371.287218365655,1378.353207852325,1363.2598665718517,1369.65283203125,3463230,1451.251357421875,1375.012315497405,1395.7336355194643,39.88337160636172,-20.721320022059217,-33436275.060439054,315762776.0,45.989348026642084,45.240706067150306,34.913581811875154,1398.329283291136,1349.292249911989,22.750246675857277,1239.421104691717
2024-05-15,1370.9025923662102,1376.4785404547986,1363.7404904205403,1365.0863037109375,4327544,1446.5666381835938,1373.4852367610256,1393.463462792907,38.60386580821726,-19.978226031881377,-36849382.9867362,311435232.0,35.82876740167143,41.711251701588935,34.025965632718126,1389.1561790052854,1353.8315773423708,22.03508977288592,1239.494240690312
2024-05-16,1378.5453496843256,1399.5030936490596,1371.86392899688,1397.19580078125,9249145,1442.3770190429686,1377.1330158410601,1393.739932273525,50.60373554458199,-16.606916432464914,-29144458.773463465,320684377.0,95.43286853275126,59.083661320354906,31.71353083020829,1393.431971897756,1353.2954817155253,22.919496927545648,1239.675791052202
2024-05-17,1400.7048596373168,1400.7048596373168,1383.6406789519617,1388.49560546875,7542860,1437.9624462890624,1378.8811065530124,1393.3514636213195,47.87343606095481,-14.470357068307067,-32395283.696988918,313141517.0,76.39414009930974,69.21859201124413,29.497504013629378,1395.22475754183,1353.9108991964513,22.50126005310346,1239.8249299921276
2024-05-21,1374.7479941579209,1388.8799720514555,1373.2098380547955,1378.7376708984375,6752663,1433.7218774414061,1378.8590395292315,1392.2689604566615,44.944449635198374,-13.409920927429994,-34383776.54740342,306388854.0,57.52775946650004,76.451589366187,28.016664022238462,1394.685647880483,1356.6515225296735,22.013322477643218,1239.9487854173867
2024-05-22,1373.5464301608981,1403.540887941002,1372.8254084127823,1398.5899658203125,7173285,1430.2148315429688,1381.8945666509362,1392.7371830761913,51.45218583976888,-10.842616425255073,-29522965.6438525,313562139.0,90.92528245017955,74.94906067199643,26.240886035665717,1398.214279126398,1355.2427032954772,22.63490512411297,1240.090763699469
2024-05-23,1398.493704408289,1421.0377209738313,1393.975348496062,1415.5098876953125,8641428,1427.6364599609376,1387.0661545039172,1394.424050085015,56.20376459244999,-7.357895581097864,-24411780.479107518,322203567.0,92.32822324672635,80.2604217211353,25.44609404815595,1405.2695632962352,1351.0715011568898,22.951152792231277,1240.282307134885
2024-05-24,1411.5201358737334,1418.4900122470244,1403.5888972420573,1408.4918212890625,5277938,1424.7052661132811,1390.362410932401,1395.4661072112408,53.8495080075342,-5.103696278839834,-26216511.38954724,316925629.0,80.50766225029227,87.92038931573272,24.708072916896878,1409.9193265055956,1349.7240084553418,22.37615009314098,1240.3990952800004
2024-05-27,1414.9811694623938,1422.4317277701236,1403.8293895306174,1414.50048828125,5821844,1421.9153930664063,1394.0759612937622,1396.876061364575,55.56564751439794,-2.800100070812732,-25359036.753910292,322747473.0,87.93860730305927,86.92483093335927,24.21226373409187,1415.0858818056295,1347.7203437803082,22.106592103595638,1240.5303062916564
2024-05-28,1418.490041457558,1418.970722596649,1403.8773817707088,1410.3665771484375,6186922,1419.3475952148438,1396.582209886789,1397.8753588300463,54.0757830718188,-1.2931489432571652,-26225977.43131704,316560551.0,81.65198266928621,83.36608407421258,23.751869492915795,1418.9708970684785,1347.3731336932403,21.60564558376311,1240.667503800585
2024-05-29,1408.7803051289059,1408.8764178859115,1393.9753025824439,1394.8885498046875,7401634,1416.2327807617187,1396.321646797235,1397.6541137170568,48.79986379409331,-1.3324669198218544,-32720360.993627854,309158917.0,58.113850170721676,75.90148004768905,22.622339767781792,1420.0563080000425,1347.8451202226138,21.23319051106529,1240.8199786905893
2024-05-30,1387.0535133382937,1393.8310468476277,1366.6245653476285,1372.2965087890625,9663150,1412.695927734375,1392.6254717190545,1395.7757726112795,42.31094172653293,-3.1503008922250046,-38354409.30577494,299495767.0,23.757117040028806,54.50764996001222,21.972738047557716,1419.8274477667542,1348.7372983269956,21.735390078636268,1240.9914416217805
2024-05-31,1374.5880898199573,1400.8649238524729,1365.032812523725,1371.760498046875,37113815,1408.3427319335938,1389.4154757694885,1393.9968633842866,42.16767796692111,-4.581387614798132,-61531558.749366924,262381952.0,22.941981390629795,34.93764953379341,20.946203461427803,1419.1367289275036,1350.6241841584338,22.742298739358528,1241.653848542041
2024-06-03,1404.033674005501,1404.033674005501,1368.9328321553635,1370.785400390625,10589244,1404.3411206054689,1386.5493103265862,1392.2774957551264,41.88980182490701,-5.7281854285402005,-71003034.8534521,251792708.0,12.718095504139832,19.80573131159947,19.80314205062092,1418.5639308721907,1352.1177707879656,23.62505181869989,1241.844456185924
2024-06-04,1373.807893135552,1379.658033205682,1324.4229369059228,1358.84130859375,13736134,1400.7034008789062,1382.2865408292269,1389.80074115058,38.53961767661522,-7.514200321353201,-67620510.70899759,238056574.0,35.117637289818866,23.59257139486282,20.588662709921493,1419.3913552780193,1350.0938375930743,25.88291213877555,1242.0432969696024
2024-06-05,1365.1789578532776,1402.0835675909418,1365.1789578532776,1394.380859375,9233424,1398.5686352539062,1384.1472052208844,1390.1400091672037,51.07723138796833,-5.992803946319327,-62241476.25066441,247289998.0,71.37923226296056,39.73832168563974,20.11647190432868,1420.1010439640554,1350.2947446101634,27.12286548580528,1242.21562609818
2024-06-06,1408.85996393557,1437.476994921283,1401.5960874734012,1435.4781494140625,12660930,1397.3807934570314,1392.0442735582965,1393.4983899262302,60.987935234450894,-1.4541163679336933,-50991170.72188175,259950928.0,98.23195598432306,68.24294184570083,19.14157100089424,1428.9808327565713,1347.7475241770223,28.263813347267977,1242.512422286263
2024-06-07,1444.00969016698,1501.2435175164167,1440.3533523289473,1495.2958984375,24075302,1397.3941137695313,1407.9291389243278,1401.0389461122502,70.39016769130433,6.890192812077657,-31619115.134993717,284026230.0,96.63635360862304,88.74918061863555,19.961216141701733,1455.6466300675984,1332.2184089949014,30.942495829774135,1243.2408453271921
2024-06-10,1487.2031538065999,1491.5907588534046,1459.9025001820376,1462.291259765625,6810606,1397.6289111328124,1416.2925421306813,1405.5761545310188,61.572594000618,10.71638759966254,-37402911.77186273,277215624.0,77.97074434644179,90.9463513131293,20.72231520102298,1465.9470466386717,1331.162609123047,31.260417431609017,1243.4393866400274
2024-06-11,1462.583761115188,1468.823815070724,1456.6360237178806,1458.39111328125,4853054,1398.0971850585938,1422.7692453846148,1409.4883736977026,60.60643970294694,13.280871686912178,-40858248.305378355,272362570.0,75.76503589841539,83.45737795116007,21.288105187926504,1473.731733041229,1332.3719168611149,29.898086997411486,1243.5744640769658
2024-06-12,1469.3601706387192,1471.0664614805357,1445.7158546878306,1448.1046142578125,9564320,1398.5289282226563,1426.6669944420298,1412.3488359614146,58.02053724370112,14.318158480615239,-48620097.767517835,262798250.0,69.94755753253617,74.56111259246444,21.33948875527313,1478.5073072342605,1335.4415208907396,29.5732669827896,1243.8324673888487
2024-06-13,1457.6599305401555,1467.4101641892535,1452.1510247241338,1456.6361083984375,7307565,1398.8582739257813,1431.2776273584002,1415.6293746604533,59.56163143696527,15.648252697946873,-51631871.31016435,270105815.0,74.77250161493258,73.49503168196138,21.387202067809287,1483.4926796418606,1339.6111289518892,28.839858621978983,1244.032681828579
2024-06-14,1466.142554347695,1466.142554347695,1448.9334875481077,1451.7122802734375,4237727,1399.1391357421876,1434.4214201145599,1418.3021824836374,58.232941915143,16.1192376309225,-54501044.73353274,265868088.0,71.98785510602512,72.23597141783128,21.28055287688408,1487.9466247608511,1340.6088317821177,28.009087777522442,1244.1469237115193
2024-06-18,1459.6099268376586,1469.3601601498674,1458.0499133119856,1460.7799072265625,5420939,1399.84361328125,1438.4765719779448,1421.448680612743,60.00250153346145,17.027891365201867,-57305041.646694236,271289027.0,77.11600643423475,74.62545438506415,21.286304496718714,1493.2205771278561,1342.563309590894,27.269001498872974,1244.2978076247216
2024-06-19,1467.410187837327,1477.7942106452415,1459.3174461695942,1473.6015625,5493456,1400.8468237304687,1443.8804166736454,1425.3118570488361,62.42658262709475,18.568559624809268,-54304676.70056598,276782483.0,84.3672298094602,77.82369711657334,21.567742828046285,1499.4369114131027,1345.8333644658037,26.640984568642573,1244.4557457040798
2024-06-20,1478.42795986229,1479.5979402789894,1461.6574867540273,1477.5504150390625,7927010,1401.8126879882811,1449.060416422171,1429.181379862927,63.16697712075174,19.879036559244014,-48187069.459483966,284709493.0,86.60048372449013,82.69457332272835,21.888865049497877,1506.1046565798965,1347.0616642208847,26.019518065522536,1244.6859784390915
2024-06-21,1506.4111705290543,1518.8427190237114,1485.6431242588264,1494.4183349609375,17301941,1403.2620336914063,1456.0385577358275,1434.013746907224,66.22831012491831,22.02481082860345,-56342623.04688327,302011434.0,87.43729480780073,86.13500278058366,23.28441643830732,1515.1288288152073,1345.9283367121366,27.110431345460135,1245.2454833845106
2024-06-24,1486.4719210591036,1490.9082059639925,1477.5504334510292,1489.0069580078125,5564989,1404.6493017578125,1461.110619316133,1438.08731809986,64.37966783872368,23.023301216272785,-52361793.97356957,296446445.0,84.65394792088439,86.23057548439175,24.13470340839277,1522.1853561551256,1346.9233230440932,26.378822071492145,1245.4151776146175
2024-06-25,1487.8856805292482,1505.3386228666056,1482.3767746181575,1503.437255859375,4551525,1405.9761987304687,1467.6224095535547,1442.9280542301944,67.02311723177488,24.69435532336024,-48564051.45431307,300997970.0,89.97456326267474,87.3552686637866,25.285756433755502,1531.026377876321,1346.9759780807103,26.13475251270329,1245.560264614122
2024-06-26,1502.5110604881513,1510.1649703794121,1496.6609200839146,1502.218505859375,4851004,1407.0489526367187,1472.944885908296,1447.3199395360596,66.57375136382865,25.624946372236536,-49422198.46146101,296146966.0,85.82115925675612,86.81655681343841,26.471346725261135,1538.5651789740223,1348.6223698541025,25.232559497188596,1245.7183765586053
2024-06-27,1500.0246394725445,1538.976894088541,1493.784585190291,1534.052978515625,14757754,1409.1823583984376,1482.3461309248082,1453.7446090901014,71.8776455540241,28.601521834706773,-37880298.50890391,310904720.0,95.00736286178139,90.26769512707074,28.193132471397355,1550.4921481528504,1350.6118435463682,26.6582558829787,1246.2341045074995
2024-06-28,1533.2729807577389,1548.8245552176206,1525.180239533625,1527.6177978515625,8197544,1411.5062329101563,1489.3110027596936,1459.2166971465058,69.47770521705513,30.09430561318777,-44387627.25117203,302707176.0,79.43262085828431,86.75371432560728,29.976145669167433,1556.85653162566,1359.779588979809,26.442974440194202,1246.5317541684135
2024-07-01,1520.5488612730949,1559.939827043026,1520.5488612730949,1551.067138671875,6801771,1415.3315991210939,1498.811946746183,1466.0204335557924,73.01364895489846,32.79151319039056,-40650010.342108294,309508947.0,92.23220118491396,88.89072830165988,31.831376263115953,1565.3158237425066,1369.2509609254623,27.367830963746847,1246.7868162456016
2024-07-02,1556.3323402976748,1592.9933162222828,1546.8746607024498,1580.561767578125,10493173,1419.6545629882812,1511.3888422587893,1474.504976816706,76.67401950621965,36.883865442083334,-35813827.517156474,320002120.0,91.55909633786717,87.7413061270218,34.05871142290196,1577.1418334929522,1378.4025878937664,28.707175574895864,1247.2186011586093
2024-07-03,1584.4129718719971,1595.1382289123615,1565.887527893186,1586.7530517578125,7269965,1424.2551733398439,1522.9833360278699,1482.8196490345656,77.36796750983368,40.16368699330428,-32711963.95119785,327272085.0,94.26477070695117,92.68535607657743,36.156232249625205,1583.5146958270157,1394.8208998761093,28.745998820915837,1247.5254254507256
2024-07-04,1587.5330170243992,1618.538808064561,1587.3380599572922,1609.42236328125,8008311,1428.8957836914062,1536.2816479130051,1492.1976278676534,79.74414989718271,44.084020045351735,-29383497.472110055,335280396.0,94.62490636758852,93.48292447080227,38.404942644814206,1597.5632447305325,1402.2765013632174,28.963124355618167,1247.8854212146505
2024-07-05,1610.202339677658,1624.242700384009,1592.5544400147564,1606.30224609375,7065022,1433.288447265625,1547.0540476331198,1500.6498218103272,78.52216527653749,46.40422582279257,-30318264.843549356,328215374.0,89.20503434214385,92.6982371388945,40.560890331003506,1611.7824891359915,1405.1396666257274,29.157776928020617,1248.2047195139746
2024-07-08,1602.0608521487309,1624.388910801362,1599.0383035499601,1620.1475830078125,5880533,1438.1820166015625,1558.299206921534,1509.5015078249558,79.98765316763776,48.7976990965783,-26405437.611418564,334095907.0,97.43061115801518,93.75351728924916,42.56465856594092,1628.6314694607465,1400.7758547580036,28.88583623683357,1248.4750913759171
2024-07-09,1618.441324047008,1625.1202103618075,1609.7635922047962,1615.760009765625,5191182,1442.83978515625,1567.1393304360097,1517.3725079687092,78.16743627406417,49.76682246730047,-27542537.574867267,328904725.0,94.27380115197286,93.63648221737729,44.43503625631278,1641.6963512499267,1403.0578479688231,27.919463516846267,1248.714971466878
2024-07-10,1615.613729908852,1632.1891272585506,1596.649572902613,1607.082275390625,9852770,1447.48166015625,1573.2843988905659,1524.0176759258882,74.55386198332819,49.26672296467768,-31610709.54286429,319051955.0,83.76418524384586,91.82286585127797,45.239157523492004,1650.7750623739266,1408.8482530557608,28.4637557196385,1249.1633440137819
2024-07-11,1614.6387674406476,1623.41397813326,1601.0372384756638,1611.421142578125,8857679,1452.1237915039062,1579.1515902271135,1530.4920067890168,75.17189181183112,48.65958343809666,-32247594.029114697,327909634.0,86.56999476064156,88.20266038548675,45.985841557301285,1657.8200299830044,1418.1349382787146,28.02896885806404,1249.5654709617622
2024-07-12,1638.0393443296334,1676.7965252445756,1625.022805487011,1668.996337890625,17078316,1458.1904516601562,1592.973859098423,1540.7515868706173,81.56896181754006,52.22227222780566,-20315288.982693464,344987950.0,95.98796555966229,88.77404852138322,47.525952638473804,1675.1702610704695,1422.0207301404682,30.696569844377365,1250.4342178133838
2024-07-15,1683.0852986626521,1684.8403883424053,1660.1235696440942,1664.4136962890625,6942230,1464.2827490234374,1603.964603281598,1549.9117431238353,79.80641590710091,54.05286015776278,-24847577.29383581,338045720.0,89.30852048650964,90.62216026893782,49.052511446091636,1687.192482490967,1431.2686503215332,30.269444762515484,1250.797432856986
2024-07-16,1675.6750916039832,1694.4930897114273,1657.539681248719,1682.9390869140625,6886281,1470.70998046875,1616.1145238404388,1559.7656204416298,81.54269653748753,56.34890339880894,-22267481.473897483,344932001.0,94.24339151700069,93.1799591877242,50.58339844431658,1700.7339168258347,1439.943133955415,30.74687074110068,1251.1644229934866
2024-07-18,1676.0651821635772,1721.3062905823963,1676.0651821635772,1714.139892578125,11248896,1477.576650390625,1631.1953498000828,1571.2007517109998,84.03280497825176,59.994598089082956,-14582338.381910764,356180897.0,96.43031989952898,93.32741063434644,52.284144645105464,1719.0714398182236,1445.6594439708388,31.782173432366278,1251.7982813872845
2024-07-19,1797.943081102566,1797.943081102566,1741.8304389617622,1748.1680908203125,29819116,1484.8345141601562,1649.1911561108873,1584.3094434968748,86.2168271349606,64.88171261401249,-37665604.18032837,386000013.0,82.05622658148648,90.90997933267204,54.39308210074421,1741.6943239931697,1450.0983273740176,35.49796022465734,1253.6874739504246
2024-07-22,1755.1882696669777,1777.4675289324205,1748.1680302846828,1765.6209716796875,8462126,1492.7038842773438,1667.1034354291642,1597.739927065972,87.18501444131063,69.36350836319207,-36046398.00937334,394462139.0,87.12617486047496,88.5375737804968,56.35138116669447,1765.0947631545062,1453.8181518845565,35.05521296916308,1254.222208446409
2024-07-23,1764.7923545401895,1793.9942577705635,1738.710478582206,1791.0205078125,7113056,1500.845712890625,1686.167600411216,1612.0570071212705,88.45591887842866,74.11059328994543,-29698573.702728994,401575195.0,97.01684652906367,88.73308265700837,58.25755519100102,1788.8819500058667,1460.2323200136648,36.5001105562484,1254.680355694595
2024-07-24,1791.605423504355,1796.3342629947656,1774.152481560902,1788.14404296875,6002845,1509.2116918945312,1701.8562838816058,1625.1004912581209,87.39881350540765,76.75579262348492,-28128611.740428668,395572350.0,95.34719633913343,93.16340590955735,60.03992375618997,1807.9379606877399,1469.6469880427287,35.47737276179234,1255.0750066490416
2024-07-25,1774.5425227927356,1785.1703012664898,1766.7423358793608,1779.2713623046875,5815599,1517.428095703125,1713.7662959466952,1636.5205557800887,84.06170712418212,77.24574016660654,-26036252.154724434,389756751.0,90.90907914917462,94.42437400579057,61.255353350336705,1820.1532856667877,1485.1369487082125,34.47196807090641,1255.4502125133956
2024-07-26,1779.7588864220972,1835.9690075636295,1779.7588864220972,1831.971435546875,11369047,1526.6744677734375,1731.9517020390306,1650.9983987257765,87.19027378614922,80.95330331325408,-16284301.265580727,401125798.0,98.3296082817441,94.86196125668404,62.70964998919515,1843.0124025379007,1492.0696775402241,36.059516441480376,1256.2366546786536
2024-07-29,1846.304236848296,1855.469480366421,1817.4435687877083,1824.3662109375,4635931,1535.8600659179688,1746.1693187926414,1663.8404588896078,84.60916373423407,82.32885990303362,-19232283.70567864,396489867.0,87.98265955130582,92.40711566074151,64.15976137628358,1858.198615838102,1506.5583055486168,36.199973236996975,1256.5661583564472
2024-07-30,1824.366197741286,1832.9951307328352,1813.543462174526,1830.26513671875,2721265,1544.5214526367188,1759.1071369351198,1676.1682128028776,84.98056021599457,82.93892413224216,-17274864.453766506,399211132.0,90.26182186113505,92.19136323139499,65.29598183032127,1872.5733538999548,1520.1033672914514,35.00366575994784,1256.75710933265
2024-07-31,1830.1188567906963,1838.0653210227051,1818.4673751831438,1821.58740234375,5004209,1553.1832885742188,1768.7194854595245,1686.94000462072,81.85145563617178,81.7794808388046,-20685715.851376105,394206923.0,86.68326082776152,88.30924741340078,66.38240687981607,1884.2715910735224,1532.5076935944462,33.90325719420595,1257.1081906210702
2024-08-01,1809.740828819239,1821.2461520384675,1799.0155718940416,1806.3282470703125,7475014,1561.7351000976562,1774.5054487842613,1695.7835781355045,76.5161141866748,78.72187064875675,-23242968.014757235,386731909.0,78.67565964150987,85.20691411013547,66.3156887787617,1890.866592336688,1547.8702118625306,33.09386956959898,1257.6160021888925
2024-08-02,1796.9680816152534,1813.0559673160951,1770.788727779074,1775.7125244140625,7400938,1569.2775512695312,1774.6911527273076,1701.704240822805,67.06981635115238,72.98691190450245,-28919605.397100806,379330971.0,59.70442232150711,75.02111426359282,64.89082462068086,1893.0685528559875,1562.2972674565126,33.749110281557705,1258.097519036692
2024-08-05,1740.3678829585922,1752.6044736236083,1675.6264276618872,1708.1434326171875,10736703,1575.1302221679687,1764.4530419411353,1702.1812179927595,51.85443384567357,62.27182394837587,-30585529.31216022,368594268.0,25.5665147916288,54.64886558488192,60.48212176887306,1888.9108066670017,1576.6391322978423,38.48746645803039,1258.6963831453918
2024-08-06,1716.2360922033897,1752.0682011331073,1701.2695072438298,1707.3634033203125,7690163,1581.1076538085938,1755.6700206148548,1702.565083572578,51.70859741325953,53.10493704227679,-36430642.74315529,360904105.0,17.647040117010434,34.30599241004877,56.38832626362295,1885.1036541856436,1589.1678668104503,39.36683984597661,1259.1320030216898
2024-08-07,1751.1419625968092,1752.9945307935927,1718.0886467368307,1746.900634765625,5094329,1587.7556567382812,1754.320884330358,1705.8491984757666,58.13555580569643,48.47168585459144,-33115057.476319492,365998434.0,39.63133745334883,27.614964120662677,52.60991343458337,1880.788287326168,1606.5972961699256,39.81428896221258,1259.4320569579334
2024-08-08,1735.492850191383,1735.492850191383,1683.9628873956328,1699.612060546875,6227910,1593.54056640625,1745.904142209822,1705.3871882588116,49.62812902591722,40.516953951010464,-35560250.133919604,359770524.0,13.33698050844036,23.538452692933195,49.463282835308725,1872.2777128818634,1624.3608491298555,41.465964562768264,1259.7732012539957
2024-08-09,1727.010094678858,1736.2728164287234,1712.140988711969,1726.5225830078125,4258524,1600.1732470703125,1742.9223638710514,1706.952773055034,53.773803041257025,35.969590816017444,-34742957.64907113,364029048.0,28.300317738457853,27.089545233415667,46.51925682382772,1861.6848012421706,1646.4639048125168,41.122735371274,1260.0158844140453
2024-08-12,1728.7652841315069,1758.4546990040476,1723.9388468966088,1752.507080078125,4315329,1607.7774584960937,1744.3969355952165,1710.3271661678555,57.4180630021899,34.06976942736105,-31914825.450824205,368344377.0,42.74874745511904,28.128681900672404,43.22954298215079,1858.5649222174975,1657.93485805594,40.65081513814291,1260.2721072635711
2024-08-13,1764.7922546522138,1764.7922546522138,1744.365563180685,1752.5556640625,4176918,1615.3933618164062,1745.6521245901831,1713.4552030489403,57.424821359662424,32.19692154124277,-32742265.162306402,372521295.0,42.77576211242405,37.94160910200031,40.34658121993525,1853.3810436788722,1671.9329333719093,39.2062348762419,1260.5244225987146
2024-08-14,1756.9921783945222,1779.4177167425098,1752.5557742866815,1777.71142578125,7450718,1623.5318823242187,1750.584324773424,1718.2149232513339,60.886388000365386,32.36940152209013,-26238097.68069882,379972013.0,56.763381506362315,47.429297024635126,38.06253466570679,1850.554337241811,1684.2368736956892,38.32450757651104,1260.9884249873542
2024-08-16,1803.7932417323866,1815.3472449089315,1783.805262567244,1812.5196533203125,7335657,1632.60544921875,1760.1128368575608,1725.200458811999,65.11314394043606,34.91237804556181,-20217655.546112042,387307670.0,76.1181616969818,58.55243510525605,36.794616702236,1853.9147812793651,1690.7144057323537,38.27531554445179,1261.474898975477
2024-08-19,1813.5434730155098,1820.9049470871198,1803.0131729829857,1818.2236328125,2585989,1641.0823046875,1769.0529593121669,1732.0910642935175,65.766000272578,36.96189501864933,-18406754.492042195,389893659.0,87.78513704465364,73.5555600826659,35.73821198434583,1858.97042295267,1692.6643182582675,36.81934829871482,1261.6493918066392
2024-08-20,1833.043950660172,1838.6015363062697,1821.538627191082,1825.438720703125,3870333,1648.8815161132814,1777.7276918338528,1739.005705509044,66.61700015788912,38.72198632480877,-20507792.406327873,393763992.0,91.92341964817065,85.27557279660202,35.13562406574338,1864.542211952202,1693.0743041610792,35.64495938407588,1261.9171813737512
2024-08-21,1828.2662272635982,1832.0688420652468,1820.4660406023306,1825.9261474609375,1966902,1655.49412109375,1785.1428388534043,1745.4442567647397,66.67726512453916,39.69858208866458,-20623504.392479554,395730894.0,92.22250014080961,90.6436856112113,34.53594722418256,1868.6007893165774,1692.5062907615475,33.92766238970733,1262.0526055505507
2024-08-22,1836.9440574204725,1846.3530568904166,1823.001175405798,1833.2877197265625,4300287,1662.9140502929688,1792.549743603121,1751.951179947097,67.62777792051135,40.598563656024,-21135223.619330812,400031181.0,92.34721775806558,92.16437918234861,34.290608860940985,1873.7865128778865,1691.8349348760196,33.17224946791528,1262.3526879022058
2024-08-23,1831.28891751955,1835.5790443195538,1810.6184688760034,1815.591064453125,5015935,1670.0580493164061,1796.0945621954293,1756.665245466062,62.9772095027468,39.4293167293672,-24152629.67895941,395015246.0,81.98172565328719,88.85048118405412,33.56977963124118,1876.6908589358682,1692.5625590328818,32.585701323317785,1262.6939864598774
2024-08-26,1823.2937434663284,1841.575432070603,1817.4436031129605,1829.2901611328125,3728589,1677.6817602539063,1801.2015774165652,1762.0448688487845,64.98457189591085,39.1567085677807,-24220414.850272156,398743835.0,89.49265475201553,87.94053272112275,33.04512333340088,1876.2880480836047,1692.697242443739,32.114177487186375,1262.9514357950281
2024-08-27,1829.2900840518048,1855.2256813879358,1827.0962815117323,1852.641845703125,3830679,1685.601875,1809.1154648452668,1768.75575602318,68.15427604775155,40.35970882208676,-21093472.52014889,402574514.0,98.49130355485916,89.98856132005396,32.881937485414575,1880.9289681164596,1690.8838858874465,31.82955051497331,1263.2229452076222
2024-08-28,1859.2720208389876,1902.2705260971802,1850.0092991588629,1890.667724609375,6514531,1694.3809838867187,1821.661966347437,1777.78627221475,72.51709900864846,43.87569413268716,-17471594.999883164,409089045.0,94.68511429246523,94.22302419977996,33.64930809950555,1892.8219146342308,1685.0311981587379,33.288955973783594,1263.7126306053265
2024-08-29,1884.7201669932756,1901.7830759029405,1872.9224080657316,1885.0614013671875,7228284,1702.8666137695313,1831.4157255812447,1785.7325780778933,70.9732851733896,45.68314750335139,-18619348.11598615,401860761.0,90.94873686294927,94.70838490342453,34.36186652687573,1903.406102958423,1680.7944097368897,32.97264967831397,1264.2599864317021
2024-08-30,1889.5952465616892,1901.295526726158,1879.8450130912988,1895.15283203125,13466759,1711.2976391601562,1841.2214342658608,1793.8377820744383,72.12368589577636,47.38365219142247,-12865429.04840367,415327520.0,96.0087326616126,93.88086127234236,35.02352792371947,1916.5147032228406,1676.5682679685656,32.14963996092434,1265.2861883544642
2024-09-02,1894.8117029397854,1926.4024849433151,1894.2755114819659,1915.4334716796875,5573739,1720.0553002929687,1852.638670791065,1802.8448701933455,74.32590251918576,49.79380059771938,-11097739.011749182,420901259.0,93.9742920516252,93.64392052539567,36.08166910498715,1933.6760837114925,1673.3789822064764,32.14802092524041,1265.7234207046845
2024-09-03,1917.8710125060368,1917.8710125060368,1888.0840002650073,1892.76416015625,4694322,1728.022216796875,1858.8118230010932,1809.505558338746,67.87153455062165,49.3062646623473,-14316909.535447976,416206937.0,80.65058311427904,90.21120260917228,36.75991294593381,1940.7070235654191,1684.8101151064557,31.97937744779677,1266.0841160069444
2024-09-04,1873.1173360302705,1879.0649546678148,1852.5931659020603,1874.43359375,4778310,1735.7307495117188,1861.2151723470788,1814.3150424432833,63.09992795091008,46.90012990379546,-11210574.057685973,411428627.0,63.55546740156147,79.39344752248856,35.83707432104141,1942.0699888005697,1700.1541689142741,32.5644929339677,1266.432969265524
2024-09-05,1878.1387700081425,1891.5453413709522,1861.9046070627135,1884.866455078125,4081810,1743.3593334960938,1864.853831228778,1819.541073008827,64.62431097300949,45.31275821995109,-8968255.925561018,415510437.0,66.33741674599477,70.18115575394508,35.271298763794555,1946.9722407085794,1709.0484990375141,32.355653032129915,1266.7359622380293
2024-09-06,1873.994888945443,1888.1327275977371,1849.473027754597,1854.34814453125,5848106,1750.4019262695313,1863.237571736851,1822.1193746030804,57.1826041679648,41.118197133770536,-13341430.677365948,409662331.0,37.76831823645167,55.88706746133596,34.249858172824894,1939.4486912407588,1732.0456569037724,32.80594209005921,1267.1586095893738
2024-09-09,1842.7942423455024,1872.8736906980234,1841.819218936854,1847.328125,4772612,1756.6674291992188,1860.7899645465661,1823.9866894472966,55.596660166416335,36.80327509926951,-16420768.266772442,404889719.0,31.705288321192146,45.27034110121286,33.001128005602816,1932.610830868547,1750.9640714752031,32.680837066567086,1267.4973281845191
2024-09-10,1857.3220347286262,1886.670214257235,1848.644302962128,1864.5372314453125,6909600,1763.4058178710939,1861.3664671463732,1826.9904332990016,58.626052757964175,34.37603384737167,-17554634.042012826,411799319.0,46.56839899037802,38.680668516007266,32.21727509192849,1928.8303015542056,1765.947615926263,33.15664079447195,1267.9975480060305
2024-09-11,1866.8772028988358,1877.895014611819,1857.4195237982947,1862.44091796875,5312946,1769.6332934570312,1861.5317672728927,1829.6163951263902,58.10600464469113,31.915372146502477,-20261694.174337078,406486373.0,44.75786110460992,41.01051613872669,31.489411672088046,1921.8657276854578,1783.9007151856358,32.25084436726141,1268.381162200784
2024-09-12,1876.9200766599954,1907.535835740706,1863.0747917550168,1901.734375,8555092,1776.0567456054687,1867.7167838462938,1834.9584677096207,64.46834631500307,32.7583161366731,-13939209.685177509,415041465.0,77.36016602875699,56.22880870791497,31.571171386701312,1921.9484804206859,1796.220257372283,33.16827818188245,1269.0234973543363
2024-09-13,1901.7342210686957,1909.680685073812,1887.3039470861556,1895.5428466796875,3843127,1782.2325415039063,1871.9977165898927,1839.446199485181,62.84868681414365,32.55151710471159,-14952331.927946338,411198338.0,68.92476280710054,63.68092998015581,31.697565120937863,1924.187621100207,1802.283436028699,32.39745388229487,1269.3147339089253
2024-09-16,1897.1517015233924,1903.2455975195487,1884.768952467765,1901.539306640625,1570181,1788.0748803710937,1876.5425765976977,1844.045688904103,63.7973228918749,32.49688769359477,-13672158.720059082,412768519.0,70.60508599799057,72.29667161128269,31.689444842691227,1926.848467785604,1807.954156726115,31.40311039440121,1269.43345873806
2024-09-17,1899.1018225052499,1909.5345252500708,1893.6417152834613,1903.781982421875,2793127,1794.0244750976562,1880.733254416802,1848.4705995350491,64.16585787387103,32.26265488175295,-12901025.656417444,415561646.0,73.2565274557828,70.92879208695796,31.84807379854264,1929.5003148485685,1813.1366358350251,30.295231792416093,1269.646494974506
2024-09-18,1890.3265684033404,1890.3265684033404,1834.3115231145357,1844.8905029296875,6385468,1798.5193334960939,1875.218984957246,1848.2054071939112,49.82292651004771,27.01357776333475,-16874579.616751432,409176178.0,11.487533200946274,51.78304888490654,29.606988645190636,1928.026220011386,1816.5071662190828,33.09346232919632,1270.0977611226765
2024-09-19,1862.8795667117413,1876.8224480606875,1831.873895960651,1846.88916015625,7976570,1803.1419165039063,1870.8605503724775,1848.1079074133438,50.229534728525934,22.75264295913371,-19521932.085644715,417152748.0,15.884362981819917,33.542807879516324,27.60583839223258,1927.0966184180986,1818.796911855339,33.94025445568491,1270.656037671373
2024-09-20,1857.4194893204572,1867.169722860197,1820.758635015316,1858.1507568359375,15242974,1808.1632861328126,1868.9051975207021,1848.8518221853876,52.562145095921956,20.053375335314513,-10203226.229246704,432395722.0,38.50397115876846,21.958622447178204,26.115101761672438,1923.032464759641,1827.1170347520776,34.83102826919891,1271.7141114856015
2024-09-23,1861.3195986178432,1870.9723537088278,1831.5325872912213,1849.0830078125,3636672,1812.9165234375,1865.8556298732863,1848.8689470466552,50.50943682549939,16.986682826631068,-10603310.96236739,428759050.0,31.853036202551852,28.747123447713403,24.586779280476783,1920.9185254485524,1831.2102587311351,35.160223851228025,1271.9667764717951
2024-09-24,1840.8440975119734,1863.172156185441,1824.6587335944862,1851.1793212890625,7277616,1816.5601831054687,1863.5977362449441,1849.0400858794262,50.985994822878,14.55765036551793,-7858101.653625259,436036666.0,34.21050937729701,34.85583891287243,23.409099502844523,1921.0023989751687,1830.9801327631124,35.3997380469228,1272.4680821675956
2024-09-25,1839.2353831420482,1854.1044901242792,1829.9239810020886,1847.9619140625,4268341,1820.2311474609376,1861.1922251399528,1848.9602213003946,50.18722610421952,12.232003839558274,-5758334.451440766,431768325.0,30.592276076955887,32.218607218934906,22.31553970932885,1919.9191218393303,1827.7928288442636,34.598364552299074,1272.760495176599
2024-09-26,1850.399326383558,1870.0459512988607,1845.7191667831537,1852.7880859375,8952803,1823.6281274414061,1859.899280647268,1849.243766829069,51.41675324757425,10.65551381819887,-9508095.465277165,440721128.0,36.01969466641169,33.60749337355485,20.81572358879988,1918.8798124480736,1825.6048066925514,33.86468026397107,1273.3859226656837
2024-09-27,1883.8426736989857,1925.2811678990213,1855.7620713951017,1859.1258544921875,14908931,1826.5278466796874,1859.7802920080248,1849.9757733226334,53.05545822437166,9.804518685391486,-22974245.62906214,455630059.0,36.70712756220702,34.43969943519152,21.152254937288582,1916.1739587849324,1824.7079626017862,36.62385181379609,1274.4670042214518
2024-09-30,1833.044033110499,1853.7632808251788,1823.7813106027597,1828.75390625,6986955,1828.1395629882813,1855.0070018914057,1848.4037831691048,45.18917452757358,6.6032187223008805,-27643587.62613251,448643104.0,7.649327866537386,26.79205003171869,20.275176976602378,1910.3683711989424,1821.8455936448076,36.53247267634121,1274.9350851374868
2024-10-01,1828.1688539454187,1861.2708503856265,1828.1688539454187,1856.7857666015625,4029072,1829.9628588867188,1855.2806580006604,1849.0246708307682,52.22908375947709,6.255987169892251,-24706336.50918213,452672176.0,34.46829175708101,26.274915728608462,19.671982804744648,1906.9857158704347,1821.6304096178467,36.28743865947454,1275.2110528882408
2024-10-03,1842.3066380228454,1864.0983863063177,1834.0189394659815,1846.1092529296875,7503887,1831.0646337890626,1853.869672605126,1848.8087139492065,49.61524907952025,5.060958655919421,-26177908.71909974,445168289.0,24.253734783271362,22.12378480229658,19.1936927508297,1906.0090517077074,1819.7746396985426,35.84401067239323,1275.7237218243495
2024-10-04,1842.355444469921,1905.2931311832979,1838.8940639202572,1870.2410888671875,10001483,1832.7065747070312,1856.3883520300587,1850.3962972764643,55.08651754953154,5.992054753594402,-26735983.851175956,455169772.0,47.34142245378521,35.35448299804585,19.80207348002136,1904.245967064692,1820.075187720464,38.02651471458234,1276.433481460044
2024-10-07,1875.1649381106677,1893.4954254714787,1868.1936160815953,1885.98779296875,6112575,1834.8409033203125,1860.9421121744726,1853.032704364782,58.27080934146043,7.90940780969072,-24250893.829678394,461282347.0,62.406790338701214,44.667315858585916,20.366998442842185,1906.8993642524713,1820.5857553764351,37.11760719138955,1276.8744948140275
2024-10-08,1889.4978132388082,1909.0469604018253,1858.7357782951613,1899.8818359375,5637391,1836.199111328125,1866.932838907246,1856.5030104072055,60.90462380349008,10.429828500040458,-20667415.618271917,466919738.0,75.69965895317395,61.815957248553445,21.24794091594726,1911.5611024637592,1821.1793882588972,38.06000539962344,1277.2851236614647
2024-10-09,1903.7818495832903,1927.6211223804971,1896.5178543658283,1903.976806640625,4857163,1837.7913232421874,1872.6319108662274,1860.0195879059775,61.67245033767314,12.612322960249912,-23194961.87248031,471776901.0,77.87407319177176,71.99350749454896,22.45790439869605,1916.3925879801109,1820.2918602620766,37.56309558641241,1277.6501147270164
2024-10-10,1908.998256653625,1914.9458753338329,1866.2921859597154,1871.06982421875,4782119,1838.6074169921876,1872.3915898435384,1860.8381239291457,52.71306999858609,11.553465914392746,-27037902.98124272,466994782.0,47.08030895023581,66.88468036506049,22.347403635245794,1916.7592481458596,1820.788090721328,38.35528085696277,1277.9946971955928
2024-10-11,1870.094824366297,1898.3705021069761,1862.3921159361064,1886.7677001953125,4709431,1839.9110229492187,1874.6032991284267,1862.7588332821952,55.997089239116505,11.844465846231515,-25365995.38488498,471704213.0,60.65726479490466,61.87054897897073,22.097318005302874,1914.3702508095578,1821.6804205771612,38.18550266509898,1278.3327689343782
2024-10-14,1883.8913919551653,1920.3084903207136,1882.8675698277727,1909.9732666015625,3751378,1841.9839233398438,1880.0448325858322,1866.2561987132594,60.3777504347569,13.788633872572746,-23685684.568845466,475455591.0,83.00473057798992,63.58076810771013,22.408507890665103,1917.1849809951666,1820.3087323837397,38.13231822423055,1278.6115348757419
2024-10-15,1911.0457499807171,1941.7101864726114,1903.0018074106454,1910.36328125,5353705,1844.6769384765626,1884.7092093033964,1869.5233900122773,60.449017514811935,15.18581929111906,-27003078.038567696,480809296.0,73.41880435016915,72.36026657435457,23.16846940767058,1918.95541083346,1819.4207000063839,38.173465426925944,1279.0178157298924
2024-10-16,1906.1706731299532,1910.6070770365932,1868.4859963760694,1872.142333984375,3111512,1847.9569165039063,1882.775843869701,1869.7173858620622,50.80493444738133,13.05845800763882,-29574397.898865227,477697784.0,41.008635946795,65.81072362498467,22.593671792805374,1914.8202296315067,1820.391916364587,38.45543794361151,1279.24093369518
2024-10-17,1886.8651885882837,1928.596236666682,1881.9413919550382,1918.9434814453125,8162822,1852.1885180664062,1888.3400958044103,1873.3637633126734,59.35579895473426,14.976332491736912,-24789305.40021088,485860606.0,80.69454587829307,65.04066205841907,22.486194806851184,1922.2817013035817,1820.3357425440747,39.74104256780404,1279.8507064694381
2024-10-18,1846.4993341440768,1888.474019455993,1822.5624624334712,1832.6539306640625,10526196,1853.903583984375,1879.772993475126,1870.348220153517,44.12664491409126,9.424773321608882,-32092249.596686322,475334410.0,8.469711286533892,43.390964370540644,21.103121991778405,1923.2827629708177,1817.91115792762,43.786755170949554,1280.5581587123122
2024-10-21,1843.86673306473,1851.3744846784607,1792.0930141849954,1806.474609375,4654601,1856.0408349609374,1868.4963189981836,1865.6168415773307,40.713636364867305,2.879477420852936,-34488452.25414286,470679809.0,9.61226239616281,32.92550652032991,20.507366915415236,1927.5147759932086,1808.5115301591352,44.89352055112926,1280.8532269850998
2024-10-22,1811.7884020054903,1830.8989555222813,1800.8193889508361,1805.353271484375,4125240,1857.6174487304688,1858.7820039960593,1861.152873422297,40.56889507269988,-2.370869426237732,-37370100.29358508,466554569.0,8.862791012978667,8.981588231891779,19.954165773078007,1930.9027932469087,1800.7505392726227,43.83538098115183,1281.1123744273689
2024-10-23,1799.1618335874239,1838.8940350336711,1797.9430544019563,1826.6087646484375,4311910,1859.099482421875,1853.832274865656,1858.5940505501594,44.59012662407327,-4.761775684503391,-35645331.2806689,470866479.0,23.069377622704234,13.848143677281895,19.20375726322054,1931.6321969318367,1797.5640799236319,43.62935238476347,1281.3874566382144
2024-10-24,1814.90844450391,1836.9439478876664,1813.5433880419637,1816.8096923828125,2906475,1860.3845629882812,1848.1364929452184,1855.4989129081337,43.14091087360907,-7.362419962915283,-37740421.25640744,467960004.0,16.519947423082638,16.150705352921836,18.506949361210037,1932.9351245113937,1793.1459301761063,42.184438631973414,1281.573160403687
2024-10-25,1816.9071737708175,1829.4849985119592,1800.2830974337767,1815.542236328125,4689120,1861.1411791992186,1843.121991927204,1852.5391590873921,42.946484760077226,-9.417167160188228,-37529042.95112931,463270884.0,15.672814680691939,18.420713242159593,18.20600083249254,1933.9901651976652,1788.3663045288972,41.25711452098835,1281.8684382203467
2024-10-28,1813.250859943176,1834.8964495297284,1810.6183445306106,1818.759765625,7018940,1861.2659814453125,1839.3739571114802,1850.0369817938818,43.64087531807269,-10.663024682401556,-39840519.48325732,470289824.0,17.82332270572652,16.672028269833692,17.738978886575975,1934.2885257826804,1784.0313350571635,40.044328126569035,1282.3150489560264
2024-10-29,1820.3868971098545,1825.9091734808057,1803.6227707551052,1813.7799072265625,4621252,1861.1771069335937,1835.4364109753392,1847.3512725666728,42.77317049953263,-11.914861591333647,-40249455.31804098,465668572.0,14.494922414305103,15.997019933574514,17.500875892321464,1935.020809990864,1781.801650946636,38.77590488364986,1282.6048868789999
2024-10-30,1806.5812347424808,1813.4841106394226,1771.4258498491638,1777.0960693359375,5919715,1860.21025390625,1826.4609738000465,1842.1471834384702,36.945644050763974,-15.686209638423634,-44572999.543574676,459748857.0,3.3298538193282843,11.882699646453295,18.093954414822882,1938.850828991115,1770.0026622198227,39.031487204631915,1282.9568049335087
2024-10-31,1763.0931679230187,1763.0931679230187,1722.2675629117984,1732.868408203125,7395236,1858.3490991210938,1812.0621175543663,1834.0524593469631,31.39246017952628,-21.990341792596837,-48127716.69726227,452353621.0,4.830805027442079,7.55186042035848,19.596653976588012,1948.4674651557862,1749.061941582495,40.159845720311,1283.3540432523268
2024-11-01,1740.017715602962,1741.4969032331146,1727.7405064233335,1736.4183349609375,371966,1856.4117114257813,1800.4246125399925,1826.8203019850353,32.27240325871277,-26.395689445042763,-48030394.523265526,452725587.0,6.448506593441051,4.869721813403796,20.992017855369916,1952.4984255802103,1731.648705767446,38.273885083844576,1283.3738218553262
2024-11-04,1700.5727434953685,1742.4830604559677,1694.1629303131592,1739.1795654296875,7336722,1854.8834814453126,1791.0022975999455,1820.328395573528,32.99230850297877,-29.32609797358259,-41696849.649012886,460062309.0,19.20232061592976,10.16054407893762,22.82931740668906,1951.82229262353,1717.64401597022,38.99147401662771,1283.7550076678633
2024-11-05,1735.5801694120541,1743.9128783247852,1720.7882929682014,1729.860595703125,3160880,1852.8948901367187,1781.5958819235116,1813.6270770646092,31.765123205675778,-32.03119514109767,-42377558.88473141,456901429.0,15.22721576776898,13.626014325713255,24.47585539947468,1947.7704593058943,1704.6937252644184,37.858124826624575,1283.9213514875528
2024-11-06,1739.5247398383508,1801.8478002805573,1738.1934949801216,1798.3963623046875,10421494,1851.80998046875,1784.1805712129233,1812.4988759712817,47.29266078023612,-28.31830475835841,-33086204.943196647,467322923.0,53.64255455071256,29.35736364480376,23.935068746292313,1937.5987721172228,1704.3073680194962,40.295916237396554,1284.5275860579782
2024-11-07,1787.7955014436675,1800.3685968171349,1762.2056025400752,1778.032958984375,4550965,1849.55728515625,1783.2347847162237,1809.9458450833627,44.082821191483035,-26.711060367138998,-33862322.26234625,462771958.0,53.3485143695818,40.73942822935444,23.4329097111944,1931.9980314354802,1700.604422177801,40.143564668801055,1284.7922438767118
2024-11-08,1792.775423572222,1815.0618266546207,1787.9927409344914,1804.5595703125,4210960,1847.9472485351562,1786.5155209618047,1809.5468617670024,48.944111047832635,-23.031340805197715,-32918896.43942635,466982918.0,76.27706581285764,61.089378244383994,22.50569284630988,1923.3332395781138,1701.048401046886,39.921086311761385,1285.0479067044205
2024-11-11,1803.6227934762044,1842.081672068644,1797.2623347827093,1834.291259765625,3804234,1846.7300170898438,1793.8656346239309,1811.3797801372707,53.792942372430815,-17.514145513339827,-30437151.93399831,470787152.0,94.73331627178335,74.78629881807426,20.929022479610012,1910.7823236220408,1706.0311163193653,40.27096138134518,1285.288471787278
2024-11-12,1845.1386209364089,1854.9012833451236,1835.1787816614965,1842.87060546875,5012450,1845.278759765625,1801.4048609077493,1813.7124338655283,55.11754941345551,-12.30757295777903,-31539866.459144764,475799602.0,92.5153657173648,87.84191593400192,19.805893977808744,1897.7344885953823,1712.3296837678988,38.86660868121328,1285.6167220206144
2024-11-13,1835.2774347702136,1847.2095246339784,1830.544106425298,1842.4761962890625,4257495,1844.2730004882812,1807.7235278894896,1815.8430829339381,55.03943516783339,-8.119555044448589,-29700807.22949239,471542107.0,92.26999230632265,93.17289143182359,18.62530827453711,1892.7933299447445,1714.3042286490054,37.28080936174665,1285.893116163943
2024-11-14,1839.714924537372,1849.9706494411498,1830.2481478479606,1838.6795654296875,4311431,1843.557919921875,1812.4859952033662,1817.5346742299196,54.242512494893795,-5.048679026553373,-30325943.672583267,467230676.0,89.90799792989651,91.56445198452798,17.609317381511342,1873.5883608125118,1725.4828061796757,36.0266445211354,1286.1725071923831
2024-11-18,1823.5425071201328,1823.5425071201328,1770.0945742542924,1786.3162841796875,4839244,1841.5869165039062,1808.459885815108,1815.2222008928652,44.64191624657441,-6.762315077757194,-32227719.06651936,462391432.0,57.331279142945235,79.83642312638811,17.634440928353293,1869.8680442144212,1724.5693581293287,38.35224071072538,1286.4595518089795
2024-11-19,1800.1713565147516,1833.8967865305349,1795.2900854570928,1799.4317626953125,4669769,1840.4885888671874,1807.070943796678,1814.0525388041574,47.164392487278924,-6.981595007479427,-35895554.44166745,467061201.0,65.4907994243412,70.91002549906098,17.335991681798937,1869.4012139246033,1724.3319037511778,39.01140225644838,1286.7450910931364
2024-11-21,1816.442429577535,1841.095557014798,1795.339328415918,1808.602783203125,5436504,1839.71408203125,1807.3066113976697,1813.648853204081,48.91721838569239,-6.342241806411266,-38180276.60944562,472497705.0,71.19635776485049,64.6728121107123,16.833578794190633,1869.6535036435457,1724.4045652041104,39.493175566622064,1287.0805968872937
2024-11-22,1828.374498334409,1887.4927694808482,1808.553408176173,1875.8564453125,6301486,1839.9404663085938,1817.852739692259,1818.2568229898898,59.52223894482103,-0.4040832976306774,-33736574.422904596,478799191.0,93.98110285590462,76.8894200150321,16.16962596300826,1878.976135493629,1720.0067014204333,42.31076026219729,1287.5000587594784
2024-11-25,1889.4157296228746,1892.6699906690035,1855.8874755481472,1863.4805908203125,12764638,1839.961259765625,1824.8724090965748,1821.606731718069,57.17016816368671,3.265677378505643,-41231134.103192076,466034553.0,85.2955356870602,83.49099876927176,15.6790155717211,1885.8188728507978,1717.8310539070146,41.91588560924436,1288.3677611542169
2024-11-26,1878.518962558038,1911.702096274213,1870.9752018384395,1897.45263671875,6850495,1839.875625,1836.0385979615248,1827.224946903305,61.6500551909174,8.813651058219875,-39174319.190503545,472885048.0,92.5361816124825,90.6042733851491,15.678120589267733,1899.6177691525968,1712.2231976442781,42.36628702671981,1288.850483331373
2024-11-27,1903.3200059027895,1914.4632675339492,1885.224634635848,1897.7977294921875,4447143,1839.92072265625,1845.5400028123959,1832.4525604284074,61.69388682143523,13.087442383988446,-39796772.37182617,477332191.0,90.545436236566,89.4590511787029,15.742625318641732,1911.7155335300083,1708.0292296535856,41.428597446104206,1289.1664354198908
2024-11-28,1888.3309462638708,1888.3309462638708,1825.9585347392867,1830.88916015625,8468790,1838.5077197265625,1843.2860270191427,1832.3367530008402,49.80753690893614,10.949274018302503,-46926623.24139136,468863401.0,45.11008205658364,76.06389996854405,15.103024166706073,1912.9745438245254,1708.481144652037,43.600782968018244,1289.7172047961071
2024-11-29,1825.4161652795651,1850.9568296791742,1819.4008261897052,1832.072509765625,5244346,1837.0735302734374,1841.5608705186014,1832.3171794278612,49.991051294846514,9.243691090740185,-47959111.862378314,474107747.0,42.93031550218097,59.52861126511019,14.664433514344063,1914.9116857497572,1712.041646769774,42.7404415766933,1290.0490429128818
2024-12-02,1833.2065672761437,1856.6763928884145,1809.7367416638726,1853.718017578125,2868263,1837.2500805664063,1843.4312008354514,1833.9024266982512,53.35086063366347,9.528774137200116,-45452393.87693439,476976010.0,57.92352997325085,48.654642510671806,14.489333760467987,1915.2654360345484,1723.7728574224827,43.040385122968196,1290.2323286334445
2024-12-03,1860.8180760709474,1873.391171179535,1845.1880172073568,1865.8472900390625,4715792,1837.6292431640625,1846.8798299436992,1836.2687128716448,55.168476326080764,10.611117072054412,-43259395.91382013,481691802.0,66.32512465793909,55.72632337779029,13.826959111804937,1915.7009270031685,1736.280261961675,41.98058289791176,1290.545144624897
2024-12-04,1857.8597084036323,1887.3941073159906,1848.9845824080737,1863.036865234375,4705573,1837.7269653320313,1849.3655276807262,1838.2515389725877,54.637262632230225,11.11398870813855,-44521862.40238408,476986229.0,64.37842503709855,62.87569322276281,12.867011802762075,1913.8032593751336,1750.563659570179,41.72550732719784,1290.859670066331
2024-12-05,1873.6377142854979,1922.845381488632,1862.7409836386182,1908.004150390625,9050038,1838.9053881835937,1858.38685425148,1843.4183990776276,61.09261172824211,14.968455173852362,-39941171.41219576,486036267.0,90.2840244403824,73.66252471180667,12.877819137703577,1914.576705407811,1767.6045690062515,43.038285221684696,1291.4965564603046
2024-12-06,1905.9826538933166,1911.061101890244,1885.8656776464575,1895.7269287109375,3573331,1839.7963403320311,1864.1314810913964,1847.2931049763913,58.6390579755951,16.838376115005076,-40717366.409520224,482462936.0,82.24660591410735,78.96968513052941,12.887854520149258,1920.374465102192,1771.5398659524953,41.76379515183482,1291.7475284809095
2024-12-09,1897.5018913119027,1903.4186419806354,1870.876513302606,1896.9595947265625,4274645,1840.7762939453125,1869.1819601121913,1850.9721042171448,58.817890080011686,18.20985589504653,-38139606.96501415,486737581.0,79.70622344393367,84.07895126614112,12.424619971408342,1922.571800103392,1781.235194525514,41.10510468942014,1292.0439523934408
2024-12-10,1912.096617063394,1938.3275213087989,1905.193741189519,1921.51416015625,6174921,1842.1508154296876,1877.2330678112771,1856.1974416941155,62.313422080209655,21.035626117161655,-38231473.303356305,492912502.0,88.24143391675385,83.39808775826494,12.850358182614642,1931.0865160586488,1784.4159375546326,41.12387768176416,1292.4939752613636
2024-12-11,1927.8745911898272,1950.5554687332371,1924.9162158580782,1946.7589111328125,5025612,1843.9034765625,1887.9293513992056,1862.9056986895744,65.5508950664215,25.02365270963128,-34694206.188309744,497938114.0,97.32640668344457,88.42468801471068,13.514246488953493,1945.3866480445981,1781.362570705402,40.260837031422945,1292.8708467401782
2024-12-12,1947.7942178498488,1971.0668661345264,1943.2088325103296,1959.4305419921875,6462130,1846.5170092773437,1898.9295345673568,1870.0556870823605,67.07962351680945,28.873847484996304,-33630550.491579995,504400244.0,92.78725893225503,92.78503317748448,14.55795092874156,1960.5884798451564,1777.8167325571874,39.37492250233537,1293.3676166554521
2024-12-13,1942.419946638723,1978.6106902340612,1926.6912991940405,1971.954345703125,5362693,1848.820380859375,1910.1641208959363,1877.6037358690837,68.5644049035151,32.5603850268526,-29642909.52923292,509762937.0,96.05839468592184,95.39068676720713,14.95544080687113,1976.4359091975277,1774.9171181462223,40.27095596931289,1293.7800383875565
2024-12-16,1967.7632564033934,1971.8556995891386,1950.1609476784474,1952.5770263671875,3119221,1850.949736328125,1916.6891832761287,1883.1573129430174,63.771831853151106,33.53187033311133,-32067374.17390842,506643716.0,84.58396686564512,91.14320682794066,15.324538550848585,1985.9262163792125,1776.8165570582876,38.95113040183894,1294.0193696280246
2024-12-17,1940.6942746330094,1954.5000265866995,1930.8330232375165,1949.1749267578125,5811050,1852.5284130859375,1921.6869899656185,1888.047506558928,62.94000144757963,33.63948340669049,-28871308.49651993,500832666.0,82.56938756660008,87.73724970605566,14.996769196795226,1988.4023997033792,1790.6262379919335,37.85940704093495,1294.455818984988
2024-12-18,1939.5109539146308,1957.4090287235867,1934.3830310124576,1951.6895751953125,3064095,1853.8424487304687,1926.3027723086484,1892.7617338653267,63.32083940037222,33.54103844332167,-27329401.518821973,503896761.0,84.05845586801121,83.73727010008547,14.77216179173209,1990.3860280178565,1803.868390927456,36.79987780309167,1294.686775069035
2024-12-19,1907.165976992173,1932.5586987644317,1893.360225349003,1919.1966552734375,5323592,1854.2287451171876,1925.2095235340005,1894.7198761918535,55.39889048293559,30.48964734214701,-25635240.036608934,498573169.0,64.81752486770948,77.14845610077357,14.145778608020269,1986.9480323210244,1818.3657738313193,38.33769723475008,1295.0675279549805
2024-12-20,1947.7449759219587,1952.4783040802065,1884.7315592319012,1895.4803466796875,11056720,1854.0588159179688,1920.6358040179523,1894.7762073391004,50.43876301581604,25.859596678851858,-33183412.6247502,487516449.0,37.693990332711124,62.18999035614393,13.289941698059597,1987.1113943499506,1820.164801939112,40.43834349286117,1295.8515598962665
2024-12-23,1903.270805285977,1913.0827019209628,1882.5128236943906,1897.6005859375,2781793,1854.5894311523436,1917.0919243132673,1894.9854205686115,50.86233647021786,22.10650374465581,-33219297.964767203,490298242.0,37.5047930889735,46.67210276313136,12.428413575582486,1986.8359052834692,1823.852290517312,39.733453116697675,1296.0442871533041
2024-12-24,1900.312385244756,1915.0549070531515,1814.4701488042217,1882.5621337890625,2360544,1854.5053198242188,1911.779648848005,1894.0651771034597,47.745446262579385,17.714471744545335,-32383848.2694547,487937698.0,41.48395295378391,38.8942454584895,13.13185964600657,1986.636429992732,1822.5627155150803,44.079974911857114,1296.2003885126926
2024-12-26,1882.5621891003143,1893.1136796250162,1875.9058446088604,1880.93505859375,3623321,1853.9245556640626,1907.0343272704272,1893.09257573237,47.40694806159039,13.941751538057133,-33889243.72823051,484314377.0,40.49268341053826,39.82714315109855,13.785059568543218,1986.3999584991323,1821.1129199188365,42.16053634787845,1296.4450925302444
2024-12-27,1882.907278073787,1897.4526232065393,1877.4835900581845,1890.1552734375,3937500,1853.5203955078125,1904.4375497576693,1892.8749977846019,49.58805019719601,11.562551973067457,-32829531.00036588,488251877.0,46.10995185831605,42.69552940754607,14.244149228999234,1982.679581823802,1830.7599079222919,40.575428976483906,1296.713067993984
2024-12-30,1889.1198086927782,1889.4156943738521,1860.325003881144,1879.554443359375,7789055,1853.6686376953126,1900.6093795425472,1891.8882900494,47.16612172467484,8.721089493147247,-30321191.25460308,480462822.0,39.65156565721031,42.08473364202153,15.052720758477937,1978.2350034524054,1839.9526796530633,39.80791758933191,1297.2317792256058
2024-12-31,1866.0445478376714,1870.6792875898645,1819.4501375379239,1853.9151611328125,3613063,1852.3680712890625,1893.4256536333571,1889.0754656852082,41.84309382997126,4.350187948148914,-29072791.535874963,476849759.0,24.03124297323659,36.59758682958764,16.5841287961794,1978.2133280058752,1839.9940694550623,41.257659605911854,1297.4602862332383
2025-01-01,1847.998429848315,1866.6854522663125,1847.998429848315,1856.3804931640625,1838368,1852.8426025390625,1887.7263981765427,1886.653615868827,42.514891003944115,1.07278230771567,-29261959.719129056,478688127.0,25.533207088728307,29.738671906391726,18.006150545473616,1979.0361012563387,1838.2246165170989,39.64547123534654,1297.5783812989155
2025-01-02,1860.818117320804,1935.4185073607873,1859.141752753138,1930.68505859375,7083645,1855.3268115234375,1894.335422856113,1889.9152042188214,58.19082008942553,4.420218637291555,-23057483.50033511,485771772.0,70.80207532957566,40.12217513051351,17.15649464758285,1979.7824845133491,1844.2430525960258,42.459224304016416,1298.0747228383425
2025-01-03,1925.8530263652963,1925.8530263652963,1895.3325017126049,1911.85009765625,6218003,1857.456748046875,1897.0299882099803,1891.5400111401123,54.15916129529099,5.489977069868019,-22545165.68841445,479553769.0,61.87350005535626,52.736260824553405,16.36752845668428,1979.9500138953726,1844.460117940565,41.95160520238276,1298.5115965507111
2025-01-06,1924.9162188256444,1945.6248461798139,1901.2492161351652,1910.9625244140625,7164403,1859.1438232421874,1899.1734553183007,1892.9787158270715,53.96940287089847,6.194739491229257,-26573160.03784482,472389366.0,67.50603870988373,66.72720469827188,15.285852025466337,1980.2948467384442,1845.6388446678059,42.12474983397318,1299.0209759083416
2025-01-07,1918.013387115037,1931.375430841724,1896.9596395631565,1904.0596923828125,4294832,1860.8888232421875,1899.9251840974562,1893.7995289052747,52.43081077512517,6.125655192181512,-29095925.61608345,468094534.0,62.6768193714196,64.0187860455532,14.221491596781858,1980.3828427410915,1846.2608584307834,41.57410993715849,1299.3217624997696
2025-01-08,1903.221440652574,1911.7020924267943,1862.5437803277457,1906.3277587890625,5482050,1862.7045336914061,1900.9101955884726,1894.7275459337034,52.905878718016396,6.182649654769193,-24812548.412633665,473576584.0,66.55955207947424,65.58080338692585,14.092320255347648,1979.579178283355,1845.5458827518012,42.11583866300778,1299.6944322625072
2025-01-09,1907.2153497813902,1924.7683048137867,1884.04140929985,1890.69775390625,6833503,1864.1432934570312,1899.3390507142844,1894.4290428205586,49.25522754600524,4.910007893725833,-29412335.81693832,466743081.0,55.23413087407081,61.49016744165488,13.594616614854607,1975.497876546842,1844.021068765658,42.01662843807412,1300.1632500269084
2025-01-10,1910.1242932060775,1950.3582448997252,1905.440199043595,1939.65869140625,8036913,1866.660869140625,1905.5420723592024,1897.7793871602394,58.83705128849674,7.762685198963027,-25204234.99818641,474779994.0,92.12620251449,71.30662848934502,12.80540383552605,1972.0399730231188,1845.5017872307876,43.27690433488848,1300.7430497693158
2025-01-13,1928.8606819489098,1955.2888825925095,1921.9578062977632,1934.974609375,5804152,1869.8184399414063,1910.0701549770174,1900.5345888057773,57.71425894490857,9.535566171240134,-26474989.819754545,468975842.0,85.57416852785316,77.64483397213797,12.200553039902456,1964.6124482374373,1849.2313383836565,42.566488046306894,1301.1648138329222
2025-01-14,1941.5324112023416,1944.4415525214629,1904.30618806105,1913.132080078125,5792162,1873.4237133789063,1910.541220377188,1901.4677363074325,52.66705667620067,9.073484069755523,-29719722.78579984,463183680.0,68.96555360737163,82.22197488323826,11.512592707161426,1958.8335595413141,1851.0657324508734,42.392836361600175,1301.5740638256539
2025-01-15,1919.9856212925836,1930.8823520910328,1910.2229584649278,1922.598876953125,2985439,1877.14732421875,1912.3962444657936,1903.0330059848911,54.52332644319975,9.36323848090251,-29128333.696441166,466169119.0,75.93469696274926,76.82480636599134,10.873772398187612,1954.2917153525218,1852.9499716591968,40.840447594779086,1301.7849983779224
2025-01-16,1938.6725617632849,1939.6586868478057,1890.2538441886265,1901.69287109375,7533579,1880.3975903320313,1910.7495716393255,1902.9337367336955,49.871899713987695,7.815834905630027,-33173314.889648564,458635540.0,60.5443855674444,68.48154537918843,10.8366999504165,1946.7407778285694,1855.5012387729932,41.452190099379095,1302.3074584655283
2025-01-17,1825.3175372033904,1832.2204128168014,1786.858658785815,1790.2607421875,16409953,1881.6055932617187,1892.2128286467369,1894.5875889895328,33.47787040091795,-2.3747603427959803,-47121809.777354375,442225587.0,2.0198770296651958,46.166319853286275,12.775978810947137,1960.3063129692748,1829.042112323694,46.69376311427595,1303.2419562022883
2025-01-20,1797.6567582772059,1802.5873839291105,1768.270301617817,1788.1407470703125,4333011,1881.4004809570313,1876.2017391734407,1886.7026377362572,33.253904676400964,-10.500898562816474,-46436978.179924205,437892576.0,10.624850936701499,24.396371177937024,14.826192597246584,1969.6944243289645,1808.9200410030667,45.80971448549149,1303.4798626622255
2025-01-21,1793.810946341272,1806.236098768633,1768.1716932405016,1775.7154541015625,7169109,1881.354130859375,1860.742310700844,1878.481364874428,31.906615161293004,-17.73905417358401,-50764480.00742229,430723467.0,4.031570208587037,5.558766058317901,16.611073367187487,1977.4488674300017,1788.9770847184357,45.25647813139434,1303.8705640109363
2025-01-22,1782.3225305814187,1839.9122605214925,1780.103749105465,1830.69189453125,8373913,1881.87677734375,1856.1191697516756,1874.9414041082666,42.9250197493374,-18.822234356591025,-44972491.914175905,439097380.0,33.41232385290611,16.022914999398207,17.222919370637573,1977.5993903051794,1783.639537917477,46.6093587234326,1304.3579735957505
2025-01-23,1832.220432769354,1853.4714767898427,1826.9939215973595,1839.5670166015625,5907471,1881.9822924804687,1853.5726846516582,1872.32107910777,44.486703918895806,-18.748394456111782,-45269536.00144792,445004851.0,38.155406036348104,25.199766699280406,17.402795545321613,1977.166647518854,1779.9354765045837,45.17137275693621,1304.7167427777679
2025-01-24,1839.616447739169,1868.60855091582,1838.3837913147927,1849.4283447265625,4887027,1882.113447265625,1852.9350938939513,1870.6253210054583,46.24664752302529,-17.690227111507056,-46584985.82837908,449891878.0,43.42554084285629,38.33109024403682,17.14545773169589,1975.7676342513635,1777.2617969009805,44.10375753151414,1305.019892882882
2025-01-27,1823.0988176934152,1837.151100669551,1786.8587194918016,1796.719970703125,7652371,1881.1983227539063,1844.2866134030548,1865.150850612693,39.10966371189961,-20.864237209638077,-51236427.02445751,442239507.0,15.256897328079228,32.27928140242786,17.854027838355705,1977.5115606981863,1767.2344231885327,45.42274808174606,1305.4547211042093
2025-01-28,1804.6089580362327,1837.6441493445463,1799.57974403178,1804.3624267578125,6999495,1880.5119799804688,1838.1444308422483,1860.64800440122,40.54244376179387,-22.503573558971766,-56476989.312787175,449239002.0,19.341212660707694,26.007883610547726,18.497615038213496,1978.920641267336,1760.8700691818829,45.10142169315144,1305.8572969024308
2025-01-29,1819.4007926053778,1862.4451768959955,1814.9632296965842,1855.1478271484375,5145155,1881.8886108398438,1840.7603379662773,1860.2405838639768,49.11164225575587,-19.480245897699433,-52913319.39311523,454384157.0,46.482172059732584,27.026760682839825,18.379389322747492,1978.8908877572187,1760.7765560904375,46.028659439225116,1306.170453752892
2025-01-30,1847.1602339434605,1861.0152192135097,1818.414663533007,1834.143310546875,7336056,1882.582841796875,1839.7423337479077,1858.3074525071545,46.149162026018,-18.565118759246843,-54832251.90940543,447048101.0,35.2568449402404,33.69340988689355,18.269608301243345,1971.37602103095,1758.6372480120187,45.783794885030666,1306.6110849390302
2025-01-31,1845.0400685173022,1871.1230293523827,1845.0400685173022,1853.718017578125,5820470,1883.485146484375,1841.8924389525564,1857.9674943642635,49.223162402152,-16.075055411707126,-56779715.1223758,452868571.0,48.531453242535825,43.42349008083627,17.867258430624954,1966.3462657774908,1757.8537952576653,45.154932307921875,1306.972498296954
2025-02-01,1854.2111142217134,1864.3681307478303,1820.3869744015317,1825.6627197265625,1701402,1882.4812719726563,1839.3955590716344,1855.5745480948042,45.237383326430795,-16.178989023169834,-58072934.87374088,451167169.0,33.52500692717971,39.10443503665197,18.03267218455561,1960.7065322556984,1754.963548310708,45.071091167805925,1307.0742481415539
2025-02-03,1810.5257570121476,1850.5131795891741,1806.975730583523,1837.447021484375,4823228,1881.9606005859375,1839.0957840582098,1854.2317683458837,47.17237221079742,-15.135984287673864,-56144734.53672197,455990397.0,40.39684105869286,40.81776707613612,18.46088142881558,1955.4695589006344,1753.539254575928,44.961545299080576,1307.359673923752
2025-02-04,1862.7903932312308,1884.6823232329095,1848.984641243281,1872.4544677734375,7334787,1881.4606372070311,1844.227889245168,1855.58159793311,52.53756750733353,-11.353708687942117,-53834851.69089491,463325184.0,89.50494434690738,54.47559744425998,17.824356371695526,1951.3490440167996,1754.2724403582004,45.12395647404157,1307.8237734755987
2025-02-05,1879.5544090414844,1893.0642745340085,1868.0167937158456,1870.7286376953125,4996744,1880.9192553710936,1848.3049274682671,1856.7036008784585,52.25580625771926,-8.39867341019135,-57749619.40499939,458328440.0,82.11612202472972,70.67263581010997,16.9992088853174,1949.1926454637326,1754.4319272901737,43.68992249862167,1308.144317054854
2025-02-06,1890.4018014395585,1897.3046770838346,1873.6376748748885,1889.070556640625,4765255,1882.0828833007813,1854.576562725553,1859.1011531571376,55.01696560920905,-4.524590431584556,-56300177.98089663,463093695.0,93.62353428369673,88.41486688511127,16.11126562878145,1939.7902291047417,1758.775530172602,42.4675022764717,1308.454718530326
2025-02-07,1892.6699423538048,1897.008796469081,1863.2340119765795,1877.237060546875,4126260,1882.9861743164063,1858.0627931596025,1860.4445537045256,52.89170844902198,-2.381760544923054,-57004937.588703424,458967435.0,82.87759586625181,86.20575072489275,15.56384259507114,1929.136057786656,1763.6559466078754,41.84659386333097,1308.7197399557733
2025-02-10,1878.568301204317,1878.568301204317,1852.534574687111,1854.2110595703125,3828734,1882.99603515625,1857.4702187612502,1859.9828133982876,48.93086330815968,-2.5125946370374095,-60340556.2701141,455138701.0,60.98216860711013,79.16109958568622,15.337256153167342,1920.4738055192347,1766.4260968245153,40.71710333860777,1308.957942430866
2025-02-11,1856.972194364576,1876.5961083803954,1844.0539793333367,1849.6256103515625,4411601,1882.6716015625,1856.2633559289907,1859.2156131726042,48.15744971587615,-2.9522572436135306,-63241511.612229116,450727100.0,56.83041030040251,66.89672492458813,15.348817718527881,1907.8758089560417,1771.726766727552,40.13317660349713,1309.229666880002
2025-02-12,1858.8458824242405,1868.3126596599398,1821.3731272347864,1837.299072265625,5633947,1882.156845703125,1853.3457738269344,1857.592165698013,46.050254026152324,-4.246391871078686,-65052415.407794595,445093153.0,45.66971383429059,54.49409758060107,15.919014409387623,1898.4509231975828,1774.7122726031982,40.619344876472574,1309.5671524901372
2025-02-13,1842.5748307737585,1847.5054564916438,1810.1806438825727,1817.6751708984375,5237744,1880.3502661132814,1847.8579887610117,1854.635351268415,42.8366951513217,-6.777362507403268,-68186764.31127675,439855409.0,18.516694052907447,40.33893939586684,16.705578008477914,1896.7967257422858,1779.1079129295892,40.38402114308676,1309.8703999930672
2025-02-14,1828.2759758276586,1833.5024871238693,1802.9818423780237,1830.6427001953125,5292961,1879.0485815429688,1845.2094828278273,1852.8581178555924,45.5411472145343,-7.648635027765067,-63885705.07529314,445148370.0,29.325727861722914,31.170711916306974,17.600332067663462,1894.4745452730315,1785.6802887113433,39.679494257569544,1310.174851680888
2025-02-17,1813.0403122036325,1827.0432401752385,1796.8678368321998,1816.73828125,4428956,1877.4441552734374,1840.8292979696998,1850.1825744033263,43.18205171465799,-9.353276433626434,-62481743.249710195,440719414.0,19.784019855679155,22.542147256769827,18.57270605442776,1889.2737536481948,1794.983363051024,39.25773490796548,1310.4249429204074
2025-02-18,1816.7383832854173,1835.8198805610482,1812.1035229276997,1826.25439453125,4365260,1875.5389599609375,1838.5870051330153,1848.4101166350242,45.27156912476093,-9.823111502008942,-61637751.91937491,445084674.0,29.258743729317853,26.122830482239966,19.086777982262372,1889.3061652582426,1794.5072014409764,38.14763653120713,1310.6766644652462
2025-02-19,1821.7675703475043,1823.5425233371382,1780.8433778768451,1785.6754150390625,4611411,1872.3172900390625,1830.4467605031764,1843.76310170199,38.73061580060933,-13.316341198813689,-65205464.7805923,440473263.0,4.14904968012531,17.73060442170743,20.29206606508535,1892.5877919048055,1785.8364146381634,38.666449397149826,1310.9278229486486
2025-02-20,1780.4982655923657,1805.5951018447554,1780.4982655923657,1799.8262939453125,2218020,1869.125205078125,1825.7359194942742,1840.5085233496436,41.88400900498839,-14.772603855369425,-64007121.617022544,442691283.0,16.547061163982832,16.65161819114199,21.418716383019564,1892.5328482172583,1780.9311532475856,37.69719131538125,1311.0481909387618
2025-02-21,1796.5227152827192,1804.4609499348014,1781.1390677643708,1789.8170166015625,3379879,1865.4824584960938,1820.209934433857,1836.7535969238597,40.30390480203554,-16.543662490002816,-64871730.46656392,439311404.0,7.977944780777241,9.558018541628451,22.464891678244193,1893.248691812766,1779.5250142419213,36.67038351931335,1311.2301707758168
2025-02-24,1775.0745611201182,1782.9142076324636,1725.9654822503978,1739.623291015625,7594720,1861.2233837890626,1807.8119892925906,1829.5587594491756,33.48233126659267,-21.746770156584944,-68823621.49402604,431716684.0,7.971211011295041,10.832072318685029,24.49601719051108,1902.8555758090722,1763.4442166713964,38.611894293017016,1311.6026320715875
2025-02-25,1720.9362904431496,1753.7741849650602,1720.9362904431496,1743.17333984375,5092963,1857.1033520507813,1797.8675816850769,1823.1598394784032,34.32893672953074,-25.29225779332637,-67018915.110816084,436809647.0,12.608296659142166,9.519150817071473,26.460167887624923,1906.6452503728717,1748.457093377128,38.199465737937984,1311.8462341620736
2025-02-27,1730.846721957405,1751.2102292840527,1726.8036331353665,1739.820556640625,5757079,1852.8659716796874,1788.9372701397765,1816.9865592681974,33.890229904753596,-28.049289128420924,-66635075.770528466,431052568.0,10.725278252525243,10.434928640987474,28.284022106373495,1910.5706959473482,1735.0993724120267,37.214260767277146,1312.121257144702
2025-02-28,1730.6989486606933,1730.7481826909784,1659.106168289425,1664.2833251953125,12182167,1847.767705078125,1769.7597401483204,1805.6752085961318,25.869098835766394,-35.91546844781146,-77056572.28856178,418870401.0,2.359020591445314,8.564198501037565,30.862223413047094,1923.7067111023473,1703.0198880187465,40.32141273755734,1312.627858355479
2025-03-03,1668.8195437500424,1704.615812415331,1668.8195437500424,1684.893310546875,7504969,1843.5559643554689,1756.7033663634827,1796.728401333224,30.689274294907406,-40.02503496974123,-77821558.26678748,426375370.0,11.856705761500418,8.31366820182365,33.25626748352972,1929.8082720128516,1682.8413861902734,40.322203772018845,1312.9404400626574
2025-03-04,1671.4821123578997,1675.4266129180364,1646.8289838570458,1664.8751220703125,6759673,1838.901455078125,1742.5759441645332,1786.9614917581935,28.73491141844555,-44.38554759366025,-76050034.9935352,419615697.0,8.147841211253217,7.4545225213996416,35.70469222170932,1934.6569431705489,1660.73552509117,40.160926837576724,1313.2036558811128
2025-03-05,1668.9674417970127,1708.9055098893523,1668.9674417970127,1687.753173828125,8180782,1835.0052758789063,1734.1416718050857,1779.612727467077,33.91459344024271,-45.471055661991386,-76534802.34897988,427796479.0,20.393118054051122,13.465888342268244,36.460675116101434,1928.8777879054758,1648.0445509617118,40.43731690768123,1313.5455094710014
2025-03-06,1691.204542351751,1698.403303714733,1667.6361284442405,1692.042724609375,10610547,1831.2274291992187,1727.6649106980533,1773.126060588729,34.87042631675436,-45.46114989067564,-70311347.95343782,438407026.0,23.92376645693308,17.488241907412462,37.18338210985694,1920.6057744744398,1638.447973084154,39.7465925050249,1313.9850030489022
2025-03-07,1679.4696488805018,1681.3433106627187,1652.2526199503725,1662.60693359375,8019331,1826.6764624023438,1717.6559911435452,1764.939458589101,31.503148569800473,-47.28346744555574,-72622002.64835306,430387695.0,8.348523665357064,17.555136058780416,38.094795798947864,1908.6475934818798,1627.7597917720266,39.7497005160233,1314.2981023592195
2025-03-10,1662.606944415946,1695.14907322124,1652.9428701352483,1677.842529296875,7558981,1822.6422241210937,1711.5308431671344,1758.487834197084,35.001729283058395,-46.95699102994968,-71262102.69022769,437946676.0,16.41007370233424,16.22745460820812,38.32657725214663,1894.5508043497694,1621.917127779137,39.925164985306765,1314.6010338949525
2025-03-11,1656.6901357180045,1656.6901357180045,1614.336111648948,1638.54541015625,12671234,1818.3348291015625,1700.3023150116137,1749.6032101940593,30.652843392118086,-49.30089518244563,-69447738.53966178,425275442.0,11.571967757558294,12.110188375083192,39.15914591509506,1885.7977589666857,1609.1036082208143,41.609540175493926,1315.0532210108586
2025-03-12,1614.1882088567118,1614.1882088567118,1542.1024877383609,1568.777099609375,14870008,1812.5827612304688,1680.0676664881923,1736.2086834840827,24.768802331815607,-56.14101699589037,-73312746.22156413,410405434.0,10.123476121514093,12.7018391938022,40.75008348974951,1883.9009861053903,1582.9155300078908,45.526210335665006,1315.4810454285594
2025-03-13,1577.0605381756682,1583.766236887254,1548.5122651881575,1557.9296875,7822888,1805.1276538085938,1661.2772081823166,1723.0028319297062,23.99750189088327,-61.72562374738959,-76956165.27417554,402582546.0,6.0326621939827225,9.242702024351695,42.22738266621435,1880.273473578831,1558.6061040578877,44.79247900448155,1315.6955013113143
2025-03-17,1523.711239680789,1571.8834272886888,1523.711239680789,1567.98828125,7526032,1798.2504174804687,1646.9250655773449,1711.5202726200982,26.289650924978474,-64.59520704275337,-70647225.34275489,410108578.0,17.08199636721209,11.079378227569626,43.82929591273643,1873.9929026962393,1539.9179859756357,45.033886761868565,1315.8940897300101
2025-03-18,1567.98828125,1567.98828125,1567.98828125,1567.98828125,0,1791.3909326171874,1634.7809449115994,1700.8882732593502,26.289650924978474,-66.10732834775081,-70647225.34275489,410108578.0,19.24562059070452,14.120093050633102,45.31678678450692,1861.1974708519037,1526.44797592544,41.81718056459224,1315.8940897300101
2025-03-19,1580.7585753901394,1580.7585753901394,1550.9776447654951,1564.536865234375,7387068,1784.6004760742187,1623.9741634227955,1690.7881689612038,25.977871141247235,-66.81400553840831,-71307647.69873188,402721510.0,17.945409614689677,18.091008857535417,46.85534566864009,1847.6445314357964,1514.780773739985,40.957448426024534,1316.0975764665209
2025-03-20,1569.9112262370732,1609.2576434825316,1569.9112262370732,1593.134521484375,7186750,1778.336611328125,1619.229603124577,1683.5545654444015,33.061516584283794,-64.32496231982464,-70010778.15709187,409908260.0,33.5318329155243,23.574287706972825,47.07950953775953,1826.0822210629344,1513.0310968081594,41.22625769903397,1316.3153175933232
2025-03-21,1556.0560901796125,1581.6461093555213,1541.9545731422113,1570.45361328125,10074677,1771.931728515625,1611.725604687142,1675.17671713602,30.563405904082856,-63.45111244887789,-65617956.46075424,399833583.0,25.239643509391698,25.572295346535213,47.63222703614076,1811.4540667688718,1506.1370709264409,41.93723560211466,1316.591021738472
2025-03-24,1575.7785592177397,1584.8016279799526,1550.8789003823247,1570.6507568359375,8857726,1764.5515698242189,1605.4063973254183,1667.434053410088,30.612482799110836,-62.027656084669616,-64150234.0442961,408691309.0,25.346095806466266,28.03919074379408,48.01729838443193,1790.0090430155383,1504.6645409688367,41.364770744651324,1316.8369076709864
2025-03-25,1582.7307615847424,1613.4485820609123,1582.7307615847424,1605.8553466796875,9890140,1757.9691845703126,1605.4754664568443,1662.8726677263546,38.91524994739015,-57.39720126951033,-59149644.136661895,418581449.0,44.355641730378,31.64712701541198,47.262398579158734,1765.8139662094059,1510.4634507827818,41.467131778960145,1317.145578692966
2025-03-26,1603.4394832085677,1615.0264536438078,1572.8696037624018,1577.2578125,6651302,1751.25169921875,1601.134288925022,1656.5308265984763,35.22768562471937,-55.396537673454304,-64416245.82651476,411930147.0,30.65197787622822,33.451238471024155,46.723868552930284,1751.341572661122,1508.6992964795031,41.51639735770628,1317.3438040312337
2025-03-27,1573.4120242257595,1597.4733814773153,1563.9944809345598,1581.301025390625,9426573,1744.4257421875,1598.0830176120378,1650.958248731228,36.1489212495994,-52.875231119190175,-64096895.15231895,421356720.0,33.59222671012554,36.19994877224391,46.370366767507676,1733.1508821504538,1510.7027555448587,40.94229044235266,1317.616523165661
2025-03-28,1567.938918601529,1576.271627596916,1538.355165420368,1548.857421875,6799047,1737.369033203125,1590.509849037109,1643.3952245196554,32.19233248779172,-52.88537548254635,-67129486.57380973,414557673.0,14.667813792850845,26.30400612640153,46.440386279182,1713.83882050576,1510.91850371299,41.08540255148869,1317.793167572488
